#{"t_start": 1764787633.4466062, "env_id": "None"}
r,l,t,success
-3.222801,323,0.896817,False
3.075662,414,1.175265,False
2.257515,247,1.340156,False
-0.418412,251,1.514622,False
6.525212,292,1.704225,False
2.121332,267,1.878219,False
-2.093842,358,4.384736,False
0.839396,281,4.572082,False
10.730686,285,4.759973,False
0.107097,291,4.959682,False
19.137631,286,5.151156,False
9.35832,269,5.327716,False
9.121335,280,5.520039,False
-2.734009,335,8.244738,False
1.357329,304,8.473651,False
8.144801,305,8.691712,False
5.020796,278,8.885876,False
12.916574,308,9.089587,False
7.16543,283,9.275599,False
13.883149,276,9.467646,False
2.579772,315,12.259635,False
2.919333,266,12.442416,False
2.445811,286,12.661239,False
3.966379,304,12.892215,False
4.006214,276,13.111848,False
2.57695,277,13.346062,False
1.841463,280,13.567376,False
2.311436,281,16.240083,False
6.763413,292,16.445186,False
9.900605,269,16.635997,False
4.531358,290,16.838062,False
4.400076,275,17.038723,False
13.403997,271,17.229381,False
8.719882,272,17.428591,False
6.57265,288,17.654931,False
5.182068,285,20.133855,False
6.165447,279,20.323498,False
9.677782,285,20.514683,False
9.407084,311,20.719268,False
7.850366,289,20.924493,False
4.294005,294,21.128628,False
16.305889,286,21.411621,False
6.398694,308,24.021873,False
7.338524,290,24.224008,False
6.281513,286,24.413645,False
14.491872,291,24.604896,False
13.862788,284,24.794438,False
7.730072,283,24.987934,False
11.026148,311,25.203697,False
7.489848,296,27.607284,False
8.79876,303,27.824199,False
10.521323,292,28.025049,False
7.630723,288,28.219922,False
7.515803,290,28.425661,False
9.543254,296,28.631124,False
9.992226,305,28.84713,False
12.220926,313,31.591837,False
8.824185,300,31.84909,False
9.851095,294,32.069347,False
16.09832,305,32.284831,False
9.470927,303,32.504943,False
11.875458,301,32.72666,False
11.501933,306,35.394157,False
12.327843,308,35.625575,False
14.378637,303,35.855556,False
12.37235,306,36.076604,False
12.476833,301,36.296563,False
12.377479,303,36.522609,False
14.18195,303,36.741735,False
11.60675,304,39.237896,False
13.057359,307,39.491536,False
13.436253,306,39.706653,False
12.84283,302,39.912289,False
12.471548,300,40.118282,False
13.661284,302,40.334619,False
13.965593,305,40.567541,False
13.26053,299,43.039755,False
14.353539,309,43.334799,False
14.046203,309,43.595508,False
14.325871,310,43.823186,False
14.297734,307,44.035047,False
13.811526,306,44.240922,False
14.352202,309,44.455766,False
14.552185,309,47.06326,False
14.473429,306,47.41475,False
14.955172,309,47.841251,False
15.500077,309,48.107835,False
13.588961,305,48.322966,False
14.599957,309,48.533597,False
15.008623,310,51.235002,False
15.810071,310,51.44999,False
16.184403,312,51.662288,False
15.949776,311,51.86552,False
15.83843,310,52.070574,False
15.917762,311,52.273702,False
15.218371,310,52.477005,False
15.712301,311,55.010853,False
16.192341,311,55.261356,False
15.864676,311,55.522453,False
15.833504,310,55.759608,False
16.402814,312,55.99131,False
16.390407,312,56.239653,False
15.710823,309,59.271619,False
16.860556,312,59.500229,False
16.192099,311,59.721626,False
16.74839,312,59.955885,False
16.821878,313,60.199478,False
16.195048,311,60.441233,False
16.64342,312,60.676785,False
16.96103,313,63.560336,False
16.830981,313,63.784103,False
16.670635,312,64.003224,False
16.701767,312,64.256142,False
16.660773,312,64.522663,False
16.782735,312,64.820748,False
16.765081,313,65.082344,False
16.817974,313,67.770179,False
17.053529,313,68.003205,False
16.955728,313,68.245097,False
16.842725,312,68.487408,False
17.179824,313,68.791236,False
16.767005,312,69.057757,False
16.960223,313,71.682788,False
17.090858,313,71.905016,False
17.157105,313,72.128378,False
17.144913,313,72.350569,False
17.121576,313,72.576137,False
17.118513,313,72.798698,False
17.024863,313,73.04698,False
16.918177,313,75.965011,False
17.338614,314,76.201476,False
17.000189,313,76.428763,False
17.273284,313,76.658756,False
17.151886,313,76.886709,False
16.938409,313,77.12686,False
17.118688,313,79.861407,False
17.096758,313,80.163873,False
17.200402,313,80.412616,False
17.148382,313,80.643848,False
17.160438,313,80.88528,False
17.056558,313,81.11482,False
17.16621,313,81.34623,False
17.296014,313,83.886948,False
17.291269,314,84.117488,False
17.372453,314,84.432658,False
17.371382,314,84.735281,False
17.354708,314,84.981473,False
17.391294,314,85.214749,False
17.37045,314,87.976941,False
17.357296,314,88.24388,False
17.390604,314,88.481796,False
17.380514,314,88.712027,False
17.06527,313,88.939221,False
17.425999,314,89.167347,False
17.310686,314,89.405699,False
17.075015,313,91.974161,False
17.370081,314,92.244231,False
17.498847,314,92.497399,False
17.447423,314,92.763941,False
17.347347,314,93.09064,False
17.389499,314,93.372318,False
17.414887,314,95.941779,False
17.584831,314,96.176198,False
17.489593,314,96.422526,False
17.60487,314,96.676552,False
17.570029,314,96.908361,False
17.494091,314,97.129947,False
17.48633,314,97.349195,False
17.462998,314,100.153644,False
17.222523,313,100.44202,False
17.466577,314,100.705695,False
17.562687,314,100.951559,False
17.49843,314,101.190149,False
17.488735,314,101.431296,False
17.510752,314,104.25551,False
17.542498,314,104.646646,False
17.554312,314,104.994024,False
17.568492,314,105.24527,False
17.693459,314,105.483287,False
17.544107,314,105.716206,False
17.492514,314,105.947481,False
17.549713,314,108.655374,False
17.547525,314,108.898526,False
17.575811,314,109.128924,False
17.488042,314,109.367785,False
17.580909,314,109.600206,False
17.513511,314,109.839176,False
17.596324,314,112.75533,False
17.646452,314,112.989868,False
17.596022,314,113.227128,False
17.699278,314,113.477836,False
17.600834,314,113.806524,False
17.574596,314,114.100515,False
17.588336,314,114.346717,False
17.726368,314,117.166546,False
17.556459,314,117.401059,False
17.578785,314,117.632158,False
17.731698,314,117.868879,False
17.609377,314,118.102574,False
17.636069,314,118.345042,False
17.570944,314,121.432647,False
17.560374,314,121.718508,False
17.703402,314,122.02239,False
17.564605,314,122.266966,False
17.600016,314,122.50742,False
17.700257,314,122.741062,False
17.620675,314,122.97984,False
17.645059,314,126.020397,False
17.609505,314,126.263881,False
17.606629,314,126.500372,False
17.57831,314,126.762117,False
17.641976,314,127.013431,False
17.565541,314,127.280714,False
17.729528,314,129.95912,False
17.629831,314,130.215674,False
17.711946,314,130.483451,False
17.574564,314,130.712578,False
17.743027,314,130.981636,False
17.710283,314,131.300433,False
17.602234,314,131.596047,False
17.671174,314,134.034314,False
17.694863,314,134.243775,False
17.578641,314,134.450017,False
17.599557,314,134.670806,False
17.621347,314,134.890583,False
17.693865,314,135.114499,False
17.705215,314,135.41098,False
17.576484,314,137.945555,False
17.601853,314,138.151902,False
17.602485,314,138.37105,False
17.59515,314,138.592751,False
17.630605,314,138.810004,False
17.727027,314,139.033894,False
17.59878,314,141.710116,False
17.582117,314,141.994381,False
17.736626,314,142.299805,False
17.566513,314,142.606598,False
17.649262,314,142.868792,False
17.646308,314,143.115957,False
17.603244,314,143.356959,False
17.604083,314,146.504001,False
17.627233,314,146.795342,False
17.658213,314,147.024752,False
17.598221,314,147.308298,False
17.621626,314,147.58439,False
17.613547,314,147.889734,False
17.608386,314,150.748735,False
17.747125,314,151.008776,False
17.633876,314,151.25024,False
17.595691,314,151.493144,False
17.67639,314,151.724024,False
17.60405,314,151.9522,False
17.61151,314,152.210074,False
17.604358,314,154.981229,False
17.720277,314,155.241726,False
17.604834,314,155.538706,False
17.623901,314,155.8891,False
17.619684,314,156.265865,False
17.623354,314,156.503927,False
17.6881,314,159.599989,False
17.634546,314,159.848581,False
17.607413,314,160.108917,False
17.666335,314,160.426413,False
17.701814,314,160.73256,False
17.606377,314,160.967174,False
17.604129,314,161.185594,False
17.631455,314,164.136063,False
17.683633,314,164.390473,False
17.695442,314,164.615125,False
17.60961,314,164.853344,False
17.617204,314,165.090164,False
17.6143,314,165.355707,False
17.672577,314,168.186367,False
17.747236,314,168.46661,False
17.649776,314,168.716265,False
17.60111,314,168.94684,False
17.733971,314,169.165017,False
17.604466,314,169.380604,False
17.603287,314,169.633813,False
17.633414,314,172.41555,False
17.744715,314,172.731166,False
17.634629,314,173.020038,False
17.606452,314,173.24557,False
17.740946,314,173.459329,False
17.670525,314,173.696437,False
17.594257,314,176.704101,False
17.687392,314,176.932877,False
17.603179,314,177.158462,False
17.630174,314,177.376516,False
17.697002,314,177.632416,False
17.606799,314,177.905056,False
17.615336,314,178.264267,False
17.746222,314,180.983962,False
17.723396,314,181.200468,False
17.605071,314,181.451768,False
17.65821,314,181.699149,False
17.707014,314,181.929602,False
17.614655,314,182.167225,False
17.648532,314,184.77986,False
17.68164,314,185.038379,False
17.746675,314,185.32425,False
17.610161,314,185.641234,False
17.603107,314,185.880748,False
17.649771,314,186.106144,False
17.645198,314,186.370148,False
17.713588,314,189.400681,False
17.581056,314,189.612581,False
17.60547,314,189.81823,False
17.633068,314,190.02982,False
17.614662,314,190.282091,False
17.693662,314,190.54197,False
17.605289,314,193.624858,False
17.596617,314,193.840095,False
17.746149,314,194.054655,False
17.747342,314,194.276021,False
17.606516,314,194.49325,False
17.60403,314,194.720328,False
17.604684,314,194.962614,False
17.62137,314,197.905115,False
17.580319,314,198.155478,False
17.73048,314,198.400312,False
17.622714,314,198.632198,False
17.746589,314,198.881115,False
17.746108,314,199.137374,False
17.604102,314,202.072063,False
17.684544,314,202.295164,False
17.710833,314,202.516595,False
17.605765,314,202.747576,False
17.615081,314,202.979138,False
17.682331,314,203.209721,False
17.618474,314,203.438006,False
17.616793,314,206.360315,False
17.73245,314,206.589763,False
17.629778,314,206.817478,False
17.654117,314,207.049776,False
17.604177,314,207.28034,False
17.726383,314,207.504918,False
17.609478,314,210.018758,False
17.609959,314,210.237605,False
17.625354,314,210.456648,False
17.620842,314,210.68306,False
17.604251,314,210.907989,False
17.62278,314,211.119606,False
17.640294,314,211.325778,False
17.603763,314,213.867222,False
17.717315,314,214.084916,False
17.603903,314,214.300312,False
17.595395,314,214.519826,False
17.60502,314,214.81471,False
17.676959,314,215.143861,False
17.611143,314,217.917133,False
17.64363,314,218.217218,False
17.737984,314,218.496476,False
17.607392,314,218.741956,False
17.630275,314,218.961662,False
17.613528,314,219.188575,False
17.724369,314,219.418036,False
17.690717,314,222.304346,False
17.670814,314,222.516079,False
17.679664,314,222.723417,False
17.61124,314,222.934011,False
17.631897,314,223.143774,False
17.656333,314,223.354617,False
17.730363,314,225.818384,False
17.604207,314,226.033217,False
17.66693,314,226.248043,False
17.74432,314,226.458789,False
17.624012,314,226.67914,False
17.612773,314,226.892474,False
17.702113,314,227.100628,False
17.681782,314,229.5969,False
17.620499,314,229.815237,False
17.742851,314,230.033386,False
17.662669,314,230.245865,False
17.655938,314,230.472231,False
17.593096,314,230.769967,False
17.590486,314,231.666497,False
17.746653,314,234.882154,False
17.611048,314,235.316229,False
17.74868,314,235.658723,False
17.63602,314,236.005739,False
17.607445,314,236.347291,False
17.618797,314,236.718282,False
17.604123,314,240.14384,False
17.62304,314,240.404338,False
17.730705,314,240.681056,False
17.739812,314,241.036909,False
17.608501,314,241.620469,False
17.64953,314,241.884211,False
17.59346,314,242.161914,False
17.604224,314,245.051557,False
17.604092,314,245.302945,False
17.722241,314,245.549311,False
17.706362,314,245.792072,False
17.639398,314,246.054541,False
17.742468,314,246.393355,False
17.653302,314,249.401422,False
17.747178,314,249.857115,False
17.604156,314,250.198351,False
17.624348,314,250.467997,False
17.719617,314,250.729919,False
17.607341,314,250.99028,False
17.630592,314,251.233648,False
17.677531,314,253.881247,False
17.740943,314,254.112589,False
17.606569,314,254.399818,False
17.70415,314,254.74466,False
17.639413,314,255.0679,False
17.604368,314,255.407217,False
17.639104,314,258.458469,False
17.744481,314,258.861645,False
17.639034,314,259.195083,False
17.654427,314,259.472495,False
17.605565,314,259.727936,False
17.608302,314,259.979946,False
17.607032,314,260.230533,False
17.628419,314,262.925174,False
17.630656,314,263.192056,False
17.600147,314,263.428787,False
17.605499,314,263.656622,False
17.603685,314,263.8775,False
17.604167,314,264.096337,False
17.688473,314,266.721913,False
17.70008,314,266.979758,False
17.746613,314,267.20167,False
17.611441,314,267.432459,False
17.612699,314,267.653774,False
17.675757,314,267.874765,False
17.705704,314,268.092176,False
17.610254,314,271.218708,False
17.697209,314,271.447287,False
17.703636,314,271.694592,False
17.598859,314,271.932173,False
17.606542,314,272.165634,False
17.599795,314,272.540603,False
17.606,314,276.694852,False
17.727546,314,276.997958,False
17.746988,314,277.799787,False
17.748516,314,278.107567,False
17.649963,314,278.496497,False
17.636538,314,278.984585,False
17.604033,314,279.319276,False
17.604838,314,282.415039,False
17.749307,314,282.892896,False
17.659971,314,283.296114,False
17.60401,314,283.566021,False
17.69531,314,283.815062,False
17.690018,314,284.04986,False
17.644284,314,286.875964,False
17.60416,314,287.100585,False
17.607368,314,287.361382,False
17.610075,314,287.629476,False
17.653565,314,287.864249,False
17.629637,314,288.098111,False
17.701393,314,288.323998,False
17.604035,314,290.960824,False
17.668438,314,291.235485,False
17.68265,314,291.494168,False
17.6728,314,291.721346,False
17.605932,314,291.960882,False
17.60412,314,292.2159,False
17.748364,314,295.019809,False
17.604004,314,295.234693,False
17.608289,314,295.454518,False
17.6218,314,295.67775,False
17.604925,314,295.889195,False
17.630216,314,296.113391,False
17.607877,314,296.322652,False
17.641393,314,300.417205,False
17.614639,314,300.675485,False
17.633555,314,300.922937,False
17.60986,314,301.392962,False
17.604537,314,301.699671,False
17.605824,314,301.99307,False
17.716346,314,304.417577,False
17.608569,314,304.628451,False
17.629962,314,304.842968,False
17.695954,314,305.052505,False
17.605129,314,305.278222,False
17.645646,314,305.495512,False
17.604102,314,305.706616,False
17.634001,314,308.265777,False
17.746313,314,308.496635,False
17.616182,314,308.720172,False
17.604035,314,308.94494,False
17.640637,314,309.186567,False
17.675128,314,309.411664,False
17.688948,314,311.985633,False
17.605403,314,312.22895,False
17.72236,314,312.486995,False
17.747594,314,312.817481,False
17.747874,314,313.095096,False
17.622417,314,313.327613,False
17.710617,314,313.557382,False
17.60431,314,316.154711,False
17.68875,314,316.404976,False
17.742353,314,316.63643,False
17.623322,314,316.870295,False
17.604004,314,317.099303,False
17.63387,314,317.338113,False
17.741046,314,320.014521,False
17.606665,314,320.247118,False
17.748453,314,320.476783,False
17.693276,314,320.708206,False
17.611128,314,320.93426,False
17.623931,314,321.15567,False
17.626071,314,321.377887,False
17.604035,314,324.118419,False
17.607477,314,324.338763,False
17.68628,314,324.601015,False
17.72156,314,324.871862,False
17.604072,314,325.164924,False
17.683659,314,325.465357,False
17.746852,314,325.689846,False
17.738582,314,328.371899,False
17.658695,314,328.638558,False
17.749117,314,328.881137,False
17.604032,314,329.13724,False
17.686168,314,329.382478,False
17.607578,314,329.638756,False
17.692359,314,332.323269,False
17.604571,314,332.573369,False
17.602889,314,332.883615,False
17.742847,314,333.139187,False
17.60402,314,333.365756,False
17.692992,314,333.647947,False
17.605517,314,333.937689,False
17.604342,314,336.678858,False
17.661349,314,336.899346,False
17.746399,314,337.144527,False
17.661049,314,337.368581,False
17.74397,314,337.642293,False
17.622741,314,337.923061,False
17.60412,314,340.724357,False
17.623863,314,340.947808,False
17.629988,314,341.176131,False
17.746689,314,341.404362,False
17.747947,314,341.636041,False
17.604576,314,341.90886,False
17.648616,314,342.196785,False
17.744322,314,344.731828,False
17.619431,314,344.950458,False
17.623542,314,345.170031,False
17.675118,314,345.384049,False
17.62337,314,345.59531,False
17.673087,314,345.806459,False
17.605847,314,348.546566,False
17.641026,314,348.769436,False
17.604102,314,349.001578,False
17.62776,314,349.228648,False
17.618193,314,349.49596,False
17.747687,314,349.77187,False
17.639687,314,350.018588,False
17.72956,314,352.55875,False
17.656645,314,352.801608,False
17.604005,314,353.033884,False
17.715915,314,353.250722,False
17.746432,314,353.465146,False
17.689818,314,353.696554,False
17.747647,314,356.350238,False
17.60698,314,356.594914,False
17.604181,314,356.832878,False
17.616579,314,357.101066,False
17.6288,314,357.388704,False
17.647847,314,357.644785,False
17.685068,314,357.881869,False
17.633739,314,360.58605,False
17.69249,314,360.841977,False
17.653994,314,361.17292,False
17.74232,314,361.486355,False
17.692228,314,361.745682,False
17.746092,314,361.97909,False
17.62638,314,364.596528,False
17.685953,314,364.879548,False
17.718598,314,365.102802,False
17.689928,314,365.324333,False
17.604007,314,365.550308,False
17.604711,314,365.769944,False
17.744543,314,366.000002,False
17.613091,314,368.774237,False
17.665056,314,368.996076,False
17.723631,314,369.23073,False
17.747903,314,369.462694,False
17.614916,314,369.739069,False
17.68932,314,370.038092,False
17.63153,314,372.563793,False
17.604697,314,372.786977,False
17.628267,314,373.022397,False
17.690917,314,373.265304,False
17.748125,314,373.490375,False
17.620358,314,373.716247,False
17.700066,314,373.991891,False
17.747633,314,376.703724,False
17.604569,314,376.919819,False
17.613173,314,377.156223,False
17.646217,314,377.391418,False
17.748622,314,377.650076,False
17.605174,314,377.912253,False
17.604067,314,380.360562,False
17.633246,314,380.57819,False
17.747604,314,380.794957,False
17.693972,314,381.002754,False
17.749464,314,381.229861,False
17.615275,314,381.46137,False
17.609162,314,381.6914,False
17.670992,314,384.486353,False
17.637627,314,384.737126,False
17.615502,314,385.028011,False
17.620091,314,385.260402,False
17.748885,314,385.477574,False
17.604617,314,385.685418,False
17.627195,314,388.356212,False
17.60607,314,388.570617,False
17.604024,314,388.786435,False
17.614129,314,388.998409,False
17.748623,314,389.212917,False
17.60799,314,389.432611,False
17.610885,314,389.645555,False
17.614615,314,392.281785,False
17.656122,314,392.499651,False
17.604112,314,392.746882,False
17.605091,314,393.001934,False
17.737584,314,393.229827,False
17.713402,314,393.457707,False
17.684415,314,396.143849,False
17.679253,314,396.368158,False
17.604085,314,396.582428,False
17.747652,314,396.807326,False
17.689721,314,397.021527,False
17.672194,314,397.258417,False
17.604385,314,397.485771,False
17.652003,314,400.29262,False
17.604355,314,400.519772,False
17.694726,314,400.733939,False
17.63739,314,400.951184,False
17.694463,314,401.180951,False
17.70134,314,401.41206,False
17.604965,314,404.094698,False
17.604245,314,404.304931,False
17.606163,314,404.525274,False
17.621498,314,404.731593,False
17.709949,314,404.93625,False
17.610054,314,405.148684,False
17.626064,314,405.369288,False
17.620128,314,408.021777,False
17.628276,314,408.27752,False
17.673086,314,408.498784,False
17.714438,314,408.708913,False
17.634436,314,408.937309,False
17.748855,314,409.156699,False
17.633962,314,411.723245,False
17.642412,314,411.948829,False
17.748471,314,412.175152,False
17.749591,314,412.436567,False
17.74729,314,412.675897,False
17.622856,314,412.986957,False
17.624166,314,413.261368,False
17.607582,314,415.827892,False
17.661708,314,416.05117,False
17.620717,314,416.285085,False
17.715981,314,416.523224,False
17.612594,314,416.744796,False
17.74718,314,417.034029,False
17.670867,314,417.331514,False
17.648764,314,419.782943,False
17.748421,314,420.015463,False
17.620321,314,420.244364,False
17.74789,314,420.527071,False
17.612369,314,420.782829,False
17.696016,314,421.020237,False
17.693229,314,423.765261,False
17.70966,314,424.006033,False
17.674016,314,424.231886,False
17.664709,314,424.490333,False
17.6958,314,424.752935,False
17.74421,314,425.002607,False
17.604409,314,425.232074,False
17.711531,314,427.738764,False
17.659544,314,427.954097,False
17.669632,314,428.181723,False
17.68006,314,428.409412,False
17.748086,314,428.688402,False
17.629438,314,428.981778,False
17.747509,314,431.660915,False
17.61123,314,431.891045,False
17.748198,314,432.116863,False
17.697418,314,432.335658,False
17.604019,314,432.559868,False
17.609697,314,432.78032,False
17.614123,314,432.991868,False
17.747771,314,435.707402,False
17.627036,314,435.931936,False
17.748038,314,436.17197,False
17.748226,314,436.391494,False
17.622753,314,436.627523,False
17.654852,314,436.859352,False
17.609791,314,439.486731,False
17.722806,314,439.713765,False
17.604619,314,439.995434,False
17.745307,314,440.284466,False
17.614027,314,440.529593,False
17.678157,314,440.736904,False
17.604898,314,440.956458,False
17.640328,314,443.564736,False
17.608229,314,443.790331,False
17.701096,314,444.047956,False
17.677485,314,444.343469,False
17.661157,314,444.560828,False
17.604278,314,444.768954,False
17.613583,314,447.395582,False
17.681028,314,447.630563,False
17.606777,314,447.885545,False
17.610028,314,448.129643,False
17.625134,314,448.3481,False
17.639461,314,448.560102,False
17.605922,314,448.768575,False
17.749443,314,451.399424,False
17.635255,314,451.630934,False
17.616448,314,451.848952,False
17.618221,314,452.111559,False
17.637252,314,452.412549,False
17.626103,314,452.634033,False
17.746488,314,455.246151,False
17.637386,314,455.459047,False
17.607193,314,455.665236,False
17.748046,314,455.876965,False
17.746976,314,456.091601,False
17.747881,314,456.333374,False
17.714342,314,456.562059,False
17.619706,314,459.23557,False
17.747711,314,459.485488,False
17.700978,314,459.695673,False
17.645011,314,459.906873,False
17.688522,314,460.123696,False
17.691418,314,460.336517,False
17.748554,314,462.909514,False
17.748826,314,463.116686,False
17.604034,314,463.326177,False
17.615092,314,463.545861,False
17.743472,314,463.766244,False
17.747716,314,463.993847,False
17.717766,314,464.212677,False
17.656429,314,466.768525,False
17.746637,314,467.06339,False
17.746909,314,467.333265,False
17.604404,314,467.628362,False
17.686798,314,467.865841,False
17.747442,314,468.098723,False
17.748559,314,470.690584,False
17.748536,314,470.923845,False
17.607399,314,471.149349,False
17.663773,314,471.419658,False
17.683511,314,471.69107,False
17.608434,314,471.940167,False
17.604911,314,472.154568,False
17.617204,314,474.669934,False
17.637171,314,474.886147,False
17.62791,314,475.099956,False
17.617613,314,475.317868,False
17.748624,314,475.530059,False
17.673001,314,475.749105,False
17.749329,314,478.37325,False
17.748666,314,478.608913,False
17.747604,314,478.823681,False
17.728559,314,479.149038,False
17.619823,314,479.457246,False
17.748118,314,479.690265,False
17.681481,314,479.899886,False
17.612782,314,482.443677,False
17.610769,314,482.657514,False
17.606117,314,482.874691,False
17.608307,314,483.107297,False
17.616295,314,483.345824,False
17.670023,314,483.636568,False
17.743505,314,486.225441,False
17.628925,314,486.437471,False
17.740116,314,486.66357,False
17.7458,314,486.88412,False
17.741742,314,487.122606,False
17.621326,314,487.374323,False
17.679903,314,487.607371,False
17.74802,314,490.205169,False
17.713656,314,490.440363,False
17.636557,314,490.656672,False
17.748813,314,490.871519,False
17.604006,314,491.076476,False
17.633464,314,491.302115,False
17.743041,314,493.909982,False
17.666357,314,494.165806,False
17.665492,314,494.441317,False
17.748517,314,494.705953,False
17.748272,314,494.916486,False
17.745322,314,495.119295,False
17.747115,314,495.326833,False
17.748681,314,497.981174,False
17.748409,314,498.20617,False
17.604061,314,498.414402,False
17.605897,314,498.629352,False
17.696269,314,498.834559,False
17.748106,314,499.064518,False
17.749082,314,501.722884,False
17.639375,314,501.941185,False
17.606691,314,502.167873,False
17.673965,314,502.390172,False
17.734093,314,502.650658,False
17.611922,314,502.928058,False
17.746516,314,503.159774,False
17.69843,314,505.764601,False
17.747945,314,505.970708,False
17.644044,314,506.199874,False
17.700626,314,506.436664,False
17.748356,314,506.674405,False
17.634713,314,506.954502,False
17.607372,314,507.190171,False
17.74889,314,509.714852,False
17.748408,314,509.921079,False
17.658762,314,510.131852,False
17.676511,314,510.349504,False
17.639896,314,510.563499,False
17.683516,314,510.777433,False
17.748365,314,513.421843,False
17.748813,314,513.626844,False
17.607942,314,513.846654,False
17.749097,314,514.062623,False
17.611555,314,514.274786,False
17.620945,314,514.49198,False
17.607629,314,514.726818,False
17.748533,314,517.372146,False
17.636863,314,517.592946,False
17.740062,314,517.807803,False
17.748714,314,518.0282,False
17.608031,314,518.242662,False
17.651234,314,518.457487,False
17.739933,314,520.894145,False
17.698246,314,521.113007,False
17.746281,314,521.335518,False
17.650685,314,521.551606,False
17.633915,314,521.765123,False
17.749005,314,521.977314,False
17.670123,314,522.190467,False
17.703831,314,524.74866,False
17.612375,314,524.980966,False
17.66501,314,525.196586,False
17.623756,314,525.443889,False
17.607065,314,525.668711,False
17.625918,314,525.878515,False
17.748104,314,528.515764,False
17.725713,314,528.760385,False
17.607636,314,529.025852,False
17.747214,314,529.237317,False
17.674097,314,529.463805,False
17.604235,314,529.672559,False
17.607763,314,529.877655,False
17.747673,314,532.447669,False
17.638888,314,532.66195,False
17.717393,314,532.893986,False
17.698553,314,533.15,False
17.747578,314,533.414647,False
17.604262,314,533.675095,False
17.74808,314,536.192579,False
17.604031,314,536.412045,False
17.605634,314,536.640063,False
17.653521,314,536.899134,False
17.747964,314,537.140286,False
17.604329,314,537.354532,False
17.604082,314,537.605539,False
17.748199,314,540.259998,False
17.665454,314,540.467652,False
17.688798,314,540.705444,False
17.683377,314,540.926731,False
17.612159,314,541.177664,False
17.732151,314,541.421494,False
17.705731,314,543.901499,False
17.620707,314,544.108713,False
17.60936,314,544.320414,False
17.742273,314,544.544058,False
17.747947,314,544.817187,False
17.607332,314,545.067711,False
17.748212,314,545.296682,False
17.635038,314,547.877257,False
17.747613,314,548.091885,False
17.606777,314,548.311525,False
17.614499,314,548.523518,False
17.612538,314,548.730626,False
17.748333,314,548.95366,False
17.747646,314,551.410956,False
17.606239,314,551.640321,False
17.742778,314,551.851699,False
17.712581,314,552.113625,False
17.747404,314,552.379497,False
17.652354,314,552.637584,False
17.604692,314,552.858316,False
17.605331,314,555.436589,False
17.604255,314,555.642524,False
17.747243,314,555.874726,False
17.604532,314,556.089036,False
17.747915,314,556.38139,False
17.742466,314,556.63095,False
17.659813,314,559.156994,False
17.620227,314,559.366457,False
17.748338,314,559.601976,False
17.611107,314,559.829019,False
17.60987,314,560.05899,False
17.748495,314,560.352739,False
17.748769,314,560.590299,False
17.747853,314,563.101313,False
17.748356,314,563.315684,False
17.696021,314,563.529261,False
17.663326,314,563.772956,False
17.748226,314,563.996664,False
17.748008,314,564.276773,False
17.609863,314,566.989793,False
17.612233,314,567.201433,False
17.664034,314,567.415306,False
17.60468,314,567.627379,False
17.747576,314,567.859047,False
17.605172,314,568.072549,False
17.747547,314,568.354135,False
17.706594,314,570.961288,False
17.706776,314,571.196271,False
17.737842,314,571.421585,False
17.605915,314,571.714519,False
17.748399,314,571.962411,False
17.747326,314,572.183202,False
17.746305,314,574.704697,False
17.692249,314,575.008834,False
17.604134,314,575.284495,False
17.746677,314,575.516014,False
17.618381,314,575.751664,False
17.635972,314,575.966738,False
17.70522,314,576.193754,False
17.633504,314,578.817642,False
17.747716,314,579.036658,False
17.748209,314,579.24272,False
17.747722,314,579.451518,False
17.702559,314,579.658507,False
17.623558,314,579.882273,False
17.714295,314,582.436328,False
17.74844,314,582.642125,False
17.626074,314,582.856306,False
17.634382,314,583.097591,False
17.741768,314,583.315657,False
17.748496,314,583.57148,False
17.747316,314,583.82041,False
17.739693,314,586.30966,False
17.647751,314,586.517509,False
17.641286,314,586.728686,False
17.748743,314,586.942173,False
17.712866,314,587.174225,False
17.604883,314,587.429823,False
17.604301,314,590.084521,False
17.747682,314,590.321409,False
17.679463,314,590.572482,False
17.636492,314,590.808589,False
17.746937,314,591.025791,False
17.664568,314,591.280103,False
17.747275,314,591.492649,False
17.668753,314,594.181858,False
17.746875,314,594.447087,False
17.748733,314,594.668629,False
17.747883,314,594.879558,False
17.610968,314,595.098432,False
17.605938,314,595.334356,False
17.614523,314,595.558879,False
17.747913,314,598.248742,False
17.718663,314,598.461617,False
17.748051,314,598.669686,False
17.682669,314,598.877829,False
17.748399,314,599.084638,False
17.747837,314,599.317574,False
17.722431,314,602.114023,False
17.694294,314,602.322508,False
17.74719,314,602.541549,False
17.606379,314,602.749453,False
17.747674,314,602.956886,False
17.637325,314,603.172464,False
17.687329,314,603.387748,False
17.723341,314,605.979923,False
17.601976,314,606.221511,False
17.647659,314,606.440304,False
17.740179,314,606.651994,False
17.748259,314,606.869073,False
17.748085,314,607.082191,False
17.630272,314,609.479353,False
17.605387,314,609.690864,False
17.626935,314,609.906638,False
17.742487,314,610.131862,False
17.699232,314,610.345899,False
17.745371,314,610.569614,False
17.724115,314,610.808838,False
17.728355,314,613.422851,False
17.646837,314,613.70176,False
17.748333,314,613.938939,False
17.748417,314,614.152722,False
17.748245,314,614.367719,False
17.740309,314,614.594508,False
17.747734,314,617.090501,False
17.747407,314,617.30717,False
17.748579,314,617.523009,False
17.690252,314,617.755897,False
17.747881,314,617.995636,False
17.74364,314,618.290327,False
17.748877,314,618.612388,False
17.748083,314,621.214378,False
17.719492,314,621.434386,False
17.746591,314,621.647704,False
17.739677,314,621.865567,False
17.748775,314,622.08379,False
17.74906,314,622.296956,False
17.748429,314,624.846944,False
17.747959,314,625.067762,False
17.748978,314,625.325397,False
17.748532,314,625.581717,False
17.606927,314,625.800732,False
17.649525,314,626.028942,False
17.748255,314,626.248581,False
17.604084,314,628.811699,False
17.604898,314,629.095485,False
17.64528,314,629.361778,False
17.746587,314,629.577574,False
17.70642,314,629.781291,False
17.746552,314,629.988559,False
17.747066,314,632.552964,False
17.748417,314,632.765289,False
17.74865,314,632.968466,False
17.748189,314,633.180484,False
17.613602,314,633.386328,False
17.748545,314,633.602075,False
17.748905,314,633.823258,False
17.748404,314,636.486147,False
17.628648,314,636.741911,False
17.74189,314,636.964849,False
17.749069,314,637.171514,False
17.747645,314,637.375913,False
17.748944,314,637.581948,False
17.741795,314,640.240661,False
17.745532,314,640.520937,False
17.630934,314,640.779722,False
17.748179,314,641.014019,False
17.748655,314,641.225802,False
17.747213,314,641.440048,False
17.657883,314,641.663569,False
17.742033,314,644.401352,False
17.672422,314,644.690442,False
17.748599,314,644.912553,False
17.748202,314,645.122663,False
17.747716,314,645.326728,False
17.748884,314,645.537956,False
17.74814,314,648.094769,False
17.748107,314,648.326132,False
17.748176,314,648.540539,False
17.642992,314,648.802467,False
17.748618,314,649.095362,False
17.748592,314,649.330976,False
17.744265,314,649.54921,False
17.749186,314,652.101029,False
17.623613,314,652.37877,False
17.748404,314,652.596189,False
17.636453,314,652.805346,False
17.748008,314,653.03935,False
17.749324,314,653.254787,False
17.749157,314,655.783922,False
17.748667,314,655.990484,False
17.60614,314,656.195671,False
17.747528,314,656.440784,False
17.748477,314,656.687886,False
17.747921,314,656.954162,False
17.748618,314,657.206643,False
17.624324,314,659.747668,False
17.746615,314,659.962491,False
17.747645,314,660.17752,False
17.658192,314,660.390601,False
17.747897,314,660.60853,False
17.748145,314,660.824344,False
17.748239,314,663.325626,False
17.747784,314,663.568297,False
17.748465,314,663.811734,False
17.7489,314,664.091768,False
17.748677,314,664.324241,False
17.748313,314,664.543405,False
17.748248,314,664.765274,False
17.743094,314,667.343955,False
17.678808,314,667.575555,False
17.747667,314,667.841559,False
17.748141,314,668.10397,False
17.747805,314,668.32828,False
17.745715,314,668.540692,False
17.748879,314,671.151123,False
17.71559,314,671.36572,False
17.722161,314,671.592918,False
17.748182,314,671.837892,False
17.7441,314,672.093622,False
17.748908,314,672.37799,False
17.748072,314,672.616732,False
17.748208,314,675.151826,False
17.748085,314,675.363944,False
17.74802,314,675.58759,False
17.747956,314,675.816601,False
17.74869,314,676.052638,False
17.748629,314,676.320746,False
17.748417,314,676.617837,False
17.747649,314,679.189457,False
17.607007,314,679.461455,False
17.748407,314,679.719528,False
17.748221,314,679.98918,False
17.748684,314,680.243711,False
17.65034,314,680.474522,False
17.628921,314,683.236254,False
17.606628,314,683.47128,False
17.748188,314,683.727799,False
17.605934,314,684.02472,False
17.7482,314,684.259709,False
17.7485,314,684.472289,False
17.748296,314,684.680256,False
17.747894,314,687.448522,False
17.74621,314,687.661791,False
17.748101,314,687.878795,False
17.748416,314,688.113012,False
17.74769,314,688.346005,False
17.748461,314,688.662899,False
17.747651,314,691.384966,False
17.747636,314,691.706069,False
17.747207,314,691.927308,False
17.748165,314,692.141834,False
17.74809,314,692.368035,False
17.726292,314,692.578418,False
17.748214,314,692.786371,False
17.748309,314,695.440746,False
17.748006,314,695.64588,False
17.630151,314,695.854118,False
17.748097,314,696.06101,False
17.748367,314,696.28427,False
17.748182,314,696.520299,False
17.748453,314,699.078241,False
17.748576,314,699.290852,False
17.748386,314,699.523723,False
17.727358,314,699.757813,False
17.748414,314,700.021727,False
17.748647,314,700.288776,False
17.747719,314,700.516132,False
17.748636,314,703.077937,False
17.74826,314,703.283148,False
17.748576,314,703.493356,False
17.742783,314,703.70616,False
17.748308,314,703.91651,False
17.737297,314,704.127733,False
17.748101,314,706.799966,False
17.747991,314,707.050728,False
17.748474,314,707.3164,False
17.748251,314,707.539183,False
17.747545,314,707.75295,False
17.700367,314,707.977656,False
17.745365,314,708.238406,False
17.747985,314,710.821895,False
17.748595,314,711.053167,False
17.749274,314,711.271847,False
17.74785,314,711.489214,False
17.748389,314,711.71408,False
17.74798,314,711.948223,False
17.74928,314,714.682775,False
17.747809,314,714.920357,False
17.748488,314,715.137161,False
17.748549,314,715.36317,False
17.747733,314,715.586686,False
17.748689,314,715.80127,False
17.748547,314,716.011086,False
17.747782,314,718.427508,False
17.748346,314,718.640573,False
17.748525,314,718.86235,False
17.748191,314,719.071412,False
17.747751,314,719.283338,False
17.748015,314,719.521247,False
17.748021,314,722.190411,False
17.60735,314,722.417231,False
17.745199,314,722.65619,False
17.74789,314,722.904003,False
17.748026,314,723.200583,False
17.748671,314,723.515391,False
17.749079,314,723.809896,False
17.609817,314,726.393922,False
17.746795,314,726.687122,False
17.747551,314,726.945149,False
17.748763,314,727.171332,False
17.747862,314,727.379414,False
17.748967,314,727.58398,False
17.749013,314,730.142354,False
17.749453,314,730.363243,False
17.748023,314,730.577419,False
17.748694,314,730.85346,False
17.748477,314,731.128982,False
17.748039,314,731.389579,False
17.748971,314,731.59461,False
17.747672,314,734.213811,False
17.748722,314,734.428548,False
17.624086,314,734.674449,False
17.747832,314,734.926547,False
17.748698,314,735.147734,False
17.749034,314,735.358615,False
17.748015,314,738.263003,False
17.748903,314,738.528359,False
17.748552,314,738.774684,False
17.747548,314,739.00236,False
17.745925,314,739.223969,False
17.748233,314,739.448479,False
17.748178,314,739.670125,False
17.747855,314,742.327754,False
17.747965,314,742.574159,False
17.748224,314,742.786026,False
17.748257,314,742.991746,False
17.67906,314,743.201508,False
17.748779,314,743.433827,False
17.74787,314,746.151888,False
17.748662,314,746.393821,False
17.748251,314,746.670181,False
17.748467,314,746.915276,False
17.747836,314,747.125715,False
17.748485,314,747.331309,False
17.747997,314,747.543696,False
17.744148,314,750.305504,False
17.747501,314,750.523004,False
17.746613,314,750.735203,False
17.748163,314,750.951625,False
17.749105,314,751.166107,False
17.74903,314,751.382683,False
17.748151,314,754.214907,False
17.747916,314,754.432218,False
17.747643,314,754.641311,False
17.706808,314,754.847778,False
17.748433,314,755.076882,False
17.747756,314,755.288713,False
17.747874,314,755.632129,False
17.72354,314,758.200055,False
17.747305,314,758.426114,False
17.746704,314,758.647592,False
17.749229,314,758.859504,False
17.749249,314,759.075967,False
17.73487,314,759.291323,False
17.611181,314,761.856296,False
17.747875,314,762.095417,False
17.748269,314,762.344564,False
17.612608,314,762.572883,False
17.744102,314,762.861604,False
17.750459,314,763.144513,False
17.748447,314,763.399446,False
17.747788,314,765.98309,False
17.747509,314,766.204665,False
17.652915,314,766.481929,False
17.747871,314,766.740244,False
17.748121,314,766.976212,False
17.647231,314,767.20289,False
17.749429,314,767.420458,False
17.748559,314,769.956543,False
17.748811,314,770.167188,False
17.684488,314,770.382913,False
17.748281,314,770.686802,False
17.748305,314,770.978206,False
17.660653,314,771.252291,False
17.748326,314,773.714622,False
17.748347,314,773.9277,False
17.747754,314,774.160996,False
17.63304,314,774.389857,False
17.748299,314,774.611751,False
17.748549,314,774.964104,False
17.747997,314,775.201999,False
17.747856,314,777.745612,False
17.748149,314,777.959665,False
17.635761,314,778.161275,False
17.747946,314,778.361648,False
17.625026,314,778.568545,False
17.74803,314,778.800275,False
17.74775,314,781.445124,False
17.748867,314,781.663987,False
17.744436,314,781.873083,False
17.740738,314,782.082567,False
17.748275,314,782.300395,False
17.62943,314,782.535089,False
17.747395,314,782.821156,False
17.749081,314,785.291723,False
17.748441,314,785.497686,False
17.748342,314,785.715316,False
17.748168,314,785.919932,False
17.748254,314,786.123665,False
17.747939,314,786.327129,False
17.748215,314,789.073712,False
17.748034,314,789.310617,False
17.748268,314,789.578451,False
17.7486,314,789.803548,False
17.748302,314,790.00849,False
17.749508,314,790.210969,False
17.748304,314,790.418455,False
17.726159,314,793.096223,False
17.748278,314,793.335341,False
17.74811,314,793.549368,False
17.747691,314,793.749968,False
17.748216,314,793.952905,False
17.748049,314,794.161054,False
17.746611,314,796.84318,False
17.748799,314,797.063468,False
17.747835,314,797.283208,False
17.747876,314,797.502638,False
17.748851,314,797.726327,False
17.744034,314,797.944964,False
17.748065,314,798.217827,False
17.699794,314,800.872158,False
17.7473,314,801.099438,False
17.74823,314,801.326226,False
17.748484,314,801.545295,False
17.747591,314,801.788791,False
17.747818,314,802.056618,False
17.745901,314,804.959453,False
17.74864,314,805.176765,False
17.748446,314,805.4149,False
17.748964,314,805.667386,False
17.748332,314,805.929937,False
17.747915,314,806.161713,False
17.748479,314,806.383456,False
17.743891,314,808.949141,False
17.748315,314,809.169243,False
17.747806,314,809.396429,False
17.748587,314,809.690846,False
17.747404,314,809.97806,False
17.748002,314,810.244873,False
17.749051,314,813.013045,False
17.749156,314,813.238537,False
17.748393,314,813.45697,False
17.748399,314,813.681591,False
17.748457,314,813.899673,False
17.606653,314,814.116387,False
17.747639,314,814.368342,False
17.748263,314,816.973666,False
17.745034,314,817.227903,False
17.748369,314,817.511726,False
17.746307,314,817.854401,False
17.748233,314,818.144003,False
17.74859,314,818.377852,False
17.616299,314,821.286985,False
17.747697,314,821.530348,False
17.747856,314,821.787646,False
17.722186,314,822.04081,False
17.748423,314,822.390874,False
17.748234,314,822.673732,False
17.746873,314,822.906759,False
17.748956,314,825.641307,False
17.74779,314,825.863137,False
17.748355,314,826.095375,False
17.748205,314,826.352355,False
17.748738,314,826.607318,False
17.748581,314,826.871589,False
17.749043,314,829.655055,False
17.747462,314,829.90392,False
17.748085,314,830.176218,False
17.74784,314,830.424097,False
17.748603,314,830.732347,False
17.748186,314,831.040213,False
17.749015,314,831.277327,False
17.747881,314,833.854506,False
17.748382,314,834.070846,False
17.747991,314,834.315543,False
17.747742,314,834.546083,False
17.748938,314,834.83786,False
17.74818,314,835.138895,False
17.748331,314,837.859341,False
17.748407,314,838.13012,False
17.748219,314,838.391699,False
17.749091,314,838.612047,False
17.748506,314,838.830799,False
17.7486,314,839.043917,False
17.748246,314,839.255538,False
17.748391,314,841.990251,False
17.74865,314,842.270162,False
17.748117,314,842.535218,False
17.748206,314,842.761687,False
17.743468,314,842.97628,False
17.747743,314,843.190009,False
17.747748,314,845.882998,False
17.747608,314,846.192738,False
17.748517,314,846.423165,False
17.748073,314,846.648409,False
17.748654,314,846.861602,False
17.7485,314,847.069935,False
17.748241,314,847.28757,False
17.748578,314,850.012792,False
17.748631,314,850.272202,False
17.74806,314,850.504237,False
17.747633,314,850.72453,False
17.748604,314,850.945596,False
17.748486,314,851.184251,False
17.748094,314,853.93699,False
17.747838,314,854.164882,False
17.748051,314,854.377056,False
17.747803,314,854.594672,False
17.748107,314,854.825858,False
17.743966,314,855.067178,False
17.748254,314,855.32421,False
17.747798,314,857.982624,False
17.748457,314,858.193685,False
17.74926,314,858.418526,False
17.747948,314,858.65387,False
17.747781,314,858.939095,False
17.747821,314,859.269911,False
17.747863,314,859.513248,False
17.747847,314,862.172291,False
17.747786,314,862.440381,False
17.643482,314,862.704599,False
17.748381,314,862.9424,False
17.742686,314,863.163254,False
17.748372,314,863.381652,False
17.605339,314,865.996007,False
17.748238,314,866.213575,False
17.748723,314,866.460687,False
17.748277,314,866.687196,False
17.748561,314,866.907192,False
17.747916,314,867.168049,False
17.748276,314,867.482588,False
17.748299,314,870.203852,False
17.7483,314,870.453761,False
17.747522,314,870.715326,False
17.747851,314,870.97224,False
17.748105,314,871.260755,False
17.747523,314,871.521183,False
17.748664,314,874.129157,False
17.748152,314,874.356783,False
17.748136,314,874.585839,False
17.748087,314,874.810239,False
17.748553,314,875.042182,False
17.748802,314,875.267473,False
17.744944,314,875.497524,False
17.747625,314,878.086058,False
17.747899,314,878.305678,False
17.747919,314,878.537148,False
17.747566,314,878.758678,False
17.742122,314,878.971299,False
17.749036,314,879.180288,False
17.748975,314,881.945241,False
17.748191,314,882.196188,False
17.747515,314,882.429409,False
17.74802,314,882.638057,False
17.747995,314,882.845419,False
17.749628,314,883.068317,False
17.746882,314,883.29086,False
17.732676,314,885.82705,False
17.748798,314,886.05295,False
17.693067,314,886.288518,False
17.748034,314,886.505083,False
17.747731,314,886.776531,False
17.747416,314,887.053818,False
17.747873,314,889.802911,False
17.747989,314,890.024768,False
17.748256,314,890.260015,False
17.745348,314,890.523464,False
17.748534,314,890.777175,False
17.747975,314,891.002478,False
17.662033,314,891.218482,False
17.746846,314,893.947368,False
17.607904,314,894.221895,False
17.748175,314,894.463561,False
17.747965,314,894.676558,False
17.74864,314,894.886313,False
17.747673,314,895.107481,False
17.747962,314,897.754529,False
17.747841,314,897.97062,False
17.748005,314,898.183616,False
17.748655,314,898.394384,False
17.74868,314,898.626412,False
17.748217,314,898.896577,False
17.747334,314,899.139377,False
17.748618,314,901.58372,False
17.74844,314,901.786287,False
17.749061,314,902.000509,False
17.748167,314,902.211456,False
17.632776,314,902.41935,False
17.747711,314,902.637042,False
17.748761,314,905.15943,False
17.747954,314,905.370101,False
17.748384,314,905.580945,False
17.748672,314,905.790523,False
17.747742,314,906.02576,False
17.748166,314,906.255305,False
17.748237,314,906.503729,False
17.748332,314,909.227836,False
17.747802,314,909.441597,False
17.748098,314,909.658027,False
17.749,314,909.88612,False
17.748167,314,910.102935,False
17.748739,314,910.325047,False
17.74841,314,912.841282,False
17.747777,314,913.054469,False
17.747492,314,913.270088,False
17.748414,314,913.500807,False
17.7482,314,913.752998,False
17.748664,314,914.077904,False
17.747016,314,914.336718,False
17.747768,314,916.879935,False
17.748056,314,917.204218,False
17.748116,314,917.433786,False
17.747781,314,917.658327,False
17.748247,314,917.875088,False
17.748096,314,918.087793,False
17.747474,314,920.667547,False
17.747619,314,920.902322,False
17.748008,314,921.136624,False
17.748586,314,921.349232,False
17.748487,314,921.559193,False
17.748618,314,921.763798,False
17.749019,314,921.976252,False
17.747744,314,924.504541,False
17.748682,314,924.747612,False
17.747682,314,924.963032,False
17.748257,314,925.202812,False
17.746945,314,925.422733,False
17.747868,314,925.660049,False
17.747754,314,928.370275,False
17.746816,314,928.595985,False
17.748986,314,928.834604,False
17.748287,314,929.061205,False
17.749012,314,929.289204,False
17.747762,314,929.558661,False
17.747893,314,929.801352,False
17.748009,314,932.516663,False
17.748181,314,932.742219,False
17.748514,314,932.958493,False
17.747064,314,933.176889,False
17.748733,314,933.384966,False
17.748582,314,933.597428,False
17.747949,314,936.101956,False
17.749402,314,936.313824,False
17.747965,314,936.55271,False
17.748733,314,936.782614,False
17.747752,314,937.019965,False
17.749194,314,937.271178,False
17.747786,314,937.502056,False
17.747881,314,940.010451,False
17.747976,314,940.259408,False
17.748515,314,940.53749,False
17.74894,314,940.759329,False
17.747984,314,940.970901,False
17.748042,314,941.180975,False
17.747954,314,941.435328,False
17.747941,314,944.023643,False
17.747444,314,944.267983,False
17.747773,314,944.503286,False
17.748629,314,944.718503,False
17.748542,314,944.924187,False
17.747593,314,945.124564,False
17.748245,314,947.768286,False
17.748018,314,948.013256,False
17.748843,314,948.237716,False
17.639076,314,948.454883,False
17.748538,314,948.663912,False
17.748178,314,948.86628,False
17.748058,314,949.07943,False
17.748285,314,951.672873,False
17.748937,314,951.928889,False
17.748229,314,952.165306,False
17.747686,314,952.380682,False
17.748657,314,952.598614,False
17.747577,314,952.814136,False
17.748111,314,955.378238,False
17.748839,314,955.598183,False
17.747837,314,955.829821,False
17.748125,314,956.054012,False
17.707629,314,956.315681,False
17.747961,314,956.63904,False
17.748119,314,956.875573,False
17.74821,314,959.476956,False
17.748903,314,959.716327,False
17.748086,314,959.951674,False
17.747897,314,960.193302,False
17.747869,314,960.498067,False
17.748153,314,960.771708,False
17.748346,314,963.347195,False
17.748139,314,963.618938,False
17.748267,314,963.850832,False
17.747942,314,964.063713,False
17.748872,314,964.272744,False
17.747749,314,964.486065,False
17.748149,314,964.716207,False
17.747506,314,967.101752,False
17.747777,314,967.319535,False
17.747832,314,967.534879,False
17.748542,314,967.747633,False
17.748143,314,967.971195,False
17.748844,314,968.185263,False
17.747948,314,970.80508,False
17.748114,314,971.039017,False
17.746938,314,971.298284,False
17.748519,314,971.610631,False
17.74901,314,971.9335,False
17.748525,314,972.164172,False
17.747723,314,972.383742,False
17.747759,314,974.955673,False
17.748798,314,975.175727,False
17.748417,314,975.416736,False
17.748765,314,975.641754,False
17.748536,314,975.871132,False
17.747921,314,976.145243,False
17.74843,314,978.684818,False
17.748408,314,978.912004,False
17.748073,314,979.143048,False
17.748621,314,979.366516,False
17.747541,314,979.633749,False
17.747897,314,979.923329,False
17.747934,314,980.162157,False
17.748604,314,982.746805,False
17.748715,314,982.97263,False
17.747872,314,983.198919,False
17.748939,314,983.447987,False
17.747608,314,983.676828,False
17.747756,314,983.921815,False
17.747778,314,986.562704,False
17.748022,314,986.833049,False
17.747998,314,987.058987,False
17.747777,314,987.277764,False
17.747834,314,987.493417,False
17.748334,314,987.707519,False
17.748088,314,987.948124,False
17.74803,314,990.519302,False
17.74707,314,990.729782,False
17.748355,314,990.941873,False
17.74767,314,991.154361,False
17.747911,314,991.365218,False
17.748025,314,991.583611,False
17.748171,314,994.226222,False
17.748359,314,994.445572,False
17.747839,314,994.665829,False
17.748004,314,994.897187,False
17.748115,314,995.124815,False
17.747786,314,995.38162,False
17.748085,314,995.646631,False
17.747823,314,998.14241,False
17.749049,314,998.352922,False
17.74863,314,998.573866,False
17.748594,314,998.806182,False
17.748841,314,999.01534,False
17.748737,314,999.228781,False
17.747765,314,1001.927353,False
17.747367,314,1002.149192,False
17.748408,314,1002.43277,False
17.748278,314,1002.739661,False
17.747695,314,1003.011204,False
17.74862,314,1003.23846,False
17.748913,314,1003.464456,False
17.748349,314,1006.021483,False
17.7484,314,1006.243472,False
17.748344,314,1006.531135,False
17.747237,314,1006.810479,False
17.748831,314,1007.034167,False
17.747942,314,1007.253904,False
17.748786,314,1009.782393,False
17.748056,314,1010.004819,False
17.748215,314,1010.225644,False
17.749014,314,1010.44002,False
17.748169,314,1010.65304,False
17.74823,314,1010.870311,False
17.616575,314,1011.085721,False
17.747723,314,1013.762438,False
17.748531,314,1013.989308,False
17.747949,314,1014.210307,False
17.748791,314,1014.429435,False
17.747685,314,1014.649894,False
17.748966,314,1014.871469,False
17.747321,314,1017.560412,False
17.748713,314,1017.810182,False
17.748042,314,1018.065705,False
17.748915,314,1018.305912,False
17.748087,314,1018.687797,False
17.749074,314,1019.011612,False
17.748533,314,1019.256964,False
17.748215,314,1022.157343,False
17.748126,314,1022.396752,False
17.747846,314,1022.629659,False
17.748356,314,1022.879569,False
17.747755,314,1023.212218,False
17.748037,314,1023.50914,False
17.74833,314,1026.267207,False
17.748647,314,1026.550853,False
17.746803,314,1026.786443,False
17.748072,314,1027.017554,False
17.747672,314,1027.241338,False
17.748096,314,1027.484523,False
17.748203,314,1027.729729,False
17.748096,314,1030.385481,False
17.747799,314,1030.850371,False
17.748207,314,1031.12926,False
17.749264,314,1031.356733,False
17.748614,314,1031.578198,False
17.748462,314,1031.80378,False
17.748027,314,1032.022907,False
17.74818,314,1034.658296,False
17.748651,314,1034.89703,False
17.748766,314,1035.119222,False
17.747528,314,1035.332146,False
17.748794,314,1035.54992,False
17.747969,314,1035.79029,False
17.748518,314,1038.477975,False
17.748004,314,1038.715947,False
17.747725,314,1038.972538,False
17.748049,314,1039.226879,False
17.748006,314,1039.512067,False
17.748054,314,1039.776732,False
17.74855,314,1040.017604,False
17.748334,314,1042.76291,False
17.748147,314,1042.997603,False
17.748017,314,1043.237634,False
17.748151,314,1043.546407,False
17.748136,314,1043.838243,False
17.748485,314,1044.070351,False
17.747794,314,1046.791252,False
17.748379,314,1047.037889,False
17.748414,314,1047.271117,False
17.74806,314,1047.5366,False
17.74843,314,1047.798318,False
17.747319,314,1048.029867,False
17.748462,314,1048.258677,False
17.748557,314,1050.995262,False
17.748103,314,1051.215825,False
17.748577,314,1051.439058,False
17.747761,314,1051.675695,False
17.748025,314,1051.934254,False
17.747922,314,1052.404788,False
17.748056,314,1055.274468,False
17.74813,314,1055.49894,False
17.747991,314,1055.707514,False
17.747741,314,1055.957057,False
17.748297,314,1056.198019,False
17.748286,314,1056.598948,False
17.749173,314,1056.871442,False
17.747543,314,1059.797967,False
17.747538,314,1060.051854,False
17.748007,314,1060.349735,False
17.747857,314,1060.663868,False
17.748514,314,1060.911917,False
17.748838,314,1061.171444,False
17.748492,314,1064.03881,False
17.747597,314,1064.335803,False
17.748398,314,1064.660064,False
17.748255,314,1064.952574,False
17.748272,314,1065.197709,False
17.748055,314,1065.436867,False
17.748817,314,1065.697134,False
17.748912,314,1068.599708,False
17.748386,314,1068.868369,False
17.748347,314,1069.179823,False
17.747903,314,1069.513915,False
17.748381,314,1069.781649,False
17.74865,314,1070.044358,False
17.748279,314,1072.952172,False
17.748275,314,1073.202434,False
17.748169,314,1073.462853,False
17.747663,314,1073.741939,False
17.747944,314,1074.04814,False
17.748775,314,1074.313343,False
17.748147,314,1074.54635,False
17.747975,314,1077.307573,False
17.748178,314,1077.594035,False
17.612079,314,1077.847441,False
17.748145,314,1078.094823,False
17.74867,314,1078.363441,False
17.748499,314,1078.66537,False
17.748418,314,1081.515171,False
17.747952,314,1081.782505,False
17.748298,314,1082.098425,False
17.747578,314,1082.453324,False
17.74783,314,1082.828932,False
17.748429,314,1083.083941,False
17.747888,314,1083.337899,False
17.74799,314,1086.173377,False
17.748426,314,1086.42425,False
17.643729,314,1086.701782,False
17.748427,314,1086.995186,False
17.748009,314,1087.368811,False
17.748047,314,1087.647855,False
17.748227,314,1090.136096,False
17.748588,314,1090.366185,False
17.747811,314,1090.611132,False
17.747842,314,1090.86951,False
17.748167,314,1091.126302,False
17.618009,314,1091.377437,False
17.748264,314,1091.604985,False
17.748439,314,1094.356255,False
17.748292,314,1094.596717,False
17.747619,314,1094.898826,False
17.748246,314,1095.154222,False
17.748483,314,1095.389376,False
17.7488,314,1095.61673,False
17.748114,314,1098.278036,False
17.748258,314,1098.499511,False
17.749403,314,1098.7238,False
17.748212,314,1098.953028,False
17.747631,314,1099.239755,False
17.748579,314,1099.500111,False
17.748577,314,1099.723452,False
17.748192,314,1102.376688,False
17.654499,314,1102.591883,False
17.747367,314,1102.806181,False
17.747248,314,1103.043878,False
17.748711,314,1103.309478,False
17.748938,314,1103.62309,False
17.748478,314,1106.322833,False
17.748684,314,1106.548232,False
17.748419,314,1106.760227,False
17.747649,314,1106.971219,False
17.747667,314,1107.18273,False
17.748301,314,1107.426196,False
17.748239,314,1107.664878,False
17.748165,314,1110.40719,False
17.74846,314,1110.618925,False
17.648915,314,1110.827853,False
17.748843,314,1111.039101,False
17.748138,314,1111.279983,False
17.748336,314,1111.510922,False
17.747869,314,1114.222541,False
17.74838,314,1114.480498,False
17.748177,314,1114.721561,False
17.748514,314,1114.950745,False
17.748368,314,1115.200381,False
17.747541,314,1115.457206,False
17.748029,314,1115.737596,False
17.749022,314,1118.487412,False
17.748131,314,1118.81794,False
17.748303,314,1119.054256,False
17.748456,314,1119.265789,False
17.748688,314,1119.482794,False
17.74832,314,1119.700925,False
17.748185,314,1122.250727,False
17.748236,314,1122.475352,False
17.748146,314,1122.689589,False
17.74841,314,1122.908328,False
17.748027,314,1123.122542,False
17.74839,314,1123.335438,False
17.747575,314,1123.550082,False
17.748772,314,1126.089365,False
17.748517,314,1126.3003,False
17.748539,314,1126.523197,False
17.74873,314,1126.772941,False
17.747904,314,1127.009391,False
17.74914,314,1127.259741,False
17.748597,314,1127.523682,False
17.748755,314,1130.173577,False
17.747674,314,1130.44295,False
17.747616,314,1130.690457,False
17.747809,314,1130.982287,False
17.748127,314,1131.243093,False
17.747432,314,1131.46422,False
17.748478,314,1133.981933,False
17.74785,314,1134.19466,False
17.748743,314,1134.407831,False
17.747979,314,1134.618369,False
17.748711,314,1134.834669,False
17.747897,314,1135.041152,False
17.748274,314,1135.247763,False
17.748402,314,1137.710953,False
17.748294,314,1137.92597,False
17.748281,314,1138.132367,False
17.74834,314,1138.340143,False
17.724358,314,1138.563893,False
17.748065,314,1138.770779,False
17.748158,314,1141.357529,False
17.748003,314,1141.584788,False
17.748868,314,1141.798261,False
17.74825,314,1142.069246,False
17.748651,314,1142.321333,False
17.748058,314,1142.571437,False
17.748266,314,1142.777528,False
17.748664,314,1145.260573,False
17.748287,314,1145.472964,False
17.747991,314,1145.681282,False
17.74885,314,1145.886555,False
17.747612,314,1146.089461,False
17.694695,314,1146.290683,False
17.746562,314,1148.932484,False
17.748662,314,1149.182328,False
17.748228,314,1149.404144,False
17.611155,314,1149.619994,False
17.748626,314,1149.830041,False
17.749028,314,1150.055651,False
17.748575,314,1150.27925,False
17.748751,314,1152.793187,False
17.748073,314,1153.019281,False
17.748218,314,1153.239095,False
17.748538,314,1153.502512,False
17.74877,314,1153.75652,False
17.74885,314,1154.001234,False
17.676691,314,1156.730109,False
17.749201,314,1156.96696,False
17.7476,314,1157.173325,False
17.748496,314,1157.394516,False
17.748166,314,1157.639068,False
17.747861,314,1157.853975,False
17.7481,314,1158.077535,False
17.721958,314,1160.668111,False
17.747777,314,1160.895878,False
17.749677,314,1161.113329,False
17.748511,314,1161.338742,False
17.748019,314,1161.591103,False
17.747798,314,1161.850202,False
17.748903,314,1164.726416,False
17.747203,314,1164.940819,False
17.747227,314,1165.159548,False
17.747729,314,1165.376457,False
17.747761,314,1165.592283,False
17.747024,314,1165.811042,False
17.747197,314,1166.022054,False
17.747635,314,1168.596983,False
17.748988,314,1168.812545,False
17.747581,314,1169.050105,False
17.747792,314,1169.276955,False
17.748696,314,1169.574792,False
17.748124,314,1169.836841,False
17.748332,314,1172.474601,False
17.748166,314,1172.703445,False
17.748089,314,1172.946173,False
17.74861,314,1173.188932,False
17.748481,314,1173.442853,False
17.74751,314,1173.72901,False
17.748352,314,1174.01813,False
17.748735,314,1176.58989,False
17.748723,314,1176.823897,False
17.748585,314,1177.057685,False
17.747759,314,1177.316236,False
17.748772,314,1177.557786,False
17.74828,314,1177.783584,False
17.748054,314,1180.296712,False
17.748472,314,1180.531741,False
17.748133,314,1180.767898,False
17.748478,314,1180.996142,False
17.748588,314,1181.212118,False
17.748451,314,1181.510834,False
17.748805,314,1181.774583,False
17.748881,314,1184.454535,False
17.748759,314,1184.721942,False
17.748677,314,1184.946013,False
17.74834,314,1185.153465,False
17.748589,314,1185.380368,False
17.748331,314,1185.602608,False
17.748199,314,1188.288965,False
17.747478,314,1188.507658,False
17.748253,314,1188.711999,False
17.748292,314,1188.917047,False
17.748748,314,1189.121363,False
17.748392,314,1189.331085,False
17.748416,314,1189.534758,False
17.74834,314,1191.994406,False
17.748316,314,1192.198827,False
17.748829,314,1192.418175,False
17.748296,314,1192.629677,False
17.748061,314,1192.881942,False
17.749025,314,1193.113073,False
17.748364,314,1195.764959,False
17.7483,314,1195.972667,False
17.7487,314,1196.178281,False
17.747756,314,1196.383255,False
17.748954,314,1196.621184,False
17.74882,314,1196.83595,False
17.747836,314,1197.040127,False
17.747845,314,1199.503571,False
17.748337,314,1199.732039,False
17.749133,314,1199.950554,False
17.747318,314,1200.198855,False
17.748188,314,1200.463343,False
17.748501,314,1200.718617,False
17.74807,314,1203.379194,False
17.74794,314,1203.587951,False
17.747979,314,1203.814644,False
17.748544,314,1204.050492,False
17.748444,314,1204.273172,False
17.74758,314,1204.544046,False
17.749099,314,1204.800515,False
17.747235,314,1207.352284,False
17.748312,314,1207.557333,False
17.748492,314,1207.763951,False
17.74801,314,1207.977974,False
17.748246,314,1208.191227,False
17.747588,314,1208.406964,False
17.747543,314,1210.984815,False
17.748059,314,1211.19756,False
17.748134,314,1211.407295,False
17.748059,314,1211.617977,False
17.748755,314,1211.838916,False
17.747992,314,1212.053257,False
17.748807,314,1212.274513,False
17.748391,314,1214.875105,False
17.748032,314,1215.111187,False
17.748002,314,1215.333717,False
17.747562,314,1215.544436,False
17.747663,314,1215.763542,False
17.749111,314,1216.004464,False
17.74757,314,1216.244312,False
17.707598,314,1218.717351,False
17.748419,314,1218.930478,False
17.748834,314,1219.166564,False
17.748108,314,1219.389034,False
17.748025,314,1219.655881,False
17.749034,314,1219.903392,False
17.747621,314,1222.41873,False
17.747924,314,1222.6589,False
17.747444,314,1222.876867,False
17.748403,314,1223.148069,False
17.747783,314,1223.488371,False
17.749361,314,1223.745729,False
17.748187,314,1224.00965,False
17.748496,314,1226.904814,False
17.748813,314,1227.128827,False
17.748918,314,1227.356829,False
17.635595,314,1227.617828,False
17.747642,314,1227.988431,False
17.748609,314,1228.398362,False
17.748352,314,1231.256531,False
17.747498,314,1231.53027,False
17.747783,314,1231.791458,False
17.74837,314,1232.020066,False
17.748619,314,1232.242156,False
17.747556,314,1232.476284,False
17.748288,314,1232.703633,False
17.748776,314,1235.297375,False
17.74853,314,1235.528354,False
17.747904,314,1235.775282,False
17.748137,314,1236.046867,False
17.704866,314,1236.356689,False
17.6366,314,1236.645573,False
17.749635,314,1239.40783,False
17.748825,314,1239.622826,False
17.748562,314,1239.846162,False
17.748231,314,1240.086642,False
17.747575,314,1240.312144,False
17.748462,314,1240.593235,False
17.748687,314,1240.854633,False
17.748102,314,1243.386531,False
17.747159,314,1243.602712,False
17.745782,314,1243.817716,False
17.748003,314,1244.041988,False
17.748667,314,1244.257166,False
17.748361,314,1244.476982,False
17.748444,314,1247.168477,False
17.748713,314,1247.384569,False
17.749297,314,1247.605444,False
17.748154,314,1247.844609,False
17.748424,314,1248.092341,False
17.748401,314,1248.34205,False
17.747655,314,1248.613976,False
17.748638,314,1251.50872,False
17.748509,314,1251.747602,False
17.747913,314,1251.985839,False
17.74799,314,1252.277065,False
17.747558,314,1252.544523,False
17.747046,314,1252.779736,False
17.748598,314,1255.439108,False
17.749945,314,1255.745128,False
17.748836,314,1256.004965,False
17.748189,314,1256.235491,False
17.747712,314,1256.470468,False
17.748354,314,1256.703637,False
17.74727,314,1256.933578,False
17.748251,314,1259.687423,False
17.748579,314,1259.90754,False
17.747833,314,1260.140933,False
17.7477,314,1260.379609,False
17.748092,314,1260.61313,False
17.748421,314,1260.84124,False
17.747849,314,1263.607024,False
17.748425,314,1263.871499,False
17.748796,314,1264.177127,False
17.748653,314,1264.435269,False
17.74873,314,1264.671358,False
17.748421,314,1264.905066,False
17.748165,314,1265.147411,False
17.747451,314,1267.799993,False
17.74725,314,1268.031027,False
17.747929,314,1268.287616,False
17.747906,314,1268.537356,False
17.74881,314,1268.862592,False
17.748156,314,1269.187204,False
17.749014,314,1271.849048,False
17.747516,314,1272.082334,False
17.748538,314,1272.31353,False
17.748296,314,1272.600353,False
17.748086,314,1272.877157,False
17.74795,314,1273.255719,False
17.748426,314,1273.622165,False
17.748311,314,1276.264791,False
17.747905,314,1276.559052,False
17.74862,314,1276.85255,False
17.749392,314,1277.086789,False
17.749001,314,1277.310917,False
17.748402,314,1277.537666,False
17.748993,314,1280.249123,False
17.747951,314,1280.476049,False
17.747641,314,1280.704466,False
17.747775,314,1280.953975,False
17.748042,314,1281.194104,False
17.749138,314,1281.481293,False
17.74835,314,1281.7556,False
17.748327,314,1284.301757,False
17.748421,314,1284.548536,False
17.749278,314,1284.789521,False
17.748633,314,1285.031902,False
17.748747,314,1285.304147,False
17.74763,314,1285.573983,False
17.747564,314,1288.270688,False
17.74749,314,1288.510392,False
17.746861,314,1288.773048,False
17.748472,314,1289.046198,False
17.748994,314,1289.320698,False
17.748374,314,1289.568297,False
17.748978,314,1289.813035,False
17.747461,314,1292.610593,False
17.747932,314,1292.877195,False
17.748064,314,1293.159775,False
17.747596,314,1293.467482,False
17.748579,314,1293.723535,False
17.747984,314,1293.953398,False
17.747622,314,1296.953595,False
17.748193,314,1297.294555,False
17.746843,314,1297.585446,False
17.748397,314,1297.840977,False
17.747371,314,1298.120924,False
17.748269,314,1298.374015,False
17.747887,314,1298.612421,False
17.748304,314,1301.532363,False
17.747457,314,1301.7623,False
17.742436,314,1302.017915,False
17.747462,314,1302.287429,False
17.63841,314,1302.530407,False
17.748526,314,1302.84474,False
17.748652,314,1303.172786,False
17.749134,314,1306.131954,False
17.747912,314,1306.392537,False
17.747863,314,1306.646982,False
17.748138,314,1306.931521,False
17.747765,314,1307.192674,False
17.748759,314,1307.435078,False
17.748148,314,1310.207581,False
17.748749,314,1310.436134,False
17.747195,314,1310.680011,False
17.748901,314,1310.935049,False
17.74853,314,1311.227495,False
17.748303,314,1311.541336,False
17.748676,314,1311.932348,False
17.748503,314,1314.825993,False
17.748531,314,1315.072465,False
17.748242,314,1315.362638,False
17.748443,314,1315.702727,False
17.748311,314,1316.066846,False
17.748645,314,1316.308739,False
17.747503,314,1319.074804,False
17.747883,314,1319.308126,False
17.748883,314,1319.543105,False
17.748621,314,1319.804032,False
17.711953,314,1320.062167,False
17.745524,314,1320.383103,False
17.748367,314,1320.725347,False
17.748051,314,1323.573507,False
17.747599,314,1323.851508,False
17.748378,314,1324.14462,False
17.747482,314,1324.468777,False
17.746931,314,1324.723088,False
17.748963,314,1324.976932,False
17.747888,314,1327.790818,False
17.748152,314,1328.033408,False
17.744918,314,1328.270718,False
17.748826,314,1328.537902,False
17.749042,314,1328.813091,False
17.604491,314,1329.195638,False
17.748744,314,1329.592954,False
17.747446,314,1332.375204,False
17.748514,314,1332.598383,False
17.748758,314,1332.815418,False
17.748177,314,1333.030489,False
17.748107,314,1333.241257,False
17.747658,314,1333.455609,False
17.747889,314,1335.906683,False
17.747913,314,1336.121275,False
17.748263,314,1336.342374,False
17.749107,314,1336.56252,False
17.748289,314,1336.77117,False
17.748379,314,1337.003702,False
17.747935,314,1337.218931,False
17.748962,314,1339.896706,False
17.749255,314,1340.118998,False
17.747943,314,1340.334137,False
17.747898,314,1340.540327,False
17.74835,314,1340.768447,False
17.747605,314,1340.986646,False
17.747865,314,1343.592133,False
17.748594,314,1343.809345,False
17.74833,314,1344.017247,False
17.747886,314,1344.221819,False
17.749015,314,1344.436356,False
17.748524,314,1344.645201,False
17.747652,314,1344.86187,False
17.747152,314,1347.585347,False
17.748412,314,1347.818919,False
17.748069,314,1348.02795,False
17.74858,314,1348.307477,False
17.748748,314,1348.589629,False
17.747771,314,1348.816415,False
17.748444,314,1351.430971,False
17.748266,314,1351.639948,False
17.748017,314,1351.861123,False
17.748349,314,1352.076506,False
17.747819,314,1352.301589,False
17.747594,314,1352.527743,False
17.747516,314,1352.778914,False
17.746836,314,1355.523845,False
17.747412,314,1355.745423,False
17.748923,314,1355.957902,False
17.74772,314,1356.170294,False
17.748835,314,1356.386845,False
17.747713,314,1356.59768,False
17.74717,314,1359.171276,False
17.747655,314,1359.406369,False
17.749073,314,1359.624778,False
17.747491,314,1359.878253,False
17.747067,314,1360.11899,False
17.747796,314,1360.380982,False
17.74823,314,1360.631362,False
17.74796,314,1363.316584,False
17.747263,314,1363.546686,False
17.746786,314,1363.787565,False
17.748314,314,1364.042635,False
17.747557,314,1364.304367,False
17.749052,314,1364.637411,False
17.747641,314,1367.329499,False
17.748833,314,1367.611203,False
17.749682,314,1367.838568,False
17.748972,314,1368.065681,False
17.748296,314,1368.288866,False
17.747832,314,1368.511232,False
17.74918,314,1368.729247,False
17.748167,314,1371.311997,False
17.748279,314,1371.553195,False
17.748052,314,1371.833604,False
17.747275,314,1372.099158,False
17.748701,314,1372.329031,False
17.748829,314,1372.558703,False
17.748672,314,1375.270179,False
17.748091,314,1375.491841,False
17.748326,314,1375.719362,False
17.748461,314,1375.95563,False
17.748859,314,1376.174739,False
17.746127,314,1376.396736,False
17.748066,314,1376.635857,False
17.748393,314,1379.344042,False
17.749206,314,1379.57755,False
17.749198,314,1379.80846,False
17.746934,314,1380.050377,False
17.747989,314,1380.284664,False
17.748343,314,1380.526007,False
17.748784,314,1383.100219,False
17.711864,314,1383.353312,False
17.748337,314,1383.599083,False
17.747455,314,1383.844899,False
17.743783,314,1384.102774,False
17.748147,314,1384.332566,False
17.747128,314,1384.546493,False
17.743863,314,1387.248611,False
17.744548,314,1387.479254,False
17.748421,314,1387.697472,False
17.748381,314,1387.922531,False
17.748171,314,1388.147607,False
17.748012,314,1388.391244,False
17.74754,314,1390.965163,False
17.748738,314,1391.183382,False
17.747502,314,1391.403885,False
17.74886,314,1391.618653,False
17.748973,314,1391.829258,False
17.747508,314,1392.038872,False
17.748123,314,1392.253552,False
17.748436,314,1394.867457,False
17.748059,314,1395.082049,False
17.747633,314,1395.290176,False
17.679519,314,1395.50115,False
17.747596,314,1395.709604,False
17.748476,314,1395.920522,False
17.747567,314,1396.133465,False
17.747628,314,1398.813378,False
17.747287,314,1399.146588,False
17.748649,314,1399.484562,False
17.747825,314,1399.706946,False
17.748005,314,1399.917579,False
17.748419,314,1400.129696,False
17.748032,314,1402.816943,False
17.748185,314,1403.045977,False
17.748663,314,1403.258178,False
17.748403,314,1403.465441,False
17.748237,314,1403.681932,False
17.74876,314,1403.903106,False
17.748414,314,1404.154111,False
17.748267,314,1406.690879,False
17.749155,314,1406.909803,False
17.746898,314,1407.133664,False
17.748329,314,1407.350082,False
17.747939,314,1407.563863,False
17.749617,314,1407.7911,False
17.749608,314,1410.421809,False
17.748525,314,1410.766046,False
17.747431,314,1411.072839,False
17.748696,314,1411.306806,False
17.746655,314,1411.520525,False
17.748315,314,1411.790686,False
17.748543,314,1412.054679,False
17.747808,314,1414.860602,False
17.747947,314,1415.153296,False
17.747456,314,1415.407393,False
17.748195,314,1415.635159,False
17.748496,314,1415.860364,False
17.626816,314,1416.08379,False
17.748002,314,1418.795268,False
17.747798,314,1419.054365,False
17.747751,314,1419.322393,False
17.748144,314,1419.550072,False
17.74716,314,1419.770636,False
17.747812,314,1419.99186,False
17.747836,314,1420.212682,False
17.748743,314,1422.969979,False
17.748672,314,1423.205156,False
17.748013,314,1423.449147,False
17.748357,314,1423.69305,False
17.748326,314,1423.963183,False
17.749041,314,1424.262787,False
17.748499,314,1427.07636,False
17.747259,314,1427.309766,False
17.748304,314,1427.527764,False
17.747441,314,1427.752157,False
17.747732,314,1427.970398,False
17.749554,314,1428.185086,False
17.748567,314,1428.408199,False
17.748231,314,1431.006127,False
17.747388,314,1431.247008,False
17.748727,314,1431.502153,False
17.74796,314,1431.788449,False
17.748547,314,1432.043369,False
17.747734,314,1432.344142,False
17.749116,314,1435.081159,False
17.747503,314,1435.336146,False
17.747836,314,1435.576934,False
17.747919,314,1435.821393,False
17.748075,314,1436.059126,False
17.74932,314,1436.290932,False
17.74856,314,1436.53495,False
17.748432,314,1439.252733,False
17.747097,314,1439.547465,False
17.748255,314,1439.849726,False
17.748026,314,1440.083813,False
17.747715,314,1440.299308,False
17.747795,314,1440.517219,False
17.747264,314,1443.008879,False
17.748672,314,1443.247344,False
17.748434,314,1443.531753,False
17.74837,314,1443.887367,False
17.740379,314,1444.11751,False
17.747954,314,1444.345272,False
17.747854,314,1444.559626,False
17.746618,314,1447.804778,False
17.747212,314,1448.030898,False
17.747664,314,1448.281382,False
17.748252,314,1448.541211,False
17.749024,314,1448.786745,False
17.748359,314,1449.139573,False
17.74746,314,1451.986929,False
17.747403,314,1452.202523,False
17.74771,314,1452.419204,False
17.748473,314,1452.628037,False
17.748843,314,1452.842021,False
17.749281,314,1453.054407,False
17.749209,314,1453.268067,False
17.748784,314,1456.137335,False
17.747874,314,1456.440595,False
17.749592,314,1456.671478,False
17.748262,314,1456.937805,False
17.746942,314,1457.205859,False
17.747099,314,1457.484372,False
17.747478,314,1460.482748,False
17.747616,314,1460.78748,False
17.746592,314,1461.022008,False
17.747969,314,1461.243361,False
17.741634,314,1461.466087,False
17.747566,314,1461.712038,False
17.74865,314,1461.938609,False
17.748132,314,1464.654718,False
17.747359,314,1464.872452,False
17.747865,314,1465.085224,False
17.747976,314,1465.323516,False
17.747273,314,1465.562221,False
17.747904,314,1465.813595,False
17.74815,314,1468.92067,False
17.747146,314,1469.155145,False
17.747343,314,1469.381895,False
17.748256,314,1469.625868,False
17.746642,314,1469.885208,False
17.748856,314,1470.186146,False
17.748573,314,1470.490947,False
17.748811,314,1473.410596,False
17.747359,314,1473.665044,False
17.748103,314,1474.001846,False
17.747766,314,1474.312013,False
17.746956,314,1474.572243,False
17.747731,314,1474.814727,False
17.748777,314,1477.705233,False
17.748269,314,1477.97033,False
17.747851,314,1478.287613,False
17.747941,314,1478.558035,False
17.74707,314,1478.809811,False
17.748714,314,1479.050419,False
17.747833,314,1479.282252,False
17.748294,314,1482.115266,False
17.74717,314,1482.37467,False
17.74817,314,1482.621729,False
17.748435,314,1482.970515,False
17.74727,314,1483.279457,False
17.747257,314,1483.529328,False
17.747841,314,1486.229778,False
17.749493,314,1486.477475,False
17.747964,314,1486.724177,False
17.747181,314,1487.006884,False
17.74831,314,1487.292476,False
17.748303,314,1487.614007,False
17.748613,314,1487.916934,False
17.74852,314,1490.653991,False
17.748324,314,1490.894838,False
17.748792,314,1491.138669,False
17.748175,314,1491.373162,False
17.747949,314,1491.611794,False
17.748393,314,1491.843009,False
17.747106,314,1492.072742,False
17.748504,314,1494.719749,False
17.748251,314,1494.956829,False
17.74762,314,1495.202868,False
17.748819,314,1495.477248,False
17.74837,314,1495.731301,False
17.747169,314,1496.047075,False
17.750011,314,1498.856162,False
17.748429,314,1499.121549,False
17.748422,314,1499.502067,False
17.748815,314,1499.868681,False
17.748467,314,1500.136075,False
17.747828,314,1500.366422,False
17.74799,314,1500.65974,False
17.748347,314,1503.627284,False
17.749191,314,1503.865665,False
17.748002,314,1504.121536,False
17.748529,314,1504.363286,False
17.748756,314,1504.710822,False
17.747563,314,1505.013621,False
17.748906,314,1507.886175,False
17.748238,314,1508.170246,False
17.748158,314,1508.493424,False
17.74857,314,1508.803049,False
17.748006,314,1509.034758,False
17.747361,314,1509.257955,False
17.748332,314,1509.513742,False
17.748042,314,1512.512968,False
17.747566,314,1512.774087,False
17.747483,314,1513.013889,False
17.747233,314,1513.242586,False
17.747767,314,1513.482934,False
17.74716,314,1513.724314,False
17.748042,314,1516.73443,False
17.748294,314,1517.037929,False
17.748758,314,1517.286107,False
17.748949,314,1517.541347,False
17.748105,314,1517.797405,False
17.749235,314,1518.07877,False
17.602057,314,1518.441183,False
17.748507,314,1521.479837,False
17.747519,314,1521.722627,False
17.749219,314,1521.994842,False
17.748404,314,1522.247781,False
17.748675,314,1522.582155,False
17.748073,314,1522.890383,False
17.747937,314,1525.839728,False
17.747941,314,1526.09169,False
17.747754,314,1526.350533,False
17.747464,314,1526.660007,False
17.748148,314,1527.03224,False
17.749048,314,1527.356504,False
17.747994,314,1527.624092,False
17.747375,314,1530.648917,False
17.747256,314,1530.982394,False
17.748783,314,1531.286828,False
17.749118,314,1532.06515,False
17.74812,314,1532.678919,False
17.749371,314,1533.017883,False
17.747724,314,1536.302005,False
17.747687,314,1536.616463,False
17.747749,314,1536.883165,False
17.748665,314,1537.152239,False
17.747879,314,1537.426582,False
17.748304,314,1537.693066,False
17.748104,314,1537.961429,False
17.748346,314,1540.693919,False
17.748104,314,1540.983521,False
17.748171,314,1541.444064,False
17.747532,314,1541.815424,False
17.749322,314,1542.081383,False
17.748328,314,1542.339297,False
17.748637,314,1545.225061,False
17.749239,314,1545.485341,False
17.74713,314,1545.736261,False
17.748487,314,1546.000212,False
17.748732,314,1546.267064,False
17.748535,314,1546.560684,False
17.747525,314,1546.851728,False
17.748842,314,1549.43501,False
17.748412,314,1549.653673,False
17.747555,314,1549.868464,False
17.747378,314,1550.109444,False
17.747848,314,1550.339004,False
17.748026,314,1550.542446,False
17.748003,314,1553.066893,False
17.748545,314,1553.292108,False
17.748935,314,1553.510732,False
17.748715,314,1553.759709,False
17.748614,314,1554.001756,False
17.747597,314,1554.209565,False
17.748162,314,1554.473539,False
17.748787,314,1557.181942,False
17.747891,314,1557.409748,False
17.748499,314,1557.61496,False
17.747293,314,1557.825061,False
17.748135,314,1558.040084,False
17.748084,314,1558.280569,False
17.747489,314,1561.05427,False
17.749215,314,1561.273725,False
17.747828,314,1561.484756,False
17.748173,314,1561.699376,False
17.747175,314,1561.914417,False
17.748273,314,1562.13442,False
17.748454,314,1562.485496,False
17.748144,314,1565.381094,False
17.748445,314,1565.597515,False
17.749002,314,1565.811308,False
17.748349,314,1566.022732,False
17.747369,314,1566.239784,False
17.748752,314,1566.45227,False
17.747947,314,1569.122001,False
17.748591,314,1569.333273,False
17.747768,314,1569.552082,False
17.748713,314,1569.760014,False
17.74906,314,1569.973629,False
17.748228,314,1570.203833,False
17.749306,314,1570.428266,False
17.748578,314,1573.132591,False
17.747806,314,1573.340048,False
17.748029,314,1573.566501,False
17.747728,314,1573.807125,False
17.747424,314,1574.062215,False
17.750733,314,1574.320246,False
17.747577,314,1576.934298,False
17.74831,314,1577.145209,False
17.747868,314,1577.351722,False
17.747429,314,1577.556043,False
17.748221,314,1577.774416,False
17.747633,314,1578.004316,False
17.748563,314,1578.218726,False
17.74795,314,1580.760584,False
17.747684,314,1581.037472,False
17.748296,314,1581.330324,False
17.748574,314,1581.61079,False
17.749139,314,1581.842526,False
17.748656,314,1582.061239,False
17.748613,314,1582.276545,False
17.747491,314,1584.877288,False
17.74765,314,1585.081169,False
17.747075,314,1585.308705,False
17.745662,314,1585.538549,False
17.747953,314,1585.931378,False
17.749121,314,1586.200411,False
17.747774,314,1588.71085,False
17.748543,314,1588.945233,False
17.747766,314,1589.224426,False
17.747391,314,1589.48068,False
17.747675,314,1589.705711,False
17.747892,314,1589.923837,False
17.747766,314,1590.14367,False
17.748828,314,1592.68213,False
17.746152,314,1592.897884,False
17.746323,314,1593.1194,False
17.748491,314,1593.333871,False
17.748028,314,1593.574814,False
17.748505,314,1593.804631,False
17.748503,314,1596.460374,False
17.745211,314,1596.680197,False
17.747215,314,1596.894032,False
17.747191,314,1597.107018,False
17.748859,314,1597.338552,False
17.747206,314,1597.56393,False
17.751386,314,1597.7943,False
17.747384,314,1600.401907,False
17.749161,314,1600.643414,False
17.74728,314,1600.865624,False
17.746827,314,1601.089144,False
17.748274,314,1601.349395,False
17.746498,314,1601.573044,False
17.748318,314,1604.249877,False
17.748124,314,1604.475107,False
17.746583,314,1604.693527,False
17.741371,314,1604.902537,False
17.747195,314,1605.116358,False
17.747733,314,1605.324807,False
17.74771,314,1605.52977,False
17.748352,314,1608.128686,False
17.748357,314,1608.349556,False
17.748028,314,1608.584355,False
17.748044,314,1608.817191,False
17.74815,314,1609.125135,False
17.740754,314,1609.395004,False
17.746132,314,1611.951715,False
17.74809,314,1612.210091,False
17.746466,314,1612.423645,False
17.750113,314,1612.670166,False
17.747943,314,1612.896472,False
17.74852,314,1613.10679,False
17.745807,314,1613.317001,False
17.74909,314,1615.944696,False
17.748099,314,1616.18218,False
17.748966,314,1616.440225,False
17.749083,314,1616.660995,False
17.747895,314,1616.881987,False
17.748764,314,1617.09252,False
17.746902,314,1619.836178,False
17.748333,314,1620.101552,False
17.747994,314,1620.353805,False
17.748573,314,1620.566223,False
17.739547,314,1620.776162,False
17.748022,314,1620.997404,False
17.748135,314,1621.208838,False
17.747672,314,1623.952359,False
17.747665,314,1624.20554,False
17.747816,314,1624.45226,False
17.748732,314,1624.695107,False
17.748432,314,1624.91071,False
17.748582,314,1625.132775,False
17.747366,314,1627.804152,False
17.748811,314,1628.031717,False
17.74778,314,1628.276565,False
17.748637,314,1628.532975,False
17.748723,314,1628.77442,False
17.750074,314,1629.001349,False
17.748843,314,1629.223336,False
17.748261,314,1631.789832,False
17.749017,314,1632.000883,False
17.748015,314,1632.228319,False
17.748434,314,1632.45047,False
17.748001,314,1632.666685,False
17.748276,314,1632.88553,False
17.747553,314,1635.523335,False
17.747795,314,1635.751167,False
17.749179,314,1636.04497,False
17.746798,314,1636.328732,False
17.749517,314,1636.572432,False
17.748154,314,1636.797514,False
17.748803,314,1637.016023,False
17.748311,314,1639.626218,False
17.748627,314,1639.848691,False
17.748627,314,1640.06881,False
17.746703,314,1640.29747,False
17.747911,314,1640.520377,False
17.748347,314,1640.811204,False
17.748908,314,1643.4434,False
17.749486,314,1643.675461,False
17.747339,314,1643.89476,False
17.74694,314,1644.131604,False
17.747154,314,1644.382232,False
17.748391,314,1644.631018,False
17.747415,314,1644.920419,False
17.748055,314,1647.465939,False
17.748895,314,1647.691977,False
17.748737,314,1647.925525,False
17.748444,314,1648.149334,False
17.749286,314,1648.452084,False
17.749294,314,1648.746414,False
17.748099,314,1651.382373,False
17.748741,314,1651.602824,False
17.747144,314,1651.825675,False
17.748166,314,1652.059038,False
17.748065,314,1652.293586,False
17.747822,314,1652.539143,False
17.748883,314,1652.835219,False
17.747266,314,1655.561173,False
17.748009,314,1655.801926,False
17.748756,314,1656.179293,False
17.748381,314,1656.497462,False
17.74744,314,1656.740342,False
17.749333,314,1657.046512,False
17.746726,314,1659.95721,False
17.748452,314,1660.25067,False
17.748645,314,1660.493536,False
17.747313,314,1660.720381,False
17.748115,314,1660.978065,False
17.747952,314,1661.250571,False
17.59644,314,1661.491613,False
17.748159,314,1664.242586,False
17.748034,314,1664.49104,False
17.748146,314,1664.722042,False
17.749325,314,1664.944794,False
17.74796,314,1665.159786,False
17.747792,314,1665.379827,False
17.748606,314,1668.076075,False
17.74811,314,1668.340305,False
17.748513,314,1668.666904,False
17.748327,314,1668.911818,False
17.747291,314,1669.128793,False
17.748714,314,1669.345035,False
17.747274,314,1669.579001,False
17.748337,314,1672.19642,False
17.747762,314,1672.438816,False
17.748022,314,1672.670065,False
17.747934,314,1672.896057,False
17.748644,314,1673.114706,False
17.748699,314,1673.347638,False
17.748323,314,1673.59454,False
17.74802,314,1676.338537,False
17.747969,314,1676.598358,False
17.748628,314,1676.861338,False
17.747629,314,1677.128702,False
17.747571,314,1677.455233,False
17.748657,314,1677.747229,False
17.748417,314,1680.722995,False
17.747659,314,1680.97412,False
17.748141,314,1681.197763,False
17.747887,314,1681.447582,False
17.747252,314,1681.69823,False
17.7465,314,1681.945793,False
17.748617,314,1682.20114,False
17.747175,314,1684.887424,False
17.749001,314,1685.102553,False
17.747642,314,1685.331199,False
17.665671,314,1685.569387,False
17.747139,314,1685.825924,False
17.747626,314,1686.104246,False
17.748227,314,1688.825822,False
17.747848,314,1689.081699,False
17.750234,314,1689.349561,False
17.749245,314,1689.660044,False
17.747656,314,1690.06783,False
17.748389,314,1690.520881,False
17.749505,314,1690.769829,False
17.748812,314,1693.403127,False
17.747674,314,1693.640453,False
17.747454,314,1693.872119,False
17.74869,314,1694.16799,False
17.747995,314,1694.50413,False
17.745125,314,1694.73326,False
17.748417,314,1697.364306,False
17.748343,314,1697.590015,False
17.748172,314,1697.821979,False
17.747579,314,1698.053053,False
17.748341,314,1698.274092,False
17.746787,314,1698.510366,False
17.749387,314,1698.736714,False
17.748923,314,1701.378536,False
17.748737,314,1701.641843,False
17.749624,314,1701.870039,False
17.747321,314,1702.18456,False
17.747339,314,1702.481759,False
17.748901,314,1702.779148,False
17.748234,314,1705.421104,False
17.748261,314,1705.71781,False
17.747563,314,1706.007115,False
17.748155,314,1706.339683,False
17.748458,314,1706.629471,False
17.746853,314,1706.880636,False
17.747766,314,1707.115038,False
17.748094,314,1709.828253,False
17.748952,314,1710.060357,False
17.747333,314,1710.284713,False
17.747123,314,1710.551666,False
17.747573,314,1710.808325,False
17.748995,314,1711.08351,False
17.748511,314,1713.810343,False
17.747526,314,1714.022471,False
17.747119,314,1714.226319,False
17.749336,314,1714.468628,False
17.749166,314,1714.719801,False
17.74766,314,1714.980311,False
17.747705,314,1715.299788,False
17.747473,314,1717.908087,False
17.748205,314,1718.119425,False
17.747787,314,1718.395731,False
17.749159,314,1718.655148,False
17.749134,314,1719.015205,False
17.747159,314,1719.293635,False
17.748302,314,1721.933278,False
17.748194,314,1722.27334,False
17.747761,314,1722.512624,False
17.748339,314,1722.744713,False
17.747278,314,1722.964776,False
17.747754,314,1723.203091,False
17.747927,314,1723.455052,False
17.74937,314,1726.384852,False
17.748728,314,1726.622468,False
17.7487,314,1726.856236,False
17.748282,314,1727.143778,False
17.747451,314,1727.477654,False
17.747789,314,1727.764058,False
17.747299,314,1730.549551,False
17.748283,314,1730.758001,False
17.74749,314,1730.965969,False
17.748906,314,1731.184552,False
17.746292,314,1731.41904,False
17.747616,314,1731.648194,False
17.748688,314,1731.90879,False
17.748023,314,1734.783397,False
17.748698,314,1735.169718,False
17.749296,314,1735.448237,False
17.744672,314,1735.720869,False
17.749156,314,1735.9507,False
17.748394,314,1736.252498,False
17.73828,314,1739.043516,False
17.747949,314,1739.26925,False
17.74779,314,1739.506561,False
17.747208,314,1739.77819,False
17.748104,314,1740.042855,False
17.747888,314,1740.263341,False
17.748116,314,1740.488352,False
17.748088,314,1743.084944,False
17.748826,314,1743.302982,False
17.739499,314,1743.573039,False
17.74952,314,1743.827902,False
17.746654,314,1744.090606,False
17.74817,314,1744.318258,False
17.748533,314,1746.847416,False
17.695594,314,1747.058205,False
17.74809,314,1747.270091,False
17.748223,314,1747.487689,False
17.749133,314,1747.704511,False
17.747355,314,1747.931743,False
17.748527,314,1748.165452,False
17.748018,314,1750.680403,False
17.749608,314,1750.901484,False
17.74779,314,1751.136413,False
17.747931,314,1751.385627,False
17.748757,314,1751.616472,False
17.748756,314,1751.880786,False
17.749469,314,1754.470439,False
17.748225,314,1754.682799,False
17.748157,314,1754.905762,False
17.74975,314,1755.121129,False
17.747906,314,1755.337015,False
17.747177,314,1755.585131,False
17.747923,314,1755.811335,False
17.748343,314,1758.36134,False
17.748852,314,1758.581437,False
17.748174,314,1758.799337,False
17.541621,314,1759.079128,False
17.74731,314,1759.360173,False
17.748314,314,1759.585863,False
17.749401,314,1762.17092,False
17.74847,314,1762.497255,False
17.747683,314,1762.73698,False
17.748112,314,1763.021104,False
17.748479,314,1763.277318,False
17.747589,314,1763.529979,False
17.748169,314,1763.772711,False
17.747656,314,1766.397281,False
17.748438,314,1766.622827,False
17.748888,314,1766.840941,False
17.747618,314,1767.090471,False
17.744416,314,1767.350734,False
17.747969,314,1767.57927,False
17.748683,314,1767.792371,False
17.7486,314,1770.454354,False
17.74842,314,1770.679514,False
17.749674,314,1770.897088,False
17.748217,314,1771.167697,False
17.748581,314,1771.429053,False
17.74789,314,1771.643352,False
17.748955,314,1774.23129,False
17.748455,314,1774.448241,False
17.747486,314,1774.777987,False
17.749675,314,1775.016296,False
17.748974,314,1775.234702,False
17.747027,314,1775.448869,False
17.747235,314,1775.657723,False
17.74854,314,1778.377692,False
17.748609,314,1778.587211,False
17.747808,314,1778.788058,False
17.747585,314,1778.992898,False
17.748739,314,1779.195302,False
17.748529,314,1779.401517,False
17.745076,314,1782.011657,False
17.74949,314,1782.265185,False
17.747768,314,1782.506784,False
17.747273,314,1782.71552,False
17.7487,314,1782.917561,False
17.747303,314,1783.127748,False
17.748595,314,1783.339447,False
17.746721,314,1785.962425,False
17.748024,314,1786.196215,False
17.748763,314,1786.483294,False
17.74889,314,1786.802252,False
17.747781,314,1787.181622,False
17.748875,314,1787.54273,False
17.74803,314,1790.71158,False
17.747286,314,1790.924644,False
17.748829,314,1791.142219,False
17.747973,314,1791.464831,False
17.745284,314,1791.806271,False
17.748294,314,1792.029427,False
17.748665,314,1792.252665,False
17.747757,314,1794.851429,False
17.553687,314,1795.067655,False
17.747225,314,1795.309232,False
17.748958,314,1795.534708,False
17.748165,314,1795.796348,False
17.748649,314,1796.075199,False
17.748107,314,1798.649124,False
17.748383,314,1798.874408,False
17.74946,314,1799.086365,False
17.747758,314,1799.294233,False
17.748382,314,1799.522974,False
17.748775,314,1799.74381,False
17.747528,314,1799.954618,False
17.747803,314,1802.538996,False
17.748624,314,1802.750649,False
17.748989,314,1802.960238,False
17.748435,314,1803.172199,False
17.74955,314,1803.412253,False
17.749574,314,1803.631166,False
17.748082,314,1806.263716,False
17.749417,314,1806.493434,False
17.748953,314,1806.709151,False
17.748126,314,1806.924966,False
17.748937,314,1807.145964,False
17.748179,314,1807.385967,False
17.747633,314,1807.600746,False
17.749211,314,1810.135836,False
17.74861,314,1810.365352,False
17.748336,314,1810.587427,False
17.747551,314,1810.834448,False
17.749928,314,1811.147826,False
17.748844,314,1811.501354,False
17.749227,314,1814.573915,False
17.749445,314,1814.811171,False
17.748719,314,1815.048726,False
17.748511,314,1815.276475,False
17.748702,314,1815.503754,False
17.748441,314,1815.730408,False
17.747553,314,1815.968355,False
17.748441,314,1818.63043,False
17.749091,314,1818.87595,False
17.747464,314,1819.149604,False
17.747442,314,1819.505947,False
17.749482,314,1819.853856,False
17.748413,314,1820.138994,False
17.747652,314,1823.106346,False
17.748362,314,1823.408814,False
17.746434,314,1823.713101,False
17.746944,314,1823.953153,False
17.748197,314,1824.192018,False
17.74789,314,1824.441729,False
17.747446,314,1824.688763,False
17.746665,314,1827.652015,False
17.748503,314,1827.887848,False
17.748418,314,1828.112169,False
17.748956,314,1828.335781,False
17.748896,314,1828.561846,False
17.74907,314,1828.811264,False
17.749092,314,1831.830222,False
17.749108,314,1832.059441,False
17.750266,314,1832.296016,False
17.744764,314,1832.52588,False
17.748354,314,1832.751608,False
17.748161,314,1833.007903,False
17.749207,314,1833.304394,False
17.74723,314,1836.513814,False
17.746468,314,1836.746293,False
17.747507,314,1836.999845,False
17.749102,314,1837.262539,False
17.749421,314,1837.654021,False
17.748068,314,1837.944159,False
17.74837,314,1840.747532,False
17.743189,314,1840.973051,False
17.749242,314,1841.243829,False
17.748085,314,1841.509004,False
17.748186,314,1841.823071,False
17.748572,314,1842.131244,False
17.749119,314,1842.368561,False
17.748212,314,1845.187562,False
17.748769,314,1845.424651,False
17.748716,314,1845.651907,False
17.748073,314,1845.885873,False
17.749046,314,1846.130417,False
17.747884,314,1846.46181,False
17.74873,314,1849.730916,False
17.741982,314,1849.972695,False
17.748507,314,1850.236015,False
17.748246,314,1850.507299,False
17.748021,314,1850.820294,False
17.749084,314,1851.09088,False
17.747828,314,1851.327033,False
17.747131,314,1854.087408,False
17.748452,314,1854.320207,False
17.748773,314,1854.555977,False
17.749677,314,1854.785571,False
17.682284,314,1855.030386,False
17.748247,314,1855.310051,False
17.748119,314,1858.385928,False
17.747598,314,1858.623522,False
17.748148,314,1858.861528,False
17.74864,314,1859.095267,False
17.74837,314,1859.366324,False
17.743957,314,1859.64827,False
17.747902,314,1860.055938,False
17.747357,314,1862.801678,False
17.748854,314,1863.06703,False
17.748028,314,1863.314377,False
17.748125,314,1863.553793,False
17.748479,314,1863.82003,False
17.748186,314,1864.062167,False
17.75681,314,1864.295497,False
17.746804,314,1867.240967,False
17.747802,314,1867.544346,False
17.747919,314,1867.924238,False
17.748735,314,1868.177184,False
17.744857,314,1868.423243,False
17.747865,314,1868.654347,False
17.748258,314,1871.483544,False
17.740238,314,1871.808146,False
17.749034,314,1872.163804,False
17.746918,314,1872.472226,False
17.747475,314,1872.738928,False
17.747613,314,1872.992487,False
17.733272,314,1873.310074,False
17.74842,314,1876.145957,False
17.747381,314,1876.428199,False
17.749151,314,1876.690258,False
17.74947,314,1877.040229,False
17.747228,314,1877.370558,False
17.748393,314,1877.611013,False
17.73714,314,1880.746783,False
17.748439,314,1881.109587,False
17.745761,314,1881.417841,False
17.748658,314,1881.6536,False
17.749088,314,1881.89019,False
17.747983,314,1882.12758,False
17.749221,314,1882.391108,False
17.74822,314,1885.58166,False
17.747722,314,1885.828923,False
17.747951,314,1886.068823,False
17.74877,314,1886.312074,False
17.74389,314,1886.551839,False
17.748185,314,1886.835828,False
17.747768,314,1889.976333,False
17.747011,314,1890.247494,False
17.748187,314,1890.520437,False
17.747401,314,1890.890195,False
17.747826,314,1891.175588,False
17.74855,314,1891.422975,False
17.748068,314,1891.691713,False
17.748956,314,1894.869071,False
17.750599,314,1895.144474,False
17.745732,314,1895.426618,False
17.747904,314,1895.761395,False
17.746039,314,1896.112003,False
17.748549,314,1896.366964,False
17.748021,314,1899.431324,False
17.747934,314,1899.684126,False
17.748689,314,1899.947756,False
17.74567,314,1900.283327,False
17.747271,314,1900.607126,False
17.749029,314,1900.861943,False
17.747692,314,1901.12267,False
17.748579,314,1904.254128,False
17.748194,314,1904.572913,False
17.749779,314,1904.897514,False
17.748866,314,1905.127105,False
17.747896,314,1905.349421,False
17.747661,314,1905.568701,False
17.748244,314,1908.179234,False
17.722045,314,1908.399047,False
17.747956,314,1908.608561,False
17.748678,314,1908.828685,False
17.748302,314,1909.048183,False
17.748632,314,1909.282214,False
17.748938,314,1909.521295,False
17.747596,314,1912.09406,False
17.748829,314,1912.322664,False
17.747499,314,1912.600067,False
17.748581,314,1912.869216,False
17.747408,314,1913.097814,False
17.746857,314,1913.316352,False
17.747345,314,1915.862057,False
17.748077,314,1916.082016,False
17.747346,314,1916.298161,False
17.746587,314,1916.514359,False
17.748496,314,1916.72848,False
17.748558,314,1916.941341,False
17.748853,314,1917.164859,False
17.746116,314,1919.786673,False
17.748175,314,1920.072124,False
17.747528,314,1920.314219,False
17.747431,314,1920.533896,False
17.749439,314,1920.752099,False
17.749,314,1920.967358,False
17.668633,314,1923.499483,False
17.748943,314,1923.740225,False
17.748826,314,1923.979052,False
17.744608,314,1924.293376,False
17.748002,314,1924.566453,False
17.748732,314,1924.798347,False
17.74861,314,1925.01269,False
17.748017,314,1927.548177,False
17.748911,314,1927.770747,False
17.742573,314,1927.99042,False
17.748086,314,1928.196839,False
17.578045,314,1928.408579,False
17.748757,314,1928.640415,False
17.749775,314,1931.242474,False
17.747759,314,1931.471682,False
17.747414,314,1931.71542,False
17.747854,314,1931.953443,False
17.748644,314,1932.22991,False
17.748871,314,1932.560215,False
17.748196,314,1932.77226,False
17.747688,314,1935.344208,False
17.748553,314,1935.561593,False
17.748174,314,1935.771942,False
17.748421,314,1935.989116,False
17.747318,314,1936.197577,False
17.747233,314,1936.426675,False
17.747735,314,1939.167579,False
17.747602,314,1939.381229,False
17.748098,314,1939.588578,False
17.747329,314,1939.797441,False
17.742799,314,1940.026837,False
17.747269,314,1940.253928,False
17.748005,314,1940.52159,False
17.746892,314,1943.008925,False
17.74837,314,1943.229484,False
17.747249,314,1943.43793,False
17.747915,314,1943.642598,False
17.747237,314,1943.849214,False
17.749772,314,1944.069773,False
17.748672,314,1946.674426,False
17.746836,314,1946.88562,False
17.748446,314,1947.109903,False
17.747458,314,1947.331337,False
17.748579,314,1947.677493,False
17.748754,314,1947.929056,False
17.74743,314,1948.143511,False
17.748199,314,1950.622213,False
17.749252,314,1950.846806,False
17.748027,314,1951.069051,False
17.747842,314,1951.290347,False
17.747577,314,1951.514248,False
17.749248,314,1951.73555,False
17.748692,314,1951.969556,False
17.749076,314,1954.674532,False
17.747991,314,1954.945497,False
17.748353,314,1955.186433,False
17.747737,314,1955.409664,False
17.749316,314,1955.63405,False
17.747628,314,1955.866651,False
17.747991,314,1958.528347,False
17.748293,314,1958.795019,False
17.747852,314,1959.094946,False
17.748293,314,1959.339032,False
17.747957,314,1959.562399,False
17.748597,314,1959.781155,False
17.747391,314,1960.01589,False
17.748368,314,1962.665607,False
17.748061,314,1962.890421,False
17.747386,314,1963.097211,False
17.748646,314,1963.317825,False
17.748445,314,1963.549046,False
17.742374,314,1963.796596,False
17.748633,314,1966.224916,False
17.748322,314,1966.437403,False
17.74801,314,1966.662738,False
17.748466,314,1966.926116,False
17.74842,314,1967.185342,False
17.749005,314,1967.480982,False
17.747828,314,1967.730958,False
17.748571,314,1970.258122,False
17.748689,314,1970.472921,False
17.749417,314,1970.684277,False
17.747977,314,1970.893867,False
17.748274,314,1971.117023,False
17.747958,314,1971.333874,False
17.747304,314,1973.81947,False
17.7486,314,1974.032011,False
17.746865,314,1974.254279,False
17.748121,314,1974.471685,False
17.747945,314,1974.695687,False
17.74627,314,1974.919125,False
17.749584,314,1975.200504,False
17.748722,314,1977.812885,False
17.747267,314,1978.035368,False
17.748678,314,1978.249611,False
17.748081,314,1978.491251,False
17.741051,314,1978.710995,False
17.747628,314,1978.971038,False
17.747329,314,1981.564089,False
17.747865,314,1981.812114,False
17.748245,314,1982.055271,False
17.748371,314,1982.320491,False
17.749373,314,1982.581725,False
17.748404,314,1982.793913,False
17.748336,314,1983.006938,False
17.748381,314,1985.606595,False
17.748769,314,1985.818425,False
17.748014,314,1986.028778,False
17.748423,314,1986.23747,False
17.748195,314,1986.452106,False
17.748898,314,1986.668498,False
17.74851,314,1989.15591,False
17.749389,314,1989.383224,False
17.748943,314,1989.61836,False
17.748265,314,1989.879862,False
17.748394,314,1990.144686,False
17.747678,314,1990.382681,False
17.748333,314,1990.605757,False
17.74885,314,1993.179014,False
17.748253,314,1993.398206,False
17.748552,314,1993.614845,False
17.747198,314,1993.825513,False
17.747496,314,1994.033176,False
17.748431,314,1994.249434,False
17.748189,314,1996.793599,False
17.749407,314,1997.004849,False
17.747292,314,1997.215753,False
17.74793,314,1997.440373,False
17.748439,314,1997.737292,False
17.749085,314,1998.088061,False
17.748214,314,1998.337136,False
17.74833,314,2000.845503,False
17.747891,314,2001.053125,False
17.746965,314,2001.26795,False
17.748535,314,2001.500957,False
17.747334,314,2001.713357,False
17.748869,314,2001.938208,False
17.748156,314,2004.467798,False
17.748383,314,2004.747137,False
17.748012,314,2005.003174,False
17.747921,314,2005.243673,False
17.748888,314,2005.462904,False
17.747183,314,2005.675467,False
17.748503,314,2005.891906,False
17.747868,314,2008.453436,False
17.747899,314,2008.670936,False
17.74773,314,2008.886472,False
17.749457,314,2009.12449,False
17.749418,314,2009.388055,False
17.748915,314,2009.661488,False
17.748373,314,2012.2241,False
17.748047,314,2012.439087,False
17.747924,314,2012.65484,False
17.747793,314,2012.867957,False
17.747609,314,2013.080854,False
17.747637,314,2013.294585,False
17.747406,314,2013.524494,False
17.74823,314,2016.052894,False
17.748216,314,2016.278805,False
17.745534,314,2016.532978,False
17.748753,314,2016.758938,False
17.74775,314,2017.049571,False
17.748144,314,2017.33372,False
17.748186,314,2019.854429,False
17.745118,314,2020.067696,False
17.747717,314,2020.285205,False
17.747196,314,2020.508794,False
17.749134,314,2020.717388,False
17.748109,314,2020.931081,False
17.749161,314,2021.158416,False
17.749976,314,2023.767769,False
17.748912,314,2023.984275,False
17.748644,314,2024.209051,False
17.74806,314,2024.440667,False
17.748411,314,2024.667811,False
17.749805,314,2024.907164,False
17.747719,314,2027.576394,False
17.749295,314,2027.785928,False
17.748548,314,2027.990958,False
17.747716,314,2028.220327,False
17.74811,314,2028.460118,False
17.74801,314,2028.781428,False
17.74755,314,2029.056548,False
17.747177,314,2031.828436,False
17.749235,314,2032.042971,False
17.749118,314,2032.260581,False
17.748059,314,2032.518219,False
17.748128,314,2032.785988,False
17.748338,314,2033.10011,False
17.748206,314,2035.629593,False
17.747391,314,2035.845583,False
17.749517,314,2036.095796,False
17.747915,314,2036.369277,False
17.748146,314,2036.672352,False
17.739275,314,2036.928605,False
17.749127,314,2037.169893,False
17.74848,314,2039.885594,False
17.747099,314,2040.102202,False
17.749612,314,2040.320256,False
17.747104,314,2040.584127,False
17.744992,314,2040.831222,False
17.748146,314,2041.295972,False
17.748628,314,2041.707077,False
17.747356,314,2044.658988,False
17.744747,314,2044.922091,False
17.748656,314,2045.154253,False
17.745038,314,2045.389116,False
17.746463,314,2045.605895,False
17.746446,314,2045.821213,False
17.747843,314,2048.442819,False
17.748297,314,2048.661778,False
17.746251,314,2048.876104,False
17.747889,314,2049.116668,False
17.742233,314,2049.425147,False
17.747671,314,2049.732913,False
17.749203,314,2050.069015,False
17.748429,314,2053.608707,False
17.748609,314,2053.868074,False
17.743243,314,2054.122472,False
17.747725,314,2054.383739,False
17.746634,314,2054.636948,False
17.744555,314,2054.884961,False
17.747958,314,2057.669394,False
17.741959,314,2057.905975,False
17.745668,314,2058.166677,False
17.736737,314,2058.511433,False
17.744427,314,2058.780885,False
17.738397,314,2059.052598,False
17.749463,314,2059.333632,False
17.7484,314,2062.577868,False
17.74852,314,2062.878866,False
17.747811,314,2063.140565,False
17.740271,314,2063.401184,False
17.744952,314,2063.656535,False
17.748312,314,2063.92017,False
17.744237,314,2066.792162,False
17.744534,314,2067.088722,False
17.744423,314,2067.503903,False
17.743246,314,2067.902914,False
17.749402,314,2068.173285,False
17.742923,314,2068.424913,False
17.748206,314,2068.658609,False
17.747802,314,2071.576169,False
17.74884,314,2072.051547,False
17.744446,314,2072.375937,False
17.742611,314,2072.648856,False
17.745685,314,2072.932461,False
17.748202,314,2073.183295,False
17.740045,314,2076.112796,False
17.746612,314,2076.465896,False
17.664411,314,2076.837855,False
17.747789,314,2077.104411,False
17.744996,314,2077.370411,False
17.746774,314,2077.619176,False
17.748025,314,2077.863497,False
17.7497,314,2080.841026,False
17.746787,314,2081.107397,False
17.748718,314,2081.476901,False
17.748358,314,2081.8187,False
17.747951,314,2082.092677,False
17.747456,314,2082.348306,False
17.748295,314,2085.29766,False
17.747765,314,2085.558251,False
17.746843,314,2085.816491,False
17.747885,314,2086.060841,False
17.74985,314,2086.312411,False
17.748937,314,2086.564993,False
17.749523,314,2086.816841,False
17.748335,314,2089.73339,False
17.748346,314,2090.113574,False
17.748354,314,2090.428883,False
17.747689,314,2090.704439,False
17.74866,314,2090.940844,False
17.748599,314,2091.176157,False
17.748571,314,2094.069037,False
17.748722,314,2094.311828,False
17.748435,314,2094.570636,False
17.74866,314,2094.82983,False
17.748416,314,2095.140135,False
17.748408,314,2095.42688,False
17.74817,314,2095.676998,False
17.747184,314,2098.619848,False
17.747746,314,2098.866873,False
17.749105,314,2099.133612,False
17.747762,314,2099.395702,False
17.748925,314,2099.698212,False
17.748328,314,2100.052267,False
17.748746,314,2102.905052,False
17.748849,314,2103.134966,False
17.747894,314,2103.394948,False
17.74844,314,2103.6974,False
17.747927,314,2103.977159,False
17.747348,314,2104.333618,False
17.749244,314,2104.60758,False
17.748798,314,2107.491135,False
17.748699,314,2107.779252,False
17.748058,314,2108.124195,False
17.748181,314,2108.441169,False
17.747621,314,2108.750622,False
17.747935,314,2108.998355,False
17.749435,314,2111.927322,False
17.748628,314,2112.181133,False
17.748496,314,2112.432873,False
17.748204,314,2112.715508,False
17.747891,314,2112.962614,False
17.74817,314,2113.271306,False
17.747861,314,2113.59684,False
17.74778,314,2116.715558,False
17.748686,314,2117.003105,False
17.749359,314,2117.371333,False
17.748175,314,2117.714107,False
17.747158,314,2118.018015,False
17.748002,314,2118.280477,False
17.748056,314,2121.107988,False
17.750189,314,2121.353878,False
17.748989,314,2121.617148,False
17.748089,314,2121.90019,False
17.749419,314,2122.228211,False
17.747066,314,2122.533125,False
17.748443,314,2122.773513,False
17.74805,314,2125.632063,False
17.747842,314,2125.882378,False
17.74815,314,2126.142156,False
17.748828,314,2126.399841,False
17.749101,314,2126.663787,False
17.747926,314,2126.92584,False
17.748218,314,2129.827573,False
17.74766,314,2130.12597,False
17.748419,314,2130.600738,False
17.747224,314,2130.894703,False
17.747296,314,2131.164843,False
17.748542,314,2131.426236,False
17.74791,314,2131.687534,False
17.747176,314,2134.543521,False
17.748458,314,2134.879984,False
17.748572,314,2135.148329,False
17.748087,314,2135.419601,False
17.747595,314,2135.773376,False
17.747998,314,2136.101539,False
17.748413,314,2138.861008,False
17.748765,314,2139.233106,False
17.748304,314,2139.604446,False
17.748759,314,2139.895644,False
17.748107,314,2140.170987,False
17.748523,314,2140.44439,False
17.748234,314,2140.687101,False
17.747905,314,2143.563182,False
17.747497,314,2143.813977,False
17.748105,314,2144.077673,False
17.748484,314,2144.328987,False
17.748681,314,2144.582292,False
17.748098,314,2144.815848,False
17.749319,314,2145.044512,False
17.748647,314,2147.857838,False
17.747474,314,2148.275283,False
17.749118,314,2148.623343,False
17.748469,314,2148.880836,False
17.748974,314,2149.126982,False
17.748569,314,2149.365679,False
17.749131,314,2152.110798,False
17.748294,314,2152.407848,False
17.748475,314,2152.768675,False
17.748705,314,2153.080429,False
17.747544,314,2153.336986,False
17.748031,314,2153.583605,False
17.692368,314,2153.861793,False
17.748224,314,2156.972775,False
17.74839,314,2157.229181,False
17.74854,314,2157.493601,False
17.747369,314,2157.752936,False
17.747674,314,2158.005815,False
17.748243,314,2158.243824,False
17.736587,314,2161.291871,False
17.748707,314,2161.542869,False
17.748209,314,2161.793782,False
17.748464,314,2162.039695,False
17.748633,314,2162.283026,False
17.747592,314,2162.517352,False
17.748821,314,2162.765314,False
17.747755,314,2165.4352,False
17.746118,314,2165.678147,False
17.747481,314,2165.923339,False
17.747669,314,2166.156021,False
17.745383,314,2166.392776,False
17.748491,314,2166.623741,False
17.748416,314,2169.28535,False
17.74797,314,2169.545847,False
17.748804,314,2169.784019,False
17.746701,314,2170.02289,False
17.748721,314,2170.260441,False
17.747792,314,2170.499495,False
17.748687,314,2170.768825,False
17.748607,314,2173.963574,False
17.747862,314,2174.279597,False
17.748614,314,2174.532456,False
17.748546,314,2174.777057,False
17.748539,314,2175.042879,False
17.748131,314,2175.307436,False
17.747376,314,2178.434525,False
17.742873,314,2178.693082,False
17.748505,314,2178.99868,False
17.748558,314,2179.359615,False
17.748557,314,2180.011319,False
17.749027,314,2180.32812,False
17.747839,314,2180.598478,False
17.746928,314,2184.51259,False
17.748521,314,2184.816165,False
17.748159,314,2185.165165,False
17.748054,314,2185.505148,False
17.750001,314,2185.869622,False
17.748875,314,2186.229821,False
17.746597,314,2190.380833,False
17.74816,314,2190.807471,False
17.748173,314,2191.176232,False
17.748708,314,2191.548969,False
17.745707,314,2192.022573,False
17.74013,314,2192.575114,False
17.748268,314,2192.842278,False
17.749084,314,2195.938535,False
17.747757,314,2196.240159,False
17.747833,314,2196.603107,False
17.74748,314,2196.874535,False
17.748209,314,2197.178622,False
17.747872,314,2197.502448,False
17.747886,314,2200.767312,False
17.746544,314,2201.011188,False
17.748303,314,2201.272407,False
17.618011,314,2201.570075,False
17.74886,314,2201.951191,False
17.749027,314,2202.260193,False
17.747671,314,2202.553996,False
17.747211,314,2205.633206,False
17.747976,314,2205.897404,False
17.748607,314,2206.178149,False
17.748642,314,2206.459816,False
17.748129,314,2206.822998,False
17.748128,314,2207.219172,False
17.74833,314,2210.264748,False
17.746769,314,2210.565047,False
17.747867,314,2210.843954,False
17.749213,314,2211.123532,False
17.747093,314,2211.409694,False
17.748998,314,2211.679726,False
17.747626,314,2211.944763,False
17.747202,314,2214.821394,False
17.747565,314,2215.287341,False
17.749553,314,2215.747587,False
17.630788,314,2216.255472,False
17.747066,314,2216.618175,False
17.747973,314,2217.185656,False
17.747492,314,2220.445486,False
17.749042,314,2220.813474,False
17.744107,314,2221.212662,False
17.747801,314,2221.695711,False
17.74744,314,2222.343282,False
17.749507,314,2222.70529,False
17.747181,314,2223.043232,False
17.746813,314,2227.334255,False
17.748184,314,2227.69052,False
17.747682,314,2228.031749,False
17.748106,314,2228.423834,False
17.748396,314,2228.806518,False
17.744875,314,2229.30365,False
17.744765,314,2232.708768,False
17.74821,314,2233.074942,False
17.747739,314,2233.563697,False
17.748656,314,2233.967369,False
17.748162,314,2234.308308,False
17.749169,314,2234.592716,False
17.748033,314,2234.857775,False
17.746626,314,2237.89117,False
17.747886,314,2238.159564,False
17.7478,314,2238.405331,False
17.748169,314,2238.653993,False
17.74796,314,2238.893584,False
17.747781,314,2239.137599,False
17.74783,314,2241.85275,False
17.747736,314,2242.11003,False
17.743319,314,2242.356693,False
17.747066,314,2242.608303,False
17.67348,314,2242.859666,False
17.745616,314,2243.112295,False
17.748208,314,2243.377144,False
17.747438,314,2246.22529,False
17.741765,314,2246.472357,False
17.748042,314,2246.738618,False
17.747323,314,2247.003806,False
17.746791,314,2247.300254,False
17.747356,314,2247.684862,False
17.748151,314,2247.99677,False
17.748188,314,2250.856649,False
17.747671,314,2251.188322,False
17.749248,314,2251.483433,False
17.748083,314,2251.757651,False
17.748451,314,2252.02484,False
17.747897,314,2252.267312,False
17.748949,314,2255.17792,False
17.748574,314,2255.428153,False
17.747922,314,2255.676044,False
17.74831,314,2255.929504,False
17.737213,314,2256.176249,False
17.60052,314,2256.505607,False
17.748324,314,2256.823505,False
17.746761,314,2259.499857,False
17.745458,314,2259.721885,False
17.747753,314,2259.949225,False
17.748259,314,2260.176297,False
17.749337,314,2260.406528,False
17.746974,314,2260.61882,False
17.748932,314,2263.078569,False
17.747809,314,2263.287702,False
17.748399,314,2263.499326,False
17.745551,314,2263.718581,False
17.747238,314,2263.927789,False
17.74885,314,2264.158373,False
17.749028,314,2264.376842,False
17.7451,314,2266.879403,False
17.748679,314,2267.088228,False
17.747845,314,2267.316494,False
17.682596,314,2267.539071,False
17.747344,314,2267.763862,False
17.744116,314,2268.065184,False
17.748803,314,2270.632432,False
17.745319,314,2270.96324,False
17.747679,314,2271.237599,False
17.74686,314,2271.460154,False
17.747487,314,2271.687147,False
17.74761,314,2272.00737,False
17.747553,314,2272.243987,False
17.748324,314,2274.932054,False
17.604177,314,2275.149746,False
17.748073,314,2275.370913,False
17.747419,314,2275.595928,False
17.748065,314,2275.809188,False
17.74632,314,2276.025728,False
17.748583,314,2278.656693,False
17.74881,314,2278.868205,False
17.748719,314,2279.077908,False
17.68906,314,2279.286945,False
17.748173,314,2279.50283,False
17.74766,314,2279.721736,False
17.748271,314,2279.943565,False
17.746326,314,2282.446105,False
17.747861,314,2282.662972,False
17.73265,314,2282.912326,False
17.747522,314,2283.169401,False
17.747955,314,2283.453859,False
17.744291,314,2283.747924,False
17.74771,314,2286.366136,False
17.748594,314,2286.670042,False
17.74851,314,2286.999834,False
17.74876,314,2287.240497,False
17.749275,314,2287.457776,False
17.747718,314,2287.682134,False
17.748479,314,2287.908027,False
17.748274,314,2290.499402,False
17.748346,314,2290.745414,False
17.747922,314,2291.049503,False
17.747626,314,2291.329234,False
17.744685,314,2291.579043,False
17.748349,314,2291.792071,False
17.747563,314,2294.279382,False
17.749551,314,2294.509047,False
17.748478,314,2294.725301,False
17.745583,314,2294.965662,False
17.749158,314,2295.227725,False
17.742383,314,2295.53561,False
17.747686,314,2295.811029,False
17.748524,314,2298.443809,False
17.748821,314,2298.748734,False
17.748489,314,2298.977713,False
17.747416,314,2299.204378,False
17.747842,314,2299.424328,False
17.747845,314,2299.638019,False
17.748076,314,2302.243846,False
17.747341,314,2302.455367,False
17.747452,314,2302.665843,False
17.748611,314,2302.877126,False
17.748305,314,2303.10014,False
17.748567,314,2303.315436,False
17.744786,314,2303.545506,False
17.748065,314,2306.18598,False
17.747339,314,2306.400843,False
17.748301,314,2306.619223,False
17.749031,314,2306.837361,False
17.746449,314,2307.108519,False
17.747227,314,2307.432083,False
17.74901,314,2310.396152,False
17.747855,314,2310.650337,False
17.74851,314,2310.894505,False
17.747082,314,2311.116677,False
17.74485,314,2311.352698,False
17.748822,314,2311.583676,False
17.747188,314,2311.852646,False
17.748444,314,2314.583003,False
17.74732,314,2314.881862,False
17.747377,314,2315.112417,False
17.749065,314,2315.341991,False
17.748302,314,2315.57983,False
17.749123,314,2315.821911,False
17.748094,314,2318.606739,False
17.74774,314,2318.83121,False
17.746348,314,2319.05186,False
17.747931,314,2319.288434,False
17.74741,314,2319.552332,False
17.747685,314,2319.905397,False
17.745425,314,2320.242387,False
17.74756,314,2323.129842,False
17.74823,314,2323.389959,False
17.747894,314,2323.638715,False
17.747138,314,2323.892141,False
17.747544,314,2324.149628,False
17.746289,314,2324.458792,False
17.747622,314,2327.655246,False
17.747073,314,2328.054257,False
17.748431,314,2328.30451,False
17.748961,314,2328.567678,False
17.747605,314,2328.80975,False
17.74887,314,2329.046302,False
17.645425,314,2329.305899,False
17.749367,314,2332.334377,False
17.747009,314,2332.705998,False
17.635202,314,2333.092453,False
17.748991,314,2333.374199,False
17.748454,314,2333.658293,False
17.746786,314,2333.9158,False
17.748224,314,2336.914489,False
17.748274,314,2337.156622,False
17.747491,314,2337.392891,False
17.747441,314,2337.630095,False
17.745045,314,2337.865609,False
17.746756,314,2338.167774,False
17.748304,314,2338.534589,False
17.746126,314,2341.528129,False
17.747193,314,2341.79058,False
17.737355,314,2342.034062,False
17.749211,314,2342.291448,False
17.744919,314,2342.55799,False
17.746659,314,2342.809325,False
17.748994,314,2343.041304,False
17.747077,314,2346.066634,False
17.748075,314,2346.306354,False
17.747649,314,2346.640704,False
17.747638,314,2346.896777,False
17.748242,314,2347.148291,False
17.747424,314,2347.388952,False
17.747944,314,2350.224191,False
17.749241,314,2350.558991,False
17.748164,314,2350.927084,False
17.746399,314,2351.287524,False
17.748291,314,2351.57134,False
17.74605,314,2351.852012,False
17.747964,314,2352.093706,False
17.747684,314,2354.98676,False
17.74831,314,2355.229948,False
17.746696,314,2355.481725,False
17.747779,314,2355.724711,False
17.748164,314,2356.003783,False
17.748067,314,2356.306683,False
17.747907,314,2359.336657,False
17.748282,314,2359.602451,False
17.747655,314,2359.926537,False
17.749067,314,2360.278032,False
17.748203,314,2360.660888,False
17.748215,314,2360.927154,False
17.74144,314,2361.163414,False
17.747097,314,2364.160684,False
17.748418,314,2364.577344,False
17.748812,314,2364.848799,False
17.748798,314,2365.11321,False
17.748519,314,2365.359953,False
17.745926,314,2365.602864,False
17.748799,314,2368.482753,False
17.748345,314,2368.720361,False
17.748511,314,2368.965521,False
17.743808,314,2369.342918,False
17.747374,314,2369.727242,False
17.747438,314,2370.187503,False
17.748713,314,2370.44358,False
17.748759,314,2373.389273,False
17.736393,314,2373.64183,False
17.741382,314,2373.894926,False
17.747619,314,2374.137549,False
17.748835,314,2374.403184,False
17.746419,314,2374.67821,False
17.748482,314,2377.606236,False
17.74741,314,2377.97267,False
17.748557,314,2378.34062,False
17.749787,314,2378.595332,False
17.747616,314,2378.835629,False
17.747798,314,2379.075421,False
17.74909,314,2379.34235,False
17.74772,314,2383.131524,False
17.747443,314,2383.379826,False
17.748524,314,2383.647897,False
17.74837,314,2383.911402,False
17.748345,314,2384.164584,False
17.747406,314,2384.445408,False
17.748851,314,2387.525159,False
17.747931,314,2387.796254,False
17.748332,314,2388.084814,False
17.748228,314,2388.354766,False
17.748629,314,2388.618575,False
17.746954,314,2388.884107,False
17.7494,314,2389.139672,False
17.748664,314,2392.063135,False
17.748185,314,2392.348784,False
17.747323,314,2392.716821,False
17.748115,314,2393.107974,False
17.747964,314,2393.368886,False
17.747123,314,2393.615962,False
17.74767,314,2396.559302,False
17.613018,314,2396.810477,False
17.74831,314,2397.097765,False
17.74844,314,2397.409758,False
17.749487,314,2397.821885,False
17.747375,314,2398.175089,False
17.747403,314,2398.439057,False
17.748318,314,2401.246612,False
17.747814,314,2401.568747,False
17.748469,314,2401.93304,False
17.747699,314,2402.329168,False
17.746904,314,2402.708612,False
17.747158,314,2402.960651,False
17.747928,314,2405.871782,False
17.747815,314,2406.125719,False
17.747988,314,2406.425822,False
17.749373,314,2406.730627,False
17.748492,314,2407.086573,False
17.748856,314,2407.492813,False
17.748375,314,2407.837022,False
17.748051,314,2410.745806,False
17.747904,314,2410.986944,False
17.749096,314,2411.243224,False
17.747778,314,2411.521807,False
17.748538,314,2411.772398,False
17.748654,314,2412.034178,False
17.748492,314,2414.95195,False
17.74808,314,2415.379295,False
17.747897,314,2415.814986,False
17.74226,314,2416.10199,False
17.748091,314,2416.374916,False
17.748156,314,2416.6994,False
17.748772,314,2417.018005,False
17.748708,314,2420.414043,False
17.748888,314,2420.782606,False
17.74878,314,2421.087261,False
17.748038,314,2421.340833,False
17.748474,314,2421.584003,False
17.748141,314,2421.830738,False
17.748079,314,2424.754814,False
17.749574,314,2425.029861,False
17.747902,314,2425.318225,False
17.749332,314,2425.693444,False
17.747573,314,2426.052314,False
17.748409,314,2426.441222,False
17.747938,314,2426.707537,False
17.74659,314,2429.654925,False
17.748115,314,2429.928409,False
17.747848,314,2430.199015,False
17.747636,314,2430.619648,False
17.748493,314,2430.966768,False
17.748562,314,2431.264219,False
17.748341,314,2434.348048,False
17.748594,314,2434.615309,False
17.748421,314,2434.867269,False
17.748196,314,2435.110777,False
17.748657,314,2435.362663,False
17.746944,314,2435.609601,False
17.747568,314,2435.852573,False
17.749549,314,2438.784911,False
17.749009,314,2439.101988,False
17.747794,314,2439.370576,False
17.748042,314,2439.644048,False
17.748368,314,2439.915931,False
17.748668,314,2440.167823,False
17.748151,314,2443.356928,False
17.748614,314,2443.710476,False
17.748688,314,2443.977711,False
17.746846,314,2444.22326,False
17.748784,314,2444.473769,False
17.742852,314,2444.715263,False
17.749723,314,2444.957694,False
17.747056,314,2447.803775,False
17.747155,314,2448.042098,False
17.747756,314,2448.278975,False
17.74818,314,2448.525112,False
17.748955,314,2448.766602,False
17.747299,314,2449.009854,False
17.747956,314,2449.253058,False
17.749004,314,2452.254067,False
17.748541,314,2452.570261,False
17.750016,314,2453.026733,False
17.748713,314,2453.356989,False
17.74851,314,2453.612809,False
17.749172,314,2453.863508,False
17.747689,314,2456.52911,False
17.747848,314,2456.748045,False
17.747742,314,2456.983675,False
17.748,314,2457.212862,False
17.747564,314,2457.479343,False
17.748372,314,2457.752876,False
17.748651,314,2458.105851,False
17.747562,314,2460.724803,False
17.7484,314,2460.949575,False
17.748086,314,2461.179772,False
17.74878,314,2461.399944,False
17.747903,314,2461.620412,False
17.749665,314,2461.881544,False
17.748722,314,2464.575322,False
17.747233,314,2464.823492,False
17.748267,314,2465.120797,False
17.747532,314,2465.41384,False
17.747574,314,2465.667797,False
17.748153,314,2465.888877,False
17.748053,314,2466.118256,False
17.748485,314,2468.902689,False
17.748684,314,2469.138709,False
17.748256,314,2469.367899,False
17.748309,314,2469.641526,False
17.746924,314,2469.953253,False
17.748162,314,2470.326019,False
17.749032,314,2473.224364,False
17.748418,314,2473.714603,False
17.748608,314,2474.086721,False
17.747707,314,2474.365042,False
17.747541,314,2474.67868,False
17.748318,314,2474.957236,False
17.747747,314,2475.22943,False
17.748377,314,2478.350518,False
17.747798,314,2478.893891,False
17.748017,314,2479.242018,False
17.748413,314,2479.494777,False
17.748622,314,2479.760428,False
17.748543,314,2480.052706,False
17.74835,314,2482.905842,False
17.747325,314,2483.198285,False
17.749158,314,2483.468438,False
17.748297,314,2483.771656,False
17.746977,314,2484.019685,False
17.748647,314,2484.239915,False
17.747238,314,2484.453979,False
17.747605,314,2487.171754,False
17.747889,314,2487.438472,False
17.748907,314,2487.698247,False
17.748554,314,2487.927203,False
17.74771,314,2488.166307,False
17.748852,314,2488.416929,False
17.748598,314,2491.488772,False
17.748873,314,2491.801605,False
17.748906,314,2492.083888,False
17.74888,314,2492.352359,False
17.747271,314,2492.720031,False
17.747805,314,2493.059189,False
17.749279,314,2493.323491,False
17.748435,314,2495.907188,False
17.747646,314,2496.119562,False
17.748009,314,2496.346396,False
17.747437,314,2496.643916,False
17.748203,314,2496.873442,False
17.748981,314,2497.120706,False
17.748759,314,2499.817662,False
17.748674,314,2500.038675,False
17.747974,314,2500.301969,False
17.749377,314,2500.540753,False
17.748185,314,2500.776714,False
17.747341,314,2501.082586,False
17.747529,314,2501.441582,False
17.74858,314,2504.093892,False
17.747052,314,2504.306237,False
17.747371,314,2504.541971,False
17.749631,314,2504.81291,False
17.7481,314,2505.186979,False
17.748404,314,2505.491525,False
17.745826,314,2508.195975,False
17.74806,314,2508.413352,False
17.748863,314,2508.629109,False
17.748396,314,2508.844949,False
17.748792,314,2509.093231,False
17.748494,314,2509.326551,False
17.748533,314,2509.605609,False
17.748122,314,2512.203882,False
17.7488,314,2512.546858,False
17.748484,314,2512.829235,False
17.747821,314,2513.107817,False
17.748909,314,2513.356404,False
17.747724,314,2513.598868,False
17.747821,314,2516.301704,False
17.748493,314,2516.531979,False
17.748267,314,2516.825021,False
17.748036,314,2517.128944,False
17.748543,314,2517.367354,False
17.74812,314,2517.645008,False
17.749478,314,2517.933589,False
