Step,Time,X,Y,Z,Roll,Pitch,Yaw,Thrust,GimbalYaw,GimbalPitch,Mass,Reward
0,0,1.6535917239670606,-0.440922079772562,11.0,-1.4803499497949923,-0.043228361592828786,0.0005584762665867236,0.0,0.0,0.0,110.0,0.0
1,0.01,1.6640337336569082,-0.4335963726267853,10.99598685245977,-1.4801302780913792,-0.04311753059918614,-0.003599044718088447,0.0,-20.0,-20.0,110.0,-9.464721287105741
2,0.02,1.6744750971801836,-0.4262700036486196,10.991973687329187,-1.4799347606497697,-0.04329257515917219,-0.017818435802179757,0.0,-20.0,-20.0,110.0,-9.463767042200278
3,0.03,1.6849164538780845,-0.4189436285476996,10.987960522032534,-1.479933663173838,-0.04353427105442733,-0.02744024091117646,0.0,-20.0,-20.0,110.0,-9.461188463290544
4,0.04,1.6953577364565322,-0.4116171779239664,10.983947354730953,-1.480000122469849,-0.04379154242941239,-0.03510997855446528,0.0,-20.0,-20.0,110.0,-9.4593261780656
5,0.05,1.7057990073154872,-0.40429071872245664,10.97993418719889,-1.4800771378506474,-0.044064528681538685,-0.04282418002964895,0.0,-20.0,-20.0,110.0,-9.457675780900493
6,0.06,1.7162402896847977,-0.3969642769763126,10.975921020126162,-1.4801437974582694,-0.04434638835228458,-0.05110667980413164,0.0,-20.0,-20.0,110.0,-9.456047626872834
7,0.07,1.7266815903695134,-0.3896378587954341,10.971907853675878,-1.4801944391951907,-0.04462907830866685,-0.05988773904146035,0.0,-20.0,-20.0,110.0,-9.454398294955
8,0.08,1.7371229089316986,-0.38231146279790507,10.967894687812143,-1.4802288696156887,-0.04490738641549002,-0.06898539211656254,0.0,-20.0,-20.0,110.0,-9.452732670777781
9,0.09,1.7475642425755267,-0.37498508575114115,10.963881522449409,-1.4802494369498291,-0.045179244220546644,-0.07825282760995204,0.0,-20.0,-20.0,110.0,-9.451062373134784
10,0.1,1.758005587922618,-0.36765872331343347,10.959868357472986,-1.4802594135538352,-0.04544476682556747,-0.08760102744817315,0.0,-20.0,-20.0,110.0,-9.449397259116463
11,0.11,1.768446941880943,-0.36033237127238044,10.955855192771715,-1.4802617464023837,-0.0457049576844445,-0.09698439320022527,0.0,-20.0,-20.0,110.0,-9.44774354611808
12,0.12,1.7788883020477841,-0.3530060261321796,10.95184202825345,-1.4802589952501195,-0.04596093858424739,-0.10638190403801534,0.0,-20.0,-20.0,110.0,-9.44610435224025
13,0.13,1.7893296667827931,-0.3456796847142167,10.947828863834822,-1.4802534138325407,-0.04621370014380895,-0.11578481092618571,0.0,-20.0,-20.0,110.0,-9.44448114070366
14,0.14,1.7997710348464155,-0.33835334526252153,10.943815699469516,-1.4802465117137158,-0.046464053343388115,-0.12518990129511626,0.0,-20.0,-20.0,110.0,-9.442874467327295
15,0.15,1.8102124053458162,-0.3310270065104306,10.939802535124127,-1.4802389764633281,-0.046712640908733935,-0.13459602772071666,0.0,-20.0,-20.0,110.0,-9.441284569964116
16,0.16,1.8206537776069927,-0.3237006680567685,10.935789370787779,-1.4802311499827427,-0.04695994569403088,-0.14400274282805092,0.0,-20.0,-20.0,110.0,-9.439711516242818
17,0.17,1.8310951511452733,-0.3163743296729731,10.9317762064542,-1.480223219642344,-0.04720631975439934,-0.15340985239460986,0.0,-20.0,-20.0,110.0,-9.438155337608318
18,0.18,1.8415365256215035,-0.309047991219676,10.927763042119533,-1.480215296170735,-0.04745201066354309,-0.16281726009623473,0.0,-20.0,-20.0,110.0,-9.436616052352987
19,0.19,1.8519779008084178,-0.3017216526159377,10.923749877781516,-1.4802074427515066,-0.04769718392629059,-0.17222491219933422,0.0,-20.0,-20.0,110.0,-9.435093673586811
20,0.2,1.8624192765549836,-0.29439531382354284,10.919736713439043,-1.4801996880500157,-0.04794194779870826,-0.18163277343378736,0.0,-20.0,-20.0,110.0,-9.433588211216678
21,0.21,1.8728606527560674,-0.28706897485822086,10.915723549092446,-1.4801920229394727,-0.04818637856121583,-0.19104081258608233,0.0,-20.0,-20.0,110.0,-9.432099672764691
22,0.22,1.8833020293021796,-0.2797426357802203,10.911710384743197,-1.4801844037729055,-0.048430547665076096,-0.20044899124565652,0.0,-20.0,-20.0,110.0,-9.430628064040071
23,0.23,1.8937434060982867,-0.2724162966598488,10.907697220393041,-1.4801767658585914,-0.048674545380456735,-0.20985725890758458,0.0,-20.0,-20.0,110.0,-9.42917338951089
24,0.24,1.904184783039166,-0.2650899575682325,10.903684056043739,-1.480169065244797,-0.04891843853250265,-0.21926557848431405,0.0,-20.0,-20.0,110.0,-9.427735661384745
25,0.25,1.9146261600659695,-0.25776361853568774,10.899670891696028,-1.4801612824364216,-0.04916226662633246,-0.22867392856963917,0.0,-20.0,-20.0,110.0,-9.426314889202981
26,0.26,1.92506753714728,-0.25043727956873735,10.895657727350052,-1.480153412254569,-0.049406052995097066,-0.2380822970340282,0.0,-20.0,-20.0,110.0,-9.424911081386252
27,0.27,1.9355089142647879,-0.2431109406635229,10.8916445630057,-1.4801454572360822,-0.04964981116675225,-0.24749067710831205,0.0,-20.0,-20.0,110.0,-9.42352424570133
28,0.28,1.9459502914080218,-0.23578460181147984,10.88763139866274,-1.480137423472158,-0.04989354888986542,-0.2568990650123577,0.0,-20.0,-20.0,110.0,-9.422154389485096
29,0.29,1.9563916685709122,-0.22845826300272493,10.883618234320915,-1.4801293180848218,-0.050137270682976146,-0.2663074585765542,0.0,-20.0,-20.0,110.0,-9.420801519791615
30,0.3,1.9668330457496839,-0.22113192422793662,10.879605069979979,-1.4801211478212937,-0.050380979374016914,-0.2757158564744561,0.0,-20.0,-20.0,110.0,-9.419465643483257
31,0.31,1.9772744229416754,-0.21380558547922257,10.875591905639727,-1.480112918407093,-0.05062467695817822,-0.2851242578154267,0.0,-20.0,-20.0,110.0,-9.418146767284425
32,0.32,1.9877158001447552,-0.2064792467503401,10.871578741299995,-1.4801046343798618,-0.05086836502515819,-0.2945326619401795,0.0,-20.0,-20.0,110.0,-9.416844897811416
33,0.33,1.9981571773570777,-0.19915290803655808,10.86756557696066,-1.4800962991865396,-0.051112044939934695,-0.30394106832483503,0.0,-20.0,-20.0,110.0,-9.41556004158796
34,0.34,2.00859855457701,-0.19182656933436976,10.863552412621631,-1.4800879153888857,-0.05135571790089984,-0.3133494765386866,0.0,-20.0,-20.0,110.0,-9.414292205052325
35,0.35000000000000003,2.0190399318031242,-0.18450023064118676,10.85953924828284,-1.4800794848826297,-0.051599384949709226,-0.3227578862256252,0.0,-20.0,-20.0,110.0,-9.413041394559944
36,0.36,2.029481309034203,-0.17717389195507952,10.855526083944234,-1.4800710090841307,-0.051843046971116774,-0.33216629709404066,0.0,-20.0,-20.0,110.0,-9.41180761638399
37,0.37,2.039922686269235,-0.169847553274582,10.851512919605778,-1.4800624890707743,-0.052086704698024504,-0.3415747089086722,0.0,-20.0,-20.0,110.0,-9.410590876715125
38,0.38,2.0503640635073968,-0.16252121459855695,10.847499755267439,-1.4800539256786602,-0.0523303587244845,-0.3509831214824245,0.0,-20.0,-20.0,110.0,-9.409391181661173
39,0.39,2.0608054407480325,-0.15519487592610637,10.843486590929196,-1.4800453195676815,-0.05257400952415294,-0.36039153466813756,0.0,-20.0,-20.0,110.0,-9.40820853724691
40,0.4,2.0712468179906223,-0.14786853725651317,10.839473426591026,-1.4800366712644997,-0.05281765747061347,-0.3697999483508153,0.0,-20.0,-20.0,110.0,-9.407042949414016
41,0.41000000000000003,2.081688195234757,-0.1405421985892015,10.835460262252916,-1.480027981191691,-0.05306130285676749,-0.3792083624408318,0.0,-20.0,-20.0,110.0,-9.405894424021167
42,0.42,2.0921295724801157,-0.13321585992370863,10.831447097914856,-1.4800192496886353,-0.05330494591171798,-0.38861677686827695,0.0,-20.0,-20.0,110.0,-9.404762966844057
43,0.43,2.1025709497264446,-0.12588952125966338,10.827433933576831,-1.4800104770274323,-0.053548586814625446,-0.39802519157848737,0.0,-20.0,-20.0,110.0,-9.403648583575556
44,0.44,2.1130123269735446,-0.11856318259676898,10.823420769238838,-1.480001663425646,-0.053792225705659946,-0.4074336065285564,0.0,-20.0,-20.0,110.0,-9.402551279825715
45,0.45,2.123453704221257,-0.1112368439347888,10.81940760490087,-1.4799928090567587,-0.0540358626944919,-0.41684202168472545,0.0,-20.0,-20.0,110.0,-9.401471061121812
46,0.46,2.133895081469456,-0.1039105052735346,10.81539444056292,-1.4799839140588065,-0.054279497866824844,-0.4262504370203452,0.0,-20.0,-20.0,110.0,-9.400407932908298
47,0.47000000000000003,2.1443364587180422,-0.09658416661285689,10.811381276224985,-1.479974978541476,-0.05452313128943708,-0.4356588525143535,0.0,-20.0,-20.0,110.0,-9.399361900546776
48,0.48,2.1547778359669363,-0.08925782795263698,10.807368111887063,-1.4799660025918755,-0.05476676301410176,-0.44506726815010655,0.0,-20.0,-20.0,110.0,-9.398332969315923
49,0.49,2.1652192132160746,-0.08193148929278071,10.80335494754915,-1.4799569862791844,-0.05501039308066109,-0.4544756839144599,0.0,-20.0,-20.0,110.0,-9.397321144411396
50,0.5,2.1756605904654074,-0.07460515063321334,10.799341783211245,-1.4799479296583615,-0.055254021519458164,-0.46388409979703915,0.0,-20.0,-20.0,110.0,-9.396326430945738
51,0.51,2.1861019677148947,-0.0672788119738755,10.795328618873345,-1.4799388327730982,-0.05549764835326984,-0.4732925157896738,0.0,-20.0,-20.0,110.0,-9.395348833948287
52,0.52,2.1965433449645047,-0.05995247331472003,10.791315454535452,-1.4799296956581485,-0.055741273598848756,-0.48270093188594604,0.0,-20.0,-20.0,110.0,-9.394388358365056
53,0.53,2.206984722214212,-0.052626134655709464,10.78730229019756,-1.4799205183411752,-0.05598489726815376,-0.4921093480808276,0.0,-20.0,-20.0,110.0,-9.393445009058643
54,0.54,2.2174260994639967,-0.04529979599681404,10.783289125859673,-1.4799113008442142,-0.05622851936933132,-0.5015177643704022,0.0,-20.0,-20.0,110.0,-9.392518790808085
55,0.55,2.2278674767138424,-0.03797345733801007,10.779275961521787,-1.4799020431848284,-0.05647213990749756,-0.5109261807516144,0.0,-20.0,-20.0,110.0,-9.3916097083088
56,0.56,2.2383088539637375,-0.030647118679278756,10.775262797183903,-1.4798927453770274,-0.056715758885361074,-0.5203345972221076,0.0,-20.0,-20.0,110.0,-9.390717766172441
57,0.5700000000000001,2.248750231213671,-0.023320780020605128,10.771249632846022,-1.4798834074319978,-0.05695937630371841,-0.5297430137800946,0.0,-20.0,-20.0,110.0,-9.389842968926782
58,0.58,2.259191608463636,-0.015994441361977318,10.767236468508141,-1.479874029358682,-0.057202992161846135,-0.5391514304242175,0.0,-20.0,-20.0,110.0,-9.388985321015612
59,0.59,2.2696329857136246,-0.008668102703385878,10.763223304170262,-1.4798646111642393,-0.05744660645781408,-0.5485598471534717,0.0,-20.0,-20.0,110.0,-9.388144826798655
60,0.6,2.280074362963633,-0.0013417640448232942,10.759210139832383,-1.4798551528544097,-0.05769021918873345,-0.557968263967127,0.0,-20.0,-20.0,110.0,-9.387321490551408
61,0.61,2.2905157402136567,0.005984574613716389,10.755196975494504,-1.4798456544338088,-0.0579338303509534,-0.5673766808646732,0.0,-20.0,-20.0,110.0,-9.38651531646508
62,0.62,2.300957117463693,0.013310913272237913,10.751183811156627,-1.479836115906157,-0.05817743994021744,-0.5767850978457717,0.0,-20.0,-20.0,110.0,-9.385726308646477
63,0.63,2.311398494713739,0.02063725193074505,10.74717064681875,-1.4798265372744643,-0.05842104795178879,-0.5861935149102464,0.0,-20.0,-20.0,110.0,-9.38495447111787
64,0.64,2.321839871963793,0.027963590589240785,10.743157482480873,-1.4798169185411771,-0.05866465438054751,-0.5956019320580008,0.0,-20.0,-20.0,110.0,-9.384199807816913
65,0.65,2.3322812492138527,0.0352899292477275,10.739144318142996,-1.479807259708292,-0.0589082592210706,-0.6050103492890347,0.0,-20.0,-20.0,110.0,-9.383462322596554
66,0.66,2.3427226264639174,0.042616267906207095,10.735131153805119,-1.4797975607774494,-0.05915186246769366,-0.6144187666034231,0.0,-20.0,-20.0,110.0,-9.382742019224915
67,0.67,2.353164003713986,0.049942606564681066,10.731117989467242,-1.4797878217500087,-0.0593954641145604,-0.6238271840012913,0.0,-20.0,-20.0,110.0,-9.382038901385219
68,0.68,2.363605380964058,0.057268945223150604,10.727104825129365,-1.4797780426271034,-0.059639064155661774,-0.6332356014828028,0.0,-20.0,-20.0,110.0,-9.381352972675646
69,0.6900000000000001,2.374046758214132,0.06459528388161664,10.723091660791487,-1.4797682234096905,-0.05988266258486796,-0.6426440190481558,0.0,-20.0,-20.0,110.0,-9.380684236609316
70,0.7000000000000001,2.384488135464208,0.07192162254007997,10.71907849645361,-1.4797583640985843,-0.06012625939595291,-0.6520524366975855,0.0,-20.0,-20.0,110.0,-9.380032696614117
71,0.71,2.3949295127142856,0.07924796119854118,10.715065332115733,-1.4797484646944883,-0.060369854582614325,-0.6614608544313472,0.0,-20.0,-20.0,110.0,-9.37939835603269
72,0.72,2.4053708899643644,0.0865742998570007,10.711052167777856,-1.4797385251980157,-0.060613448138489345,-0.6708692722497169,0.0,-20.0,-20.0,110.0,-9.378781218122278
73,0.73,2.415812267214444,0.09390063851545898,10.707039003439979,-1.479728545609711,-0.06085704005716654,-0.6802776901529839,0.0,-20.0,-20.0,110.0,-9.378181286054676
74,0.74,2.426253644464525,0.10122697717391627,10.703025839102104,-1.4797185259300611,-0.06110063033219623,-0.689686108141441,0.0,-20.0,-20.0,110.0,-9.377598562916159
75,0.75,2.436695021714606,0.10855331583237281,10.699012674764228,-1.4797084661595115,-0.06134421895709843,-0.6990945262153997,0.0,-20.0,-20.0,110.0,-9.377033051707363
76,0.76,2.4471363989646875,0.11587965449082882,10.694999510426353,-1.47969836629847,-0.06158780592536875,-0.7085029443751667,0.0,-20.0,-20.0,110.0,-9.37648475534324
77,0.77,2.4575777762147695,0.12320599314928443,10.690986346088478,-1.4796882263473197,-0.06183139123048337,-0.7179113626210604,0.0,-20.0,-20.0,110.0,-9.375953676652962
78,0.78,2.468019153464852,0.13053233180773977,10.686973181750602,-1.4796780463064214,-0.06207497486590368,-0.7273197809534092,0.0,-20.0,-20.0,110.0,-9.375439818379862
79,0.79,2.4784605307149343,0.13785867046619493,10.682960017412727,-1.4796678261761171,-0.06231855682507917,-0.7367281993725411,0.0,-20.0,-20.0,110.0,-9.374943183181337
80,0.8,2.488901907965017,0.14518500912465,10.678946853074851,-1.4796575659567381,-0.06256213710144917,-0.7461366178787855,0.0,-20.0,-20.0,110.0,-9.374463773628817
81,0.81,2.4993432852151,0.15251134778310502,10.674933688736976,-1.4796472656486044,-0.062805715688446,-0.7555450364724843,0.0,-20.0,-20.0,110.0,-9.374001592207662
82,0.8200000000000001,2.5097846624651834,0.15983768644156002,10.6709205243991,-1.479636925252025,-0.06304929257949511,-0.7649534551539638,0.0,-20.0,-20.0,110.0,-9.373556641317107
83,0.8300000000000001,2.5202260397152667,0.16716402510001505,10.666907360061225,-1.4796265447673118,-0.06329286776801762,-0.7743618739235558,0.0,-20.0,-20.0,110.0,-9.373128923270198
84,0.84,2.53066741696535,0.17449036375847018,10.662894195723348,-1.4796161241947634,-0.06353644124743081,-0.7837702927815952,0.0,-20.0,-20.0,110.0,-9.372718440293744
85,0.85,2.5411087942154333,0.1818167024169254,10.658881031385471,-1.4796056635346782,-0.06378001301114855,-0.7931787117284126,0.0,-20.0,-20.0,110.0,-9.372325194528244
86,0.86,2.5515501714655167,0.18914304107538074,10.654867867047594,-1.4795951627873507,-0.06402358305258304,-0.8025871307643515,0.0,-20.0,-20.0,110.0,-9.371949188027818
87,0.87,2.5619915487156,0.1964693797338362,10.650854702709717,-1.4795846219530748,-0.06426715136514422,-0.8119955498897486,0.0,-20.0,-20.0,110.0,-9.371590422760185
88,0.88,2.5724329259656833,0.20379571839229182,10.64684153837184,-1.4795740410321436,-0.0645107179422403,-0.8214039691049374,0.0,-20.0,-20.0,110.0,-9.371248900606586
89,0.89,2.5828743032157666,0.2111220570507476,10.642828374033963,-1.479563420024848,-0.06475428277727886,-0.830812388410263,0.0,-20.0,-20.0,110.0,-9.370924623361724
90,0.9,2.59331568046585,0.21844839570920352,10.638815209696086,-1.4795527589314794,-0.06499784586366639,-0.8402208078060642,0.0,-20.0,-20.0,110.0,-9.370617592733756
91,0.91,2.6037570577159332,0.2257747343676596,10.634802045358208,-1.4795420577523293,-0.06524140719480842,-0.8496292272926811,0.0,-20.0,-20.0,110.0,-9.370327810344204
92,0.92,2.614198434966017,0.23310107302611585,10.630788881020331,-1.4795313164876893,-0.06548496676410981,-0.8590376468704454,0.0,-20.0,-20.0,110.0,-9.370055277727928
93,0.93,2.6246398122161008,0.2404274116845723,10.626775716682454,-1.4795205351378513,-0.06572852456497522,-0.8684460665396946,0.0,-20.0,-20.0,110.0,-9.369799996333105
94,0.9400000000000001,2.6350811894661845,0.2477537503430289,10.622762552344577,-1.4795097137031072,-0.06597208059080924,-0.8778544863007742,0.0,-20.0,-20.0,110.0,-9.36956196752113
95,0.9500000000000001,2.6455225667162683,0.2550800890014857,10.6187493880067,-1.479498852183752,-0.06621563483501536,-0.8872629061540228,0.0,-20.0,-20.0,110.0,-9.369341192566667
96,0.96,2.655963943966352,0.2624064276599427,10.614736223668823,-1.4794879505800782,-0.06645918729099795,-0.8966713260997922,0.0,-20.0,-20.0,110.0,-9.369137672657512
97,0.97,2.666405321216436,0.2697327663183999,10.610723059330946,-1.4794770088923792,-0.06670273795216096,-0.9060797461384176,0.0,-20.0,-20.0,110.0,-9.368951408894658
98,0.98,2.6768466984665196,0.2770591049768572,10.606709894993068,-1.4794660271209517,-0.0669462868119077,-0.9154881662702354,0.0,-20.0,-20.0,110.0,-9.368782402292199
99,0.99,2.6872880757166033,0.28438544363531476,10.602696730655191,-1.4794550052660913,-0.06718983386364188,-0.9248965864955853,0.0,-20.0,-20.0,110.0,-9.36863065377731
100,1.0,2.697729452966687,0.2917117822937725,10.598683566317314,-1.479443943328095,-0.06743337910076695,-0.9343050068148103,0.0,-20.0,-20.0,110.0,-9.368496164190251
101,1.01,2.708170830216771,0.29903812095223037,10.594670401979437,-1.479432841307262,-0.06767692251668625,-0.943713427228251,0.0,-20.0,-20.0,110.0,-9.36837893428432
102,1.02,2.7186122074668546,0.3063644596106885,10.59065723764156,-1.4794216992038907,-0.06792046410480326,-0.9531218477362442,0.0,-20.0,-20.0,110.0,-9.368278964725823
103,1.03,2.7290535847169384,0.31369079826914675,10.586644073303683,-1.4794105170182792,-0.06816400385852117,-0.9625302683391325,0.0,-20.0,-20.0,110.0,-9.368196256094075
104,1.04,2.739494961967022,0.3210171369276052,10.582630908965806,-1.479399294750734,-0.06840754177124406,-0.9719386890372612,0.0,-20.0,-20.0,110.0,-9.368130808881373
105,1.05,2.749936339217106,0.32834347558606386,10.578617744627929,-1.4793880324015547,-0.06865107783637496,-0.9813471098309631,0.0,-20.0,-20.0,110.0,-9.368082623492988
106,1.06,2.7603777164671897,0.3356698142445227,10.574604580290051,-1.4793767299710436,-0.06889461204731756,-0.9907555307205809,0.0,-20.0,-20.0,110.0,-9.368051700247118
107,1.07,2.7708190937172734,0.34299615290298174,10.570591415952174,-1.4793653874595063,-0.0691381443974753,-1.0001639517064518,0.0,-20.0,-20.0,110.0,-9.368038039374952
108,1.08,2.781260470967357,0.35032249156144096,10.566578251614297,-1.4793540048672469,-0.06938167488025196,-1.0095723727889159,0.0,-20.0,-20.0,110.0,-9.368041641020561
109,1.09,2.791701848217441,0.35764883021990035,10.56256508727642,-1.479342582194573,-0.06962520348905066,-1.0189807939683089,0.0,-20.0,-20.0,110.0,-9.36806250524098
110,1.1,2.8021432254675247,0.36497516887835996,10.558551922938543,-1.4793311194417924,-0.0698687302172751,-1.0283892152449747,0.0,-20.0,-20.0,110.0,-9.368100632006156
111,1.11,2.8125846027176085,0.37230150753681973,10.554538758600666,-1.4793196166092137,-0.07011225505832902,-1.0377976366192525,0.0,-20.0,-20.0,110.0,-9.368156021198963
112,1.12,2.8230259799676922,0.37962784619527973,10.550525594262789,-1.4793080736971456,-0.07035577800561643,-1.0472060580914873,0.0,-20.0,-20.0,110.0,-9.368228672615187
113,1.1300000000000001,2.833467357217776,0.3869541848537399,10.546512429924912,-1.4792964907058992,-0.07059929905254096,-1.056614479662017,0.0,-20.0,-20.0,110.0,-9.368318585963554
114,1.1400000000000001,2.8439087344678597,0.3942805235122002,10.542499265587034,-1.4792848676357866,-0.0708428181925065,-1.0660229013311828,0.0,-20.0,-20.0,110.0,-9.368425760865707
115,1.1500000000000001,2.8543501117179435,0.40160686217066077,10.538486101249157,-1.4792732044871204,-0.07108633541891692,-1.0754313230993244,0.0,-20.0,-20.0,110.0,-9.368550196856237
116,1.16,2.8647914889680273,0.4089332008291215,10.53447293691128,-1.4792615012602155,-0.07132985072517607,-1.084839744966783,0.0,-20.0,-20.0,110.0,-9.368691893382671
117,1.17,2.875232866218111,0.41625953948758243,10.530459772573403,-1.4792497579553856,-0.07157336410468805,-1.094248166933896,0.0,-20.0,-20.0,110.0,-9.368850849805503
118,1.18,2.885674243468195,0.42358587814604354,10.526446608235526,-1.479237974572948,-0.07181687555085658,-1.1036565890009988,0.0,-20.0,-20.0,110.0,-9.369027065398186
119,1.19,2.8961156207182785,0.43091221680450487,10.522433443897649,-1.479226151113219,-0.07206038505708595,-1.1130650111684335,0.0,-20.0,-20.0,110.0,-9.369220539347172
120,1.2,2.9065569979683623,0.43823855546296636,10.518420279559772,-1.4792142875765182,-0.07230389261677994,-1.1224734334365352,0.0,-20.0,-20.0,110.0,-9.369431270751921
121,1.21,2.916998375218446,0.445564894121428,10.514407115221895,-1.4792023839631643,-0.07254739822334288,-1.1318818558056472,0.0,-20.0,-20.0,110.0,-9.369659258624903
122,1.22,2.92743975246853,0.4528912327798899,10.510393950884017,-1.4791904402734746,-0.07279090187017896,-1.141290278276107,0.0,-20.0,-20.0,110.0,-9.36990450189165
123,1.23,2.9378811297186136,0.46021757143835196,10.50638078654614,-1.4791784565077764,-0.07303440355069278,-1.1506987008482532,0.0,-20.0,-20.0,110.0,-9.370166999390754
124,1.24,2.9483225069686974,0.46754391009681423,10.502367622208263,-1.479166432666389,-0.07327790325828859,-1.1601071235224316,0.0,-20.0,-20.0,110.0,-9.370446749873924
125,1.25,2.958763884218781,0.47487024875527667,10.498354457870386,-1.479154368749637,-0.07352140098637058,-1.1695155462989808,0.0,-20.0,-20.0,110.0,-9.370736973561689
126,1.26,2.969205261468865,0.4821965874137393,10.494341293532509,-1.4791422647578452,-0.07376489672834312,-1.178923969178237,0.0,-20.0,-20.0,110.0,-9.37103467117862
127,1.27,2.9796466387189486,0.4895229260722021,10.490328129194632,-1.479130120691339,-0.07400839047761092,-1.1883323921605446,0.0,-20.0,-20.0,110.0,-9.37134958426182
128,1.28,2.9900880159690324,0.4968492647306651,10.486314964856755,-1.4791179365504454,-0.07425188222757845,-1.1977408152462463,0.0,-20.0,-20.0,110.0,-9.371681711148911
129,1.29,3.000529393219116,0.5041756033891283,10.482301800518877,-1.4791057123354936,-0.07449537197165028,-1.2071492384356854,0.0,-20.0,-20.0,110.0,-9.372031050090651
130,1.3,3.0109707704692,0.5115019420475917,10.478288636181,-1.4790934480468114,-0.07473885970323142,-1.2165576617292029,0.0,-20.0,-20.0,110.0,-9.372397599250972
131,1.31,3.0214121477192837,0.5188282807060552,10.474275471843123,-1.4790811436847298,-0.07498234541572632,-1.2259660851271368,0.0,-20.0,-20.0,110.0,-9.37278135670703
132,1.32,3.0318535249693674,0.526154619364519,10.470262307505246,-1.4790687992495801,-0.07522582910253969,-1.2353745086298211,0.0,-20.0,-20.0,110.0,-9.373182320449224
133,1.33,3.042294902219451,0.533480958022983,10.466249143167369,-1.479056414741695,-0.07546931075707623,-1.244782932237594,0.0,-20.0,-20.0,110.0,-9.37360048838128
134,1.34,3.052736279469535,0.5408072966814471,10.462235978829492,-1.479043990161406,-0.07571279037274119,-1.2541913559508038,0.0,-20.0,-20.0,110.0,-9.374035858320271
135,1.35,3.0631776567196187,0.5481336353399114,10.458222814491615,-1.479031525509049,-0.07595626794293941,-1.2635997797697887,0.0,-20.0,-20.0,110.0,-9.374488427996678
136,1.36,3.0736190339697025,0.555459973998376,10.454209650153738,-1.4790190207849592,-0.07619974346107604,-1.2730082036948875,0.0,-20.0,-20.0,110.0,-9.374958195054436
137,1.37,3.0840604112197862,0.5627863126568406,10.45019648581586,-1.4790064759894739,-0.07644321692055556,-1.2824166277264382,0.0,-20.0,-20.0,110.0,-9.375445157051011
138,1.3800000000000001,3.09450178846987,0.5701126513153055,10.446183321477983,-1.478993891122931,-0.07668668831478337,-1.291825051864783,0.0,-20.0,-20.0,110.0,-9.375949311457427
139,1.3900000000000001,3.1049431657199538,0.5774389899737706,10.442170157140106,-1.4789812661856696,-0.07693015763716426,-1.3012334761102513,0.0,-20.0,-20.0,110.0,-9.37647065565835
140,1.4000000000000001,3.1153845429700375,0.584765328632236,10.438156992802229,-1.478968601178028,-0.0771736248811037,-1.3106419004631809,0.0,-20.0,-20.0,110.0,-9.377009186952144
141,1.41,3.1258259202201213,0.5920916672907014,10.434143828464352,-1.4789558961003475,-0.077417090040007,-1.3200503249239164,0.0,-20.0,-20.0,110.0,-9.37756490255092
142,1.42,3.136267297470205,0.599418005949167,10.430130664126475,-1.478943150952972,-0.07766055310727897,-1.3294587494927974,0.0,-20.0,-20.0,110.0,-9.378137799580632
143,1.43,3.146708674720289,0.6067443446076329,10.426117499788598,-1.4789303657362411,-0.07790401407632495,-1.3388671741701605,0.0,-20.0,-20.0,110.0,-9.378727875081111
144,1.44,3.1571500519703726,0.6140706832660989,10.42210433545072,-1.4789175404505042,-0.07814747294055092,-1.3482755989563446,0.0,-20.0,-20.0,110.0,-9.379335126006163
145,1.45,3.1675914292204563,0.6213970219245651,10.418091171112843,-1.4789046750961032,-0.07839092969336221,-1.3576840238516885,0.0,-20.0,-20.0,110.0,-9.379959549223628
146,1.46,3.17803280647054,0.6287233605830316,10.414078006774966,-1.4788917696733856,-0.0786343843281643,-1.3670924488565386,0.0,-20.0,-20.0,110.0,-9.38060114151546
147,1.47,3.188474183720624,0.6360496992414982,10.41006484243709,-1.4788788241826991,-0.07887783683836298,-1.376500873971241,0.0,-20.0,-20.0,110.0,-9.381259899577795
148,1.48,3.1989155609707076,0.643376037899965,10.406051678099212,-1.478865838624392,-0.07912128721736385,-1.3859092991961326,0.0,-20.0,-20.0,110.0,-9.381935820021056
149,1.49,3.2093569382207914,0.650702376558432,10.402038513761335,-1.478852812998815,-0.07936473545857226,-1.3953177245315458,0.0,-20.0,-20.0,110.0,-9.38262889937
150,1.5,3.219798315470875,0.6580287152168992,10.398025349423458,-1.4788397473063175,-0.0796081815553942,-1.4047261499778219,0.0,-20.0,-20.0,110.0,-9.383339134063826
151,1.51,3.230239692720959,0.6653550538753665,10.39401218508558,-1.4788266415472524,-0.07985162550123548,-1.4141345755353019,0.0,-20.0,-20.0,110.0,-9.384066520456244
152,1.52,3.2406810699710427,0.6726813925338341,10.389999020747704,-1.4788134957219714,-0.08009506728950216,-1.4235430012043244,0.0,-20.0,-20.0,110.0,-9.384811054815582
153,1.53,3.2511224472211264,0.6800077311923018,10.385985856409826,-1.4788003098308289,-0.08033850691360005,-1.4329514269852253,0.0,-20.0,-20.0,110.0,-9.385572733324857
154,1.54,3.26156382447121,0.6873340698507697,10.38197269207195,-1.4787870838741797,-0.080581944366935,-1.4423598528783388,0.0,-20.0,-20.0,110.0,-9.386351552081882
155,1.55,3.272005201721294,0.6946604085092378,10.377959527734072,-1.4787738178523804,-0.08082537964291292,-1.4517682788840058,0.0,-20.0,-20.0,110.0,-9.387147507099352
156,1.56,3.2824465789713777,0.7019867471677061,10.373946363396195,-1.4787605117657885,-0.08106881273494011,-1.4611767050025704,0.0,-20.0,-20.0,110.0,-9.387960594304932
157,1.57,3.2928879562214615,0.7093130858261747,10.369933199058318,-1.4787471656147624,-0.08131224363642274,-1.4705851312343754,0.0,-20.0,-20.0,110.0,-9.388790809541385
158,1.58,3.3033293334715452,0.7166394244846434,10.36592003472044,-1.4787337793996616,-0.08155567234076702,-1.4799935575797554,0.0,-20.0,-20.0,110.0,-9.389638148566632
159,1.59,3.313770710721629,0.7239657631431122,10.361906870382564,-1.478720353120845,-0.08179909884137955,-1.489401984039055,0.0,-20.0,-20.0,110.0,-9.390502607053888
160,1.6,3.3242120879717127,0.7312921018015813,10.357893706044687,-1.4787068867786755,-0.08204252313166656,-1.4988104106126152,0.0,-20.0,-20.0,110.0,-9.391384180591746
161,1.61,3.3346534652217965,0.7386184404600505,10.35388054170681,-1.4786933803735156,-0.08228594520503438,-1.508218837300776,0.0,-20.0,-20.0,110.0,-9.39228286468431
162,1.62,3.3450948424718803,0.74594477911852,10.349867377368932,-1.4786798339057283,-0.08252936505488971,-1.5176272641038793,0.0,-20.0,-20.0,110.0,-9.393198654751252
163,1.6300000000000001,3.355536219721964,0.7532711177769896,10.345854213031055,-1.4786662473756804,-0.08277278267463867,-1.5270356910222624,0.0,-20.0,-20.0,110.0,-9.394131546127985
164,1.6400000000000001,3.365977596972048,0.7605974564354595,10.341841048693178,-1.478652620783737,-0.08301619805768796,-1.5364441180562618,0.0,-20.0,-20.0,110.0,-9.39508153406574
165,1.6500000000000001,3.3764189742221316,0.7679237950939295,10.3378278843553,-1.478638954130265,-0.08325961119744417,-1.545852545206215,0.0,-20.0,-20.0,110.0,-9.396048613731685
166,1.6600000000000001,3.3868603514722153,0.7752501337523997,10.333814720017424,-1.4786252474156316,-0.08350302208731414,-1.5552609724724598,0.0,-20.0,-20.0,110.0,-9.397032780209036
167,1.67,3.397301728722299,0.7825764724108701,10.329801555679547,-1.4786115006402067,-0.0837464307207048,-1.564669399855336,0.0,-20.0,-20.0,110.0,-9.39803402849721
168,1.68,3.407743105972383,0.7899028110693407,10.32578839134167,-1.4785977138043591,-0.08398983709102305,-1.5740778273551899,0.0,-20.0,-20.0,110.0,-9.399052353511909
169,1.69,3.4181844832224666,0.7972291497278114,10.321775227003792,-1.4785838869084624,-0.08423324119167525,-1.583486254972351,0.0,-20.0,-20.0,110.0,-9.400087750085241
170,1.7,3.4286258604725504,0.8045554883862824,10.317762062665915,-1.4785700199528846,-0.08447664301606835,-1.5928946827071568,0.0,-20.0,-20.0,110.0,-9.401140212965885
171,1.71,3.439067237722634,0.8118818270447536,10.313748898328038,-1.478556112938005,-0.08472004255760988,-1.6023031105599583,0.0,-20.0,-20.0,110.0,-9.402209736819175
172,1.72,3.449508614972718,0.819208165703225,10.309735733990161,-1.4785421658641962,-0.0849634398097067,-1.6117115385310952,0.0,-20.0,-20.0,110.0,-9.40329631622725
173,1.73,3.4599499922228016,0.8265345043616965,10.305722569652284,-1.4785281787318343,-0.08520683476576581,-1.6211199666209029,0.0,-20.0,-20.0,110.0,-9.40439994568919
174,1.74,3.4703913694728854,0.8338608430201683,10.301709405314407,-1.4785141515412945,-0.08545022741919449,-1.6305283948297187,0.0,-20.0,-20.0,110.0,-9.405520619621136
175,1.75,3.480832746722969,0.8411871816786402,10.29769624097653,-1.4785000842929548,-0.08569361776340026,-1.6399368231578841,0.0,-20.0,-20.0,110.0,-9.40665833235643
176,1.76,3.491274123973053,0.8485135203371122,10.293683076638652,-1.4784859769871945,-0.08593700579179035,-1.6493452516057432,0.0,-20.0,-20.0,110.0,-9.40781307814575
177,1.77,3.5017155012231367,0.8558398589955846,10.289669912300775,-1.4784718296243948,-0.0861803914977719,-1.6587536801736333,0.0,-20.0,-20.0,110.0,-9.408984851157271
178,1.78,3.5121568784732204,0.863166197654057,10.285656747962898,-1.4784576422049347,-0.08642377487475264,-1.6681621088618903,0.0,-20.0,-20.0,110.0,-9.410173645476759
179,1.79,3.522598255723304,0.8704925363125297,10.281643583625021,-1.4784434147291972,-0.08666715591613999,-1.677570537670855,0.0,-20.0,-20.0,110.0,-9.411379455107756
180,1.8,3.533039632973388,0.8778188749710025,10.277630419287144,-1.4784291471975652,-0.08691053461534148,-1.6869789666008617,0.0,-20.0,-20.0,110.0,-9.412602273971716
181,1.81,3.5434810102234717,0.8851452136294756,10.273617254949267,-1.4784148396104233,-0.08715391096576462,-1.6963873956522493,0.0,-20.0,-20.0,110.0,-9.41384209590813
182,1.82,3.5539223874735555,0.8924715522879488,10.26960409061139,-1.4784004919681566,-0.08739728496081686,-1.705795824825353,0.0,-20.0,-20.0,110.0,-9.415098914674715
183,1.83,3.5643637647236392,0.8997978909464223,10.265590926273513,-1.4783861042711524,-0.0876406565939064,-1.7152042541205224,0.0,-20.0,-20.0,110.0,-9.416372723947521
184,1.84,3.574805141973723,0.9071242296048959,10.261577761935635,-1.4783716765197972,-0.08788402585844093,-1.7246126835380942,0.0,-20.0,-20.0,110.0,-9.41766351732111
185,1.85,3.5852465192238068,0.9144505682633697,10.257564597597758,-1.47835720871448,-0.08812739274782826,-1.7340211130784,0.0,-20.0,-20.0,110.0,-9.41897128830871
186,1.86,3.5956878964738905,0.9217769069218437,10.253551433259881,-1.4783427008555905,-0.08837075725547623,-1.7434295427417785,0.0,-20.0,-20.0,110.0,-9.420296030342357
187,1.87,3.6061292737239743,0.9291032455803179,10.249538268922004,-1.47832815294352,-0.0886141193747929,-1.7528379725285712,0.0,-20.0,-20.0,110.0,-9.421637736773075
188,1.8800000000000001,3.616570650974058,0.9364295842387923,10.245525104584127,-1.4783135649786592,-0.08885747909918647,-1.762246402439119,0.0,-20.0,-20.0,110.0,-9.422996400871005
189,1.8900000000000001,3.627012028224142,0.9437559228972668,10.24151194024625,-1.4782989369614026,-0.08910083642206479,-1.7716548324737564,0.0,-20.0,-20.0,110.0,-9.424372015825604
190,1.9000000000000001,3.6374534054742256,0.9510822615557416,10.237498775908373,-1.4782842688921392,-0.08934419133683605,-1.781063262632817,0.0,-20.0,-20.0,110.0,-9.425764574745772
191,1.9100000000000001,3.6478947827243093,0.9584086002142166,10.233485611570496,-1.4782695607712721,-0.089587543836909,-1.7904716929166542,0.0,-20.0,-20.0,110.0,-9.427174070660058
192,1.92,3.658336159974393,0.9657349388726917,10.229472447232618,-1.4782548125991937,-0.08983089391569164,-1.799880123325595,0.0,-20.0,-20.0,110.0,-9.428600496516788
193,1.93,3.668777537224477,0.973061277531167,10.225459282894741,-1.4782400243763008,-0.0900742415665926,-1.8092885538599863,0.0,-20.0,-20.0,110.0,-9.430043845184251
194,1.94,3.6792189144745606,0.9803876161896425,10.221446118556864,-1.4782251961029917,-0.09031758678302032,-1.818696984520165,0.0,-20.0,-20.0,110.0,-9.43150410945089
195,1.95,3.6896602917246444,0.9877139548481182,10.217432954218987,-1.4782103277796668,-0.09056092955838331,-1.8281054153064769,0.0,-20.0,-20.0,110.0,-9.432981282025438
196,1.96,3.700101668974728,0.9950402935065941,10.21341978988111,-1.4781954194067262,-0.09080426988609024,-1.837513846219257,0.0,-20.0,-20.0,110.0,-9.43447535553711
197,1.97,3.710543046224812,1.0023666321650702,10.209406625543233,-1.4781804709845712,-0.09104760775954959,-1.8469222772588414,0.0,-20.0,-20.0,110.0,-9.435986322535804
198,1.98,3.7209844234748957,1.0096929708235465,10.205393461205356,-1.4781654825136048,-0.09129094317217021,-1.8563307084255667,0.0,-20.0,-20.0,110.0,-9.437514175492225
199,1.99,3.7314258007249794,1.017019309482023,10.201380296867478,-1.478150453994231,-0.09153427611736076,-1.8657391397197778,0.0,-20.0,-20.0,110.0,-9.439058906798122
200,2.0,3.741867177975063,1.0243456481404996,10.197367132529601,-1.4781353854268537,-0.09177760658853014,-1.8751475711418124,0.0,-20.0,-20.0,110.0,-9.440620508766436
201,2.0100000000000002,3.752308555225147,1.0316719867989763,10.193353968191724,-1.478120276811879,-0.09202093457908744,-1.884556002692006,0.0,-20.0,-20.0,110.0,-9.442198973631479
202,2.02,3.7627499324752307,1.0389983254574533,10.189340803853847,-1.4781051281497148,-0.09226426008244133,-1.8939644343706934,0.0,-20.0,-20.0,110.0,-9.443794293549146
203,2.0300000000000002,3.7731913097253145,1.0463246641159305,10.18532763951597,-1.4780899394407692,-0.09250758309200101,-1.9033728661782185,0.0,-20.0,-20.0,110.0,-9.44540646059709
204,2.04,3.7836326869753982,1.053651002774408,10.181314475178093,-1.47807471068545,-0.0927509036011757,-1.9127812981149148,0.0,-20.0,-20.0,110.0,-9.447035466774906
205,2.05,3.794074064225482,1.0609773414328856,10.177301310840216,-1.4780594418841684,-0.09299422160337431,-1.9221897301811235,0.0,-20.0,-20.0,110.0,-9.448681304004314
206,2.06,3.8045154414755658,1.0683036800913635,10.173288146502339,-1.4780441330373368,-0.09323753709200615,-1.931598162377189,0.0,-20.0,-20.0,110.0,-9.450343964129388
207,2.07,3.8149568187256495,1.0756300187498413,10.169274982164461,-1.478028784145366,-0.09348085006048096,-1.9410065947034498,0.0,-20.0,-20.0,110.0,-9.452023438916704
208,2.08,3.8253981959757333,1.0829563574083194,10.165261817826584,-1.4780133952086694,-0.09372416050220822,-1.9504150271602483,0.0,-20.0,-20.0,110.0,-9.453719720055547
209,2.09,3.835839573225817,1.0902826960667977,10.161248653488707,-1.4779979662276619,-0.09396746841059717,-1.9598234597479174,0.0,-20.0,-20.0,110.0,-9.455432799158144
210,2.1,3.846280950475901,1.0976090347252763,10.15723548915083,-1.47798249720276,-0.09421077377905737,-1.9692318924668002,0.0,-20.0,-20.0,110.0,-9.457162667759816
211,2.11,3.8567223277259846,1.104935373383755,10.153222324812953,-1.4779669881343795,-0.09445407660099842,-1.9786403253172349,0.0,-20.0,-20.0,110.0,-9.458909317319206
212,2.12,3.8671637049760683,1.112261712042234,10.149209160475076,-1.4779514390229382,-0.09469737686982987,-1.9880487582995519,0.0,-20.0,-20.0,110.0,-9.460672739218472
213,2.13,3.877605082226152,1.1195880507007132,10.145195996137199,-1.4779358498688555,-0.09494067457896131,-1.9974571914140875,0.0,-20.0,-20.0,110.0,-9.462452924763491
214,2.14,3.888046459476236,1.1269143893591924,10.141182831799322,-1.477920220672551,-0.09518396972180267,-2.0068656246611822,0.0,-20.0,-20.0,110.0,-9.46424986518408
215,2.15,3.8984878367263196,1.1342407280176718,10.137169667461444,-1.4779045514344458,-0.09542726229176389,-2.0162740580411778,0.0,-20.0,-20.0,110.0,-9.466063551634164
216,2.16,3.9089292139764034,1.1415670666761515,10.133156503123567,-1.477888842154962,-0.09567055228225477,-2.0256824915544103,0.0,-20.0,-20.0,110.0,-9.467893975192025
217,2.17,3.919370591226487,1.1488934053346314,10.12914333878569,-1.47787309283452,-0.09591383968668521,-2.0350909252012133,0.0,-20.0,-20.0,110.0,-9.469741126860502
218,2.18,3.929811968476571,1.1562197439931114,10.125130174447813,-1.4778573034735505,-0.09615712449846575,-2.044499358981941,0.0,-20.0,-20.0,110.0,-9.47160499756718
219,2.19,3.9402533457266546,1.1635460826515918,10.121117010109936,-1.4778414740724748,-0.0964004067110066,-2.0539077928969327,0.0,-20.0,-20.0,110.0,-9.473485578164636
220,2.2,3.9506947229767384,1.1708724213100723,10.117103845772059,-1.4778256046317197,-0.09664368631771784,-2.0633162269465224,0.0,-20.0,-20.0,110.0,-9.475382859430638
221,2.21,3.961136100226822,1.1781987599685528,10.113090681434182,-1.4778096951517137,-0.09688696331200965,-2.072724661131051,0.0,-20.0,-20.0,110.0,-9.477296832068353
222,2.22,3.971577477476906,1.1855250986270336,10.109077517096305,-1.4777937456328853,-0.09713023768729244,-2.082133095450855,0.0,-20.0,-20.0,110.0,-9.479227486706577
223,2.23,3.9820188547269897,1.1928514372855146,10.105064352758427,-1.4777777560756633,-0.09737350943697656,-2.0915415299062676,0.0,-20.0,-20.0,110.0,-9.481174813899955
224,2.24,3.9924602319770734,1.2001777759439958,10.10105118842055,-1.477761726480479,-0.09761677855447252,-2.100949964497626,0.0,-20.0,-20.0,110.0,-9.483138804129206
225,2.25,4.002901609227157,1.2075041146024772,10.097038024082673,-1.4777456568477636,-0.09786004503319123,-2.110358399225273,0.0,-20.0,-20.0,110.0,-9.485119447801313
226,2.2600000000000002,4.013342986477241,1.2148304532609588,10.093024859744796,-1.4777295471779504,-0.09810330886654291,-2.119766834089544,0.0,-20.0,-20.0,110.0,-9.487116735249797
227,2.27,4.023784363727325,1.2221567919194407,10.089011695406919,-1.4777133974714733,-0.09834657004793852,-2.1291752690907786,0.0,-20.0,-20.0,110.0,-9.489130656734904
228,2.2800000000000002,4.0342257409774085,1.2294831305779226,10.084998531069042,-1.477697207728768,-0.09858982857078893,-2.138583704229319,0.0,-20.0,-20.0,110.0,-9.491161202443847
229,2.29,4.044667118227492,1.2368094692364047,10.080985366731165,-1.4776809779502698,-0.09883308442850482,-2.147992139505503,0.0,-20.0,-20.0,110.0,-9.493208362491032
230,2.3000000000000003,4.055108495477576,1.244135807894887,10.076972202393286,-1.4776647081364174,-0.099076337614497,-2.1574005749196687,0.0,-20.0,-20.0,110.0,-9.495272126918284
231,2.31,4.06554987272766,1.2514621465533695,10.072959038055407,-1.4776483982876483,-0.09931958812217655,-2.166809010472149,0.0,-20.0,-20.0,110.0,-9.497352485695087
232,2.32,4.0759912499777435,1.2587884852118523,10.068945873717528,-1.4776320484044019,-0.09956283594495438,-2.1762174461632786,0.0,-20.0,-20.0,110.0,-9.499449428718806
233,2.33,4.086432627227827,1.2661148238703352,10.064932709379649,-1.477615658487118,-0.0998060810762422,-2.185625881993406,0.0,-20.0,-20.0,110.0,-9.501562945814927
234,2.34,4.096874004477911,1.2734411625288182,10.06091954504177,-1.477599228536239,-0.10004932350945107,-2.195034317962873,0.0,-20.0,-20.0,110.0,-9.503693026737297
235,2.35,4.107315381727995,1.2807675011873016,10.056906380703891,-1.4775827585522074,-0.10029256323799209,-2.2044427540720153,0.0,-20.0,-20.0,110.0,-9.50583966116833
236,2.36,4.117756758978079,1.288093839845785,10.052893216366012,-1.4775662485354675,-0.10053580025527649,-2.213851190321161,0.0,-20.0,-20.0,110.0,-9.508002838719309
237,2.37,4.128198136228162,1.2954201785042687,10.048880052028133,-1.4775496984864642,-0.10077903455471561,-2.22325962671065,0.0,-20.0,-20.0,110.0,-9.510182548930539
238,2.38,4.138639513478246,1.3027465171627526,10.044866887690254,-1.4775331084056427,-0.10102226612972125,-2.232668063240826,0.0,-20.0,-20.0,110.0,-9.512378781271677
239,2.39,4.14908089072833,1.3100728558212367,10.040853723352376,-1.4775164782934498,-0.10126549497370517,-2.2420764999120277,0.0,-20.0,-20.0,110.0,-9.514591525141892
240,2.4,4.159522267978414,1.317399194479721,10.036840559014497,-1.4774998081503308,-0.10150872108007876,-2.251484936724596,0.0,-20.0,-20.0,110.0,-9.516820769870185
241,2.41,4.169963645228497,1.3247255331382053,10.032827394676618,-1.4774830979767413,-0.1017519444422544,-2.2608933736788788,0.0,-20.0,-20.0,110.0,-9.519066504715546
242,2.42,4.180405022478581,1.3320518717966898,10.028814230338739,-1.4774663477731278,-0.10199516505364359,-2.27030181077521,0.0,-20.0,-20.0,110.0,-9.521328718867293
243,2.43,4.190846399728665,1.3393782104551746,10.02480106600086,-1.4774495575399427,-0.1022383829076579,-2.2797102480139206,0.0,-20.0,-20.0,110.0,-9.523607401445256
244,2.44,4.201287776978749,1.3467045491136596,10.020787901662981,-1.477432727277638,-0.10248159799770964,-2.28911868539536,0.0,-20.0,-20.0,110.0,-9.52590254150004
245,2.45,4.211729154228832,1.3540308877721448,10.016774737325102,-1.4774158569866662,-0.10272481031721088,-2.2985271229198587,0.0,-20.0,-20.0,110.0,-9.528214128013282
246,2.46,4.222170531478916,1.3613572264306302,10.012761572987223,-1.477398946667482,-0.10296801985957353,-2.3079355605877527,0.0,-20.0,-20.0,110.0,-9.530542149897895
247,2.47,4.232611908729,1.3686835650891158,10.008748408649344,-1.477381996320543,-0.1032112266182096,-2.3173439983993864,0.0,-20.0,-20.0,110.0,-9.532886595998328
248,2.48,4.243053285979084,1.3760099037476015,10.004735244311465,-1.4773650059463044,-0.10345443058653139,-2.326752436355091,0.0,-20.0,-20.0,110.0,-9.535247455090811
249,2.49,4.2534946632291675,1.3833362424060873,10.000722079973587,-1.4773479755452243,-0.10369763175795144,-2.3361608744552056,0.0,-20.0,-20.0,110.0,-9.537624715883592
250,2.5,4.263936040479251,1.3906625810645734,9.996708915635708,-1.4773309051177606,-0.10394083012588236,-2.3455693127000745,0.0,-20.0,-20.0,110.0,-9.540018367017256
251,2.5100000000000002,4.274377417729335,1.3979889197230597,9.992695751297829,-1.477313794664373,-0.10418402568373648,-2.3549777510900323,0.0,-20.0,-20.0,110.0,-9.542428397064887
252,2.52,4.284818794979419,1.4053152583815463,9.98868258695995,-1.4772966441855255,-0.10442721842492589,-2.364386189625415,0.0,-20.0,-20.0,110.0,-9.544854794532403
253,2.5300000000000002,4.2952601722295025,1.412641597040033,9.984669422622071,-1.4772794536816776,-0.10467040834286336,-2.3737946283065527,0.0,-20.0,-20.0,110.0,-9.547297547858783
254,2.54,4.305701549479586,1.41996793569852,9.980656258284192,-1.477262223153294,-0.10491359543096163,-2.383203067133789,0.0,-20.0,-20.0,110.0,-9.549756645416327
255,2.5500000000000003,4.31614292672967,1.427294274357007,9.976643093946313,-1.4772449526008384,-0.1051567796826334,-2.392611506107461,0.0,-20.0,-20.0,110.0,-9.552232075510933
256,2.56,4.326584303979754,1.4346206130154942,9.972629929608434,-1.477227642024776,-0.10539996109129152,-2.4020199452279023,0.0,-20.0,-20.0,110.0,-9.554723826382322
257,2.57,4.337025681229838,1.4419469516739816,9.968616765270555,-1.4772102914255734,-0.10564313965034935,-2.411428384495462,0.0,-20.0,-20.0,110.0,-9.55723188620436
258,2.58,4.347467058479921,1.4492732903324692,9.964603600932676,-1.4771929008036944,-0.10588631535321971,-2.420836823910476,0.0,-20.0,-20.0,110.0,-9.559756243085252
259,2.59,4.357908435730005,1.456599628990957,9.960590436594797,-1.4771754701596147,-0.10612948819331582,-2.4302452634732834,0.0,-20.0,-20.0,110.0,-9.562296885067868
260,2.6,4.368349812980089,1.4639259676494452,9.956577272256919,-1.4771579994938002,-0.1063726581640504,-2.4396537031842085,0.0,-20.0,-20.0,110.0,-9.56485380012998
261,2.61,4.378791190230173,1.4712523063079335,9.95256410791904,-1.4771404888067226,-0.10661582525883687,-2.4490621430435935,0.0,-20.0,-20.0,110.0,-9.56742697618453
262,2.62,4.389232567480256,1.4785786449664218,9.94855094358116,-1.477122938098854,-0.10685898947108831,-2.458470583051781,0.0,-20.0,-20.0,110.0,-9.570016401079904
263,2.63,4.39967394473034,1.4859049836249103,9.944537779243282,-1.4771053473706655,-0.10710215079421861,-2.4678790232091066,0.0,-20.0,-20.0,110.0,-9.572622062600194
264,2.64,4.410115321980424,1.493231322283399,9.940524614905403,-1.4770877166226317,-0.10734530922164108,-2.4772874635159066,0.0,-20.0,-20.0,110.0,-9.575243948465488
265,2.65,4.420556699230508,1.500557660941888,9.936511450567524,-1.477070045855229,-0.10758846474676922,-2.486695903972526,0.0,-20.0,-20.0,110.0,-9.577882046332103
266,2.66,4.430998076480591,1.5078839996003772,9.932498286229645,-1.4770523350689324,-0.10783161736301661,-2.496104344579298,0.0,-20.0,-20.0,110.0,-9.580536343792915
267,2.67,4.441439453730675,1.5152103382588666,9.928485121891766,-1.4770345842642196,-0.10807476706379698,-2.5055127853365593,0.0,-20.0,-20.0,110.0,-9.583206828377559
268,2.68,4.451880830980759,1.5225366769173563,9.924471957553887,-1.4770167934415679,-0.10831791384252426,-2.5149212262446468,0.0,-20.0,-20.0,110.0,-9.585893487552765
269,2.69,4.462322208230843,1.529863015575846,9.920458793216008,-1.4769989626014581,-0.10856105769261211,-2.5243296673038995,0.0,-20.0,-20.0,110.0,-9.588596308722614
270,2.7,4.4727635854809265,1.5371893542343358,9.91644562887813,-1.47698109174437,-0.10880419860747462,-2.5337381085146577,0.0,-20.0,-20.0,110.0,-9.591315279228796
271,2.71,4.48320496273101,1.5445156928928259,9.91243246454025,-1.4769631808707855,-0.1090473365805258,-2.5431465498772554,0.0,-20.0,-20.0,110.0,-9.594050386350904
272,2.72,4.493646339981094,1.5518420315513162,9.908419300202372,-1.4769452299811867,-0.10929047160517984,-2.552554991392037,0.0,-20.0,-20.0,110.0,-9.596801617306708
273,2.73,4.504087717231178,1.5591683702098067,9.904406135864493,-1.4769272390760575,-0.10953360367485095,-2.5619634330593404,0.0,-20.0,-20.0,110.0,-9.599568959252437
274,2.74,4.5145290944812615,1.5664947088682974,9.900392971526614,-1.4769092081558837,-0.10977673278295319,-2.571371874879503,0.0,-20.0,-20.0,110.0,-9.60235239928305
275,2.75,4.524970471731345,1.5738210475267882,9.896379807188735,-1.476891137221151,-0.110019858922901,-2.580780316852863,0.0,-20.0,-20.0,110.0,-9.605151924432528
276,2.7600000000000002,4.535411848981429,1.5811473861852792,9.892366642850856,-1.4768730262723422,-0.11026298208810856,-2.590188758979745,0.0,-20.0,-20.0,110.0,-9.60796752167414
277,2.77,4.545853226231513,1.5884737248437704,9.888353478512977,-1.4768548753099524,-0.11050610227199069,-2.5995972012604955,0.0,-20.0,-20.0,110.0,-9.610799177920725
278,2.7800000000000002,4.5562946034815965,1.5958000635022618,9.884340314175098,-1.476836684334467,-0.11074921946796196,-2.609005643695449,0.0,-20.0,-20.0,110.0,-9.613646880025009
279,2.79,4.56673598073168,1.6031264021607534,9.88032714983722,-1.4768184533463757,-0.11099233366943682,-2.618414086284944,0.0,-20.0,-20.0,110.0,-9.616510614779822
280,2.8000000000000003,4.577177357981764,1.6104527408192453,9.87631398549934,-1.4768001823461714,-0.11123544486983009,-2.627822529029315,0.0,-20.0,-20.0,110.0,-9.619390368918458
281,2.81,4.587618735231848,1.6177790794777374,9.872300821161462,-1.476781871334345,-0.11147855306255679,-2.6372309719289087,0.0,-20.0,-20.0,110.0,-9.622286129114899
282,2.82,4.598060112481932,1.6251054181362294,9.868287656823583,-1.4767635203113916,-0.11172165824103156,-2.646639414984064,0.0,-20.0,-20.0,110.0,-9.62519788198414
283,2.83,4.608501489732015,1.6324317567947217,9.864274492485704,-1.4767451292778053,-0.1119647603986697,-2.656047858195124,0.0,-20.0,-20.0,110.0,-9.628125614082442
284,2.84,4.618942866982099,1.6397580954532143,9.860261328147825,-1.4767266982340803,-0.11220785952888634,-2.6654563015624175,0.0,-20.0,-20.0,110.0,-9.63106931190765
285,2.85,4.629384244232183,1.647084434111707,9.856248163809946,-1.4767082271807148,-0.11245095562509662,-2.674864745086288,0.0,-20.0,-20.0,110.0,-9.634028961899462
286,2.86,4.639825621482267,1.6544107727702,9.852234999472067,-1.476689716118205,-0.11269404868071566,-2.684273188767068,0.0,-20.0,-20.0,110.0,-9.637004550439723
287,2.87,4.65026699873235,1.6617371114286932,9.848221835134188,-1.4766711650470516,-0.11293713868915856,-2.6936816326050907,0.0,-20.0,-20.0,110.0,-9.63999606385272
288,2.88,4.660708375982434,1.6690634500871866,9.84420867079631,-1.4766525739677534,-0.11318022564384062,-2.703090076600691,0.0,-20.0,-20.0,110.0,-9.643003488405444
289,2.89,4.671149753232518,1.67638978874568,9.84019550645843,-1.4766339428808122,-0.11342330953817745,-2.7124985207542136,0.0,-20.0,-20.0,110.0,-9.646026810307937
290,2.9,4.681591130482602,1.6837161274041736,9.836182342120551,-1.476615271786729,-0.11366639036558492,-2.7219069650659984,0.0,-20.0,-20.0,110.0,-9.64906601571351
291,2.91,4.692032507732685,1.6910424660626675,9.832169177782673,-1.4765965606860068,-0.11390946811947862,-2.7313154095363767,0.0,-20.0,-20.0,110.0,-9.65212109071909
292,2.92,4.702473884982769,1.6983688047211616,9.828156013444794,-1.4765778095791506,-0.11415254279327397,-2.7407238541656853,0.0,-20.0,-20.0,110.0,-9.655192021365504
293,2.93,4.712915262232853,1.7056951433796559,9.824142849106915,-1.476559018466663,-0.11439561438038673,-2.7501322989542603,0.0,-20.0,-20.0,110.0,-9.658278793637736
294,2.94,4.723356639482937,1.7130214820381504,9.820129684769036,-1.476540187349057,-0.11463868287423307,-2.7595407439024506,0.0,-20.0,-20.0,110.0,-9.661381393465266
295,2.95,4.7337980167330205,1.7203478206966452,9.816116520431157,-1.476521316226836,-0.11488174826822861,-2.7689491890105824,0.0,-20.0,-20.0,110.0,-9.664499806722336
296,2.96,4.744239393983104,1.72767415935514,9.812103356093278,-1.47650240510051,-0.11512481055578958,-2.778357634279,0.0,-20.0,-20.0,110.0,-9.667634019228252
297,2.97,4.754680771233188,1.7350004980136349,9.808090191755399,-1.4764834539705864,-0.11536786973033257,-2.7877660797080437,0.0,-20.0,-20.0,110.0,-9.670784016747685
298,2.98,4.765122148483272,1.74232683667213,9.80407702741752,-1.476464462837578,-0.11561092578527345,-2.7971745252980496,0.0,-20.0,-20.0,110.0,-9.673949784990947
299,2.99,4.7755635257333555,1.7496531753306255,9.800063863079641,-1.4764454317019962,-0.11585397871402828,-2.8065829710493446,0.0,-20.0,-20.0,110.0,-9.677131309614312
300,3.0,4.786004902983439,1.7569795139891211,9.796050698741762,-1.4764263605643524,-0.11609702851001376,-2.815991416962263,0.0,-20.0,-20.0,110.0,-9.680328576220306
301,3.0100000000000002,4.796446280233523,1.764305852647617,9.792037534403883,-1.4764072494251617,-0.11634007516664649,-2.8253998630371564,0.0,-20.0,-20.0,110.0,-9.683541570357983
302,3.02,4.806887657483607,1.771632191306113,9.788024370066005,-1.4763880982849384,-0.11658311867734288,-2.834808309274357,0.0,-20.0,-20.0,110.0,-9.686770277523246
303,3.0300000000000002,4.817329034733691,1.7789585299646091,9.784011205728126,-1.4763689071441994,-0.11682615903551934,-2.844216755674197,0.0,-20.0,-20.0,110.0,-9.690014683159143
304,3.04,4.827770411983774,1.7862848686231054,9.779998041390247,-1.4763496760034622,-0.11706919623459268,-2.8536252022370143,0.0,-20.0,-20.0,110.0,-9.693274772656144
305,3.0500000000000003,4.838211789233858,1.793611207281602,9.775984877052368,-1.4763304048632444,-0.11731223026797986,-2.8630336489631527,0.0,-20.0,-20.0,110.0,-9.696550531352479
306,3.06,4.848653166483942,1.8009375459400987,9.771971712714489,-1.4763110937240662,-0.11755526112909771,-2.8724420958529477,0.0,-20.0,-20.0,110.0,-9.699841944534384
307,3.0700000000000003,4.859094543734026,1.8082638845985957,9.76795854837661,-1.476291742586448,-0.11779828881136307,-2.8818505429067307,0.0,-20.0,-20.0,110.0,-9.703148997436443
308,3.08,4.869535920984109,1.8155902232570929,9.763945384038731,-1.47627235145091,-0.11804131330819306,-2.891258990124838,0.0,-20.0,-20.0,110.0,-9.706471675241891
309,3.09,4.879977298234193,1.82291656191559,9.759932219700852,-1.4762529203179726,-0.1182843346130047,-2.9006674375076025,0.0,-20.0,-20.0,110.0,-9.709809963082874
310,3.1,4.890418675484277,1.8302429005740875,9.755919055362973,-1.476233449188166,-0.11852735271921562,-2.9100758850553703,0.0,-20.0,-20.0,110.0,-9.713163846040779
311,3.11,4.900860052734361,1.837569239232585,9.751905891025094,-1.4762139380620112,-0.11877036762024301,-2.919484332768477,0.0,-20.0,-20.0,110.0,-9.716533309146536
312,3.12,4.911301429984444,1.844895577891083,9.747892726687216,-1.4761943869400351,-0.11901337930950416,-2.928892780647258,0.0,-20.0,-20.0,110.0,-9.71991833738091
313,3.13,4.921742807234528,1.852221916549581,9.743879562349337,-1.4761747958227638,-0.11925638778041664,-2.9383012286920547,0.0,-20.0,-20.0,110.0,-9.723318915674808
314,3.14,4.932184184484612,1.8595482552080793,9.739866398011458,-1.4761551647107258,-0.11949939302639816,-2.9477096769032096,0.0,-20.0,-20.0,110.0,-9.726735028909575
315,3.15,4.942625561734696,1.8668745938665778,9.735853233673579,-1.4761354936044493,-0.11974239504086662,-2.957118125281057,0.0,-20.0,-20.0,110.0,-9.730166661917291
316,3.16,4.9530669389847795,1.8742009325250764,9.7318400693357,-1.4761157825044655,-0.11998539381723963,-2.966526573825936,0.0,-20.0,-20.0,110.0,-9.733613799481109
317,3.17,4.963508316234863,1.881527271183575,9.727826904997821,-1.4760960314113054,-0.1202283893489351,-2.9759350225381844,0.0,-20.0,-20.0,110.0,-9.737076426335499
318,3.18,4.973949693484947,1.888853609842074,9.723813740659942,-1.476076240325501,-0.12047138162937071,-2.9853434714181346,0.0,-20.0,-20.0,110.0,-9.740554527166614
319,3.19,4.984391070735031,1.8961799485005733,9.719800576322063,-1.4760564092475859,-0.12071437065196448,-2.994751920466116,0.0,-20.0,-20.0,110.0,-9.744048086612528
320,3.2,4.9948324479851145,1.9035062871590727,9.715787411984184,-1.4760365381780944,-0.12095735641013454,-3.004160369682472,0.0,-20.0,-20.0,110.0,-9.74755708926362
321,3.21,5.005273825235198,1.9108326258175723,9.711774247646305,-1.476016627117562,-0.12120033889729948,-3.013568819067546,0.0,-20.0,-20.0,110.0,-9.751081519662781
322,3.22,5.015715202485282,1.9181589644760721,9.707761083308426,-1.4759966760665255,-0.12144331810687746,-3.02297726862168,0.0,-20.0,-20.0,110.0,-9.754621362305809
323,3.23,5.026156579735366,1.925485303134572,9.703747918970548,-1.4759766850255234,-0.1216862940322867,-3.0323857183452074,0.0,-20.0,-20.0,110.0,-9.758176601641658
324,3.24,5.0365979569854495,1.932811641793072,9.699734754632669,-1.475956653995094,-0.12192926666694552,-3.0417941682384537,0.0,-20.0,-20.0,110.0,-9.76174722207274
325,3.25,5.047039334235533,1.9401379804515724,9.69572159029479,-1.4759365829757733,-0.12217223600427238,-3.0512026183017538,0.0,-20.0,-20.0,110.0,-9.765333207955296
326,3.2600000000000002,5.057480711485617,1.947464319110073,9.69170842595691,-1.4759164719681104,-0.12241520203768648,-3.060611068535463,0.0,-20.0,-20.0,110.0,-9.768934543599604
327,3.27,5.067922088735701,1.9547906577685736,9.687695261619032,-1.4758963209726423,-0.1226581647606065,-3.0700195189399158,0.0,-20.0,-20.0,110.0,-9.772551213270342
328,3.2800000000000002,5.078363465985785,1.9621169964270746,9.683682097281153,-1.4758761299899128,-0.12290112416645134,-3.079427969515448,0.0,-20.0,-20.0,110.0,-9.7761832011869
329,3.29,5.088804843235868,1.9694433350855758,9.679668932943274,-1.4758558990204658,-0.12314408024863988,-3.088836420262392,0.0,-20.0,-20.0,110.0,-9.779830491523658
330,3.3000000000000003,5.099246220485952,1.976769673744077,9.675655768605395,-1.4758356280648466,-0.1233870330005909,-3.0982448711810853,0.0,-20.0,-20.0,110.0,-9.783493068410301
331,3.31,5.109687597736036,1.9840960124025784,9.671642604267516,-1.4758153171236028,-0.12362998241572329,-3.1076533222718643,0.0,-20.0,-20.0,110.0,-9.787170915932126
332,3.3200000000000003,5.12012897498612,1.99142235106108,9.667629439929637,-1.4757949661972802,-0.12387292848745649,-3.117061773535064,0.0,-20.0,-20.0,110.0,-9.79086401813034
333,3.33,5.130570352236203,1.9987486897195819,9.663616275591759,-1.4757745752864284,-0.12411587120920949,-3.126470224971015,0.0,-20.0,-20.0,110.0,-9.794572359002384
334,3.34,5.141011729486287,2.006075028378084,9.65960311125388,-1.4757541443915971,-0.12435881057440153,-3.1358786765800564,0.0,-20.0,-20.0,110.0,-9.798295922502213
335,3.35,5.151453106736371,2.013401367036586,9.655589946916,-1.4757336735133368,-0.12460174657645198,-3.1452871283625226,0.0,-20.0,-20.0,110.0,-9.802034692540627
336,3.36,5.161894483986455,2.0207277056950885,9.651576782578122,-1.4757131626521995,-0.12484467920878062,-3.1546955803187493,0.0,-20.0,-20.0,110.0,-9.80578865298555
337,3.37,5.172335861236538,2.028054044353591,9.647563618240243,-1.4756926118087372,-0.12508760846480718,-3.1641040324490746,0.0,-20.0,-20.0,110.0,-9.809557787662369
338,3.38,5.182777238486622,2.035380383012094,9.643550453902364,-1.4756720209835037,-0.12533053433795152,-3.173512484753836,0.0,-20.0,-20.0,110.0,-9.8133420803542
339,3.39,5.193218615736706,2.042706721670597,9.639537289564485,-1.4756513901770543,-0.12557345682163318,-3.182920937233371,0.0,-20.0,-20.0,110.0,-9.817141514802229
340,3.4,5.20365999298679,2.0500330603291,9.635524125226606,-1.4756307193899456,-0.12581637590927217,-3.192329389888016,0.0,-20.0,-20.0,110.0,-9.820956074706004
341,3.41,5.2141013702368735,2.0573593989876033,9.631510960888727,-1.4756100086227344,-0.12605929159428822,-3.201737842718102,0.0,-20.0,-20.0,110.0,-9.824785743723721
342,3.42,5.224542747486957,2.0646857376461067,9.627497796550848,-1.475589257875979,-0.1263022038701013,-3.2111462957239634,0.0,-20.0,-20.0,110.0,-9.82863050547258
343,3.43,5.234984124737041,2.0720120763046106,9.62348463221297,-1.4755684671502387,-0.12654511273013194,-3.220554748905944,0.0,-20.0,-20.0,110.0,-9.832490343529027
344,3.44,5.245425501987125,2.0793384149631144,9.61947146787509,-1.4755476364460753,-0.12678801816780016,-3.2299632022643827,0.0,-20.0,-20.0,110.0,-9.836365241429112
345,3.45,5.2558668792372085,2.0866647536216187,9.615458303537212,-1.475526765764049,-0.12703092017652662,-3.239371655799617,0.0,-20.0,-20.0,110.0,-9.840255182668773
346,3.46,5.266308256487292,2.093991092280123,9.611445139199333,-1.4755058551047215,-0.12727381874973195,-3.248780109511984,0.0,-20.0,-20.0,110.0,-9.844160150704136
347,3.47,5.276749633737376,2.1013174309386273,9.607431974861454,-1.4754849044686569,-0.12751671388083688,-3.2581885634018244,0.0,-20.0,-20.0,110.0,-9.848080128951823
348,3.48,5.28719101098746,2.108643769597132,9.603418810523575,-1.4754639138564207,-0.1277596055632615,-3.2675970174694684,0.0,-20.0,-20.0,110.0,-9.85201510078927
349,3.49,5.297632388237544,2.115970108255637,9.599405646185696,-1.4754428832685782,-0.12800249379042644,-3.2770054717152464,0.0,-20.0,-20.0,110.0,-9.855965049555019
350,3.5,5.308073765487627,2.123296446914142,9.595392481847817,-1.475421812705697,-0.1282453785557524,-3.286413926139493,0.0,-20.0,-20.0,110.0,-9.859929958549035
351,3.5100000000000002,5.318515142737711,2.130622785572647,9.591379317509938,-1.4754007021683448,-0.12848825985266069,-3.295822380742552,0.0,-20.0,-20.0,110.0,-9.863909811032995
352,3.52,5.328956519987795,2.137949124231153,9.58736615317206,-1.475379551657089,-0.1287311376745724,-3.3052308355247555,0.0,-20.0,-20.0,110.0,-9.867904590230596
353,3.5300000000000002,5.339397897237879,2.1452754628896584,9.58335298883418,-1.4753583611725014,-0.1289740120149083,-3.314639290486436,0.0,-20.0,-20.0,110.0,-9.871914279327882
354,3.54,5.349839274487962,2.152601801548164,9.579339824496302,-1.4753371307151533,-0.12921688286708932,-3.324047745627926,0.0,-20.0,-20.0,110.0,-9.875938861473513
355,3.5500000000000003,5.360280651738046,2.15992814020667,9.575326660158423,-1.4753158602856165,-0.12945975022453712,-3.3334562009495734,0.0,-20.0,-20.0,110.0,-9.879978319779104
356,3.56,5.37072202898813,2.167254478865176,9.571313495820544,-1.4752945498844654,-0.12970261408067318,-3.3428646564517206,0.0,-20.0,-20.0,110.0,-9.88403263731949
357,3.5700000000000003,5.381163406238214,2.1745808175236827,9.567300331482665,-1.4752731995122728,-0.12994547442891935,-3.3522731121347027,0.0,-20.0,-20.0,110.0,-9.88810179713307
358,3.58,5.391604783488297,2.1819071561821892,9.563287167144786,-1.475251809169611,-0.1301883312626965,-3.3616815679988408,0.0,-20.0,-20.0,110.0,-9.892185782222086
359,3.59,5.402046160738381,2.189233494840696,9.559274002806907,-1.475230378857064,-0.1304311845754267,-3.371090024044484,0.0,-20.0,-20.0,110.0,-9.896284575552937
360,3.6,5.412487537988465,2.196559833499203,9.555260838469028,-1.4752089085752056,-0.13067403436053157,-3.3804984802719598,0.0,-20.0,-20.0,110.0,-9.900398160056474
361,3.61,5.422928915238549,2.20388617215771,9.55124767413115,-1.4751873983246147,-0.13091688061143314,-3.389906936681617,0.0,-20.0,-20.0,110.0,-9.90452651862831
362,3.62,5.4333702924886325,2.2112125108162175,9.54723450979327,-1.4751658481058718,-0.13115972332155354,-3.3993153932737963,0.0,-20.0,-20.0,110.0,-9.908669634129117
363,3.63,5.443811669738716,2.218538849474725,9.543221345455391,-1.4751442579195566,-0.1314025624843146,-3.4087238500488217,0.0,-20.0,-20.0,110.0,-9.912827489384924
364,3.64,5.4542530469888,2.2258651881332328,9.539208181117512,-1.4751226277662515,-0.13164539809313844,-3.4181323070070295,0.0,-20.0,-20.0,110.0,-9.917000067187447
365,3.65,5.464694424238884,2.2331915267917406,9.535195016779634,-1.4751009576465406,-0.1318882301414472,-3.42754076414876,0.0,-20.0,-20.0,110.0,-9.921187350294359
366,3.66,5.4751358014889675,2.240517865450249,9.531181852441755,-1.4750792475610073,-0.13213105862266306,-3.4369492214743422,0.0,-20.0,-20.0,110.0,-9.925389321429599
367,3.67,5.485577178739051,2.247844204108757,9.527168688103876,-1.4750574975102375,-0.13237388353020862,-3.446357678984115,0.0,-20.0,-20.0,110.0,-9.929605963283672
368,3.68,5.496018555989135,2.2551705427672655,9.523155523765997,-1.4750357074948166,-0.13261670485750637,-3.455766136678414,0.0,-20.0,-20.0,110.0,-9.933837258513975
369,3.69,5.506459933239219,2.262496881425774,9.519142359428118,-1.4750138775153319,-0.1328595225979793,-3.4651745945575807,0.0,-20.0,-20.0,110.0,-9.938083189745067
370,3.7,5.5169013104893025,2.269823220084283,9.515129195090239,-1.4749920075723717,-0.13310233674504965,-3.474583052621938,0.0,-20.0,-20.0,110.0,-9.942343739568978
371,3.71,5.527342687739386,2.277149558742792,9.51111603075236,-1.4749700976665263,-0.13334514729214042,-3.4839915108718302,0.0,-20.0,-20.0,110.0,-9.946618890545516
372,3.72,5.53778406498947,2.2844758974013013,9.507102866414481,-1.4749481477983863,-0.13358795423267453,-3.493399969307599,0.0,-20.0,-20.0,110.0,-9.950908625202551
373,3.73,5.548225442239554,2.291802236059811,9.503089702076602,-1.4749261579685438,-0.13383075756007506,-3.5028084279295806,0.0,-20.0,-20.0,110.0,-9.955212926036346
374,3.74,5.558666819489638,2.2991285747183206,9.499076537738723,-1.4749041281775903,-0.1340735572677652,-3.512216886738112,0.0,-20.0,-20.0,110.0,-9.959531775511813
375,3.75,5.569108196739721,2.30645491337683,9.495063373400844,-1.4748820584261204,-0.13431635334916792,-3.5216253457335154,0.0,-20.0,-20.0,110.0,-9.963865156062848
376,3.7600000000000002,5.579549573989805,2.3137812520353402,9.491050209062964,-1.4748599487147285,-0.13455914579770686,-3.5310338049161367,0.0,-20.0,-20.0,110.0,-9.968213050092613
377,3.77,5.589990951239889,2.3211075906938503,9.487037044725083,-1.4748377990440114,-0.13480193460680492,-3.5404422642863045,0.0,-20.0,-20.0,110.0,-9.972575439973825
378,3.7800000000000002,5.600432328489973,2.328433929352361,9.483023880387202,-1.4748156094145626,-0.13504471976988516,-3.5498507238443415,0.0,-20.0,-20.0,110.0,-9.976952308049087
379,3.79,5.610873705740056,2.3357602680108713,9.479010716049322,-1.474793379826987,-0.13528750128037198,-3.5592591835906036,0.0,-20.0,-20.0,110.0,-9.981343636631141
380,3.8000000000000003,5.62131508299014,2.3430866066693823,9.474997551711441,-1.4747711102818801,-0.13553027913168902,-3.5686676435254228,0.0,-20.0,-20.0,110.0,-9.985749408003187
381,3.81,5.631756460240224,2.3504129453278932,9.47098438737356,-1.4747488007798424,-0.13577305331726028,-3.578076103649144,0.0,-20.0,-20.0,110.0,-9.990169604419183
382,3.8200000000000003,5.642197837490308,2.357739283986404,9.46697122303568,-1.4747264513214748,-0.13601582383050953,-3.587484563962099,0.0,-20.0,-20.0,110.0,-9.994604208104146
383,3.83,5.652639214740391,2.3650656226449156,9.462958058697799,-1.4747040619073808,-0.13625859066486043,-3.5968930244646224,0.0,-20.0,-20.0,110.0,-9.999053201254409
384,3.84,5.663080591990475,2.372391961303427,9.458944894359918,-1.4746816325381649,-0.1365013538137372,-3.6063014851570485,0.0,-20.0,-20.0,110.0,-10.003516566037979
385,3.85,5.673521969240559,2.379718299961939,9.454931730022038,-1.4746591632144301,-0.13674411327056427,-3.6157099460397215,0.0,-20.0,-20.0,110.0,-10.007994284594764
386,3.86,5.683963346490643,2.3870446386204507,9.450918565684157,-1.4746366539367812,-0.13698686902876603,-3.6251184071129665,0.0,-20.0,-20.0,110.0,-10.012486339036915
387,3.87,5.6944047237407265,2.394370977278963,9.446905401346276,-1.4746141047058265,-0.13722962108176648,-3.6345268683771224,0.0,-20.0,-20.0,110.0,-10.016992711449092
388,3.88,5.70484610099081,2.4016973159374753,9.442892237008396,-1.474591515522174,-0.13747236942299002,-3.643935329832519,0.0,-20.0,-20.0,110.0,-10.021513383888779
389,3.89,5.715287478240894,2.4090236545959876,9.438879072670515,-1.4745688863864321,-0.1377151140458612,-3.653343791479486,0.0,-20.0,-20.0,110.0,-10.026048338386564
390,3.9,5.725728855490978,2.4163499932545003,9.434865908332634,-1.4745462172992114,-0.1379578549438046,-3.6627522533183594,0.0,-20.0,-20.0,110.0,-10.030597556946416
391,3.91,5.7361702327410615,2.423676331913013,9.430852743994754,-1.4745235082611226,-0.13820059211024527,-3.6721607153494777,0.0,-20.0,-20.0,110.0,-10.03516102154601
392,3.92,5.746611609991145,2.431002670571526,9.426839579656873,-1.474500759272778,-0.1384433255386078,-3.68156917757317,0.0,-20.0,-20.0,110.0,-10.039738714137005
393,3.93,5.757052987241229,2.4383290092300394,9.422826415318992,-1.4744779703347917,-0.13868605522231733,-3.6909776399897853,0.0,-20.0,-20.0,110.0,-10.044330616645292
394,3.94,5.767494364491313,2.445655347888553,9.418813250981112,-1.4744551414477771,-0.13892878115479934,-3.7003861025996647,0.0,-20.0,-20.0,110.0,-10.048936710971367
395,3.95,5.777935741741397,2.4529816865470666,9.41480008664323,-1.4744322726123493,-0.139171503329479,-3.70979456540314,0.0,-20.0,-20.0,110.0,-10.053556978990537
396,3.96,5.78837711899148,2.4603080252055802,9.41078692230535,-1.4744093638291258,-0.1394142217397815,-3.7192030284005475,0.0,-20.0,-20.0,110.0,-10.058191402553277
397,3.97,5.798818496241564,2.4676343638640943,9.40677375796747,-1.4743864150987225,-0.13965693637913237,-3.7286114915922224,0.0,-20.0,-20.0,110.0,-10.062839963485448
398,3.98,5.809259873491648,2.4749607025226084,9.402760593629589,-1.4743634264217595,-0.13989964724095677,-3.738019954978495,0.0,-20.0,-20.0,110.0,-10.067502643588663
399,3.99,5.819701250741732,2.482287041181123,9.398747429291708,-1.4743403977988565,-0.1401423543186805,-3.747428418559704,0.0,-20.0,-20.0,110.0,-10.07217942464051
400,4.0,5.830142627991815,2.4896133798396374,9.394734264953827,-1.474317329230634,-0.1403850576057292,-3.7568368823361835,0.0,-20.0,-20.0,110.0,-10.076870288394861
401,4.01,5.840584005241899,2.496939718498152,9.390721100615947,-1.474294220717714,-0.14062775709552858,-3.7662453463082723,0.0,-20.0,-20.0,110.0,-10.081575216582177
402,4.0200000000000005,5.851025382491983,2.504266057156667,9.386707936278066,-1.4742710722607204,-0.14087045278150462,-3.7756538104763067,0.0,-20.0,-20.0,110.0,-10.086294190909744
403,4.03,5.861466759742067,2.511592395815182,9.382694771940185,-1.4742478838602757,-0.14111314465708333,-3.785062274840615,0.0,-20.0,-20.0,110.0,-10.091027193062024
404,4.04,5.87190813699215,2.518918734473697,9.378681607602305,-1.4742246555170058,-0.14135583271569063,-3.794470739401531,0.0,-20.0,-20.0,110.0,-10.095774204700872
405,4.05,5.882349514242234,2.5262450731322126,9.374668443264424,-1.4742013872315363,-0.14159851695075304,-3.8038792041593945,0.0,-20.0,-20.0,110.0,-10.100535207465876
406,4.0600000000000005,5.892790891492318,2.5335714117907284,9.370655278926543,-1.474178079004496,-0.14184119735569625,-3.813287669114532,0.0,-20.0,-20.0,110.0,-10.1053101829746
407,4.07,5.903232268742402,2.5408977504492443,9.366642114588663,-1.4741547308365122,-0.14208387392394725,-3.82269613426729,0.0,-20.0,-20.0,110.0,-10.110099112822873
408,4.08,5.9136736459924855,2.54822408910776,9.362628950250782,-1.474131342728214,-0.14232654664893246,-3.8321045996179937,0.0,-20.0,-20.0,110.0,-10.11490197858508
409,4.09,5.924115023242569,2.5555504277662764,9.358615785912901,-1.474107914680232,-0.14256921552407817,-3.8415130651669784,0.0,-20.0,-20.0,110.0,-10.119718761814465
410,4.1,5.934556400492653,2.5628767664247927,9.35460262157502,-1.4740844466931988,-0.14281188054281138,-3.850921530914586,0.0,-20.0,-20.0,110.0,-10.124549444043344
411,4.11,5.944997777742737,2.5702031050833094,9.35058945723714,-1.4740609387677475,-0.14305454169855875,-3.8603299968611497,0.0,-20.0,-20.0,110.0,-10.129394006783459
412,4.12,5.9554391549928205,2.577529443741826,9.34657629289926,-1.4740373909045075,-0.14329719898474735,-3.869738463007006,0.0,-20.0,-20.0,110.0,-10.134252431526216
413,4.13,5.965880532242904,2.5848557824003433,9.342563128561379,-1.4740138031041194,-0.14353985239480477,-3.8791469293524976,0.0,-20.0,-20.0,110.0,-10.139124699742949
414,4.14,5.976321909492988,2.5921821210588605,9.338549964223498,-1.4739901753672162,-0.14378250192215772,-3.888555395897949,0.0,-20.0,-20.0,110.0,-10.144010792885238
415,4.15,5.986763286743072,2.5995084597173777,9.334536799885617,-1.4739665076944364,-0.14402514756023332,-3.8979638626437008,0.0,-20.0,-20.0,110.0,-10.148910692385176
416,4.16,5.9972046639931555,2.6068347983758953,9.330523635547737,-1.4739428000864163,-0.1442677893024589,-3.907372329590085,0.0,-20.0,-20.0,110.0,-10.153824379655608
417,4.17,6.007646041243239,2.614161137034413,9.326510471209856,-1.473919052543796,-0.14451042714226203,-3.9167807967374393,0.0,-20.0,-20.0,110.0,-10.15875183609046
418,4.18,6.018087418493323,2.621487475692931,9.322497306871975,-1.4738952650672155,-0.14475306107307023,-3.926189264086091,0.0,-20.0,-20.0,110.0,-10.163693043064965
419,4.19,6.028528795743407,2.628813814351449,9.318484142534095,-1.473871437657316,-0.14499569108831087,-3.9355977316363697,0.0,-20.0,-20.0,110.0,-10.168647981935974
420,4.2,6.038970172993491,2.6361401530099675,9.314470978196214,-1.4738475703147411,-0.14523831718141175,-3.945006199388625,0.0,-20.0,-20.0,110.0,-10.173616634042215
421,4.21,6.049411550243574,2.643466491668486,9.310457813858333,-1.4738236630401345,-0.14548093934580103,-3.9544146673431926,0.0,-20.0,-20.0,110.0,-10.178598980704528
422,4.22,6.059852927493658,2.6507928303270045,9.306444649520452,-1.473799715834138,-0.14572355757490685,-3.963823135500402,0.0,-20.0,-20.0,110.0,-10.183595003226229
423,4.23,6.070294304743742,2.6581191689855235,9.302431485182572,-1.4737757286973987,-0.1459661718621572,-3.9732316038605915,0.0,-20.0,-20.0,110.0,-10.188604682893276
424,4.24,6.080735681993826,2.6654455076440424,9.298418320844691,-1.4737517016305643,-0.1462087822009801,-3.9826400724240916,0.0,-20.0,-20.0,110.0,-10.193628000974613
425,4.25,6.091177059243909,2.672771846302562,9.29440515650681,-1.4737276346342811,-0.1464513885848039,-3.9920485411912345,0.0,-20.0,-20.0,110.0,-10.198664938722407
426,4.26,6.101618436493993,2.680098184961081,9.29039199216893,-1.473703527709198,-0.14669399100705707,-4.001457010162355,0.0,-20.0,-20.0,110.0,-10.203715477372317
427,4.2700000000000005,6.112059813744077,2.687424523619601,9.286378827831049,-1.4736793808559658,-0.14693658946116794,-4.010865479337787,0.0,-20.0,-20.0,110.0,-10.208779598143774
428,4.28,6.122501190994161,2.694750862278121,9.282365663493168,-1.4736551940752356,-0.14717918394056517,-4.020273948717871,0.0,-20.0,-20.0,110.0,-10.21385728224024
429,4.29,6.132942568244244,2.7020772009366407,9.278352499155288,-1.4736309673676584,-0.1474217744386778,-4.029682418302949,0.0,-20.0,-20.0,110.0,-10.218948510849478
430,4.3,6.143383945494328,2.709403539595161,9.274339334817407,-1.4736067007338882,-0.14766436094893465,-4.039090888093354,0.0,-20.0,-20.0,110.0,-10.224053265143803
431,4.3100000000000005,6.153825322744412,2.7167298782536813,9.270326170479526,-1.4735823941745785,-0.1479069434647644,-4.048499358089413,0.0,-20.0,-20.0,110.0,-10.229171526280371
432,4.32,6.164266699994496,2.724056216912202,9.266313006141646,-1.4735580476903867,-0.14814952197959594,-4.05790782829146,0.0,-20.0,-20.0,110.0,-10.234303275401434
433,4.33,6.1747080772445795,2.7313825555707227,9.262299841803765,-1.4735336612819683,-0.14839209648685858,-4.067316298699834,0.0,-20.0,-20.0,110.0,-10.239448493634583
434,4.34,6.185149454494663,2.738708894229244,9.258286677465884,-1.4735092349499799,-0.14863466697998193,-4.076724769314877,0.0,-20.0,-20.0,110.0,-10.244607162093036
435,4.3500000000000005,6.195590831744747,2.746035232887765,9.254273513128004,-1.47348476869508,-0.14887723345239517,-4.086133240136918,0.0,-20.0,-20.0,110.0,-10.249779261875895
436,4.36,6.206032208994831,2.7533615715462862,9.250260348790123,-1.4734602625179287,-0.14911979589752813,-4.095541711166292,0.0,-20.0,-20.0,110.0,-10.254964774068394
437,4.37,6.2164735862449145,2.760687910204808,9.246247184452242,-1.4734357164191836,-0.1493623543088096,-4.104950182403325,0.0,-20.0,-20.0,110.0,-10.260163679742167
438,4.38,6.226914963494998,2.7680142488633295,9.242234020114362,-1.4734111303995128,-0.1496049086796696,-4.114358653848359,0.0,-20.0,-20.0,110.0,-10.265375959955515
439,4.39,6.237356340745082,2.7753405875218515,9.238220855776481,-1.4733865044595762,-0.1498474590035381,-4.123767125501726,0.0,-20.0,-20.0,110.0,-10.270601595753641
440,4.4,6.247797717995166,2.7826669261803736,9.2342076914386,-1.4733618386000376,-0.1500900052738448,-4.133175597363757,0.0,-20.0,-20.0,110.0,-10.275840568168931
441,4.41,6.25823909524525,2.789993264838896,9.23019452710072,-1.4733371328215619,-0.15033254748401978,-4.142584069434788,0.0,-20.0,-20.0,110.0,-10.281092858221202
442,4.42,6.268680472495333,2.7973196034974186,9.226181362762839,-1.4733123871248153,-0.150575085627493,-4.151992541715149,0.0,-20.0,-20.0,110.0,-10.286358446917959
443,4.43,6.279121849745417,2.804645942155941,9.222168198424958,-1.4732876015104643,-0.1508176196976954,-4.1614010142051905,0.0,-20.0,-20.0,110.0,-10.291637315254638
444,4.44,6.289563226995501,2.811972280814464,9.218155034087077,-1.4732627759791777,-0.1510601496880571,-4.17080948690525,0.0,-20.0,-20.0,110.0,-10.296929444214873
445,4.45,6.300004604245585,2.819298619472987,9.214141869749197,-1.4732379105316251,-0.15130267559200838,-4.180217959815649,0.0,-20.0,-20.0,110.0,-10.302234814770747
446,4.46,6.310445981495668,2.8266249581315104,9.210128705411316,-1.473213005168477,-0.15154519740297967,-4.189626432936729,0.0,-20.0,-20.0,110.0,-10.307553407883052
447,4.47,6.320887358745752,2.8339512967900338,9.206115541073435,-1.473188059890405,-0.15178771511440178,-4.199034906268822,0.0,-20.0,-20.0,110.0,-10.312885204501512
448,4.48,6.331328735995836,2.8412776354485576,9.202102376735555,-1.473163074698081,-0.1520302287197056,-4.2084433798122545,0.0,-20.0,-20.0,110.0,-10.318230185565067
449,4.49,6.34177011324592,2.8486039741070814,9.198089212397674,-1.4731380495921789,-0.15227273821232165,-4.217851853567363,0.0,-20.0,-20.0,110.0,-10.32358833200211
450,4.5,6.352211490496003,2.8559303127656053,9.194076048059793,-1.473112984573374,-0.1525152435856811,-4.227260327534483,0.0,-20.0,-20.0,110.0,-10.328959624730711
451,4.51,6.362652867746087,2.8632566514241296,9.190062883721913,-1.4730878796423414,-0.15275774483321505,-4.236668801713943,0.0,-20.0,-20.0,110.0,-10.334344044658915
452,4.5200000000000005,6.373094244996171,2.870582990082654,9.186049719384032,-1.4730627347997587,-0.1530002419483547,-4.246077276106078,0.0,-20.0,-20.0,110.0,-10.33974157268495
453,4.53,6.383535622246255,2.8779093287411786,9.182036555046151,-1.4730375500463033,-0.15324273492453144,-4.255485750711225,0.0,-20.0,-20.0,110.0,-10.345152189697489
454,4.54,6.3939769994963385,2.8852356673997033,9.17802339070827,-1.4730123253826548,-0.15348522375517668,-4.2648942255297175,0.0,-20.0,-20.0,110.0,-10.35057587657588
455,4.55,6.404418376746422,2.8925620060582284,9.17401022637039,-1.472987060809493,-0.15372770843372205,-4.274302700561888,0.0,-20.0,-20.0,110.0,-10.356012614190428
456,4.5600000000000005,6.414859753996506,2.8998883447167536,9.16999706203251,-1.472961756327499,-0.1539701889535991,-4.28371117580807,0.0,-20.0,-20.0,110.0,-10.361462383402559
457,4.57,6.42530113124659,2.9072146833752788,9.165983897694629,-1.472936411937354,-0.1542126653082397,-4.293119651268591,0.0,-20.0,-20.0,110.0,-10.366925165065172
458,4.58,6.4357425084966735,2.9145410220338044,9.161970733356748,-1.4729110276397428,-0.15445513749107573,-4.302528126943793,0.0,-20.0,-20.0,110.0,-10.372400940022793
459,4.59,6.446183885746757,2.92186736069233,9.157957569018867,-1.4728856034353457,-0.15469760549553896,-4.311936602833998,0.0,-20.0,-20.0,110.0,-10.377889689111853
460,4.6000000000000005,6.456625262996841,2.929193699350856,9.153944404680987,-1.472860139324856,-0.1549400693150621,-4.321345078939567,0.0,-20.0,-20.0,110.0,-10.383391393160924
461,4.61,6.467066640246925,2.936520038009382,9.149931240343106,-1.4728346353089563,-0.15518252894307688,-4.330753555260813,0.0,-20.0,-20.0,110.0,-10.388906032990944
462,4.62,6.4775080174970086,2.9438463766679086,9.145918076005225,-1.4728090913883343,-0.15542498437301602,-4.340162031798081,0.0,-20.0,-20.0,110.0,-10.394433589415481
463,4.63,6.487949394747092,2.951172715326435,9.141904911667345,-1.4727835075636788,-0.15566743559831167,-4.3495705085516985,0.0,-20.0,-20.0,110.0,-10.399974043240944
464,4.64,6.498390771997176,2.9584990539849616,9.137891747329464,-1.472757883835679,-0.1559098826123969,-4.3589789855220085,0.0,-20.0,-20.0,110.0,-10.40552737526683
465,4.65,6.50883214924726,2.9658253926434885,9.133878582991583,-1.472732220205027,-0.15615232540870405,-4.368387462709338,0.0,-20.0,-20.0,110.0,-10.411093566285967
466,4.66,6.519273526497344,2.9731517313020155,9.129865418653702,-1.4727065166724134,-0.15639476398066596,-4.377795940114015,0.0,-20.0,-20.0,110.0,-10.416672597084727
467,4.67,6.529714903747427,2.980478069960543,9.125852254315822,-1.4726807732385312,-0.1566371983217156,-4.387204417736379,0.0,-20.0,-20.0,110.0,-10.422264448443284
468,4.68,6.540156280997511,2.9878044086190703,9.121839089977941,-1.4726549899040762,-0.15687962842528602,-4.39661289557677,0.0,-20.0,-20.0,110.0,-10.427869101135842
469,4.69,6.550597658247595,2.9951307472775976,9.11782592564006,-1.4726291666697422,-0.15712205428481044,-4.40602137363552,0.0,-20.0,-20.0,110.0,-10.433486535930829
470,4.7,6.561039035497679,3.0024570859361255,9.11381276130218,-1.4726033035362263,-0.1573644758937218,-4.4154298519129584,0.0,-20.0,-20.0,110.0,-10.43911673359118
471,4.71,6.571480412747762,3.0097834245946533,9.109799596964299,-1.472577400504226,-0.1576068932454536,-4.42483833040942,0.0,-20.0,-20.0,110.0,-10.44475967487455
472,4.72,6.581921789997846,3.0171097632531816,9.105786432626418,-1.4725514575744392,-0.15784930633343963,-4.4342468091252405,0.0,-20.0,-20.0,110.0,-10.450415340533528
473,4.73,6.59236316724793,3.02443610191171,9.101773268288538,-1.4725254747475647,-0.15809171515111348,-4.443655288060755,0.0,-20.0,-20.0,110.0,-10.456083711315857
474,4.74,6.602804544498014,3.0317624405702386,9.097760103950657,-1.4724994520243042,-0.15833411969190872,-4.453063767216298,0.0,-20.0,-20.0,110.0,-10.461764767964713
475,4.75,6.6132459217480974,3.0390887792287673,9.093746939612776,-1.4724733894053588,-0.1585765199492593,-4.4624722465922035,0.0,-20.0,-20.0,110.0,-10.46745849121886
476,4.76,6.623687298998181,3.046415117887296,9.089733775274896,-1.4724472868914278,-0.1588189159165987,-4.471880726188788,0.0,-20.0,-20.0,110.0,-10.47316486181293
477,4.7700000000000005,6.634128676248265,3.053741456545825,9.085720610937015,-1.4724211444832227,-0.15906130758736156,-4.481289206006409,0.0,-20.0,-20.0,110.0,-10.478883860477616
478,4.78,6.644570053498349,3.0610677952043543,9.081707446599134,-1.4723949621814436,-0.15930369495498176,-4.49069768604539,0.0,-20.0,-20.0,110.0,-10.484615467939921
479,4.79,6.6550114307484325,3.068394133862884,9.077694282261254,-1.4723687399867977,-0.15954607801289378,-4.500106166306066,0.0,-20.0,-20.0,110.0,-10.490359664923334
480,4.8,6.665452807998516,3.0757204725214136,9.073681117923373,-1.4723424778999918,-0.15978845675453207,-4.509514646788775,0.0,-20.0,-20.0,110.0,-10.49611643214811
481,4.8100000000000005,6.6758941852486,3.0830468111799436,9.069667953585492,-1.4723161759217334,-0.1600308311733312,-4.518923127493852,0.0,-20.0,-20.0,110.0,-10.50188575033145
482,4.82,6.686335562498684,3.0903731498384737,9.065654789247612,-1.4722898340527324,-0.1602732012627257,-4.5283316084216265,0.0,-20.0,-20.0,110.0,-10.507667600187736
483,4.83,6.6967769397487675,3.0976994884970037,9.061641624909731,-1.4722634522936988,-0.16051556701615033,-4.537740089572431,0.0,-20.0,-20.0,110.0,-10.51346196242873
484,4.84,6.707218316998851,3.105025827155534,9.05762846057185,-1.4722370306453438,-0.16075792842703998,-4.5471485709465975,0.0,-20.0,-20.0,110.0,-10.519268817763818
485,4.8500000000000005,6.717659694248935,3.1123521658140647,9.05361529623397,-1.4722105691083804,-0.1610002854888297,-4.556557052544464,0.0,-20.0,-20.0,110.0,-10.525088146900211
486,4.86,6.728101071499019,3.1196785044725956,9.049602131896089,-1.4721840676835212,-0.16124263819495457,-4.56596553436636,0.0,-20.0,-20.0,110.0,-10.530919930543151
487,4.87,6.738542448749103,3.1270048431311266,9.045588967558208,-1.4721575263714812,-0.16148498653884982,-4.575374016412621,0.0,-20.0,-20.0,110.0,-10.536764149396161
488,4.88,6.748983825999186,3.134331181789658,9.041575803220328,-1.4721309451729776,-0.16172733051395036,-4.584782498683574,0.0,-20.0,-20.0,110.0,-10.542620784161217
489,4.89,6.75942520324927,3.1416575204481894,9.037562638882447,-1.4721043240887248,-0.1619696701136919,-4.59419098117955,0.0,-20.0,-20.0,110.0,-10.548489815538964
490,4.9,6.769866580499354,3.1489838591067207,9.033549474544566,-1.472077663119442,-0.16221200533151026,-4.603599463900885,0.0,-20.0,-20.0,110.0,-10.554371224228957
491,4.91,6.780307957749438,3.1563101977652526,9.029536310206685,-1.4720509622658475,-0.16245433616084112,-4.613007946847917,0.0,-20.0,-20.0,110.0,-10.56026499092986
492,4.92,6.790749334999521,3.1636365364237844,9.025523145868805,-1.4720242215286612,-0.16269666259512014,-4.62241643002098,0.0,-20.0,-20.0,110.0,-10.566171096339643
493,4.93,6.801190712249605,3.1709628750823167,9.021509981530924,-1.4719974409086047,-0.1629389846277833,-4.631824913420404,0.0,-20.0,-20.0,110.0,-10.572089521155776
494,4.94,6.811632089499689,3.178289213740849,9.017496817193043,-1.4719706204064,-0.16318130225226676,-4.641233397046525,0.0,-20.0,-20.0,110.0,-10.578020246075493
495,4.95,6.822073466749773,3.1856155523993817,9.013483652855163,-1.4719437600227696,-0.16342361546200687,-4.6506418808996814,0.0,-20.0,-20.0,110.0,-10.583963251795936
496,4.96,6.832514843999856,3.1929418910579144,9.009470488517282,-1.4719168597584391,-0.16366592425043963,-4.660050364980198,0.0,-20.0,-20.0,110.0,-10.589918519014391
497,4.97,6.84295622124994,3.200268229716447,9.005457324179401,-1.471889919614133,-0.16390822861100152,-4.669458849288411,0.0,-20.0,-20.0,110.0,-10.595886028428493
498,4.98,6.853397598500024,3.2075945683749802,9.00144415984152,-1.4718629395905778,-0.16415052853712891,-4.678867333824646,0.0,-20.0,-20.0,110.0,-10.601865760736423
499,4.99,6.863838975750108,3.2149209070335134,8.99743099550364,-1.4718359196885014,-0.16439282402225872,-4.6882758185892435,0.0,-20.0,-20.0,110.0,-10.607857696637105
500,5.0,6.8742803530001915,3.222247245692047,8.99341783116576,-1.4718088599086276,-0.1646351150598272,-4.697684303582522,0.0,-20.0,-20.0,110.0,-10.613861816830424
501,5.01,6.884721730250275,3.2295735843505806,8.989404666827879,-1.4717817602516943,-0.1648774016432719,-4.707092788804833,0.0,-20.0,-20.0,110.0,-10.619878102017406
502,5.0200000000000005,6.895163107500359,3.2368999230091147,8.985391502489998,-1.471754620718428,-0.1651196837660292,-4.716501274256498,0.0,-20.0,-20.0,110.0,-10.625906532900432
503,5.03,6.905604484750443,3.2442262616676487,8.981378338152117,-1.4717274413095616,-0.16536196142153625,-4.725909759937841,0.0,-20.0,-20.0,110.0,-10.631947090183429
504,5.04,6.9160458620005265,3.2515526003261828,8.977365173814237,-1.4717002220258282,-0.16560423460323037,-4.735318245849209,0.0,-20.0,-20.0,110.0,-10.637999754572082
505,5.05,6.92648723925061,3.2588789389847173,8.973352009476356,-1.4716729628679617,-0.16584650330454903,-4.744726731990933,0.0,-20.0,-20.0,110.0,-10.644064506774008
506,5.0600000000000005,6.936928616500694,3.2662052776432517,8.969338845138475,-1.4716456638366948,-0.1660887675189303,-4.754135218363349,0.0,-20.0,-20.0,110.0,-10.650141327498948
507,5.07,6.947369993750778,3.2735316163017867,8.965325680800595,-1.4716183249327666,-0.16633102723981147,-4.763543704966795,0.0,-20.0,-20.0,110.0,-10.656230197459001
508,5.08,6.9578113710008616,3.2808579549603216,8.961312516462714,-1.4715909461569123,-0.1665732824606301,-4.772952191801596,0.0,-20.0,-20.0,110.0,-10.662331097368787
509,5.09,6.968252748250945,3.288184293618857,8.957299352124833,-1.4715635275098706,-0.16681553317482445,-4.782360678868099,0.0,-20.0,-20.0,110.0,-10.668444007945618
510,5.1000000000000005,6.978694125501029,3.2955106322773924,8.953286187786953,-1.4715360689923809,-0.16705777937583224,-4.791769166166621,0.0,-20.0,-20.0,110.0,-10.674568909909741
511,5.11,6.989135502751113,3.3028369709359278,8.949273023449072,-1.4715085706051843,-0.1673000210570914,-4.801177653697498,0.0,-20.0,-20.0,110.0,-10.680705783984509
512,5.12,6.999576880001197,3.3101633095944636,8.945259859111191,-1.4714810323490215,-0.16754225821204022,-4.810586141461073,0.0,-20.0,-20.0,110.0,-10.686854610896528
513,5.13,7.01001825725128,3.3174896482529994,8.94124669477331,-1.471453454224636,-0.1677844908341173,-4.819994629457673,0.0,-20.0,-20.0,110.0,-10.693015371375916
514,5.14,7.020459634501364,3.3248159869115357,8.93723353043543,-1.4714258362327717,-0.16802671891676071,-4.829403117687624,0.0,-20.0,-20.0,110.0,-10.699188046156447
515,5.15,7.030901011751448,3.332142325570072,8.933220366097549,-1.4713981783741719,-0.1682689424534092,-4.83881160615126,0.0,-20.0,-20.0,110.0,-10.705372615975739
516,5.16,7.041342389001532,3.3394686642286087,8.929207201759668,-1.47137048064958,-0.16851116143750122,-4.8482200948489025,0.0,-20.0,-20.0,110.0,-10.711569061575455
517,5.17,7.051783766251615,3.3467950028871454,8.925194037421788,-1.471342743059749,-0.16875337586247655,-4.857628583780921,0.0,-20.0,-20.0,110.0,-10.717777363701469
518,5.18,7.062225143501699,3.354121341545682,8.921180873083907,-1.4713149656054234,-0.16899558572177345,-4.867037072947621,0.0,-20.0,-20.0,110.0,-10.72399750310407
519,5.19,7.072666520751783,3.3614476802042192,8.917167708746026,-1.4712871482873529,-0.1692377910088308,-4.876445562349339,0.0,-20.0,-20.0,110.0,-10.73022946053812
520,5.2,7.083107898001867,3.3687740188627564,8.913154544408146,-1.4712592911062876,-0.169479991717088,-4.885854051986403,0.0,-20.0,-20.0,110.0,-10.73647321676326
521,5.21,7.0935492752519504,3.376100357521294,8.909141380070263,-1.4712313940629786,-0.16972218783998438,-4.895262541859154,0.0,-20.0,-20.0,110.0,-10.742728752544092
522,5.22,7.103990652502034,3.3834266961798316,8.90512821573238,-1.4712034571581787,-0.16996437937095932,-4.90467103196792,0.0,-20.0,-20.0,110.0,-10.748996048650318
523,5.23,7.114432029752118,3.3907530348383697,8.901115051394498,-1.4711754803926407,-0.17020656630345252,-4.914079522313039,0.0,-20.0,-20.0,110.0,-10.755275085856963
524,5.24,7.124873407002202,3.3980793734969077,8.897101887056616,-1.471147463767119,-0.17044874863090367,-4.923488012894838,0.0,-20.0,-20.0,110.0,-10.761565844944535
525,5.25,7.1353147842522855,3.4054057121554457,8.893088722718733,-1.471119407282368,-0.17069092634675265,-4.932896503713646,0.0,-20.0,-20.0,110.0,-10.767868306699201
526,5.26,7.145756161502369,3.4127320508139842,8.889075558380851,-1.4710913109391452,-0.17093309944443927,-4.942304994769798,0.0,-20.0,-20.0,110.0,-10.77418245191296
527,5.2700000000000005,7.156197538752453,3.4200583894725227,8.885062394042968,-1.4710631747382086,-0.1711752679174036,-4.951713486063627,0.0,-20.0,-20.0,110.0,-10.78050826138383
528,5.28,7.166638916002537,3.4273847281310617,8.881049229705086,-1.4710349986803166,-0.17141743175908594,-4.96112197759547,0.0,-20.0,-20.0,110.0,-10.786845715916
529,5.29,7.1770802932526205,3.4347110667896006,8.877036065367204,-1.4710067827662303,-0.17165959096292616,-4.970530469365655,0.0,-20.0,-20.0,110.0,-10.79319479632003
530,5.3,7.187521670502704,3.44203740544814,8.873022901029321,-1.4709785269967104,-0.17190174552236487,-4.979938961374514,0.0,-20.0,-20.0,110.0,-10.799555483412993
531,5.3100000000000005,7.197963047752788,3.4493637441066793,8.869009736691439,-1.4709502313725167,-0.17214389543084282,-4.989347453622376,0.0,-20.0,-20.0,110.0,-10.80592775801868
532,5.32,7.208404425002872,3.4566900827652187,8.864996572353556,-1.4709218958944132,-0.172386040681801,-4.998755946109582,0.0,-20.0,-20.0,110.0,-10.81231160096772
533,5.33,7.218845802252956,3.4640164214237585,8.860983408015674,-1.4708935205631646,-0.17262818126867985,-5.008164438836462,0.0,-20.0,-20.0,110.0,-10.818706993097809
534,5.34,7.229287179503039,3.4713427600822984,8.856970243677791,-1.4708651053795356,-0.17287031718492019,-5.0175729318033415,0.0,-20.0,-20.0,110.0,-10.825113915253814
535,5.3500000000000005,7.239728556753123,3.4786690987408386,8.852957079339909,-1.4708366503442931,-0.17311244842396323,-5.026981425010555,0.0,-20.0,-20.0,110.0,-10.831532348288004
536,5.36,7.250169934003207,3.485995437399379,8.848943915002026,-1.4708081554582013,-0.1733545749792497,-5.036389918458426,0.0,-20.0,-20.0,110.0,-10.837962273060175
537,5.37,7.260611311253291,3.4933217760579196,8.844930750664144,-1.4707796207220347,-0.1735966968442219,-5.045798412147315,0.0,-20.0,-20.0,110.0,-10.844403670437806
538,5.38,7.271052688503374,3.5006481147164603,8.840917586326261,-1.4707510461365594,-0.17383881401232096,-5.05520690607754,0.0,-20.0,-20.0,110.0,-10.85085652129625
539,5.39,7.281494065753458,3.507974453375001,8.836904421988379,-1.4707224317025456,-0.17408092647698842,-5.064615400249429,0.0,-20.0,-20.0,110.0,-10.857320806518892
540,5.4,7.291935443003542,3.515300792033542,8.832891257650497,-1.4706937774207651,-0.1743230342316657,-5.074023894663313,0.0,-20.0,-20.0,110.0,-10.863796506997296
541,5.41,7.302376820253626,3.5226271306920833,8.828878093312614,-1.4706650832919912,-0.17456513726979495,-5.083432389319534,0.0,-20.0,-20.0,110.0,-10.87028360363139
542,5.42,7.312818197503709,3.529953469350625,8.824864928974732,-1.4706363493169972,-0.17480723558481814,-5.092840884218421,0.0,-20.0,-20.0,110.0,-10.876782077329581
543,5.43,7.323259574753793,3.5372798080091665,8.82085176463685,-1.4706075754965575,-0.1750493291701773,-5.102249379360305,0.0,-20.0,-20.0,110.0,-10.883291909008971
544,5.44,7.333700952003877,3.544606146667708,8.816838600298967,-1.4705787618314492,-0.17529141801931436,-5.111657874745515,0.0,-20.0,-20.0,110.0,-10.889813079595475
545,5.45,7.344142329253961,3.55193248532625,8.812825435961084,-1.470549908322449,-0.17553350212567165,-5.121066370374376,0.0,-20.0,-20.0,110.0,-10.896345570023977
546,5.46,7.3545837065040445,3.559258823984792,8.808812271623202,-1.4705210149703356,-0.17577558148269148,-5.1304748662472175,0.0,-20.0,-20.0,110.0,-10.902889361238522
547,5.47,7.365025083754128,3.5665851626433347,8.80479910728532,-1.4704920817758869,-0.17601765608381653,-5.139883362364376,0.0,-20.0,-20.0,110.0,-10.909444434192427
548,5.48,7.375466461004212,3.573911501301877,8.800785942947437,-1.4704631087398834,-0.1762597259224899,-5.149291858726189,0.0,-20.0,-20.0,110.0,-10.91601076984846
549,5.49,7.385907838254296,3.58123783996042,8.796772778609554,-1.4704340958631057,-0.1765017909921543,-5.1587003553329875,0.0,-20.0,-20.0,110.0,-10.922588349178993
550,5.5,7.3963492155043795,3.588564178618963,8.792759614271672,-1.470405043146339,-0.17674385128625245,-5.168108852185104,0.0,-20.0,-20.0,110.0,-10.929177153166133
551,5.51,7.406790592754463,3.595890517277506,8.78874644993379,-1.4703759505903644,-0.17698590679822765,-5.17751734928287,0.0,-20.0,-20.0,110.0,-10.935777162801902
552,5.5200000000000005,7.417231970004547,3.6032168559360493,8.784733285595907,-1.4703468181959678,-0.1772279575215229,-5.186925846626611,0.0,-20.0,-20.0,110.0,-10.94238835908836
553,5.53,7.427673347254631,3.6105431945945927,8.780720121258025,-1.470317645963931,-0.17747000344958128,-5.196334344216653,0.0,-20.0,-20.0,110.0,-10.949010723037778
554,5.54,7.438114724504715,3.6178695332531365,8.776706956920142,-1.4702884338950464,-0.17771204457584733,-5.205742842053345,0.0,-20.0,-20.0,110.0,-10.955644235672759
555,5.55,7.448556101754798,3.6251958719116804,8.77269379258226,-1.4702591819900988,-0.1779540808937641,-5.215151340137011,0.0,-20.0,-20.0,110.0,-10.96228887802642
556,5.5600000000000005,7.458997479004882,3.6325222105702246,8.768680628244377,-1.4702298902498783,-0.17819611239677513,-5.224559838467974,0.0,-20.0,-20.0,110.0,-10.968944631142492
557,5.57,7.469438856254966,3.639848549228769,8.764667463906495,-1.470200558675173,-0.17843813907832456,-5.23396833704658,0.0,-20.0,-20.0,110.0,-10.975611476075516
558,5.58,7.47988023350505,3.647174887887313,8.760654299568612,-1.4701711872667762,-0.17868016093185635,-5.2433768358731605,0.0,-20.0,-20.0,110.0,-10.982289393890952
559,5.59,7.490321610755133,3.654501226545858,8.75664113523073,-1.4701417760254787,-0.1789221779508145,-5.25278533494804,0.0,-20.0,-20.0,110.0,-10.988978365665318
560,5.6000000000000005,7.500762988005217,3.6618275652044026,8.752627970892847,-1.470112324952073,-0.1791641901286434,-5.262193834271552,0.0,-20.0,-20.0,110.0,-10.995678372486374
561,5.61,7.511204365255301,3.6691539038629477,8.748614806554965,-1.4700828340473537,-0.1794061974587878,-5.271602333844034,0.0,-20.0,-20.0,110.0,-11.002389395453205
562,5.62,7.521645742505385,3.676480242521493,8.744601642217082,-1.4700533033121161,-0.17964819993469205,-5.281010833665812,0.0,-20.0,-20.0,110.0,-11.009111415676424
563,5.63,7.532087119755468,3.6838065811800385,8.7405884778792,-1.4700237327471573,-0.17989019754980043,-5.290419333737219,0.0,-20.0,-20.0,110.0,-11.015844414278245
564,5.64,7.542528497005552,3.691132919838584,8.736575313541318,-1.4699941223532749,-0.18013219029755784,-5.299827834058582,0.0,-20.0,-20.0,110.0,-11.022588372392685
565,5.65,7.552969874255636,3.6984592584971296,8.732562149203435,-1.4699644721312668,-0.18037417817140922,-5.309236334630239,0.0,-20.0,-20.0,110.0,-11.02934327116565
566,5.66,7.56341125150572,3.7057855971556757,8.728548984865553,-1.4699347820819328,-0.18061616116479992,-5.318644835452521,0.0,-20.0,-20.0,110.0,-11.0361090917551
567,5.67,7.5738526287558035,3.7131119358142217,8.72453582052767,-1.4699050522060724,-0.18085813927117508,-5.3280533365257545,0.0,-20.0,-20.0,110.0,-11.042885815331179
568,5.68,7.584294006005887,3.720438274472768,8.720522656189788,-1.4698752825044898,-0.1811001124839798,-5.337461837850278,0.0,-20.0,-20.0,110.0,-11.049673423076351
569,5.69,7.594735383255971,3.7277646131313147,8.716509491851905,-1.4698454729779862,-0.18134208079665978,-5.346870339426428,0.0,-20.0,-20.0,110.0,-11.05647189618553
570,5.7,7.605176760506055,3.7350909517898616,8.712496327514023,-1.4698156236273663,-0.1815840442026603,-5.356278841254526,0.0,-20.0,-20.0,110.0,-11.0632812158662
571,5.71,7.6156181377561385,3.7424172904484085,8.70848316317614,-1.4697857344534342,-0.18182600269542726,-5.365687343334905,0.0,-20.0,-20.0,110.0,-11.070101363338571
572,5.72,7.626059515006222,3.7497436291069555,8.704469998838258,-1.4697558054569966,-0.18206795626840624,-5.375095845667891,0.0,-20.0,-20.0,110.0,-11.0769323198357
573,5.73,7.636500892256306,3.757069967765503,8.700456834500375,-1.4697258366388573,-0.182309904915043,-5.384504348253804,0.0,-20.0,-20.0,110.0,-11.083774066603622
574,5.74,7.64694226950639,3.76439630642405,8.696443670162493,-1.4696958279998298,-0.18255184862878454,-5.393912851092997,0.0,-20.0,-20.0,110.0,-11.090626584901466
575,5.75,7.6573836467564735,3.771722645082598,8.69243050582461,-1.4696657795407215,-0.18279378740307656,-5.403321354185797,0.0,-20.0,-20.0,110.0,-11.0974898560016
576,5.76,7.667825024006557,3.779048983741146,8.688417341486728,-1.4696356912623436,-0.18303572123136505,-5.4127298575325264,0.0,-20.0,-20.0,110.0,-11.10436386118974
577,5.7700000000000005,7.678266401256641,3.786375322399694,8.684404177148846,-1.4696055631655058,-0.1832776501070969,-5.4221383611335146,0.0,-20.0,-20.0,110.0,-11.111248581765114
578,5.78,7.688707778506725,3.7937016610582424,8.680391012810963,-1.4695753952510215,-0.18351957402371882,-5.4315468649891026,0.0,-20.0,-20.0,110.0,-11.118143999040539
579,5.79,7.699149155756809,3.8010279997167906,8.67637784847308,-1.4695451875197043,-0.1837614929746776,-5.440955369099623,0.0,-20.0,-20.0,110.0,-11.125050094342567
580,5.8,7.709590533006892,3.8083543383753393,8.672364684135198,-1.4695149399723684,-0.1840034069534201,-5.450363873465405,0.0,-20.0,-20.0,110.0,-11.131966849011622
581,5.8100000000000005,7.720031910256976,3.815680677033888,8.668351519797316,-1.46948465260983,-0.18424531595339322,-5.45977237808677,0.0,-20.0,-20.0,110.0,-11.138894244402092
582,5.82,7.73047328750706,3.823007015692437,8.664338355459433,-1.4694543254329058,-0.18448721996804396,-5.469180882964046,0.0,-20.0,-20.0,110.0,-11.145832261882484
583,5.83,7.740914664757144,3.8303333543509863,8.66032519112155,-1.4694239584424142,-0.18472911899081967,-5.47858938809757,0.0,-20.0,-20.0,110.0,-11.15278088283552
584,5.84,7.751356042007227,3.837659693009536,8.656312026783668,-1.4693935516391743,-0.1849710130151679,-5.487997893487672,0.0,-20.0,-20.0,110.0,-11.15974008865827
585,5.8500000000000005,7.761797419257311,3.8449860316680855,8.652298862445786,-1.4693631050240046,-0.1852129020345367,-5.497406399134692,0.0,-20.0,-20.0,110.0,-11.166709860762248
586,5.86,7.772238796507395,3.852312370326635,8.648285698107903,-1.469332618597727,-0.18545478604237323,-5.506814905038959,0.0,-20.0,-20.0,110.0,-11.17369018057358
587,5.87,7.782680173757479,3.859638708985185,8.644272533770021,-1.4693020923611644,-0.18569666503212556,-5.516223411200798,0.0,-20.0,-20.0,110.0,-11.180681029533055
588,5.88,7.793121551007562,3.866965047643735,8.640259369432139,-1.4692715263151388,-0.18593853899724136,-5.525631917620529,0.0,-20.0,-20.0,110.0,-11.187682389096292
589,5.89,7.803562928257646,3.8742913863022856,8.636246205094256,-1.4692409204604755,-0.18618040793116883,-5.53504042429849,0.0,-20.0,-20.0,110.0,-11.19469424073384
590,5.9,7.81400430550773,3.881617724960836,8.632233040756374,-1.4692102747980005,-0.1864222718273564,-5.544448931235018,0.0,-20.0,-20.0,110.0,-11.201716565931282
591,5.91,7.824445682757814,3.888944063619387,8.628219876418491,-1.469179589328538,-0.18666413067925255,-5.55385743843044,0.0,-20.0,-20.0,110.0,-11.20874934618936
592,5.92,7.8348870600078975,3.896270402277938,8.624206712080609,-1.4691488640529162,-0.18690598448030615,-5.563265945885098,0.0,-20.0,-20.0,110.0,-11.215792563024092
593,5.93,7.845328437257981,3.903596740936489,8.620193547742726,-1.4691180989719654,-0.18714783322396517,-5.572674453599313,0.0,-20.0,-20.0,110.0,-11.22284619796686
594,5.94,7.855769814508065,3.9109230795950403,8.616180383404844,-1.4690872940865156,-0.18738967690367817,-5.582082961573411,0.0,-20.0,-20.0,110.0,-11.229910232564547
595,5.95,7.866211191758149,3.9182494182535916,8.612167219066961,-1.469056449397396,-0.18763151551289453,-5.5914914698077265,0.0,-20.0,-20.0,110.0,-11.236984648379638
596,5.96,7.8766525690082325,3.9255757569121434,8.608154054729079,-1.4690255649054391,-0.18787334904506345,-5.600899978302592,0.0,-20.0,-20.0,110.0,-11.244069426990325
597,5.97,7.887093946258316,3.9329020955706953,8.604140890391196,-1.4689946406114731,-0.18811517749363388,-5.61030848705833,0.0,-20.0,-20.0,110.0,-11.25116454999062
598,5.98,7.8975353235084,3.9402284342292475,8.600127726053314,-1.4689636765163405,-0.18835700085205573,-5.619716996075291,0.0,-20.0,-20.0,110.0,-11.258269998990446
599,5.99,7.907976700758484,3.9475547728877998,8.596114561715432,-1.468932672620872,-0.18859881911377815,-5.629125505353795,0.0,-20.0,-20.0,110.0,-11.26538575561577
600,6.0,7.918418078008568,3.954881111546352,8.592101397377549,-1.4689016289259054,-0.18884063227225023,-5.638534014894167,0.0,-20.0,-20.0,110.0,-11.272511801508696
601,6.01,7.928859455258651,3.9622074502049047,8.588088233039667,-1.468870545432277,-0.1890824403209222,-5.647942524696738,0.0,-20.0,-20.0,110.0,-11.27964811832758
602,6.0200000000000005,7.939300832508735,3.9695337888634574,8.584075068701784,-1.4688394221408239,-0.18932424325324393,-5.657351034761839,0.0,-20.0,-20.0,110.0,-11.286794687747099
603,6.03,7.949742209758819,3.9768601275220106,8.580061904363902,-1.4688082590523865,-0.18956604106266556,-5.6667595450898025,0.0,-20.0,-20.0,110.0,-11.293951491458392
604,6.04,7.960183587008903,3.9841864661805637,8.57604874002602,-1.4687770561678053,-0.189807833742637,-5.676168055680957,0.0,-20.0,-20.0,110.0,-11.301118511169149
605,6.05,7.970624964258986,3.9915128048391173,8.572035575688137,-1.4687458134879225,-0.19004962128660852,-5.6855765665356355,0.0,-20.0,-20.0,110.0,-11.308295728603703
606,6.0600000000000005,7.98106634150907,3.998839143497671,8.568022411350254,-1.4687145310135807,-0.19029140368803055,-5.694985077654169,0.0,-20.0,-20.0,110.0,-11.31548312550314
607,6.07,7.991507718759154,4.0061654821562245,8.564009247012372,-1.4686832087456234,-0.1905331809403537,-5.704393589036881,0.0,-20.0,-20.0,110.0,-11.322680683625423
608,6.08,8.001949096009238,4.013491820814778,8.55999608267449,-1.4686518466848935,-0.19077495303702932,-5.713802100684111,0.0,-20.0,-20.0,110.0,-11.329888384745432
609,6.09,8.012390473259321,4.0208181594733325,8.555982918336607,-1.4686204448322384,-0.19101671997150804,-5.723210612596189,0.0,-20.0,-20.0,110.0,-11.3371062106551
610,6.1000000000000005,8.022831850509405,4.028144498131887,8.551969753998724,-1.468589003188505,-0.1912584817372404,-5.73261912477344,0.0,-20.0,-20.0,110.0,-11.344334143163515
611,6.11,8.033273227759489,4.0354708367904415,8.547956589660842,-1.4685575217545412,-0.19150023832767743,-5.742027637216197,0.0,-20.0,-20.0,110.0,-11.35157216409701
612,6.12,8.043714605009573,4.042797175448996,8.54394342532296,-1.4685260005311962,-0.1917419897362708,-5.751436149924786,0.0,-20.0,-20.0,110.0,-11.358820255299236
613,6.13,8.054155982259656,4.0501235141075504,8.539930260985077,-1.46849443951932,-0.1919837359564718,-5.76084466289954,0.0,-20.0,-20.0,110.0,-11.36607839863129
614,6.140000000000001,8.06459735950974,4.057449852766106,8.535917096647195,-1.4684628387197605,-0.19222547698173173,-5.770253176140779,0.0,-20.0,-20.0,110.0,-11.373346575971793
615,6.15,8.075038736759824,4.064776191424661,8.531903932309312,-1.4684311981333764,-0.192467212805503,-5.779661689648854,0.0,-20.0,-20.0,110.0,-11.380624769216963
616,6.16,8.085480114009908,4.0721025300832165,8.52789076797143,-1.468399517761018,-0.1927089434212368,-5.789070203424079,0.0,-20.0,-20.0,110.0,-11.387912960280747
617,6.17,8.095921491259991,4.079428868741772,8.523877603633547,-1.4683677976035392,-0.19295066882238537,-5.7984787174667884,0.0,-20.0,-20.0,110.0,-11.395211131094902
618,6.18,8.106362868510075,4.086755207400328,8.519864439295665,-1.4683360376617962,-0.1931923890024008,-5.8078872317773085,0.0,-20.0,-20.0,110.0,-11.402519263609042
619,6.19,8.116804245760159,4.094081546058884,8.515851274957782,-1.468304237936646,-0.1934341039547353,-5.817295746355977,0.0,-20.0,-20.0,110.0,-11.409837339790787
620,6.2,8.127245623010243,4.101407884717441,8.5118381106199,-1.4682723984289454,-0.19367581367284137,-5.826704261203123,0.0,-20.0,-20.0,110.0,-11.417165341625815
621,6.21,8.137687000260327,4.108734223375997,8.507824946282017,-1.4682405191395524,-0.19391751815017164,-5.836112776319074,0.0,-20.0,-20.0,110.0,-11.42450325111797
622,6.22,8.14812837751041,4.116060562034553,8.503811781944135,-1.4682086000693293,-0.1941592173801784,-5.845521291704163,0.0,-20.0,-20.0,110.0,-11.431851050289325
623,6.23,8.158569754760494,4.12338690069311,8.499798617606253,-1.4681766412191348,-0.19440091135631474,-5.854929807358715,0.0,-20.0,-20.0,110.0,-11.43920872118029
624,6.24,8.169011132010578,4.1307132393516675,8.49578545326837,-1.468144642589832,-0.19464260007203318,-5.864338323283054,0.0,-20.0,-20.0,110.0,-11.446576245849696
625,6.25,8.179452509260662,4.138039578010225,8.491772288930488,-1.4681126041822836,-0.19488428352078718,-5.873746839477514,0.0,-20.0,-20.0,110.0,-11.453953606374876
626,6.26,8.189893886510745,4.145365916668782,8.487759124592605,-1.4680805259973526,-0.1951259616960303,-5.883155355942429,0.0,-20.0,-20.0,110.0,-11.461340784851721
627,6.2700000000000005,8.200335263760829,4.152692255327339,8.483745960254723,-1.4680484080359053,-0.19536763459121567,-5.892563872678124,0.0,-20.0,-20.0,110.0,-11.468737763394818
628,6.28,8.210776641010913,4.160018593985897,8.47973279591684,-1.4680162502988077,-0.1956093021997967,-5.901972389684929,0.0,-20.0,-20.0,110.0,-11.476144524137496
629,6.29,8.221218018260997,4.167344932644455,8.475719631578958,-1.4679840527869275,-0.195850964515227,-5.911380906963174,0.0,-20.0,-20.0,110.0,-11.483561049231902
630,6.3,8.23165939551108,4.174671271303013,8.471706467241075,-1.467951815501132,-0.19609262153096027,-5.9207894245131785,0.0,-20.0,-20.0,110.0,-11.490987320849111
631,6.3100000000000005,8.242100772761164,4.181997609961571,8.467693302903193,-1.467919538442292,-0.19633427324045066,-5.930197942335283,0.0,-20.0,-20.0,110.0,-11.498423321179184
632,6.32,8.252542150011248,4.18932394862013,8.46368013856531,-1.4678872216112775,-0.1965759196371524,-5.939606460429821,0.0,-20.0,-20.0,110.0,-11.505869032431239
633,6.33,8.262983527261332,4.196650287278689,8.459666974227428,-1.4678548650089598,-0.19681756071451956,-5.949014978797113,0.0,-20.0,-20.0,110.0,-11.513324436833571
634,6.34,8.273424904511415,4.203976625937248,8.455653809889546,-1.4678224686362131,-0.19705919646600617,-5.958423497437485,0.0,-20.0,-20.0,110.0,-11.520789516633668
635,6.3500000000000005,8.2838662817615,4.211302964595807,8.451640645551663,-1.4677900324939093,-0.197300826885067,-5.96783201635127,0.0,-20.0,-20.0,110.0,-11.52826425409835
636,6.36,8.294307659011583,4.218629303254366,8.44762748121378,-1.4677575565829244,-0.1975424519651569,-5.977240535538798,0.0,-20.0,-20.0,110.0,-11.535748631513798
637,6.37,8.304749036261667,4.225955641912925,8.443614316875898,-1.4677250409041327,-0.19778407169973097,-5.986649055000407,0.0,-20.0,-20.0,110.0,-11.543242631185654
638,6.38,8.31519041351175,4.233281980571485,8.439601152538016,-1.4676924854584132,-0.19802568608224394,-5.996057574736427,0.0,-20.0,-20.0,110.0,-11.550746235439098
639,6.390000000000001,8.325631790761834,4.240608319230045,8.435587988200133,-1.4676598902466407,-0.19826729510615054,-6.00546609474718,0.0,-20.0,-20.0,110.0,-11.558259426618893
640,6.4,8.336073168011918,4.247934657888605,8.43157482386225,-1.4676272552697,-0.19850889876490688,-6.014874615033016,0.0,-20.0,-20.0,110.0,-11.565782187089484
641,6.41,8.346514545262002,4.255260996547165,8.427561659524368,-1.467594580528468,-0.19875049705196782,-6.024283135594241,0.0,-20.0,-20.0,110.0,-11.573314499235083
642,6.42,8.356955922512086,4.262587335205725,8.423548495186486,-1.4675618660238252,-0.19899208996078904,-6.033691656431188,0.0,-20.0,-20.0,110.0,-11.580856345459697
643,6.43,8.36739729976217,4.269913673864286,8.419535330848603,-1.467529111756655,-0.19923367748482593,-6.043100177544183,0.0,-20.0,-20.0,110.0,-11.588407708187242
644,6.44,8.377838677012253,4.277240012522847,8.415522166510721,-1.4674963177278415,-0.19947525961753423,-6.052508698933557,0.0,-20.0,-20.0,110.0,-11.595968569861592
645,6.45,8.388280054262337,4.284566351181407,8.411509002172838,-1.467463483938268,-0.19971683635237003,-6.061917220599639,0.0,-20.0,-20.0,110.0,-11.603538912946624
646,6.46,8.39872143151242,4.291892689839969,8.407495837834956,-1.4674306103888204,-0.19995840768278975,-6.071325742542759,0.0,-20.0,-20.0,110.0,-11.611118719926358
647,6.47,8.409162808762504,4.29921902849853,8.403482673497074,-1.467397697080386,-0.20019997360224953,-6.080734264763252,0.0,-20.0,-20.0,110.0,-11.618707973304943
648,6.48,8.419604186012588,4.306545367157091,8.399469509159191,-1.4673647440138509,-0.20044153410420565,-6.0901427872614375,0.0,-20.0,-20.0,110.0,-11.626306655606784
649,6.49,8.430045563262672,4.313871705815653,8.395456344821309,-1.4673317511901058,-0.2006830891821147,-6.099551310037653,0.0,-20.0,-20.0,110.0,-11.633914749376578
650,6.5,8.440486940512756,4.321198044474214,8.391443180483426,-1.4672987186100392,-0.20092463882943346,-6.108959833092232,0.0,-20.0,-20.0,110.0,-11.641532237179382
651,6.51,8.45092831776284,4.328524383132777,8.387430016145544,-1.4672656462745435,-0.20116618303961886,-6.118368356425498,0.0,-20.0,-20.0,110.0,-11.649159101600691
652,6.5200000000000005,8.461369695012923,4.335850721791339,8.383416851807661,-1.4672325341845094,-0.2014077218061276,-6.127776880037772,0.0,-20.0,-20.0,110.0,-11.656795325246488
653,6.53,8.471811072263007,4.343177060449902,8.379403687469779,-1.46719938234083,-0.20164925512241727,-6.137185403929391,0.0,-20.0,-20.0,110.0,-11.664440890743325
654,6.54,8.48225244951309,4.350503399108464,8.375390523131896,-1.4671661907444,-0.2018907829819446,-6.14659392810068,0.0,-20.0,-20.0,110.0,-11.67209578073836
655,6.55,8.492693826763174,4.357829737767027,8.371377358794014,-1.4671329593961147,-0.20213230537816754,-6.156002452551977,0.0,-20.0,-20.0,110.0,-11.679759977899456
656,6.5600000000000005,8.503135204013258,4.36515607642559,8.367364194456131,-1.4670996882968694,-0.20237382230454368,-6.16541097728361,0.0,-20.0,-20.0,110.0,-11.687433464915182
657,6.57,8.513576581263342,4.3724824150841535,8.363351030118249,-1.4670663774475623,-0.20261533375453045,-6.174819502295901,0.0,-20.0,-20.0,110.0,-11.695116224494951
658,6.58,8.524017958513426,4.379808753742717,8.359337865780367,-1.4670330268490925,-0.20285683972158583,-6.184228027589182,0.0,-20.0,-20.0,110.0,-11.702808239369027
659,6.59,8.53445933576351,4.38713509240128,8.355324701442484,-1.4669996365023605,-0.20309834019916742,-6.1936365531637785,0.0,-20.0,-20.0,110.0,-11.710509492288596
660,6.6000000000000005,8.544900713013593,4.3944614310598435,8.351311537104602,-1.4669662064082643,-0.2033398351807337,-6.203045079020018,0.0,-20.0,-20.0,110.0,-11.718219966025824
661,6.61,8.555342090263677,4.401787769718408,8.34729837276672,-1.4669327365677078,-0.20358132465974296,-6.212453605158228,0.0,-20.0,-20.0,110.0,-11.725939643373922
662,6.62,8.56578346751376,4.409114108376972,8.343285208428837,-1.4668992269815924,-0.20382280862965382,-6.221862131578738,0.0,-20.0,-20.0,110.0,-11.733668507147202
663,6.63,8.576224844763845,4.416440447035536,8.339272044090954,-1.4668656776508209,-0.2040642870839255,-6.231270658281888,0.0,-20.0,-20.0,110.0,-11.741406540181126
664,6.640000000000001,8.586666222013928,4.4237667856941005,8.335258879753072,-1.4668320885762964,-0.2043057600160155,-6.240679185267988,0.0,-20.0,-20.0,110.0,-11.749153725332365
665,6.65,8.597107599264012,4.431093124352666,8.33124571541519,-1.466798459758931,-0.2045472274193837,-6.250087712537383,0.0,-20.0,-20.0,110.0,-11.756910045478852
666,6.66,8.607548976514096,4.438419463011231,8.327232551077307,-1.4667647911996282,-0.20478868928748878,-6.259496240090393,0.0,-20.0,-20.0,110.0,-11.764675483519854
667,6.67,8.61799035376418,4.445745801669796,8.323219386739423,-1.4667310828992968,-0.20503014561379,-6.268904767927353,0.0,-20.0,-20.0,110.0,-11.772450022375999
668,6.68,8.628431731014263,4.453072140328361,8.319206222401538,-1.466697334858847,-0.20527159639174647,-6.278313296048593,0.0,-20.0,-20.0,110.0,-11.780233644989348
669,6.69,8.638873108264347,4.460398478986926,8.315193058063654,-1.4666635470791882,-0.20551304161481782,-6.287721824454433,0.0,-20.0,-20.0,110.0,-11.788026334323433
670,6.7,8.64931448551443,4.467724817645492,8.31117989372577,-1.4666297195612312,-0.20575448127646384,-6.2971303531451985,0.0,-20.0,-20.0,110.0,-11.795828073363335
671,6.71,8.659755862764515,4.475051156304058,8.307166729387886,-1.4665958523058875,-0.20599591537014442,-6.3065388821212185,0.0,-20.0,-20.0,110.0,-11.803638845115698
672,6.72,8.670197240014598,4.482377494962624,8.303153565050001,-1.466561945314072,-0.20623734388931947,-6.315947411382828,0.0,-20.0,-20.0,110.0,-11.811458632608812
673,6.73,8.680638617264682,4.48970383362119,8.299140400712117,-1.4665279985866986,-0.20647876682744903,-6.325355940930361,0.0,-20.0,-20.0,110.0,-11.819287418892642
674,6.74,8.691079994514766,4.497030172279756,8.295127236374233,-1.4664940121246839,-0.20672018417799337,-6.33476447076414,0.0,-20.0,-20.0,110.0,-11.827125187038881
675,6.75,8.70152137176485,4.504356510938323,8.291114072036349,-1.466459985928944,-0.20696159593441274,-6.344173000884488,0.0,-20.0,-20.0,110.0,-11.834971920141019
676,6.76,8.711962749014933,4.51168284959689,8.287100907698465,-1.4664259200003968,-0.2072030020901676,-6.353581531291731,0.0,-20.0,-20.0,110.0,-11.842827601314362
677,6.7700000000000005,8.722404126265017,4.519009188255457,8.28308774336058,-1.466391814339962,-0.20744440263871883,-6.362990061986199,0.0,-20.0,-20.0,110.0,-11.850692213696096
678,6.78,8.732845503515101,4.526335526914024,8.279074579022696,-1.4663576689485578,-0.2076857975735273,-6.372398592968215,0.0,-20.0,-20.0,110.0,-11.858565740445323
679,6.79,8.743286880765185,4.533661865572592,8.275061414684812,-1.4663234838271055,-0.20792718688805403,-6.38180712423812,0.0,-20.0,-20.0,110.0,-11.866448164743124
680,6.8,8.753728258015268,4.54098820423116,8.271048250346928,-1.4662892589765284,-0.2081685705757603,-6.391215655796237,0.0,-20.0,-20.0,110.0,-11.874339469792584
681,6.8100000000000005,8.764169635265352,4.548314542889727,8.267035086009043,-1.4662549943977488,-0.20840994863010742,-6.400624187642899,0.0,-20.0,-20.0,110.0,-11.882239638818863
682,6.82,8.774611012515436,4.555640881548295,8.26302192167116,-1.4662206900916908,-0.20865132104455691,-6.410032719778431,0.0,-20.0,-20.0,110.0,-11.890148655069193
683,6.83,8.78505238976552,4.562967220206863,8.259008757333275,-1.4661863460592763,-0.20889268781256987,-6.419441252203148,0.0,-20.0,-20.0,110.0,-11.898066501812991
684,6.84,8.795493767015603,4.570293558865432,8.25499559299539,-1.4661519623014392,-0.209134048927609,-6.428849784917409,0.0,-20.0,-20.0,110.0,-11.905993162341828
685,6.8500000000000005,8.805935144265687,4.577619897524,8.250982428657506,-1.4661175388191034,-0.2093754043831358,-6.438258317921535,0.0,-20.0,-20.0,110.0,-11.91392861996953
686,6.86,8.816376521515771,4.584946236182569,8.246969264319622,-1.466083075613198,-0.20961675417261197,-6.447666851215838,0.0,-20.0,-20.0,110.0,-11.921872858032174
687,6.87,8.826817898765855,4.592272574841138,8.242956099981738,-1.4660485726846508,-0.20985809828950006,-6.457075384800648,0.0,-20.0,-20.0,110.0,-11.92982585988819
688,6.88,8.837259276015939,4.599598913499706,8.238942935643854,-1.4660140300343931,-0.2100994367272624,-6.466483918676288,0.0,-20.0,-20.0,110.0,-11.937787608918315
689,6.890000000000001,8.847700653266022,4.606925252158276,8.23492977130597,-1.4659794476633563,-0.2103407694793612,-6.475892452843079,0.0,-20.0,-20.0,110.0,-11.945758088525723
690,6.9,8.858142030516106,4.6142515908168455,8.230916606968085,-1.4659448255724739,-0.21058209653925947,-6.485300987301359,0.0,-20.0,-20.0,110.0,-11.953737282136
691,6.91,8.86858340776619,4.621577929475415,8.226903442630201,-1.46591016376268,-0.21082341790042003,-6.494709522051462,0.0,-20.0,-20.0,110.0,-11.96172517319719
692,6.92,8.879024785016274,4.628904268133985,8.222890278292317,-1.4658754622349084,-0.21106473355630576,-6.504118057093711,0.0,-20.0,-20.0,110.0,-11.969721745179879
693,6.93,8.889466162266357,4.636230606792555,8.218877113954433,-1.4658407209900972,-0.2113060435003797,-6.513526592428431,0.0,-20.0,-20.0,110.0,-11.977726981577185
694,6.94,8.899907539516441,4.643556945451126,8.214863949616548,-1.4658059400291816,-0.21154734772610545,-6.522935128055959,0.0,-20.0,-20.0,110.0,-11.985740865904813
695,6.95,8.910348916766525,4.650883284109696,8.210850785278664,-1.4657711193530971,-0.21178864622694596,-6.5323436639766,0.0,-20.0,-20.0,110.0,-11.993763381701095
696,6.96,8.920790294016609,4.6582096227682666,8.20683762094078,-1.4657362589627894,-0.21202993899636582,-6.541752200190715,0.0,-20.0,-20.0,110.0,-12.001794512527004
697,6.97,8.931231671266692,4.665535961426837,8.202824456602896,-1.4657013588591958,-0.21227122602782825,-6.551160736698616,0.0,-20.0,-20.0,110.0,-12.009834241966216
698,6.98,8.941673048516776,4.672862300085408,8.198811292265011,-1.4656664190432573,-0.21251250731479696,-6.560569273500628,0.0,-20.0,-20.0,110.0,-12.017882553625137
699,6.99,8.95211442576686,4.68018863874398,8.194798127927127,-1.4656314395159167,-0.21275378285073612,-6.569977810597074,0.0,-20.0,-20.0,110.0,-12.025939431132938
700,7.0,8.962555803016944,4.687514977402551,8.190784963589243,-1.4655964202781178,-0.21299505262910987,-6.579386347988286,0.0,-20.0,-20.0,110.0,-12.034004858141568
701,7.01,8.972997180267027,4.694841316061122,8.186771799251359,-1.4655613613308038,-0.21323631664338297,-6.588794885674594,0.0,-20.0,-20.0,110.0,-12.042078818325814
702,7.0200000000000005,8.983438557517111,4.702167654719694,8.182758634913474,-1.4655262626749215,-0.2134775748870195,-6.598203423656319,0.0,-20.0,-20.0,110.0,-12.05016129538332
703,7.03,8.993879934767195,4.709493993378266,8.17874547057559,-1.465491124311417,-0.2137188273534845,-6.6076119619337925,0.0,-20.0,-20.0,110.0,-12.05825227303463
704,7.04,9.004321312017279,4.716820332036838,8.174732306237706,-1.4654559462412393,-0.21396007403624281,-6.617020500507352,0.0,-20.0,-20.0,110.0,-12.066351735023192
705,7.05,9.014762689267362,4.7241466706954105,8.170719141899822,-1.4654207284653358,-0.21420131492875932,-6.626429039377315,0.0,-20.0,-20.0,110.0,-12.074459665115418
706,7.0600000000000005,9.025204066517446,4.731473009353983,8.166705977561938,-1.4653854709846574,-0.21444255002449936,-6.635837578544016,0.0,-20.0,-20.0,110.0,-12.082576047100709
707,7.07,9.03564544376753,4.738799348012556,8.162692813224053,-1.4653501738001522,-0.21468377931692761,-6.645246118007766,0.0,-20.0,-20.0,110.0,-12.090700864791478
708,7.08,9.046086821017614,4.746125686671129,8.158679648886169,-1.4653148369127782,-0.21492500279951063,-6.654654657768926,0.0,-20.0,-20.0,110.0,-12.098834102023154
709,7.09,9.056528198267698,4.753452025329702,8.154666484548285,-1.465279460323486,-0.2151662204657132,-6.664063197827791,0.0,-20.0,-20.0,110.0,-12.106975742654274
710,7.1000000000000005,9.066969575517781,4.760778363988275,8.1506533202104,-1.465244044033229,-0.21540743230900145,-6.673471738184696,0.0,-20.0,-20.0,110.0,-12.115125770566454
711,7.11,9.077410952767865,4.768104702646848,8.146640155872516,-1.4652085880429633,-0.2156486383228411,-6.682880278839971,0.0,-20.0,-20.0,110.0,-12.12328416966444
712,7.12,9.087852330017949,4.775431041305422,8.142626991534632,-1.4651730923536441,-0.21588983850069843,-6.692288819793938,0.0,-20.0,-20.0,110.0,-12.131450923876123
713,7.13,9.098293707268033,4.782757379963996,8.138613827196748,-1.4651375569662297,-0.21613103283603963,-6.701697361046928,0.0,-20.0,-20.0,110.0,-12.139626017152587
714,7.140000000000001,9.108735084518116,4.79008371862257,8.134600662858864,-1.4651019818816784,-0.21637222132233117,-6.7111059025992645,0.0,-20.0,-20.0,110.0,-12.147809433468097
715,7.15,9.1191764617682,4.7974100572811444,8.13058749852098,-1.4650663671009503,-0.21661340395303968,-6.720514444451284,0.0,-20.0,-20.0,110.0,-12.156001156820182
716,7.16,9.129617839018284,4.8047363959397185,8.126574334183095,-1.4650307126250057,-0.21685458072163155,-6.729922986603306,0.0,-20.0,-20.0,110.0,-12.164201171229598
717,7.17,9.140059216268368,4.812062734598293,8.122561169845211,-1.4649950184548068,-0.2170957516215736,-6.739331529055647,0.0,-20.0,-20.0,110.0,-12.172409460740395
718,7.18,9.150500593518451,4.819389073256868,8.118548005507327,-1.4649592845913157,-0.21733691664633312,-6.748740071808644,0.0,-20.0,-20.0,110.0,-12.180626009419909
719,7.19,9.160941970768535,4.826715411915443,8.114534841169442,-1.4649235110354928,-0.2175780757893766,-6.758148614862595,0.0,-20.0,-20.0,110.0,-12.188850801358829
720,7.2,9.171383348018619,4.834041750574018,8.110521676831558,-1.4648876977883105,-0.2178192290441723,-6.767557158217861,0.0,-20.0,-20.0,110.0,-12.197083820671173
721,7.21,9.181824725268703,4.841368089232593,8.106508512493674,-1.4648518448507313,-0.2180603764041875,-6.776965701874758,0.0,-20.0,-20.0,110.0,-12.205325051494336
722,7.22,9.192266102518786,4.848694427891169,8.10249534815579,-1.4648159522237219,-0.2183015178628899,-6.786374245833621,0.0,-20.0,-20.0,110.0,-12.213574477989102
723,7.23,9.20270747976887,4.856020766549745,8.098482183817906,-1.4647800199082517,-0.21854265341374732,-6.795782790094776,0.0,-20.0,-20.0,110.0,-12.221832084339669
724,7.24,9.213148857018954,4.86334710520832,8.094469019480021,-1.4647440479052882,-0.21878378305022791,-6.805191334658549,0.0,-20.0,-20.0,110.0,-12.230097854753682
725,7.25,9.223590234269038,4.870673443866896,8.090455855142137,-1.464708036215803,-0.21902490676579991,-6.814599879525264,0.0,-20.0,-20.0,110.0,-12.238371773462228
726,7.26,9.234031611519121,4.877999782525473,8.086442690804253,-1.464671984840766,-0.21926602455393154,-6.824008424695258,0.0,-20.0,-20.0,110.0,-12.246653824719875
727,7.2700000000000005,9.244472988769205,4.8853261211840495,8.082429526466369,-1.4646358937811517,-0.21950713640809105,-6.8334169701688445,0.0,-20.0,-20.0,110.0,-12.254943992804675
728,7.28,9.254914366019289,4.892652459842626,8.078416362128484,-1.4645997630379326,-0.21974824232174683,-6.842825515946345,0.0,-20.0,-20.0,110.0,-12.263242262018208
729,7.29,9.265355743269373,4.899978798501203,8.0744031977906,-1.464563592612084,-0.21998934228836778,-6.852234062028087,0.0,-20.0,-20.0,110.0,-12.271548616685578
730,7.3,9.275797120519456,4.90730513715978,8.070390033452716,-1.4645273825045797,-0.220230436301423,-6.861642608414393,0.0,-20.0,-20.0,110.0,-12.279863041155437
731,7.3100000000000005,9.28623849776954,4.914631475818357,8.066376869114832,-1.4644911327163983,-0.22047152435438147,-6.871051155105595,0.0,-20.0,-20.0,110.0,-12.288185519800008
732,7.32,9.296679875019624,4.921957814476935,8.062363704776947,-1.4644548432485174,-0.2207126064407124,-6.880459702102018,0.0,-20.0,-20.0,110.0,-12.296516037015092
733,7.33,9.307121252269708,4.929284153135512,8.058350540439063,-1.4644185141019161,-0.22095368255388542,-6.889868249403997,0.0,-20.0,-20.0,110.0,-12.304854577220096
734,7.34,9.317562629519792,4.93661049179409,8.054337376101179,-1.4643821452775738,-0.22119475268737035,-6.89927679701186,0.0,-20.0,-20.0,110.0,-12.313201124858034
735,7.3500000000000005,9.328004006769875,4.943936830452667,8.050324211763295,-1.4643457367764716,-0.22143581683463687,-6.908685344925931,0.0,-20.0,-20.0,110.0,-12.321555664395555
736,7.36,9.338445384019959,4.951263169111246,8.04631104742541,-1.4643092885995916,-0.22167687498915467,-6.918093893146534,0.0,-20.0,-20.0,110.0,-12.329918180322965
737,7.37,9.348886761270043,4.958589507769824,8.042297883087526,-1.4642728007479173,-0.221917927144394,-6.927502441673997,0.0,-20.0,-20.0,110.0,-12.338288657154207
738,7.38,9.359328138520127,4.965915846428403,8.038284718749642,-1.4642362732224294,-0.22215897329382456,-6.936910990508626,0.0,-20.0,-20.0,110.0,-12.346667079426926
739,7.390000000000001,9.36976951577021,4.973242185086981,8.034271554411758,-1.4641997060241199,-0.2224000134309177,-6.946319539650781,0.0,-20.0,-20.0,110.0,-12.355053431702432
740,7.4,9.380210893020294,4.980568523745561,8.030258390073874,-1.4641630991539714,-0.22264104754914352,-6.955728089100772,0.0,-20.0,-20.0,110.0,-12.363447698565754
741,7.41,9.390652270270378,4.98789486240414,8.02624522573599,-1.4641264526129723,-0.22288207564197263,-6.965136638858921,0.0,-20.0,-20.0,110.0,-12.371849864625624
742,7.42,9.401093647520462,4.995221201062719,8.022232061398105,-1.4640897664021104,-0.22312309770287594,-6.974545188925559,0.0,-20.0,-20.0,110.0,-12.38025991451451
743,7.43,9.411535024770545,5.002547539721299,8.01821889706022,-1.464053040522375,-0.22336411372532497,-6.983953739301018,0.0,-20.0,-20.0,110.0,-12.388677832888614
744,7.44,9.42197640202063,5.009873878379878,8.014205732722337,-1.4640162749747574,-0.22360512370279076,-6.993362289985627,0.0,-20.0,-20.0,110.0,-12.397103604427887
745,7.45,9.432417779270713,5.017200217038458,8.010192568384452,-1.46397946976025,-0.22384612762874434,-7.002770840979706,0.0,-20.0,-20.0,110.0,-12.40553721383604
746,7.46,9.442859156520797,5.024526555697038,8.006179404046568,-1.4639426248798442,-0.22408712549665752,-7.012179392283576,0.0,-20.0,-20.0,110.0,-12.413978645840563
747,7.47,9.45330053377088,5.031852894355619,8.002166239708684,-1.4639057403345348,-0.22432811730000157,-7.021587943897557,0.0,-20.0,-20.0,110.0,-12.422427885192718
748,7.48,9.463741911020964,5.039179233014199,7.9981530753708,-1.4638688161253168,-0.22456910303224867,-7.030996495821983,0.0,-20.0,-20.0,110.0,-12.430884916667575
749,7.49,9.474183288271048,5.046505571672779,7.994139911032915,-1.4638318522531863,-0.2248100826868707,-7.040405048057179,0.0,-20.0,-20.0,110.0,-12.439349725063984
750,7.5,9.484624665521132,5.05383191033136,7.990126746695031,-1.4637948487191401,-0.22505105625733987,-7.0498136006034695,0.0,-20.0,-20.0,110.0,-12.447822295204618
751,7.51,9.495066042771215,5.061158248989941,7.986113582357147,-1.463757805524177,-0.22529202373712856,-7.059222153461181,0.0,-20.0,-20.0,110.0,-12.456302611935968
752,7.5200000000000005,9.5055074200213,5.0684845876485225,7.982100418019263,-1.4637207226692945,-0.22553298511970982,-7.068630706630644,0.0,-20.0,-20.0,110.0,-12.464790660128342
753,7.53,9.515948797271383,5.075810926307104,7.9780872536813785,-1.463683600155495,-0.2257739403985557,-7.07803926011218,0.0,-20.0,-20.0,110.0,-12.473286424675893
754,7.54,9.526390174521467,5.083137264965686,7.974074089343494,-1.4636464379837788,-0.22601488956713905,-7.087447813906114,0.0,-20.0,-20.0,110.0,-12.481789890496612
755,7.55,9.53683155177155,5.090463603624268,7.97006092500561,-1.4636092361551494,-0.2262558326189332,-7.096856368012778,0.0,-20.0,-20.0,110.0,-12.490301042532323
756,7.5600000000000005,9.547272929021634,5.09778994228285,7.966047760667726,-1.4635719946706092,-0.22649676954741108,-7.106264922432486,0.0,-20.0,-20.0,110.0,-12.49881986574874
757,7.57,9.557714306271718,5.105116280941432,7.962034596329842,-1.463534713531163,-0.22673770034604596,-7.115673477165568,0.0,-20.0,-20.0,110.0,-12.507346345135401
758,7.58,9.568155683521802,5.112442619600014,7.958021431991957,-1.4634973927378165,-0.22697862500831162,-7.12508203221235,0.0,-20.0,-20.0,110.0,-12.515880465705717
759,7.59,9.578597060771886,5.119768958258597,7.954008267654073,-1.4634600322915772,-0.22721954352768156,-7.13449058757316,0.0,-20.0,-20.0,110.0,-12.524422212496997
760,7.6000000000000005,9.58903843802197,5.1270952969171795,7.949995103316189,-1.4634226321934514,-0.22746045589763003,-7.143899143248327,0.0,-20.0,-20.0,110.0,-12.532971570570387
761,7.61,9.599479815272053,5.134421635575762,7.945981938978305,-1.4633851924444488,-0.22770136211163075,-7.15330769923817,0.0,-20.0,-20.0,110.0,-12.541528525010946
762,7.62,9.609921192522137,5.141747974234345,7.94196877464042,-1.4633477130455768,-0.22794226216315688,-7.162716255542997,0.0,-20.0,-20.0,110.0,-12.550093060927601
763,7.63,9.62036256977222,5.149074312892928,7.937955610302536,-1.4633101939978528,-0.2281831560456843,-7.172124812163172,0.0,-20.0,-20.0,110.0,-12.558665163453163
764,7.640000000000001,9.630803947022304,5.156400651551512,7.933942445964652,-1.4632726353022851,-0.22842404375268674,-7.181533369098996,0.0,-20.0,-20.0,110.0,-12.567244817744347
765,7.65,9.641245324272388,5.163726990210096,7.929929281626768,-1.4632350369598877,-0.22866492527763893,-7.190941926350799,0.0,-20.0,-20.0,110.0,-12.575832008981752
766,7.66,9.651686701522472,5.1710533288686795,7.9259161172888835,-1.4631973989716733,-0.22890580061401603,-7.200350483918905,0.0,-20.0,-20.0,110.0,-12.58442672236988
767,7.67,9.662128078772556,5.178379667527263,7.921902952950999,-1.4631597213386587,-0.2291466697552928,-7.209759041803646,0.0,-20.0,-20.0,110.0,-12.593028943137133
768,7.68,9.67256945602264,5.185706006185848,7.917889788613115,-1.4631220040618595,-0.22938753269494463,-7.219167600005344,0.0,-20.0,-20.0,110.0,-12.601638656535807
769,7.69,9.683010833272723,5.193032344844433,7.913876624275231,-1.4630842471422927,-0.22962838942644667,-7.228576158524325,0.0,-20.0,-20.0,110.0,-12.610255847842108
770,7.7,9.693452210522807,5.200358683503017,7.9098634599373465,-1.463046450580978,-0.22986923994327416,-7.2379847173609,0.0,-20.0,-20.0,110.0,-12.618880502356125
771,7.71,9.70389358777289,5.207685022161602,7.905850295599462,-1.4630086143789345,-0.23011008423890295,-7.247393276515411,0.0,-20.0,-20.0,110.0,-12.627512605401888
772,7.72,9.714334965022974,5.215011360820187,7.901837131261578,-1.4629707385371833,-0.23035092230680893,-7.256801835988177,0.0,-20.0,-20.0,110.0,-12.636152142327289
773,7.73,9.724776342273058,5.222337699478772,7.897823966923694,-1.462932823056746,-0.2305917541404682,-7.266210395779525,0.0,-20.0,-20.0,110.0,-12.644799098504155
774,7.74,9.735217719523142,5.229664038137358,7.89381080258581,-1.4628948679386444,-0.2308325797333568,-7.275618955889775,0.0,-20.0,-20.0,110.0,-12.653453459328196
775,7.75,9.745659096773226,5.236990376795943,7.889797638247925,-1.4628568731839027,-0.23107339907895103,-7.285027516319252,0.0,-20.0,-20.0,110.0,-12.662115210219042
776,7.76,9.75610047402331,5.244316715454529,7.88578447391004,-1.462818838793546,-0.2313142121707277,-7.294436077068282,0.0,-20.0,-20.0,110.0,-12.670784336620207
777,7.7700000000000005,9.766541851273393,5.2516430541131145,7.881771309572155,-1.4627807647686004,-0.2315550190021633,-7.303844638137198,0.0,-20.0,-20.0,110.0,-12.67946082399912
778,7.78,9.776983228523477,5.258969392771701,7.87775814523427,-1.462742651110094,-0.2317958195667343,-7.3132531995263195,0.0,-20.0,-20.0,110.0,-12.688144657847095
779,7.79,9.78742460577356,5.266295731430287,7.873744980896385,-1.4627044978190544,-0.23203661385791802,-7.322661761235966,0.0,-20.0,-20.0,110.0,-12.696835823679354
780,7.8,9.797865983023645,5.273622070088874,7.8697318165585,-1.4626663048965107,-0.23227740186919144,-7.332070323266467,0.0,-20.0,-20.0,110.0,-12.705534307035
781,7.8100000000000005,9.808307360273728,5.28094840874746,7.865718652220615,-1.4626280723434906,-0.23251818359403187,-7.34147888561814,0.0,-20.0,-20.0,110.0,-12.714240093477043
782,7.82,9.818748737523812,5.288274747406048,7.8617054878827295,-1.4625898001610302,-0.23275895902591795,-7.350887448291342,0.0,-20.0,-20.0,110.0,-12.722953168592355
783,7.83,9.829190114773896,5.295601086064635,7.857692323544844,-1.4625514883501596,-0.23299972815832687,-7.360296011286378,0.0,-20.0,-20.0,110.0,-12.731673517991714
784,7.84,9.83963149202398,5.302927424723222,7.853679159206959,-1.4625131369119122,-0.23324049098473584,-7.369704574603564,0.0,-20.0,-20.0,110.0,-12.740401127309777
785,7.8500000000000005,9.850072869274063,5.31025376338181,7.849665994869074,-1.4624747458473233,-0.2334812474986232,-7.379113138243228,0.0,-20.0,-20.0,110.0,-12.749135982205061
786,7.86,9.860514246524147,5.317580102040397,7.845652830531189,-1.4624363151574278,-0.23372199769346713,-7.388521702205693,0.0,-20.0,-20.0,110.0,-12.757878068359961
787,7.87,9.87095562377423,5.324906440698985,7.841639666193304,-1.4623978448432629,-0.23396274156274607,-7.397930266491288,0.0,-20.0,-20.0,110.0,-12.766627371480745
788,7.88,9.881397001024315,5.3322327793575734,7.837626501855419,-1.4623593349058661,-0.2342034790999383,-7.407338831100328,0.0,-20.0,-20.0,110.0,-12.77538387729754
789,7.890000000000001,9.891838378274398,5.339559118016162,7.833613337517534,-1.462320785346276,-0.23444421029852275,-7.416747396033146,0.0,-20.0,-20.0,110.0,-12.784147571564317
790,7.9,9.902279755524482,5.34688545667475,7.8296001731796485,-1.4622821961655337,-0.23468493515197802,-7.426155961290057,0.0,-20.0,-20.0,110.0,-12.792918440058903
791,7.91,9.912721132774566,5.354211795333338,7.825587008841763,-1.4622435673646799,-0.23492565365378337,-7.435564526871395,0.0,-20.0,-20.0,110.0,-12.801696468582987
792,7.92,9.92316251002465,5.361538133991927,7.821573844503878,-1.4622048989447562,-0.23516636579741768,-7.444973092777477,0.0,-20.0,-20.0,110.0,-12.81048164296206
793,7.930000000000001,9.933603887274733,5.368864472650516,7.817560680165993,-1.4621661909068056,-0.23540707157636087,-7.454381659008626,0.0,-20.0,-20.0,110.0,-12.81927394904547
794,7.94,9.944045264524817,5.3761908113091055,7.813547515828108,-1.4621274432518714,-0.23564777098409256,-7.463790225565174,0.0,-20.0,-20.0,110.0,-12.828073372706376
795,7.95,9.954486641774901,5.383517149967695,7.809534351490223,-1.4620886559810002,-0.23588846401409239,-7.473198792447443,0.0,-20.0,-20.0,110.0,-12.836879899841755
796,7.96,9.964928019024985,5.390843488626284,7.805521187152338,-1.4620498290952386,-0.23612915065984003,-7.482607359655761,0.0,-20.0,-20.0,110.0,-12.845693516372394
797,7.97,9.975369396275068,5.398169827284874,7.801508022814453,-1.462010962595634,-0.23636983091481545,-7.49201592719045,0.0,-20.0,-20.0,110.0,-12.854514208242886
798,7.98,9.985810773525152,5.405496165943464,7.7974948584765675,-1.4619720564832341,-0.23661050477249923,-7.501424495051833,0.0,-20.0,-20.0,110.0,-12.863341961421597
799,7.99,9.996252150775236,5.412822504602054,7.793481694138682,-1.4619331107590896,-0.23685117222637156,-7.510833063240239,0.0,-20.0,-20.0,110.0,-12.872176761900697
800,8.0,10.00669352802532,5.420148843260644,7.789468529800797,-1.4618941254242501,-0.2370918332699132,-7.520241631755984,0.0,-20.0,-20.0,110.0,-12.88101859569611
801,8.01,10.017134905275404,5.427475181919235,7.785455365462912,-1.461855100479767,-0.237332487896605,-7.529650200599392,0.0,-20.0,-20.0,110.0,-12.889867448847545
802,8.02,10.027576282525487,5.4348015205778255,7.781442201125027,-1.4618160359266934,-0.23757313609992795,-7.539058769770792,0.0,-20.0,-20.0,110.0,-12.89872330741846
803,8.03,10.038017659775571,5.442127859236416,7.777429036787142,-1.4617769317660838,-0.23781377787336275,-7.548467339270503,0.0,-20.0,-20.0,110.0,-12.907586157496048
804,8.040000000000001,10.048459037025655,5.449454197895007,7.773415872449257,-1.4617377879989935,-0.2380544132103909,-7.557875909098857,0.0,-20.0,-20.0,110.0,-12.916455985191243
805,8.05,10.058900414275739,5.456780536553598,7.769402708111372,-1.4616986046264773,-0.23829504210449395,-7.56728447925617,0.0,-20.0,-20.0,110.0,-12.925332776638717
806,8.06,10.069341791525822,5.46410687521219,7.765389543773487,-1.46165938164959,-0.2385356645491528,-7.576693049742751,0.0,-20.0,-20.0,110.0,-12.934216517996845
807,8.07,10.079783168775906,5.471433213870782,7.761376379435601,-1.4616201190693954,-0.23877628053785047,-7.5861016205589635,0.0,-20.0,-20.0,110.0,-12.943107195447704
808,8.08,10.09022454602599,5.4787595525293735,7.757363215097716,-1.4615808168869493,-0.2390168900640688,-7.595510191705117,0.0,-20.0,-20.0,110.0,-12.95200479519706
809,8.09,10.100665923276074,5.486085891187965,7.753350050759831,-1.461541475103312,-0.2392574931212895,-7.604918763181524,0.0,-20.0,-20.0,110.0,-12.960909303474377
810,8.1,10.111107300526157,5.493412229846557,7.749336886421946,-1.4615020937195455,-0.2394980897029947,-7.6143273349884995,0.0,-20.0,-20.0,110.0,-12.969820706532769
811,8.11,10.121548677776241,5.50073856850515,7.745323722084061,-1.4614626727367122,-0.23973867980266683,-7.623735907126378,0.0,-20.0,-20.0,110.0,-12.978738990649028
812,8.120000000000001,10.131990055026325,5.508064907163742,7.741310557746176,-1.4614232121558752,-0.23997926341378867,-7.633144479595474,0.0,-20.0,-20.0,110.0,-12.987664142123581
813,8.13,10.142431432276409,5.515391245822335,7.737297393408291,-1.4613837119780986,-0.24021984052984344,-7.642553052396119,0.0,-20.0,-20.0,110.0,-12.996596147280476
814,8.14,10.152872809526492,5.522717584480928,7.733284229070406,-1.461344172204449,-0.24046041114431388,-7.651961625528641,0.0,-20.0,-20.0,110.0,-13.005534992467394
815,8.15,10.163314186776576,5.530043923139521,7.7292710647325205,-1.461304592835992,-0.24070097525068335,-7.661370198993358,0.0,-20.0,-20.0,110.0,-13.014480664055629
816,8.16,10.17375556402666,5.537370261798115,7.725257900394635,-1.4612649738737968,-0.2409415328424351,-7.670778772790599,0.0,-20.0,-20.0,110.0,-13.023433148440054
817,8.17,10.184196941276744,5.544696600456708,7.72124473605675,-1.461225315318931,-0.24118208391305251,-7.680187346920671,0.0,-20.0,-20.0,110.0,-13.032392432039117
818,8.18,10.194638318526827,5.552022939115302,7.717231571718865,-1.4611856171724644,-0.24142262845601964,-7.689595921383909,0.0,-20.0,-20.0,110.0,-13.041358501294853
819,8.19,10.205079695776911,5.5593492777738955,7.71321840738098,-1.4611458794354686,-0.2416631664648202,-7.699004496180638,0.0,-20.0,-20.0,110.0,-13.050331342672846
820,8.2,10.215521073026995,5.56667561643249,7.709205243043095,-1.4611061021090157,-0.24190369793293814,-7.708413071311181,0.0,-20.0,-20.0,110.0,-13.059310942662195
821,8.21,10.225962450277079,5.574001955091084,7.70519207870521,-1.4610662851941791,-0.24214422285385778,-7.717821646775849,0.0,-20.0,-20.0,110.0,-13.068297287775545
822,8.22,10.236403827527162,5.581328293749679,7.701178914367325,-1.4610264286920316,-0.24238474122106388,-7.727230222574984,0.0,-20.0,-20.0,110.0,-13.077290364549036
823,8.23,10.246845204777246,5.588654632408273,7.6971657500294395,-1.4609865326036497,-0.2426252530280408,-7.736638798708899,0.0,-20.0,-20.0,110.0,-13.0862901595423
824,8.24,10.25728658202733,5.595980971066868,7.693152585691554,-1.4609465969301056,-0.24286575826827292,-7.7460473751779,0.0,-20.0,-20.0,110.0,-13.095296659338471
825,8.25,10.267727959277414,5.603307309725463,7.689139421353669,-1.4609066216724846,-0.24310625693524615,-7.755455951982354,0.0,-20.0,-20.0,110.0,-13.104309850544107
826,8.26,10.278169336527498,5.610633648384058,7.685126257015784,-1.4608666068318599,-0.2433467490224455,-7.764864529122572,0.0,-20.0,-20.0,110.0,-13.113329719789244
827,8.27,10.288610713777581,5.617959987042654,7.681113092677899,-1.4608265524093127,-0.2435872345233557,-7.77427310659886,0.0,-20.0,-20.0,110.0,-13.122356253727322
828,8.28,10.299052091027665,5.625286325701249,7.677099928340014,-1.4607864584059234,-0.24382771343146253,-7.783681684411552,0.0,-20.0,-20.0,110.0,-13.131389439035217
829,8.290000000000001,10.309493468277749,5.632612664359845,7.673086764002129,-1.460746324822773,-0.24406818574025158,-7.793090262560961,0.0,-20.0,-20.0,110.0,-13.140429262413203
830,8.3,10.319934845527833,5.6399390030184415,7.669073599664244,-1.4607061516609445,-0.24430865144320896,-7.802498841047421,0.0,-20.0,-20.0,110.0,-13.149475710584904
831,8.31,10.330376222777916,5.647265341677038,7.6650604353263585,-1.4606659389215206,-0.24454911053382047,-7.81190741987124,0.0,-20.0,-20.0,110.0,-13.158528770297341
832,8.32,10.340817600028,5.654591680335634,7.661047270988473,-1.4606256866055871,-0.2447895630055722,-7.821315999032744,0.0,-20.0,-20.0,110.0,-13.167588428320874
833,8.33,10.351258977278084,5.66191801899423,7.657034106650588,-1.4605853947142304,-0.24503000885195073,-7.8307245785322666,0.0,-20.0,-20.0,110.0,-13.176654671449175
834,8.34,10.361700354528168,5.669244357652827,7.653020942312703,-1.4605450632485373,-0.2452704480664424,-7.840133158370121,0.0,-20.0,-20.0,110.0,-13.185727486499244
835,8.35,10.372141731778251,5.676570696311424,7.649007777974818,-1.4605046922095954,-0.24551088064253396,-7.849541738546633,0.0,-20.0,-20.0,110.0,-13.194806860311374
836,8.36,10.382583109028335,5.6838970349700215,7.644994613636933,-1.4604642815984945,-0.2457513065737125,-7.858950319062128,0.0,-20.0,-20.0,110.0,-13.203892779749127
837,8.370000000000001,10.393024486278419,5.691223373628619,7.640981449299048,-1.4604238314163238,-0.24599172585346524,-7.8683588999169345,0.0,-20.0,-20.0,110.0,-13.212985231699324
838,8.38,10.403465863528503,5.698549712287216,7.636968284961163,-1.460383341664175,-0.24623213847527947,-7.8777674811113645,0.0,-20.0,-20.0,110.0,-13.222084203072024
839,8.39,10.413907240778586,5.705876050945814,7.6329551206232775,-1.4603428123431412,-0.24647254443264244,-7.887176062645754,0.0,-20.0,-20.0,110.0,-13.231189680800494
840,8.4,10.42434861802867,5.713202389604412,7.628941956285392,-1.4603022434543147,-0.24671294371904176,-7.896584644520408,0.0,-20.0,-20.0,110.0,-13.240301651841238
841,8.41,10.434789995278754,5.72052872826301,7.624928791947507,-1.4602616349987898,-0.24695333632796565,-7.90599322673566,0.0,-20.0,-20.0,110.0,-13.249420103173893
842,8.42,10.445231372528838,5.727855066921608,7.620915627609622,-1.4602209869776623,-0.24719372225290162,-7.915401809291833,0.0,-20.0,-20.0,110.0,-13.258545021801291
843,8.43,10.455672749778921,5.735181405580207,7.616902463271737,-1.4601802993920299,-0.24743410148733824,-7.924810392189253,0.0,-20.0,-20.0,110.0,-13.267676394749403
844,8.44,10.466114127029005,5.7425077442388055,7.612889298933852,-1.4601395722429886,-0.2476744740247636,-7.934218975428235,0.0,-20.0,-20.0,110.0,-13.276814209067307
845,8.45,10.476555504279089,5.749834082897404,7.608876134595967,-1.4600988055316355,-0.24791483985866564,-7.943627559009084,0.0,-20.0,-20.0,110.0,-13.2859584518272
846,8.46,10.486996881529173,5.757160421556003,7.604862970258082,-1.4600579992590763,-0.2481551989825343,-7.953036142932159,0.0,-20.0,-20.0,110.0,-13.29510911012435
847,8.47,10.497438258779257,5.764486760214602,7.6008498059201965,-1.460017153426409,-0.24839555138985767,-7.962444727197767,0.0,-20.0,-20.0,110.0,-13.304266171077094
848,8.48,10.50787963602934,5.771813098873202,7.596836641582311,-1.4599762680347355,-0.24863589707412528,-7.971853311806235,0.0,-20.0,-20.0,110.0,-13.31342962182681
849,8.49,10.518321013279424,5.779139437531802,7.592823477244425,-1.459935343085158,-0.24887623602882633,-7.9812618967578794,0.0,-20.0,-20.0,110.0,-13.322599449537897
850,8.5,10.528762390529508,5.7864657761904015,7.588810312906539,-1.459894378578781,-0.2491165682474506,-7.990670482053029,0.0,-20.0,-20.0,110.0,-13.331775641397742
851,8.51,10.539203767779592,5.793792114849001,7.584797148568653,-1.4598533745167095,-0.24935689372348713,-8.000079067692003,0.0,-20.0,-20.0,110.0,-13.340958184616728
852,8.52,10.549645145029675,5.801118453507601,7.580783984230767,-1.4598123309000508,-0.2495972124504256,-8.009487653675114,0.0,-20.0,-20.0,110.0,-13.35014706642818
853,8.53,10.560086522279759,5.808444792166202,7.576770819892881,-1.4597712477299103,-0.24983752442175608,-8.018896240002684,0.0,-20.0,-20.0,110.0,-13.359342274088371
854,8.540000000000001,10.570527899529843,5.815771130824802,7.572757655554995,-1.4597301250073984,-0.25007782963096875,-8.028304826675038,0.0,-20.0,-20.0,110.0,-13.368543794876487
855,8.55,10.580969276779927,5.823097469483403,7.568744491217109,-1.4596889627336234,-0.2503181280715543,-8.037713413692506,0.0,-20.0,-20.0,110.0,-13.377751616094589
856,8.56,10.59141065403001,5.830423808142004,7.564731326879223,-1.4596477609096954,-0.2505584197370032,-8.047122001055408,0.0,-20.0,-20.0,110.0,-13.386965725067625
857,8.57,10.601852031280094,5.837750146800605,7.560718162541337,-1.459606519536724,-0.2507987046208053,-8.056530588764044,0.0,-20.0,-20.0,110.0,-13.396186109143386
858,8.58,10.612293408530178,5.845076485459207,7.556704998203451,-1.459565238615827,-0.2510389827164527,-8.065939176818773,0.0,-20.0,-20.0,110.0,-13.405412755692476
859,8.59,10.622734785780262,5.852402824117808,7.552691833865565,-1.459523918148116,-0.25127925401743584,-8.075347765219892,0.0,-20.0,-20.0,110.0,-13.41464565210833
860,8.6,10.633176163030345,5.85972916277641,7.548678669527679,-1.4594825581347057,-0.2515195185172461,-8.08475635396773,0.0,-20.0,-20.0,110.0,-13.42388478580713
861,8.61,10.64361754028043,5.867055501435011,7.544665505189793,-1.4594411585767106,-0.2517597762093752,-8.094164943062607,0.0,-20.0,-20.0,110.0,-13.433130144227828
862,8.620000000000001,10.654058917530513,5.874381840093614,7.540652340851907,-1.4593997194752477,-0.25200002708731456,-8.10357353250485,0.0,-20.0,-20.0,110.0,-13.44238171483212
863,8.63,10.664500294780597,5.881708178752216,7.536639176514021,-1.4593582408314374,-0.2522402711445557,-8.11298212229478,0.0,-20.0,-20.0,110.0,-13.451639485104387
864,8.64,10.67494167203068,5.889034517410819,7.532626012176135,-1.4593167226463966,-0.2524805083745912,-8.122390712432718,0.0,-20.0,-20.0,110.0,-13.46090344255172
865,8.65,10.685383049280764,5.896360856069421,7.528612847838249,-1.459275164921246,-0.252720738770913,-8.131799302918992,0.0,-20.0,-20.0,110.0,-13.470173574703857
866,8.66,10.695824426530848,5.903687194728024,7.524599683500363,-1.4592335676571073,-0.2529609623270133,-8.141207893753913,0.0,-20.0,-20.0,110.0,-13.47944986911318
867,8.67,10.706265803780932,5.911013533386627,7.520586519162477,-1.4591919308551018,-0.2532011790363845,-8.150616484937798,0.0,-20.0,-20.0,110.0,-13.488732313354687
868,8.68,10.716707181031015,5.91833987204523,7.516573354824591,-1.4591502545163535,-0.25344138889251955,-8.160025076470971,0.0,-20.0,-20.0,110.0,-13.498020895025967
869,8.69,10.7271485582811,5.925666210703834,7.512560190486705,-1.4591085386419853,-0.25368159188891165,-8.16943366835376,0.0,-20.0,-20.0,110.0,-13.507315601747171
870,8.700000000000001,10.737589935531183,5.932992549362437,7.508547026148819,-1.4590667832331246,-0.25392178801905374,-8.178842260586496,0.0,-20.0,-20.0,110.0,-13.516616421160997
871,8.71,10.748031312781267,5.94031888802104,7.504533861810933,-1.4590249882908968,-0.2541619772764396,-8.188250853169512,0.0,-20.0,-20.0,110.0,-13.525923340932652
872,8.72,10.75847269003135,5.9476452266796445,7.500520697473047,-1.4589831538164295,-0.25440215965456214,-8.19765944610311,0.0,-20.0,-20.0,110.0,-13.535236348749834
873,8.73,10.768914067281434,5.954971565338249,7.496507533135161,-1.4589412798108523,-0.2546423351469149,-8.207068039387604,0.0,-20.0,-20.0,110.0,-13.54455543232272
874,8.74,10.779355444531518,5.962297903996853,7.492494368797275,-1.4588993662752945,-0.25488250374699173,-8.21647663302332,0.0,-20.0,-20.0,110.0,-13.553880579383922
875,8.75,10.789796821781602,5.969624242655457,7.488481204459389,-1.4588574132108867,-0.25512266544828666,-8.225885227010574,0.0,-20.0,-20.0,110.0,-13.563211777688466
876,8.76,10.800238199031686,5.976950581314062,7.484468040121503,-1.4588154206187613,-0.2553628202442937,-8.235293821349696,0.0,-20.0,-20.0,110.0,-13.572549015013774
877,8.77,10.81067957628177,5.984276919972667,7.480454875783617,-1.4587733885000502,-0.25560296812850797,-8.244702416041012,0.0,-20.0,-20.0,110.0,-13.581892279159627
878,8.78,10.821120953531853,5.991603258631272,7.476441711445731,-1.4587313168558884,-0.25584310909442387,-8.25411101108484,0.0,-20.0,-20.0,110.0,-13.591241557948155
879,8.790000000000001,10.831562330781937,5.9989295972898775,7.472428547107845,-1.4586892056874095,-0.256083243135536,-8.263519606481498,0.0,-20.0,-20.0,110.0,-13.600596839223787
880,8.8,10.84200370803202,6.006255935948483,7.468415382769959,-1.4586470549957513,-0.2563233702453391,-8.272928202231306,0.0,-20.0,-20.0,110.0,-13.60995811085326
881,8.81,10.852445085282104,6.013582274607089,7.464402218432073,-1.45860486478205,-0.25656349041732857,-8.28233679833458,0.0,-20.0,-20.0,110.0,-13.619325360725552
882,8.82,10.862886462532188,6.020908613265695,7.460389054094187,-1.4585626350474412,-0.2568036036449989,-8.291745394791626,0.0,-20.0,-20.0,110.0,-13.628698576751896
883,8.83,10.873327839782272,6.028234951924301,7.456375889756301,-1.4585203657930703,-0.25704370992184683,-8.3011539916028,0.0,-20.0,-20.0,110.0,-13.638077746865717
884,8.84,10.883769217032356,6.035561290582907,7.452362725418415,-1.458478057020074,-0.25728380924136773,-8.31056258876841,0.0,-20.0,-20.0,110.0,-13.647462859022625
885,8.85,10.89421059428244,6.042887629241513,7.448349561080529,-1.4584357087295943,-0.2575239015970575,-8.319971186288777,0.0,-20.0,-20.0,110.0,-13.656853901200401
886,8.86,10.904651971532523,6.0502139679001194,7.444336396742643,-1.458393320922774,-0.2577639869824119,-8.329379784164216,0.0,-20.0,-20.0,110.0,-13.666250861398929
887,8.870000000000001,10.915093348782607,6.057540306558726,7.440323232404757,-1.4583508936007572,-0.2580040653909271,-8.338788382395053,0.0,-20.0,-20.0,110.0,-13.675653727640224
888,8.88,10.92553472603269,6.064866645217333,7.436310068066871,-1.4583084267646886,-0.2582441368160999,-8.348196980981614,0.0,-20.0,-20.0,110.0,-13.685062487968349
889,8.89,10.935976103282774,6.07219298387594,7.432296903728985,-1.4582659204157125,-0.2584842012514273,-8.357605579924222,0.0,-20.0,-20.0,110.0,-13.694477130449425
890,8.9,10.946417480532858,6.079519322534548,7.428283739391099,-1.458223374554976,-0.25872425869040583,-8.367014179223194,0.0,-20.0,-20.0,110.0,-13.703897643171592
891,8.91,10.956858857782942,6.086845661193156,7.424270575053213,-1.458180789183628,-0.25896430912653245,-8.376422778878855,0.0,-20.0,-20.0,110.0,-13.713324014244986
892,8.92,10.967300235033026,6.094171999851763,7.420257410715327,-1.4581381643028162,-0.25920435255330443,-8.38583137889151,0.0,-20.0,-20.0,110.0,-13.722756231801714
893,8.93,10.97774161228311,6.101498338510371,7.416244246377441,-1.458095499913691,-0.259444388964219,-8.395239979261484,0.0,-20.0,-20.0,110.0,-13.732194283995787
894,8.94,10.988182989533193,6.108824677168979,7.412231082039555,-1.458052796017404,-0.2596844183527738,-8.404648579989098,0.0,-20.0,-20.0,110.0,-13.741638159003168
895,8.950000000000001,10.998624366783277,6.116151015827588,7.408217917701669,-1.4580100526151067,-0.25992444071246673,-8.41405718107468,0.0,-20.0,-20.0,110.0,-13.751087845021669
896,8.96,11.00906574403336,6.123477354486196,7.404204753363783,-1.457967269707953,-0.2601644560367956,-8.42346578251855,0.0,-20.0,-20.0,110.0,-13.760543330270975
897,8.97,11.019507121283445,6.130803693144805,7.400191589025897,-1.4579244472970971,-0.2604044643192586,-8.432874384321028,0.0,-20.0,-20.0,110.0,-13.770004602992575
898,8.98,11.029948498533528,6.1381300318034135,7.396178424688011,-1.457881585383694,-0.26064446555335424,-8.442282986482432,0.0,-20.0,-20.0,110.0,-13.77947165144978
899,8.99,11.040389875783612,6.145456370462022,7.392165260350125,-1.457838683968901,-0.2608844597325808,-8.451691589003087,0.0,-20.0,-20.0,110.0,-13.788944463927647
900,9.0,11.050831253033696,6.152782709120632,7.388152096012239,-1.4577957430538744,-0.26112444685043723,-8.461100191883306,0.0,-20.0,-20.0,110.0,-13.798423028732971
901,9.01,11.06127263028378,6.160109047779241,7.384138931674353,-1.4577527626397733,-0.26136442690042233,-8.470508795123408,0.0,-20.0,-20.0,110.0,-13.80790733419428
902,9.02,11.071714007533863,6.167435386437851,7.380125767336467,-1.457709742727757,-0.26160439987603534,-8.479917398723721,0.0,-20.0,-20.0,110.0,-13.817397368661753
903,9.03,11.082155384783947,6.17476172509646,7.376112602998581,-1.4576666833189824,-0.2618443657707748,-8.489326002684543,0.0,-20.0,-20.0,110.0,-13.826893120507254
904,9.040000000000001,11.092596762034031,6.182088063755071,7.372099438660695,-1.4576235844146175,-0.2620843245781418,-8.498734607006236,0.0,-20.0,-20.0,110.0,-13.836394578124233
905,9.05,11.103038139284115,6.189414402413681,7.368086274322809,-1.4575804460158233,-0.262324276291635,-8.5081432116891,0.0,-20.0,-20.0,110.0,-13.845901729927764
906,9.06,11.113479516534198,6.196740741072292,7.364073109984923,-1.4575372681237642,-0.2625642209047538,-8.517551816733443,0.0,-20.0,-20.0,110.0,-13.855414564354472
907,9.07,11.123920893784282,6.204067079730902,7.360059945647037,-1.4574940507396037,-0.26280415841099863,-8.526960422139583,0.0,-20.0,-20.0,110.0,-13.864933069862522
908,9.08,11.134362271034366,6.2113934183895125,7.356046781309151,-1.4574507938645072,-0.26304408880387,-8.536369027907847,0.0,-20.0,-20.0,110.0,-13.874457234931581
909,9.09,11.14480364828445,6.218719757048124,7.352033616971265,-1.4574074974996427,-0.2632840120768681,-8.54577763403855,0.0,-20.0,-20.0,110.0,-13.8839870480628
910,9.1,11.155245025534533,6.226046095706735,7.348020452633379,-1.4573641616461785,-0.26352392822349363,-8.555186240532024,0.0,-20.0,-20.0,110.0,-13.893522497778763
911,9.11,11.165686402784617,6.2333724343653465,7.344007288295493,-1.4573207863052844,-0.263763837237247,-8.564594847388575,0.0,-20.0,-20.0,110.0,-13.903063572623477
912,9.120000000000001,11.176127780034701,6.240698773023958,7.339994123957607,-1.4572773714781302,-0.26400373911162967,-8.574003454608535,0.0,-20.0,-20.0,110.0,-13.912610261162344
913,9.13,11.186569157284785,6.248025111682569,7.335980959619721,-1.457233917165887,-0.2642436338401428,-8.583412062192222,0.0,-20.0,-20.0,110.0,-13.922162551982103
914,9.14,11.197010534534868,6.255351450341181,7.331967795281835,-1.4571904233697277,-0.2644835214162877,-8.592820670139949,0.0,-20.0,-20.0,110.0,-13.93172043369085
915,9.15,11.207451911784952,6.2626777889997935,7.327954630943949,-1.457146890090825,-0.26472340183356646,-8.602229278452043,0.0,-20.0,-20.0,110.0,-13.94128389491795
916,9.16,11.217893289035036,6.270004127658406,7.323941466606063,-1.4571033173303536,-0.26496327508548045,-8.61163788712882,0.0,-20.0,-20.0,110.0,-13.950852924314038
917,9.17,11.22833466628512,6.277330466317018,7.319928302268177,-1.4570597050894893,-0.2652031411655317,-8.621046496170603,0.0,-20.0,-20.0,110.0,-13.960427510550996
918,9.18,11.238776043535204,6.284656804975631,7.315915137930291,-1.4570160533694085,-0.2654430000672225,-8.630455105577713,0.0,-20.0,-20.0,110.0,-13.970007642321908
919,9.19,11.249217420785287,6.291983143634244,7.311901973592405,-1.4569723621712887,-0.2656828517840553,-8.639863715350474,0.0,-20.0,-20.0,110.0,-13.979593308341014
920,9.200000000000001,11.259658798035371,6.299309482292857,7.307888809254519,-1.4569286314963092,-0.2659226963095327,-8.649272325489202,0.0,-20.0,-20.0,110.0,-13.989184497343729
921,9.21,11.270100175285455,6.30663582095147,7.303875644916632,-1.4568848613456464,-0.2661625336371566,-8.6586809359942,0.0,-20.0,-20.0,110.0,-13.99878119808656
922,9.22,11.280541552535539,6.3139621596100834,7.299862480578745,-1.4568410517204884,-0.26640236376043125,-8.668089546865822,0.0,-20.0,-20.0,110.0,-14.008383399347094
923,9.23,11.290982929785622,6.321288498268697,7.295849316240858,-1.456797202622013,-0.2666421866728592,-8.677498158104372,0.0,-20.0,-20.0,110.0,-14.01799108992398
924,9.24,11.301424307035706,6.328614836927311,7.291836151902971,-1.4567533140514035,-0.2668820023679438,-8.686906769710157,0.0,-20.0,-20.0,110.0,-14.027604258636888
925,9.25,11.31186568428579,6.335941175585925,7.287822987565084,-1.4567093860098452,-0.2671218108391881,-8.6963153816835,0.0,-20.0,-20.0,110.0,-14.037222894326469
926,9.26,11.322307061535874,6.343267514244539,7.283809823227197,-1.4566654184985228,-0.2673616120800959,-8.705723994024716,0.0,-20.0,-20.0,110.0,-14.046846985854335
927,9.27,11.332748438785957,6.350593852903153,7.27979665888931,-1.4566214115186216,-0.2676014060841717,-8.715132606734135,0.0,-20.0,-20.0,110.0,-14.056476522103026
928,9.28,11.343189816036041,6.357920191561768,7.2757834945514235,-1.4565773650713283,-0.2678411928449195,-8.724541219812062,0.0,-20.0,-20.0,110.0,-14.066111491975972
929,9.290000000000001,11.353631193286125,6.365246530220383,7.271770330213537,-1.4565332791578336,-0.26808097235584294,-8.733949833258825,0.0,-20.0,-20.0,110.0,-14.075751884397484
930,9.3,11.364072570536209,6.372572868878998,7.26775716587565,-1.456489153779326,-0.26832074461044697,-8.74335844707474,0.0,-20.0,-20.0,110.0,-14.085397688312678
931,9.31,11.374513947786292,6.379899207537613,7.263744001537763,-1.4564449889369966,-0.2685605096022364,-8.752767061260137,0.0,-20.0,-20.0,110.0,-14.095048892687487
932,9.32,11.384955325036376,6.387225546196229,7.259730837199876,-1.4564007846320355,-0.26880026732471607,-8.762175675815328,0.0,-20.0,-20.0,110.0,-14.104705486508614
933,9.33,11.39539670228646,6.394551884854844,7.255717672861989,-1.4563565408656367,-0.2690400177713911,-8.771584290740632,0.0,-20.0,-20.0,110.0,-14.114367458783493
934,9.34,11.405838079536544,6.40187822351346,7.251704508524102,-1.4563122576389929,-0.2692797609357668,-8.780992906036373,0.0,-20.0,-20.0,110.0,-14.12403479854027
935,9.35,11.416279456786627,6.409204562172076,7.247691344186215,-1.4562679349532994,-0.2695194968113489,-8.79040152170287,0.0,-20.0,-20.0,110.0,-14.133707494827755
936,9.36,11.426720834036711,6.416530900830692,7.243678179848328,-1.456223572809752,-0.269759225391643,-8.799810137740442,0.0,-20.0,-20.0,110.0,-14.143385536715408
937,9.370000000000001,11.437162211286795,6.423857239489308,7.239665015510441,-1.4561791712095475,-0.2699989466701548,-8.809218754149411,0.0,-20.0,-20.0,110.0,-14.153068913293293
938,9.38,11.447603588536879,6.431183578147925,7.2356518511725545,-1.4561347301538845,-0.2702386606403904,-8.818627370930095,0.0,-20.0,-20.0,110.0,-14.162757613672055
939,9.39,11.458044965786963,6.438509916806542,7.231638686834668,-1.4560902496439614,-0.2704783672958562,-8.828035988082808,0.0,-20.0,-20.0,110.0,-14.17245162698288
940,9.4,11.468486343037046,6.445836255465158,7.227625522496781,-1.4560457296809781,-0.2707180666300586,-8.837444605607875,0.0,-20.0,-20.0,110.0,-14.18215094237747
941,9.41,11.47892772028713,6.453162594123775,7.223612358158894,-1.4560011702661364,-0.2709577586365041,-8.846853223505608,0.0,-20.0,-20.0,110.0,-14.191855549028011
942,9.42,11.489369097537214,6.4604889327823924,7.219599193821007,-1.4559565714006382,-0.2711974433086999,-8.85626184177633,0.0,-20.0,-20.0,110.0,-14.201565436127128
943,9.43,11.499810474787298,6.46781527144101,7.21558602948312,-1.4559119330856878,-0.27143712064015285,-8.865670460420365,0.0,-20.0,-20.0,110.0,-14.211280592887867
944,9.44,11.510251852037381,6.4751416100996275,7.211572865145233,-1.4558672553224878,-0.27167679062437045,-8.87507907943803,0.0,-20.0,-20.0,110.0,-14.221001008543658
945,9.450000000000001,11.520693229287465,6.482467948758245,7.207559700807346,-1.4558225381122454,-0.2719164532548599,-8.884487698829638,0.0,-20.0,-20.0,110.0,-14.230726672348272
946,9.46,11.531134606537549,6.489794287416863,7.203546536469459,-1.4557777814561634,-0.2721561085251281,-8.893896318595482,0.0,-20.0,-20.0,110.0,-14.240457573575815
947,9.47,11.541575983787633,6.497120626075481,7.199533372131572,-1.4557329853554555,-0.27239575642868435,-8.90330493873593,0.0,-20.0,-20.0,110.0,-14.250193701520667
948,9.48,11.552017361037716,6.5044469647340994,7.1955202077936855,-1.4556881498113274,-0.2726353969590358,-8.912713559251275,0.0,-20.0,-20.0,110.0,-14.259935045497452
949,9.49,11.5624587382878,6.511773303392718,7.191507043455799,-1.4556432748249888,-0.2728750301096908,-8.922122180141828,0.0,-20.0,-20.0,110.0,-14.269681594841039
950,9.5,11.572900115537884,6.519099642051336,7.187493879117912,-1.4555983603976492,-0.2731146558741579,-8.93153080140791,0.0,-20.0,-20.0,110.0,-14.27943333890645
951,9.51,11.583341492787968,6.526425980709956,7.183480714780025,-1.4555534065305227,-0.2733542742459454,-8.940939423049835,0.0,-20.0,-20.0,110.0,-14.289190267068902
952,9.52,11.593782870038051,6.533752319368575,7.179467550442138,-1.4555084132248208,-0.27359388521856226,-8.95034804506793,0.0,-20.0,-20.0,110.0,-14.298952368723686
953,9.53,11.604224247288135,6.541078658027194,7.175454386104251,-1.4554633804817576,-0.2738334887855179,-8.959756667462507,0.0,-20.0,-20.0,110.0,-14.30871963328622
954,9.540000000000001,11.614665624538219,6.5484049966858136,7.171441221766364,-1.4554183083025491,-0.27407308494032123,-8.969165290233896,0.0,-20.0,-20.0,110.0,-14.318492050191947
955,9.55,11.625107001788303,6.555731335344433,7.167428057428477,-1.4553731966884105,-0.27431267367648143,-8.978573913382393,0.0,-20.0,-20.0,110.0,-14.328269608896349
956,9.56,11.635548379038386,6.563057674003053,7.16341489309059,-1.4553280456405582,-0.2745522549875085,-8.987982536908325,0.0,-20.0,-20.0,110.0,-14.3380522988749
957,9.57,11.64598975628847,6.570384012661673,7.159401728752703,-1.4552828551602117,-0.27479182886691245,-8.997391160812013,0.0,-20.0,-20.0,110.0,-14.34784010962301
958,9.58,11.656431133538554,6.5777103513202935,7.1553885644148165,-1.4552376252485895,-0.2750313953082029,-9.00679978509378,0.0,-20.0,-20.0,110.0,-14.357633030656025
959,9.59,11.666872510788638,6.585036689978914,7.15137540007693,-1.4551923559069126,-0.27527095430489046,-9.016208409753942,0.0,-20.0,-20.0,110.0,-14.367431051509174
960,9.6,11.677313888038722,6.592363028637534,7.147362235739043,-1.4551470471364027,-0.2755105058504852,-9.025617034792813,0.0,-20.0,-20.0,110.0,-14.37723416173754
961,9.61,11.687755265288805,6.599689367296155,7.143349071401156,-1.4551016989382817,-0.27575004993849783,-9.03502566021071,0.0,-20.0,-20.0,110.0,-14.387042350916035
962,9.620000000000001,11.698196642538889,6.607015705954776,7.139335907063269,-1.4550563113137707,-0.27598958656243905,-9.044434286007943,0.0,-20.0,-20.0,110.0,-14.39685560863934
963,9.63,11.708638019788973,6.614342044613397,7.135322742725382,-1.4550108842641,-0.27622911571582087,-9.053842912184864,0.0,-20.0,-20.0,110.0,-14.40667392452191
964,9.64,11.719079397039057,6.621668383272018,7.131309578387495,-1.4549654177904923,-0.27646863739215394,-9.063251538741774,0.0,-20.0,-20.0,110.0,-14.416497288197908
965,9.65,11.72952077428914,6.62899472193064,7.127296414049608,-1.4549199118941745,-0.27670815158494955,-9.072660165678979,0.0,-20.0,-20.0,110.0,-14.426325689321189
966,9.66,11.739962151539224,6.636321060589262,7.123283249711721,-1.4548743665763733,-0.2769476582877197,-9.082068792996807,0.0,-20.0,-20.0,110.0,-14.43615911756526
967,9.67,11.750403528789308,6.643647399247884,7.119270085373834,-1.454828781838318,-0.27718715749397627,-9.091477420695576,0.0,-20.0,-20.0,110.0,-14.445997562623255
968,9.68,11.760844906039392,6.650973737906506,7.1152569210359475,-1.454783157681239,-0.2774266491972311,-9.1008860487756,0.0,-20.0,-20.0,110.0,-14.45584101420788
969,9.69,11.771286283289475,6.658300076565128,7.111243756698061,-1.4547374941063682,-0.27766613339099605,-9.110294677237198,0.0,-20.0,-20.0,110.0,-14.46568946205139
970,9.700000000000001,11.781727660539559,6.665626415223751,7.107230592360174,-1.4546917911149364,-0.2779056100687842,-9.119703306080684,0.0,-20.0,-20.0,110.0,-14.475542895905589
971,9.71,11.792169037789643,6.672952753882374,7.103217428022287,-1.4546460487081774,-0.2781450792241077,-9.129111935306378,0.0,-20.0,-20.0,110.0,-14.48540130554171
972,9.72,11.802610415039727,6.680279092540997,7.0992042636844,-1.4546002668873248,-0.27838454085047964,-9.138520564914593,0.0,-20.0,-20.0,110.0,-14.495264680750498
973,9.73,11.81305179228981,6.68760543119962,7.095191099346513,-1.4545544456536141,-0.2786239949414133,-9.147929194905656,0.0,-20.0,-20.0,110.0,-14.505133011342064
974,9.74,11.823493169539894,6.6949317698582425,7.091177935008626,-1.4545085850082826,-0.27886344149042147,-9.157337825279873,0.0,-20.0,-20.0,110.0,-14.515006287145933
975,9.75,11.833934546789978,6.702258108516866,7.087164770670739,-1.454462684952567,-0.27910288049101784,-9.166746456037563,0.0,-20.0,-20.0,110.0,-14.524884498010959
976,9.76,11.844375924040062,6.70958444717549,7.083151606332852,-1.454416745487706,-0.27934231193671594,-9.176155087179046,0.0,-20.0,-20.0,110.0,-14.534767633805323
977,9.77,11.854817301290145,6.716910785834114,7.0791384419949654,-1.4543707666149386,-0.27958173582102974,-9.185563718704632,0.0,-20.0,-20.0,110.0,-14.54465568441647
978,9.78,11.86525867854023,6.7242371244927375,7.0751252776570785,-1.454324748335506,-0.27982115213747355,-9.194972350614648,0.0,-20.0,-20.0,110.0,-14.554548639751113
979,9.790000000000001,11.875700055790313,6.731563463151362,7.071112113319192,-1.4542786906506489,-0.28006056087956155,-9.204380982909411,0.0,-20.0,-20.0,110.0,-14.564446489735145
980,9.8,11.886141433040397,6.738889801809987,7.067098948981305,-1.4542325935616072,-0.2802999620408077,-9.213789615589215,0.0,-20.0,-20.0,110.0,-14.57434922431367
981,9.81,11.89658281029048,6.746216140468611,7.063085784643418,-1.4541864570696308,-0.2805393556147278,-9.22319824865442,0.0,-20.0,-20.0,110.0,-14.584256833450906
982,9.82,11.907024187540564,6.753542479127236,7.059072620305531,-1.454140281175963,-0.28077874159483596,-9.232606882105324,0.0,-20.0,-20.0,110.0,-14.594169307130205
983,9.83,11.917465564790648,6.760868817785861,7.055059455967644,-1.454094065881848,-0.28101811997464776,-9.242015515942255,0.0,-20.0,-20.0,110.0,-14.604086635353967
984,9.84,11.927906942040732,6.768195156444486,7.051046291629757,-1.454047811188534,-0.28125749074767853,-9.251424150165528,0.0,-20.0,-20.0,110.0,-14.614008808143652
985,9.85,11.938348319290816,6.775521495103112,7.04703312729187,-1.4540015170972682,-0.2814968539074438,-9.260832784775458,0.0,-20.0,-20.0,110.0,-14.623935815539715
986,9.86,11.9487896965409,6.782847833761737,7.043019962953983,-1.4539551836092999,-0.2817362094474591,-9.270241419772352,0.0,-20.0,-20.0,110.0,-14.63386764760158
987,9.870000000000001,11.959231073790983,6.790174172420363,7.0390067986160965,-1.4539088107258793,-0.28197555736123997,-9.279650055156527,0.0,-20.0,-20.0,110.0,-14.643804294407623
988,9.88,11.969672451041067,6.797500511078988,7.03499363427821,-1.4538623984482575,-0.282214897642303,-9.289058690928307,0.0,-20.0,-20.0,110.0,-14.653745746055105
989,9.89,11.98011382829115,6.804826849737615,7.030980469940323,-1.4538159467776866,-0.2824542302841644,-9.298467327088005,0.0,-20.0,-20.0,110.0,-14.663691992660164
990,9.9,11.990555205541234,6.812153188396241,7.026967305602436,-1.4537694557154202,-0.28269355528034074,-9.307875963635935,0.0,-20.0,-20.0,110.0,-14.673643024357762
991,9.91,12.000996582791318,6.819479527054868,7.022954141264549,-1.4537229252627133,-0.28293287262434863,-9.317284600572416,0.0,-20.0,-20.0,110.0,-14.683598831301675
992,9.92,12.011437960041402,6.826805865713494,7.018940976926662,-1.4536763554208207,-0.283172182309705,-9.326693237897766,0.0,-20.0,-20.0,110.0,-14.693559403664421
993,9.93,12.021879337291486,6.834132204372121,7.014927812588775,-1.4536297461909993,-0.2834114843299272,-9.336101875612302,0.0,-20.0,-20.0,110.0,-14.70352473163727
994,9.94,12.03232071454157,6.841458543030749,7.010914648250887,-1.4535830975745072,-0.28365077867853233,-9.345510513716341,0.0,-20.0,-20.0,110.0,-14.713494805430171
995,9.950000000000001,12.042762091791653,6.848784881689376,7.0069014839129995,-1.453536409572603,-0.28389006534903793,-9.354919152210188,0.0,-20.0,-20.0,110.0,-14.723469615271737
996,9.96,12.053203469041737,6.856111220348003,7.002888319575112,-1.4534896821865448,-0.284129344334962,-9.364327791094162,0.0,-20.0,-20.0,110.0,-14.733449151409209
997,9.97,12.06364484629182,6.8634375590066306,6.998875155237224,-1.4534429154175947,-0.28436861562982246,-9.373736430368583,0.0,-20.0,-20.0,110.0,-14.74343340410843
998,9.98,12.074086223541904,6.870763897665259,6.994861990899336,-1.4533961092670111,-0.284607879227137,-9.383145070033754,0.0,-20.0,-20.0,110.0,-14.753422363653769
999,9.99,12.084527600791988,6.878090236323887,6.990848826561448,-1.4533492637360643,-0.2848471351204251,-9.392553710090029,0.0,-20.0,-20.0,110.0,-14.763416020348137
1000,10.0,12.094968978042072,6.885416574982515,6.986835662223561,-1.4533023788260138,-0.2850863833032046,-9.4019623505377,0.0,-20.0,-20.0,110.0,-14.773414364512934
1001,10.01,12.105410355292156,6.892742913641143,6.982822497885673,-1.4532554545381247,-0.28532562376899445,-9.411370991377076,0.0,-20.0,-20.0,110.0,-14.783417386488006
1002,10.02,12.11585173254224,6.9000692522997715,6.978809333547785,-1.4532084908736647,-0.28556485651131347,-9.42077963260848,0.0,-20.0,-20.0,110.0,-14.79342507663161
1003,10.03,12.126293109792323,6.907395590958401,6.974796169209897,-1.4531614878338999,-0.28580408152368114,-9.430188274232231,0.0,-20.0,-20.0,110.0,-14.803437425320396
1004,10.040000000000001,12.136734487042407,6.91472192961703,6.970783004872009,-1.453114445420098,-0.2860432987996171,-9.439596916248643,0.0,-20.0,-20.0,110.0,-14.813454422949361
1005,10.05,12.14717586429249,6.922048268275659,6.966769840534122,-1.4530673636335294,-0.28628250833264074,-9.449005558658037,0.0,-20.0,-20.0,110.0,-14.823476059931808
1006,10.06,12.157617241542575,6.929374606934288,6.962756676196234,-1.4530202424754644,-0.2865217101162718,-9.45841420146073,0.0,-20.0,-20.0,110.0,-14.833502326699318
1007,10.07,12.168058618792658,6.936700945592917,6.958743511858346,-1.4529730819471738,-0.2867609041440305,-9.467822844657027,0.0,-20.0,-20.0,110.0,-14.843533213701713
1008,10.08,12.178499996042742,6.944027284251547,6.954730347520458,-1.4529258820499293,-0.28700009040943736,-9.477231488247252,0.0,-20.0,-20.0,110.0,-14.853568711407036
1009,10.09,12.188941373292826,6.951353622910177,6.9507171831825705,-1.4528786427850062,-0.2872392689060124,-9.48664013223171,0.0,-20.0,-20.0,110.0,-14.863608810301498
1010,10.1,12.19938275054291,6.958679961568807,6.946704018844683,-1.4528313641536783,-0.2874784396272762,-9.496048776610722,0.0,-20.0,-20.0,110.0,-14.873653500889437
1011,10.11,12.209824127792993,6.966006300227437,6.942690854506795,-1.4527840461572223,-0.28771760256675,-9.505457421384612,0.0,-20.0,-20.0,110.0,-14.883702773693312
1012,10.120000000000001,12.220265505043077,6.973332638886068,6.938677690168907,-1.4527366887969144,-0.287956757717955,-9.514866066553699,0.0,-20.0,-20.0,110.0,-14.89375661925363
1013,10.13,12.23070688229316,6.9806589775446986,6.934664525831019,-1.452689292074032,-0.2881959050744124,-9.524274712118284,0.0,-20.0,-20.0,110.0,-14.903815028128953
1014,10.14,12.241148259543245,6.987985316203329,6.9306513614931315,-1.4526418559898535,-0.28843504462964376,-9.533683358078687,0.0,-20.0,-20.0,110.0,-14.913877990895829
1015,10.15,12.251589636793328,6.99531165486196,6.926638197155244,-1.45259438054566,-0.28867417637717047,-9.543092004435218,0.0,-20.0,-20.0,110.0,-14.923945498148775
1016,10.16,12.262031014043412,7.002637993520591,6.922625032817356,-1.4525468657427323,-0.2889133003105148,-9.552500651188202,0.0,-20.0,-20.0,110.0,-14.934017540500237
1017,10.17,12.272472391293496,7.009964332179223,6.918611868479468,-1.452499311582349,-0.28915241642319806,-9.561909298337923,0.0,-20.0,-20.0,110.0,-14.944094108580549
1018,10.18,12.28291376854358,7.017290670837855,6.91459870414158,-1.4524517180657999,-0.28939152470874396,-9.571317945884752,0.0,-20.0,-20.0,110.0,-14.954175193037912
1019,10.19,12.293355145793663,7.024617009496486,6.910585539803693,-1.4524040851943656,-0.2896306251606744,-9.580726593828963,0.0,-20.0,-20.0,110.0,-14.964260784538338
1020,10.200000000000001,12.303796523043747,7.031943348155118,6.906572375465805,-1.4523564129693323,-0.289869717772512,-9.590135242170884,0.0,-20.0,-20.0,110.0,-14.974350873765651
1021,10.21,12.314237900293831,7.03926968681375,6.902559211127917,-1.452308701391985,-0.29010880253778026,-9.599543890910834,0.0,-20.0,-20.0,110.0,-14.984445451421415
1022,10.22,12.324679277543915,7.0465960254723825,6.898546046790029,-1.4522609504636121,-0.2903478794500026,-9.608952540049138,0.0,-20.0,-20.0,110.0,-14.994544508224907
1023,10.23,12.335120654793998,7.053922364131015,6.8945328824521415,-1.452213160185502,-0.2905869485027019,-9.6183611895861,0.0,-20.0,-20.0,110.0,-15.004648034913094
1024,10.24,12.345562032044082,7.061248702789648,6.890519718114254,-1.4521653305589437,-0.2908260096894017,-9.627769839522026,0.0,-20.0,-20.0,110.0,-15.014756022240606
1025,10.25,12.356003409294166,7.06857504144828,6.886506553776366,-1.4521174615852277,-0.2910650630036261,-9.63717848985724,0.0,-20.0,-20.0,110.0,-15.024868460979668
1026,10.26,12.36644478654425,7.075901380106914,6.882493389438478,-1.452069553265646,-0.29130410843889926,-9.646587140592057,0.0,-20.0,-20.0,110.0,-15.034985341920084
1027,10.27,12.376886163794333,7.0832277187655475,6.87848022510059,-1.4520216056014925,-0.29154314598874514,-9.655995791726799,0.0,-20.0,-20.0,110.0,-15.04510665586922
1028,10.28,12.387327541044417,7.090554057424181,6.8744670607627025,-1.4519736185940597,-0.2917821756466885,-9.665404443261775,0.0,-20.0,-20.0,110.0,-15.055232393651941
1029,10.290000000000001,12.397768918294501,7.0978803960828145,6.870453896424815,-1.4519255922446428,-0.2920211974062542,-9.674813095197312,0.0,-20.0,-20.0,110.0,-15.065362546110585
1030,10.3,12.408210295544585,7.105206734741448,6.866440732086927,-1.4518775265545365,-0.29226021126096735,-9.68422174753372,0.0,-20.0,-20.0,110.0,-15.07549710410493
1031,10.31,12.418651672794669,7.1125330734000825,6.862427567749039,-1.4518294215250391,-0.2924992172043526,-9.693630400271308,0.0,-20.0,-20.0,110.0,-15.085636058512156
1032,10.32,12.429093050044752,7.119859412058717,6.858414403411151,-1.4517812771574483,-0.29273821522993526,-9.70303905341039,0.0,-20.0,-20.0,110.0,-15.095779400226816
1033,10.33,12.439534427294836,7.127185750717351,6.854401239073264,-1.4517330934530632,-0.29297720533124083,-9.712447706951272,0.0,-20.0,-20.0,110.0,-15.1059271201608
1034,10.34,12.44997580454492,7.134512089375986,6.850388074735376,-1.4516848704131842,-0.29321618750179523,-9.72185636089428,0.0,-20.0,-20.0,110.0,-15.116079209243301
1035,10.35,12.460417181795004,7.14183842803462,6.846374910397488,-1.4516366080391117,-0.29345516173512437,-9.731265015239726,0.0,-20.0,-20.0,110.0,-15.126235658420763
1036,10.36,12.470858559045087,7.149164766693255,6.8423617460596,-1.4515883063321486,-0.29369412802475453,-9.740673669987924,0.0,-20.0,-20.0,110.0,-15.136396458656865
1037,10.370000000000001,12.481299936295171,7.156491105351891,6.8383485817217124,-1.451539965293598,-0.293933086364212,-9.75008232513919,0.0,-20.0,-20.0,110.0,-15.146561600932493
1038,10.38,12.491741313545255,7.163817444010526,6.834335417383825,-1.4514915849247616,-0.2941720367470227,-9.75949098069381,0.0,-20.0,-20.0,110.0,-15.156731076245675
1039,10.39,12.502182690795339,7.171143782669161,6.830322253045937,-1.4514431652269513,-0.29441097916671466,-9.768899636652149,0.0,-20.0,-20.0,110.0,-15.166904875611564
1040,10.4,12.512624068045422,7.1784701213277975,6.826309088708049,-1.4513947062014703,-0.2946499136168145,-9.778308293014502,0.0,-20.0,-20.0,110.0,-15.17708299006242
1041,10.41,12.523065445295506,7.185796459986434,6.822295924370161,-1.4513462078496253,-0.2948888400908495,-9.787716949781176,0.0,-20.0,-20.0,110.0,-15.187265410647543
1042,10.42,12.53350682254559,7.19312279864507,6.8182827600322735,-1.4512976701727256,-0.29512775858234713,-9.797125606952491,0.0,-20.0,-20.0,110.0,-15.197452128433259
1043,10.43,12.543948199795674,7.200449137303706,6.814269595694386,-1.4512490931720814,-0.29536666908483517,-9.806534264528766,0.0,-20.0,-20.0,110.0,-15.207643134502872
1044,10.44,12.554389577045757,7.207775475962342,6.810256431356498,-1.4512004768490034,-0.2956055715918415,-9.815942922510317,0.0,-20.0,-20.0,110.0,-15.217838419956642
1045,10.450000000000001,12.564830954295841,7.215101814620979,6.80624326701861,-1.4511518212048014,-0.2958444660968947,-9.825351580897463,0.0,-20.0,-20.0,110.0,-15.228037975911741
1046,10.46,12.575272331545925,7.222428153279616,6.802230102680722,-1.4511031262407905,-0.2960833525935227,-9.834760239690514,0.0,-20.0,-20.0,110.0,-15.238241793502224
1047,10.47,12.585713708796009,7.2297544919382535,6.798216938342835,-1.4510543919582843,-0.29632223107525385,-9.844168898889786,0.0,-20.0,-20.0,110.0,-15.248449863879
1048,10.48,12.596155086046092,7.237080830596891,6.794203774004947,-1.451005618358598,-0.29656110153561716,-9.853577558495584,0.0,-20.0,-20.0,110.0,-15.258662178209756
1049,10.49,12.606596463296176,7.244407169255528,6.790190609667059,-1.4509568054430477,-0.2967999639681413,-9.862986218508231,0.0,-20.0,-20.0,110.0,-15.26887872767899
1050,10.5,12.61703784054626,7.251733507914166,6.786177445329171,-1.4509079532129505,-0.2970388183663555,-9.87239487892803,0.0,-20.0,-20.0,110.0,-15.279099503487927
1051,10.51,12.627479217796344,7.259059846572804,6.782164280991283,-1.450859061669624,-0.2972776647237898,-9.881803539755305,0.0,-20.0,-20.0,110.0,-15.289324496854487
1052,10.52,12.637920595046428,7.2663861852314415,6.778151116653396,-1.4508101308143875,-0.2975165030339734,-9.891212200990369,0.0,-20.0,-20.0,110.0,-15.299553699013282
1053,10.53,12.648361972296511,7.2737125238900795,6.774137952315508,-1.4507611606485615,-0.2977553332904362,-9.90062086263353,0.0,-20.0,-20.0,110.0,-15.309787101215546
1054,10.540000000000001,12.658803349546595,7.281038862548718,6.77012478797762,-1.4507121511734677,-0.2979941554867079,-9.910029524685092,0.0,-20.0,-20.0,110.0,-15.32002469472911
1055,10.55,12.669244726796679,7.288365201207357,6.766111623639732,-1.450663102390425,-0.2982329696163182,-9.919438187145358,0.0,-20.0,-20.0,110.0,-15.330266470838383
1056,10.56,12.679686104046763,7.295691539865996,6.7620984593018445,-1.4506140143007638,-0.29847177567279937,-9.928846850014692,0.0,-20.0,-20.0,110.0,-15.340512420844304
1057,10.57,12.690127481296846,7.303017878524635,6.758085294963957,-1.4505648869058052,-0.29871057364968095,-9.938255513293367,0.0,-20.0,-20.0,110.0,-15.350762536064286
1058,10.58,12.70056885854693,7.310344217183274,6.754072130626069,-1.4505157202068741,-0.29894936354049423,-9.947664176981709,0.0,-20.0,-20.0,110.0,-15.361016807832247
1059,10.59,12.711010235797014,7.3176705558419135,6.750058966288181,-1.450466514205298,-0.29918814533877053,-9.957072841080034,0.0,-20.0,-20.0,110.0,-15.371275227498485
1060,10.6,12.721451613047098,7.324996894500553,6.746045801950293,-1.450417268902405,-0.29942691903804075,-9.966481505588657,0.0,-20.0,-20.0,110.0,-15.381537786429732
1061,10.61,12.731892990297181,7.332323233159193,6.742032637612406,-1.4503679842995234,-0.2996656846318366,-9.975890170507894,0.0,-20.0,-20.0,110.0,-15.391804476009048
1062,10.620000000000001,12.742334367547265,7.339649571817833,6.738019473274518,-1.450318660397984,-0.29990444211369044,-9.985298835838057,0.0,-20.0,-20.0,110.0,-15.402075287635821
1063,10.63,12.752775744797349,7.3469759104764725,6.73400630893663,-1.4502692971991162,-0.3001431914771341,-9.994707501579462,0.0,-20.0,-20.0,110.0,-15.412350212725737
1064,10.64,12.763217122047433,7.354302249135113,6.729993144598742,-1.4502198947042533,-0.30038193271569963,-10.004116167732427,0.0,-20.0,-20.0,110.0,-15.422629242710729
1065,10.65,12.773658499297516,7.361628587793754,6.725979980260854,-1.4501704529147283,-0.30062066582291946,-10.013524834297256,0.0,-20.0,-20.0,110.0,-15.432912369038949
1066,10.66,12.7840998765476,7.368954926452394,6.721966815922967,-1.4501209718318753,-0.3008593907923263,-10.02293350127427,0.0,-20.0,-20.0,110.0,-15.443199583174726
1067,10.67,12.794541253797684,7.376281265111035,6.717953651585078,-1.4500714514570292,-0.3010981076174532,-10.032342168663773,0.0,-20.0,-20.0,110.0,-15.453490876598556
1068,10.68,12.804982631047768,7.3836076037696765,6.713940487247189,-1.4500218917915255,-0.3013368162918331,-10.041750836466074,0.0,-20.0,-20.0,110.0,-15.463786240807028
1069,10.69,12.815424008297851,7.390933942428318,6.709927322909301,-1.449972292836703,-0.3015755168089993,-10.051159504681484,0.0,-20.0,-20.0,110.0,-15.474085667312833
1070,10.700000000000001,12.825865385547935,7.3982602810869595,6.705914158571412,-1.4499226545938984,-0.30181420916248547,-10.060568173310326,0.0,-20.0,-20.0,110.0,-15.484389147644686
1071,10.71,12.836306762798019,7.405586619745601,6.701900994233523,-1.4498729770644518,-0.30205289334582547,-10.069976842352917,0.0,-20.0,-20.0,110.0,-15.494696673347327
1072,10.72,12.846748140048103,7.412912958404243,6.697887829895635,-1.4498232602497045,-0.3022915693525533,-10.079385511809571,0.0,-20.0,-20.0,110.0,-15.505008235981458
1073,10.73,12.857189517298186,7.420239297062885,6.693874665557746,-1.4497735041509978,-0.302530237176203,-10.088794181680594,0.0,-20.0,-20.0,110.0,-15.515323827123746
1074,10.74,12.86763089454827,7.427565635721527,6.689861501219857,-1.449723708769674,-0.3027688968103089,-10.098202851966292,0.0,-20.0,-20.0,110.0,-15.525643438366744
1075,10.75,12.878072271798354,7.43489197438017,6.685848336881969,-1.4496738741070767,-0.303007548248406,-10.107611522666998,0.0,-20.0,-20.0,110.0,-15.53596706131889
1076,10.76,12.888513649048438,7.442218313038812,6.68183517254408,-1.4496240001645517,-0.3032461914840288,-10.117020193783006,0.0,-20.0,-20.0,110.0,-15.546294687604446
1077,10.77,12.898955026298522,7.449544651697455,6.677822008206191,-1.449574086943444,-0.30348482651071246,-10.126428865314628,0.0,-20.0,-20.0,110.0,-15.556626308863489
1078,10.78,12.909396403548605,7.456870990356098,6.6738088438683025,-1.4495241344451004,-0.30372345332199263,-10.135837537262184,0.0,-20.0,-20.0,110.0,-15.566961916751865
1079,10.790000000000001,12.919837780798689,7.464197329014741,6.669795679530414,-1.4494741426708686,-0.3039620719114049,-10.145246209625993,0.0,-20.0,-20.0,110.0,-15.577301502941149
1080,10.8,12.930279158048773,7.4715236676733845,6.665782515192525,-1.4494241116220978,-0.30420068227248503,-10.154654882406364,0.0,-20.0,-20.0,110.0,-15.587645059118614
1081,10.81,12.940720535298857,7.478850006332028,6.6617693508546365,-1.4493740413001377,-0.30443928439876866,-10.164063555603603,0.0,-20.0,-20.0,110.0,-15.597992576987208
1082,10.82,12.95116191254894,7.486176344990671,6.657756186516748,-1.4493239317063404,-0.3046778782837922,-10.173472229218032,0.0,-20.0,-20.0,110.0,-15.608344048265518
1083,10.83,12.961603289799024,7.493502683649315,6.653743022178859,-1.449273782842055,-0.3049164639210914,-10.182880903249938,0.0,-20.0,-20.0,110.0,-15.618699464687701
1084,10.84,12.972044667049108,7.5008290223079594,6.6497298578409705,-1.4492235947086396,-0.3051550413042041,-10.192289577699672,0.0,-20.0,-20.0,110.0,-15.629058818003493
1085,10.85,12.982486044299192,7.508155360966604,6.645716693503082,-1.4491733673074463,-0.30539361042666674,-10.201698252567528,0.0,-20.0,-20.0,110.0,-15.639422099978157
1086,10.86,12.992927421549275,7.515481699625248,6.641703529165193,-1.4491231006398304,-0.3056321712820164,-10.211106927853825,0.0,-20.0,-20.0,110.0,-15.64978930239245
1087,10.870000000000001,13.00336879879936,7.522808038283893,6.6376903648273045,-1.449072794707148,-0.3058707238637905,-10.22051560355887,0.0,-20.0,-20.0,110.0,-15.660160417042592
1088,10.88,13.013810176049443,7.530134376942538,6.633677200489416,-1.449022449510757,-0.30610926816552614,-10.229924279682972,0.0,-20.0,-20.0,110.0,-15.670535435740232
1089,10.89,13.024251553299527,7.537460715601183,6.629664036151527,-1.4489720650520161,-0.3063478041807615,-10.239332956226454,0.0,-20.0,-20.0,110.0,-15.680914350312394
1090,10.9,13.03469293054961,7.544787054259828,6.625650871813638,-1.4489216413322847,-0.3065863319030345,-10.248741633189626,0.0,-20.0,-20.0,110.0,-15.691297152601464
1091,10.91,13.045134307799694,7.552113392918473,6.62163770747575,-1.4488711783529242,-0.3068248513258832,-10.258150310572798,0.0,-20.0,-20.0,110.0,-15.701683834465172
1092,10.92,13.055575685049778,7.559439731577119,6.617624543137861,-1.4488206761152946,-0.30706336244284627,-10.267558988376274,0.0,-20.0,-20.0,110.0,-15.712074387776507
1093,10.93,13.066017062299862,7.566766070235765,6.613611378799972,-1.4487701346207598,-0.3073018652474622,-10.276967666600367,0.0,-20.0,-20.0,110.0,-15.722468804423725
1094,10.94,13.076458439549945,7.574092408894411,6.609598214462084,-1.4487195538706827,-0.3075403597332699,-10.28637634524539,0.0,-20.0,-20.0,110.0,-15.732867076310317
1095,10.950000000000001,13.08689981680003,7.581418747553057,6.605585050124195,-1.4486689338664296,-0.3077788458938082,-10.295785024311654,0.0,-20.0,-20.0,110.0,-15.743269195354944
1096,10.96,13.097341194050113,7.588745086211703,6.601571885786306,-1.4486182746093654,-0.3080173237226169,-10.305193703799484,0.0,-20.0,-20.0,110.0,-15.753675153491423
1097,10.97,13.107782571300197,7.59607142487035,6.597558721448418,-1.448567576100858,-0.30825579321323565,-10.314602383709191,0.0,-20.0,-20.0,110.0,-15.76408494266868
1098,10.98,13.11822394855028,7.603397763528997,6.593545557110529,-1.448516838342275,-0.30849425435920397,-10.32401106404108,0.0,-20.0,-20.0,110.0,-15.774498554850743
1099,10.99,13.128665325800364,7.6107241021876435,6.58953239277264,-1.448466061334986,-0.3087327071540617,-10.333419744795464,0.0,-20.0,-20.0,110.0,-15.78491598201668
1100,11.0,13.139106703050448,7.61805044084629,6.585519228434752,-1.448415245080361,-0.3089711515913492,-10.342828425972655,0.0,-20.0,-20.0,110.0,-15.795337216160585
1101,11.01,13.149548080300532,7.625376779504938,6.581506064096863,-1.4483643895797713,-0.30920958766460727,-10.352237107572964,0.0,-20.0,-20.0,110.0,-15.805762249291513
1102,11.02,13.159989457550616,7.632703118163586,6.577492899758974,-1.4483134948345846,-0.30944801536737576,-10.361645789596682,0.0,-20.0,-20.0,110.0,-15.8161910734335
1103,11.03,13.1704308348007,7.6400294568222336,6.573479735421086,-1.4482625608461825,-0.3096864346931966,-10.371054472044158,0.0,-20.0,-20.0,110.0,-15.826623680625465
1104,11.040000000000001,13.180872212050783,7.647355795480881,6.569466571083197,-1.4482115876159358,-0.30992484563561035,-10.380463154915684,0.0,-20.0,-20.0,110.0,-15.837060062921232
1105,11.05,13.191313589300867,7.654682134139529,6.565453406745308,-1.4481605751452191,-0.3101632481881585,-10.389871838211576,0.0,-20.0,-20.0,110.0,-15.847500212389455
1106,11.06,13.20175496655095,7.662008472798178,6.56144024240742,-1.4481095234354109,-0.3104016423443825,-10.399280521932146,0.0,-20.0,-20.0,110.0,-15.857944121113617
1107,11.07,13.212196343801034,7.669334811456826,6.557427078069531,-1.448058432487887,-0.31064002809782454,-10.408689206077712,0.0,-20.0,-20.0,110.0,-15.868391781191963
1108,11.08,13.222637721051118,7.676661150115475,6.553413913731642,-1.448007302304027,-0.31087840544202666,-10.418097890648584,0.0,-20.0,-20.0,110.0,-15.878843184737512
1109,11.09,13.233079098301202,7.6839874887741235,6.549400749393754,-1.4479561328852097,-0.3111167743705311,-10.427506575645078,0.0,-20.0,-20.0,110.0,-15.889298323877952
1110,11.1,13.243520475551286,7.691313827432772,6.545387585055865,-1.447904924232818,-0.31135513487688016,-10.436915261067504,0.0,-20.0,-20.0,110.0,-15.899757190755688
1111,11.11,13.25396185280137,7.698640166091422,6.541374420717976,-1.4478536763482315,-0.31159348695461686,-10.446323946916173,0.0,-20.0,-20.0,110.0,-15.91021977752776
1112,11.120000000000001,13.264403230051453,7.705966504750071,6.537361256380088,-1.4478023892328349,-0.3118318305972839,-10.4557326331914,0.0,-20.0,-20.0,110.0,-15.92068607636581
1113,11.13,13.274844607301537,7.713292843408721,6.533348092042199,-1.4477510628880106,-0.3120701657984246,-10.46514131989348,0.0,-20.0,-20.0,110.0,-15.931156079456061
1114,11.14,13.28528598455162,7.72061918206737,6.52933492770431,-1.4476996973151446,-0.312308492551582,-10.474550007022724,0.0,-20.0,-20.0,110.0,-15.94162977899929
1115,11.15,13.295727361801704,7.727945520726021,6.525321763366422,-1.4476482925156227,-0.31254681085030017,-10.483958694579455,0.0,-20.0,-20.0,110.0,-15.952107167210789
1116,11.16,13.306168739051788,7.735271859384671,6.521308599028533,-1.4475968484908326,-0.3127851206881223,-10.493367382563973,0.0,-20.0,-20.0,110.0,-15.962588236320284
1117,11.17,13.316610116301872,7.742598198043321,6.517295434690644,-1.4475453652421617,-0.31302342205859285,-10.502776070976589,0.0,-20.0,-20.0,110.0,-15.973072978572004
1118,11.18,13.327051493551956,7.749924536701972,6.5132822703527555,-1.4474938427709996,-0.31326171495525634,-10.512184759817622,0.0,-20.0,-20.0,110.0,-15.983561386224553
1119,11.19,13.33749287080204,7.757250875360622,6.509269106014867,-1.4474422810787366,-0.31349999937165723,-10.521593449087385,0.0,-20.0,-20.0,110.0,-15.99405345155092
1120,11.200000000000001,13.347934248052123,7.7645772140192735,6.505255941676978,-1.447390680166765,-0.3137382753013403,-10.531002138786192,0.0,-20.0,-20.0,110.0,-16.004549166838437
1121,11.21,13.358375625302207,7.771903552677925,6.5012427773390895,-1.447339040036476,-0.3139765427378503,-10.540410828914341,0.0,-20.0,-20.0,110.0,-16.01504852438876
1122,11.22,13.36881700255229,7.779229891336576,6.497229613001201,-1.4472873606892638,-0.31421480167473265,-10.549819519472145,0.0,-20.0,-20.0,110.0,-16.025551516517787
1123,11.23,13.379258379802375,7.786556229995227,6.493216448663312,-1.4472356421265227,-0.31445305210553276,-10.55922821045992,0.0,-20.0,-20.0,110.0,-16.0360581355557
1124,11.24,13.389699757052458,7.793882568653879,6.4892032843254235,-1.447183884349648,-0.31469129402379625,-10.56863690187797,0.0,-20.0,-20.0,110.0,-16.04656837384687
1125,11.25,13.400141134302542,7.801208907312531,6.485190119987535,-1.4471320873600375,-0.314929527423069,-10.578045593726609,0.0,-20.0,-20.0,110.0,-16.057082223749845
1126,11.26,13.410582511552626,7.808535245971183,6.481176955649646,-1.4470802511590881,-0.3151677522968972,-10.587454286006155,0.0,-20.0,-20.0,110.0,-16.067599677637318
1127,11.27,13.42102388880271,7.815861584629835,6.4771637913117575,-1.4470283757482,-0.3154059686388269,-10.596862978716908,0.0,-20.0,-20.0,110.0,-16.07812072789611
1128,11.28,13.431465266052793,7.823187923288487,6.473150626973869,-1.4469764611287692,-0.31564417644240483,-10.60627167185917,0.0,-20.0,-20.0,110.0,-16.088645366927103
1129,11.290000000000001,13.441906643302877,7.83051426194714,6.46913746263598,-1.4469245073022008,-0.3158823757011793,-10.615680365433295,0.0,-20.0,-20.0,110.0,-16.099173587145216
1130,11.3,13.45234802055296,7.8378406006057935,6.465124298298091,-1.4468725142698962,-0.3161205664086962,-10.62508905943957,0.0,-20.0,-20.0,110.0,-16.109705380979403
1131,11.31,13.462789397803045,7.8451669392644465,6.461111133960203,-1.4468204820332577,-0.3163587485585025,-10.634497753878295,0.0,-20.0,-20.0,110.0,-16.120240740872564
1132,11.32,13.473230775053128,7.8524932779231,6.457097969622314,-1.44676841059369,-0.31659692214414564,-10.643906448749776,0.0,-20.0,-20.0,110.0,-16.130779659281593
1133,11.33,13.483672152303212,7.859819616581753,6.453084805284425,-1.4467162999525978,-0.31683508715917386,-10.653315144054327,0.0,-20.0,-20.0,110.0,-16.141322128677253
1134,11.34,13.494113529553296,7.867145955240407,6.449071640946537,-1.4466641501113862,-0.3170732435971348,-10.662723839792257,0.0,-20.0,-20.0,110.0,-16.151868141544213
1135,11.35,13.50455490680338,7.874472293899061,6.445058476608648,-1.4466119610714632,-0.317311391451577,-10.672132535963879,0.0,-20.0,-20.0,110.0,-16.16241769038097
1136,11.36,13.514996284053463,7.8817986325577145,6.441045312270759,-1.4465597328342383,-0.3175495307160486,-10.681541232569504,0.0,-20.0,-20.0,110.0,-16.17297076769985
1137,11.370000000000001,13.525437661303547,7.8891249712163685,6.437032147932871,-1.4465074654011203,-0.3177876613840982,-10.69094992960944,0.0,-20.0,-20.0,110.0,-16.183527366026965
1138,11.38,13.535879038553631,7.896451309875022,6.433018983594982,-1.4464551587735195,-0.31802578344927507,-10.700358627084007,0.0,-20.0,-20.0,110.0,-16.194087477902148
1139,11.39,13.546320415803715,7.903777648533677,6.429005819257093,-1.4464028129528472,-0.31826389690512813,-10.709767324993503,0.0,-20.0,-20.0,110.0,-16.204651095878972
1140,11.4,13.556761793053798,7.911103987192332,6.424992654919204,-1.4463504279405166,-0.3185020017452068,-10.719176023338242,0.0,-20.0,-20.0,110.0,-16.2152182125247
1141,11.41,13.567203170303882,7.918430325850987,6.420979490581314,-1.4462980037379405,-0.31874009796306063,-10.728584722118532,0.0,-20.0,-20.0,110.0,-16.22578882042022
1142,11.42,13.577644547553966,7.925756664509642,6.416966326243425,-1.446245540346535,-0.31897818555223945,-10.737993421334677,0.0,-20.0,-20.0,110.0,-16.236362912160065
1143,11.43,13.58808592480405,7.933083003168297,6.412953161905535,-1.4461930377677144,-0.31921626450629365,-10.747402120987006,0.0,-20.0,-20.0,110.0,-16.246940480352333
1144,11.44,13.598527302054134,7.940409341826952,6.4089399975676455,-1.4461404960028967,-0.31945433481877317,-10.75681082107582,0.0,-20.0,-20.0,110.0,-16.25752151761867
1145,11.450000000000001,13.608968679304217,7.947735680485608,6.404926833229756,-1.4460879150534982,-0.31969239648322867,-10.76621952160142,0.0,-20.0,-20.0,110.0,-16.268106016594277
1146,11.46,13.619410056554301,7.955062019144264,6.400913668891866,-1.4460352949209396,-0.3199304494932108,-10.775628222564118,0.0,-20.0,-20.0,110.0,-16.278693969927808
1147,11.47,13.629851433804385,7.9623883578029195,6.396900504553977,-1.4459826356066394,-0.32016849384227064,-10.78503692396422,0.0,-20.0,-20.0,110.0,-16.289285370281377
1148,11.48,13.640292811054469,7.969714696461576,6.392887340216087,-1.4459299371120162,-0.32040652952395876,-10.79444562580202,0.0,-20.0,-20.0,110.0,-16.29988021033056
1149,11.49,13.650734188304552,7.977041035120233,6.388874175878198,-1.4458771994384987,-0.32064455653182805,-10.803854328077879,0.0,-20.0,-20.0,110.0,-16.310478482764257
1150,11.5,13.661175565554636,7.984367373778889,6.384861011540308,-1.445824422587507,-0.3208825748594294,-10.813263030792085,0.0,-20.0,-20.0,110.0,-16.321080180284785
1151,11.51,13.67161694280472,7.991693712437546,6.380847847202419,-1.4457716065604655,-0.32112058450031494,-10.822671733944945,0.0,-20.0,-20.0,110.0,-16.331685295607755
1152,11.52,13.682058320054804,7.999020051096203,6.376834682864529,-1.4457187513587995,-0.3213585854480367,-10.83208043753677,0.0,-20.0,-20.0,110.0,-16.34229382146208
1153,11.53,13.692499697304887,8.00634638975486,6.3728215185266395,-1.445665856983934,-0.32159657769614747,-10.841489141567864,0.0,-20.0,-20.0,110.0,-16.35290575058994
1154,11.540000000000001,13.702941074554971,8.013672728413518,6.36880835418875,-1.4456129234372979,-0.32183456123819953,-10.850897846038537,0.0,-20.0,-20.0,110.0,-16.36352107574675
1155,11.55,13.713382451805055,8.020999067072175,6.36479518985086,-1.445559950720318,-0.32207253606774594,-10.860306550949097,0.0,-20.0,-20.0,110.0,-16.374139789701093
1156,11.56,13.723823829055139,8.028325405730833,6.360782025512971,-1.4455069388344257,-0.3223105021783397,-10.86971525629986,0.0,-20.0,-20.0,110.0,-16.384761885234752
1157,11.57,13.734265206305222,8.03565174438949,6.356768861175081,-1.4454538877810506,-0.32254845956353406,-10.879123962091136,0.0,-20.0,-20.0,110.0,-16.39538735514263
1158,11.58,13.744706583555306,8.042978083048148,6.352755696837192,-1.4454007975616252,-0.32278640821688276,-10.88853266832323,0.0,-20.0,-20.0,110.0,-16.406016192232713
1159,11.59,13.75514796080539,8.050304421706805,6.348742532499302,-1.445347668177581,-0.3230243481319397,-10.897941374996453,0.0,-20.0,-20.0,110.0,-16.416648389326085
1160,11.6,13.765589338055474,8.057630760365464,6.3447293681614125,-1.445294499630353,-0.32326227930225865,-10.907350082111112,0.0,-20.0,-20.0,110.0,-16.427283939256856
1161,11.61,13.776030715305557,8.064957099024124,6.340716203823523,-1.4452412919213744,-0.32350020172139393,-10.916758789667508,0.0,-20.0,-20.0,110.0,-16.43792283487214
1162,11.620000000000001,13.786472092555641,8.072283437682783,6.336703039485633,-1.4451880450520822,-0.3237381153829,-10.926167497665954,0.0,-20.0,-20.0,110.0,-16.44856506903201
1163,11.63,13.796913469805725,8.079609776341442,6.332689875147744,-1.4451347590239132,-0.323976020280332,-10.93557620610677,0.0,-20.0,-20.0,110.0,-16.459210634609512
1164,11.64,13.807354847055809,8.086936115000102,6.328676710809854,-1.4450814338383053,-0.32421391640724423,-10.944984914990247,0.0,-20.0,-20.0,110.0,-16.469859524490577
1165,11.65,13.817796224305892,8.09426245365876,6.324663546471965,-1.445028069496698,-0.3244518037571922,-10.954393624316689,0.0,-20.0,-20.0,110.0,-16.48051173157402
1166,11.66,13.828237601555976,8.10158879231742,6.320650382134075,-1.4449746660005303,-0.32468968232373163,-10.963802334086427,0.0,-20.0,-20.0,110.0,-16.491167248771507
1167,11.67,13.83867897880606,8.10891513097608,6.316637217796186,-1.4449212233512445,-0.3249275521004181,-10.973211044299765,0.0,-20.0,-20.0,110.0,-16.501826069007507
1168,11.68,13.849120356056144,8.116241469634739,6.312624053458296,-1.4448677415502829,-0.3251654130808074,-10.982619754957009,0.0,-20.0,-20.0,110.0,-16.512488185219294
1169,11.69,13.859561733306228,8.1235678082934,6.3086108891204065,-1.4448142205990886,-0.32540326525845564,-10.992028466058457,0.0,-20.0,-20.0,110.0,-16.523153590356873
1170,11.700000000000001,13.870003110556311,8.13089414695206,6.304597724782517,-1.4447606604991057,-0.32564110862691964,-11.001437177604434,0.0,-20.0,-20.0,110.0,-16.533822277382978
1171,11.71,13.880444487806395,8.138220485610722,6.300584560444627,-1.4447070612517794,-0.32587894317975596,-11.010845889595243,0.0,-20.0,-20.0,110.0,-16.544494239273018
1172,11.72,13.890885865056479,8.145546824269383,6.296571396106738,-1.4446534228585557,-0.3261167689105217,-11.020254602031198,0.0,-20.0,-20.0,110.0,-16.555169469015073
1173,11.73,13.901327242306563,8.152873162928044,6.292558231768848,-1.4445997453208799,-0.32635458581277266,-11.029663314912561,0.0,-20.0,-20.0,110.0,-16.56584795960985
1174,11.74,13.911768619556646,8.160199501586705,6.288545067430959,-1.4445460286402063,-0.3265923938800677,-11.039072028239707,0.0,-20.0,-20.0,110.0,-16.576529704070648
1175,11.75,13.92220999680673,8.167525840245366,6.284531903093069,-1.4444922728179819,-0.32683019310596406,-11.048480742012927,0.0,-20.0,-20.0,110.0,-16.587214695423306
1176,11.76,13.932651374056814,8.174852178904027,6.2805187387551795,-1.4444384778556574,-0.3270679834840194,-11.057889456232521,0.0,-20.0,-20.0,110.0,-16.59790292670622
1177,11.77,13.943092751306898,8.182178517562688,6.27650557441729,-1.4443846437546841,-0.3273057650077919,-11.067298170898788,0.0,-20.0,-20.0,110.0,-16.60859439097029
1178,11.78,13.953534128556981,8.18950485622135,6.2724924100794,-1.4443307705165143,-0.3275435376708396,-11.076706886012037,0.0,-20.0,-20.0,110.0,-16.61928908127885
1179,11.790000000000001,13.963975505807065,8.196831194880012,6.268479245741511,-1.4442768581426026,-0.32778130146672113,-11.086115601572585,0.0,-20.0,-20.0,110.0,-16.629986990707728
1180,11.8,13.974416883057149,8.204157533538675,6.264466081403621,-1.444222906634404,-0.32801905638899564,-11.095524317580749,0.0,-20.0,-20.0,110.0,-16.640688112345096
1181,11.81,13.984858260307233,8.211483872197338,6.260452917065732,-1.4441689159933744,-0.3282568024312222,-11.104933034036838,0.0,-20.0,-20.0,110.0,-16.651392439291534
1182,11.82,13.995299637557316,8.218810210856,6.256439752727842,-1.444114886220971,-0.3284945395869598,-11.114341750941145,0.0,-20.0,-20.0,110.0,-16.66209996465997
1183,11.83,14.0057410148074,8.226136549514663,6.252426588389953,-1.4440608173186509,-0.32873226784976817,-11.12375046829399,0.0,-20.0,-20.0,110.0,-16.672810681575626
1184,11.84,14.016182392057484,8.233462888173326,6.248413424052063,-1.444006709287874,-0.3289699872132068,-11.133159186095671,0.0,-20.0,-20.0,110.0,-16.68352458317601
1185,11.85,14.026623769307568,8.240789226831989,6.2444002597141735,-1.4439525621301006,-0.32920769767083563,-11.142567904346492,0.0,-20.0,-20.0,110.0,-16.69424166261091
1186,11.86,14.037065146557651,8.248115565490652,6.240387095376284,-1.4438983758467918,-0.3294453992162149,-11.151976623046773,0.0,-20.0,-20.0,110.0,-16.704961913042293
1187,11.870000000000001,14.047506523807735,8.255441904149315,6.236373931038394,-1.4438441504394106,-0.3296830918429055,-11.161385342196825,0.0,-20.0,-20.0,110.0,-16.71568532764434
1188,11.88,14.057947901057819,8.26276824280798,6.232360766700505,-1.4437898859094198,-0.329920775544468,-11.17079406179696,0.0,-20.0,-20.0,110.0,-16.726411899603384
1189,11.89,14.068389278307903,8.270094581466644,6.228347602362615,-1.4437355822582842,-0.33015845031446317,-11.180202781847468,0.0,-20.0,-20.0,110.0,-16.737141622117875
1190,11.9,14.078830655557987,8.277420920125309,6.224334438024726,-1.4436812394874685,-0.33039611614645226,-11.18961150234866,0.0,-20.0,-20.0,110.0,-16.747874488398374
1191,11.91,14.08927203280807,8.284747258783973,6.220321273686836,-1.4436268575984395,-0.33063377303399694,-11.199020223300856,0.0,-20.0,-20.0,110.0,-16.758610491667504
1192,11.92,14.099713410058154,8.292073597442638,6.2163081093489465,-1.4435724365926659,-0.3308714209706585,-11.208428944704359,0.0,-20.0,-20.0,110.0,-16.769349625159922
1193,11.93,14.110154787308238,8.299399936101302,6.212294945011057,-1.4435179764716144,-0.3311090599499991,-11.217837666559465,0.0,-20.0,-20.0,110.0,-16.780091882122285
1194,11.94,14.120596164558322,8.306726274759967,6.208281780673167,-1.443463477236755,-0.331346689965581,-11.227246388866485,0.0,-20.0,-20.0,110.0,-16.79083725581324
1195,11.950000000000001,14.131037541808405,8.314052613418632,6.204268616335278,-1.4434089388895568,-0.33158431101096514,-11.2366551116257,0.0,-20.0,-20.0,110.0,-16.801585739503352
1196,11.96,14.141478919058489,8.321378952077296,6.200255451997388,-1.443354361431497,-0.3318219230797161,-11.246063834837468,0.0,-20.0,-20.0,110.0,-16.812337326475124
1197,11.97,14.151920296308573,8.328705290735963,6.196242287659499,-1.4432997448640457,-0.332059526165396,-11.255472558502081,0.0,-20.0,-20.0,110.0,-16.82309201002292
1198,11.98,14.162361673558657,8.336031629394629,6.192229123321609,-1.4432450891886772,-0.33229712026156816,-11.264881282619845,0.0,-20.0,-20.0,110.0,-16.833849783452973
1199,11.99,14.17280305080874,8.343357968053295,6.18821595898372,-1.4431903944068658,-0.3325347053617958,-11.274290007191059,0.0,-20.0,-20.0,110.0,-16.84461064008332
1200,12.0,14.183244428058824,8.350684306711962,6.18420279464583,-1.443135660520087,-0.3327722814596427,-11.283698732216036,0.0,-20.0,-20.0,110.0,-16.85537457324382
1201,12.01,14.193685805308908,8.358010645370628,6.18018963030794,-1.443080887529818,-0.3330098485486729,-11.293107457695085,0.0,-20.0,-20.0,110.0,-16.86614157627606
1202,12.02,14.204127182558992,8.365336984029295,6.176176465970051,-1.443026075437538,-0.33324740662245,-11.30251618362851,0.0,-20.0,-20.0,110.0,-16.876911642533365
1203,12.030000000000001,14.214568559809075,8.372663322687961,6.172163301632161,-1.442971224244725,-0.33348495567453834,-11.311924910016609,0.0,-20.0,-20.0,110.0,-16.88768476538077
1204,12.040000000000001,14.22500993705916,8.379989661346627,6.168150137294272,-1.4429163339528608,-0.3337224956985026,-11.321333636859706,0.0,-20.0,-20.0,110.0,-16.898460938194976
1205,12.05,14.235451314309243,8.387316000005294,6.164136972956382,-1.4428614045634258,-0.3339600266879079,-11.330742364158105,0.0,-20.0,-20.0,110.0,-16.909240154364326
1206,12.06,14.245892691559327,8.39464233866396,6.160123808618493,-1.4428064360779027,-0.3341975486363189,-11.340151091912109,0.0,-20.0,-20.0,110.0,-16.920022407288766
1207,12.07,14.25633406880941,8.401968677322628,6.156110644280603,-1.4427514284977754,-0.3344350615373006,-11.349559820122009,0.0,-20.0,-20.0,110.0,-16.930807690379833
1208,12.08,14.266775446059494,8.409295015981296,6.1520974799427135,-1.4426963818245282,-0.3346725653844188,-11.358968548788114,0.0,-20.0,-20.0,110.0,-16.941595997060606
1209,12.09,14.277216823309578,8.416621354639965,6.148084315604824,-1.4426412960596458,-0.33491006017123937,-11.368377277910739,0.0,-20.0,-20.0,110.0,-16.952387320765673
1210,12.1,14.287658200559662,8.423947693298633,6.144071151266934,-1.4425861712046153,-0.3351475458913285,-11.37778600749019,0.0,-20.0,-20.0,110.0,-16.963181654941135
1211,12.11,14.298099577809745,8.431274031957301,6.140057986929045,-1.4425310072609248,-0.33538502253825214,-11.387194737526768,0.0,-20.0,-20.0,110.0,-16.973978993044533
1212,12.120000000000001,14.30854095505983,8.43860037061597,6.136044822591154,-1.442475804230062,-0.3356224901055771,-11.39660346802078,0.0,-20.0,-20.0,110.0,-16.984779328544853
1213,12.13,14.318982332309913,8.445926709274637,6.132031658253264,-1.4424205621135178,-0.33585994858686957,-11.40601219897253,0.0,-20.0,-20.0,110.0,-16.995582654922483
1214,12.14,14.329423709559997,8.453253047933305,6.1280184939153735,-1.4423652809127827,-0.33609739797569704,-11.415420930382329,0.0,-20.0,-20.0,110.0,-17.00638896566916
1215,12.15,14.33986508681008,8.460579386591974,6.124005329577483,-1.4423099606293488,-0.3363348382656269,-11.424829662250493,0.0,-20.0,-20.0,110.0,-17.017198254287973
1216,12.16,14.350306464060164,8.467905725250644,6.1199921652395926,-1.4422546012647084,-0.3365722694502267,-11.434238394577326,0.0,-20.0,-20.0,110.0,-17.028010514293342
1217,12.17,14.360747841310248,8.475232063909313,6.115979000901702,-1.4421992028203556,-0.336809691523064,-11.443647127363128,0.0,-20.0,-20.0,110.0,-17.038825739210935
1218,12.18,14.371189218560332,8.482558402567983,6.111965836563812,-1.4421437652977822,-0.33704710447770647,-11.453055860608188,0.0,-20.0,-20.0,110.0,-17.0496439225777
1219,12.19,14.381630595810416,8.489884741226653,6.107952672225921,-1.4420882886984911,-0.3372845083077234,-11.462464594312864,0.0,-20.0,-20.0,110.0,-17.060465057941784
1220,12.200000000000001,14.3920719730605,8.497211079885323,6.103939507888031,-1.4420327730239768,-0.3375219030066825,-11.471873328477434,0.0,-20.0,-20.0,110.0,-17.071289138862532
1221,12.21,14.402513350310583,8.504537418543993,6.09992634355014,-1.4419772182757367,-0.3377592885681528,-11.481282063102201,0.0,-20.0,-20.0,110.0,-17.082116158910473
1222,12.22,14.412954727560667,8.511863757202663,6.09591317921225,-1.4419216244552708,-0.3379966649857028,-11.49069079818746,0.0,-20.0,-20.0,110.0,-17.092946111667246
1223,12.23,14.42339610481075,8.519190095861333,6.091900014874359,-1.4418659915640786,-0.33823403225290205,-11.500099533733527,0.0,-20.0,-20.0,110.0,-17.103778990725615
1224,12.24,14.433837482060834,8.526516434520003,6.087886850536469,-1.4418103196036616,-0.3384713903633201,-11.509508269740708,0.0,-20.0,-20.0,110.0,-17.114614789689384
1225,12.25,14.444278859310918,8.533842773178673,6.0838736861985785,-1.4417546085755233,-0.3387087393105263,-11.51891700620931,0.0,-20.0,-20.0,110.0,-17.125453502173446
1226,12.26,14.454720236561002,8.541169111837345,6.079860521860688,-1.441698858481166,-0.33894607908809105,-11.528325743139643,0.0,-20.0,-20.0,110.0,-17.136295121803684
1227,12.27,14.465161613811086,8.548495450496016,6.075847357522798,-1.4416430693220963,-0.3391834096895842,-11.537734480532006,0.0,-20.0,-20.0,110.0,-17.147139642216974
1228,12.280000000000001,14.47560299106117,8.555821789154688,6.071834193184907,-1.4415872410998174,-0.3394207311085766,-11.547143218386712,0.0,-20.0,-20.0,110.0,-17.157987057061153
1229,12.290000000000001,14.486044368311253,8.56314812781336,6.067821028847017,-1.4415313738158373,-0.33965804333863875,-11.556551956704057,0.0,-20.0,-20.0,110.0,-17.168837359994985
1230,12.3,14.496485745561337,8.570474466472032,6.063807864509126,-1.441475467471662,-0.3398953463733418,-11.56596069548435,0.0,-20.0,-20.0,110.0,-17.17969054468812
1231,12.31,14.50692712281142,8.577800805130703,6.059794700171236,-1.4414195220688024,-0.34013264020625666,-11.575369434727893,0.0,-20.0,-20.0,110.0,-17.190546604821115
1232,12.32,14.517368500061504,8.585127143789375,6.055781535833345,-1.4413635376087672,-0.3403699248309547,-11.584778174434993,0.0,-20.0,-20.0,110.0,-17.201405534085332
1233,12.33,14.527809877311588,8.592453482448047,6.051768371495455,-1.441307514093067,-0.3406072002410077,-11.594186914605952,0.0,-20.0,-20.0,110.0,-17.212267326182964
1234,12.34,14.538251254561672,8.599779821106718,6.047755207157564,-1.4412514515232153,-0.3408444664299876,-11.603595655241085,0.0,-20.0,-20.0,110.0,-17.223131974826984
1235,12.35,14.548692631811756,8.607106159765392,6.043742042819674,-1.4411953499007242,-0.34108172339146664,-11.61300439634069,0.0,-20.0,-20.0,110.0,-17.233999473741115
1236,12.36,14.55913400906184,8.614432498424065,6.0397288784817835,-1.4411392092271078,-0.3413189711190172,-11.62241313790508,0.0,-20.0,-20.0,110.0,-17.244869816659822
1237,12.370000000000001,14.569575386311923,8.621758837082739,6.035715714143893,-1.4410830295038783,-0.34155620960621136,-11.63182187993453,0.0,-20.0,-20.0,110.0,-17.25574299732824
1238,12.38,14.580016763562007,8.629085175741412,6.031702549806003,-1.4410268107325575,-0.3417934388466237,-11.641230622429392,0.0,-20.0,-20.0,110.0,-17.266619009502207
1239,12.39,14.59045814081209,8.636411514400086,6.027689385468112,-1.4409705529146601,-0.3420306588338263,-11.650639365389946,0.0,-20.0,-20.0,110.0,-17.277497846948165
1240,12.4,14.600899518062175,8.64373785305876,6.023676221130222,-1.4409142560517043,-0.34226786956139266,-11.660048108816499,0.0,-20.0,-20.0,110.0,-17.28837950344321
1241,12.41,14.611340895312258,8.651064191717433,6.019663056792331,-1.4408579201452103,-0.3425050710228967,-11.669456852709368,0.0,-20.0,-20.0,110.0,-17.29926397277496
1242,12.42,14.621782272562342,8.658390530376106,6.015649892454441,-1.4408015451966967,-0.3427422632119124,-11.678865597068855,0.0,-20.0,-20.0,110.0,-17.310151248741647
1243,12.43,14.632223649812426,8.66571686903478,6.01163672811655,-1.4407451312076844,-0.34297944612201436,-11.688274341895267,0.0,-20.0,-20.0,110.0,-17.321041325152013
1244,12.44,14.64266502706251,8.673043207693455,6.00762356377866,-1.4406886781796986,-0.3432166197467763,-11.697683087188903,0.0,-20.0,-20.0,110.0,-17.331934195825262
1245,12.450000000000001,14.653106404312593,8.68036954635213,6.0036103994407695,-1.4406321861142617,-0.34345378407977334,-11.70709183295007,0.0,-20.0,-20.0,110.0,-17.34282985459111
1246,12.46,14.663547781562677,8.687695885010806,5.999597235102879,-1.4405756550128979,-0.34369093911458004,-11.716500579179074,0.0,-20.0,-20.0,110.0,-17.353728295289685
1247,12.47,14.673989158812761,8.695022223669481,5.995584070764989,-1.4405190848771339,-0.3439280848447717,-11.725909325876213,0.0,-20.0,-20.0,110.0,-17.36462951177155
1248,12.48,14.684430536062845,8.702348562328156,5.991570906427098,-1.4404624757084952,-0.34416522126392374,-11.735318073041794,0.0,-20.0,-20.0,110.0,-17.375533497897628
1249,12.49,14.694871913312928,8.709674900986832,5.987557742089208,-1.44040582750851,-0.34440234836561195,-11.744726820676116,0.0,-20.0,-20.0,110.0,-17.38644024753921
1250,12.5,14.705313290563012,8.717001239645507,5.983544577751317,-1.4403491402787074,-0.344639466143412,-11.754135568779484,0.0,-20.0,-20.0,110.0,-17.39734975457791
1251,12.51,14.715754667813096,8.724327578304182,5.979531413413427,-1.4402924140206177,-0.34487657459090026,-11.763544317352208,0.0,-20.0,-20.0,110.0,-17.40826201290565
1252,12.52,14.72619604506318,8.731653916962857,5.975518249075536,-1.4402356487357701,-0.3451136737016534,-11.772953066394587,0.0,-20.0,-20.0,110.0,-17.4191770164246
1253,12.530000000000001,14.736637422313263,8.738980255621533,5.971505084737646,-1.440178844425694,-0.3453507634692473,-11.782361815906912,0.0,-20.0,-20.0,110.0,-17.430094759047215
1254,12.540000000000001,14.747078799563347,8.74630659428021,5.967491920399755,-1.440122001091929,-0.34558784388726044,-11.79177056588953,0.0,-20.0,-20.0,110.0,-17.441015234696106
1255,12.55,14.757520176813431,8.753632932938887,5.963478756061865,-1.4400651187360074,-0.34582491494926887,-11.801179316342726,0.0,-20.0,-20.0,110.0,-17.45193843730411
1256,12.56,14.767961554063515,8.760959271597564,5.9594655917239745,-1.4400081973594638,-0.3460619766488506,-11.81058806726681,0.0,-20.0,-20.0,110.0,-17.462864360814223
1257,12.57,14.778402931313599,8.76828561025624,5.955452427386084,-1.4399512369638339,-0.3462990289795829,-11.819996818662085,0.0,-20.0,-20.0,110.0,-17.473792999179548
1258,12.58,14.788844308563682,8.775611948914918,5.951439263048194,-1.4398942375506552,-0.34653607193504427,-11.829405570528854,0.0,-20.0,-20.0,110.0,-17.484724346363308
1259,12.59,14.799285685813766,8.782938287573595,5.947426098710303,-1.439837199121466,-0.3467731055088126,-11.838814322867412,0.0,-20.0,-20.0,110.0,-17.495658396338797
1260,12.6,14.80972706306385,8.790264626232272,5.943412934372413,-1.4397801216778057,-0.3470101296944662,-11.848223075678073,0.0,-20.0,-20.0,110.0,-17.506595143089353
1261,12.61,14.820168440313934,8.797590964890949,5.939399770034522,-1.439723005221214,-0.34724714448558414,-11.857631828961132,0.0,-20.0,-20.0,110.0,-17.517534580608338
1262,12.620000000000001,14.830609817564017,8.804917303549626,5.935386605696632,-1.439665849753233,-0.347484149875745,-11.867040582716887,0.0,-20.0,-20.0,110.0,-17.52847670289909
1263,12.63,14.841051194814101,8.812243642208305,5.931373441358741,-1.4396086552754048,-0.3477211458585282,-11.876449336945653,0.0,-20.0,-20.0,110.0,-17.53942150397495
1264,12.64,14.851492572064185,8.819569980866984,5.927360277020851,-1.4395514217892729,-0.34795813242751333,-11.885858091647735,0.0,-20.0,-20.0,110.0,-17.550368977859133
1265,12.65,14.861933949314269,8.826896319525662,5.92334711268296,-1.4394941492963833,-0.34819510957627986,-11.895266846823441,0.0,-20.0,-20.0,110.0,-17.561319118584827
1266,12.66,14.872375326564352,8.834222658184341,5.91933394834507,-1.4394368377982802,-0.348432077298408,-11.904675602473068,0.0,-20.0,-20.0,110.0,-17.572271920195035
1267,12.67,14.882816703814436,8.84154899684302,5.9153207840071795,-1.4393794872965113,-0.34866903558747775,-11.914084358596915,0.0,-20.0,-20.0,110.0,-17.583227376742684
1268,12.68,14.89325808106452,8.848875335501699,5.911307619669289,-1.439322097792624,-0.3489059844370695,-11.923493115195287,0.0,-20.0,-20.0,110.0,-17.594185482290474
1269,12.69,14.903699458314604,8.856201674160378,5.907294455331399,-1.4392646692881674,-0.349142923840764,-11.932901872268486,0.0,-20.0,-20.0,110.0,-17.605146230910915
1270,12.700000000000001,14.914140835564687,8.863528012819057,5.903281290993508,-1.4392072017846922,-0.34937985379214226,-11.942310629816816,0.0,-20.0,-20.0,110.0,-17.616109616686305
1271,12.71,14.924582212814771,8.870854351477735,5.899268126655618,-1.4391496952837484,-0.3496167742847858,-11.951719387840587,0.0,-20.0,-20.0,110.0,-17.627075633708664
1272,12.72,14.935023590064855,8.878180690136416,5.895254962317727,-1.4390921497868885,-0.3498536853122761,-11.961128146340103,0.0,-20.0,-20.0,110.0,-17.63804427607975
1273,12.73,14.945464967314939,8.885507028795097,5.891241797979837,-1.4390345652956618,-0.350090586868194,-11.970536905315639,0.0,-20.0,-20.0,110.0,-17.64901553791098
1274,12.74,14.955906344565022,8.892833367453777,5.887228633641946,-1.4389769418116287,-0.3503274789461232,-11.979945664767545,0.0,-20.0,-20.0,110.0,-17.659989413323466
1275,12.75,14.966347721815106,8.900159706112458,5.883215469304056,-1.4389192793363417,-0.3505643615396452,-11.989354424696105,0.0,-20.0,-20.0,110.0,-17.670965896447925
1276,12.76,14.97678909906519,8.907486044771138,5.8792023049661655,-1.438861577871356,-0.35080123464234253,-11.998763185101616,0.0,-20.0,-20.0,110.0,-17.681944981424703
1277,12.77,14.987230476315274,8.914812383429819,5.875189140628275,-1.43880383741823,-0.35103809824779786,-12.008171945984381,0.0,-20.0,-20.0,110.0,-17.692926662403718
1278,12.780000000000001,14.997671853565357,8.9221387220885,5.871175976290385,-1.438746057978522,-0.35127495234959405,-12.017580707344706,0.0,-20.0,-20.0,110.0,-17.70391093354444
1279,12.790000000000001,15.008113230815441,8.92946506074718,5.867162811952494,-1.4386882395537912,-0.35151179694131457,-12.026989469182896,0.0,-20.0,-20.0,110.0,-17.714897789015872
1280,12.8,15.018554608065525,8.93679139940586,5.863149647614604,-1.4386303821455986,-0.35174863201654283,-12.036398231499248,0.0,-20.0,-20.0,110.0,-17.725887222996505
1281,12.81,15.028995985315609,8.944117738064541,5.859136483276713,-1.4385724857555051,-0.35198545756886285,-12.045806994294074,0.0,-20.0,-20.0,110.0,-17.736879229674305
1282,12.82,15.039437362565693,8.951444076723224,5.855123318938823,-1.4385145503850734,-0.3522222735918589,-12.055215757567684,0.0,-20.0,-20.0,110.0,-17.747873803246698
1283,12.83,15.049878739815776,8.958770415381906,5.851110154600932,-1.438456576035867,-0.35245908007911525,-12.064624521320377,0.0,-20.0,-20.0,110.0,-17.758870937920506
1284,12.84,15.06032011706586,8.966096754040588,5.847096990263042,-1.43839856270945,-0.35269587702421656,-12.074033285552455,0.0,-20.0,-20.0,110.0,-17.769870627911953
1285,12.85,15.070761494315944,8.97342309269927,5.8430838259251505,-1.4383405104073888,-0.3529326644207475,-12.083442050264212,0.0,-20.0,-20.0,110.0,-17.780872867446636
1286,12.86,15.081202871566028,8.980749431357953,5.839070661587259,-1.4382824191312509,-0.35316944226229263,-12.092850815455947,0.0,-20.0,-20.0,110.0,-17.791877650759485
1287,12.870000000000001,15.091644248816111,8.988075770016636,5.835057497249368,-1.4382242888826036,-0.3534062105424378,-12.10225958112797,0.0,-20.0,-20.0,110.0,-17.802884972094734
1288,12.88,15.102085626066195,8.995402108675318,5.8310443329114765,-1.4381661196630147,-0.3536429692547685,-12.111668347280585,0.0,-20.0,-20.0,110.0,-17.813894825705905
1289,12.89,15.112527003316279,9.002728447334,5.827031168573585,-1.438107911474055,-0.3538797183928709,-12.121077113914094,0.0,-20.0,-20.0,110.0,-17.82490720585578
1290,12.9,15.122968380566363,9.010054785992683,5.823018004235694,-1.4380496643172955,-0.35411645795033087,-12.130485881028799,0.0,-20.0,-20.0,110.0,-17.83592210681638
1291,12.91,15.133409757816446,9.017381124651367,5.8190048398978025,-1.4379913781943094,-0.3543531879207346,-12.139894648625006,0.0,-20.0,-20.0,110.0,-17.846939522868933
1292,12.92,15.14385113506653,9.024707463310051,5.814991675559911,-1.437933053106665,-0.35458990829766823,-12.149303416702987,0.0,-20.0,-20.0,110.0,-17.857959448303816
1293,12.93,15.154292512316614,9.032033801968735,5.81097851122202,-1.4378746890559422,-0.3548266190747201,-12.158712185263086,0.0,-20.0,-20.0,110.0,-17.8689818774206
1294,12.94,15.164733889566698,9.03936014062742,5.8069653468841285,-1.4378162860437143,-0.3550633202454768,-12.168120954305602,0.0,-20.0,-20.0,110.0,-17.88000680452795
1295,12.950000000000001,15.175175266816781,9.046686479286103,5.802952182546237,-1.437757844071557,-0.3553000118035256,-12.177529723830823,0.0,-20.0,-20.0,110.0,-17.891034223943645
1296,12.96,15.185616644066865,9.054012817944788,5.798939018208346,-1.4376993631410486,-0.3555366937424541,-12.186938493839056,0.0,-20.0,-20.0,110.0,-17.902064129994532
1297,12.97,15.196058021316949,9.061339156603472,5.7949258538704544,-1.4376408432537666,-0.3557733660558502,-12.196347264330596,0.0,-20.0,-20.0,110.0,-17.913096517016506
1298,12.98,15.206499398567033,9.068665495262156,5.790912689532563,-1.437582284411291,-0.35601002873730186,-12.205756035305747,0.0,-20.0,-20.0,110.0,-17.924131379354495
1299,12.99,15.216940775817116,9.07599183392084,5.786899525194672,-1.437523686615201,-0.356246681780398,-12.215164806764806,0.0,-20.0,-20.0,110.0,-17.935168711362405
1300,13.0,15.2273821530672,9.083318172579524,5.78288636085678,-1.4374650498670785,-0.3564833251787271,-12.224573578708082,0.0,-20.0,-20.0,110.0,-17.946208507403135
1301,13.01,15.237823530317284,9.09064451123821,5.778873196518889,-1.4374063741685068,-0.35671995892587804,-12.233982351135872,0.0,-20.0,-20.0,110.0,-17.957250761848474
1302,13.02,15.248264907567368,9.097970849896896,5.774860032180998,-1.4373476595210692,-0.35695658301544003,-12.243391124048479,0.0,-20.0,-20.0,110.0,-17.96829546907918
1303,13.030000000000001,15.258706284817452,9.105297188555582,5.770846867843106,-1.4372889059263512,-0.3571931974410024,-12.252799897446206,0.0,-20.0,-20.0,110.0,-17.979342623484886
1304,13.040000000000001,15.269147662067535,9.112623527214268,5.766833703505215,-1.4372301133859375,-0.35742980219615517,-12.262208671329356,0.0,-20.0,-20.0,110.0,-17.990392219464084
1305,13.05,15.279589039317619,9.119949865872954,5.762820539167324,-1.437171281901416,-0.35766639727448823,-12.271617445698226,0.0,-20.0,-20.0,110.0,-18.0014442514241
1306,13.06,15.290030416567703,9.12727620453164,5.758807374829432,-1.4371124114743732,-0.3579029826695921,-12.281026220553123,0.0,-20.0,-20.0,110.0,-18.01249871378109
1307,13.07,15.300471793817787,9.134602543190326,5.754794210491541,-1.4370535021063982,-0.3581395583750573,-12.29043499589435,0.0,-20.0,-20.0,110.0,-18.023555600959984
1308,13.08,15.31091317106787,9.141928881849012,5.75078104615365,-1.4369945537990814,-0.3583761243844743,-12.299843771722202,0.0,-20.0,-20.0,110.0,-18.034614907394474
1309,13.09,15.321354548317954,9.149255220507698,5.746767881815758,-1.4369355665540136,-0.3586126806914344,-12.309252548036989,0.0,-20.0,-20.0,110.0,-18.04567662752698
1310,13.1,15.331795925568038,9.156581559166385,5.742754717477867,-1.4368765403727868,-0.3588492272895291,-12.31866132483901,0.0,-20.0,-20.0,110.0,-18.056740755808654
1311,13.11,15.342237302818122,9.163907897825073,5.738741553139976,-1.4368174752569938,-0.3590857641723499,-12.328070102128564,0.0,-20.0,-20.0,110.0,-18.067807286699303
1312,13.120000000000001,15.352678680068205,9.17123423648376,5.734728388802084,-1.4367583712082292,-0.35932229133348836,-12.337478879905957,0.0,-20.0,-20.0,110.0,-18.07887621466742
1313,13.13,15.36312005731829,9.178560575142448,5.730715224464193,-1.4366992282280882,-0.3595588087665369,-12.346887658171493,0.0,-20.0,-20.0,110.0,-18.089947534190102
1314,13.14,15.373561434568373,9.185886913801136,5.726702060126302,-1.4366400463181639,-0.3597953164650869,-12.356296436925437,0.0,-20.0,-20.0,110.0,-18.10102123975308
1315,13.15,15.384002811818457,9.193213252459824,5.72268889578841,-1.4365808254800592,-0.3600318144227326,-12.365705216168143,0.0,-20.0,-20.0,110.0,-18.112097325850648
1316,13.16,15.39444418906854,9.200539591118511,5.718675731450519,-1.4365215657153694,-0.3602683026330661,-12.375113995899888,0.0,-20.0,-20.0,110.0,-18.12317578698567
1317,13.17,15.404885566318624,9.2078659297772,5.714662567112628,-1.436462267025695,-0.36050478108968037,-12.384522776120976,0.0,-20.0,-20.0,110.0,-18.134256617669518
1318,13.18,15.415326943568708,9.215192268435887,5.710649402774736,-1.4364029294126361,-0.3607412497861688,-12.393931556831703,0.0,-20.0,-20.0,110.0,-18.145339812422094
1319,13.19,15.425768320818792,9.222518607094576,5.706636238436845,-1.4363435528777935,-0.36097770871612533,-12.403340338032372,0.0,-20.0,-20.0,110.0,-18.15642536577177
1320,13.200000000000001,15.436209698068875,9.229844945753266,5.702623074098954,-1.4362841374227693,-0.36121415787314426,-12.412749119723294,0.0,-20.0,-20.0,110.0,-18.167513272255373
1321,13.21,15.44665107531896,9.237171284411955,5.698609909761062,-1.4362246830491692,-0.36145059725081946,-12.422157901904772,0.0,-20.0,-20.0,110.0,-18.178603526418144
1322,13.22,15.457092452569043,9.244497623070645,5.694596745423171,-1.4361651897585956,-0.36168702684274545,-12.4315666845771,0.0,-20.0,-20.0,110.0,-18.18969612281376
1323,13.23,15.467533829819127,9.251823961729334,5.69058358108528,-1.4361056575526563,-0.3619234466425168,-12.440975467740579,0.0,-20.0,-20.0,110.0,-18.200791056004245
1324,13.24,15.47797520706921,9.259150300388024,5.686570416747388,-1.4360460864329572,-0.36215985664372874,-12.450384251395516,0.0,-20.0,-20.0,110.0,-18.21188832056
1325,13.25,15.488416584319294,9.266476639046713,5.682557252409497,-1.4359864764011052,-0.36239625683997684,-12.459793035542216,0.0,-20.0,-20.0,110.0,-18.222987911059732
1326,13.26,15.498857961569378,9.273802977705403,5.678544088071606,-1.4359268274587096,-0.3626326472248561,-12.46920182018097,0.0,-20.0,-20.0,110.0,-18.23408982209047
1327,13.27,15.509299338819462,9.281129316364092,5.674530923733714,-1.435867139607381,-0.3628690277919624,-12.478610605312072,0.0,-20.0,-20.0,110.0,-18.245194048247512
1328,13.280000000000001,15.519740716069546,9.288455655022782,5.670517759395823,-1.4358074128487295,-0.3631053985348917,-12.488019390935829,0.0,-20.0,-20.0,110.0,-18.256300584134415
1329,13.290000000000001,15.53018209331963,9.295781993681473,5.666504595057932,-1.4357476471843675,-0.3633417594472406,-12.497428177052544,0.0,-20.0,-20.0,110.0,-18.267409424362967
1330,13.3,15.540623470569713,9.303108332340164,5.66249143072004,-1.435687842615908,-0.36357811052260536,-12.506836963662506,0.0,-20.0,-20.0,110.0,-18.27852056355314
1331,13.31,15.551064847819797,9.310434670998855,5.658478266382149,-1.435627999144966,-0.3638144517545825,-12.516245750766016,0.0,-20.0,-20.0,110.0,-18.28963399633311
1332,13.32,15.56150622506988,9.317761009657547,5.654465102044258,-1.435568116773156,-0.3640507831367696,-12.52565453836338,0.0,-20.0,-20.0,110.0,-18.300749717339183
1333,13.33,15.571947602319964,9.325087348316238,5.650451937706366,-1.4355081955020939,-0.3642871046627641,-12.535063326454905,0.0,-20.0,-20.0,110.0,-18.31186772121583
1334,13.34,15.582388979570048,9.33241368697493,5.646438773368475,-1.4354482353333968,-0.3645234163261637,-12.54447211504088,0.0,-20.0,-20.0,110.0,-18.322988002615567
1335,13.35,15.592830356820132,9.33974002563362,5.6424256090305835,-1.4353882362686834,-0.3647597181205662,-12.553880904121616,0.0,-20.0,-20.0,110.0,-18.334110556199054
1336,13.36,15.603271734070216,9.347066364292312,5.638412444692692,-1.4353281983095734,-0.3649960100395695,-12.563289693697401,0.0,-20.0,-20.0,110.0,-18.345235376634953
1337,13.370000000000001,15.6137131113203,9.354392702951003,5.634399280354801,-1.4352681214576868,-0.3652322920767721,-12.57269848376854,0.0,-20.0,-20.0,110.0,-18.3563624586
1338,13.38,15.624154488570383,9.361719041609696,5.6303861160169095,-1.4352080057146457,-0.36546856422577295,-12.582107274335335,0.0,-20.0,-20.0,110.0,-18.367491796778904
1339,13.39,15.634595865820467,9.369045380268389,5.626372951679018,-1.435147851082073,-0.36570482648017094,-12.591516065398096,0.0,-20.0,-20.0,110.0,-18.378623385864362
1340,13.4,15.64503724307055,9.376371718927082,5.622359787341127,-1.4350876575615912,-0.3659410788335656,-12.600924856957112,0.0,-20.0,-20.0,110.0,-18.389757220557055
1341,13.41,15.655478620320634,9.383698057585775,5.6183466230032355,-1.4350274251548216,-0.3661773212795552,-12.610333649012654,0.0,-20.0,-20.0,110.0,-18.400893295565545
1342,13.42,15.665919997570718,9.391024396244468,5.614333458665344,-1.4349671538633966,-0.36641355381174123,-12.619742441565071,0.0,-20.0,-20.0,110.0,-18.412031605606337
1343,13.43,15.676361374820802,9.398350734903161,5.610320294327453,-1.43490684368894,-0.3666497764237229,-12.629151234614644,0.0,-20.0,-20.0,110.0,-18.423172145403818
1344,13.44,15.686802752070886,9.405677073561854,5.6063071299895615,-1.4348464946330795,-0.3668859891091006,-12.638560028161677,0.0,-20.0,-20.0,110.0,-18.434314909690226
1345,13.450000000000001,15.69724412932097,9.413003412220547,5.60229396565167,-1.4347861066974439,-0.3671221918614749,-12.647968822206463,0.0,-20.0,-20.0,110.0,-18.44545989320563
1346,13.46,15.707685506571053,9.42032975087924,5.598280801313779,-1.4347256798836623,-0.36735838467444687,-12.657377616749306,0.0,-20.0,-20.0,110.0,-18.45660709069792
1347,13.47,15.718126883821137,9.427656089537935,5.5942676369758875,-1.4346652141933667,-0.36759456754161723,-12.6667864117905,0.0,-20.0,-20.0,110.0,-18.467756496922757
1348,13.48,15.72856826107122,9.434982428196628,5.590254472637996,-1.4346047096281889,-0.3678307404565874,-12.676195207330348,0.0,-20.0,-20.0,110.0,-18.478908106643576
1349,13.49,15.739009638321305,9.442308766855323,5.586241308300105,-1.4345441661897622,-0.36806690341295967,-12.685604003369159,0.0,-20.0,-20.0,110.0,-18.49006191463155
1350,13.5,15.749451015571388,9.449635105514018,5.5822281439622135,-1.43448358387972,-0.36830305640433536,-12.695012799907229,0.0,-20.0,-20.0,110.0,-18.501217915665546
1351,13.51,15.759892392821472,9.456961444172713,5.578214979624322,-1.4344229626996983,-0.36853919942431657,-12.704421596944846,0.0,-20.0,-20.0,110.0,-18.51237610453215
1352,13.52,15.770333770071556,9.464287782831407,5.574201815286431,-1.4343623026513326,-0.368775332466506,-12.713830394482319,0.0,-20.0,-20.0,110.0,-18.523536476025605
1353,13.530000000000001,15.78077514732164,9.471614121490102,5.570188650948539,-1.4343016037362595,-0.36901145552450665,-12.72323919251995,0.0,-20.0,-20.0,110.0,-18.534699024947766
1354,13.540000000000001,15.791216524571723,9.478940460148797,5.566175486610648,-1.4342408659561188,-0.36924756859192104,-12.73264799105803,0.0,-20.0,-20.0,110.0,-18.54586374610814
1355,13.55,15.801657901821807,9.486266798807492,5.562162322272757,-1.434180089312549,-0.36948367166235274,-12.742056790096871,0.0,-20.0,-20.0,110.0,-18.557030634323816
1356,13.56,15.81209927907189,9.493593137466187,5.558149157934865,-1.4341192738071908,-0.3697197647294052,-12.751465589636766,0.0,-20.0,-20.0,110.0,-18.568199684419444
1357,13.57,15.822540656321975,9.500919476124883,5.554135993596974,-1.4340584194416854,-0.36995584778668233,-12.760874389678007,0.0,-20.0,-20.0,110.0,-18.579370891227228
1358,13.58,15.832982033572058,9.50824581478358,5.550122829259082,-1.4339975262176752,-0.37019192082778773,-12.770283190220889,0.0,-20.0,-20.0,110.0,-18.5905442495869
1359,13.59,15.843423410822142,9.515572153442276,5.54610966492119,-1.4339365941368043,-0.3704279838463258,-12.779691991265716,0.0,-20.0,-20.0,110.0,-18.60171975434568
1360,13.6,15.853864788072226,9.522898492100973,5.542096500583297,-1.4338756232007162,-0.37066403683590143,-12.789100792812786,0.0,-20.0,-20.0,110.0,-18.612897400358264
1361,13.61,15.86430616532231,9.53022483075967,5.538083336245405,-1.4338146134110576,-0.3709000797901197,-12.798509594862407,0.0,-20.0,-20.0,110.0,-18.62407718248679
1362,13.620000000000001,15.874747542572393,9.537551169418366,5.534070171907513,-1.4337535647694746,-0.37113611270258556,-12.80791839741488,0.0,-20.0,-20.0,110.0,-18.635259095600833
1363,13.63,15.885188919822477,9.544877508077063,5.530057007569621,-1.4336924772776147,-0.37137213556690474,-12.8173272004705,0.0,-20.0,-20.0,110.0,-18.64644313457738
1364,13.64,15.895630297072561,9.55220384673576,5.5260438432317285,-1.4336313509371275,-0.37160814837668255,-12.826736004029561,0.0,-20.0,-20.0,110.0,-18.657629294300776
1365,13.65,15.906071674322645,9.559530185394456,5.522030678893836,-1.4335701857496597,-0.3718441511255239,-12.83614480809234,0.0,-20.0,-20.0,110.0,-18.668817569662746
1366,13.66,15.916513051572728,9.566856524053154,5.518017514555944,-1.4335089817168687,-0.3720801438070372,-12.845553612659195,0.0,-20.0,-20.0,110.0,-18.68000795556234
1367,13.67,15.926954428822812,9.574182862711853,5.514004350218052,-1.4334477388404017,-0.37231612641482803,-12.85496241773039,0.0,-20.0,-20.0,110.0,-18.69120044690587
1368,13.68,15.937395806072896,9.581509201370551,5.50999118588016,-1.433386457121913,-0.37255209894250324,-12.864371223306229,0.0,-20.0,-20.0,110.0,-18.70239503860702
1369,13.69,15.94783718332298,9.58883554002925,5.505978021542267,-1.4333251365630564,-0.3727880613836697,-12.873780029387005,0.0,-20.0,-20.0,110.0,-18.713591725586674
1370,13.700000000000001,15.958278560573063,9.596161878687948,5.501964857204375,-1.4332637771654866,-0.3730240137319347,-12.883188835973014,0.0,-20.0,-20.0,110.0,-18.724790502772958
1371,13.71,15.968719937823147,9.603488217346646,5.497951692866483,-1.4332023789308606,-0.3732599559809059,-12.892597643064562,0.0,-20.0,-20.0,110.0,-18.735991365101256
1372,13.72,15.979161315073231,9.610814556005344,5.493938528528591,-1.4331409418608354,-0.3734958881241909,-12.902006450661942,0.0,-20.0,-20.0,110.0,-18.747194307514082
1373,13.73,15.989602692323315,9.618140894664043,5.489925364190698,-1.4330794659570691,-0.3737318101553979,-12.911415258765441,0.0,-20.0,-20.0,110.0,-18.75839932496118
1374,13.74,16.0000440695734,9.625467233322741,5.485912199852806,-1.4330179512212198,-0.37396772206813583,-12.920824067375372,0.0,-20.0,-20.0,110.0,-18.7696064123994
1375,13.75,16.01048544682348,9.63279357198144,5.481899035514914,-1.4329563976549484,-0.3742036238560133,-12.930232876492036,0.0,-20.0,-20.0,110.0,-18.780815564792725
1376,13.76,16.020926824073562,9.64011991064014,5.477885871177022,-1.4328948052599169,-0.3744395155126388,-12.939641686115728,0.0,-20.0,-20.0,110.0,-18.79202677711224
1377,13.77,16.031368201323644,9.64744624929884,5.4738727068391295,-1.4328331740377884,-0.3746753970316214,-12.94905049624674,0.0,-20.0,-20.0,110.0,-18.8032400443361
1378,13.780000000000001,16.041809578573726,9.65477258795754,5.469859542501237,-1.4327715039902253,-0.37491126840657085,-12.958459306885361,0.0,-20.0,-20.0,110.0,-18.81445536144953
1379,13.790000000000001,16.05225095582381,9.66209892661624,5.465846378163345,-1.4327097951188923,-0.3751471296310967,-12.967868118031895,0.0,-20.0,-20.0,110.0,-18.825672723444757
1380,13.8,16.06269233307389,9.66942526527494,5.461833213825453,-1.4326480474254557,-0.3753829806988091,-12.97727692968664,0.0,-20.0,-20.0,110.0,-18.836892125321043
1381,13.81,16.073133710323972,9.67675160393364,5.457820049487561,-1.4325862609115816,-0.3756188216033185,-12.986685741849895,0.0,-20.0,-20.0,110.0,-18.84811356208461
1382,13.82,16.083575087574054,9.68407794259234,5.453806885149668,-1.4325244355789375,-0.37585465233823534,-12.996094554521955,0.0,-20.0,-20.0,110.0,-18.85933702874866
1383,13.83,16.094016464824136,9.69140428125104,5.449793720811776,-1.4324625714291923,-0.3760904728971706,-13.005503367703113,0.0,-20.0,-20.0,110.0,-18.87056252033332
1384,13.84,16.10445784207422,9.69873061990974,5.445780556473884,-1.432400668464015,-0.3763262832737356,-13.014912181393678,0.0,-20.0,-20.0,110.0,-18.88179003186565
1385,13.85,16.1148992193243,9.706056958568443,5.441767392135992,-1.4323387266850773,-0.3765620834615414,-13.02432099559394,0.0,-20.0,-20.0,110.0,-18.89301955837958
1386,13.86,16.125340596574382,9.713383297227145,5.4377542277980995,-1.4322767460940509,-0.3767978734541999,-13.033729810304202,0.0,-20.0,-20.0,110.0,-18.904251094915928
1387,13.870000000000001,16.135781973824464,9.720709635885846,5.433741063460207,-1.4322147266926084,-0.37703365324532323,-13.043138625524765,0.0,-20.0,-20.0,110.0,-18.91548463652235
1388,13.88,16.146223351074546,9.728035974544548,5.429727899122315,-1.4321526684824244,-0.37726942282852344,-13.05254744125593,0.0,-20.0,-20.0,110.0,-18.926720178253316
1389,13.89,16.15666472832463,9.73536231320325,5.425714734784423,-1.432090571465174,-0.3775051821974133,-13.061956257497995,0.0,-20.0,-20.0,110.0,-18.937957715170132
1390,13.9,16.16710610557471,9.742688651861952,5.421701570446531,-1.4320284356425295,-0.3777409313456045,-13.071365074251219,0.0,-20.0,-20.0,110.0,-18.949197242340837
1391,13.91,16.177547482824792,9.750014990520654,5.417688406108638,-1.4319662610161745,-0.37797667026671167,-13.080773891515955,0.0,-20.0,-20.0,110.0,-18.960438754840265
1392,13.92,16.187988860074874,9.757341329179356,5.413675241770746,-1.431904047587785,-0.37821239895434755,-13.090182709292476,0.0,-20.0,-20.0,110.0,-18.97168224774996
1393,13.93,16.198430237324956,9.764667667838058,5.409662077432854,-1.4318417953590392,-0.37844811740212564,-13.099591527581076,0.0,-20.0,-20.0,110.0,-18.982927716158205
1394,13.94,16.208871614575038,9.771994006496762,5.405648913094962,-1.4317795043316177,-0.37868382560365993,-13.109000346382063,0.0,-20.0,-20.0,110.0,-18.99417515515992
1395,13.950000000000001,16.21931299182512,9.779320345155465,5.401635748757069,-1.4317171745072006,-0.3789195235525648,-13.118409165695722,0.0,-20.0,-20.0,110.0,-19.00542455985676
1396,13.96,16.229754369075202,9.786646683814169,5.397622584419177,-1.4316548058874705,-0.3791552112424545,-13.127817985522354,0.0,-20.0,-20.0,110.0,-19.01667592535696
1397,13.97,16.240195746325284,9.793973022472873,5.393609420081285,-1.4315923984741128,-0.3793908886669433,-13.13722680586225,0.0,-20.0,-20.0,110.0,-19.027929246775418
1398,13.98,16.250637123575366,9.801299361131576,5.389596255743393,-1.4315299522688114,-0.3796265558196464,-13.146635626715714,0.0,-20.0,-20.0,110.0,-19.039184519233608
1399,13.99,16.261078500825448,9.80862569979028,5.3855830914055005,-1.4314674672732506,-0.37986221269417914,-13.156044448083026,0.0,-20.0,-20.0,110.0,-19.050441737859607
1400,14.0,16.27151987807553,9.815952038448984,5.381569927067608,-1.4314049434891172,-0.3800978592841573,-13.1654532699645,0.0,-20.0,-20.0,110.0,-19.06170089778802
1401,14.01,16.281961255325612,9.823278377107687,5.377556762729716,-1.4313423809180998,-0.38033349558319635,-13.174862092360424,0.0,-20.0,-20.0,110.0,-19.072961994159993
1402,14.02,16.292402632575694,9.830604715766391,5.373543598391824,-1.4312797795618857,-0.3805691215849126,-13.1842709152711,0.0,-20.0,-20.0,110.0,-19.08422502212319
1403,14.030000000000001,16.302844009825776,9.837931054425095,5.369530434053932,-1.431217139422165,-0.3808047372829225,-13.193679738696824,0.0,-20.0,-20.0,110.0,-19.095489976831743
1404,14.040000000000001,16.313285387075858,9.8452573930838,5.365517269716039,-1.43115446050063,-0.3810403426708426,-13.203088562637893,0.0,-20.0,-20.0,110.0,-19.106756853446285
1405,14.05,16.32372676432594,9.852583731742506,5.361504105378147,-1.4310917427989713,-0.38127593774228946,-13.212497387094599,0.0,-20.0,-20.0,110.0,-19.118025647133845
1406,14.06,16.334168141576022,9.859910070401211,5.357490941040255,-1.4310289863188819,-0.3815115224908807,-13.221906212067237,0.0,-20.0,-20.0,110.0,-19.12929635306792
1407,14.07,16.344609518826104,9.867236409059917,5.353477776702363,-1.4309661910620548,-0.38174709691023395,-13.23131503755611,0.0,-20.0,-20.0,110.0,-19.140568966428383
1408,14.08,16.355050896076186,9.874562747718622,5.3494646123644705,-1.4309033570301863,-0.3819826609939667,-13.240723863561508,0.0,-20.0,-20.0,110.0,-19.15184348240148
1409,14.09,16.365492273326268,9.881889086377328,5.345451448026578,-1.4308404842249711,-0.3822182147356971,-13.250132690083724,0.0,-20.0,-20.0,110.0,-19.16311989617982
1410,14.1,16.37593365057635,9.889215425036033,5.341438283688686,-1.4307775726481073,-0.38245375812904353,-13.259541517123068,0.0,-20.0,-20.0,110.0,-19.174398202962355
1411,14.11,16.386375027826432,9.896541763694739,5.337425119350794,-1.4307146223012923,-0.38268929116762507,-13.26895034467984,0.0,-20.0,-20.0,110.0,-19.185678397954323
1412,14.120000000000001,16.396816405076514,9.903868102353444,5.3334119550129016,-1.4306516331862216,-0.3829248138450593,-13.27835917275429,0.0,-20.0,-20.0,110.0,-19.196960476367284
1413,14.13,16.407257782326596,9.911194441012151,5.329398790675009,-1.430588605304602,-0.3831603261549665,-13.287768001346768,0.0,-20.0,-20.0,110.0,-19.20824443341904
1414,14.14,16.417699159576678,9.918520779670859,5.325385626337117,-1.430525538658133,-0.3833958280909657,-13.297176830457547,0.0,-20.0,-20.0,110.0,-19.219530264333656
1415,14.15,16.42814053682676,9.925847118329566,5.321372461999225,-1.4304624332485163,-0.3836313196466765,-13.306585660086922,0.0,-20.0,-20.0,110.0,-19.23081796434142
1416,14.16,16.438581914076842,9.933173456988273,5.317359297661333,-1.4303992890774546,-0.3838668008157192,-13.3159944902352,0.0,-20.0,-20.0,110.0,-19.24210752867879
1417,14.17,16.449023291326924,9.94049979564698,5.31334613332344,-1.4303361061466529,-0.38410227159171406,-13.325403320902668,0.0,-20.0,-20.0,110.0,-19.253398952588466
1418,14.18,16.459464668577006,9.947826134305688,5.309332968985548,-1.4302728844578163,-0.38433773196828175,-13.334812152089627,0.0,-20.0,-20.0,110.0,-19.26469223131924
1419,14.19,16.469906045827088,9.955152472964395,5.305319804647656,-1.4302096240126516,-0.38457318193904305,-13.344220983796374,0.0,-20.0,-20.0,110.0,-19.275987360126113
1420,14.200000000000001,16.48034742307717,9.962478811623102,5.301306640309764,-1.4301463248128652,-0.38480862149761896,-13.353629816023197,0.0,-20.0,-20.0,110.0,-19.287284334270137
1421,14.21,16.490788800327252,9.96980515028181,5.2972934759718715,-1.4300829868601665,-0.3850440506376309,-13.36303864877039,0.0,-20.0,-20.0,110.0,-19.29858314901849
1422,14.22,16.501230177577334,9.977131488940516,5.293280311633979,-1.4300196101562646,-0.3852794693527007,-13.372447482038258,0.0,-20.0,-20.0,110.0,-19.30988379964442
1423,14.23,16.511671554827416,9.984457827599226,5.289267147296087,-1.4299561947028705,-0.38551487763645004,-13.381856315827086,0.0,-20.0,-20.0,110.0,-19.321186281427234
1424,14.24,16.522112932077498,9.991784166257935,5.285253982958195,-1.4298927405016963,-0.3857502754825016,-13.39126515013718,0.0,-20.0,-20.0,110.0,-19.332490589652256
1425,14.25,16.53255430932758,9.999110504916644,5.281240818620303,-1.429829247554454,-0.3859856628844777,-13.400673984968837,0.0,-20.0,-20.0,110.0,-19.343796719610815
1426,14.26,16.54299568657766,10.006436843575353,5.27722765428241,-1.4297657158628578,-0.38622103983600126,-13.410082820322348,0.0,-20.0,-20.0,110.0,-19.35510466660024
1427,14.27,16.553437063827744,10.013763182234062,5.273214489944518,-1.429702145428623,-0.38645640633069506,-13.419491656198002,0.0,-20.0,-20.0,110.0,-19.366414425923825
1428,14.280000000000001,16.563878441077826,10.02108952089277,5.269201325606626,-1.429638536253465,-0.38669176236218256,-13.428900492596103,0.0,-20.0,-20.0,110.0,-19.37772599289079
1429,14.290000000000001,16.574319818327908,10.02841585955148,5.265188161268734,-1.4295748883391013,-0.3869271079240873,-13.43830932951694,0.0,-20.0,-20.0,110.0,-19.389039362816302
1430,14.3,16.58476119557799,10.035742198210189,5.261174996930841,-1.4295112016872455,-0.3871624430100328,-13.447718166960776,0.0,-20.0,-20.0,110.0,-19.400354531021428
1431,14.31,16.59520257282807,10.043068536868898,5.2571618325929474,-1.4294474762996237,-0.3873977676136447,-13.457127004927967,0.0,-20.0,-20.0,110.0,-19.411671492833086
1432,14.32,16.605643950078154,10.050394875527608,5.253148668255054,-1.4293837121779531,-0.38763308172854677,-13.466535843418786,0.0,-20.0,-20.0,110.0,-19.422990243584096
1433,14.33,16.616085327328236,10.05772121418632,5.249135503917161,-1.4293199093239537,-0.38786838534836365,-13.475944682433514,0.0,-20.0,-20.0,110.0,-19.43431077861309
1434,14.34,16.626526704578318,10.06504755284503,5.245122339579268,-1.4292560677393489,-0.38810367846672017,-13.485353521972442,0.0,-20.0,-20.0,110.0,-19.44563309326451
1435,14.35,16.6369680818284,10.07237389150374,5.241109175241375,-1.4291921874258615,-0.3883389610772418,-13.494762362035875,0.0,-20.0,-20.0,110.0,-19.45695718288862
1436,14.36,16.64740945907848,10.079700230162452,5.237096010903482,-1.4291282683852164,-0.3885742331735542,-13.504171202624098,0.0,-20.0,-20.0,110.0,-19.468283042841442
1437,14.370000000000001,16.657850836328564,10.087026568821162,5.233082846565589,-1.429064310619138,-0.3888094947492832,-13.513580043737415,0.0,-20.0,-20.0,110.0,-19.47961066848476
1438,14.38,16.668292213578646,10.094352907479873,5.229069682227696,-1.4290003141293532,-0.38904474579805537,-13.522988885376124,0.0,-20.0,-20.0,110.0,-19.490940055186073
1439,14.39,16.678733590828728,10.101679246138584,5.2250565178898025,-1.4289362789175895,-0.38927998631349703,-13.532397727540516,0.0,-20.0,-20.0,110.0,-19.502271198318624
1440,14.4,16.68917496807881,10.109005584797295,5.221043353551909,-1.4288722049855749,-0.3895152162892349,-13.541806570230893,0.0,-20.0,-20.0,110.0,-19.513604093261307
1441,14.41,16.69961634532889,10.116331923456007,5.217030189214016,-1.4288080923350386,-0.38975043571889634,-13.551215413447542,0.0,-20.0,-20.0,110.0,-19.52493873539872
1442,14.42,16.710057722578973,10.12365826211472,5.213017024876123,-1.4287439409677118,-0.38998564459610874,-13.560624257190765,0.0,-20.0,-20.0,110.0,-19.53627512012109
1443,14.43,16.720499099829055,10.130984600773433,5.20900386053823,-1.4286797508853255,-0.39022084291449954,-13.57003310146086,0.0,-20.0,-20.0,110.0,-19.547613242824283
1444,14.44,16.730940477079137,10.138310939432145,5.204990696200337,-1.4286155220896128,-0.3904560306676965,-13.579441946258102,0.0,-20.0,-20.0,110.0,-19.55895309890977
1445,14.450000000000001,16.74138185432922,10.145637278090858,5.200977531862444,-1.4285512545823078,-0.39069120784932765,-13.588850791582793,0.0,-20.0,-20.0,110.0,-19.570294683784617
1446,14.46,16.7518232315793,10.15296361674957,5.196964367524551,-1.4284869483651434,-0.3909263744530217,-13.598259637435225,0.0,-20.0,-20.0,110.0,-19.58163799286142
1447,14.47,16.762264608829383,10.160289955408283,5.192951203186658,-1.428422603439857,-0.3911615304724072,-13.607668483815695,0.0,-20.0,-20.0,110.0,-19.59298302155837
1448,14.48,16.772705986079465,10.167616294066995,5.1889380388487645,-1.428358219808186,-0.3913966759011132,-13.617077330724491,0.0,-20.0,-20.0,110.0,-19.604329765299145
1449,14.49,16.783147363329547,10.174942632725708,5.184924874510871,-1.4282937974718635,-0.39163181073276815,-13.626486178161874,0.0,-20.0,-20.0,110.0,-19.61567821951295
1450,14.5,16.79358874057963,10.18226897138442,5.180911710172978,-1.4282293364326353,-0.3918669349610037,-13.635895026128209,0.0,-20.0,-20.0,110.0,-19.627028379634453
1451,14.51,16.80403011782971,10.189595310043135,5.176898545835085,-1.428164836692239,-0.3921020485794484,-13.645303874623748,0.0,-20.0,-20.0,110.0,-19.638380241103807
1452,14.52,16.814471495079793,10.19692164870185,5.172885381497192,-1.4281002982524156,-0.39233715158173266,-13.654712723648798,0.0,-20.0,-20.0,110.0,-19.6497337993666
1453,14.530000000000001,16.824912872329875,10.204247987360564,5.168872217159299,-1.428035721114906,-0.3925722439614868,-13.664121573203632,0.0,-20.0,-20.0,110.0,-19.66108904987382
1454,14.540000000000001,16.835354249579957,10.211574326019278,5.164859052821406,-1.4279711052814545,-0.39280732571234156,-13.673530423288556,0.0,-20.0,-20.0,110.0,-19.672445988081883
1455,14.55,16.84579562683004,10.218900664677992,5.160845888483513,-1.4279064507538044,-0.3930423968279283,-13.68293927390386,0.0,-20.0,-20.0,110.0,-19.68380460945257
1456,14.56,16.85623700408012,10.226227003336707,5.1568327241456196,-1.427841757533701,-0.3932774573018784,-13.692348125049847,0.0,-20.0,-20.0,110.0,-19.69516490945303
1457,14.57,16.866678381330203,10.233553341995421,5.152819559807726,-1.4277770256228912,-0.3935125071278232,-13.701756976726804,0.0,-20.0,-20.0,110.0,-19.70652688355575
1458,14.58,16.877119758580285,10.240879680654135,5.148806395469833,-1.4277122550231212,-0.3937475462993949,-13.711165828935028,0.0,-20.0,-20.0,110.0,-19.71789052723853
1459,14.59,16.887561135830367,10.24820601931285,5.14479323113194,-1.4276474457361403,-0.3939825748102256,-13.720574681674815,0.0,-20.0,-20.0,110.0,-19.729255835984493
1460,14.6,16.89800251308045,10.255532357971566,5.140780066794047,-1.4275825977636971,-0.3942175926539478,-13.729983534946454,0.0,-20.0,-20.0,110.0,-19.740622805281994
1461,14.61,16.90844389033053,10.262858696630282,5.136766902456154,-1.4275177111075423,-0.3944525998241941,-13.739392388750234,0.0,-20.0,-20.0,110.0,-19.75199143062469
1462,14.620000000000001,16.918885267580613,10.270185035288998,5.132753738118261,-1.4274527857694272,-0.3946875963145978,-13.748801243086467,0.0,-20.0,-20.0,110.0,-19.763361707511457
1463,14.63,16.929326644830695,10.277511373947714,5.128740573780368,-1.427387821751105,-0.394922582118792,-13.758210097955418,0.0,-20.0,-20.0,110.0,-19.774733631446384
1464,14.64,16.939768022080777,10.28483771260643,5.124727409442475,-1.4273228190543286,-0.3951575572304104,-13.767618953357402,0.0,-20.0,-20.0,110.0,-19.78610719793878
1465,14.65,16.95020939933086,10.292164051265146,5.1207142451045815,-1.4272577776808533,-0.39539252164308725,-13.77702780929271,0.0,-20.0,-20.0,110.0,-19.797482402503107
1466,14.66,16.96065077658094,10.299490389923863,5.116701080766688,-1.427192697632433,-0.3956274753504566,-13.786436665761629,0.0,-20.0,-20.0,110.0,-19.808859240658975
1467,14.67,16.971092153831023,10.306816728582579,5.112687916428795,-1.4271275789108226,-0.3958624183461518,-13.795845522764418,0.0,-20.0,-20.0,110.0,-19.82023770793118
1468,14.68,16.981533531081105,10.314143067241295,5.108674752090902,-1.427062421517786,-0.39609735062380946,-13.805254380301434,0.0,-20.0,-20.0,110.0,-19.83161779984959
1469,14.69,16.991974908331187,10.321469405900013,5.104661587753009,-1.4269972254550796,-0.39633227217706385,-13.814663238372946,0.0,-20.0,-20.0,110.0,-19.842999511949177
1470,14.700000000000001,17.00241628558127,10.32879574455873,5.100648423415116,-1.4269319907244622,-0.39656718299955007,-13.824072096979236,0.0,-20.0,-20.0,110.0,-19.854382839770004
1471,14.71,17.01285766283135,10.336122083217449,5.096635259077223,-1.4268667173276952,-0.3968020830849041,-13.833480956120603,0.0,-20.0,-20.0,110.0,-19.865767778857187
1472,14.72,17.023299040081433,10.343448421876166,5.09262209473933,-1.4268014052665403,-0.39703697242676184,-13.842889815797342,0.0,-20.0,-20.0,110.0,-19.87715432476087
1473,14.73,17.033740417331515,10.350774760534884,5.088608930401437,-1.4267360545427608,-0.3972718510187594,-13.852298676009744,0.0,-20.0,-20.0,110.0,-19.888542473036225
1474,14.74,17.044181794581597,10.358101099193602,5.0845957660635435,-1.4266706651581205,-0.3975067188545337,-13.861707536758109,0.0,-20.0,-20.0,110.0,-19.899932219243407
1475,14.75,17.05462317183168,10.36542743785232,5.08058260172565,-1.4266052371143831,-0.3977415759277213,-13.871116398042716,0.0,-20.0,-20.0,110.0,-19.911323558947558
1476,14.76,17.06506454908176,10.372753776511038,5.076569437387757,-1.426539770413316,-0.3979764222319592,-13.880525259863857,0.0,-20.0,-20.0,110.0,-19.92271648771878
1477,14.77,17.075505926331843,10.380080115169756,5.072556273049864,-1.4264742650566868,-0.3982112577608846,-13.889934122221822,0.0,-20.0,-20.0,110.0,-19.934111001132095
1478,14.780000000000001,17.085947303581925,10.387406453828474,5.068543108711971,-1.426408721046263,-0.3984460825081354,-13.899342985116913,0.0,-20.0,-20.0,110.0,-19.94550709476748
1479,14.790000000000001,17.096388680832007,10.394732792487194,5.064529944374078,-1.4263431383838137,-0.3986808964673497,-13.90875184854942,0.0,-20.0,-20.0,110.0,-19.956904764209767
1480,14.8,17.10683005808209,10.402059131145913,5.060516780036185,-1.4262775170711095,-0.39891569963216544,-13.918160712519635,0.0,-20.0,-20.0,110.0,-19.96830400504868
1481,14.81,17.11727143533217,10.409385469804633,5.056503615698292,-1.426211857109922,-0.39915049199622105,-13.92756957702784,0.0,-20.0,-20.0,110.0,-19.97970481287881
1482,14.82,17.127712812582253,10.416711808463353,5.0524904513603985,-1.4261461585020236,-0.39938527355315573,-13.936978442074325,0.0,-20.0,-20.0,110.0,-19.991107183299594
1483,14.83,17.138154189832335,10.424038147122072,5.048477287022505,-1.4260804212491864,-0.39962004429660836,-13.946387307659391,0.0,-20.0,-20.0,110.0,-20.00251111191527
1484,14.84,17.148595567082417,10.431364485780792,5.044464122684612,-1.4260146453531861,-0.39985480422021835,-13.955796173783332,0.0,-20.0,-20.0,110.0,-20.013916594334873
1485,14.85,17.1590369443325,10.438690824439512,5.040450958346719,-1.4259488308157993,-0.4000895533176255,-13.96520504044643,0.0,-20.0,-20.0,110.0,-20.025323626172234
1486,14.86,17.16947832158258,10.446017163098231,5.036437794008826,-1.4258829776388005,-0.4003242915824698,-13.974613907648983,0.0,-20.0,-20.0,110.0,-20.036732203045936
1487,14.870000000000001,17.179919698832663,10.453343501756951,5.032424629670933,-1.4258170858239678,-0.40055901900839186,-13.984022775391287,0.0,-20.0,-20.0,110.0,-20.048142320579306
1488,14.88,17.190361076082745,10.460669840415672,5.02841146533304,-1.4257511553730795,-0.40079373558903225,-13.993431643673642,0.0,-20.0,-20.0,110.0,-20.059553974400398
1489,14.89,17.200802453332827,10.467996179074394,5.024398300995147,-1.4256851862879167,-0.4010284413180319,-14.00284051249634,0.0,-20.0,-20.0,110.0,-20.070967160141922
1490,14.9,17.21124383058291,10.475322517733115,5.020385136657254,-1.4256191785702583,-0.4012631361890318,-14.012249381859663,0.0,-20.0,-20.0,110.0,-20.082381873441346
1491,14.91,17.22168520783299,10.482648856391837,5.0163719723193605,-1.4255531322218873,-0.4014978201956736,-14.021658251763897,0.0,-20.0,-20.0,110.0,-20.093798109940746
1492,14.92,17.232126585083073,10.489975195050558,5.012358807981467,-1.4254870472445824,-0.40173249333159794,-14.03106712220931,0.0,-20.0,-20.0,110.0,-20.10521586528686
1493,14.93,17.242567962333155,10.49730153370928,5.008345643643574,-1.4254209236401347,-0.40196715559044865,-14.040475993196253,0.0,-20.0,-20.0,110.0,-20.116635135131045
1494,14.94,17.253009339583237,10.504627872368001,5.004332479305681,-1.425354761410326,-0.40220180696586744,-14.049884864724994,0.0,-20.0,-20.0,110.0,-20.128055915129263
1495,14.950000000000001,17.26345071683332,10.511954211026723,5.000319314967788,-1.4252885605569414,-0.40243644745149676,-14.059293736795821,0.0,-20.0,-20.0,110.0,-20.139478200942058
1496,14.96,17.2738920940834,10.519280549685444,4.996306150629895,-1.425222321081768,-0.4026710770409796,-14.068702609409021,0.0,-20.0,-20.0,110.0,-20.15090198823456
1497,14.97,17.284333471333483,10.526606888344165,4.992292986292002,-1.4251560429865948,-0.4029056957279589,-14.07811148256488,0.0,-20.0,-20.0,110.0,-20.162327272676414
1498,14.98,17.294774848583565,10.533933227002889,4.988279821954109,-1.4250897262732098,-0.4031403035060786,-14.087520356263699,0.0,-20.0,-20.0,110.0,-20.173754049941824
1499,14.99,17.305216225833647,10.541259565661612,4.984266657616216,-1.425023370943404,-0.40337490036898205,-14.09692923050576,0.0,-20.0,-20.0,110.0,-20.185182315709476
1500,15.0,17.31565760308373,10.548585904320335,4.9802534932783225,-1.4249569769989685,-0.4036094863103134,-14.106338105291357,0.0,-20.0,-20.0,110.0,-20.196612065662556
1501,15.01,17.32609898033381,10.555912242979058,4.976240328940429,-1.424890544441695,-0.4038440613237177,-14.115746980620786,0.0,-20.0,-20.0,110.0,-20.208043295488725
1502,15.02,17.336540357583893,10.563238581637782,4.972227164602536,-1.4248240732733766,-0.40407862540283945,-14.125155856494338,0.0,-20.0,-20.0,110.0,-20.219476000880082
1503,15.030000000000001,17.346981734833975,10.570564920296505,4.968214000264642,-1.4247575634958072,-0.40431317854132315,-14.134564732912297,0.0,-20.0,-20.0,110.0,-20.23091017753316
1504,15.040000000000001,17.357423112084057,10.577891258955228,4.964200835926748,-1.4246910151107832,-0.40454772073281475,-14.143973609874962,0.0,-20.0,-20.0,110.0,-20.24234582114893
1505,15.05,17.36786448933414,10.585217597613951,4.960187671588854,-1.4246244281201004,-0.4047822519709594,-14.153382487382625,0.0,-20.0,-20.0,110.0,-20.253782927432724
1506,15.06,17.37830586658422,10.592543936272675,4.95617450725096,-1.4245578025255563,-0.4050167722494033,-14.162791365435579,0.0,-20.0,-20.0,110.0,-20.26522149209425
1507,15.07,17.388747243834302,10.5998702749314,4.952161342913066,-1.4244911383289498,-0.4052512815617923,-14.172200244034109,0.0,-20.0,-20.0,110.0,-20.276661510847585
1508,15.08,17.399188621084384,10.607196613590125,4.948148178575172,-1.4244244355320805,-0.4054857799017728,-14.181609123178495,0.0,-20.0,-20.0,110.0,-20.28810297941115
1509,15.09,17.409629998334466,10.61452295224885,4.944135014237278,-1.4243576941367488,-0.40572026726299165,-14.19101800286904,0.0,-20.0,-20.0,110.0,-20.299545893507663
1510,15.1,17.42007137558455,10.621849290907575,4.940121849899384,-1.4242909141447562,-0.40595474363909617,-14.20042688310603,0.0,-20.0,-20.0,110.0,-20.31099024886415
1511,15.11,17.43051275283463,10.6291756295663,4.93610868556149,-1.4242240955579046,-0.40618920902373346,-14.20983576388975,0.0,-20.0,-20.0,110.0,-20.32243604121192
1512,15.120000000000001,17.440954130084712,10.636501968225025,4.932095521223596,-1.424157238377995,-0.4064236634105503,-14.219244645220458,0.0,-20.0,-20.0,110.0,-20.33388326628653
1513,15.13,17.451395507334794,10.64382830688375,4.928082356885702,-1.4240903426068388,-0.40665810679319636,-14.228653527098512,0.0,-20.0,-20.0,110.0,-20.34533191982779
1514,15.14,17.461836884584876,10.651154645542475,4.924069192547808,-1.4240234082462386,-0.406892539165319,-14.238062409524174,0.0,-20.0,-20.0,110.0,-20.356781997579734
1515,15.15,17.47227826183496,10.6584809842012,4.920056028209914,-1.4239564352980005,-0.40712696052056707,-14.247471292497735,0.0,-20.0,-20.0,110.0,-20.368233495290596
1516,15.16,17.48271963908504,10.665807322859926,4.91604286387202,-1.4238894237639328,-0.4073613708525893,-14.256880176019482,0.0,-20.0,-20.0,110.0,-20.379686408712786
1517,15.17,17.493161016335122,10.673133661518653,4.912029699534126,-1.4238223736458442,-0.40759577015503456,-14.2662890600897,0.0,-20.0,-20.0,110.0,-20.391140733602896
1518,15.18,17.503602393585204,10.68046000017738,4.908016535196232,-1.4237552849455442,-0.40783015842155235,-14.27569794470868,0.0,-20.0,-20.0,110.0,-20.40259646572167
1519,15.19,17.514043770835286,10.687786338836107,4.904003370858338,-1.4236881576648446,-0.4080645356457924,-14.285106829876709,0.0,-20.0,-20.0,110.0,-20.414053600833956
1520,15.200000000000001,17.52448514808537,10.695112677494834,4.899990206520444,-1.423620991805557,-0.4082989018214048,-14.294515715594088,0.0,-20.0,-20.0,110.0,-20.425512134708725
1521,15.21,17.53492652533545,10.70243901615356,4.89597704218255,-1.423553787369496,-0.40853325694203985,-14.303924601861109,0.0,-20.0,-20.0,110.0,-20.436972063119068
1522,15.22,17.545367902585532,10.709765354812287,4.891963877844656,-1.4234865443584745,-0.4087676010013481,-14.313333488678055,0.0,-20.0,-20.0,110.0,-20.448433381842094
1523,15.23,17.555809279835614,10.717091693471014,4.887950713506762,-1.423419262774308,-0.40900193399298046,-14.322742376045207,0.0,-20.0,-20.0,110.0,-20.45989608665901
1524,15.24,17.566250657085696,10.72441803212974,4.883937549168868,-1.4233519426188113,-0.4092362559105887,-14.332151263962867,0.0,-20.0,-20.0,110.0,-20.471360173355045
1525,15.25,17.576692034335778,10.731744370788467,4.879924384830974,-1.4232845838938029,-0.4094705667478239,-14.341560152431317,0.0,-20.0,-20.0,110.0,-20.482825637719444
1526,15.26,17.58713341158586,10.739070709447196,4.87591122049308,-1.4232171866011007,-0.409704866498338,-14.350969041450856,0.0,-20.0,-20.0,110.0,-20.49429247554545
1527,15.27,17.597574788835942,10.746397048105925,4.871898056155186,-1.4231497507425244,-0.4099391551557831,-14.360377931021768,0.0,-20.0,-20.0,110.0,-20.505760682630292
1528,15.280000000000001,17.608016166086024,10.753723386764653,4.867884891817292,-1.4230822763198934,-0.41017343271381146,-14.36978682114434,0.0,-20.0,-20.0,110.0,-20.517230254775153
1529,15.290000000000001,17.618457543336106,10.761049725423382,4.863871727479398,-1.4230147633350303,-0.4104076991660759,-14.379195711818856,0.0,-20.0,-20.0,110.0,-20.528701187785167
1530,15.3,17.628898920586188,10.76837606408211,4.859858563141504,-1.4229472117897566,-0.41064195450622937,-14.38860460304562,0.0,-20.0,-20.0,110.0,-20.5401734774694
1531,15.31,17.63934029783627,10.775702402740839,4.85584539880361,-1.4228796216858972,-0.41087619872792525,-14.39801349482492,0.0,-20.0,-20.0,110.0,-20.551647119640794
1532,15.32,17.649781675086352,10.783028741399567,4.851832234465716,-1.4228119930252765,-0.4111104318248171,-14.40742238715705,0.0,-20.0,-20.0,110.0,-20.563122110116222
1533,15.33,17.660223052336434,10.790355080058296,4.847819070127822,-1.4227443258097188,-0.41134465379055907,-14.416831280042288,0.0,-20.0,-20.0,110.0,-20.574598444716383
1534,15.34,17.670664429586516,10.797681418717024,4.843805905789928,-1.42267662004105,-0.41157886461880555,-14.426240173480924,0.0,-20.0,-20.0,110.0,-20.58607611926586
1535,15.35,17.681105806836598,10.805007757375755,4.839792741452034,-1.4226088757210964,-0.4118130643032096,-14.435649067473207,0.0,-20.0,-20.0,110.0,-20.597555129593058
1536,15.36,17.69154718408668,10.812334096034485,4.83577957711414,-1.4225410928516924,-0.4120472528374279,-14.4450579620195,0.0,-20.0,-20.0,110.0,-20.609035471530202
1537,15.370000000000001,17.701988561336762,10.819660434693215,4.831766412776246,-1.4224732714346646,-0.4122814302151147,-14.454466857120053,0.0,-20.0,-20.0,110.0,-20.620517140913297
1538,15.38,17.712429938586844,10.826986773351946,4.827753248438352,-1.4224054114718439,-0.4125155964299254,-14.463875752775152,0.0,-20.0,-20.0,110.0,-20.632000133582153
1539,15.39,17.722871315836926,10.834313112010676,4.823740084100458,-1.4223375129650628,-0.41274975147551546,-14.473284648985086,0.0,-20.0,-20.0,110.0,-20.64348444538031
1540,15.4,17.733312693087008,10.841639450669406,4.819726919762564,-1.4222695759161523,-0.41298389534554114,-14.482693545750143,0.0,-20.0,-20.0,110.0,-20.65497007215507
1541,15.41,17.74375407033709,10.848965789328137,4.81571375542467,-1.4222016003269475,-0.4132180280336591,-14.49210244307062,0.0,-20.0,-20.0,110.0,-20.66645700975746
1542,15.42,17.754195447587172,10.856292127986867,4.811700591086776,-1.4221335861992839,-0.4134521495335255,-14.501511340946807,0.0,-20.0,-20.0,110.0,-20.677945254042186
1543,15.43,17.764636824837254,10.863618466645597,4.807687426748882,-1.4220655335349974,-0.4136862598387972,-14.510920239378978,0.0,-20.0,-20.0,110.0,-20.68943480086769
1544,15.44,17.775078202087336,10.87094480530433,4.803674262410988,-1.4219974423359247,-0.4139203589431314,-14.520329138367426,0.0,-20.0,-20.0,110.0,-20.70092564609603
1545,15.450000000000001,17.785519579337418,10.878271143963062,4.799661098073094,-1.421929312603903,-0.41415444684018604,-14.52973803791245,0.0,-20.0,-20.0,110.0,-20.712417785592976
1546,15.46,17.7959609565875,10.885597482621794,4.7956479337352,-1.421861144340772,-0.4143885235236193,-14.539146938014342,0.0,-20.0,-20.0,110.0,-20.723911215227858
1547,15.47,17.806402333837582,10.892923821280526,4.791634769397306,-1.4217929375483718,-0.4146225889870888,-14.548555838673378,0.0,-20.0,-20.0,110.0,-20.735405930873668
1548,15.48,17.816843711087664,10.900250159939258,4.787621605059412,-1.4217246922285445,-0.41485664322425286,-14.557964739889856,0.0,-20.0,-20.0,110.0,-20.74690192840699
1549,15.49,17.827285088337746,10.90757649859799,4.783608440721518,-1.4216564083831311,-0.41509068622877043,-14.567373641664052,0.0,-20.0,-20.0,110.0,-20.758399203707988
1550,15.5,17.837726465587828,10.914902837256722,4.779595276383624,-1.4215880860139753,-0.4153247179943003,-14.576782543996256,0.0,-20.0,-20.0,110.0,-20.769897752660377
1551,15.51,17.84816784283791,10.922229175915454,4.77558211204573,-1.4215197251229212,-0.415558738514502,-14.586191446886764,0.0,-20.0,-20.0,110.0,-20.781397571151413
1552,15.52,17.858609220087992,10.929555514574187,4.771568947707836,-1.4214513257118147,-0.41579274778303477,-14.595600350335841,0.0,-20.0,-20.0,110.0,-20.79289865507189
1553,15.530000000000001,17.869050597338074,10.936881853232919,4.767555783369942,-1.4213828877825025,-0.41602674579355875,-14.605009254343798,0.0,-20.0,-20.0,110.0,-20.80440100031611
1554,15.540000000000001,17.879491974588156,10.944208191891653,4.763542619032048,-1.4213144113368317,-0.4162607325397341,-14.614418158910912,0.0,-20.0,-20.0,110.0,-20.815904602781846
1555,15.55,17.889933351838238,10.951534530550386,4.759529454694154,-1.4212458963766519,-0.4164947080152215,-14.623827064037474,0.0,-20.0,-20.0,110.0,-20.82740945837037
1556,15.56,17.90037472908832,10.95886086920912,4.75551629035626,-1.4211773429038108,-0.4167286722136819,-14.633235969723778,0.0,-20.0,-20.0,110.0,-20.838915562986372
1557,15.57,17.9108161063384,10.966187207867854,4.751503126018366,-1.4211087509201594,-0.4169626251287764,-14.6426448759701,0.0,-20.0,-20.0,110.0,-20.85042291253801
1558,15.58,17.921257483588484,10.973513546526588,4.747489961680472,-1.4210401204275456,-0.4171965667541658,-14.652053782776695,0.0,-20.0,-20.0,110.0,-20.861931502936855
1559,15.59,17.931698860838566,10.980839885185322,4.743476797342578,-1.4209714514278293,-0.4174304970835132,-14.661462690143928,0.0,-20.0,-20.0,110.0,-20.873441330097858
1560,15.6,17.942140238088648,10.988166223844056,4.739463633004684,-1.4209027439228614,-0.4176644161104802,-14.670871598072056,0.0,-20.0,-20.0,110.0,-20.884952389939375
1561,15.610000000000001,17.95258161533873,10.99549256250279,4.73545046866679,-1.4208339979144964,-0.41789832382872916,-14.68028050656136,0.0,-20.0,-20.0,110.0,-20.89646467838311
1562,15.620000000000001,17.96302299258881,11.002818901161524,4.731437304328896,-1.4207652134045892,-0.41813222023192265,-14.68968941561213,0.0,-20.0,-20.0,110.0,-20.907978191354132
1563,15.63,17.973464369838894,11.01014523982026,4.727424139991002,-1.420696390394998,-0.4183661053137234,-14.699098325224643,0.0,-20.0,-20.0,110.0,-20.919492924780823
1564,15.64,17.983905747088976,11.017471578478995,4.723410975653108,-1.4206275288875791,-0.4185999790677947,-14.708507235399182,0.0,-20.0,-20.0,110.0,-20.931008874594887
1565,15.65,17.994347124339058,11.02479791713773,4.719397811315214,-1.420558628884193,-0.41883384148780056,-14.71791614613605,0.0,-20.0,-20.0,110.0,-20.942526036731312
1566,15.66,18.00478850158914,11.032124255796466,4.71538464697732,-1.4204896903866984,-0.41906769256740484,-14.72732505743554,0.0,-20.0,-20.0,110.0,-20.954044407128382
1567,15.67,18.01522987883922,11.039450594455202,4.711371482639426,-1.4204207133969573,-0.41930153230027145,-14.736733969297926,0.0,-20.0,-20.0,110.0,-20.965563981727605
1568,15.68,18.025671256089304,11.046776933113938,4.707358318301532,-1.4203516979168311,-0.4195353606800651,-14.74614288172349,0.0,-20.0,-20.0,110.0,-20.97708475647377
1569,15.69,18.036112633339386,11.054103271772673,4.703345153963638,-1.4202826439481824,-0.4197691777004502,-14.755551794712515,0.0,-20.0,-20.0,110.0,-20.988606727314867
1570,15.700000000000001,18.046554010589468,11.061429610431409,4.699331989625744,-1.420213551492876,-0.4200029833550922,-14.76496070826529,0.0,-20.0,-20.0,110.0,-21.000129890202096
1571,15.71,18.05699538783955,11.068755949090145,4.69531882528785,-1.4201444205527767,-0.4202367776376562,-14.774369622382109,0.0,-20.0,-20.0,110.0,-21.011654241089843
1572,15.72,18.06743676508963,11.07608228774888,4.691305660949956,-1.4200752511297514,-0.42047056054180826,-14.783778537063256,0.0,-20.0,-20.0,110.0,-21.023179775935677
1573,15.73,18.077878142339713,11.083408626407618,4.687292496612062,-1.4200060432256625,-0.42070433206121377,-14.79318745230899,0.0,-20.0,-20.0,110.0,-21.03470649070031
1574,15.74,18.088319519589795,11.090734965066355,4.683279332274168,-1.4199367968423864,-0.4209380921895407,-14.80259636811966,0.0,-20.0,-20.0,110.0,-21.04623438134758
1575,15.75,18.098760896839877,11.098061303725093,4.679266167936274,-1.4198675119817892,-0.421171840920454,-14.812005284495518,0.0,-20.0,-20.0,110.0,-21.057763443844465
1576,15.76,18.10920227408996,11.10538764238383,4.675253003598379,-1.419798188645741,-0.4214055782476215,-14.821414201436843,0.0,-20.0,-20.0,110.0,-21.069293674161038
1577,15.77,18.11964365134004,11.112713981042567,4.671239839260484,-1.419728826836112,-0.42163930416471057,-14.830823118943936,0.0,-20.0,-20.0,110.0,-21.080825068270453
1578,15.780000000000001,18.130085028590123,11.120040319701305,4.667226674922589,-1.4196594265547753,-0.4218730186653887,-14.840232037017083,0.0,-20.0,-20.0,110.0,-21.092357622148928
1579,15.790000000000001,18.140526405840205,11.127366658360042,4.663213510584694,-1.4195899878036047,-0.4221067217433234,-14.849640955656557,0.0,-20.0,-20.0,110.0,-21.103891331775724
1580,15.8,18.150967783090287,11.13469299701878,4.6592003462467995,-1.4195205105844746,-0.42234041339218326,-14.859049874862658,0.0,-20.0,-20.0,110.0,-21.115426193133157
1581,15.81,18.16140916034037,11.142019335677517,4.655187181908905,-1.4194509948992597,-0.4225740936056366,-14.86845879463567,0.0,-20.0,-20.0,110.0,-21.126962202206535
1582,15.82,18.17185053759045,11.149345674336256,4.65117401757101,-1.419381440749838,-0.422807762377352,-14.877867714975869,0.0,-20.0,-20.0,110.0,-21.138499354984162
1583,15.83,18.182291914840533,11.156672012994996,4.647160853233115,-1.419311848138087,-0.42304141970099857,-14.887276635883541,0.0,-20.0,-20.0,110.0,-21.15003764745735
1584,15.84,18.192733292090615,11.163998351653735,4.64314768889522,-1.4192422170658852,-0.42327506557024597,-14.896685557358978,0.0,-20.0,-20.0,110.0,-21.161577075620354
1585,15.85,18.203174669340697,11.171324690312474,4.639134524557325,-1.419172547535111,-0.42350869997876406,-14.906094479402462,0.0,-20.0,-20.0,110.0,-21.173117635470344
1586,15.860000000000001,18.21361604659078,11.178651028971213,4.63512136021943,-1.4191028395476457,-0.42374232292022274,-14.915503402014274,0.0,-20.0,-20.0,110.0,-21.18465932300748
1587,15.870000000000001,18.22405742384086,11.185977367629953,4.631108195881535,-1.4190330931053716,-0.4239759343882921,-14.92491232519471,0.0,-20.0,-20.0,110.0,-21.196202134234795
1588,15.88,18.234498801090943,11.193303706288692,4.62709503154364,-1.4189633082101722,-0.42420953437664305,-14.934321248944055,0.0,-20.0,-20.0,110.0,-21.207746065158222
1589,15.89,18.244940178341025,11.200630044947431,4.623081867205745,-1.4188934848639307,-0.42444312287894675,-14.943730173262601,0.0,-20.0,-20.0,110.0,-21.21929111178656
1590,15.9,18.255381555591107,11.20795638360617,4.6190687028678505,-1.418823623068532,-0.424676699888874,-14.953139098150626,0.0,-20.0,-20.0,110.0,-21.230837270131477
1591,15.91,18.26582293284119,11.215282722264911,4.615055538529956,-1.418753722825861,-0.4249102654000969,-14.962548023608399,0.0,-20.0,-20.0,110.0,-21.242384536207506
1592,15.92,18.27626431009127,11.222609060923652,4.611042374192061,-1.4186837841378057,-0.42514381940628715,-14.971956949636226,0.0,-20.0,-20.0,110.0,-21.253932906031967
1593,15.93,18.286705687341353,11.229935399582393,4.607029209854166,-1.4186138070062548,-0.4253773619011169,-14.98136587623439,0.0,-20.0,-20.0,110.0,-21.265482375625005
1594,15.94,18.297147064591435,11.237261738241134,4.603016045516271,-1.4185437914330967,-0.42561089287825865,-14.990774803403186,0.0,-20.0,-20.0,110.0,-21.277032941009555
1595,15.950000000000001,18.307588441841517,11.244588076899875,4.599002881178376,-1.4184737374202219,-0.4258444123313855,-15.000183731142887,0.0,-20.0,-20.0,110.0,-21.288584598211333
1596,15.96,18.3180298190916,11.251914415558616,4.594989716840481,-1.41840364496952,-0.42607792025417046,-15.009592659453773,0.0,-20.0,-20.0,110.0,-21.300137343258793
1597,15.97,18.32847119634168,11.259240754217357,4.590976552502586,-1.4183335140828845,-0.4263114166402869,-15.019001588336137,0.0,-20.0,-20.0,110.0,-21.311691172183153
1598,15.98,18.338912573591763,11.266567092876098,4.586963388164691,-1.418263344762208,-0.42654490148340873,-15.028410517790265,0.0,-20.0,-20.0,110.0,-21.323246081018333
1599,15.99,18.349353950841845,11.27389343153484,4.5829502238267965,-1.4181931370093848,-0.4267783747772097,-15.037819447816434,0.0,-20.0,-20.0,110.0,-21.334802065800968
1600,16.0,18.359795328091927,11.28121977019358,4.578937059488902,-1.418122890826311,-0.4270118365153646,-15.047228378414943,0.0,-20.0,-20.0,110.0,-21.34635912257038
1601,16.01,18.37023670534201,11.288546108852323,4.574923895151007,-1.4180526062148826,-0.4272452866915483,-15.056637309586073,0.0,-20.0,-20.0,110.0,-21.35791724736857
1602,16.02,18.38067808259209,11.295872447511066,4.570910730813112,-1.4179822831769968,-0.4274787252994354,-15.06604624133011,0.0,-20.0,-20.0,110.0,-21.369476436240188
1603,16.03,18.391119459842173,11.303198786169808,4.566897566475217,-1.417911921714548,-0.4277121523327004,-15.075455173647303,0.0,-20.0,-20.0,110.0,-21.38103668523251
1604,16.04,18.401560837092255,11.310525124828551,4.562884402137322,-1.4178415218294425,-0.42794556778502074,-15.084864106537994,0.0,-20.0,-20.0,110.0,-21.39259799039546
1605,16.05,18.412002214342337,11.317851463487294,4.558871237799427,-1.4177710835235782,-0.4281789716500717,-15.09427304000245,0.0,-20.0,-20.0,110.0,-21.40416034778153
1606,16.06,18.42244359159242,11.325177802146037,4.554858073461532,-1.4177006067988562,-0.42841236392152887,-15.103681974040946,0.0,-20.0,-20.0,110.0,-21.415723753445842
1607,16.07,18.4328849688425,11.33250414080478,4.550844909123637,-1.4176300916571793,-0.4286457445930693,-15.113090908653767,0.0,-20.0,-20.0,110.0,-21.427288203446047
1608,16.080000000000002,18.443326346092583,11.339830479463522,4.5468317447857425,-1.4175595381004515,-0.4288791136583698,-15.122499843841197,0.0,-20.0,-20.0,110.0,-21.43885369384238
1609,16.09,18.453767723342665,11.347156818122265,4.542818580447848,-1.4174889461305769,-0.42911247111110745,-15.131908779603522,0.0,-20.0,-20.0,110.0,-21.450420220697605
1610,16.1,18.464209100592747,11.35448315678101,4.538805416109953,-1.4174183157494615,-0.4293458169449601,-15.141317715941033,0.0,-20.0,-20.0,110.0,-21.461987780077
1611,16.11,18.47465047784283,11.361809495439754,4.534792251772058,-1.4173476469590116,-0.4295791511536054,-15.150726652854,0.0,-20.0,-20.0,110.0,-21.473556368048353
1612,16.12,18.48509185509291,11.369135834098499,4.530779087434163,-1.417276939761135,-0.4298124737307214,-15.160135590342717,0.0,-20.0,-20.0,110.0,-21.485125980681925
1613,16.13,18.495533232342993,11.376462172757243,4.526765923096268,-1.4172061941577396,-0.43004578466998644,-15.169544528407458,0.0,-20.0,-20.0,110.0,-21.496696614050457
1614,16.14,18.505974609593075,11.383788511415988,4.522752758758373,-1.4171354101507372,-0.43027908396507913,-15.1789534670485,0.0,-20.0,-20.0,110.0,-21.50826826422914
1615,16.15,18.516415986843157,11.391114850074732,4.518739594420478,-1.4170645877420376,-0.4305123716096788,-15.188362406266144,0.0,-20.0,-20.0,110.0,-21.519840927295625
1616,16.16,18.52685736409324,11.398441188733477,4.514726430082583,-1.4169937269335529,-0.43074564759746475,-15.197771346060662,0.0,-20.0,-20.0,110.0,-21.531414599329953
1617,16.17,18.53729874134332,11.405767527392221,4.5107132657446884,-1.4169228277271966,-0.4309789119221169,-15.207180286432354,0.0,-20.0,-20.0,110.0,-21.542989276414563
1618,16.18,18.547740118593403,11.413093866050966,4.506700101406794,-1.4168518901248814,-0.4312121645773151,-15.216589227381501,0.0,-20.0,-20.0,110.0,-21.5545649546343
1619,16.19,18.558181495843485,11.420420204709712,4.502686937068899,-1.4167809141285237,-0.43144540555673966,-15.225998168908381,0.0,-20.0,-20.0,110.0,-21.56614163007638
1620,16.2,18.568622873093567,11.427746543368459,4.498673772731004,-1.416709899740039,-0.43167863485407143,-15.235407111013282,0.0,-20.0,-20.0,110.0,-21.577719298830353
1621,16.21,18.57906425034365,11.435072882027205,4.494660608393109,-1.4166388469613405,-0.4319118524629902,-15.244816053696443,0.0,-20.0,-20.0,110.0,-21.589297956988133
1622,16.22,18.58950562759373,11.442399220685951,4.490647444055214,-1.4165677557943532,-0.43214505837717915,-15.254224996958216,0.0,-20.0,-20.0,110.0,-21.600877600643916
1623,16.23,18.599947004843813,11.449725559344698,4.486634279717319,-1.416496626240994,-0.4323782525903186,-15.26363394079885,0.0,-20.0,-20.0,110.0,-21.612458225894233
1624,16.240000000000002,18.610388382093895,11.457051898003444,4.482621115379424,-1.4164254583031812,-0.43261143509609107,-15.273042885218633,0.0,-20.0,-20.0,110.0,-21.624039828837894
1625,16.25,18.620829759343977,11.46437823666219,4.478607951041529,-1.4163542519828372,-0.43284460588817864,-15.282451830217855,0.0,-20.0,-20.0,110.0,-21.635622405575972
1626,16.26,18.63127113659406,11.471704575320937,4.474594786703634,-1.4162830072818848,-0.4330777649602635,-15.29186077579679,0.0,-20.0,-20.0,110.0,-21.647205952211802
1627,16.27,18.64171251384414,11.479030913979683,4.4705816223657395,-1.416211724202247,-0.4333109123060285,-15.301269721955721,0.0,-20.0,-20.0,110.0,-21.658790464850952
1628,16.28,18.652153891094223,11.48635725263843,4.466568458027845,-1.4161404027458477,-0.4335440479191571,-15.310678668694935,0.0,-20.0,-20.0,110.0,-21.670375939601197
1629,16.29,18.662595268344305,11.493683591297177,4.46255529368995,-1.4160690429146123,-0.4337771717933326,-15.320087616014712,0.0,-20.0,-20.0,110.0,-21.681962372572546
1630,16.3,18.673036645594387,11.501009929955925,4.458542129352055,-1.4159976447104674,-0.43401028392223917,-15.32949656391534,0.0,-20.0,-20.0,110.0,-21.693549759877172
1631,16.31,18.68347802284447,11.508336268614674,4.45452896501416,-1.4159262081353408,-0.43424338429956066,-15.3389055123971,0.0,-20.0,-20.0,110.0,-21.705138097629433
1632,16.32,18.69391940009455,11.515662607273422,4.450515800676265,-1.4158547331911613,-0.4344764729189812,-15.348314461460273,0.0,-20.0,-20.0,110.0,-21.716727381945823
1633,16.330000000000002,18.704360777344633,11.52298894593217,4.44650263633837,-1.4157832198798572,-0.43470954977418613,-15.357723411105146,0.0,-20.0,-20.0,110.0,-21.728317608944998
1634,16.34,18.714802154594715,11.530315284590918,4.442489472000475,-1.415711668203361,-0.43494261485886015,-15.36713236133201,0.0,-20.0,-20.0,110.0,-21.739908774747708
1635,16.35,18.725243531844797,11.537641623249666,4.43847630766258,-1.4156400781636023,-0.43517566816668896,-15.376541312141132,0.0,-20.0,-20.0,110.0,-21.751500875476836
1636,16.36,18.73568490909488,11.544967961908414,4.4344631433246855,-1.4155684497625145,-0.435408709691358,-15.385950263532791,0.0,-20.0,-20.0,110.0,-21.763093907257346
1637,16.37,18.74612628634496,11.552294300567162,4.430449978986791,-1.415496783002031,-0.435641739426553,-15.395359215507277,0.0,-20.0,-20.0,110.0,-21.77468786621626
1638,16.38,18.756567663595042,11.559620639225912,4.426436814648896,-1.4154250778840876,-0.43587475736596065,-15.404768168064871,0.0,-20.0,-20.0,110.0,-21.786282748482677
1639,16.39,18.767009040845124,11.566946977884662,4.422423650311001,-1.4153533344106188,-0.43610776350326746,-15.41417712120586,0.0,-20.0,-20.0,110.0,-21.797878550187715
1640,16.4,18.777450418095206,11.574273316543412,4.418410485973106,-1.4152815525835618,-0.43634075783216075,-15.423586074930528,0.0,-20.0,-20.0,110.0,-21.80947526746453
1641,16.41,18.78789179534529,11.581599655202162,4.414397321635211,-1.4152097324048523,-0.43657374034632646,-15.432995029239114,0.0,-20.0,-20.0,110.0,-21.821072896448307
1642,16.42,18.79833317259537,11.588925993860911,4.410384157297316,-1.4151378738764344,-0.4368067110394543,-15.442403984131985,0.0,-20.0,-20.0,110.0,-21.832671433276154
1643,16.43,18.808774549845452,11.596252332519661,4.406370992959421,-1.415065977000245,-0.43703966990523146,-15.451812939609383,0.0,-20.0,-20.0,110.0,-21.84427087408723
1644,16.44,18.819215927095534,11.603578671178411,4.402357828621526,-1.4149940417782254,-0.43727261693734565,-15.461221895671581,0.0,-20.0,-20.0,110.0,-21.855871215022603
1645,16.45,18.829657304345616,11.610905009837161,4.3983446642836315,-1.4149220682123178,-0.43750555212948616,-15.470630852318875,0.0,-20.0,-20.0,110.0,-21.86747245222531
1646,16.46,18.8400986815957,11.618231348495911,4.394331499945737,-1.4148500563044637,-0.4377384754753416,-15.480039809551538,0.0,-20.0,-20.0,110.0,-21.879074581840293
1647,16.47,18.85054005884578,11.62555768715466,4.390318335607842,-1.4147780060566084,-0.4379713869686012,-15.489448767369863,0.0,-20.0,-20.0,110.0,-21.890677600014424
1648,16.48,18.860981436095862,11.632884025813413,4.386305171269947,-1.4147059174706977,-0.4382042866029545,-15.498857725774135,0.0,-20.0,-20.0,110.0,-21.902281502896464
1649,16.490000000000002,18.871422813345944,11.640210364472164,4.382292006932051,-1.4146337905486777,-0.43843717437209123,-15.508266684764623,0.0,-20.0,-20.0,110.0,-21.913886286637027
1650,16.5,18.881864190596026,11.647536703130916,4.378278842594155,-1.4145616252924937,-0.4386700502697016,-15.517675644341617,0.0,-20.0,-20.0,110.0,-21.925491947388632
1651,16.51,18.89230556784611,11.654863041789667,4.3742656782562594,-1.4144894217040958,-0.43890291428947564,-15.527084604505378,0.0,-20.0,-20.0,110.0,-21.937098481305593
1652,16.52,18.90274694509619,11.66218938044842,4.370252513918364,-1.4144171797854317,-0.4391357664251045,-15.536493565256194,0.0,-20.0,-20.0,110.0,-21.948705884544104
1653,16.53,18.913188322346272,11.66951571910717,4.366239349580468,-1.4143448995384522,-0.4393686066702794,-15.545902526594345,0.0,-20.0,-20.0,110.0,-21.96031415326213
1654,16.54,18.923629699596354,11.676842057765922,4.362226185242572,-1.4142725809651102,-0.43960143501869153,-15.555311488520122,0.0,-20.0,-20.0,110.0,-21.971923283619454
1655,16.55,18.934071076846436,11.684168396424674,4.358213020904676,-1.4142002240673568,-0.4398342514640328,-15.564720451033809,0.0,-20.0,-20.0,110.0,-21.98353327177764
1656,16.56,18.944512454096518,11.691494735083426,4.3541998565667805,-1.4141278288471453,-0.44006705599999524,-15.574129414135683,0.0,-20.0,-20.0,110.0,-21.995144113900004
1657,16.57,18.9549538313466,11.69882107374218,4.350186692228885,-1.414055395306427,-0.4402998486202704,-15.58353837782599,0.0,-20.0,-20.0,110.0,-22.006755806151634
1658,16.580000000000002,18.965395208596682,11.706147412400933,4.346173527890989,-1.4139829234471628,-0.44053262931855297,-15.59294734210507,0.0,-20.0,-20.0,110.0,-22.01836834469931
1659,16.59,18.975836585846764,11.713473751059686,4.342160363553093,-1.4139104132713063,-0.4407653980885351,-15.602356306973187,0.0,-20.0,-20.0,110.0,-22.02998172571157
1660,16.6,18.986277963096846,11.72080008971844,4.338147199215197,-1.4138378647808167,-0.4409981549239099,-15.61176527243062,0.0,-20.0,-20.0,110.0,-22.041595945358623
1661,16.61,18.996719340346928,11.728126428377193,4.334134034877302,-1.4137652779776508,-0.44123089981837127,-15.62117423847765,0.0,-20.0,-20.0,110.0,-22.053210999812375
1662,16.62,19.00716071759701,11.735452767035946,4.330120870539406,-1.41369265286377,-0.44146363276561285,-15.630583205114544,0.0,-20.0,-20.0,110.0,-22.064826885246404
1663,16.63,19.017602094847092,11.7427791056947,4.32610770620151,-1.4136199894411337,-0.4416963537593295,-15.639992172341604,0.0,-20.0,-20.0,110.0,-22.076443597835937
1664,16.64,19.028043472097174,11.750105444353453,4.322094541863614,-1.4135472877117041,-0.4419290627932159,-15.649401140159103,0.0,-20.0,-20.0,110.0,-22.088061133757837
1665,16.65,19.038484849347256,11.757431783012207,4.3180813775257185,-1.4134745476774426,-0.44216175986096673,-15.65881010856732,0.0,-20.0,-20.0,110.0,-22.09967948919056
1666,16.66,19.048926226597338,11.764758121670962,4.314068213187823,-1.4134017693403145,-0.44239444495627706,-15.668219077566526,0.0,-20.0,-20.0,110.0,-22.111298660314226
1667,16.67,19.05936760384742,11.772084460329717,4.310055048849927,-1.413328952702284,-0.4426271180728429,-15.677628047157016,0.0,-20.0,-20.0,110.0,-22.12291864331048
1668,16.68,19.069808981097502,11.779410798988472,4.306041884512031,-1.4132560977653175,-0.4428597792043601,-15.687037017339069,0.0,-20.0,-20.0,110.0,-22.13453943436259
1669,16.69,19.080250358347584,11.786737137647227,4.302028720174135,-1.4131832045313812,-0.44309242834452495,-15.696445988112956,0.0,-20.0,-20.0,110.0,-22.146161029655346
1670,16.7,19.090691735597666,11.794063476305983,4.29801555583624,-1.413110273002443,-0.44332506548703365,-15.705854959478957,0.0,-20.0,-20.0,110.0,-22.15778342537509
1671,16.71,19.101133112847748,11.801389814964738,4.294002391498344,-1.413037303180473,-0.4435576906255832,-15.715263931437345,0.0,-20.0,-20.0,110.0,-22.169406617709686
1672,16.72,19.11157449009783,11.808716153623493,4.289989227160448,-1.4129642950674401,-0.443790303753871,-15.724672903988415,0.0,-20.0,-20.0,110.0,-22.18103060284852
1673,16.73,19.122015867347912,11.816042492282248,4.285976062822552,-1.4128912486653151,-0.44402290486559487,-15.734081877132445,0.0,-20.0,-20.0,110.0,-22.192655376982454
1674,16.740000000000002,19.132457244597994,11.823368830941003,4.2819628984846565,-1.4128181639760693,-0.44425549395445274,-15.743490850869714,0.0,-20.0,-20.0,110.0,-22.204280936303824
1675,16.75,19.142898621848076,11.830695169599759,4.277949734146761,-1.4127450410016769,-0.4444880710141427,-15.752899825200513,0.0,-20.0,-20.0,110.0,-22.21590727700646
1676,16.76,19.153339999098158,11.838021508258516,4.273936569808865,-1.412671879744112,-0.4447206360383634,-15.762308800125115,0.0,-20.0,-20.0,110.0,-22.227534395285588
1677,16.77,19.16378137634824,11.845347846917273,4.269923405470969,-1.4125986802053503,-0.4449531890208136,-15.771717775643808,0.0,-20.0,-20.0,110.0,-22.239162287337912
1678,16.78,19.174222753598322,11.85267418557603,4.265910241133073,-1.4125254423873659,-0.44518572995519246,-15.781126751756863,0.0,-20.0,-20.0,110.0,-22.250790949361495
1679,16.79,19.184664130848404,11.860000524234787,4.261897076795178,-1.4124521662921383,-0.4454182588351991,-15.790535728464548,0.0,-20.0,-20.0,110.0,-22.262420377555852
1680,16.8,19.195105508098486,11.867326862893544,4.257883912457282,-1.4123788519216451,-0.4456507756545336,-15.799944705767158,0.0,-20.0,-20.0,110.0,-22.274050568121847
1681,16.81,19.205546885348568,11.8746532015523,4.253870748119386,-1.412305499277865,-0.44588328040689645,-15.809353683664973,0.0,-20.0,-20.0,110.0,-22.285681517261732
1682,16.82,19.21598826259865,11.881979540211058,4.24985758378149,-1.4122321083627787,-0.4461157730859882,-15.818762662158285,0.0,-20.0,-20.0,110.0,-22.297313221179078
1683,16.830000000000002,19.22642963984873,11.889305878869814,4.2458444194435945,-1.4121586791783671,-0.4463482536855095,-15.828171641247346,0.0,-20.0,-20.0,110.0,-22.308945676078828
1684,16.84,19.236871017098814,11.896632217528571,4.241831255105699,-1.41208521172661,-0.44658072219916023,-15.837580620932416,0.0,-20.0,-20.0,110.0,-22.3205788781672
1685,16.85,19.247312394348896,11.90395855618733,4.237818090767803,-1.4120117060094968,-0.44681317862064374,-15.846989601213833,0.0,-20.0,-20.0,110.0,-22.332212823651762
1686,16.86,19.257753771598978,11.911284894846089,4.233804926429907,-1.41193816202901,-0.4470456229436609,-15.856398582091854,0.0,-20.0,-20.0,110.0,-22.34384750874134
1687,16.87,19.26819514884906,11.918611233504848,4.229791762092011,-1.4118645797871332,-0.44727805516191405,-15.865807563566753,0.0,-20.0,-20.0,110.0,-22.355482929646037
1688,16.88,19.27863652609914,11.925937572163607,4.225778597754116,-1.411790959285853,-0.44751047526910576,-15.875216545638802,0.0,-20.0,-20.0,110.0,-22.367119082577222
1689,16.89,19.289077903349224,11.933263910822365,4.22176543341622,-1.4117173005271577,-0.4477428832589384,-15.884625528308291,0.0,-20.0,-20.0,110.0,-22.37875596374748
1690,16.9,19.299519280599306,11.940590249481124,4.217752269078324,-1.411643603513036,-0.4479752791251155,-15.894034511575498,0.0,-20.0,-20.0,110.0,-22.390393569370644
1691,16.91,19.309960657849388,11.947916588139883,4.213739104740428,-1.4115698682454771,-0.4482076628613399,-15.903443495440703,0.0,-20.0,-20.0,110.0,-22.402031895661747
1692,16.92,19.32040203509947,11.955242926798642,4.2097259404025325,-1.4114960947264734,-0.4484400344613154,-15.912852479904174,0.0,-20.0,-20.0,110.0,-22.41367093883702
1693,16.93,19.33084341234955,11.9625692654574,4.205712776064637,-1.4114222829580154,-0.4486723939187464,-15.922261464966212,0.0,-20.0,-20.0,110.0,-22.425310695113865
1694,16.94,19.341284789599634,11.96989560411616,4.201699611726741,-1.4113484329420953,-0.4489047412273375,-15.931670450627077,0.0,-20.0,-20.0,110.0,-22.436951160710834
1695,16.95,19.351726166849716,11.977221942774921,4.197686447388845,-1.411274544680707,-0.4491370763807929,-15.941079436887046,0.0,-20.0,-20.0,110.0,-22.448592331847667
1696,16.96,19.362167544099798,11.984548281433682,4.193673283050949,-1.411200618175845,-0.44936939937281795,-15.950488423746396,0.0,-20.0,-20.0,110.0,-22.460234204745177
1697,16.97,19.37260892134988,11.991874620092442,4.1896601187130535,-1.411126653429506,-0.4496017101971179,-15.959897411205429,0.0,-20.0,-20.0,110.0,-22.47187677562535
1698,16.98,19.38305029859996,11.999200958751203,4.185646954375158,-1.4110526504436862,-0.44983400884739844,-15.96930639926439,0.0,-20.0,-20.0,110.0,-22.483520040711216
1699,16.990000000000002,19.393491675850044,12.006527297409963,4.181633790037262,-1.4109786092203838,-0.45006629531736575,-15.978715387923577,0.0,-20.0,-20.0,110.0,-22.495163996226925
1700,17.0,19.403933053100126,12.013853636068724,4.177620625699366,-1.4109045297615972,-0.4502985696007262,-15.988124377183269,0.0,-20.0,-20.0,110.0,-22.506808638397693
1701,17.01,19.414374430350207,12.021179974727485,4.17360746136147,-1.4108304120693274,-0.45053083169118646,-15.997533367043749,0.0,-20.0,-20.0,110.0,-22.518453963449772
1702,17.02,19.42481580760029,12.028506313386245,4.169594297023575,-1.4107562561455742,-0.45076308158245376,-16.006942357505295,0.0,-20.0,-20.0,110.0,-22.530099967610465
1703,17.03,19.43525718485037,12.035832652045006,4.165581132685679,-1.4106820619923408,-0.45099531926823516,-16.016351348568183,0.0,-20.0,-20.0,110.0,-22.541746647108084
1704,17.04,19.445698562100453,12.043158990703768,4.161567968347783,-1.4106078296116296,-0.45122754474223853,-16.025760340232697,0.0,-20.0,-20.0,110.0,-22.55339399817195
1705,17.05,19.456139939350535,12.05048532936253,4.157554804009887,-1.4105335590054453,-0.45145975799817156,-16.035169332499105,0.0,-20.0,-20.0,110.0,-22.56504201703239
1706,17.06,19.466581316600617,12.057811668021293,4.1535416396719915,-1.4104592501757913,-0.4516919590297429,-16.04457832536768,0.0,-20.0,-20.0,110.0,-22.576690699920686
1707,17.07,19.4770226938507,12.065138006680055,4.149528475334096,-1.4103849031246753,-0.45192414783066126,-16.053987318838708,0.0,-20.0,-20.0,110.0,-22.58834004306909
1708,17.080000000000002,19.48746407110078,12.072464345338817,4.1455153109962,-1.4103105178541047,-0.45215632439463516,-16.063396312912456,0.0,-20.0,-20.0,110.0,-22.599990042710793
1709,17.09,19.497905448350863,12.07979068399758,4.141502146658304,-1.410236094366084,-0.45238848871537324,-16.07280530758918,0.0,-20.0,-20.0,110.0,-22.61164069507991
1710,17.1,19.508346825600945,12.087117022656342,4.137488982320408,-1.41016163266263,-0.4526206407865873,-16.082214302869232,0.0,-20.0,-20.0,110.0,-22.623291996411478
1711,17.11,19.518788202851027,12.094443361315104,4.133475817982513,-1.4100871327457485,-0.452852780601986,-16.091623298752847,0.0,-20.0,-20.0,110.0,-22.634943942941433
1712,17.12,19.52922958010111,12.101769699973866,4.129462653644617,-1.4100125946174507,-0.45308490815528013,-16.101032295240305,0.0,-20.0,-20.0,110.0,-22.64659653090657
1713,17.13,19.53967095735119,12.10909603863263,4.125449489306721,-1.4099380182797485,-0.45331702344018054,-16.110441292331895,0.0,-20.0,-20.0,110.0,-22.65824975654459
1714,17.14,19.550112334601273,12.116422377291395,4.121436324968825,-1.409863403734657,-0.4535491264503975,-16.119850290027884,0.0,-20.0,-20.0,110.0,-22.669903616094
1715,17.150000000000002,19.560553711851355,12.123748715950159,4.1174231606309295,-1.40978875098419,-0.45378121717964265,-16.129259288328548,0.0,-20.0,-20.0,110.0,-22.681558105794178
1716,17.16,19.570995089101437,12.131075054608923,4.113409996293034,-1.409714060030362,-0.45401329562162773,-16.138668287234168,0.0,-20.0,-20.0,110.0,-22.693213221885294
1717,17.17,19.58143646635152,12.138401393267687,4.109396831955138,-1.40963933087519,-0.45424536177006475,-16.148077286745018,0.0,-20.0,-20.0,110.0,-22.704868960608355
1718,17.18,19.5918778436016,12.145727731926451,4.105383667617242,-1.409564563520692,-0.4544774156186654,-16.15748628686137,0.0,-20.0,-20.0,110.0,-22.716525318205118
1719,17.19,19.602319220851683,12.153054070585215,4.101370503279346,-1.409489757968886,-0.45470945716114286,-16.16689528758351,0.0,-20.0,-20.0,110.0,-22.728182290918152
1720,17.2,19.612760598101765,12.16038040924398,4.097357338941451,-1.4094149142217922,-0.4549414863912101,-16.17630428891172,0.0,-20.0,-20.0,110.0,-22.739839874990743
1721,17.21,19.623201975351847,12.167706747902743,4.093344174603554,-1.409340032281431,-0.45517350330258066,-16.185713290846277,0.0,-20.0,-20.0,110.0,-22.75149806666697
1722,17.22,19.63364335260193,12.175033086561507,4.089331010265657,-1.4092651121498234,-0.4554055078889681,-16.19512229338747,0.0,-20.0,-20.0,110.0,-22.763156862191586
1723,17.23,19.64408472985201,12.182359425220273,4.085317845927761,-1.4091901538289926,-0.4556375001440862,-16.204531296535556,0.0,-20.0,-20.0,110.0,-22.774816257810098
1724,17.240000000000002,19.654526107102093,12.189685763879039,4.081304681589864,-1.4091151573209622,-0.45586948006164923,-16.21394030029081,0.0,-20.0,-20.0,110.0,-22.786476249768683
1725,17.25,19.664967484352175,12.197012102537805,4.077291517251967,-1.4090401226277587,-0.45610144763537147,-16.22334930465352,0.0,-20.0,-20.0,110.0,-22.79813683431421
1726,17.26,19.675408861602257,12.20433844119657,4.073278352914071,-1.4089650497514066,-0.4563334028589683,-16.232758309623964,0.0,-20.0,-20.0,110.0,-22.809798007694216
1727,17.27,19.68585023885234,12.211664779855337,4.069265188576174,-1.4088899386939322,-0.4565653457261549,-16.24216731520241,0.0,-20.0,-20.0,110.0,-22.82145976615689
1728,17.28,19.69629161610242,12.218991118514102,4.065252024238277,-1.4088147894573628,-0.45679727623064703,-16.25157632138913,0.0,-20.0,-20.0,110.0,-22.833122105951038
1729,17.29,19.706732993352503,12.226317457172868,4.061238859900381,-1.4087396020437282,-0.4570291943661606,-16.2609853281844,0.0,-20.0,-20.0,110.0,-22.84478502332611
1730,17.3,19.717174370602585,12.233643795831634,4.057225695562484,-1.408664376455058,-0.45726110012641175,-16.270394335588502,0.0,-20.0,-20.0,110.0,-22.85644851453216
1731,17.31,19.727615747852667,12.2409701344904,4.053212531224587,-1.4085891126933843,-0.45749299350511674,-16.279803343601706,0.0,-20.0,-20.0,110.0,-22.868112575819794
1732,17.32,19.73805712510275,12.248296473149168,4.049199366886691,-1.4085138107607382,-0.457724874495993,-16.28921235222429,0.0,-20.0,-20.0,110.0,-22.879777203440234
1733,17.330000000000002,19.74849850235283,12.255622811807935,4.045186202548794,-1.408438470659149,-0.4579567430927567,-16.298621361456505,0.0,-20.0,-20.0,110.0,-22.891442393645246
1734,17.34,19.758939879602913,12.262949150466703,4.041173038210897,-1.4083630923906578,-0.4581885992891277,-16.308030371298695,0.0,-20.0,-20.0,110.0,-22.90310814268713
1735,17.35,19.769381256852995,12.27027548912547,4.037159873873001,-1.4082876759572964,-0.45842044307882274,-16.317439381751104,0.0,-20.0,-20.0,110.0,-22.914774446818722
1736,17.36,19.779822634103077,12.277601827784238,4.033146709535104,-1.4082122213611001,-0.45865227445556067,-16.326848392814007,0.0,-20.0,-20.0,110.0,-22.92644130229338
1737,17.37,19.79026401135316,12.284928166443006,4.029133545197207,-1.4081367286041067,-0.4588840934130595,-16.33625740448768,0.0,-20.0,-20.0,110.0,-22.938108705364947
1738,17.38,19.80070538860324,12.292254505101774,4.025120380859311,-1.4080611976883555,-0.4591158999450385,-16.34566641677241,0.0,-20.0,-20.0,110.0,-22.94977665228773
1739,17.39,19.811146765853323,12.299580843760541,4.021107216521414,-1.4079856286158847,-0.45934769404521664,-16.355075429668453,0.0,-20.0,-20.0,110.0,-22.96144513931655
1740,17.400000000000002,19.821588143103405,12.306907182419309,4.017094052183517,-1.4079100213887343,-0.45957947570731383,-16.364484443176096,0.0,-20.0,-20.0,110.0,-22.97311416270664
1741,17.41,19.832029520353487,12.314233521078078,4.013080887845621,-1.407834376008946,-0.45981124492505043,-16.373893457295623,0.0,-20.0,-20.0,110.0,-22.98478371871369
1742,17.42,19.84247089760357,12.321559859736848,4.009067723507724,-1.407758692478562,-0.4600430016921462,-16.383302472027303,0.0,-20.0,-20.0,110.0,-22.996453803593784
1743,17.43,19.85291227485365,12.328886198395617,4.005054559169827,-1.4076829707996257,-0.460274746002322,-16.3927114873714,0.0,-20.0,-20.0,110.0,-23.008124413603447
1744,17.44,19.863353652103733,12.336212537054386,4.0010413948319306,-1.4076072109741806,-0.4605064778492987,-16.402120503328202,0.0,-20.0,-20.0,110.0,-23.019795544999578
1745,17.45,19.873795029353815,12.343538875713156,3.997028230494034,-1.4075314130042729,-0.46073819722679765,-16.411529519897975,0.0,-20.0,-20.0,110.0,-23.03146719403944
1746,17.46,19.884236406603897,12.350865214371925,3.993015066156137,-1.4074555768919492,-0.46096990412854016,-16.420938537080996,0.0,-20.0,-20.0,110.0,-23.04313935698067
1747,17.47,19.89467778385398,12.358191553030695,3.9890019018182405,-1.407379702639257,-0.4612015985482484,-16.43034755487754,0.0,-20.0,-20.0,110.0,-23.054812030081244
1748,17.48,19.90511916110406,12.365517891689464,3.984988737480344,-1.4073037902482415,-0.46143328047964366,-16.439756573287845,0.0,-20.0,-20.0,110.0,-23.066485209599485
1749,17.490000000000002,19.915560538354143,12.372844230348234,3.980975573142447,-1.4072278397209583,-0.46166494991645096,-16.449165592312273,0.0,-20.0,-20.0,110.0,-23.078158891794004
1750,17.5,19.926001915604225,12.380170569007003,3.9769624088045505,-1.4071518510594547,-0.4618966068523923,-16.45857461195105,0.0,-20.0,-20.0,110.0,-23.08983307292373
1751,17.51,19.936443292854307,12.387496907665774,3.972949244466654,-1.4070758242657815,-0.4621282512811908,-16.467983632204454,0.0,-20.0,-20.0,110.0,-23.101507749247848
1752,17.52,19.94688467010439,12.394823246324545,3.968936080128757,-1.4069997593419927,-0.46235988319657023,-16.477392653072755,0.0,-20.0,-20.0,110.0,-23.11318291702585
1753,17.53,19.95732604735447,12.402149584983317,3.9649229157908605,-1.4069236562901408,-0.4625915025922545,-16.486801674556254,0.0,-20.0,-20.0,110.0,-23.12485857251746
1754,17.54,19.967767424604553,12.409475923642088,3.960909751452964,-1.4068475151122823,-0.46282310946196803,-16.4962106966552,0.0,-20.0,-20.0,110.0,-23.136534711982648
1755,17.55,19.978208801854635,12.416802262300859,3.956896587115067,-1.4067713358104712,-0.4630547037994354,-16.50561971936988,0.0,-20.0,-20.0,110.0,-23.14821133168159
1756,17.56,19.988650179104717,12.42412860095963,3.9528834227771705,-1.4066951183867646,-0.4632862855983818,-16.51502874270057,0.0,-20.0,-20.0,110.0,-23.15988842787471
1757,17.57,19.9990915563548,12.431454939618401,3.948870258439274,-1.406618862843221,-0.4635178548525326,-16.524437766647544,0.0,-20.0,-20.0,110.0,-23.17156599682256
1758,17.580000000000002,20.00953293360488,12.438781278277173,3.944857094101377,-1.4065425691818991,-0.4637494115556133,-16.53384679121107,0.0,-20.0,-20.0,110.0,-23.18324403478593
1759,17.59,20.019974310854963,12.446107616935944,3.9408439297634805,-1.4064662374048578,-0.4639809557013501,-16.543255816391422,0.0,-20.0,-20.0,110.0,-23.19492253802575
1760,17.6,20.030415688105045,12.453433955594717,3.936830765425584,-1.4063898675141582,-0.4642124872834695,-16.552664842188882,0.0,-20.0,-20.0,110.0,-23.206601502803093
1761,17.61,20.040857065355127,12.46076029425349,3.932817601087687,-1.4063134595118627,-0.464444006295698,-16.56207386860373,0.0,-20.0,-20.0,110.0,-23.21828092537918
1762,17.62,20.05129844260521,12.468086632912263,3.9288044367497905,-1.4062370134000342,-0.46467551273176283,-16.571482895636226,0.0,-20.0,-20.0,110.0,-23.229960802015317
1763,17.63,20.06173981985529,12.475412971571036,3.924791272411894,-1.4061605291807364,-0.4649070065853912,-16.580891923286657,0.0,-20.0,-20.0,110.0,-23.241641128972955
1764,17.64,20.072181197105373,12.482739310229809,3.920778108073997,-1.4060840068560347,-0.4651384878503107,-16.590300951555292,0.0,-20.0,-20.0,110.0,-23.25332190251359
1765,17.650000000000002,20.082622574355455,12.490065648888582,3.9167649437361005,-1.4060074464279917,-0.46536995652024843,-16.599709980442363,0.0,-20.0,-20.0,110.0,-23.265003118898814
1766,17.66,20.093063951605536,12.497391987547354,3.912751779398204,-1.4059308478986807,-0.46560141258893484,-16.60911900994821,0.0,-20.0,-20.0,110.0,-23.276684774390283
1767,17.67,20.10350532885562,12.504718326206127,3.908738615060307,-1.4058542112701664,-0.4658328560500977,-16.618528040073073,0.0,-20.0,-20.0,110.0,-23.28836686524967
1768,17.68,20.1139467061057,12.5120446648649,3.9047254507224105,-1.4057775365445175,-0.46606428689746593,-16.627937070817218,0.0,-20.0,-20.0,110.0,-23.300049387738696
1769,17.69,20.124388083355782,12.519371003523675,3.900712286384514,-1.4057008237238047,-0.46629570512476914,-16.63734610218094,0.0,-20.0,-20.0,110.0,-23.31173233811908
1770,17.7,20.134829460605864,12.52669734218245,3.896699122046617,-1.4056240728100993,-0.46652711072573644,-16.64675513416448,0.0,-20.0,-20.0,110.0,-23.323415712652533
1771,17.71,20.145270837855946,12.534023680841225,3.8926859577087205,-1.4055472838054741,-0.4667585036940984,-16.656164166768146,0.0,-20.0,-20.0,110.0,-23.335099507600766
1772,17.72,20.15571221510603,12.5413500195,3.888672793370824,-1.4054704567120015,-0.46698988402358566,-16.6655731999922,0.0,-20.0,-20.0,110.0,-23.346783719225442
1773,17.73,20.16615359235611,12.548676358158774,3.884659629032927,-1.405393591531756,-0.46722125170792905,-16.674982233836918,0.0,-20.0,-20.0,110.0,-23.35846834378818
1774,17.740000000000002,20.176594969606192,12.556002696817549,3.8806464646950305,-1.4053166882668124,-0.46745260674085953,-16.684391268302573,0.0,-20.0,-20.0,110.0,-23.37015337755052
1775,17.75,20.187036346856274,12.563329035476324,3.876633300357134,-1.4052397469192477,-0.46768394911610844,-16.693800303389423,0.0,-20.0,-20.0,110.0,-23.381838816773953
1776,17.76,20.197477724106356,12.570655374135098,3.8726201360192367,-1.4051627674911396,-0.4679152788274074,-16.703209339097757,0.0,-20.0,-20.0,110.0,-23.393524657719862
1777,17.77,20.20791910135644,12.577981712793873,3.8686069716813396,-1.4050857499845666,-0.46814659586848867,-16.71261837542784,0.0,-20.0,-20.0,110.0,-23.4052108966495
1778,17.78,20.21836047860652,12.585308051452648,3.8645938073434425,-1.4050086944016065,-0.4683779002330854,-16.72202741237996,0.0,-20.0,-20.0,110.0,-23.41689752982401
1779,17.79,20.228801855856602,12.592634390111424,3.8605806430055454,-1.4049316007443406,-0.46860919191492995,-16.731436449954384,0.0,-20.0,-20.0,110.0,-23.42858455350441
1780,17.8,20.239243233106684,12.599960728770201,3.8565674786676483,-1.4048544690148497,-0.46884047090775566,-16.740845488151376,0.0,-20.0,-20.0,110.0,-23.440271963951545
1781,17.81,20.249684610356766,12.607287067428977,3.852554314329751,-1.4047772992152174,-0.46907173720529566,-16.750254526971215,0.0,-20.0,-20.0,110.0,-23.451959757426096
1782,17.82,20.26012598760685,12.614613406087754,3.848541149991854,-1.4047000913475272,-0.46930299080128424,-16.759663566414176,0.0,-20.0,-20.0,110.0,-23.463647930188564
1783,17.830000000000002,20.27056736485693,12.62193974474653,3.844527985653957,-1.4046228454138627,-0.46953423168945513,-16.769072606480538,0.0,-20.0,-20.0,110.0,-23.475336478499255
1784,17.84,20.281008742107012,12.629266083405307,3.84051482131606,-1.4045455614163103,-0.46976545986354334,-16.778481647170555,0.0,-20.0,-20.0,110.0,-23.487025398618226
1785,17.85,20.291450119357094,12.636592422064084,3.8365016569781627,-1.4044682393569565,-0.46999667531728356,-16.78789068848452,0.0,-20.0,-20.0,110.0,-23.49871468680534
1786,17.86,20.301891496607176,12.64391876072286,3.8324884926402656,-1.4043908792378887,-0.47022787804441096,-16.797299730422697,0.0,-20.0,-20.0,110.0,-23.510404339320207
1787,17.87,20.312332873857258,12.651245099381637,3.8284753283023685,-1.4043134810611915,-0.4704590680386604,-16.806708772985335,0.0,-20.0,-20.0,110.0,-23.522094352422183
1788,17.88,20.32277425110734,12.658571438040415,3.8244621639644714,-1.404236044828962,-0.47069024529376974,-16.816117816172763,0.0,-20.0,-20.0,110.0,-23.533784722370317
1789,17.89,20.333215628357422,12.665897776699193,3.8204489996265742,-1.404158570543287,-0.4709214098034743,-16.825526859985235,0.0,-20.0,-20.0,110.0,-23.54547544542341
1790,17.900000000000002,20.343657005607504,12.673224115357971,3.816435835288677,-1.4040810582062597,-0.4711525615615104,-16.834935904423006,0.0,-20.0,-20.0,110.0,-23.557166517839928
1791,17.91,20.354098382857586,12.68055045401675,3.81242267095078,-1.4040035078199729,-0.47138370056161505,-16.844344949486363,0.0,-20.0,-20.0,110.0,-23.56885793587804
1792,17.92,20.364539760107668,12.687876792675528,3.808409506612883,-1.4039259193865183,-0.47161482679752587,-16.85375399517557,0.0,-20.0,-20.0,110.0,-23.580549695795554
1793,17.93,20.37498113735775,12.695203131334306,3.804396342274986,-1.4038482929079927,-0.4718459402629801,-16.863163041490896,0.0,-20.0,-20.0,110.0,-23.59224179384993
1794,17.94,20.385422514607832,12.702529469993085,3.8003831779370887,-1.4037706283864912,-0.4720770409517157,-16.872572088432616,0.0,-20.0,-20.0,110.0,-23.603934226298314
1795,17.95,20.395863891857914,12.709855808651863,3.7963700135991916,-1.4036929258241115,-0.47230812885747103,-16.881981136001006,0.0,-20.0,-20.0,110.0,-23.615626989397395
1796,17.96,20.406305269107996,12.717182147310641,3.7923568492612945,-1.4036151852229508,-0.4725392039739851,-16.89139018419634,0.0,-20.0,-20.0,110.0,-23.62732007940352
1797,17.97,20.416746646358078,12.72450848596942,3.7883436849233973,-1.4035374065851087,-0.47277026629499636,-16.90079923301888,0.0,-20.0,-20.0,110.0,-23.63901349257261
1798,17.98,20.42718802360816,12.7318348246282,3.7843305205855002,-1.4034595899126836,-0.47300131581424465,-16.910208282468897,0.0,-20.0,-20.0,110.0,-23.65070722516015
1799,17.990000000000002,20.437629400858242,12.73916116328698,3.780317356247603,-1.403381735207778,-0.4732323525254694,-16.919617332546665,0.0,-20.0,-20.0,110.0,-23.662401273421203
1800,18.0,20.448070778108324,12.74648750194576,3.776304191909706,-1.4033038424724928,-0.47346337642241076,-16.929026383252456,0.0,-20.0,-20.0,110.0,-23.67409563361037
1801,18.01,20.458512155358406,12.75381384060454,3.772291027571809,-1.4032259117089316,-0.47369438749880927,-16.93843543458655,0.0,-20.0,-20.0,110.0,-23.685790301981772
1802,18.02,20.468953532608488,12.76114017926332,3.768277863233912,-1.403147942919199,-0.4739253857484057,-16.947844486549222,0.0,-20.0,-20.0,110.0,-23.697485274789063
1803,18.03,20.47939490985857,12.7684665179221,3.7642646988960147,-1.4030699361053998,-0.4741563711649408,-16.957253539140737,0.0,-20.0,-20.0,110.0,-23.70918054828538
1804,18.04,20.489836287108652,12.77579285658088,3.7602515345581176,-1.40299189126964,-0.4743873437421561,-16.966662592361363,0.0,-20.0,-20.0,110.0,-23.72087611872336
1805,18.05,20.500277664358734,12.78311919523966,3.7562383702202204,-1.4029138084140267,-0.4746183034737938,-16.976071646211388,0.0,-20.0,-20.0,110.0,-23.732571982355104
1806,18.06,20.510719041608816,12.79044553389844,3.7522252058823233,-1.4028356875406687,-0.47484925035359576,-16.985480700691063,0.0,-20.0,-20.0,110.0,-23.744268135432137
1807,18.07,20.521160418858898,12.797771872557222,3.748212041544426,-1.4027575286516742,-0.47508018437530436,-16.99488975580067,0.0,-20.0,-20.0,110.0,-23.755964574205475
1808,18.080000000000002,20.53160179610898,12.805098211216004,3.744198877206529,-1.4026793317491515,-0.47531110553266126,-17.004298811540444,0.0,-20.0,-20.0,110.0,-23.767661294925542
1809,18.09,20.542043173359062,12.812424549874786,3.740185712868632,-1.4026010968352174,-0.4755420138194119,-17.01370786791072,0.0,-20.0,-20.0,110.0,-23.779358293842158
1810,18.1,20.552484550609144,12.819750888533568,3.736172548530735,-1.4025228239119811,-0.47577290922929877,-17.023116924911744,0.0,-20.0,-20.0,110.0,-23.791055567204534
1811,18.11,20.562925927859226,12.82707722719235,3.7321593841928378,-1.4024445129815568,-0.47600379175606516,-17.032525982543778,0.0,-20.0,-20.0,110.0,-23.80275311126128
1812,18.12,20.573367305109308,12.834403565851131,3.72814621985494,-1.4023661640460585,-0.47623466139345605,-17.0419350408071,0.0,-20.0,-20.0,110.0,-23.814450922260363
1813,18.13,20.58380868235939,12.841729904509913,3.7241330555170427,-1.402287777107601,-0.47646551813521565,-17.051344099701982,0.0,-20.0,-20.0,110.0,-23.826148996449103
1814,18.14,20.59425005960947,12.849056243168695,3.720119891179145,-1.4022093521683012,-0.47669636197508924,-17.060753159228693,0.0,-20.0,-20.0,110.0,-23.837847330074148
1815,18.150000000000002,20.604691436859554,12.856382581827477,3.7161067268412475,-1.4021308892302766,-0.4769271929068218,-17.070162219387502,0.0,-20.0,-20.0,110.0,-23.849545919381466
1816,18.16,20.615132814109636,12.86370892048626,3.71209356250335,-1.4020523882956455,-0.47715801092415844,-17.07957128017867,0.0,-20.0,-20.0,110.0,-23.86124476061634
1817,18.17,20.625574191359718,12.871035259145044,3.7080803981654524,-1.4019738493665281,-0.4773888160208456,-17.088980341602486,0.0,-20.0,-20.0,110.0,-23.872943850023344
1818,18.18,20.6360155686098,12.878361597803828,3.704067233827555,-1.401895272445043,-0.47761960819063,-17.098389403659212,0.0,-20.0,-20.0,110.0,-23.884643183846293
1819,18.19,20.64645694585988,12.885687936462611,3.7000540694896573,-1.401816657533313,-0.47785038742725783,-17.107798466349127,0.0,-20.0,-20.0,110.0,-23.896342758328306
1820,18.2,20.656898323109964,12.893014275121395,3.6960409051517598,-1.4017380046334607,-0.478081153724476,-17.117207529672502,0.0,-20.0,-20.0,110.0,-23.908042569711732
1821,18.21,20.667339700360046,12.900340613780179,3.692027740813862,-1.4016593137476099,-0.4783119070760322,-17.126616593629596,0.0,-20.0,-20.0,110.0,-23.919742614238125
1822,18.22,20.677781077610128,12.907666952438962,3.6880145764759646,-1.4015805848778862,-0.4785426474756735,-17.13602565822069,0.0,-20.0,-20.0,110.0,-23.931442888148307
1823,18.23,20.68822245486021,12.914993291097746,3.684001412138067,-1.4015018180264138,-0.47877337491714866,-17.145434723446055,0.0,-20.0,-20.0,110.0,-23.943143387682248
1824,18.240000000000002,20.69866383211029,12.92231962975653,3.6799882478001695,-1.4014230131953196,-0.4790040893942057,-17.15484378930596,0.0,-20.0,-20.0,110.0,-23.954844109079122
1825,18.25,20.709105209360374,12.929645968415313,3.675975083462272,-1.401344170386732,-0.4792347909005932,-17.164252855800658,0.0,-20.0,-20.0,110.0,-23.966545048577288
1826,18.26,20.719546586610456,12.936972307074099,3.6719619191243744,-1.4012652896027793,-0.4794654794300602,-17.173661922930442,0.0,-20.0,-20.0,110.0,-23.978246202414237
1827,18.27,20.729987963860538,12.944298645732884,3.667948754786477,-1.4011863708455914,-0.47969615497635665,-17.183070990695576,0.0,-20.0,-20.0,110.0,-23.989947566826615
1828,18.28,20.74042934111062,12.95162498439167,3.6639355904485793,-1.4011074141172986,-0.47992681753323224,-17.19248005909633,0.0,-20.0,-20.0,110.0,-24.001649138050187
1829,18.29,20.7508707183607,12.958951323050455,3.6599224261106817,-1.4010284194200335,-0.4801574670944367,-17.201889128132972,0.0,-20.0,-20.0,110.0,-24.013350912319837
1830,18.3,20.761312095610784,12.96627766170924,3.655909261772784,-1.4009493867559257,-0.48038810365371976,-17.211298197805732,0.0,-20.0,-20.0,110.0,-24.02505288586952
1831,18.31,20.771753472860865,12.973604000368026,3.6518960974348866,-1.4008703161271154,-0.48061872720483395,-17.220707268114943,0.0,-20.0,-20.0,110.0,-24.036755054932293
1832,18.32,20.782194850110947,12.980930339026811,3.647882933096989,-1.4007912075357334,-0.48084933774152977,-17.23011633906085,0.0,-20.0,-20.0,110.0,-24.04845741574028
1833,18.330000000000002,20.79263622736103,12.988256677685596,3.6438697687590915,-1.4007120609839168,-0.4810799352575587,-17.239525410643722,0.0,-20.0,-20.0,110.0,-24.060159964524644
1834,18.34,20.80307760461111,12.995583016344382,3.639856604421194,-1.4006328764738016,-0.4813105197466725,-17.248934482863813,0.0,-20.0,-20.0,110.0,-24.07186269751558
1835,18.35,20.813518981861193,13.002909355003169,3.6358434400832964,-1.4005536540075272,-0.4815410912026234,-17.258343555721414,0.0,-20.0,-20.0,110.0,-24.08356561094233
1836,18.36,20.823960359111275,13.010235693661956,3.631830275745399,-1.4004743935872317,-0.481771649619164,-17.267752629216794,0.0,-20.0,-20.0,110.0,-24.095268701033113
1837,18.37,20.834401736361357,13.017562032320743,3.6278171114075013,-1.400395095215056,-0.48200219499004726,-17.277161703350213,0.0,-20.0,-20.0,110.0,-24.10697196401514
1838,18.38,20.84484311361144,13.02488837097953,3.6238039470696037,-1.400315758893141,-0.48223272730902633,-17.286570778121938,0.0,-20.0,-20.0,110.0,-24.118675396114607
1839,18.39,20.85528449086152,13.032214709638318,3.619790782731706,-1.4002363846236277,-0.4824632465698552,-17.29597985353224,0.0,-20.0,-20.0,110.0,-24.130378993556665
1840,18.400000000000002,20.865725868111603,13.039541048297105,3.6157776183938086,-1.400156972408659,-0.4826937527662878,-17.305388929581397,0.0,-20.0,-20.0,110.0,-24.14208275256543
1841,18.41,20.876167245361685,13.046867386955892,3.611764454055911,-1.40007752225038,-0.4829242458920785,-17.314798006269665,0.0,-20.0,-20.0,110.0,-24.153786669363914
1842,18.42,20.886608622611767,13.05419372561468,3.6077512897180135,-1.399998034150936,-0.48315472594098186,-17.32420708359733,0.0,-20.0,-20.0,110.0,-24.165490740174068
1843,18.43,20.89704999986185,13.061520064273466,3.603738125380116,-1.399918508112473,-0.48338519290675275,-17.333616161564642,0.0,-20.0,-20.0,110.0,-24.177194961216742
1844,18.44,20.90749137711193,13.068846402932254,3.5997249610422184,-1.3998389441371388,-0.48361564678314695,-17.343025240171887,0.0,-20.0,-20.0,110.0,-24.188899328711663
1845,18.45,20.917932754362013,13.076172741591042,3.595711796704321,-1.3997593422270775,-0.48384608756391917,-17.352434319419295,0.0,-20.0,-20.0,110.0,-24.20060383887744
1846,18.46,20.928374131612095,13.083499080249831,3.5916986323664233,-1.3996797023844456,-0.4840765152428276,-17.36184339930721,0.0,-20.0,-20.0,110.0,-24.212308487931516
1847,18.47,20.938815508862177,13.09082541890862,3.5876854680285257,-1.3996000246113898,-0.4843069298136273,-17.371252479835853,0.0,-20.0,-20.0,110.0,-24.224013272090193
1848,18.48,20.94925688611226,13.09815175756741,3.583672303690628,-1.3995203089100616,-0.48453733127007514,-17.380661561005496,0.0,-20.0,-20.0,110.0,-24.2357181875686
1849,18.490000000000002,20.95969826336234,13.105478096226198,3.57965913935273,-1.3994405552826124,-0.4847677196059285,-17.390070642816397,0.0,-20.0,-20.0,110.0,-24.247423230580672
1850,18.5,20.970139640612423,13.112804434884987,3.575645975014832,-1.3993607637311969,-0.4849980948149451,-17.39947972526884,0.0,-20.0,-20.0,110.0,-24.25912839733913
1851,18.51,20.980581017862505,13.120130773543776,3.571632810676934,-1.3992809342579693,-0.4852284568908823,-17.408888808363088,0.0,-20.0,-20.0,110.0,-24.27083368405549
1852,18.52,20.991022395112587,13.127457112202565,3.567619646339036,-1.3992010668650847,-0.48545880582749873,-17.418297892099414,0.0,-20.0,-20.0,110.0,-24.282539086940016
1853,18.53,21.00146377236267,13.134783450861354,3.563606482001138,-1.399121161554699,-0.48568914161855287,-17.427706976478078,0.0,-20.0,-20.0,110.0,-24.29424460220174
1854,18.54,21.01190514961275,13.142109789520145,3.55959331766324,-1.39904121832897,-0.4859194642578037,-17.437116061499353,0.0,-20.0,-20.0,110.0,-24.305950226048427
1855,18.55,21.022346526862833,13.149436128178936,3.555580153325342,-1.3989612371900575,-0.4861497737390106,-17.446525147163506,0.0,-20.0,-20.0,110.0,-24.317655954686565
1856,18.56,21.032787904112915,13.156762466837726,3.551566988987444,-1.3988812181401202,-0.4863800700559329,-17.455934233470813,0.0,-20.0,-20.0,110.0,-24.329361784321325
1857,18.57,21.043229281362997,13.164088805496517,3.547553824649546,-1.3988011611813185,-0.4866103532023311,-17.46534332042155,0.0,-20.0,-20.0,110.0,-24.341067711156597
1858,18.580000000000002,21.05367065861308,13.171415144155308,3.543540660311648,-1.398721066315814,-0.486840623171965,-17.474752408015966,0.0,-20.0,-20.0,110.0,-24.35277373139492
1859,18.59,21.06411203586316,13.178741482814099,3.53952749597375,-1.39864093354577,-0.48707087995859594,-17.48416149625434,0.0,-20.0,-20.0,110.0,-24.364479841237515
1860,18.6,21.074553413113243,13.18606782147289,3.535514331635852,-1.3985607628733494,-0.4873011235559846,-17.49357058513694,0.0,-20.0,-20.0,110.0,-24.376186036884246
1861,18.61,21.084994790363325,13.19339416013168,3.531501167297954,-1.3984805543007164,-0.48753135395789265,-17.50297967466403,0.0,-20.0,-20.0,110.0,-24.387892314533598
1862,18.62,21.095436167613407,13.20072049879047,3.527488002960056,-1.3984003078300349,-0.4877615711580807,-17.512388764835837,0.0,-20.0,-20.0,110.0,-24.39959867038268
1863,18.63,21.10587754486349,13.208046837449263,3.523474838622158,-1.3983200234634763,-0.4879917751503132,-17.521797855652714,0.0,-20.0,-20.0,110.0,-24.41130510062718
1864,18.64,21.11631892211357,13.215373176108056,3.51946167428426,-1.3982397012032055,-0.4882219659283513,-17.531206947114867,0.0,-20.0,-20.0,110.0,-24.42301160146141
1865,18.650000000000002,21.126760299363653,13.222699514766848,3.515448509946362,-1.3981593410513926,-0.4884521434859575,-17.54061603922258,0.0,-20.0,-20.0,110.0,-24.43471816907822
1866,18.66,21.137201676613735,13.23002585342564,3.511435345608464,-1.3980789430102072,-0.48868230781689537,-17.55002513197612,0.0,-20.0,-20.0,110.0,-24.446424799669025
1867,18.67,21.147643053863817,13.237352192084433,3.507422181270566,-1.3979985070818188,-0.48891245891492874,-17.559434225375753,0.0,-20.0,-20.0,110.0,-24.45813148942379
1868,18.68,21.1580844311139,13.244678530743226,3.503409016932668,-1.3979180332684,-0.48914259677382077,-17.568843319421735,0.0,-20.0,-20.0,110.0,-24.469838234530986
1869,18.69,21.16852580836398,13.252004869402018,3.49939585259477,-1.3978375215721242,-0.4893727213873361,-17.57825241411435,0.0,-20.0,-20.0,110.0,-24.48154503117761
1870,18.7,21.178967185614063,13.25933120806081,3.495382688256872,-1.3977569719951646,-0.4896028327492395,-17.587661509453845,0.0,-20.0,-20.0,110.0,-24.49325187554915
1871,18.71,21.189408562864145,13.266657546719603,3.491369523918974,-1.3976763845396973,-0.48983293085329555,-17.5970706054405,0.0,-20.0,-20.0,110.0,-24.504958763829574
1872,18.72,21.199849940114227,13.273983885378396,3.487356359581076,-1.3975957592078967,-0.4900630156932703,-17.606479702074587,0.0,-20.0,-20.0,110.0,-24.516665692201315
1873,18.73,21.21029131736431,13.28131022403719,3.483343195243178,-1.3975150960019396,-0.49029308726292936,-17.615888799356366,0.0,-20.0,-20.0,110.0,-24.528372656845246
1874,18.740000000000002,21.22073269461439,13.288636562695984,3.47933003090528,-1.3974343949240042,-0.49052314555603865,-17.625297897286107,0.0,-20.0,-20.0,110.0,-24.5400796539407
1875,18.75,21.231174071864473,13.295962901354779,3.475316866567382,-1.3973536559762711,-0.4907531905663642,-17.634706995864075,0.0,-20.0,-20.0,110.0,-24.5517866796654
1876,18.76,21.241615449114555,13.303289240013573,3.471303702229484,-1.3972728791609197,-0.490983222287673,-17.644116095090546,0.0,-20.0,-20.0,110.0,-24.5634937301955
1877,18.77,21.252056826364637,13.310615578672367,3.467290537891586,-1.3971920644801297,-0.4912132407137327,-17.653525194965777,0.0,-20.0,-20.0,110.0,-24.575200801705517
1878,18.78,21.26249820361472,13.317941917331162,3.463277373553688,-1.397111211936084,-0.49144324583831056,-17.662934295490036,0.0,-20.0,-20.0,110.0,-24.586907890368362
1879,18.79,21.2729395808648,13.325268255989956,3.45926420921579,-1.3970303215309632,-0.491673237655173,-17.672343396663557,0.0,-20.0,-20.0,110.0,-24.59861499235532
1880,18.8,21.283380958114883,13.33259459464875,3.455251044877892,-1.3969493932669579,-0.4919032161580904,-17.68175249848667,0.0,-20.0,-20.0,110.0,-24.610322103835973
1881,18.81,21.293822335364965,13.339920933307544,3.451237880539994,-1.3968684271462488,-0.49213318134083045,-17.691161600959617,0.0,-20.0,-20.0,110.0,-24.622029220978284
1882,18.82,21.304263712615047,13.34724727196634,3.447224716202096,-1.396787423171023,-0.49236313319716224,-17.70057070408265,0.0,-20.0,-20.0,110.0,-24.63373633994849
1883,18.830000000000002,21.31470508986513,13.354573610625136,3.443211551864198,-1.3967063813434668,-0.49259307172085504,-17.709979807856055,0.0,-20.0,-20.0,110.0,-24.64544345691117
1884,18.84,21.32514646711521,13.361899949283933,3.4391983875263,-1.39662530166577,-0.4928229969056782,-17.719388912280095,0.0,-20.0,-20.0,110.0,-24.65715056802913
1885,18.85,21.335587844365293,13.369226287942729,3.4351852231884017,-1.3965441841401207,-0.4930529087454023,-17.728798017355025,0.0,-20.0,-20.0,110.0,-24.668857669463495
1886,18.86,21.346029221615375,13.376552626601525,3.4311720588505032,-1.3964630287687088,-0.49328280723379714,-17.73820712308111,0.0,-20.0,-20.0,110.0,-24.680564757373634
1887,18.87,21.356470598865457,13.38387896526032,3.427158894512605,-1.3963818355537274,-0.49351269236463324,-17.747616229458618,0.0,-20.0,-20.0,110.0,-24.69227182791713
1888,18.88,21.36691197611554,13.391205303919117,3.4231457301747064,-1.3963006044973674,-0.4937425641316821,-17.757025336487807,0.0,-20.0,-20.0,110.0,-24.70397887724982
1889,18.89,21.37735335336562,13.398531642577913,3.419132565836808,-1.3962193356018222,-0.49397242252871515,-17.766434444168958,0.0,-20.0,-20.0,110.0,-24.715685901525735
1890,18.900000000000002,21.387794730615703,13.405857981236709,3.4151194014989095,-1.3961380288692857,-0.49420226754950414,-17.775843552502323,0.0,-20.0,-20.0,110.0,-24.72739289689709
1891,18.91,21.398236107865785,13.413184319895507,3.411106237161011,-1.3960566843019537,-0.4944320991878213,-17.785252661488162,0.0,-20.0,-20.0,110.0,-24.73909985951431
1892,18.92,21.408677485115867,13.420510658554305,3.4070930728231126,-1.3959753019020233,-0.4946619174374386,-17.794661771126755,0.0,-20.0,-20.0,110.0,-24.75080678552594
1893,18.93,21.41911886236595,13.427836997213102,3.403079908485214,-1.3958938816716921,-0.49489172229212935,-17.80407088141836,0.0,-20.0,-20.0,110.0,-24.76251367107871
1894,18.94,21.42956023961603,13.4351633358719,3.3990667441473157,-1.395812423613157,-0.4951215137456673,-17.81347999236326,0.0,-20.0,-20.0,110.0,-24.774220512317484
1895,18.95,21.440001616866112,13.442489674530698,3.3950535798094172,-1.3957309277286183,-0.4953512917918255,-17.822889103961703,0.0,-20.0,-20.0,110.0,-24.785927305385204
1896,18.96,21.450442994116194,13.449816013189496,3.391040415471519,-1.3956493940202772,-0.4955810564243781,-17.832298216213957,0.0,-20.0,-20.0,110.0,-24.797634046422953
1897,18.97,21.460884371366276,13.457142351848294,3.3870272511336204,-1.3955678224903358,-0.49581080763709917,-17.84170732912029,0.0,-20.0,-20.0,110.0,-24.80934073156989
1898,18.98,21.47132574861636,13.464468690507092,3.383014086795722,-1.3954862131409949,-0.4960405454237641,-17.851116442680976,0.0,-20.0,-20.0,110.0,-24.821047356963234
1899,18.990000000000002,21.48176712586644,13.47179502916589,3.3790009224578235,-1.395404565974458,-0.4962702697781474,-17.86052555689628,0.0,-20.0,-20.0,110.0,-24.832753918738284
1900,19.0,21.492208503116522,13.479121367824687,3.374987758119925,-1.395322880992931,-0.4964999806940246,-17.869934671766444,0.0,-20.0,-20.0,110.0,-24.844460413028376
1901,19.01,21.502649880366604,13.486447706483487,3.3709745937820266,-1.3952411581986195,-0.49672967816517144,-17.879343787291752,0.0,-20.0,-20.0,110.0,-24.856166835964853
1902,19.02,21.513091257616686,13.493774045142287,3.366961429444128,-1.3951593975937293,-0.49695936218536424,-17.888752903472465,0.0,-20.0,-20.0,110.0,-24.867873183677098
1903,19.03,21.52353263486677,13.501100383801086,3.3629482651062297,-1.3950775991804683,-0.4971890327483793,-17.89816202030885,0.0,-20.0,-20.0,110.0,-24.87957945229246
1904,19.04,21.53397401211685,13.508426722459886,3.3589351007683312,-1.3949957629610423,-0.4974186898479927,-17.90757113780113,0.0,-20.0,-20.0,110.0,-24.89128563793631
1905,19.05,21.544415389366932,13.515753061118685,3.354921936430433,-1.3949138889376669,-0.4976483334779836,-17.916980255949653,0.0,-20.0,-20.0,110.0,-24.902991736731927
1906,19.06,21.554856766617014,13.523079399777485,3.3509087720925343,-1.3948319771125497,-0.49787796363212883,-17.926389374754642,0.0,-20.0,-20.0,110.0,-24.914697744800613
1907,19.07,21.565298143867096,13.530405738436285,3.346895607754636,-1.394750027487903,-0.4981075803042059,-17.935798494216357,0.0,-20.0,-20.0,110.0,-24.926403658261535
1908,19.080000000000002,21.57573952111718,13.537732077095084,3.3428824434167375,-1.3946680400659395,-0.4983371834879934,-17.945207614335068,0.0,-20.0,-20.0,110.0,-24.938109473231847
1909,19.09,21.58618089836726,13.545058415753884,3.338869279078839,-1.394586014848873,-0.4985667731772699,-17.954616735111042,0.0,-20.0,-20.0,110.0,-24.949815185826544
1910,19.1,21.596622275617342,13.552384754412685,3.3348561147409406,-1.3945039518389173,-0.4987963493658147,-17.96402585654454,0.0,-20.0,-20.0,110.0,-24.961520792158556
1911,19.11,21.607063652867424,13.559711093071487,3.330842950403042,-1.3944218510382895,-0.49902591204740704,-17.973434978635815,0.0,-20.0,-20.0,110.0,-24.973226288338676
1912,19.12,21.617505030117506,13.567037431730288,3.3268297860651437,-1.3943397124492058,-0.4992554612158266,-17.982844101385137,0.0,-20.0,-20.0,110.0,-24.984931670475564
1913,19.13,21.627946407367588,13.57436377038909,3.3228166217272452,-1.3942575360738843,-0.49948499686485337,-17.99225322479277,0.0,-20.0,-20.0,110.0,-24.99663693467571
1914,19.14,21.63838778461767,13.58169010904789,3.318803457389347,-1.394175321914544,-0.499714518988268,-18.00166234885898,0.0,-20.0,-20.0,110.0,-25.008342077043416
1915,19.150000000000002,21.648829161867752,13.589016447706692,3.3147902930514483,-1.3940930699734049,-0.49994402757985174,-18.011071473584032,0.0,-20.0,-20.0,110.0,-25.020047093680873
1916,19.16,21.659270539117834,13.596342786365494,3.31077712871355,-1.3940107802526882,-0.5001735226333853,-18.0204805989682,0.0,-20.0,-20.0,110.0,-25.031751980687964
1917,19.17,21.669711916367916,13.603669125024295,3.3067639643756515,-1.3939284527546147,-0.5004030041426508,-18.029889725011735,0.0,-20.0,-20.0,110.0,-25.043456734162444
1918,19.18,21.680153293617998,13.610995463683096,3.302750800037753,-1.3938460874814087,-0.50063247210143,-18.039298851714896,0.0,-20.0,-20.0,110.0,-25.05516135019979
1919,19.19,21.69059467086808,13.618321802341898,3.2987376356998546,-1.3937636844352934,-0.5008619265035049,-18.048707979077953,0.0,-20.0,-20.0,110.0,-25.066865824893238
1920,19.2,21.701036048118162,13.6256481410007,3.294724471361956,-1.393681243618495,-0.5010913673426585,-18.05811710710118,0.0,-20.0,-20.0,110.0,-25.07857015433379
1921,19.21,21.711477425368244,13.632974479659504,3.2907113070240572,-1.3935987650332387,-0.5013207946126736,-18.06752623578482,0.0,-20.0,-20.0,110.0,-25.090274334610143
1922,19.22,21.721918802618326,13.640300818318307,3.2866981426861583,-1.3935162486817512,-0.5015502083073343,-18.07693536512915,0.0,-20.0,-20.0,110.0,-25.1019783618087
1923,19.23,21.732360179868408,13.64762715697711,3.2826849783482595,-1.393433694566258,-0.5017796084204228,-18.08634449513439,0.0,-20.0,-20.0,110.0,-25.113682232013566
1924,19.240000000000002,21.74280155711849,13.654953495635914,3.2786718140103606,-1.3933511026889942,-0.5020089949457255,-18.095753625800885,0.0,-20.0,-20.0,110.0,-25.125385941306515
1925,19.25,21.753242934368572,13.662279834294717,3.2746586496724617,-1.3932684730521876,-0.5022383678770257,-18.105162757128856,0.0,-20.0,-20.0,110.0,-25.137089485766985
1926,19.26,21.763684311618654,13.66960617295352,3.270645485334563,-1.3931858056580686,-0.5024677272081083,-18.11457188911856,0.0,-20.0,-20.0,110.0,-25.148792861472067
1927,19.27,21.774125688868736,13.676932511612323,3.266632320996664,-1.3931031005088703,-0.5026970729327587,-18.12398102177027,0.0,-20.0,-20.0,110.0,-25.160496064496474
1928,19.28,21.784567066118818,13.684258850271126,3.262619156658765,-1.3930203576068252,-0.5029264050447623,-18.13339015508424,0.0,-20.0,-20.0,110.0,-25.172199090912546
1929,19.29,21.7950084433689,13.691585188929931,3.258605992320866,-1.3929375769541676,-0.5031557235379055,-18.142799289060736,0.0,-20.0,-20.0,110.0,-25.18390193679021
1930,19.3,21.805449820618982,13.698911527588736,3.2545928279829672,-1.3928547585531328,-0.5033850284059742,-18.15220842370002,0.0,-20.0,-20.0,110.0,-25.19560459819697
1931,19.31,21.815891197869064,13.706237866247541,3.2505796636450683,-1.3927719024059564,-0.5036143196427557,-18.16161755900236,0.0,-20.0,-20.0,110.0,-25.207307071197917
1932,19.32,21.826332575119146,13.713564204906346,3.2465664993071695,-1.3926890085148762,-0.5038435972420364,-18.171026694968003,0.0,-20.0,-20.0,110.0,-25.21900935185569
1933,19.330000000000002,21.836773952369228,13.720890543565151,3.2425533349692706,-1.3926060768821305,-0.5040728611976045,-18.180435831597226,0.0,-20.0,-20.0,110.0,-25.230711436230465
1934,19.34,21.84721532961931,13.728216882223956,3.2385401706313717,-1.3925231075099596,-0.5043021115032471,-18.1898449688903,0.0,-20.0,-20.0,110.0,-25.242413320379946
1935,19.35,21.857656706869392,13.73554322088276,3.234527006293473,-1.392440100400603,-0.5045313481527525,-18.199254106847462,0.0,-20.0,-20.0,110.0,-25.254115000359327
1936,19.36,21.868098084119474,13.742869559541566,3.230513841955574,-1.3923570555563025,-0.5047605711399094,-18.208663245468983,0.0,-20.0,-20.0,110.0,-25.265816472221324
1937,19.37,21.878539461369556,13.75019589820037,3.226500677617675,-1.3922739729793001,-0.5049897804585067,-18.21807238475513,0.0,-20.0,-20.0,110.0,-25.277517732016104
1938,19.38,21.888980838619638,13.757522236859177,3.222487513279776,-1.3921908526718392,-0.5052189761023339,-18.22748152470616,0.0,-20.0,-20.0,110.0,-25.28921877579131
1939,19.39,21.89942221586972,13.764848575517984,3.2184743489418772,-1.3921076946361646,-0.5054481580651808,-18.236890665322353,0.0,-20.0,-20.0,110.0,-25.30091959959202
1940,19.400000000000002,21.909863593119802,13.77217491417679,3.2144611846039783,-1.392024498874522,-0.5056773263408374,-18.24629980660396,0.0,-20.0,-20.0,110.0,-25.312620199460742
1941,19.41,21.920304970369884,13.779501252835598,3.2104480202660794,-1.3919412653891567,-0.5059064809230941,-18.255708948551245,0.0,-20.0,-20.0,110.0,-25.324320571437426
1942,19.42,21.930746347619966,13.786827591494404,3.2064348559281806,-1.3918579941823166,-0.5061356218057419,-18.265118091164485,0.0,-20.0,-20.0,110.0,-25.336020711559378
1943,19.43,21.941187724870048,13.794153930153211,3.2024216915902817,-1.3917746852562505,-0.5063647489825719,-18.27452723444393,0.0,-20.0,-20.0,110.0,-25.34772061586131
1944,19.44,21.95162910212013,13.801480268812018,3.198408527252383,-1.3916913386132073,-0.5065938624473755,-18.283936378389832,0.0,-20.0,-20.0,110.0,-25.359420280375314
1945,19.45,21.96207047937021,13.808806607470824,3.194395362914484,-1.391607954255436,-0.5068229621939425,-18.293345523002415,0.0,-20.0,-20.0,110.0,-25.37111970113083
1946,19.46,21.972511856620294,13.816132946129631,3.190382198576585,-1.3915245321851943,-0.5070520482160684,-18.302754668282017,0.0,-20.0,-20.0,110.0,-25.382818874154616
1947,19.47,21.982953233870376,13.823459284788438,3.186369034238686,-1.3914410724047301,-0.5072811205075447,-18.312163814228878,0.0,-20.0,-20.0,110.0,-25.394517795470783
1948,19.48,21.993394611120458,13.830785623447246,3.1823558699007872,-1.3913575749162976,-0.5075101790621647,-18.321572960843255,0.0,-20.0,-20.0,110.0,-25.406216461100712
1949,19.490000000000002,22.00383598837054,13.838111962106055,3.1783427055628883,-1.3912740397221517,-0.5077392238737211,-18.330982108125394,0.0,-20.0,-20.0,110.0,-25.417914867063107
1950,19.5,22.01427736562062,13.845438300764863,3.1743295412249894,-1.391190466824548,-0.5079682549360077,-18.340391256075563,0.0,-20.0,-20.0,110.0,-25.429613009373938
1951,19.51,22.024718742870704,13.852764639423672,3.1703163768870906,-1.3911068562257434,-0.5081972722428185,-18.349800404694022,0.0,-20.0,-20.0,110.0,-25.441310884046427
1952,19.52,22.035160120120786,13.86009097808248,3.1663032125491917,-1.391023207927997,-0.5084262757879479,-18.359209553981024,0.0,-20.0,-20.0,110.0,-25.453008487091058
1953,19.53,22.045601497370868,13.867417316741289,3.162290048211293,-1.3909395219335652,-0.5086552655651908,-18.36861870393683,0.0,-20.0,-20.0,110.0,-25.464705814515515
1954,19.54,22.05604287462095,13.874743655400097,3.158276883873394,-1.3908557982447087,-0.5088842415683428,-18.37802785456171,0.0,-20.0,-20.0,110.0,-25.476402862324736
1955,19.55,22.06648425187103,13.882069994058906,3.154263719535495,-1.390772036863688,-0.5091132037911995,-18.387437005855936,0.0,-20.0,-20.0,110.0,-25.48809962652082
1956,19.56,22.076925629121114,13.889396332717714,3.150250555197596,-1.3906882377927654,-0.5093421522275569,-18.39684615781976,0.0,-20.0,-20.0,110.0,-25.49979610310307
1957,19.57,22.087367006371196,13.896722671376525,3.1462373908596972,-1.3906044010342022,-0.509571086871211,-18.40625531045344,0.0,-20.0,-20.0,110.0,-25.51149228806794
1958,19.580000000000002,22.097808383621278,13.904049010035335,3.142224226521798,-1.3905205265902638,-0.5098000077159588,-18.415664463757242,0.0,-20.0,-20.0,110.0,-25.523188177409068
1959,19.59,22.10824976087136,13.911375348694145,3.1382110621838986,-1.3904366144632143,-0.5100289147555972,-18.425073617731414,0.0,-20.0,-20.0,110.0,-25.534883767117172
1960,19.6,22.11869113812144,13.918701687352955,3.1341978978459992,-1.390352664655321,-0.5102578079839232,-18.434482772376217,0.0,-20.0,-20.0,110.0,-25.546579053180135
1961,19.61,22.129132515371523,13.926028026011766,3.1301847335081,-1.3902686771688497,-0.5104866873947352,-18.44389192769193,0.0,-20.0,-20.0,110.0,-25.558274031582954
1962,19.62,22.139573892621605,13.933354364670576,3.1261715691702006,-1.3901846520060681,-0.5107155529818317,-18.453301083678813,0.0,-20.0,-20.0,110.0,-25.569968698307658
1963,19.63,22.150015269871687,13.940680703329386,3.1221584048323012,-1.390100589169245,-0.5109444047390109,-18.462710240337117,0.0,-20.0,-20.0,110.0,-25.581663049333393
1964,19.64,22.16045664712177,13.948007041988197,3.118145240494402,-1.3900164886606508,-0.5111732426600717,-18.472119397667097,0.0,-20.0,-20.0,110.0,-25.593357080636366
1965,19.650000000000002,22.17089802437185,13.955333380647007,3.1141320761565026,-1.3899323504825554,-0.5114020667388137,-18.481528555669023,0.0,-20.0,-20.0,110.0,-25.60505078818981
1966,19.66,22.181339401621933,13.962659719305819,3.1101189118186032,-1.3898481746372322,-0.511630876969036,-18.490937714343147,0.0,-20.0,-20.0,110.0,-25.616744167963986
1967,19.67,22.191780778872015,13.96998605796463,3.106105747480704,-1.3897639611269539,-0.5118596733445392,-18.500346873689736,0.0,-20.0,-20.0,110.0,-25.628437215926162
1968,19.68,22.202222156122097,13.977312396623443,3.1020925831428046,-1.3896797099539944,-0.5120884558591234,-18.509756033709053,0.0,-20.0,-20.0,110.0,-25.64012992804061
1969,19.69,22.21266353337218,13.984638735282255,3.0980794188049052,-1.3895954211206285,-0.51231722450659,-18.51916519440136,0.0,-20.0,-20.0,110.0,-25.651822300268577
1970,19.7,22.22310491062226,13.991965073941067,3.094066254467006,-1.3895110946291285,-0.5125459792807386,-18.528574355766875,0.0,-20.0,-20.0,110.0,-25.663514328568272
1971,19.71,22.233546287872343,13.999291412599879,3.0900530901291066,-1.3894267304817784,-0.5127747201753734,-18.53798351780594,0.0,-20.0,-20.0,110.0,-25.675206008894847
1972,19.72,22.243987665122425,14.006617751258691,3.0860399257912072,-1.389342328680853,-0.5130034471842947,-18.547392680518765,0.0,-20.0,-20.0,110.0,-25.686897337200403
1973,19.73,22.254429042372507,14.013944089917503,3.082026761453308,-1.3892578892286322,-0.5132321603013054,-18.556801843905635,0.0,-20.0,-20.0,110.0,-25.69858830943395
1974,19.740000000000002,22.26487041962259,14.021270428576315,3.0780135971154086,-1.3891734121273946,-0.5134608595202079,-18.56621100796679,0.0,-20.0,-20.0,110.0,-25.710278921541384
1975,19.75,22.27531179687267,14.028596767235127,3.0740004327775092,-1.3890888973794229,-0.5136895448348053,-18.575620172702504,0.0,-20.0,-20.0,110.0,-25.721969169465492
1976,19.76,22.285753174122753,14.035923105893941,3.06998726843961,-1.3890043449869978,-0.513918216238901,-18.58502933811301,0.0,-20.0,-20.0,110.0,-25.733659049145945
1977,19.77,22.296194551372835,14.043249444552755,3.0659741041017106,-1.3889197549524037,-0.5141468737262985,-18.594438504198592,0.0,-20.0,-20.0,110.0,-25.745348556519268
1978,19.78,22.306635928622917,14.050575783211569,3.0619609397638112,-1.388835127277925,-0.5143755172908023,-18.603847670959496,0.0,-20.0,-20.0,110.0,-25.757037687518785
1979,19.79,22.317077305873,14.057902121870383,3.057947775425912,-1.3887504619658468,-0.5146041469262166,-18.613256838395984,0.0,-20.0,-20.0,110.0,-25.768726438074683
1980,19.8,22.32751868312308,14.065228460529196,3.0539346110880126,-1.3886657590184555,-0.5148327626263466,-18.62266600650831,0.0,-20.0,-20.0,110.0,-25.780414804113953
1981,19.81,22.337960060373163,14.07255479918801,3.0499214467501132,-1.3885810184380372,-0.5150613643849975,-18.63207517529674,0.0,-20.0,-20.0,110.0,-25.792102781560352
1982,19.82,22.348401437623245,14.079881137846824,3.045908282412214,-1.38849624022688,-0.5152899521959753,-18.641484344761526,0.0,-20.0,-20.0,110.0,-25.803790366334418
1983,19.830000000000002,22.358842814873327,14.087207476505638,3.0418951180743146,-1.3884114243872736,-0.5155185260530857,-18.650893514902915,0.0,-20.0,-20.0,110.0,-25.81547755435346
1984,19.84,22.36928419212341,14.094533815164452,3.0378819537364152,-1.388326570921508,-0.5157470859501353,-18.660302685721195,0.0,-20.0,-20.0,110.0,-25.827164341531528
1985,19.85,22.37972556937349,14.101860153823267,3.033868789398516,-1.3882416798318757,-0.5159756318809311,-18.669711857216615,0.0,-20.0,-20.0,110.0,-25.838850723779373
1986,19.86,22.390166946623573,14.109186492482083,3.0298556250606166,-1.3881567511206692,-0.5162041638392797,-18.679121029389428,0.0,-20.0,-20.0,110.0,-25.850536697004493
1987,19.87,22.400608323873655,14.116512831140898,3.0258424607227172,-1.388071784790181,-0.516432681818989,-18.688530202239907,0.0,-20.0,-20.0,110.0,-25.862222257111064
1988,19.88,22.411049701123737,14.123839169799714,3.021829296384818,-1.387986780842705,-0.5166611858138674,-18.697939375768296,0.0,-20.0,-20.0,110.0,-25.873907399999933
1989,19.89,22.42149107837382,14.13116550845853,3.0178161320469186,-1.3879017392805375,-0.5168896758177225,-18.707348549974853,0.0,-20.0,-20.0,110.0,-25.885592121568624
1990,19.900000000000002,22.4319324556239,14.138491847117345,3.0138029677090192,-1.3878166601059743,-0.517118151824363,-18.71675772485983,0.0,-20.0,-20.0,110.0,-25.89727641771129
1991,19.91,22.442373832873983,14.145818185776161,3.00978980337112,-1.38773154332131,-0.5173466138275972,-18.726166900423436,0.0,-20.0,-20.0,110.0,-25.90896028431874
1992,19.92,22.452815210124065,14.153144524434977,3.0057766390332206,-1.3876463889288495,-0.5175750618212364,-18.735576076666046,0.0,-20.0,-20.0,110.0,-25.920643717278388
1993,19.93,22.463256587374147,14.160470863093792,3.0017634746953212,-1.387561196930889,-0.5178034957990899,-18.744985253587867,0.0,-20.0,-20.0,110.0,-25.932326712474236
1994,19.94,22.47369796462423,14.167797201752608,2.9977503103574215,-1.3874759673297292,-0.5180319157549677,-18.754394431189148,0.0,-20.0,-20.0,110.0,-25.94400926578688
1995,19.95,22.48413934187431,14.175123540411425,2.9937371460195217,-1.387390700127671,-0.5182603216826803,-18.76380360947016,0.0,-20.0,-20.0,110.0,-25.95569137309348
1996,19.96,22.494580719124393,14.182449879070242,2.989723981681622,-1.3873053953270174,-0.5184887135760391,-18.773212788431152,0.0,-20.0,-20.0,110.0,-25.967373030267748
1997,19.97,22.505022096374475,14.18977621772906,2.985710817343722,-1.3872200529300713,-0.5187170914288544,-18.782621968072377,0.0,-20.0,-20.0,110.0,-25.97905423317993
1998,19.98,22.515463473624557,14.197102556387877,2.9816976530058223,-1.3871346729391374,-0.518945455234939,-18.7920311483941,0.0,-20.0,-20.0,110.0,-25.990734977696803
1999,19.990000000000002,22.52590485087464,14.204428895046695,2.9776844886679226,-1.3870492553565221,-0.5191738049881044,-18.801440329396584,0.0,-20.0,-20.0,110.0,-26.002415259681626
2000,20.0,22.53634622812472,14.211755233705512,2.973671324330023,-1.386963800184532,-0.5194021406821631,-18.810849511080065,0.0,-20.0,-20.0,110.0,-26.014095074994156
