Step,Time,X,Y,Z,Roll,Pitch,Yaw,Thrust,GimbalYaw,GimbalPitch,Mass,Reward
0,0,-2.2999891920678572,0.3569900766291575,11.0,0.93717122665135,-6.666737954917501,-0.05458580601336584,0.0,0.0,0.0,110.0,0.0
1,0.01,-2.2925816329115634,0.37091379169816,10.964998080110705,0.9378727438555444,-6.666452006080991,-0.05876071140378526,0.0,-20.0,-20.0,110.0,-8.013842658029422
2,0.02,-2.2851747173037165,0.38483816657598285,10.929996095784666,0.939717502247525,-6.666027712846057,-0.07304842146870263,0.0,-20.0,-20.0,110.0,-7.980518210341479
3,0.03,-2.277767808370054,0.39876254773142944,10.894994110778397,0.9408323516345513,-6.665864599469035,-0.08268654515473561,0.0,-20.0,-20.0,110.0,-7.9455748602033935
4,0.04,-2.270360973258386,0.41268700428864014,10.859992118378512,0.9416507386285119,-6.665799669955627,-0.09034031075868396,0.0,-20.0,-20.0,110.0,-7.911365929143219
5,0.05,-2.262954149479962,0.42661146985073345,10.824990124801113,0.9424624902486682,-6.665748278647075,-0.09803357244583098,0.0,-20.0,-20.0,110.0,-7.877387011302878
6,0.06,-2.255547313822081,0.44053591888233806,10.789988132341577,0.9433505283056416,-6.665681196276299,-0.1063042779255211,0.0,-20.0,-20.0,110.0,-7.8434480820876065
7,0.07,-2.248140459540594,0.45446034512602174,10.754986141686,0.9443129827272227,-6.6655932630323305,-0.11508639055512257,0.0,-20.0,-20.0,110.0,-7.809505190045206
8,0.08,-2.2407335871594065,0.46838474986141704,10.71998415279422,0.9453289743497048,-6.665486980555717,-0.1241973416615226,0.0,-20.0,-20.0,110.0,-7.775563248603899
9,0.09,-2.2333266995594654,0.4823091363520979,10.68498216538294,0.9463789682532194,-6.665366580933731,-0.13348813896371325,0.0,-20.0,-20.0,110.0,-7.741634056926147
10,0.1,-2.2259198002272194,0.4962335088934551,10.649980179114923,0.947449188173256,-6.66523607394582,-0.14286725224228286,0.0,-20.0,-20.0,110.0,-7.707727812598113
11,0.11,-2.2185128923640036,0.5101578715731377,10.614978193682829,0.9485312558073223,-6.665098511187336,-0.1522869758526411,0.0,-20.0,-20.0,110.0,-7.673851170034764
12,0.12,-2.2111059784170957,0.5240822274280273,10.579976208850262,0.9496203096738342,-6.664955977040088,-0.1617246249016958,0.0,-20.0,-20.0,110.0,-7.640007656567445
13,0.13,-2.2036990600839443,0.5380065789999389,10.544974224460383,0.9507134647855779,-6.6648098816596,-0.17116993804923542,0.0,-20.0,-20.0,110.0,-7.6061991599253185
14,0.14,-2.196292138545998,0.5519309281805639,10.509972240406023,0.9518087041528377,-6.664661180562345,-0.1806185779120284,0.0,-20.0,-20.0,110.0,-7.57242672820993
15,0.15,-2.1888852146845466,0.5658552762358661,10.47497025660487,0.9529048591863994,-6.664510539003715,-0.19006886015956212,0.0,-20.0,-20.0,110.0,-7.53820268597837
16,0.16,-2.181478289116307,0.5797796239406305,10.439968272997508,0.9540014046769265,-6.6643584397519415,-0.1995200916691917,0.0,-20.0,-20.0,110.0,-7.503811004808895
17,0.17,-2.1740713622966683,0.5937039715517616,10.4049662895349,0.9550980838169075,-6.6642052242617895,-0.20897194400134564,0.0,-20.0,-20.0,110.0,-7.469444795408964
18,0.18,-2.1666644345387835,0.6076283192039592,10.369964306182647,0.95619476467897,-6.664051126750445,-0.2184242407940578,0.0,-20.0,-20.0,110.0,-7.4351042824161295
19,0.19,-2.159257506057217,0.6215526669623634,10.334962322916729,0.9572913834859236,-6.6638963052955065,-0.22787687477772472,0.0,-20.0,-20.0,110.0,-7.400789684795023
20,0.2,-2.1518505770022767,0.6354770148317954,10.299960339719656,0.958387921350396,-6.663740874340965,-0.2373297677026503,0.0,-20.0,-20.0,110.0,-7.3665012187970325
21,0.21,-2.144443647502059,0.649401362782801,10.264958356575967,0.9594843972892124,-6.663584927441554,-0.2467828524742967,0.0,-20.0,-20.0,110.0,-7.332239101632954
22,0.22,-2.137036717702815,0.6633257107359541,10.229956373467271,0.9605808577341318,-6.663428569894969,-0.2562360594655483,0.0,-20.0,-20.0,110.0,-7.29800355077037
23,0.23,-2.129629787701292,0.6772500586420006,10.194954390381453,0.9616773445608642,-6.663271895832435,-0.2656893321246871,0.0,-20.0,-20.0,110.0,-7.263794789960379
24,0.24,-2.122222857592194,0.6911744064583237,10.15995240730674,0.9627738736551037,-6.663114959375352,-0.2751426393137828,0.0,-20.0,-20.0,110.0,-7.229613046816554
25,0.25,-2.1148159274153326,0.7050987541820671,10.124950424238435,0.9638704458574179,-6.662957791375624,-0.28459596421683053,0.0,-20.0,-20.0,110.0,-7.195458548313834
26,0.26,-2.1074089971934282,0.7190231018215492,10.089948441174016,0.9649670544426879,-6.662800409292766,-0.2940492977508605,0.0,-20.0,-20.0,110.0,-7.161331522945212
27,0.27,-2.100002066939325,0.7329474493897042,10.054946458112196,0.9660636895829299,-6.662642822982227,-0.303502634936387,0.0,-20.0,-20.0,110.0,-7.127232201124839
28,0.28,-2.092595136660438,0.7468717969003278,10.019944475052332,0.9671603409619576,-6.662485038153037,-0.3129559729382588,0.0,-20.0,-20.0,110.0,-7.093160815436188
29,0.29,-2.085188206361392,0.7607961443660463,9.98494249199409,0.9682569991966091,-6.662327058378892,-0.32240931003121737,0.0,-20.0,-20.0,110.0,-7.0591176007864185
30,0.3,-2.077781276045473,0.774720491797414,9.949940508937258,0.9693536564586955,-6.662168886195282,-0.3318626450672373,0.0,-20.0,-20.0,110.0,-7.0251027945065285
31,0.31,-2.0703743457153387,0.7886448392027307,9.914938525881663,0.9704503065846618,-6.66201052363961,-0.34131597720976725,0.0,-20.0,-20.0,110.0,-6.991116636420988
32,0.32,-2.0629674153733117,0.8025691865882666,9.879936542827133,0.9715469449006714,-6.661851972477209,-0.35076930580618343,0.0,-20.0,-20.0,110.0,-6.957159368900498
33,0.33,-2.0555604850214646,0.816493533958656,9.844934559773504,0.9726435679321438,-6.661693234271295,-0.360222630328592,0.0,-20.0,-20.0,110.0,-6.923231236905644
34,0.34,-2.048153554661622,0.8304178813173066,9.809932576720618,0.9737401731052665,-6.661534310391248,-0.36967595034563006,0.0,-20.0,-20.0,110.0,-6.889332488025931
35,0.35000000000000003,-2.040746624295349,0.8443422286667489,9.774930593668334,0.9748367584944725,-6.661375202008347,-0.3791292655066252,0.0,-20.0,-20.0,110.0,-6.855463372517127
36,0.36,-2.0333396939239528,0.8582665760088972,9.739928610616529,0.9759333226321733,-6.6612159100989805,-0.3885825755296454,0.0,-20.0,-20.0,110.0,-6.8216241433381475
37,0.37,-2.0259327635484974,0.8721909233452318,9.7049266275651,0.9770298643758664,-6.6610564354591695,-0.3980358801905045,0.0,-20.0,-20.0,110.0,-6.787815056188468
38,0.38,-2.0185258331698357,0.8861152706769194,9.669924644513975,0.9781263828194007,-6.66089677872722,-0.40748917931235107,0.0,-20.0,-20.0,110.0,-6.754036369546237
39,0.39,-2.0111189027886414,0.9000396180048904,9.634922661463081,0.9792228772344451,-6.660736940409599,-0.4169424727561409,0.0,-20.0,-20.0,110.0,-6.720288344707156
40,0.4,-2.003711972405445,0.9139639653298928,9.599920678412374,0.9803193470310076,-6.660576920906133,-0.42639576041243693,0.0,-20.0,-20.0,110.0,-6.686571245824127
41,0.41000000000000003,-1.9963050420206645,0.9278883126525276,9.564918695361813,0.9814157917293818,-6.660416720532226,-0.43584904219466725,0.0,-20.0,-20.0,110.0,-6.652885339947492
42,0.42,-1.9888981116346272,0.9418126599732772,9.529916712311369,0.9825122109389467,-6.660256339537192,-0.4453023180338283,0.0,-20.0,-20.0,110.0,-6.619230897065902
43,0.43,-1.9814911812475922,0.9557370072925282,9.494914729261016,0.9836086043412945,-6.660095778118807,-0.45475558787440395,0.0,-20.0,-20.0,110.0,-6.585608190147783
44,0.44,-1.9740842508597645,0.9696613546105884,9.459912746210737,0.9847049716764127,-6.659935036434591,-0.4642088516712635,0.0,-20.0,-20.0,110.0,-6.552017495183309
45,0.45,-1.9666773204713066,0.9835857019277031,9.424910763160517,0.9858013127312797,-6.65977411461048,-0.4736621093873604,0.0,-20.0,-20.0,110.0,-6.518459091227021
46,0.46,-1.9592703900823478,0.997510049244067,9.389908780110341,0.9868976273304784,-6.659613012747486,-0.4831153609919499,0.0,-20.0,-20.0,110.0,-6.48493326044096
47,0.47000000000000003,-1.9518634596929907,1.0114343965598347,9.354906797060204,0.9879939153285523,-6.659451730926886,-0.4925686064592524,0.0,-20.0,-20.0,110.0,-6.451440288138445
48,0.48,-1.944456529303317,1.0253587438751286,9.319904814010094,0.9890901766038459,-6.659290269214269,-0.5020218457674317,0.0,-20.0,-20.0,110.0,-6.417980462828416
49,0.49,-1.9370495989133918,1.0392830911900466,9.28490283096001,0.9901864110535744,-6.659128627662729,-0.5114750788977472,0.0,-20.0,-20.0,110.0,-6.384554076260373
50,0.5,-1.9296426685232666,1.0532074385046655,9.249900847909943,0.9912826185899096,-6.658966806315413,-0.5209283058339282,0.0,-20.0,-20.0,110.0,-6.351161423469927
51,0.51,-1.9222357381329829,1.067131785819047,9.21489886485989,0.9923787991368852,-6.65880480520755,-0.5303815265616716,0.0,-20.0,-20.0,110.0,-6.317802802824991
52,0.52,-1.9148288077425728,1.0810561331332396,9.179896881809851,0.9934749526279434,-6.658642624368062,-0.5398347410682217,0.0,-20.0,-20.0,110.0,-6.284478516072481
53,0.53,-1.9074218773520628,1.0949804804472822,9.14489489875982,0.9945710790039914,-6.658480263820862,-0.5492879493420517,0.0,-20.0,-20.0,110.0,-6.251188868385742
54,0.54,-1.900014946961473,1.108904827761206,9.109892915709795,0.9956671782118722,-6.658317723585877,-0.5587411513726279,0.0,-20.0,-20.0,110.0,-6.217934168412461
55,0.55,-1.8926080165708201,1.122829175075035,9.074890932659777,0.9967632502031427,-6.6581550036798705,-0.5681943471501963,0.0,-20.0,-20.0,110.0,-6.184714728323231
56,0.56,-1.885201086180117,1.1367535223887888,9.039888949609763,0.9978592949331061,-6.6579921041170955,-0.577647536665609,0.0,-20.0,-20.0,110.0,-6.151530863860682
57,0.5700000000000001,-1.877794155789374,1.1506778697024829,9.004886966559752,0.9989553123600455,-6.657829024909809,-0.587100719910221,0.0,-20.0,-20.0,110.0,-6.11838289438919
58,0.58,-1.8703872253985996,1.1646022170161294,8.969884983509745,1.00005130244461,-6.657665766068683,-0.5965538968757638,0.0,-20.0,-20.0,110.0,-6.085271142945138
59,0.59,-1.8629802950077998,1.1785265643297382,8.93488300045974,1.0011472651493323,-6.657502327603136,-0.6060070675542875,0.0,-20.0,-20.0,110.0,-6.052195936287805
60,0.6,-1.8555733646169799,1.1924509116433175,8.899881017409736,1.0022432004382402,-6.657338709521583,-0.6154602319380938,0.0,-20.0,-20.0,110.0,-6.019157604950706
61,0.61,-1.8481664342261441,1.2063752589568728,8.864879034359735,1.003339108276548,-6.657174911831654,-0.6249133900196593,0.0,-20.0,-20.0,110.0,-5.986156483293512
62,0.62,-1.8407595038352957,1.2202996062704095,8.829877051309735,1.0044349886304162,-6.657010934540349,-0.634366541791622,0.0,-20.0,-20.0,110.0,-5.953192909554525
63,0.63,-1.8333525734444371,1.2342239535839312,8.794875068259735,1.0055308414667599,-6.656846777654162,-0.6438196872467653,0.0,-20.0,-20.0,110.0,-5.920267225903576
64,0.64,-1.8259456430535708,1.248148300897441,8.759873085209737,1.0066266667530872,-6.656682441179206,-0.6532728263779606,0.0,-20.0,-20.0,110.0,-5.887379778495498
65,0.65,-1.818538712662698,1.2620726482109417,8.724871102159739,1.0077224644573817,-6.656517925121271,-0.6627259591781538,0.0,-20.0,-20.0,110.0,-5.854530917523972
66,0.66,-1.8111317822718205,1.2759969955244348,8.68986911910974,1.008818234548003,-6.656353229485902,-0.6721790856403523,0.0,-20.0,-20.0,110.0,-5.821720997275897
67,0.67,-1.8037248518809386,1.2899213428379224,8.654867136059744,1.0099139769936114,-6.65618835427845,-0.6816322057576166,0.0,-20.0,-20.0,110.0,-5.788950376186153
68,0.68,-1.7963179214900538,1.303845690151405,8.619865153009748,1.0110096917631062,-6.656023299504111,-0.6910853195230495,0.0,-20.0,-20.0,110.0,-5.756219416892693
69,0.6900000000000001,-1.7889109910991665,1.3177700374648844,8.584863169959752,1.0121053788255774,-6.655858065167959,-0.7005384269297794,0.0,-20.0,-20.0,110.0,-5.723528486292118
70,0.7000000000000001,-1.781504060708277,1.3316943847783607,8.549861186909755,1.0132010381502619,-6.655692651274973,-0.7099915279709483,0.0,-20.0,-20.0,110.0,-5.690877955595478
71,0.71,-1.7740971303173858,1.3456187320918347,8.514859203859759,1.0142966697065183,-6.655527057830055,-0.7194446226397317,0.0,-20.0,-20.0,110.0,-5.65826820038444
72,0.72,-1.7666901999264937,1.359543079405307,8.479857220809762,1.0153922734638021,-6.65536128483805,-0.7288977109293161,0.0,-20.0,-20.0,110.0,-5.6256996006676605
73,0.73,-1.7592832695356002,1.373467426718778,8.444855237759766,1.0164878493916454,-6.6551953323037605,-0.7383507928329158,0.0,-20.0,-20.0,110.0,-5.5931725409374495
74,0.74,-1.751876339144706,1.3873917740322481,8.40985325470977,1.0175833974596402,-6.655029200231947,-0.7478038683437424,0.0,-20.0,-20.0,110.0,-5.560687410226505
75,0.75,-1.7444694087538115,1.4013161213457175,8.374851271659773,1.0186789176374258,-6.65486288862735,-0.7572569374550109,0.0,-20.0,-20.0,110.0,-5.528244602164923
76,0.76,-1.737062478362916,1.4152404686591862,8.339849288609777,1.0197744098946806,-6.654696397494684,-0.7667100001599513,0.0,-20.0,-20.0,110.0,-5.495844515037161
77,0.77,-1.7296555479720204,1.4291648159726544,8.30484730555978,1.0208698742011173,-6.6545297268386525,-0.776163056451812,0.0,-20.0,-20.0,110.0,-5.463487551839105
78,0.78,-1.7222486175811245,1.4430891632861225,8.269845322509784,1.0219653105264688,-6.654362876663947,-0.7856161063238299,0.0,-20.0,-20.0,110.0,-5.431174120335045
79,0.79,-1.7148416871902283,1.4570135105995903,8.234843339459788,1.0230607188404897,-6.654195846975249,-0.7950691497692369,0.0,-20.0,-20.0,110.0,-5.398904633114649
80,0.8,-1.707434756799332,1.470937857913058,8.199841356409792,1.0241560991129492,-6.654028637777239,-0.8045221867812753,0.0,-20.0,-20.0,110.0,-5.366679507649695
81,0.81,-1.7000278264084354,1.4848622052265257,8.164839373359795,1.0252514513136335,-6.653861249074591,-0.8139752173532065,0.0,-20.0,-20.0,110.0,-5.334499166350632
82,0.8200000000000001,-1.6926208960175388,1.4987865525399933,8.129837390309799,1.0263467754123365,-6.653693680871978,-0.8234282414782862,0.0,-20.0,-20.0,110.0,-5.30236403662277
83,0.8300000000000001,-1.685213965626642,1.5127108998534609,8.094835407259803,1.0274420713788583,-6.653525933174075,-0.83288125914976,0.0,-20.0,-20.0,110.0,-5.270274550922175
84,0.84,-1.6778070352357453,1.5266352471669287,8.059833424209806,1.0285373391830088,-6.653358005985555,-0.8423342703608813,0.0,-20.0,-20.0,110.0,-5.238231146811051
85,0.85,-1.6704001048448485,1.5405595944803965,8.02483144115981,1.0296325787946021,-6.653189899311097,-0.8517872751049047,0.0,-20.0,-20.0,110.0,-5.206234267012517
86,0.86,-1.6629931744539515,1.5544839417938645,7.989829458109814,1.0307277901834606,-6.65302161315538,-0.8612402733751022,0.0,-20.0,-20.0,110.0,-5.174284359464836
87,0.87,-1.6555862440630544,1.5684082891073325,7.954827475059819,1.0318229733194073,-6.652853147523082,-0.8706932651647307,0.0,-20.0,-20.0,110.0,-5.142381877374752
88,0.88,-1.6481793136721574,1.5823326364208008,7.919825492009823,1.0329181281722686,-6.652684502418892,-0.8801462504670429,0.0,-20.0,-20.0,110.0,-5.110527279270058
89,0.89,-1.6407723832812604,1.5962569837342693,7.884823508959828,1.0340132547118734,-6.652515677847498,-0.8895992292752998,0.0,-20.0,-20.0,110.0,-5.078721029051156
90,0.9,-1.6333654528903634,1.6101813310477378,7.8498215259098325,1.0351083529080554,-6.652346673813593,-0.8990522015827663,0.0,-20.0,-20.0,110.0,-5.046963596041432
91,0.91,-1.6259585224994664,1.6241056783612065,7.814819542859837,1.0362034227306476,-6.652177490321876,-0.9085051673827096,0.0,-20.0,-20.0,110.0,-5.015255455036493
92,0.92,-1.6185515921085694,1.6380300256746754,7.779817559809842,1.0372984641494862,-6.652008127377048,-0.917958126668376,0.0,-20.0,-20.0,110.0,-4.983597086351981
93,0.93,-1.6111446617176723,1.6519543729881445,7.744815576759846,1.0383934771344083,-6.651838584983815,-0.9274110794330276,0.0,-20.0,-20.0,110.0,-4.9519889758698
94,0.9400000000000001,-1.6037377313267753,1.6658787203016137,7.709813593709851,1.0394884616552544,-6.651668863146885,-0.9368640256699402,0.0,-20.0,-20.0,110.0,-4.920431615082739
95,0.9500000000000001,-1.596330800935878,1.679803067615083,7.674811610659855,1.0405834176818665,-6.651498961870979,-0.9463169653723879,0.0,-20.0,-20.0,110.0,-4.8889255011372095
96,0.96,-1.5889238705449809,1.6937274149285526,7.63980962760986,1.0416783451840863,-6.651328881160797,-0.9557698985336462,0.0,-20.0,-20.0,110.0,-4.857471136873954
97,0.97,-1.5815169401540836,1.7076517622420224,7.604807644559864,1.0427732441317605,-6.651158621021097,-0.9652228251469805,0.0,-20.0,-20.0,110.0,-4.8260690308665275
98,0.98,-1.5741100097631864,1.7215761095554925,7.569805661509869,1.0438681144947304,-6.650988181456594,-0.974675745205654,0.0,-20.0,-20.0,110.0,-4.7947196974574275
99,0.99,-1.5667030793722891,1.7355004568689625,7.534803678459873,1.044962956242843,-6.650817562472018,-0.9841286587029364,0.0,-20.0,-20.0,110.0,-4.763423656791555
100,1.0,-1.559296148981392,1.7494248041824327,7.499801695409878,1.0460577693459445,-6.650646764072113,-0.9935815656320925,0.0,-20.0,-20.0,110.0,-4.732181434846859
101,1.01,-1.5518892185904947,1.7633491514959032,7.464799712359882,1.0471525537738815,-6.650475786261624,-1.0030344659863901,0.0,-20.0,-20.0,110.0,-4.700993563461939
102,1.02,-1.5444822881995974,1.777273498809374,7.429797729309887,1.0482473094965055,-6.650304629045298,-1.012487359759104,0.0,-20.0,-20.0,110.0,-4.669860580360355
103,1.03,-1.5370753578087002,1.7911978461228448,7.3947957462598914,1.0493420364836652,-6.650133292427891,-1.0219402469435055,0.0,-20.0,-20.0,110.0,-4.638783029171321
104,1.04,-1.529668427417803,1.805122193436316,7.359793763209896,1.0504367347052113,-6.649961776414162,-1.031393127532871,0.0,-20.0,-20.0,110.0,-4.607761459446651
105,1.05,-1.5222614970269057,1.8190465407497873,7.3247917801599005,1.0515314041309964,-6.6497900810088755,-1.0408460015204684,0.0,-20.0,-20.0,110.0,-4.576796426673551
106,1.06,-1.5148545666360085,1.8329708880632587,7.289789797109905,1.0526260447308737,-6.6496182062168,-1.0502988688995787,0.0,-20.0,-20.0,110.0,-4.545888492283026
107,1.07,-1.5074476362451112,1.8468952353767303,7.25478781405991,1.0537206564746986,-6.649446152042711,-1.0597517296634886,0.0,-20.0,-20.0,110.0,-4.515038223653555
108,1.08,-1.500040705854214,1.860819582690202,7.219785831009914,1.054815239332326,-6.649273918491387,-1.0692045838054678,0.0,-20.0,-20.0,110.0,-4.484246194109739
109,1.09,-1.4926337754633168,1.8747439300036741,7.184783847959919,1.0559097932736101,-6.649101505567597,-1.0786574313187953,0.0,-20.0,-20.0,110.0,-4.453512982915533
110,1.1,-1.4852268450724195,1.8886682773171464,7.149781864909923,1.0570043182684123,-6.64892891327616,-1.0881102721967528,0.0,-20.0,-20.0,110.0,-4.422839175261751
111,1.11,-1.4778199146815223,1.9025926246306188,7.114779881859928,1.0580988142865893,-6.648756141621856,-1.0975631064326232,0.0,-20.0,-20.0,110.0,-4.392225362247431
112,1.12,-1.470412984290625,1.9165169719440913,7.079777898809932,1.0591932812979985,-6.648583190609486,-1.1070159340196817,0.0,-20.0,-20.0,110.0,-4.3616721408546475
113,1.1300000000000001,-1.4630060538997278,1.930441319257564,7.044775915759937,1.0602877192725013,-6.64841006024385,-1.1164687549512142,0.0,-20.0,-20.0,110.0,-4.331180113916387
114,1.1400000000000001,-1.4555991235088306,1.944365666571037,7.009773932709941,1.0613821281799571,-6.648236750529762,-1.1259215692204863,0.0,-20.0,-20.0,110.0,-4.300749890076994
115,1.1500000000000001,-1.4481921931179333,1.95829001388451,6.974771949659946,1.0624765079902267,-6.648063261472031,-1.135374376820769,0.0,-20.0,-20.0,110.0,-4.2703820837448525
116,1.16,-1.440785262727036,1.9722143611979834,6.93976996660995,1.063570858673173,-6.647889593075481,-1.144827177745357,0.0,-20.0,-20.0,110.0,-4.240077315036604
117,1.17,-1.4333783323361389,1.986138708511457,6.904767983559955,1.0646651801986629,-6.647715745344933,-1.1542799719875425,0.0,-20.0,-20.0,110.0,-4.209836209712618
118,1.18,-1.4259714019452416,2.000063055824931,6.8697660005099594,1.0657594725365602,-6.647541718285218,-1.1637327595406104,0.0,-20.0,-20.0,110.0,-4.179659399103029
119,1.19,-1.4185644715543444,2.0139874031384046,6.834764017459964,1.06685373565673,-6.647367511901169,-1.173185540397832,0.0,-20.0,-20.0,110.0,-4.149547520023908
120,1.2,-1.4111575411634472,2.027911750451879,6.7997620344099685,1.0679479695290368,-6.647193126197627,-1.1826383145524892,0.0,-20.0,-20.0,110.0,-4.119501214682855
121,1.21,-1.40375061077255,2.041836097765353,6.764760051359973,1.0690421741233522,-6.647018561179435,-1.1920910819978838,0.0,-20.0,-20.0,110.0,-4.089521130573538
122,1.22,-1.3963436803816527,2.0557604450788274,6.729758068309978,1.0701363494095457,-6.646843816851441,-1.2015438427273164,0.0,-20.0,-20.0,110.0,-4.059607920358442
123,1.23,-1.3889367499907554,2.069684792392302,6.694756085259982,1.0712304953574858,-6.646668893218503,-1.2109965967340666,0.0,-20.0,-20.0,110.0,-4.029762241739254
124,1.24,-1.3815298195998582,2.0836091397057768,6.659754102209987,1.0723246119370429,-6.646493790285475,-1.2204493440114204,0.0,-20.0,-20.0,110.0,-3.999984757314104
125,1.25,-1.374122889208961,2.097533487019252,6.624752119159991,1.0734186991180883,-6.646318508057226,-1.2299020845526656,0.0,-20.0,-20.0,110.0,-3.9702761344210384
126,1.26,-1.3667159588180637,2.111457834332727,6.589750136109996,1.0745127568704924,-6.646143046538621,-1.23935481835107,0.0,-20.0,-20.0,110.0,-3.9406370449668917
127,1.27,-1.3593090284271665,2.1253821816462026,6.55474815306,1.0756067851641304,-6.645967405734537,-1.248807545399937,0.0,-20.0,-20.0,110.0,-3.911068165240826
128,1.28,-1.3519020980362693,2.139306528959678,6.519746170010005,1.0767007839688765,-6.645791585649854,-1.2582602656925566,0.0,-20.0,-20.0,110.0,-3.8815701757116976
129,1.29,-1.344495167645372,2.153230876273154,6.484744186960009,1.077794753254605,-6.645615586289455,-1.2677129792222166,0.0,-20.0,-20.0,110.0,-3.8521437608084232
130,1.3,-1.3370882372544748,2.16715522358663,6.449742203910014,1.078888692991192,-6.645439407658213,-1.2771656859822185,0.0,-20.0,-20.0,110.0,-3.8227896086824407
131,1.31,-1.3296813068635776,2.181079570900106,6.414740220860018,1.0799826031485198,-6.645263049761053,-1.2866183859658609,0.0,-20.0,-20.0,110.0,-3.7935084109513375
132,1.32,-1.3222743764726803,2.1950039182135823,6.379738237810023,1.0810764836964633,-6.64508651260286,-1.2960710791664256,0.0,-20.0,-20.0,110.0,-3.7643008624227283
133,1.33,-1.314867446081783,2.208928265527059,6.3447362547600274,1.082170334604902,-6.6449097961885375,-1.305523765577206,0.0,-20.0,-20.0,110.0,-3.7351676607974102
134,1.34,-1.3074605156908858,2.2228526128405357,6.309734271710032,1.0832641558437162,-6.644732900522994,-1.314976445191503,0.0,-20.0,-20.0,110.0,-3.7061095063506433
135,1.35,-1.3000535852999886,2.2367769601540126,6.2747322886600365,1.0843579473827882,-6.644555825611147,-1.3244291180026218,0.0,-20.0,-20.0,110.0,-3.677127101590583
136,1.36,-1.2926466549090914,2.2507013074674895,6.239730305610041,1.0854517091920026,-6.644378571457909,-1.3338817840038617,0.0,-20.0,-20.0,110.0,-3.648221150892815
137,1.37,-1.2852397245181941,2.264625654780967,6.204728322560046,1.0865454412412405,-6.644201138068211,-1.3433344431885157,0.0,-20.0,-20.0,110.0,-3.619392360109678
138,1.3800000000000001,-1.277832794127297,2.2785500020944442,6.169726339510049,1.0876391435003847,-6.644023525446978,-1.3527870955498769,0.0,-20.0,-20.0,110.0,-3.5906414361533248
139,1.3900000000000001,-1.2704258637363997,2.292474349407922,6.134724356460053,1.0887328159393233,-6.6438457335991465,-1.362239741081256,0.0,-20.0,-20.0,110.0,-3.5619690865512044
140,1.4000000000000001,-1.2630189333455024,2.3063986967214,6.0997223734100565,1.0898264585279416,-6.643667762529653,-1.3716923797759457,0.0,-20.0,-20.0,110.0,-3.5333760189727164
141,1.41,-1.2556120029546052,2.320323044034878,6.06472039036006,1.0909200712361262,-6.643489612243444,-1.381145011627236,0.0,-20.0,-20.0,110.0,-3.5048629407257823
142,1.42,-1.248205072563708,2.3342473913483563,6.029718407310064,1.0920136540337635,-6.6433112827454694,-1.3905976366284312,0.0,-20.0,-20.0,110.0,-3.4764305582218213
143,1.43,-1.2407981421728107,2.3481717386618346,5.9947164242600675,1.0931072068907448,-6.643132774040681,-1.400050254772839,0.0,-20.0,-20.0,110.0,-3.448079576407869
144,1.44,-1.2333912117819135,2.3620960859753133,5.959714441210071,1.0942007297769627,-6.642954086134038,-1.40950286605378,0.0,-20.0,-20.0,110.0,-3.419810698164332
145,1.45,-1.2259842813910162,2.376020433288792,5.924712458160075,1.0952942226623075,-6.642775219030507,-1.4189554704645528,0.0,-20.0,-20.0,110.0,-3.391624623666835
146,1.46,-1.218577351000119,2.389944780602271,5.889710475110078,1.096387685516673,-6.642596172735054,-1.4284080679984668,0.0,-20.0,-20.0,110.0,-3.3635220497107325
147,1.47,-1.2111704206092218,2.4038691279157502,5.854708492060082,1.0974811183099498,-6.642416947252654,-1.4378606586488192,0.0,-20.0,-20.0,110.0,-3.3355036689965925
148,1.48,-1.2037634902183245,2.41779347522923,5.819706509010086,1.0985745210120343,-6.642237542588286,-1.447313242408924,0.0,-20.0,-20.0,110.0,-3.30757016937506
149,1.49,-1.1963565598274273,2.4317178225427094,5.784704525960089,1.099667893592823,-6.642057958746936,-1.4567658192720958,0.0,-20.0,-20.0,110.0,-3.279722233049469
150,1.5,-1.18894962943653,2.445642169856189,5.749702542910093,1.1007612360222103,-6.641878195733591,-1.4662183892316316,0.0,-20.0,-20.0,110.0,-3.2519605357344283
151,1.51,-1.1815426990456328,2.459566517169669,5.714700559860097,1.1018545482700906,-6.641698253553246,-1.475670952280825,0.0,-20.0,-20.0,110.0,-3.224285745768615
152,1.52,-1.1741357686547356,2.473490864483149,5.6796985768101,1.1029478303063642,-6.641518132210899,-1.485123508412998,0.0,-20.0,-20.0,110.0,-3.196698523180088
153,1.53,-1.1667288382638383,2.4874152117966295,5.644696593760104,1.104041082100931,-6.641337831711557,-1.494576057621459,0.0,-20.0,-20.0,110.0,-3.1691995187020754
154,1.54,-1.159321907872941,2.50133955911011,5.6096946107101076,1.105134303623691,-6.641157352060223,-1.5040285998995242,0.0,-20.0,-20.0,110.0,-3.141789372737556
155,1.55,-1.1519149774820439,2.5152639064235904,5.574692627660111,1.1062274948445456,-6.640976693261919,-1.5134811352405044,0.0,-20.0,-20.0,110.0,-3.1144687142706124
156,1.56,-1.1445080470911466,2.5291882537370713,5.539690644610115,1.1073206557333968,-6.6407958553216595,-1.522933663637708,0.0,-20.0,-20.0,110.0,-3.087238159722591
157,1.57,-1.1371011167002494,2.5431126010505523,5.5046886615601185,1.1084137862601433,-6.640614838244452,-1.5323861850844411,0.0,-20.0,-20.0,110.0,-3.060098311751139
158,1.58,-1.1296941863093521,2.5570369483640336,5.469686678510122,1.109506886394697,-6.640433642035359,-1.5418386995740254,0.0,-20.0,-20.0,110.0,-3.03304975798999
159,1.59,-1.122287255918455,2.570961295677515,5.434684695460126,1.11059995610696,-6.640252266699399,-1.5512912070997735,0.0,-20.0,-20.0,110.0,-3.0060930697276076
160,1.6,-1.1148803255275577,2.5848856429909968,5.399682712410129,1.1116929953668393,-6.6400707122416085,-1.5607437076550124,0.0,-20.0,-20.0,110.0,-2.9792288005224106
161,1.61,-1.1074733951366604,2.5988099903044786,5.364680729360133,1.1127860041442432,-6.639888978667035,-1.5701962012330588,0.0,-20.0,-20.0,110.0,-2.952457484752651
162,1.62,-1.1000664647457632,2.6127343376179604,5.329678746310137,1.1138789824090785,-6.639707065980725,-1.5796486878272278,0.0,-20.0,-20.0,110.0,-2.9257796360986887
163,1.6300000000000001,-1.092659534354866,2.6266586849314426,5.29467676326014,1.1149719301312548,-6.639524974187734,-1.589101167430832,0.0,-20.0,-20.0,110.0,-2.89919574595563
164,1.6400000000000001,-1.0852526039639687,2.640583032244925,5.259674780210144,1.116064847280682,-6.639342703293121,-1.5985536400371863,0.0,-20.0,-20.0,110.0,-2.8727062817741054
165,1.6500000000000001,-1.0778456735730715,2.6545073795584075,5.224672797160148,1.1171577338272727,-6.639160253301947,-1.6080061056396204,0.0,-20.0,-20.0,110.0,-2.8463116853269965
166,1.6600000000000001,-1.0704387431821742,2.6684317268718902,5.189670814110151,1.1182505897409385,-6.638977624219283,-1.6174585642314534,0.0,-20.0,-20.0,110.0,-2.820012370900134
167,1.67,-1.063031812791277,2.6823560741853734,5.154668831060155,1.1193434149915924,-6.638794816050205,-1.6269110158059914,0.0,-20.0,-20.0,110.0,-2.793808723404538
168,1.68,-1.0556248824003798,2.6962804214988565,5.119666848010159,1.120436209549148,-6.638611828799788,-1.6363634603565598,0.0,-20.0,-20.0,110.0,-2.7677010964083117
169,1.69,-1.0482179520094825,2.7102047688123396,5.084664864960162,1.1215289733835216,-6.638428662473119,-1.6458158978764896,0.0,-20.0,-20.0,110.0,-2.7416898100858624
170,1.7,-1.0408110216185853,2.724129116125823,5.049662881910166,1.1226217064646296,-6.6382453170752855,-1.655268328359105,0.0,-20.0,-20.0,110.0,-2.7157751490824733
171,1.71,-1.033404091227688,2.738053463439307,5.0146608988601695,1.1237144087623907,-6.6380617926113805,-1.6647207517977323,0.0,-20.0,-20.0,110.0,-2.6899573602920963
172,1.72,-1.0259971608367908,2.751977810752791,4.979658915810173,1.1248070802467236,-6.637878089086505,-1.6741731681856966,0.0,-20.0,-20.0,110.0,-2.6642366505462904
173,1.73,-1.0185902304458936,2.765902158066275,4.944656932760177,1.1258997208875463,-6.637694206505763,-1.6836255775163211,0.0,-20.0,-20.0,110.0,-2.6386131842124234
174,1.74,-1.0111833000549963,2.7798265053797593,4.9096549497101805,1.1269923306547793,-6.637510144874261,-1.693077979782927,0.0,-20.0,-20.0,110.0,-2.6130870806990587
175,1.75,-1.003776369664099,2.7937508526932437,4.874652966660184,1.1280849095183447,-6.637325904197114,-1.7025303749788447,0.0,-20.0,-20.0,110.0,-2.587658411866792
176,1.76,-0.9963694392732019,2.807675200006728,4.839650983610188,1.1291774574481654,-6.637141484479442,-1.7119827630974134,0.0,-20.0,-20.0,110.0,-2.5623271993426626
177,1.77,-0.9889625088823046,2.821599547320213,4.804649000560191,1.1302699744141653,-6.636956885726366,-1.7214351441319602,0.0,-20.0,-20.0,110.0,-2.537093411736414
178,1.78,-0.9815555784914074,2.835523894633698,4.769647017510195,1.1313624603862693,-6.636772107943019,-1.7308875180758123,0.0,-20.0,-20.0,110.0,-2.5119569617571176
179,1.79,-0.9741486481005102,2.8494482419471834,4.734645034460199,1.132454915334403,-6.63658715113453,-1.7403398849222973,0.0,-20.0,-20.0,110.0,-2.486917703228445
180,1.8,-0.9667417177096129,2.8633725892606687,4.699643051410202,1.1335473392284907,-6.636402015306043,-1.749792244664737,0.0,-20.0,-20.0,110.0,-2.4619754280014394
181,1.81,-0.9593347873187157,2.8772969365741545,4.664641068360206,1.1346397320384614,-6.636216700462698,-1.7592445972964659,0.0,-20.0,-20.0,110.0,-2.4371298627633284
182,1.82,-0.9519278569278184,2.8912212838876403,4.62963908531021,1.1357320937342412,-6.63603120660963,-1.7686969428108146,0.0,-20.0,-20.0,110.0,-2.412380665741409
183,1.83,-0.9445209265369212,2.905145631201126,4.594637102260213,1.136824424285764,-6.635845533752021,-1.7781492812011261,0.0,-20.0,-20.0,110.0,-2.387727423300969
184,1.84,-0.937113996146024,2.9190699785146124,4.559635119210217,1.1379167236629613,-6.635659681895017,-1.787601612460742,0.0,-20.0,-20.0,110.0,-2.3631696464365497
185,1.85,-0.9297070657551267,2.9329943258280986,4.524633136160221,1.1390089918357622,-6.635473651043782,-1.7970539365829843,0.0,-20.0,-20.0,110.0,-2.3387067671558284
186,1.86,-0.9223001353642295,2.9469186731415853,4.489631153110224,1.1401012287741004,-6.635287441203482,-1.806506253561201,0.0,-20.0,-20.0,110.0,-2.3143381347558902
187,1.87,-0.9148932049733323,2.960843020455072,4.454629170060228,1.1411934344479109,-6.6351010523792935,-1.815958563388725,0.0,-20.0,-20.0,110.0,-2.290063011991549
188,1.8800000000000001,-0.907486274582435,2.974767367768559,4.4196271870102315,1.1422856088271267,-6.634914484576394,-1.8254108660588906,0.0,-20.0,-20.0,110.0,-2.265880571135874
189,1.8900000000000001,-0.9000793441915378,2.9886917150820462,4.384625203960235,1.1433777518816859,-6.634727737799968,-1.8348631615650453,0.0,-20.0,-20.0,110.0,-2.241789889933167
190,1.9000000000000001,-0.8926724138006406,3.0026160623955334,4.349623220910239,1.144469863581525,-6.634540812055201,-1.8443154499005259,0.0,-20.0,-20.0,110.0,-2.2177899474449188
191,1.9100000000000001,-0.8852654834097433,3.016540409709021,4.314621237860242,1.1455619438965827,-6.634353707347293,-1.853767731058676,0.0,-20.0,-20.0,110.0,-2.1938796197895813
192,1.92,-0.8778585530188461,3.0304647570225085,4.279619254810246,1.1466539927967971,-6.634166423681437,-1.8632200050328331,0.0,-20.0,-20.0,110.0,-2.1700576757772825
193,1.93,-0.8704516226279488,3.0443891043359965,4.24461727176025,1.1477460102521082,-6.633978961062837,-1.8726722718163378,0.0,-20.0,-20.0,110.0,-2.146322772440842
194,1.94,-0.8630446922370516,3.0583134516494845,4.209615288710253,1.1488379962324573,-6.633791319496704,-1.8821245314025277,0.0,-20.0,-20.0,110.0,-2.12267345046478
195,1.95,-0.8556377618461544,3.0722377989629726,4.174613305660257,1.1499299507077863,-6.633603498988251,-1.89157678378475,0.0,-20.0,-20.0,110.0,-2.0991081295144323
196,1.96,-0.8482308314552571,3.086162146276461,4.139611322610261,1.1510218736480387,-6.633415499542695,-1.9010290289563474,0.0,-20.0,-20.0,110.0,-2.0756251034674986
197,1.97,-0.8408239010643599,3.1000864935899495,4.104609339560264,1.152113765023159,-6.633227321165261,-1.9104812669106674,0.0,-20.0,-20.0,110.0,-2.052222535550726
198,1.98,-0.8334169706734627,3.1140108409034384,4.069607356510268,1.1532056248030933,-6.633038963861179,-1.9199334976410563,0.0,-20.0,-20.0,110.0,-2.0288984533848624
199,1.99,-0.8260100402825654,3.1279351882169273,4.034605373460272,1.1542974529577872,-6.632850427635679,-1.9293857211408647,0.0,-20.0,-20.0,110.0,-2.0056507439413678
200,2.0,-0.8186031098916682,3.1418595355304166,3.9996033904102752,1.1553892494571898,-6.632661712494,-1.9388379374034403,0.0,-20.0,-20.0,110.0,-1.983072063012651
201,2.0100000000000002,-0.8111961795007709,3.155783882843906,3.964601407360279,1.156481014271248,-6.632472818441388,-1.948290146422132,0.0,-20.0,-20.0,110.0,-1.9949740341085254
202,2.02,-0.8037892491098737,3.1697082301573953,3.9295994243102825,1.1575727473699122,-6.63228374548309,-1.9577423481902838,0.0,-20.0,-20.0,110.0,-2.006956046909774
203,2.0300000000000002,-0.7963823187189765,3.183632577470885,3.894597441260286,1.1586644487231328,-6.6320944936243595,-1.9671945427012454,0.0,-20.0,-20.0,110.0,-2.0190260984946993
204,2.04,-0.7889753883280792,3.197556924784375,3.85959545821029,1.159756118300862,-6.631905062870456,-1.976646729948375,0.0,-20.0,-20.0,110.0,-2.031192025523652
205,2.05,-0.781568457937182,3.211481272097865,3.8245934751602935,1.1608477560730481,-6.631715453226627,-1.9860989099250115,0.0,-20.0,-20.0,110.0,-2.043461502047185
206,2.06,-0.7741615275462848,3.2254056194113554,3.789591492110297,1.1619393620096523,-6.631525664698169,-1.9955510826245246,0.0,-20.0,-20.0,110.0,-2.055842037263903
207,2.07,-0.7667545971553875,3.239329966724846,3.7545895090603008,1.1630309360806252,-6.631335697290343,-2.0050032480402553,0.0,-20.0,-20.0,110.0,-2.0683409732359497
208,2.08,-0.7593476667644903,3.2532543140383368,3.7195875260103044,1.1641224782559214,-6.631145551008427,-2.0144554061655504,0.0,-20.0,-20.0,110.0,-2.080965482569822
209,2.09,-0.751940736373593,3.2671786613518274,3.684585542960308,1.1652139885055002,-6.630955225857705,-2.0239075569937692,0.0,-20.0,-20.0,110.0,-2.0937225660711007
210,2.1,-0.7445338059826958,3.2811030086653186,3.6495835599103117,1.1663054667993196,-6.630764721843462,-2.0333597005182753,0.0,-20.0,-20.0,110.0,-2.106619050381762
211,2.11,-0.7371268755917986,3.2950273559788097,3.6145815768603153,1.167396913107337,-6.630574038970996,-2.0428118367324166,0.0,-20.0,-20.0,110.0,-2.1196615856092276
212,2.12,-0.7297199452009013,3.3089517032923013,3.579579593810319,1.1684883273995132,-6.6303831772456014,-2.052263965629551,0.0,-20.0,-20.0,110.0,-2.132856642956542
213,2.13,-0.7223130148100041,3.322876050605793,3.5445776107603226,1.1695797096458076,-6.6301921366725844,-2.0617160872030236,0.0,-20.0,-20.0,110.0,-2.1462105123635253
214,2.14,-0.7149060844191069,3.336800397919285,3.5095756277103263,1.1706710598161831,-6.630000917257252,-2.0711682014461936,0.0,-20.0,-20.0,110.0,-2.1597293001689475
215,2.15,-0.7074991540282096,3.350724745232777,3.47457364466033,1.1717623778806054,-6.629809519004918,-2.080620308352442,0.0,-20.0,-20.0,110.0,-2.173418926804071
216,2.16,-0.7000922236373124,3.364649092546269,3.4395716616103336,1.1728536638090383,-6.629617941920899,-2.0900724079151316,0.0,-20.0,-20.0,110.0,-2.187285124528123
217,2.17,-0.6926852932464151,3.3785734398597613,3.404569678560337,1.173944917571449,-6.62942618601052,-2.09952450012763,0.0,-20.0,-20.0,110.0,-2.2013334352166605
218,2.18,-0.6852783628555179,3.392497787173254,3.369567695510341,1.1750361391378021,-6.629234251279107,-2.1089765849832895,0.0,-20.0,-20.0,110.0,-2.215569208213564
219,2.19,-0.6778714324646207,3.4064221344867467,3.3345657124603445,1.1761273284780653,-6.629042137731996,-2.1184286624754716,0.0,-20.0,-20.0,110.0,-2.229997598258102
220,2.2,-0.6704645020737234,3.4203464818002396,3.299563729410348,1.1772184855622057,-6.628849845374521,-2.1278807325975264,0.0,-20.0,-20.0,110.0,-2.244623563498075
221,2.21,-0.6630575716828262,3.434270829113733,3.264561746360352,1.1783096103601935,-6.628657374212032,-2.137332795342828,0.0,-20.0,-20.0,110.0,-2.259451863600386
222,2.22,-0.655650641291929,3.4481951764272263,3.2295597633103554,1.179400702842002,-6.628464724249872,-2.1467848507047522,0.0,-20.0,-20.0,110.0,-2.2744870579705108
223,2.23,-0.6482437109010317,3.4621195237407196,3.194557780260359,1.1804917629776026,-6.628271895493393,-2.15623689867667,0.0,-20.0,-20.0,110.0,-2.2897335040919176
224,2.24,-0.6408367805101345,3.4760438710542134,3.1595557972103627,1.1815827907369665,-6.6280788879479555,-2.1656889392519396,0.0,-20.0,-20.0,110.0,-2.305195355996847
225,2.25,-0.6334298501192372,3.489968218367707,3.1245538141603664,1.1826737860900685,-6.627885701618923,-2.1751409724239243,0.0,-20.0,-20.0,110.0,-2.320876562879338
226,2.2600000000000002,-0.62602291972834,3.5038925656812014,3.08955183111037,1.1837647490068828,-6.627692336511661,-2.184592998185988,0.0,-20.0,-20.0,110.0,-2.3367808678615494
227,2.27,-0.6186159893374428,3.5178169129946957,3.0545498480603737,1.1848556794573857,-6.627498792631546,-2.194045016531503,0.0,-20.0,-20.0,110.0,-2.3529118069238333
228,2.2800000000000002,-0.6112090589465455,3.5317412603081904,3.0195478650103773,1.185946577411554,-6.627305069983953,-2.2034970274538357,0.0,-20.0,-20.0,110.0,-2.3692727080090363
229,2.29,-0.6038021285556483,3.545665607621685,2.984545881960381,1.187037442839367,-6.627111168574266,-2.2129490309463624,0.0,-20.0,-20.0,110.0,-2.385866690310853
230,2.3000000000000003,-0.5963951981647511,3.5595899549351797,2.9495438989103846,1.1881282757108034,-6.6269170884078745,-2.222401027002451,0.0,-20.0,-20.0,110.0,-2.402696663755943
231,2.31,-0.5889882677738538,3.573514302248675,2.9145419158603882,1.1892190759958436,-6.626722829490171,-2.231853015615478,0.0,-20.0,-20.0,110.0,-2.419765328688697
232,2.32,-0.5815813373829566,3.58743864956217,2.879539932810392,1.1903098436644703,-6.626528391826549,-2.2413049967788172,0.0,-20.0,-20.0,110.0,-2.437075175767305
233,2.33,-0.5741744069920593,3.6013629968756655,2.8445379497603955,1.191400578686664,-6.626333775422417,-2.250756970485848,0.0,-20.0,-20.0,110.0,-2.454628486079094
234,2.34,-0.5667674766011621,3.615287344189161,2.809535966710399,1.192491281032411,-6.626138980283179,-2.2602089367299523,0.0,-20.0,-20.0,110.0,-2.472427331482341
235,2.35,-0.5593605462102649,3.629211691502657,2.774533983660403,1.1935819506716923,-6.625944006414235,-2.269660895504486,0.0,-20.0,-20.0,110.0,-2.490473575181199
236,2.36,-0.5519536158193676,3.643136038816153,2.7395320006104065,1.1946725875744986,-6.625748853821031,-2.2791128468028483,0.0,-20.0,-20.0,110.0,-2.50876887253963
237,2.37,-0.5445466854284704,3.657060386129649,2.70453001756041,1.1957631917108156,-6.625553522508976,-2.2885647906184117,0.0,-20.0,-20.0,110.0,-2.5273146721394033
238,2.38,-0.5371397550375732,3.6709847334431456,2.6695280345104138,1.1968537630506297,-6.625358012483498,-2.2980167269445473,0.0,-20.0,-20.0,110.0,-2.5461122170862795
239,2.39,-0.5297328246466759,3.684909080756642,2.6345260514604174,1.19794430156393,-6.625162323750029,-2.3074686557746227,0.0,-20.0,-20.0,110.0,-2.565162546567833
240,2.4,-0.5223258942557787,3.698833428070139,2.599524068410421,1.1990348072207073,-6.624966456314008,-2.316920577102034,0.0,-20.0,-20.0,110.0,-2.5844664976652667
241,2.41,-0.5149189638648815,3.712757775383636,2.5645220853604247,1.200125279990953,-6.624770410180877,-2.326372490920155,0.0,-20.0,-20.0,110.0,-2.604024707420676
242,2.42,-0.5075120334739842,3.7266821226971327,2.5295201023104283,1.2012157198446585,-6.624574185356082,-2.335824397222376,0.0,-20.0,-20.0,110.0,-2.623837615160324
243,2.43,-0.500105103083087,3.74060647001063,2.494518119260432,1.202306126751819,-6.624377781845077,-2.3452762960020817,0.0,-20.0,-20.0,110.0,-2.643905465073314
244,2.44,-0.4926981726921897,3.7545308173241274,2.4595161362104356,1.203396500682428,-6.62418119965332,-2.354728187252654,0.0,-20.0,-20.0,110.0,-2.66422830904426
245,2.45,-0.4852912423012924,3.768455164637625,2.4245141531604393,1.2044868416064831,-6.623984438786273,-2.364180070967477,0.0,-20.0,-20.0,110.0,-2.68480600973729
246,2.46,-0.4778843119103951,3.782379511951123,2.389512170110443,1.205577149493978,-6.623787499249405,-2.373631947139928,0.0,-20.0,-20.0,110.0,-2.705638243927917
247,2.47,-0.4704773815194978,3.796303859264621,2.3545101870604466,1.2066674243149111,-6.623590381048188,-2.383083815763396,0.0,-20.0,-20.0,110.0,-2.7267245060781424
248,2.48,-0.4630704511286005,3.8102282065781194,2.31950820401045,1.2077576660392817,-6.623393084188096,-2.3925356768312747,0.0,-20.0,-20.0,110.0,-2.7480641121491516
249,2.49,-0.4556635207377032,3.8241525538916177,2.284506220960454,1.20884787463709,-6.6231956086746155,-2.4019875303369513,0.0,-20.0,-20.0,110.0,-2.769656203645105
250,2.5,-0.4482565903468059,3.8380769012051164,2.2495042379104575,1.2099380500783379,-6.622997954513234,-2.4114393762738056,0.0,-20.0,-20.0,110.0,-2.7914997518803655
251,2.5100000000000002,-0.44084965995590863,3.852001248518615,2.214502254860461,1.211028192333027,-6.622800121709441,-2.420891214635235,0.0,-20.0,-20.0,110.0,-2.8135935624616724
252,2.52,-0.43344272956501134,3.865925595832114,2.179500271810465,1.2121183013711614,-6.622602110268737,-2.4303430454146326,0.0,-20.0,-20.0,110.0,-2.8359362799758534
253,2.5300000000000002,-0.42603579917411405,3.8798499431456133,2.1444982887604684,1.2132083771627449,-6.622403920196621,-2.4397948686053836,0.0,-20.0,-20.0,110.0,-2.8585263928728084
254,2.54,-0.41862886878321676,3.893774290459113,2.109496305710472,1.2142984196777817,-6.622205551498605,-2.449246684200868,0.0,-20.0,-20.0,110.0,-2.8813622385325752
255,2.5500000000000003,-0.41122193839231946,3.9076986377726124,2.0744943226604757,1.2153884288862786,-6.622007004180197,-2.458698492194486,0.0,-20.0,-20.0,110.0,-2.9044420085047276
256,2.56,-0.40381500800142217,3.921622985086112,2.0394923396104794,1.2164784047582435,-6.621808278246918,-2.4681502925796295,0.0,-20.0,-20.0,110.0,-2.9277637539074632
257,2.57,-0.3964080776105249,3.935547332399612,2.004490356560483,1.2175683472636847,-6.6216093737042865,-2.477602085349686,0.0,-20.0,-20.0,110.0,-2.9513253909731363
258,2.58,-0.3890011472196276,3.949471679713112,1.9694883735104867,1.2186582563726094,-6.621410290557817,-2.48705387049805,0.0,-20.0,-20.0,110.0,-2.9751247067265494
259,2.59,-0.3815942168287303,3.9633960270266124,1.9344863904604903,1.219748132055034,-6.6212110288130726,-2.496505648018135,0.0,-20.0,-20.0,110.0,-2.9991593647816206
260,2.6,-0.374187286437833,3.977320374340113,1.899484407410494,1.220837974280971,-6.6210115884755725,-2.5059574179033444,0.0,-20.0,-20.0,110.0,-3.023426911241722
261,2.61,-0.3667803560469357,3.9912447216536138,1.8644824243604976,1.2219277830204318,-6.620811969550861,-2.515409180147071,0.0,-20.0,-20.0,110.0,-3.0479247806887173
262,2.62,-0.3593734256560384,4.005169068967114,1.8294804413105012,1.2230175582434304,-6.620612172044485,-2.52486093474271,0.0,-20.0,-20.0,110.0,-3.0726503022451586
263,2.63,-0.3519664952651411,4.019093416280615,1.7944784582605047,1.2241072999199825,-6.620412195961995,-2.534312681683655,0.0,-20.0,-20.0,110.0,-3.097600705694338
264,2.64,-0.34455956487424383,4.033017763594116,1.7594764752105083,1.225197008020105,-6.6202120413089505,-2.54376442096331,0.0,-20.0,-20.0,110.0,-3.122773127642384
265,2.65,-0.33715263448334654,4.046942110907618,1.7244744921605117,1.226286682513816,-6.620011708090912,-2.553216152575086,0.0,-20.0,-20.0,110.0,-3.148164617706783
266,2.66,-0.32974570409244924,4.06086645822112,1.6894725091105152,1.2273763233711354,-6.619811196313447,-2.5626678765123914,0.0,-20.0,-20.0,110.0,-3.1737721447157186
267,2.67,-0.32233877370155195,4.074790805534621,1.6544705260605186,1.2284659305620809,-6.619610505982126,-2.5721195927686167,0.0,-20.0,-20.0,110.0,-3.1995926029027086
268,2.68,-0.31493184331065466,4.088715152848123,1.619468543010522,1.2295555040566732,-6.619409637102528,-2.581571301337159,0.0,-20.0,-20.0,110.0,-3.2256228180813116
269,2.69,-0.30752491291975736,4.102639500161625,1.5844665599605254,1.230645043824935,-6.619208589680235,-2.591023002211424,0.0,-20.0,-20.0,110.0,-3.251859553784745
270,2.7,-0.30011798252886007,4.116563847475128,1.5494645769105289,1.2317345498368883,-6.619007363720833,-2.600474695384811,0.0,-20.0,-20.0,110.0,-3.278299517355971
271,2.71,-0.2927110521379628,4.13048819478863,1.5144625938605323,1.2328240220625575,-6.618805959229913,-2.609926380850729,0.0,-20.0,-20.0,110.0,-3.3049393659738424
272,2.72,-0.2853041217470655,4.144412542102133,1.4794606108105357,1.23391346047197,-6.6186043762130735,-2.6193780586026016,0.0,-20.0,-20.0,110.0,-3.3317757126016825
273,2.73,-0.2778971913561682,4.158336889415636,1.4444586277605391,1.2350028650351534,-6.618402614675915,-2.6288297286338302,0.0,-20.0,-20.0,110.0,-3.358805131844932
274,2.74,-0.2704902609652709,4.172261236729139,1.4094566447105425,1.2360922357221333,-6.618200674624046,-2.63828139093782,0.0,-20.0,-20.0,110.0,-3.386024165705474
275,2.75,-0.2630833305743736,4.186185584042643,1.374454661660546,1.237181572502939,-6.617998556063077,-2.6477330455079793,0.0,-20.0,-20.0,110.0,-3.4134293292205338
276,2.7600000000000002,-0.2556764001834763,4.200109931356146,1.3394526786105494,1.2382708753475984,-6.617796258998626,-2.65718469233771,0.0,-20.0,-20.0,110.0,-3.44101711597482
277,2.77,-0.248269469792579,4.21403427866965,1.3044506955605528,1.2393601442261404,-6.617593783436298,-2.6666363314204147,0.0,-20.0,-20.0,110.0,-3.4687840034756072
278,2.7800000000000002,-0.24086253940168167,4.227958625983153,1.2694487125105562,1.2404493791086038,-6.61739112938175,-2.6760879627495244,0.0,-20.0,-20.0,110.0,-3.4967264583807016
279,2.79,-0.23345560901078435,4.241882973296658,1.2344467294605597,1.2415385799650196,-6.6171882968406,-2.685539586318459,0.0,-20.0,-20.0,110.0,-3.5248409415705497
280,2.8000000000000003,-0.22604867861988703,4.255807320610162,1.199444746410563,1.242627746765422,-6.616985285818481,-2.6949912021206233,0.0,-20.0,-20.0,110.0,-3.5531239130561336
281,2.81,-0.2186417482289897,4.269731667923667,1.1644427633605665,1.2437168794798465,-6.61678209632104,-2.7044428101494296,0.0,-20.0,-20.0,110.0,-3.5815718367154163
282,2.82,-0.2112348178380924,4.283656015237171,1.12944078031057,1.2448059780783296,-6.616578728353919,-2.7138944103982987,0.0,-20.0,-20.0,110.0,-3.610181184851762
283,2.83,-0.20382788744719507,4.297580362550676,1.0944387972605734,1.2458950425309092,-6.6163751819227725,-2.7233460028606498,0.0,-20.0,-20.0,110.0,-3.6389484425687373
284,2.84,-0.19642095705629775,4.311504709864181,1.0594368142105768,1.2469840728076258,-6.616171457033254,-2.7327975875298964,0.0,-20.0,-20.0,110.0,-3.6678701119563164
285,2.85,-0.18901402666540043,4.325429057177686,1.0244348311605802,1.2480730688785164,-6.615967553691028,-2.7422491643994573,0.0,-20.0,-20.0,110.0,-3.6969427160846857
286,2.86,-0.1816070962745031,4.339353404491192,0.9894328481105836,1.2491620307136253,-6.615763471901758,-2.75170073346276,0.0,-20.0,-20.0,110.0,-3.7249871032272694
287,2.87,-0.1742001658836058,4.353277751804697,0.954430865060587,1.2502509582829928,-6.615559211671117,-2.7611522947132165,0.0,-20.0,-20.0,110.0,-3.7505010026332424
288,2.88,-0.16679323549270847,4.367202099118203,0.9194288820105905,1.251339851556665,-6.615354773004781,-2.7706038481442548,0.0,-20.0,-20.0,110.0,-3.7762223657745024
289,2.89,-0.15938630510181115,4.3811264464317095,0.8844268989605939,1.2524287105046858,-6.615150155908431,-2.780055393749298,0.0,-20.0,-20.0,110.0,-3.8021466767928933
290,2.9,-0.15197937471091383,4.395050793745216,0.8494249159105973,1.2535175350971002,-6.614945360387755,-2.789506931521766,0.0,-20.0,-20.0,110.0,-3.8282694779126536
291,2.91,-0.1445724443200165,4.408975141058722,0.8144229328606007,1.2546063253039557,-6.6147403864484415,-2.7989584614550873,0.0,-20.0,-20.0,110.0,-3.854586371891076
292,2.92,-0.1371655139291192,4.422899488372228,0.7794209498106042,1.2556950810953003,-6.614535234096189,-2.808409983542681,0.0,-20.0,-20.0,110.0,-3.8810930242764856
293,2.93,-0.12975858353822187,4.436823835685735,0.7444189667606076,1.2567838024411835,-6.614329903336695,-2.8178614977779817,0.0,-20.0,-20.0,110.0,-3.9077851654754663
294,2.94,-0.12235165314732455,4.450748182999242,0.709416983710611,1.2578724893116564,-6.61412439417567,-2.827313004154419,0.0,-20.0,-20.0,110.0,-3.934658592631641
295,2.95,-0.11494472275642723,4.4646725303127495,0.6744150006606144,1.258961141676768,-6.613918706618823,-2.8367645026654102,0.0,-20.0,-20.0,110.0,-3.9617091713190713
296,2.96,-0.1075377923655299,4.478596877626257,0.6394130176106179,1.2600497595065718,-6.61371284067187,-2.846215993304375,0.0,-20.0,-20.0,110.0,-3.9889328370536794
297,2.97,-0.10013086197463258,4.492521224939764,0.6044110345606213,1.2611383427711231,-6.613506796340531,-2.855667476064758,0.0,-20.0,-20.0,110.0,-4.016325596626648
298,2.98,-0.09272393158373525,4.506445572253272,0.5694090515106247,1.2622268914404748,-6.613300573630536,-2.8651189509399737,0.0,-20.0,-20.0,110.0,-4.043883529264309
299,2.99,-0.08531700119283792,4.52036991956678,0.5344070684606281,1.2633154054846847,-6.613094172547612,-2.8745704179234606,0.0,-20.0,-20.0,110.0,-4.071602787619093
300,3.0,-0.07791007080194058,4.534294266880288,0.4994050854106315,1.2644038848738093,-6.612887593097496,-2.88402187700866,0.0,-20.0,-20.0,110.0,-4.099479598596917
301,3.0100000000000002,-0.0728505743747126,4.547948651093448,0.4845755289821546,0.9760708296256652,-6.68794594579855,-2.8840954880899825,0.0,-20.0,-20.0,110.0,-3.645565881192355
302,3.02,-0.06743696919429881,4.561815858531589,0.467884637239363,-0.0027006934100348035,-6.8053016725204145,-2.810689791113454,0.0,-20.0,-20.0,110.0,-3.6713994143900828
303,3.0300000000000002,-0.06417689961411725,4.575695244699239,0.4716545039052757,-1.3440588204967114,-6.829156193407448,-2.654574829854785,0.0,-20.0,-20.0,110.0,-3.8853130344158235
304,3.04,-0.06093279225344337,4.589759165084912,0.47717701502459636,-2.938408162875333,-6.690787330452741,-2.023998033233247,0.0,-20.0,-20.0,110.0,-3.996612083097372
305,3.0500000000000003,-0.05760360346498085,4.603906228600174,0.48280390349184316,-4.68678506108217,-6.361398721136707,-0.6107581567798659,0.0,-20.0,-20.0,110.0,-4.13194714801785
306,3.06,-0.05420382625117247,4.618052221821424,0.48804500533974454,-6.440896654458538,-5.918052138868661,0.9858787168913269,0.0,-20.0,-20.0,110.0,-4.103224132450591
307,3.0700000000000003,-0.05080958607575825,4.63218087827781,0.4932000278362373,-8.170539469308258,-5.382401109586534,2.5607667084105454,0.0,-20.0,-20.0,110.0,-4.117127947194143
308,3.08,-0.04740933748035319,4.646301050263062,0.49829431631707644,-9.872003643142268,-4.75628684193637,4.110070350527648,0.0,-20.0,-20.0,110.0,-4.1316706975521456
309,3.09,-0.04400341132950229,4.6604110532383265,0.5033280986978482,-11.541901159416025,-4.041793494417773,5.6302644120510985,0.0,-20.0,-20.0,110.0,-4.146847266516085
310,3.1,-0.04059214008394369,4.6745092126854475,0.5083016505483586,-13.177189486212825,-3.2412203731596025,7.118172524913219,0.0,-20.0,-20.0,110.0,-4.162651022254236
311,3.11,-0.037175860218468526,4.688593865123475,0.5132152944258419,-14.775185728031632,-2.357053227535156,8.57097846427823,0.0,-20.0,-20.0,110.0,-4.179074897800829
312,3.12,-0.03375491171768567,4.702663356545014,0.5180694000766143,-16.333574762250468,-1.3919335744848413,9.986235044828742,0.0,-20.0,-20.0,110.0,-4.196109355240598
313,3.13,-0.03032963909262845,4.71671604597056,0.5228643836957846,-17.850406532977086,-0.34862585280504166,11.361866513485342,0.0,-20.0,-20.0,110.0,-4.2137444015536865
314,3.14,-0.026900389652105484,4.730750304508,0.5276007081889806,-19.324087605052767,0.7700099196362042,12.6961496010989,0.0,-20.0,-20.0,110.0,-4.231967423177948
315,3.15,-0.023467513357896,4.744764518856919,0.5322788821578455,-20.753368882904613,1.9610429596934533,13.987690029748274,0.0,-20.0,-20.0,110.0,-4.250764326334099
316,3.16,-0.020031370493514136,4.758757086736291,0.5368994612655104,-22.137324721382942,3.221508336682241,15.235453024670075,0.0,-20.0,-20.0,110.0,-4.270131518074929
317,3.17,-0.01659231952654227,4.77272642585529,0.5414630459311297,-23.475323707180706,4.548453890033116,16.438751899380748,0.0,-20.0,-20.0,110.0,-4.290054794176242
318,3.18,-0.013150715510324299,4.78667097099988,0.5459702823417453,-24.767009189284046,5.938922601725427,17.5971322899774,0.0,-20.0,-20.0,110.0,-4.310512124782672
319,3.19,-0.009706918876835205,4.8005891772523865,0.5504218605831569,-26.0122745309874,7.389973421792249,18.71036734551714,0.0,-20.0,-20.0,110.0,-4.33148552468431
320,3.2,-0.006261292358905375,4.8144795207434585,0.5548185144468121,-27.211236119126266,8.898701797159095,19.778442874902293,0.0,-20.0,-20.0,110.0,-4.352956942815137
321,3.21,-0.002814200523962386,4.828340499579662,0.5591610209671863,-28.36420612521993,10.462255999121384,20.801536041192403,0.0,-20.0,-20.0,110.0,-4.3749079830142605
322,3.22,0.0006339907414391988,4.8421706348935585,0.5634501999038253,-29.471665875507792,12.077849824698417,21.779991212556162,0.0,-20.0,-20.0,110.0,-4.397319562254188
323,3.23,0.004082914626012952,4.855968472099181,0.5676869130689207,-30.534240538499915,13.742772171475396,22.71429500712601,0.0,-20.0,-20.0,110.0,-4.420171840243237
324,3.24,0.007532203727458554,4.86973258195725,0.5718720637062967,-31.55267565416096,15.454394025906256,23.605051882490635,0.0,-20.0,-20.0,110.0,-4.443444181021437
325,3.25,0.010981490371128283,4.88346156179316,0.576006595739403,-32.52781558472695,17.210173424347662,24.452961319512127,0.0,-20.0,-20.0,110.0,-4.467115193894876
326,3.2600000000000002,0.014430406893849603,4.897154036620798,0.5800914930176038,-33.46058402588434,19.00765870054531,25.258796821616073,0.0,-20.0,-20.0,110.0,-4.491162807594896
327,3.27,0.017878585947068797,4.910808660247443,0.5841277785271157,-34.35196664240108,20.844490208383775,26.02338676908836,0.0,-20.0,-20.0,110.0,-4.515564313668227
328,3.2800000000000002,0.02132566077703308,4.924424116330953,0.5881165135855833,-35.20299580447999,22.71840083339704,26.74759721477322,0.0,-20.0,-20.0,110.0,-4.540296440615398
329,3.29,0.024771265509179203,4.9379991194148,0.5920587970068093,-36.014737393685905,24.627215486171934,27.432316483813686,0.0,-20.0,-20.0,110.0,-4.565335422602432
330,3.3000000000000003,0.02821503543496997,4.951532415940933,0.5959557642348214,-36.788279618982735,26.568849744844183,28.07844141053621,0.0,-20.0,-20.0,110.0,-4.590657065167498
331,3.31,0.0316566072984903,4.965022785237883,0.5998085864489057,-37.52472377080986,28.541307801965207,28.68686502492514,0.0,-20.0,-20.0,110.0,-4.616236810917425
332,3.3200000000000003,0.03509561958227439,4.978469040483237,0.6036184696403053,-38.22517684246508,30.542679854885574,29.258465477865883,0.0,-20.0,-20.0,110.0,-4.642049805461957
333,3.33,0.03853171279197118,4.991870029639591,0.6073866536613283,-38.89074596226343,32.571139061877524,29.794095970393595,0.0,-20.0,-20.0,110.0,-4.668070963621274
334,3.34,0.04196452973952988,5.005224636363182,0.6111144112476486,-39.522534607377054,34.624938169581256,30.294575425102835,0.0,-20.0,-20.0,110.0,-4.694275035828548
335,3.35,0.045393715824632676,5.0185317808844,0.6148030470146129,-40.12164061256568,36.70240590158696,30.76067960368647,0.0,-20.0,-20.0,110.0,-4.7206366745847665
336,3.36,0.048818919314128385,5.031790420859448,0.6184538964283797,-40.68915604753935,38.80194318337658,31.1931323277596,0.0,-20.0,-20.0,110.0,-4.7471305007905125
337,3.37,0.05223979161923624,5.044999552192454,0.6220683247527298,-41.226169121371015,40.922019265603886,31.592596392927497,0.0,-20.0,-20.0,110.0,-4.773731169765805
338,3.38,0.05565598757029628,5.058158209827386,0.6256477259723902,-41.73376839097723,43.061167795811656,31.959663667178386,0.0,-20.0,-20.0,110.0,-4.800413436766416
339,3.39,0.05906716568884691,5.071265468509152,0.6291935216937272,-42.21304971905757,45.21798287809781,32.294843717079,0.0,-20.0,-20.0,110.0,-4.8271522218070215
340,3.4,0.062472988456812276,5.084320443513278,0.6327071600236747,-42.66512667064801,47.391115150779925,32.59855008239955,0.0,-20.0,-20.0,110.0,-4.853922673605242
341,3.41,0.06587312258258424,5.09732229134361,0.6361901144277771,-43.09114539840285,49.57926790352162,32.87108297923337,0.0,-20.0,-20.0,110.0,-4.880700232463852
342,3.42,0.06926723926378595,5.110270210397498,0.6396438825682469,-43.492305614246206,51.78119324732046,33.11260668358202,0.0,-20.0,-20.0,110.0,-4.90746069191181
343,3.43,0.07265501444650721,5.123163441597923,0.6430699851229467,-43.86989009679274,53.99568834270534,33.32311901379993,0.0,-20.0,-20.0,110.0,-4.934180258927624
344,3.44,0.07603612908080469,5.136001268992096,0.6464699645862263,-44.225306544745216,56.221591682660204,33.50240898625542,0.0,-20.0,-20.0,110.0,-4.96083561257236
345,3.45,0.07941026937226332,5.148783020316042,0.6498453840525608,-44.56014782357772,58.457779415873084,33.64999649675548,0.0,-20.0,-20.0,110.0,-4.987403960863334
346,3.46,0.08277712702941938,5.1615080675247285,0.6531978259839437,-44.876280447166124,60.70316168058885,33.765044099749346,0.0,-20.0,-20.0,110.0,-5.01386309572453
347,3.47,0.08613639950684868,5.174175827287321,0.6565288909620113,-45.17597779910355,62.95667889526328,33.846224306642505,0.0,-20.0,-20.0,110.0,-5.040191445855147
348,3.48,0.08948779024372729,5.186785761447189,0.6598401964258778,-45.46212676757307,65.21729791072609,33.89151366646994,0.0,-20.0,-20.0,110.0,-5.066368127364024
349,3.49,0.0928310088976762,5.199337377446272,0.6631333753966798,-45.73855971610106,67.48400785147608,33.897861653535976,0.0,-20.0,-20.0,110.0,-5.092372992024375
350,3.5,0.09616577157370446,5.211830228713497,0.6664100751898338,-46.010610515965396,69.75581532044768,33.86063559185456,0.0,-20.0,-20.0,110.0,-5.118186673010847
351,3.5100000000000002,0.0994918010480704,5.224263915016927,0.6696719561160213,-46.28609361009715,72.03173831491674,33.772642609828615,0.0,-20.0,-20.0,110.0,-5.143790627988535
352,3.52,0.10280882698688362,5.236638082779376,0.6729206901719281,-46.577136408320264,74.31079744869085,33.622298295369774,0.0,-20.0,-20.0,110.0,-5.169167179432256
353,3.5300000000000002,0.10611658615927512,5.248952425357223,0.6761579597217686,-46.903880524915465,76.59200117282839,33.38992651650849,0.0,-20.0,-20.0,110.0,-5.194299552062698
354,3.54,0.1094148226449674,5.26120668328222,0.6793854561706341,-47.30273088767876,78.87431627713424,33.03951135967601,0.0,-20.0,-20.0,110.0,-5.21917190729559
355,3.5500000000000003,0.11270328803608044,5.2734006444661015,0.682604878630713,-47.847347920450915,81.15659700630631,32.497705969783716,0.0,-20.0,-20.0,110.0,-5.243769374609062
356,3.56,0.11598174163301442,5.285534144367829,0.6858179325814331,-48.71328156264558,83.4373721815993,31.589199518946543,0.0,-20.0,-20.0,110.0,-5.268078079744397
357,3.5700000000000003,0.1192499506342544,5.297607066123343,0.6890263285245832,-50.44781674773904,85.71396325955772,29.766872676172277,0.0,-20.0,-20.0,110.0,-5.292085169665215
358,3.58,0.1225076903199474,5.309619340637716,0.6922317806354745,-56.041016502757856,87.97569073318473,24.040755413834663,0.0,-20.0,-20.0,110.0,-5.3157788342104
359,3.59,0.12575474422910685,5.321570946639636,0.6954360054112046,-173.0677619353305,89.530022769466,-93.16401211434855,0.0,-20.0,-20.0,110.0,-5.339148324386544
360,3.6,0.1289909043303047,5.33346191069819,0.6986407203170913,142.9222413278632,87.41299764786193,-137.39718518318716,0.0,-20.0,-20.0,110.0,-5.362183967256259
361,3.61,0.13221597118571649,5.345292307201899,0.7018476424323433,139.14501972737912,85.15749235600943,-141.44285710991068,0.0,-20.0,-20.0,110.0,-5.38487717738949
362,3.62,0.13542975410839,5.357062258300069,0.7050584870960336,137.85003902898595,82.89977126271565,-143.0517512143191,0.0,-20.0,-20.0,110.0,-5.407220464855768
363,3.63,0.13863207131261346,5.368771933806462,0.7082749665544474,137.256465378011,80.646576163267,-144.0049589864428,0.0,-20.0,-20.0,110.0,-5.429207439746282
364,3.64,0.14182275005726466,5.380421551065389,0.7114987886108676,136.96807395606055,78.4001384847804,-144.6990306383418,0.0,-20.0,-20.0,110.0,-5.450832813225606
365,3.65,0.14500162678202774,5.392011374780323,0.7147316552788638,136.8469508680968,76.16186496273743,-145.27227239119736,0.0,-20.0,-20.0,110.0,-5.472092395123844
366,3.66,0.14816854723637085,5.40354171680516,0.7179752614401472,136.8326229749571,73.93292922255796,-145.78561575803624,0.0,-20.0,-20.0,110.0,-5.492983088090898
367,3.67,0.15132336660118192,5.415012935898303,0.7212312935080496,136.8944905828899,71.71442899673372,-146.27018388197678,0.0,-20.0,-20.0,110.0,-5.513502878345328
368,3.68,0.1544659496029678,5.426425437439761,0.7245014280976798,137.0154931858595,69.50744172808174,-146.74362470143245,0.0,-20.0,-20.0,110.0,-5.53365082306116
369,3.69,0.1575961706205256,5.437779673111477,0.7277873307038066,137.18544404536712,67.31304875052123,-147.21677512010885,0.0,-20.0,-20.0,110.0,-5.553427034446505
370,3.7,0.16071391378400293,5.44907614054115,0.7310906543875114,137.39795610325874,65.13234781340564,-147.69673364393077,0.0,-20.0,-20.0,110.0,-5.572832660578192
371,3.71,0.16381907306626858,5.460315382909828,0.7344130384726449,137.6488875334034,62.96646068187427,-148.18841313127203,0.0,-20.0,-20.0,110.0,-5.591869863067182
372,3.72,0.1669115523665214,5.471497988523569,0.7377561072531166,137.93549692549544,60.816538441164504,-148.6953836097534,0.0,-20.0,-20.0,110.0,-5.610541791639131
373,3.73,0.16999126558607186,5.48262459034953,0.7411214687120367,138.25595652509142,58.683765640388785,-149.22035667591663,0.0,-20.0,-20.0,110.0,-5.628852555724441
374,3.74,0.17305813669623635,5.493695865516827,0.7445107132537198,138.60905778355007,56.569363804764045,-149.76547715809207,0.0,-20.0,-20.0,110.0,-5.646807193161651
375,3.75,0.17611209979829046,5.504712534782581,0.7479254124495507,138.99402564086412,54.47459457532565,-150.3325055467655,0.0,-20.0,-20.0,110.0,-5.664411636126784
376,3.7600000000000002,0.17915309917543426,5.515675361963554,0.751367117798701,139.4103969698541,52.40076260506704,-150.92293568442003,0.0,-20.0,-20.0,110.0,-5.681672674410559
377,3.77,0.18218108933672864,5.526585153333827,0.7548373595046742,139.8579382543435,50.34921827283173,-151.53807255581341,0.0,-20.0,-20.0,110.0,-5.698597916173104
378,3.7800000000000002,0.18519603505296753,5.53744275698901,0.7583376452686436,140.33658797590434,48.32136023822829,-152.1790846110101,0.0,-20.0,-20.0,110.0,-5.7151957463144765
379,3.79,0.18819791138445852,5.548249062177457,0.7618694591005339,140.84641493428794,46.318637837408,-152.84703929673694,0.0,-20.0,-20.0,110.0,-5.731475282606096
380,3.8000000000000003,0.1911867037006893,5.559004998599043,0.7654342601487873,141.38758702709006,44.3425533035723,-153.54292716576,0.0,-20.0,-20.0,110.0,-5.747446329735908
381,3.81,0.19416240769186482,5.569711535672035,0.7690334815497313,141.96034697196373,42.39466378396982,-154.26767797199267,0.0,-20.0,-20.0,110.0,-5.763119331426236
382,3.8200000000000003,0.19712502937230567,5.5803696817686435,0.7726685292974608,142.56499265074117,40.47658311503943,-155.02217096049446,0.0,-20.0,-20.0,110.0,-5.778505320789416
383,3.83,0.20007458507570555,5.590980483419859,0.7763407811351228,143.20186050548665,38.589983308277034,-155.8072408107127,0.0,-20.0,-20.0,110.0,-5.793615869092066
384,3.84,0.203011101442251,5.601545024490194,0.7800515854684793,143.87131089981938,36.73659569085894,-156.62368021092269,0.0,-20.0,-20.0,110.0,-5.808463033103468
385,3.85,0.20593461539761404,5.61206442532299,0.7838022603026038,144.5737146781437,34.91821163683456,-157.47223972936655,0.0,-20.0,-20.0,110.0,-5.823059301208178
386,3.86,0.20884517412383383,5.622539841856957,0.7875940922025509,145.30944037233905,33.13668281678359,-158.35362544236662,0.0,-20.0,-20.0,110.0,-5.837417538466863
387,3.87,0.21174283502211066,5.632972464714637,0.7914283352788192,146.07884165776426,31.393920886333134,-159.2684946449502,0.0,-20.0,-20.0,110.0,-5.851550930812142
388,3.88,0.2146276656675416,5.643363518263528,0.7953062101984052,146.88224477183826,29.69189652707958,-160.21744988262105,0.0,-20.0,-20.0,110.0,-5.865472928569391
389,3.89,0.21749974375583309,5.653714259650591,0.7992289032222308,147.7199356942291,28.03263774758619,-161.2010314896543,0.0,-20.0,-20.0,110.0,-5.87919718949405
390,3.9,0.22035915704203304,5.664025977810912,0.8031975652697015,148.59214695782697,26.41822734766352,-162.21970879066086,0.0,-20.0,-20.0,110.0,-5.892737521518359
391,3.91,0.22320600327133053,5.674299992451292,0.8072133110111336,149.4990440208715,24.850799446601272,-163.2738701123075,0.0,-20.0,-20.0,110.0,-5.906107825401333
392,3.92,0.22604039010197727,5.6845376530095795,0.8112772179887665,150.44071118729153,23.33253497600894,-164.36381175708513,0.0,-20.0,-20.0,110.0,-5.919322037475517
393,3.93,0.22886243502039266,5.694740337590547,0.8153903257670523,151.41713711737927,21.865656041104295,-165.4897261080947,0.0,-20.0,-20.0,110.0,-5.932394072683903
394,3.94,0.23167226524851792,5.7049094518791765,0.819553635112894,152.42820002604964,20.452419061367884,-166.65168906077406,0.0,-20.0,-20.0,110.0,-5.945337768098714
395,3.95,0.23447001764349384,5.7150464280321795,0.8237681072064774,153.4736527218355,19.09510661316807,-167.84964701231968,0.0,-20.0,-20.0,110.0,-5.9581668271121835
396,3.96,0.23725583858974014,5.725152723548658,0.8280346628833195,154.55310769626723,17.79601791391627,-169.083403680187,0.0,-20.0,-20.0,110.0,-5.970894764486779
397,3.97,0.24002988390220814,5.73522982011348,0.8323541819085591,155.66602257450367,16.557457982065113,-170.35260694753688,0.0,-20.0,-18.5166335105896,110.0,-5.983534820621047
398,3.98,0.24279612152470145,5.745288192409113,0.8367094577665601,156.81169305119886,15.381720133246096,-171.6567334956074,65.62254333496094,-20.0,-15.953364372253418,109.99973201751709,-6.008929307552695
399,3.99,0.24558051668915334,5.7553876928536845,0.8409753073334805,157.98927313774826,14.271047612047417,-172.99506743251854,451.8662109375,-20.0,-13.615703582763672,109.9978895187378,-6.096117180451113
400,4.0,0.24842473144511548,5.765618814270423,0.8449430051298529,159.1977547758995,13.227632300052699,-174.36669945288338,805.8515625,-20.0,-11.721837520599365,109.99460411071777,-6.173812558795694
401,4.01,0.25136467949845304,5.776050943628318,0.8484200007926865,160.4359218128483,12.253633200308316,-175.77053328195154,1115.9239501953125,-20.0,-10.464986562728882,109.9900541305542,-6.239051837478123
402,4.0200000000000005,0.2544296133203786,5.786732213001743,0.8512372359941273,161.7023395568762,11.351160598769216,-177.20527819325548,1373.5401611328125,-20.0,-9.942360520362854,109.98445320129395,-6.289634177362828
403,4.03,0.257641837400662,5.797690706482113,0.8532532324861741,162.99534705050527,10.522253659225441,-178.66944189569384,1577.8328857421875,-20.0,-10.04989504814148,109.97801971435547,-6.325035240771218
404,4.04,0.26101727783907835,5.80893743573879,0.8543537610930833,164.31305435662057,9.76885441096658,179.83867436999827,1735.265869140625,-20.0,-10.502970218658447,109.97094440460205,-6.346285710324377
405,4.05,0.2645668182665569,5.820470446442692,0.8544468944530166,165.65334644684057,9.092783034709345,178.32097556537067,1859.8680419921875,-20.0,-10.963562726974487,109.96336078643799,-6.355888506147647
406,4.0600000000000005,0.26829831946794674,5.83227943887872,0.8534532187125887,167.01389345266074,8.495715811747402,176.77956703720312,1973.1781005859375,-20.0,-11.236684322357178,109.95531558990479,-6.357581606360269
407,4.07,0.2722190396562291,5.8443500112937095,0.8512922162436437,168.39216631655952,7.979165504348507,175.21674363125535,2100.549072265625,-20.0,-11.38051152229309,109.94675064086914,-6.355324586513519
408,4.08,0.2763348522632157,5.856662879274301,0.8478875354998038,169.78545008362758,7.544466922408412,173.634973461351,2200.0,-20.0,-11.568603515625,109.93778038024902,-6.3403532617152845
409,4.09,0.2806450302619349,5.8691885109281134,0.8432018300397115,171.19085145793227,7.192768116114087,172.036877170623,2200.0,-20.0,-11.826249361038208,109.9288101196289,-6.332863607882744
410,4.1,0.2851438674503232,5.881890797028275,0.8372287998495784,172.60532317054728,6.925014896842647,170.4252055321963,2200.0,-20.0,-11.968399286270142,109.91983985900879,-6.415926082833597
411,4.11,0.2898255243137107,5.894733621724588,0.8299631959344622,174.0256982601595,6.74193389351656,168.80281395102165,2200.0,-20.0,-11.787135601043701,109.91086959838867,-6.4940463600956235
412,4.12,0.29468400829649266,5.907680751721085,0.8214007912290381,175.4487178357015,6.644024212938436,167.17263287331886,2200.0,-20.0,-11.12979531288147,109.90189933776855,-6.567360383178236
413,4.13,0.29971317816224885,5.920695865129577,0.8115383847212975,176.8710610972421,6.631552713163686,165.5376359723527,2200.0,-20.0,-9.94407832622528,109.89292907714844,-6.636009669374458
414,4.14,0.30490674855383987,5.9337425803898105,0.8003738048094354,178.28937667910785,6.7045528996175925,163.9008070513312,2200.0,-20.0,-8.30434501171112,109.88395881652832,-6.700139855187961
415,4.15,0.3102582947786975,5.946784485221661,0.7879059119390104,179.7003145407307,6.862828260042307,162.26510666170182,2200.0,-20.0,-6.480250954627991,109.8749885559082,-6.759899187226603
416,4.16,0.3157612578647107,5.959785165568551,0.7741346005864234,-178.8994431300873,7.105959125972189,160.63343905551991,2200.0,-20.0,-4.881606698036194,109.86601829528809,-6.8154368035760085
417,4.17,0.32140895000678943,5.972708234425916,0.7590608004730305,-177.51315473474776,7.433306922962832,159.0086197407589,2200.0,-20.0,-3.732534050941467,109.85704803466797,-6.866901455229026
418,4.18,0.32719456058130003,5.985517360410254,0.7426864767446439,-176.1439961676548,7.844009809071652,157.39334405054717,2200.0,-20.0,-2.879539132118225,109.84807777404785,-6.91443994144932
419,4.19,0.33311116223654363,5.998176296393285,0.7250146289641843,-174.79503751645862,8.336981174274745,155.79015831819962,2200.0,-20.0,-2.0593495666980743,109.83910751342773,-6.958196479286346
420,4.2,0.33915171672314365,6.010648908299418,0.7060492891767377,-173.46921938003862,8.910924045321813,154.2014344479104,2200.0,-20.0,-1.2380106747150421,109.83013725280762,-6.99831237438044
421,4.21,0.34530908065305066,6.02289920397454,0.6857955192471259,-172.16933280448586,9.56435453191126,152.62934779880078,2200.0,-20.0,-0.46865358948707575,109.8211669921875,-7.034925541185689
422,4.22,0.35157601122017784,6.034891362032439,0.6642594075348897,-170.8980051289676,10.295623485778963,151.07585845490078,2200.0,-20.0,0.33742889761924744,109.81219673156738,-7.0681702265950035
423,4.23,0.3579451721528539,6.0465897604927825,0.6414480648801446,-169.6576912403423,11.102930175049623,149.54269502588335,2200.0,-20.0,1.2898389995098114,109.80322647094727,-7.0981756195084795
424,4.24,0.3644091397881665,6.057959005287671,0.6173696196494972,-168.45066868013612,11.984335832918106,148.03134324311202,2200.0,-20.0,2.438664883375168,109.79425621032715,-7.125066750348885
425,4.25,0.37096040894171695,6.068963958664488,0.592033211977838,-167.27903803436598,12.937785163263051,146.54303902353308,2200.0,-20.0,3.7755489349365234,109.78528594970703,-7.148962901174129
426,4.26,0.37759139877838943,6.0795697674937355,0.5654489872004393,-166.14472769806744,13.961130464379625,145.07876481086905,2200.0,-20.0,5.150200724601746,109.77631568908691,-7.169978695800085
427,4.2700000000000005,0.3842944588312011,6.089741891336573,0.537628088554961,-165.0495028623888,15.052151448854518,143.63924792983977,2200.0,-20.0,6.159178018569946,109.7673454284668,-7.188223645888119
428,4.28,0.39106187518716823,6.099446130243982,0.5085826491395535,-163.99497809389908,16.2085703312625,142.2249601342954,2200.0,-20.0,6.216006278991699,109.75837516784668,-7.20380196323149
429,4.29,0.3978858768022196,6.108648652243412,0.47832578300175743,-162.98263289459985,17.428062621512957,140.83611746372063,2200.0,-20.0,4.9364131689071655,109.74940490722656,-7.21681245783566
430,4.3,0.40475864173302617,6.117316020558833,0.44687157522990917,-162.01382987286772,18.708262649921924,139.47267851269075,2200.0,-20.0,2.407603710889816,109.74043464660645,-7.227347966641135
431,4.3100000000000005,0.41167230352805384,6.1254152202993195,0.4142350707575788,-161.08983582330217,20.04675558897626,138.13433733161574,2200.0,-20.0,-0.8938844501972198,109.73146438598633,-7.235494742345568
432,4.32,0.41861895692579404,6.132913684369968,0.3804322612981039,-160.21184826830844,21.44108054957635,136.82052488455986,2200.0,-20.0,-4.2667073011398315,109.72249412536621,-7.241337433695698
433,4.33,0.42559066199894613,6.139779321085423,0.34548007160163996,-159.3810224345532,22.888784318429796,135.53042758870598,2200.0,-20.0,-7.1103352308273315,109.7135238647461,-7.244951152543351
434,4.34,0.4325794488848955,6.1459805411411885,0.3093963461496623,-158.5985016519948,24.3874584689422,134.2629903411236,2200.0,-20.0,-9.267422556877136,109.70455360412598,-7.2576006584601025
435,4.3500000000000005,0.4393996982664084,6.156927547080306,0.2853262578470673,-155.27767906671323,25.011640380920856,137.39531351916372,2200.0,-20.0,-4.446579813957214,109.69558334350586,-7.875104663048766
436,4.36,0.446007679698786,6.173668933500193,0.2753953583416879,-150.45651649972615,25.036452497160443,142.42997565577284,2200.0,-20.0,20.0,109.68661308288574,-7.751084724750621
437,4.37,0.4526576070082679,6.191667503009877,0.26818840026013296,-145.26132164213496,24.57475549182967,147.54908151674084,2200.0,-20.0,20.0,109.67764282226562,-7.675303984021532
438,4.38,0.45932263097795156,6.209433622590361,0.26086314715486747,-140.08667153998968,23.60939679638727,152.33950632083057,2200.0,-20.0,20.0,109.66867256164551,-7.676131915577318
439,4.39,0.46597221698928093,6.226462655317369,0.25261346187046013,-135.0060038096866,22.08238416291735,156.80773578081235,2200.0,-20.0,20.0,109.65970230102539,-7.678728736145475
440,4.4,0.4725822356524801,6.242589943768544,0.24352277162967087,-130.09076281162552,20.040128572634295,160.87129723265585,2200.0,-20.0,20.0,109.65073204040527,-7.6844570593638775
441,4.41,0.479148786997973,6.257887742786032,0.23380096370003747,-125.38329878324294,17.535764236961196,164.47515461019321,2200.0,-20.0,20.0,109.64176177978516,-7.684422830897835
442,4.42,0.48566360994628893,6.2723174127926455,0.22350326890673616,-120.90093286590935,14.627815500534567,167.58499154942598,2200.0,-20.0,20.0,109.63279151916504,-7.678686997354804
443,4.43,0.4921186844717435,6.2858439869683185,0.21268735331014224,-116.63942784052703,11.376555014958232,170.18324044515384,2200.0,-20.0,20.0,109.62382125854492,-7.6672865099948435
444,4.44,0.49850626460017233,6.298436319845412,0.20141307474135745,-112.57758888530279,7.8414772340890915,172.26383443648606,2200.0,-20.0,20.0,109.6148509979248,-7.650237411413917
445,4.45,0.5048189108302217,6.31006721976977,0.18974222993562315,-108.68172175624797,4.079907960565769,173.82695738461604,2200.0,-20.0,20.0,109.60588073730469,-7.62753915187874
446,4.46,0.511049521555769,6.320713564845798,0.17773829353690487,-104.90924501934441,0.14657526249465772,174.87450618308168,2200.0,-20.0,20.0,109.59691047668457,-7.599178979910797
447,4.47,0.5170092971914079,6.326064210144747,0.17218798208166236,-102.15078279998563,-3.333595856420917,175.35317308524083,2200.0,-20.0,20.0,109.58794021606445,-6.589177628188994
448,4.48,0.522918029629279,6.330645521026936,0.1655859416588185,-101.39708086393661,-5.786451801927822,175.45345913455589,2200.0,-20.0,20.0,109.57896995544434,-6.322425253412473
449,4.49,0.5286327697903546,6.329874850344828,0.16531441130160057,-101.50913252662473,-7.960584145907802,175.4899604367276,2200.0,-20.0,20.0,109.56999969482422,-6.25399091118369
450,4.5,0.534258872329117,6.32770176580252,0.1650925204331952,-102.04197306917274,-10.039685149959137,175.54020396238025,2200.0,-20.0,20.0,109.5610294342041,-6.184460830592658
451,4.51,0.5397356541555635,6.324483558570204,0.16433326976850163,-102.78230785249384,-12.191259106499983,175.6587714409982,2200.0,-20.0,20.0,109.55205917358398,-6.147810896023161
452,4.5200000000000005,0.5450434293345704,6.320044411850061,0.16318891746700528,-103.62246156070444,-14.549215836678936,175.89198847130703,2200.0,-20.0,20.0,109.54308891296387,-6.112836122108256
453,4.53,0.5501758871052882,6.3143015838612255,0.16173272049828213,-104.52526403430831,-17.079673782614105,176.24824300907935,2200.0,-20.0,20.0,109.53411865234375,-6.0541191514437696
454,4.54,0.5551225676282849,6.3072455996910834,0.159955260401593,-105.48690018864735,-19.648428729690714,176.70550785601668,2200.0,-20.0,20.0,109.52514839172363,-5.963684719960325
455,4.55,0.5598723122203474,6.298890329873741,0.15783649709234987,-106.51107469818326,-22.198925887791734,177.25637684595208,2200.0,-20.0,20.0,109.51617813110352,-5.878638477882727
456,4.5600000000000005,0.564414076279462,6.2892417933796505,0.15536056048176694,-107.60622056689373,-24.728336221858946,177.9082028741327,2200.0,-20.0,20.0,109.5072078704834,-5.790016790576126
457,4.57,0.5687368638677581,6.278306302916354,0.15251166248718492,-108.55161489282695,-28.542293214228295,178.92019980794007,2200.0,-20.0,20.0,109.49823760986328,-7.1685124018967326
458,4.58,0.572862716693676,6.266754030270318,0.15340813891107896,-109.21356307297519,-35.03629069808319,-179.47596996828443,2200.0,-20.0,20.0,109.48926734924316,-6.190947499898794
459,4.59,0.5767354549757027,6.253789638008246,0.15318003684452028,-110.20413254559801,-41.99901512890722,-177.5477308005215,2200.0,-20.0,20.0,109.48029708862305,-6.416080915500248
460,4.6000000000000005,0.5803535930556082,6.239562064575095,0.1526965404871895,-111.78383327424957,-48.933262556492004,-175.19940011997917,2200.0,-20.0,20.0,109.47132682800293,-6.307413141771621
461,4.61,0.5836997293706964,6.22405032746109,0.1518832271551291,-114.25502530673126,-55.807641895906116,-172.10901829775662,2200.0,-20.0,20.0,109.46235656738281,-6.195538013693595
462,4.62,0.5867599090936827,6.207253063539372,0.1507576005034175,-118.21736279921635,-62.56334143626226,-167.6611657052549,2200.0,-20.0,20.0,109.4533863067627,-6.0937857945274025
463,4.63,0.5900532778938292,6.190221156590082,0.1488923048115667,-122.22836416899038,-64.20613812123344,-163.41920896273325,2200.0,-20.0,20.0,109.44441604614258,-5.180965098095596
464,4.64,0.593629291057297,6.1730517394767705,0.14629497045808265,-125.18540715863062,-62.43131327950124,-160.38009612203334,2200.0,-20.0,13.706235885620117,109.43544578552246,-5.464091967692649
465,4.65,0.596794113949512,6.156511093353246,0.14767539882773048,-131.30735065504757,-64.85328324429862,-153.42052404184867,2200.0,-20.0,4.511162042617798,109.42647552490234,-7.074632798819502
466,4.66,0.5994899017696627,6.142846216079512,0.15565319303653505,-143.52125083529228,-69.57467975670133,-139.78839762252403,2200.0,-20.0,20.0,109.41750526428223,-7.844306446294865
467,4.67,0.6019563408096497,6.127424701230551,0.16332479291820445,-162.62128296432394,-72.88470596016889,-119.2539099900137,2200.0,-20.0,20.0,109.40853500366211,-6.4935702729200795
468,4.68,0.6042816619271958,6.111006137256529,0.17013379956212465,173.29139474424537,-73.55784939301235,-93.7384029831497,2200.0,-20.0,20.0,109.39956474304199,-6.225975157847467
469,4.69,0.606303428912237,6.093138321446013,0.17664357945865578,151.38623224024528,-71.30721139234949,-70.4004738629581,2200.0,-20.0,20.0,109.39059448242188,-6.117888572091057
470,4.7,0.6080889883152413,6.0739756960327425,0.18276735951687373,136.0509257756903,-66.97583353376938,-53.61973616101088,2200.0,-20.0,20.0,109.38162422180176,-6.009267085486071
471,4.71,0.6096472278419249,6.053516774407902,0.18850481545903622,126.19968310658747,-61.49852092451532,-42.301948015364765,2200.0,-20.0,20.0,109.37265396118164,-5.900362462447965
472,4.72,0.6109870521677107,6.031760127183381,0.19385562670051387,119.79728689034579,-55.417331751141944,-34.40279472903167,2200.0,-20.0,20.0,109.36368370056152,-5.7914149238234796
473,4.73,0.6121173808014981,6.008704383021429,0.19881947538958405,115.48633869795073,-49.00217824109848,-28.554812296746384,2200.0,-20.0,20.0,109.3547134399414,-5.682648596445862
474,4.74,0.6130471460186517,5.984348229300079,0.20339604583195028,112.48971346969358,-42.39021077929775,-23.969454447299295,2200.0,-20.0,20.0,109.34574317932129,-5.574267400379536
475,4.75,0.6137852908195766,5.958690412620946,0.20758502417852412,110.36370178414435,-35.65586150146983,-20.189745871701525,2200.0,-20.0,20.0,109.33677291870117,-5.466451404423756
476,4.76,0.6143407668843202,5.931729739183234,0.21138609832621544,108.84708520870005,-28.84254182022453,-16.938719871160988,2200.0,-20.0,20.0,109.32780265808105,-5.359353669059367
477,4.7700000000000005,0.6147225325167783,5.903465075046334,0.21479895801912904,107.7813603041881,-21.97741403803149,-14.038788378283275,2200.0,-20.0,20.0,109.31883239746094,-5.253097595767478
478,4.78,0.6149395505920735,5.87389534629464,0.2178232951509359,107.06890697312107,-15.07871712267163,-11.36873893774393,2200.0,-20.0,20.0,109.30986213684082,-5.1477747996242185
479,4.79,0.6150007865330255,5.843019539110674,0.22045880426910075,106.65064653784866,-8.159671844311616,-8.839748445274648,2200.0,-20.0,20.0,109.3008918762207,-5.043443518158267
480,4.8,0.6149152063466558,5.810836699758682,0.2227051832764128,106.4940571637541,-1.2307465275654783,-6.381035498175374,2200.0,-20.0,20.0,109.29192161560059,-4.940127564580388
481,4.8100000000000005,0.6146917747517304,5.77734593448012,0.22456213431947603,106.587127644779,5.698868794681804,-3.9303336216633387,2200.0,-20.0,20.0,109.28295135498047,-4.837815828131243
482,4.82,0.6143394534258304,5.742546409303565,0.22602936484920672,106.93621148652639,12.620127188943034,-1.4264813966413248,2200.0,-20.0,20.0,109.27398109436035,-4.736462318650722
483,4.83,0.6138671993969913,5.706437349773425,0.22710658883513787,107.56709269818137,19.523029885501508,1.1977064964273525,2200.0,-20.0,20.0,109.26501083374023,-4.635986746665693
484,4.84,0.6132839636013585,5.669018040603856,0.2277935281130601,108.52958832990325,26.395291413427564,4.0240071506509185,2200.0,-20.0,20.0,109.25604057312012,-4.536275624397147
485,4.8500000000000005,0.6125986896248208,5.630287825266014,0.22808991384383384,109.90717680362192,33.220380418958584,7.161083575869834,2200.0,-20.0,20.0,109.2470703125,-4.437183867183951
486,4.86,0.6118203126431915,5.59024610551826,0.22799548805984882,111.83502897641287,39.97425633593522,10.764354193785275,2200.0,-20.0,20.0,109.23810005187988,-4.338536868996815
487,4.87,0.6109577585721081,5.548892340890054,0.22751000527450557,114.53342087466773,46.619424729927346,15.070704455154495,2200.0,-20.0,20.0,109.22912979125977,-4.24013302007764
488,4.88,0.6100199434343605,5.506226048131131,0.22663323412926686,118.37059902427694,53.093288103396695,20.462291997473724,2200.0,-20.0,20.0,109.22015953063965,-4.1417466293964775
489,4.89,0.6090157729488004,5.462246800638161,0.22536495905232004,123.98138105390346,59.283818360064664,27.585844289579594,2200.0,-20.0,20.0,109.21118927001953,-4.043131209678823
490,4.9,0.6079541423413815,5.416954227871398,0.22370498190275107,132.47279230789204,64.97660415099477,37.55882643233405,2200.0,-20.0,20.0,109.20221900939941,-3.944023078319933
491,4.91,0.6068439363752474,5.370348014773943,0.22165312357438127,145.62170812935787,69.74464828302321,52.16750116138249,2200.0,-20.0,20.0,109.1932487487793,-3.8441452236593023
492,4.92,0.6056940299375114,5.322427901169665,0.21920922564043901,165.13321270155382,72.79871649135988,73.1256344172341,2200.0,-8.258357644081116,20.0,109.18427848815918,-3.743211551200637
493,4.93,0.6045132924047616,5.273193681799583,0.21637315126295528,-171.06839797066806,73.17678499655891,98.36589288700331,2200.0,18.714380264282227,20.0,109.17530822753906,-3.640934050068113
494,4.94,0.6033112997383364,5.222699693276342,0.21316105603053276,-150.01249845427185,70.7208175337928,120.86738210781917,2018.0361328125,20.0,20.0,109.16707992553711,-3.506946070083728
495,4.95,0.6020993052992527,5.171298180338007,0.2096780370265635,-135.35641370171007,66.29666204944063,136.98117132841153,1023.3381958007812,20.0,20.0,109.16290760040283,-3.2432653880721225
496,4.96,0.6008856360170708,5.119537524473887,0.2060877102645785,-125.88073304502824,60.78638648772884,147.93510025400138,186.6134490966797,20.0,20.0,109.16214656829834,-3.038951777074331
497,4.97,0.5996722437315802,5.067724164335699,0.20248152375462458,-119.67164547352205,54.69650350583312,155.6520662939415,0.0,20.0,20.0,109.16214656829834,-2.9700316875613813
498,4.98,0.5984588812677973,5.015913977571415,0.19887617468812074,-115.46228081206465,48.28196352599852,161.4091219749654,0.0,20.0,20.0,109.16214656829834,-2.93715791229772
499,4.99,0.5972454647128084,4.964106962082919,0.1952716691506518,-112.52131359166744,41.67406696239175,165.94917875554984,0.0,20.0,20.0,109.16214656829834,-2.9027596914837175
500,5.0,0.5960319728346164,4.912303117445657,0.19166800711745174,-110.42720387175116,34.94490466454117,169.7072383517031,0.0,20.0,20.0,109.16214656829834,-2.866611068772562
501,5.01,0.5948183843806297,4.860502443092008,0.18806518855998103,-108.9298203387289,28.136922002137798,172.9494240919729,0.0,20.0,20.0,109.16214656829834,-2.8285114232734903
502,5.0200000000000005,0.5936046780990174,4.808704938316731,0.18446321342835928,-107.87651290679807,21.2768825917478,175.84778491938613,0.0,20.0,20.0,109.16214656829834,-2.7882883357203947
503,5.03,0.5923908327464134,4.756910602280536,0.1808620816404504,-107.1729632156018,14.382874533613922,178.52064879501663,0.0,20.0,20.0,109.16214656829834,-2.7458000552861477
504,5.04,0.5911768270895864,4.705119434011916,0.17726179307646342,-106.76212420117064,7.468083703035783,-178.94462364364153,0.0,20.0,20.0,109.16214656829834,-2.700937532775103
505,5.05,0.5899630092322199,4.653325377907259,0.1736605370067388,-106.61289458676157,0.5430055250870549,-176.47787078702078,20.256732940673828,20.0,20.0,109.16206359863281,-2.6569825622017897
506,5.0600000000000005,0.5887533062546147,4.601470081374123,0.17004086249234887,-106.71446775556575,-6.383095305396091,-174.01684524186442,195.3057403564453,20.0,20.0,109.16126728057861,-2.6354936966446387
507,5.07,0.5875534140933274,4.549477272673521,0.16637996941095276,-107.07445083075594,-13.30105124970912,-171.49988219773667,275.6513977050781,20.0,20.0,109.16014289855957,-2.589732091968645
508,5.08,0.5863663638807085,4.497319569483019,0.16266966005135458,-107.720174856194,-20.200686353308697,-168.85871660439096,287.2322998046875,20.0,20.0,109.15897178649902,-2.52723337485546
509,5.09,0.585191626898768,4.445015685861681,0.15891552363705158,-108.70364927728704,-27.0694432775056,-166.00967214954912,213.20953369140625,20.0,20.0,109.15810203552246,-2.4476153326520276
510,5.1000000000000005,0.5840222349336215,4.392651357815628,0.15514320564030268,-110.11175539018767,-33.89035071976715,-162.84086425683248,0.0,20.0,20.0,109.15810203552246,-2.4955254685462855
511,5.11,0.5829065448024866,4.341133023149167,0.15454802317342575,-105.84083471872354,-25.680603208203603,-166.71638990785416,0.0,20.0,20.0,109.15810203552246,-1.6472184037266295
512,5.12,0.5809518790914096,4.293242219482292,0.1580051316523055,-104.64704451744538,-22.225209141136617,-167.98159553369953,0.0,20.0,20.0,109.15810203552246,-1.6465665530164286
513,5.13,0.5794236522481345,4.243576830128645,0.1594834630576175,-105.9219919260417,-23.75910201175734,-167.61073489351648,0.0,20.0,20.0,109.15810203552246,-1.6213994818584845
514,5.14,0.5773938978617101,4.195329857120085,0.16040691512237862,-107.23872561280952,-25.276057402413485,-167.16488868839787,0.0,20.0,20.0,109.15810203552246,-1.5730635456260962
515,5.15,0.5753613771485974,4.1471121521969865,0.16133857584612923,-108.60094193935333,-26.773590426563658,-166.64134510469304,0.0,20.0,20.0,109.15810203552246,-1.5246182384872262
516,5.16,0.573326383484679,4.09892359308937,0.16227895788136829,-110.01244076120955,-28.24905973253762,-166.037234098425,0.0,20.0,20.0,109.15810203552246,-1.4760796290664826
517,5.17,0.5712892112608302,4.050764046138551,0.16322857051607614,-111.47710619229777,-29.69965392983702,-165.34954850040654,0.0,20.0,20.0,109.15810203552246,-1.5482865180831877
518,5.18,0.5693396114711841,4.003364825009225,0.1672332988776295,-108.17640105838882,-16.97922545115369,-171.20429832055504,0.0,20.0,20.0,109.15810203552246,-2.4624235798659337
519,5.19,0.5675587280331946,3.956914376624438,0.17618441202145768,-106.1697194588266,-3.9241087990974703,-175.7250881032299,0.0,20.0,20.0,109.15810203552246,-3.6475909483981637
520,5.2,0.5656888184223571,3.910053648917886,0.1826818258995421,-105.10734483897221,9.32213059925357,-179.54482828208728,0.0,20.0,-20.0,109.15810203552246,-3.5983107907946943
521,5.21,0.5638164489957241,3.863228546689971,0.1891886526994124,-104.84775559067658,22.687983126102544,176.94314368707356,0.0,20.0,-20.0,109.15810203552246,-3.538439644353043
522,5.22,0.5619417214171636,3.8164392711031527,0.1957041234613868,-105.4760488917034,36.11862769959949,173.33609781028468,0.0,20.0,-20.0,109.15810203552246,-3.4679672811956306
523,5.23,0.560064737570888,3.7696860055114474,0.2022274685239168,-107.4525025486665,49.550971920514236,168.97566075690634,0.0,20.0,-20.0,109.15810203552246,-3.3875343522385486
524,5.24,0.5581855995487048,3.7229689168166202,0.20875791304022825,-112.35231071616886,62.8544102597169,162.15869184991664,0.0,20.0,-20.0,109.15810203552246,-3.2984265284196628
525,5.25,0.5563044112475247,3.6762881549848117,0.21529467893478021,-127.44065740693875,75.48495796242275,145.5358473758687,0.0,20.0,-20.0,109.15810203552246,-3.20252630731762
526,5.26,0.5544212776216559,3.6296438529767365,0.2218369851561907,164.22141020285594,82.16661811524096,75.99111165156907,0.0,10.710511207580566,-12.14245080947876,109.15810203552246,-3.102228724114494
527,5.2700000000000005,0.5525418897354577,3.5828567885937113,0.22836225219069725,111.97053666286787,72.91999652015373,22.827256376833713,578.3757934570312,-20.0,-1.5924139320850372,109.15574359893799,-3.0989325283582314
528,5.28,0.5506860995530578,3.535243325168652,0.23480084359442993,100.18256745419727,59.93670610134389,10.402879543662243,2200.0,-20.0,6.905949711799622,109.14677333831787,-3.2580185919043916
529,5.29,0.5488667098513496,3.486297823284084,0.24111914462670825,95.59460349200782,46.42336681679368,5.453269263596655,2200.0,-20.0,13.495697975158691,109.13780307769775,-3.096548759696031
530,5.3,0.5470791874276997,3.4360176983097026,0.24734747642107469,93.1228322942441,32.74803598393234,2.910649103592629,2200.0,-20.0,16.291476488113403,109.12883281707764,-2.941867546735214
531,5.3100000000000005,0.5453195147612645,3.384401220924778,0.253514451142059,91.48026753203771,19.004042136771023,1.5271834154324635,2200.0,-20.0,11.119384765625,109.11986255645752,-2.7966732243875736
532,5.32,0.5435836256908413,3.331447273783125,0.25964869305382154,90.1745629298655,5.229330796099986,0.8847327531090696,2200.0,-20.0,3.9603501558303833,109.1108922958374,-2.6631732582599823
533,5.33,0.5418674117896362,3.2771553545535834,0.2657788244133824,88.9371882382894,-8.553532630062154,0.8497223987885969,2200.0,-20.0,2.5360971689224243,109.10192203521729,-2.542932201474638
534,5.34,0.5401667315912355,3.2215255790791852,0.2719334503199148,87.54068175538708,-22.324553340208606,1.4483804305293317,2200.0,-20.0,0.19367501139640808,109.09295177459717,-2.43675375455696
535,5.3500000000000005,0.5384774214719372,3.164558686735627,0.2781411436793244,85.6717150691261,-36.05714875915406,2.8860478183272233,2200.0,-20.0,-4.3051546812057495,109.08398151397705,-2.3446022823645714
536,5.36,0.5367953100970599,3.1062560462706394,0.2844304357909523,82.6901732526672,-49.700327464944394,5.744090932555487,2200.0,-20.0,2.3896007239818573,109.07501125335693,-2.2655631044568394
537,5.37,0.5351162196082621,3.046619655419288,0.2908298073394685,76.76590120195178,-63.11338194823669,11.823333277167379,2200.0,-20.0,1.6006223857402802,109.06604099273682,-2.1978838123701805
538,5.38,0.5334359774570115,2.9856521362675528,0.2973676795679136,59.78894662712928,-75.65040391083431,29.224587325676353,2200.0,-20.0,-3.5858958959579468,109.0570707321167,-2.139028636595552
539,5.39,0.5317504104956129,2.923356737792375,0.3040723971227403,-9.023943498051754,-81.50890597218174,98.73833486618855,2200.0,-20.0,-9.927954077720642,109.04810047149658,-2.0858250126049387
540,5.4,0.5300553534831967,2.85973733966265,0.31097222957301124,-57.07664953127414,-72.119069229448,147.79145928718728,2200.0,-20.0,-15.620546340942381,109.03913021087646,-2.034614613139834
541,5.41,0.528346644240387,2.794798448996948,0.318095343410711,-68.45002777913713,-59.239260818177264,160.50577653146766,2200.0,-20.0,-20.0,109.03015995025635,-1.9814870630664418
542,5.42,0.5266201295819445,2.728545202491182,0.32546981562182126,-72.5542569518837,-45.86506504828089,166.3557695438792,2200.0,-20.0,-20.0,109.02118968963623,-1.9224784964381816
543,5.43,0.5248716589230387,2.6609833583710305,0.33312361393399886,-74.2244788963957,-32.385085746241366,170.27426348763936,2200.0,-20.0,-20.0,109.01221942901611,-1.8538340678357466
544,5.44,0.5230970822803338,2.5921192885548523,0.3410845876203177,-74.65748601065319,-18.912827345174378,173.6070792955821,2200.0,-20.0,-20.0,109.003249168396,-1.7722413621392796
545,5.45,0.5212922480147686,2.5219599733719993,0.3493804544976551,-74.20631766106402,-5.511569388781753,176.94036606418456,2200.0,-20.0,-20.0,108.99427890777588,-1.6750499844439324
546,5.46,0.5194530011845078,2.450512996599747,0.35803878708733045,-72.8964619170067,7.757353785331462,-179.32084465056033,2200.0,-20.0,-20.0,108.98530864715576,-1.5604591888386363
547,5.47,0.5175751825248242,2.3777865405935996,0.3670869981735934,-70.51726766204546,20.80810011801336,-174.73532759704145,2200.0,-20.0,-20.0,108.97633838653564,-1.4276612951853185
548,5.48,0.5156546280739075,2.303789381236739,0.37655232596673044,-66.5415284665944,33.4921556253507,-168.63500706953675,2200.0,-20.0,-20.0,108.96736812591553,-1.2769309537877247
549,5.49,0.5136871694920953,2.228530882628793,0.38646181901388754,-59.84258533082599,45.51133453377092,-159.79544913509494,2200.0,-20.0,-20.0,108.95839786529541,-1.1096534958617998
550,5.5,0.5116686351335957,2.152020991546893,0.39684232098329064,-48.05880510263203,56.185890881988136,-145.77761789751133,2200.0,-20.0,-20.0,108.9494276046753,-0.9282893445782235
551,5.51,0.5095948519128909,2.074270231755498,0.40772045545340607,-27.165480027046474,63.881718254626186,-122.48690618943694,2200.0,-20.0,-20.0,108.94045734405518,-0.7362755348673972
552,5.5200000000000005,0.5074616479695729,1.9952896982438153,0.41912261084830005,2.778455063527056,65.68970413419392,-89.91104826718926,2200.0,-20.0,-20.0,108.93148708343506,-0.537869570293252
553,5.53,0.5052648560871597,1.9150910514537596,0.4310749256628585,28.692028064495855,60.60778961724725,-61.05091157938558,2200.0,-20.0,-20.0,108.92251682281494,-0.3379449033230376
554,5.54,0.5030003177737522,1.8336865115409025,0.4436032741126208,43.93860660368647,51.35960487140805,-42.44585202431687,2200.0,-20.0,-20.0,108.91354656219482,-0.14175104967298288
555,5.55,0.5006638878720722,1.7510888526918134,0.456733252323316,52.082807150419704,40.3194313546043,-30.40610902482413,2200.0,-20.0,-20.0,108.9045763015747,0.04534543579321851
556,5.5600000000000005,0.4982514392105587,1.6673113974242562,0.4704901649588151,56.30986181808554,28.55801058449981,-21.578024379094085,2200.0,-20.0,-20.0,108.89560604095459,0.21811967208229613
557,5.57,0.49575886931444507,1.5823680112926795,0.4848990136403734,58.16271937688304,16.552890400550275,-14.183295345846046,2200.0,-20.0,-20.0,108.88663578033447,0.3717302709500866
558,5.58,0.49321937293435075,1.4967662314018928,0.4996875992561784,58.29731680698243,4.570077695019253,-7.225945731056037,354.2240295410156,-20.0,-20.0,108.88519191741943,0.8390524778787606
559,5.59,0.49067399170887177,1.411101975066565,0.5145155829687154,56.9018001707296,-7.184050821935761,-0.012415555556517764,0.0,-20.0,-20.0,108.88519191741943,0.9764452792392645
560,5.6000000000000005,0.48813038095471867,1.3254686424765871,0.5293239187874474,53.848903759855425,-18.484232060047454,8.096176064552758,0.0,-2.609313130378723,-20.0,108.88519191741943,1.0154291536131632
561,5.61,0.48558877129488226,1.2398655967214827,0.5441116379157529,48.720673936481035,-29.017303256972564,17.840374492848934,0.0,20.0,-20.0,108.88519191741943,1.0257868451319325
562,5.62,0.4830492804051044,1.1542923771020714,0.5588780918293517,40.80640489532243,-38.291956525936705,30.15257281322116,0.0,20.0,-20.0,108.88519191741943,1.0073697285001977
563,5.63,0.48051201135253196,1.0687485179619205,0.5736226516638478,29.289203623813258,-45.53127918081536,46.0168848708411,0.0,20.0,-20.0,108.88519191741943,0.960725710747614
564,5.64,0.4779770719406148,0.9832335394694949,0.5883446999167783,14.094521121260073,-49.680746770295734,65.64746164183249,0.0,20.0,-20.0,108.88519191741943,0.8867842555445503
565,5.65,0.4754445660999141,0.8977469479425267,0.6030436280040421,-2.743298199581243,-49.863334620884466,87.13940169757946,0.0,20.0,-20.0,108.88519191741943,0.7863948593636069
566,5.66,0.47291459733391733,0.8122882360088672,0.6177188375276633,-17.73429506989404,-46.14757064756463,107.13524717277048,0.0,20.0,-20.0,108.88519191741943,0.6597217782273378
567,5.67,0.4703872683568896,0.726856883238003,0.632369741079237,-28.85671243040893,-39.52388011132704,123.76076785579902,0.0,20.0,-20.0,108.88519191741943,0.5054858737932707
568,5.68,0.46786268080734333,0.6414523564610102,0.6469957625799815,-36.18259350730493,-31.122673068714786,137.26329899015718,0.0,20.0,-20.0,108.88519191741943,0.3200838847149877
569,5.69,0.4653409351300758,0.5560741100628681,0.6615963375854951,-40.509385342944746,-21.78072374318667,148.6584322013415,0.0,20.0,-19.905097484588623,108.88519191741943,0.09669384355346891
570,5.7,0.4628221318543262,0.4707215854667936,0.6761709130485644,-42.52324147341011,-12.054131847346584,158.91181683916523,0.0,20.0,7.819982171058655,108.88519191741943,-0.17532939220753904
571,5.71,0.46030636256532503,0.38539421437606114,0.6907189489769834,-42.62855592274125,-2.338609806577698,168.79015532697525,0.0,20.0,20.0,108.88519191741943,-0.5101010147044166
572,5.72,0.45779374438774667,0.3000914117650046,0.7052399168337531,-40.985372365725624,7.032724988420036,178.91794059076315,0.0,20.0,20.0,108.88519191741943,-0.9225724138581327
573,5.73,0.45528434368074855,0.21481259053132523,0.7197333026055437,-37.57577262053931,15.721446981330493,-170.1566957146437,0.0,20.0,20.0,108.88519191741943,-1.4224442653714955
574,5.74,0.4527782653704645,0.12955714300013402,0.7341986017798576,-32.284872254209475,23.336580482772277,-157.94686636626042,0.0,20.0,20.0,108.88519191741943,-2.0043274992127658
575,5.75,0.4502602423993771,0.044240277928180645,0.7487429272097025,-25.039021562727957,29.41422927740461,-144.10318393005915,439.9266052246094,20.0,20.0,108.88339805603027,-2.7367466494504384
576,5.76,0.4476522026435379,-0.041548145728965744,0.7639124403815808,-16.037797285880295,33.45537262674902,-128.6062615523077,2200.0,20.0,20.0,108.87442779541016,-3.7850843877845777
577,5.7700000000000005,0.44489062374424226,-0.12812287275311135,0.7801538042752595,-5.987413551849907,35.059360646908964,-111.9748334587398,2200.0,20.0,20.0,108.86545753479004,-4.4522771371252485
578,5.78,0.4419717937565661,-0.215458793880322,0.7974845273896658,3.9555102962807975,34.11244121761785,-95.19188390165651,2200.0,20.0,20.0,108.85648727416992,-5.0453088370398405
579,5.79,0.43889266237997476,-0.30353197513565167,0.8159204768214856,12.652916441916656,30.873151838738902,-79.22196633528576,2200.0,20.0,20.0,108.8475170135498,-5.545334606087433
580,5.8,0.43565025777833316,-0.39231812683115314,0.8354770064739233,19.43776559770706,25.86026417828303,-64.54796651957962,2200.0,9.788724780082703,20.0,108.83854675292969,-5.956752664236168
581,5.8100000000000005,0.4322416825442062,-0.4817926148864559,0.8561689497638547,24.148445209006166,19.660874242421606,-51.12804891536158,2200.0,-11.536269187927246,20.0,108.82957649230957,-6.29678910656412
582,5.82,0.4286641202323854,-0.5719304679097489,0.8780106234706745,26.899209172984918,12.80902609400103,-38.619776152498346,2200.0,-20.0,20.0,108.82060623168945,-6.586340472495129
583,5.83,0.4249147901524544,-0.6627064199017755,0.9010158197026912,27.873712477487448,5.757561348894638,-26.586507933482725,2200.0,-20.0,20.0,108.81163597106934,-6.844893706294686
584,5.84,0.42099099150312175,-0.7540948965836528,0.9251978196630758,27.23009245508253,-1.1028098204753138,-14.60460211610129,2200.0,-20.0,20.0,108.80266571044922,-7.088327247059165
585,5.8500000000000005,0.4168900369212578,-0.8460700778557039,0.9505693528025869,25.088665008615283,-7.415878362552426,-2.3105698803685866,2200.0,-20.0,20.0,108.7936954498291,-7.328615619778855
586,5.86,0.41260929798212875,-0.938605889264715,0.9771425970518968,21.568339605017982,-12.842856231080898,10.56506310164722,2200.0,-20.0,20.0,108.78472518920898,-7.573936296688383
587,5.87,0.4081462046441241,-1.0316760144413428,1.00492916097065,16.850124351192093,-17.06655907864305,24.154822505659432,2200.0,-20.0,20.0,108.77575492858887,-7.829575714037411
588,5.88,0.40349825177307747,-1.1252539066163754,1.0339400769685472,11.242725484046462,-19.822489710857102,38.41070114637292,2200.0,-20.0,20.0,108.76678466796875,-8.099050773538645
589,5.89,0.3986630051139644,-1.2193128004627278,1.0641857967370856,5.206760379604229,-20.950952791813542,53.09852729201131,2200.0,-20.0,20.0,108.75781440734863,-8.37955850709382
590,5.9,0.3936381068015219,-1.3138257235881692,1.0956761873966439,-0.7024162081616532,-20.445354550455402,67.86953986253481,2200.0,-20.0,20.0,108.74884414672852,-8.668608547747727
591,5.91,0.38842128062358405,-1.408765507720913,1.12842052789168,-5.957261461869312,-18.4641851445351,82.39337806021368,2200.0,-20.0,20.0,108.7398738861084,-8.962177697988889
592,5.92,0.38301033669357804,-1.5041047993129921,1.1624275056288307,-10.168507563538732,-15.296185674962455,96.47496486477954,2200.0,-20.0,20.0,108.73090362548828,-9.255172084659213
593,5.93,0.37740317546754076,-1.5998160698193526,1.197705213414315,-13.121123843843609,-11.301383546577739,110.0919730968728,2200.0,-20.0,20.0,108.72193336486816,-9.541892878228612
594,5.94,0.37159779098155443,-1.6958716257361914,1.2342611467283273,-14.74391233329354,-6.8593506893881075,123.35897953845095,2200.0,-20.0,20.0,108.71296310424805,-9.816495393274046
595,5.95,0.36559227324418064,-1.7922436185172101,1.2721022013147132,-15.059892163745172,-2.338841431058803,136.46237021090323,2200.0,-20.0,20.0,108.70399284362793,-10.07342680977064
596,5.96,0.359384809762142,-1.8889040544882194,1.3112346710475369,-14.152853686092522,1.9155731904878215,149.59829334156015,2200.0,-20.0,20.0,108.69502258300781,-10.307825344096416
597,5.97,0.35297368621305564,-1.9858248048775884,1.3516642460352373,-12.159637142297017,5.5913289305741145,162.92324475145847,2200.0,-20.0,20.0,108.6860523223877,-10.51586333627282
598,5.98,0.34635728630648843,-2.082977616075918,1.3933960109335686,-9.280262931270865,8.419940444691095,176.51796373376968,2200.0,-20.0,20.0,108.67708206176758,-10.695018169227605
599,5.99,0.33953409089781905,-2.18033412023323,1.4364344434532255,-5.789025841574501,10.19735410302888,-169.6309406260435,2200.0,-20.0,20.0,108.66811180114746,-10.844257898360212
600,6.0,0.3325026764420237,-2.2778658462941213,1.4807834130610038,-2.0276802283041016,10.808876320884584,-155.6223028086468,2200.0,-20.0,20.0,108.65914154052734,-10.964132611033165
601,6.01,0.3252617128978448,-2.375544231558891,1.52644617988177,1.6289680127032993,10.248319713418608,-141.60078360777666,2200.0,-20.0,20.0,108.65017127990723,-11.05676749600293
602,6.0200000000000005,0.3178099612157945,-2.473340633840591,1.5734253938123306,4.825500327764828,8.620758845984112,-127.69933169647669,2200.0,-20.0,20.0,108.64120101928711,-11.125759006234446
603,6.03,0.3101462705636698,-2.5712263442644527,1.6217230938587466,7.27266753898647,6.126373382551162,-113.98993236094168,2200.0,-20.0,20.0,108.63223075866699,-11.175980965011142
604,6.04,0.3022695754580759,-2.6691726007281487,1.671340707706998,8.770391465660753,3.032870510540913,-100.4634092276406,2200.0,-20.0,20.0,108.62326049804688,-11.213312625996101
605,6.05,0.29417889297771277,-2.7671506020104326,1.7222790515340585,9.20769066983902,-0.35273473211197676,-87.04087274342857,2200.0,-20.0,20.0,108.61429023742676,-11.244305212988795
606,6.0600000000000005,0.28587332023241857,-2.865131522483589,1.774538330062799,8.553682794750097,-3.7068507450354153,-73.60623839414227,2200.0,-20.0,20.0,108.60531997680664,-11.27580704052116
607,6.07,0.277352032250491,-2.9630865273538034,1.828118136859959,6.853624129284032,-6.70745572809852,-60.04753208984817,2200.0,-20.0,20.0,108.59634971618652,-11.314569720145574
608,6.08,0.26861428042556357,-3.0609867883248567,1.8830174548720753,4.23468873515574,-9.052818190707107,-46.29735898264167,2200.0,-20.0,20.0,108.5873794555664,-11.366859032128643
609,6.09,0.2596593916339232,-3.1588034995564622,1.939234657190194,0.9146280009824677,-10.485479533281387,-32.362470972190046,2200.0,-20.0,20.0,108.57840919494629,-11.43809371473652
610,6.1000000000000005,0.25048676809490766,-3.2565078937706855,1.9967675080309921,-2.8016721036901195,-10.821147985243947,-18.329752405976098,2200.0,-20.0,20.0,108.56943893432617,-11.532533707684536
611,6.11,0.2410958880029493,-3.354071258349751,2.0556131639200848,-6.550398123504816,-9.975056340411607,-4.339559397096025,2200.0,-20.0,20.0,108.56046867370605,-11.65303638348662
612,6.12,0.2315360856791722,-3.4515067376976276,2.115471200335264,-9.95879400524059,-7.9747699835439425,9.467369837370024,1227.19775390625,-20.0,20.0,108.55546474456787,-11.595804248474447
613,6.13,0.221919135575986,-3.5488938609169742,2.1756679666775156,-12.695885968826662,-4.953681079648199,23.00602589731529,0.0,-20.0,20.0,108.55546474456787,-11.502371689963706
614,6.140000000000001,0.21230729636183737,-3.6462858632501587,2.235828798269904,-14.501493541529458,-1.1299677580711889,36.281378318240144,0.0,-20.0,20.0,108.55546474456787,-11.679922807985223
615,6.15,0.2027008359554861,-3.7436848708929653,2.295954065134253,-15.18828538431694,3.2180658442724868,49.39129765012912,0.0,-0.21287500858306885,20.0,108.55546474456787,-11.87961913481443
616,6.16,0.19309975243746436,-3.841091655394695,2.3560439276144827,-14.629248763192525,7.770861714677325,62.50415648180126,0.0,20.0,20.0,108.55546474456787,-12.096784284482352
617,6.17,0.18350405350858778,-3.938506988274373,2.4160985656218217,-12.749649571471396,12.178205511403874,75.82001359646488,0.0,20.0,20.0,108.55546474456787,-12.32572180915406
618,6.18,0.17391373544261163,-4.035931636844733,2.476118173561905,-9.53945054441188,16.06701611074787,89.51858599119221,0.0,20.0,20.0,108.55546474456787,-12.560082508113437
619,6.19,0.16432879287593413,-4.133366360681459,2.5361029617348554,-5.091689617812444,19.056934210002805,103.69490676859085,0.0,20.0,20.0,108.55546474456787,-12.793232831097049
620,6.2,0.1547492173606433,-4.230811916078257,2.596053156707637,0.3471354603631333,20.794840489766674,118.29563996451161,0.0,20.0,20.0,108.55546474456787,-13.01864177447861
621,6.21,0.1451068954004241,-4.3281333424917845,2.6563570688220004,6.354748849258743,21.010047623474673,133.09305008370566,1333.47021484375,20.0,20.0,108.55002784729004,-13.503598696621937
622,6.22,0.13529049219281397,-4.425094925515968,2.7176508060156803,12.38465682785778,19.572219831595632,147.7390702383617,2200.0,20.0,20.0,108.54105758666992,-13.879310759861657
623,6.23,0.12525654503888356,-4.521580925683255,2.7801764698587723,17.887177020533546,16.51904466015047,161.89329339314304,2200.0,20.0,20.0,108.5320873260498,-14.057652296086756
624,6.24,0.11500552198493998,-4.617563631892972,2.84392316860239,22.426161227865858,12.035259715464496,175.35096271567542,2200.0,20.0,20.0,108.52311706542969,-14.209203421871644
625,6.25,0.10453814644535496,-4.713016491170126,2.9088797832781172,25.72019717591977,6.400248052894024,-171.90050387379364,2200.0,20.0,20.0,108.51414680480957,-14.332748996111992
626,6.26,0.09385524119473378,-4.8079132083050045,2.975034632820653,27.606159628611152,-0.0620287239185373,-159.69851638455967,2200.0,20.0,20.0,108.50517654418945,-14.428641817854901
627,6.2700000000000005,0.08295773037044528,-4.902227755766548,3.042375478594094,27.970311959089102,-7.009285109267811,-147.75169019984406,2200.0,20.0,20.0,108.49620628356934,-14.49876820176504
628,6.28,0.07184664063451444,-4.9959343832465555,3.110889529095017,26.687735034532984,-14.080505961069548,-135.68104127264317,2200.0,20.0,20.0,108.48723602294922,-14.546423844690665
629,6.29,0.06052310152315462,-5.089007626964469,3.1805634448057,23.59267916022772,-20.8758025770423,-123.05357062409472,2200.0,20.0,20.0,108.4782657623291,-14.576108177266669
630,6.3,0.04898834499688289,-5.181422318831122,3.251383343229415,18.502191758396986,-26.92803922111526,-109.43590795077833,2200.0,20.0,20.0,108.46929550170898,-14.59325016452233
631,6.3100000000000005,0.037243704204028165,-5.273153595557166,3.323334804176237,11.330509143068658,-31.688288977001847,-94.5180538995456,2200.0,20.0,20.0,108.46032524108887,-14.603882463722067
632,6.32,0.025290611487132242,-5.364176907789295,3.3964028753834925,2.313729561002105,-34.56751439226398,-78.33661046145217,2200.0,20.0,20.0,108.45135498046875,-14.614283741005789
633,6.33,0.013130595690342974,-5.454468029356579,3.4705720785559624,-7.779138718817884,-35.07655777435133,-61.479262139006,2200.0,20.0,20.0,108.44238471984863,-14.63061062870187
634,6.34,0.0007652788600483035,-5.544003066705075,3.5458264159027952,-17.757438322512396,-33.01932078880975,-44.96435768076544,2200.0,20.0,20.0,108.43341445922852,-14.658541183420025
635,6.3500000000000005,-0.011803627534802094,-5.632758468589117,3.6221493772338973,-26.512767520686317,-28.5738105293046,-29.725808249356756,2200.0,20.0,20.0,108.4244441986084,-14.702950770757164
636,6.36,-0.02457432670620022,-5.720711036072144,3.6995239476598583,-33.4361030887058,-22.174396612711778,-16.181925383422158,2200.0,20.0,20.0,108.41547393798828,-14.76763912490425
637,6.37,-0.0375449407952489,-5.807837932869569,3.7779326159169893,-38.39868124272135,-14.322523763245531,-4.235595982188213,2200.0,20.0,20.0,108.40650367736816,-14.855124054903131
638,6.38,-0.050713515073056534,-5.894116696042192,3.857357383313814,-41.498898452875814,-5.470714972179712,6.5001937700741035,2200.0,20.0,20.0,108.39753341674805,-14.966513103154659
639,6.390000000000001,-0.06407802190141555,-5.979525247022645,3.9377797732688484,-42.84475571072874,4.001690048909154,16.52727963076589,2200.0,20.0,20.0,108.38856315612793,-15.101459668068506
640,6.4,-0.07763636427217342,-6.064041902930714,4.019180841383769,-42.42950316120248,13.761647372802253,26.405155180740145,2200.0,20.0,20.0,108.37959289550781,-15.258204978781812
641,6.41,-0.0913863787689207,-6.147645388108037,4.101541185973125,-40.05538692758136,23.4715629308884,36.77846881188387,2200.0,20.0,20.0,108.3706226348877,-15.433702170244917
642,6.42,-0.10532583783096526,-6.2303148457802795,4.184840958953705,-35.26799558461873,32.71679209347251,48.44837763773495,2200.0,20.0,20.0,108.36165237426758,-15.623813864035572
643,6.43,-0.11945245124503545,-6.312029849737438,4.2690598769849295,-27.332926222523266,40.90139219718113,62.41668208663038,2200.0,20.0,20.0,108.35268211364746,-15.823570404306208
644,6.44,-0.13376386684117456,-6.392770415911943,4.354177232747047,-15.481117303964018,47.129509355015074,79.66179482887219,2200.0,20.0,20.0,108.34371185302734,-16.027472480243667
645,6.45,-0.14825767042158872,-6.4725170137309895,4.440171906246532,0.0939997060212564,50.240474781579316,100.15954416133638,2200.0,20.0,20.0,108.33474159240723,-16.22981948206615
646,6.46,-0.16293138535782656,-6.55125057714951,4.527022376001627,16.95541004648263,49.34531688120858,121.61669886995591,2200.0,20.0,20.0,108.32577133178711,-16.42504437312771
647,6.47,-0.17778246971189418,-6.628952515094559,4.6147067303606475,31.634185396140346,44.573213361196714,140.69514039080843,2200.0,20.0,20.0,108.31680107116699,-16.608031211051067
648,6.48,-0.19280831740028107,-6.705604721413911,4.7032026780088865,42.50562213465605,36.89660500184616,155.8999855627667,2200.0,20.0,20.0,108.30783081054688,-16.774406571355946
649,6.49,-0.20800625463934902,-6.781189584332938,4.792487559038329,49.88385014910158,27.342765190900117,167.6878538571143,2200.0,20.0,20.0,108.29886054992676,-16.920775519902044
650,6.5,-0.22337353844272625,-6.855689995406558,4.882538355176331,54.61161209514609,16.63474293713457,177.07520741305137,2200.0,20.0,20.0,108.28989028930664,-17.044898447880673
651,6.51,-0.23890735422403214,-6.929089357875017,4.973331699595192,57.35721790238369,5.225207787342642,-175.03549165232758,2200.0,18.73727321624756,20.0,108.28092002868652,-17.145795674962052
652,6.5200000000000005,-0.2546048139362123,-7.001371594276309,5.06484388624363,58.48975098162265,-6.594109965656993,-167.92916399285042,2200.0,10.384063720703125,20.0,108.2719497680664,-17.223776488835046
653,6.53,-0.2704629547479033,-7.072521154180271,5.15705087827027,58.0875716017062,-18.606743810596395,-160.97057275965582,2200.0,-0.48108041286468506,20.0,108.26297950744629,-17.280392594467088
654,6.54,-0.28647873943955465,-7.142523023877329,5.249928313811047,55.899237838155265,-30.603605672870653,-153.4368391304888,2200.0,-13.70527982711792,20.0,108.25400924682617,-17.31832379299034
655,6.55,-0.30264904745288956,-7.211362742530037,5.343451515529062,51.157948137106395,-42.29834572490722,-144.2426145467664,2200.0,-20.0,20.0,108.24503898620605,-17.34117169993147
656,6.5600000000000005,-0.31897069594006494,-7.27902639165999,5.4375954817354195,42.095354274121895,-53.151377466085464,-131.3979842279579,2200.0,-20.0,20.0,108.23606872558594,-17.35325380449384
657,6.57,-0.3354404399457027,-7.345500595171757,5.5323349078001405,25.19008821993672,-61.92391302852962,-111.22223688237678,2200.0,-20.0,20.0,108.22709846496582,-17.359321436650287
658,6.58,-0.3520549861324607,-7.410772520142296,5.6276441983108745,-2.436954917439405,-65.98766828583322,-80.71714568986928,2200.0,-20.0,20.0,108.2181282043457,-17.364280309197497
659,6.59,-0.36881099746880197,-7.474829879656707,5.7234974837588,-31.58236914537398,-62.9775176290609,-48.99276386396269,2200.0,-20.0,20.0,108.20915794372559,-17.37289656177138
660,6.6000000000000005,-0.38570509720931656,-7.537660939851469,5.8198686348422966,-50.670928754201704,-54.5767892710394,-27.54658657184728,2200.0,-20.0,20.0,108.20018768310547,-17.389522442429044
661,6.61,-0.4027338717521264,-7.5992545271516825,5.916731277092333,-61.33688872543517,-43.58136517382735,-14.674230817738717,2200.0,-20.0,20.0,108.19121742248535,-17.41785379738029
662,6.62,-0.41989387267023415,-7.659600035149928,6.0140588057784585,-67.44141708583874,-31.407256255596927,-6.4443695071835165,2200.0,-20.0,20.0,108.18224716186523,-17.460732744143403
663,6.63,-0.4371816180088424,-7.718687431084428,6.111824400982291,-71.080848285673,-18.639429193902288,-0.6812760888449416,2200.0,-20.0,20.0,108.17327690124512,-17.520006004185205
664,6.640000000000001,-0.4545935928667994,-7.776507261969825,6.210001042687552,-73.2473602426957,-5.539116827491063,3.7097835389529643,2200.0,-20.0,20.0,108.164306640625,-17.596445787492534
665,6.65,-0.47212624929087504,-7.833050660409665,6.308561525729919,-74.40136566983533,7.760620633127376,7.340219924713312,2200.0,-20.0,20.0,108.15533638000488,-17.689736190790065
666,6.66,-0.48977209206065664,-7.888352996106627,6.407466867722519,-74.71214093346299,21.180648284684104,10.631810412119226,2054.938720703125,-20.0,20.0,108.14695739746094,-17.7724078257979
667,6.67,-0.5075224611367807,-7.9424657287906255,6.506674981566431,-74.11196455740236,34.66166956376666,13.999697968449004,2004.4244384765625,-20.0,20.0,108.13878440856934,-17.888317617804674
668,6.68,-0.5253746493167003,-7.99537405017501,6.606161983393839,-72.1649993992373,48.1373256418441,18.094697769675854,2082.032958984375,-19.836039543151855,20.0,108.13029479980469,-18.038513947363683
669,6.69,-0.543330035691897,-8.04701234106999,6.7059146001464525,-67.3982528400204,61.47559389949778,24.527957169779377,2200.0,-13.439924716949461,20.0,108.12132453918457,-18.200898195031666
670,6.7,-0.5613878195306382,-8.097338858879032,6.805912875348675,-53.4259937789163,74.16566668969605,39.77600367739258,2200.0,-11.086740493774414,20.0,108.11235427856445,-18.34230572443799
671,6.71,-0.5795442342901462,-8.146348320462325,6.9061286518014295,6.813455844086574,81.80276063216178,100.96019477620375,2200.0,-8.800272345542908,20.0,108.10338401794434,-18.48229075506526
672,6.72,-0.5977954654588856,-8.19403608536967,7.006533810254553,64.56154686966597,73.70736140430242,159.35958822287193,2200.0,-6.30883514881134,20.0,108.09441375732422,-18.616957774559403
673,6.73,-0.61613765797572,-8.240398127861768,7.1071001509938245,78.2099423809401,60.895369140268656,173.38614309248803,2200.0,-3.4856051206588745,20.0,108.0854434967041,-18.742776473099568
674,6.74,-0.634566917371769,-8.285431037314298,7.207799406093455,83.36100580833626,47.42075668586806,178.64695606072314,2200.0,0.8055633306503296,20.0,108.07647323608398,-18.85677365614704
675,6.75,-0.6530793097002191,-8.329132016965595,7.308603250067151,86.06655737931753,33.7551975848696,-178.81797318470748,2200.0,7.202131152153016,20.0,108.06750297546387,-18.956682525696095
676,6.76,-0.6716708713351014,-8.371498882795207,7.409483319984668,87.81519300407591,20.01287389811448,-177.5530257712095,2200.0,13.674829006195068,20.0,108.05853271484375,-19.041063224658387
677,6.7700000000000005,-0.6903375969143201,-8.412530063588697,7.510411216449281,89.15859031627967,6.237954356329421,-177.07105787810121,2200.0,18.525269031524658,20.0,108.04956245422363,-19.109325411562725
678,6.78,-0.7090754558121348,-8.452224604365052,7.611358531279461,90.38297088696761,-7.5451595134166,-177.20439515285605,2200.0,20.0,20.0,108.04059219360352,-19.161761306050842
679,6.79,-0.7278803837793639,-8.49058216723972,7.712296852635797,91.71269480137506,-21.316898189216335,-177.9514359173851,2200.0,20.0,20.0,108.0316219329834,-19.19947378376345
680,6.8,-0.7467482850335765,-8.52760303464646,7.813197778039822,93.43472559912249,-35.0536516206389,-179.4778092847934,2200.0,20.0,20.0,108.02265167236328,-19.224283299848764
681,6.8100000000000005,-0.7656750328268704,-8.56328811001726,7.914032925519029,96.10931500334111,-48.71315903155269,177.72294393757699,2200.0,20.0,20.0,108.01368141174316,-19.23859127273763
682,6.82,-0.7846564705550612,-8.597638917992494,8.014773944233085,101.29205994583003,-62.18424282220644,172.12981331432397,2200.0,20.0,20.0,108.00471115112305,-19.245214611898753
683,6.83,-0.8036884135991841,-8.630657604082057,8.115392524850398,115.72142075941277,-74.9788300316853,157.01740482711926,2200.0,20.0,20.0,107.99574089050293,-19.247202606841284
684,6.84,-0.8227666519456349,-8.662346933712584,8.215860409856772,-178.7344959909629,-82.3235440525615,90.51384512265992,2200.0,20.0,20.0,107.98677062988281,-19.247647847064897
685,6.8500000000000005,-0.8418869535595849,-8.692710290722625,8.316149403975851,-123.02063268554957,-73.5233904604264,33.54462464074378,2200.0,20.0,20.0,107.9778003692627,-19.249502806353668
686,6.86,-0.8610450684269191,-8.721751675363322,8.416231384855667,-110.99446388189406,-60.6681019789611,19.93045113654392,2200.0,20.0,20.0,107.96883010864258,-19.25541291691654
687,6.87,-0.8802367331417013,-8.749475701841053,8.516078314146032,-106.83996890701998,-47.31978918675503,13.796578643320412,2200.0,20.0,20.0,107.95985984802246,-19.267575509228237
688,6.88,-0.899457675889347,-8.775887595421326,8.615662249062556,-105.1650220299199,-33.87702911485614,9.661292932067328,2200.0,20.0,20.0,107.95088958740234,-19.287632015726917
689,6.890000000000001,-0.9187036216549446,-8.80099318910865,8.714955354504067,-104.70842979467622,-20.44860184530448,6.12695137015629,2200.0,20.0,20.0,107.94191932678223,-19.316598476950567
690,6.9,-0.9379702974712977,-8.824798919923568,8.813929915759712,-105.10009049683546,-7.092929005341815,2.611101876819548,2200.0,20.0,20.0,107.93294906616211,-19.35483681201231
691,6.91,-0.9572534375148092,-8.847311824810312,8.91255835180873,-106.29722544711254,6.134802449100734,-1.2721847380009748,2200.0,20.0,20.0,107.92397880554199,-19.40206669336703
692,6.92,-0.976548787861976,-8.868539536221277,9.010813229180531,-108.47839724303424,19.158932115522823,-5.928153352763687,2200.0,20.0,20.0,107.91500854492188,-19.457415366014985
693,6.93,-0.9958521107365558,-8.888490277433949,9.10866727630697,-112.10465508185648,31.85109175230351,-11.95492013653589,2200.0,20.0,20.0,107.90603828430176,-19.519500526336664
694,6.94,-1.015159188107163,-8.907172857660722,9.206093398265335,-118.16167918129007,43.958566125551386,-20.43237846858077,2200.0,20.0,20.0,107.89706802368164,-19.586539555712456
695,6.95,-1.0344658245353409,-8.924596667011569,9.303064691782279,-128.73698039896163,54.91414085303702,-33.521853249269554,2200.0,20.0,20.0,107.88809776306152,-19.656477087637505
696,6.96,-1.0537678492218758,-8.940771671364349,9.399554460348403,-147.7322668553959,63.335712316394385,-55.190950807339604,2200.0,20.0,20.0,107.8791275024414,-19.727122136979727
697,6.97,-1.0730611172502833,-8.955708407188824,9.495536229282258,-177.0137629814895,66.44711715098337,-87.37219464124883,2200.0,20.0,20.0,107.87015724182129,-19.79628585989895
698,6.98,-1.0923415100766685,-8.969417976359361,9.590983760582295,155.00952737438192,62.50424827635792,-118.5482283161268,2200.0,20.0,20.0,107.86118698120117,-19.861911427289677
699,6.99,-1.1116049352252362,-8.98191204096636,9.685871067444763,137.89471615920655,53.84905958844951,-139.2502066610265,2200.0,20.0,20.0,107.85221672058105,-19.92218819183347
700,7.0,-1.1308473264119798,-8.993202818118354,9.780172428058219,128.7329512759763,43.125879531569254,-152.49904661095664,2200.0,20.0,20.0,107.84324645996094,-19.975645854864727
701,7.01,-1.1500646409275554,-9.003303074702762,9.873862399268022,123.92146923188191,31.574385702572755,-162.04630120928465,2200.0,20.0,20.0,107.83427619934082,-20.021217409000954
702,7.0200000000000005,-1.1692528604918329,-9.012226122206442,9.966915829088988,121.65478308056416,19.728904256957478,-169.9024736420883,2200.0,20.0,20.0,107.8253059387207,-20.058281309549624
703,7.03,-1.1884079886734138,-9.019985811704018,10.05930786898857,121.14340979320674,7.86847738287789,-177.14885747070988,2200.0,20.0,20.0,107.81633567810059,-20.086667102069168
704,7.04,-1.2075260498872837,-9.026596528838958,10.151013985187367,122.11114023498372,-3.8085001079199103,175.5108879153441,2200.0,20.0,20.0,107.80736541748047,-20.106636102631768
705,7.05,-1.226603088507859,-9.032073188661125,10.242009969232743,124.59922776186816,-15.103418122852597,167.47775763482898,2200.0,20.0,20.0,107.79839515686035,-20.118836329419864
706,7.0600000000000005,-1.2456351684860472,-9.036431230297191,10.332271947892947,128.91789756649314,-25.756698198511472,158.09667338117998,2200.0,20.0,20.0,107.78942489624023,-20.124236645735117
707,7.07,-1.2646183735693985,-9.039686611424433,10.421776392471426,135.6537069559272,-35.37441974033489,146.54936282737614,2200.0,20.0,20.0,107.78045463562012,-20.12404559329313
708,7.08,-1.2835488081944497,-9.041855802500573,10.510500127642096,145.59599944015196,-43.33177001973709,131.87648624018433,2200.0,20.0,20.0,107.771484375,-20.11962062229257
709,7.09,-1.30242259909236,-9.04295578068178,10.598420339905326,159.23217866034625,-48.715616215237965,113.45351464601278,2200.0,20.0,20.0,107.76251411437988,-20.11237297520608
710,7.1000000000000005,-1.3212358976175864,-9.04300402334801,10.685514585765945,175.51909673436228,-50.55304118151601,92.2014388550878,2200.0,20.0,20.0,107.75354385375977,-20.103686064504195
711,7.11,-1.3399848827737302,-9.042018501152173,10.771760799737248,-168.59395284979857,-48.49236667846415,71.05113094236819,2200.0,20.0,20.0,107.74457359313965,-20.094825382478618
712,7.12,-1.3586657652407512,-9.04001767042568,10.857137302345503,-155.8899681879986,-43.1840602767389,52.65761511313574,2200.0,7.167546153068542,20.0,107.73560333251953,-20.08687446359176
713,7.13,-1.3772747963824858,-9.037020459149042,10.941622813138396,-147.04146338459185,-35.72615392072863,37.547274298225595,2200.0,-20.0,20.0,107.72663307189941,-20.08068094923188
714,7.140000000000001,-1.3958082526250775,-9.033046259797601,11.025196416614468,-141.44535213130476,-27.049766300321412,24.941867877718924,2200.0,-20.0,20.0,107.7176628112793,-20.076820400696807
715,7.15,-1.414262478210338,-9.02811487327794,11.107837613387193,-138.345887278854,-17.788881286305926,13.867662314937803,2200.0,-20.0,20.0,107.70869255065918,-20.07557690272463
716,7.16,-1.4326338859691026,-9.02224652474102,11.189526320580041,-137.21493711736713,-8.371740021172734,3.5201156944235943,2200.0,-20.0,20.0,107.69972229003906,-20.07700515104397
717,7.17,-1.4509189507037787,-9.015461840692783,11.270242895669442,-137.77132957691967,0.8772608209572695,-6.732220597252127,2200.0,-20.0,20.0,107.69075202941895,-20.080896461000776
718,7.18,-1.4691142097670833,-9.007781854039944,11.349968155860044,-139.92391951076195,9.666136502684473,-17.412825007083395,2200.0,-20.0,20.0,107.68178176879883,-20.08683009224585
719,7.19,-1.4872162607317725,-8.999227995793186,11.428683387896857,-143.70867246188953,17.687175432133255,-28.981046468148286,2200.0,-20.0,20.0,107.67281150817871,-20.09422142119516
720,7.2,-1.5052217594700577,-8.989822085549946,11.506370355517111,-149.20846413479026,24.58695334084643,-41.82380439580616,2200.0,-20.0,20.0,107.6638412475586,-20.102376188576393
721,7.21,-1.5231274181613754,-8.979586321663499,11.583011306503119,-156.42182879519424,29.963956211930473,-56.17000399783059,2200.0,-20.0,20.0,107.65487098693848,-20.110546560134683
722,7.22,-1.5409300033947642,-8.968543271890551,11.658588979732489,-165.0746625051459,33.418449616605294,-71.93131498533764,2200.0,-20.0,20.0,107.64590072631836,-20.11798549423082
723,7.23,-1.5586263341541795,-8.956715864388437,11.73308661230797,-174.48047104187597,34.66939263587398,-88.58148476526642,2200.0,-20.0,20.0,107.63693046569824,-20.123995307224508
724,7.24,-1.5762132802170352,-8.944127379215178,11.806487946293238,176.34733294432024,33.68781261156555,-105.28168344337469,2200.0,-20.0,20.0,107.62796020507812,-20.127968397327272
725,7.25,-1.5936877610613083,-8.930801439992612,11.878777234962214,168.31996079011807,30.734284166535193,-121.26527799264046,2200.0,-20.0,20.0,107.61898994445801,-20.129417702343062
726,7.26,-1.6110467454450992,-8.916762005598533,11.949939248488088,161.96361277149293,26.259515303770794,-136.15416747067027,2200.0,-20.0,20.0,107.61001968383789,-20.12799578088686
727,7.2700000000000005,-1.628287251739791,-8.902033361758546,12.01995927911829,157.40943364461876,20.76056761584271,-149.9731785685422,2200.0,-20.0,20.0,107.60104942321777,-20.123502267139123
728,7.28,-1.6454063490378366,-8.88664011242797,12.088823145921229,154.56135668482275,14.689645833091951,-162.98360517899087,2200.0,-20.0,20.0,107.59207916259766,-20.11588031336589
729,7.29,-1.6624011590111394,-8.870607170866036,12.156517199196355,153.25031508402412,8.428487358448864,-175.52576536938037,2200.0,-20.0,20.0,107.58310890197754,-20.10520338992754
730,7.3,-1.6792688584631543,-8.853959750309942,12.223028324627263,153.3119181678242,2.2975350057128177,172.0693386611994,2200.0,-20.0,20.0,107.57413864135742,-20.091654406520927
731,7.3100000000000005,-1.696006682491595,-8.836723354160114,12.288343947241849,154.60454294463145,-3.426961888127181,159.5198628567861,2200.0,-20.0,20.0,107.5651683807373,-20.075499514298336
732,7.32,-1.7126119279650238,-8.81892376548961,12.35245203529399,156.99466732076806,-8.50130940320464,146.6140656869506,2200.0,-11.705737113952635,20.0,107.55619812011719,-20.057058675635925
733,7.33,-1.7290819570861944,-8.800587035705696,12.41534110369889,160.3273998299384,-12.713569429785167,133.22803306993205,2200.0,3.5740286111831665,20.0,107.54722785949707,-20.0366752278634
734,7.34,-1.7454141981173326,-8.78173947103552,12.477000217492247,164.3961706121826,-15.894811746486178,119.3409003760381,2200.0,20.0,20.0,107.53825759887695,-20.014681227072792
735,7.3500000000000005,-1.7616061642399168,-8.762407624050793,12.537418986888731,168.92763770238557,-17.93940765562186,105.03689484799986,2200.0,20.0,20.0,107.52928733825684,-19.991416837928814
736,7.36,-1.7776554125504447,-8.742618269646993,12.596587589113021,173.5965386544811,-18.82537782897368,90.48138805636935,2200.0,20.0,20.0,107.52031707763672,-19.9671561196961
737,7.37,-1.7935595625888145,-8.722398401654814,12.654496779159583,178.0702082874818,-18.6232052214245,75.87028785708036,2200.0,20.0,20.0,107.5113468170166,-19.942117126026073
738,7.38,-1.8093162907212177,-8.70177522665876,12.711137893638844,-177.93616267878642,-17.48597778700268,61.371667514502086,2200.0,20.0,20.0,107.50237655639648,-19.916455663784006
739,7.390000000000001,-1.8249233372929057,-8.680776154274168,12.766502853028632,-174.61981582510703,-15.623575177478813,47.08589453083247,2200.0,20.0,20.0,107.49340629577637,-19.890267074345335
740,7.4,-1.8403785134031443,-8.659428785141777,12.820584160397605,-172.079624598085,-13.27098463417221,33.037369282343036,2200.0,20.0,20.0,107.48443603515625,-19.86359206338798
741,7.41,-1.855679707670119,-8.63776089753124,12.873374900939897,-170.32850302125198,-10.660468020163753,19.191619601204376,2200.0,20.0,20.0,107.47546577453613,-19.836426168017375
742,7.42,-1.8708248924450923,-8.615800432924297,12.924868742745009,-169.31500972908248,-8.001805676869681,5.482705975326787,2200.0,20.0,20.0,107.46649551391602,-19.808731764235755
743,7.43,-1.885812129072505,-8.593575480926797,12.975059938589366,-168.94366361943514,-5.4699380093156575,-8.161269609589311,2200.0,20.0,20.0,107.4575252532959,-19.78045101800079
744,7.44,-1.9006395721816258,-8.571114263669221,13.023943328320476,-169.09053858174542,-3.197557753871736,-21.800334004343053,2200.0,20.0,20.0,107.44855499267578,-19.751518484409257
745,7.45,-1.915305472969194,-8.548445119869504,13.071514341507745,-169.6153925335737,-1.27080842595252,-35.47365585444611,2200.0,20.0,20.0,107.43958473205566,-19.721872029826
746,7.46,-1.9298081815163166,-8.525596488685839,13.117769000139608,-170.37286408165576,0.2724101982150452,-49.198306345952574,2200.0,20.0,20.0,107.43061447143555,-19.691461157216615
747,7.47,-1.944146148179962,-8.50259689348404,13.16270392125409,-171.22430760578544,1.4410572458672282,-62.97358192096878,2200.0,20.0,20.0,107.42164421081543,-19.660252163962586
748,7.48,-1.9583179241044137,-8.479474925648791,13.206316319459276,-172.05010407735998,2.285840956526819,-76.78808740645918,2200.0,20.0,20.0,107.41267395019531,-19.6282299709505
749,7.49,-1.9723221609120327,-8.456259228572128,13.248604009329352,-172.76094166432654,2.890253609560296,-90.62674969341786,2200.0,20.0,20.0,107.4037036895752,-19.595396864800485
750,7.5,-1.9861576096558116,-8.432978481949313,13.289565407663675,-173.3061953353793,3.35840388953512,-104.47574241531031,2200.0,20.0,20.0,107.39473342895508,-19.561768748810515
751,7.51,-1.9998231191437075,-8.409661386500101,13.329199535585442,-173.6780460467037,3.800917403581197,-118.32473917495025,2200.0,20.0,20.0,107.38576316833496,-19.527369767579696
752,7.5200000000000005,-2.0133176337708654,-8.386336649212744,13.367506020444392,-173.91083870624,4.320431935889503,-132.16730298447118,2200.0,20.0,20.0,107.37679290771484,-19.492226330395972
753,7.53,-2.0266401910159595,-8.363032969181155,13.404485097480286,-174.07592255722187,4.998165913197373,-146.00088804250035,2200.0,20.0,20.0,107.36782264709473,-19.456361595941296
754,7.54,-2.0397899187694346,-8.339779024075265,13.440137611202141,-174.2727149013761,5.88282581655195,-159.82761979150828,2200.0,20.0,20.0,107.35885238647461,-19.419791394271634
755,7.55,-2.0527660326637553,-8.316603457253173,13.47446501644056,-174.6170323405296,6.982811739298148,-173.65597880373286,2200.0,20.0,20.0,107.34988212585449,-19.382522362152123
756,7.5600000000000005,-2.065567833569437,-8.29353486549332,13.507469379034863,-175.22782996953654,8.262298005632436,172.49768760262006,2200.0,20.0,20.0,107.34091186523438,-19.344552775897103
757,7.57,-2.0781947054068577,-8.270601787297053,13.539153376120744,-176.21328427029215,9.641382115673846,158.60966542745135,2200.0,20.0,20.0,107.33194160461426,-19.30587621235392
758,7.58,-2.0906461134038268,-8.24783269168738,13.569520295986695,-177.65671128489785,11.000269694984373,144.65315823914634,2200.0,20.0,20.0,107.32297134399414,-19.266487789755303
759,7.59,-2.102921602903756,-8.225255967409154,13.598574037468362,-179.60254027735803,12.187508592038174,130.60710211638533,2200.0,20.0,20.0,107.31400108337402,-19.226392375296335
760,7.6000000000000005,-2.1150207987997853,-8.202899912419653,13.626319108850115,177.95691053862905,13.032468629281404,116.46831917793313,2200.0,20.0,20.0,107.3050308227539,-19.185613833982348
761,7.61,-2.126943405637147,-8.180792723546928,13.652760626243474,175.09150170387608,13.362129313371563,102.26326404012505,2200.0,20.0,20.0,107.29606056213379,-19.14420416797459
762,7.62,-2.1386892083901787,-8.158962486187043,13.677904311414231,171.93595525619685,13.021247430190538,88.05345423922948,2200.0,20.0,20.0,107.28709030151367,-19.10225128443995
763,7.63,-2.1502580738451007,-8.1374371638849,13.701756489032507,168.68090710815508,11.893115542086512,73.92886722536272,2200.0,20.0,16.74787998199463,107.27812004089355,-19.05988402527946
764,7.640000000000001,-2.1616499544332055,-8.116244586830215,13.724324082601132,165.55187224442597,9.916472439653697,59.98775995549819,2200.0,-10.406098365783691,17.827744483947754,107.26914978027344,-19.01727611323781
765,7.65,-2.1728648813407774,-8.09541244686119,13.745614609301448,162.78217051366622,7.094482291611394,46.30816652348967,2200.0,-20.0,20.0,107.26017951965332,-18.974626980725798
766,7.66,-2.1839029959842375,-8.074968274023691,13.765636153354853,160.58919486406492,3.4944696200321044,32.921027807670455,2200.0,-20.0,20.0,107.2512092590332,-18.932204984165352
767,7.67,-2.1947645130844458,-8.054939444210097,13.784397371149954,159.16262351440372,-0.7591647093208063,19.79328163973176,2200.0,-20.0,20.0,107.24223899841309,-18.890229613262754
768,7.68,-2.2054497812428044,-8.035353128876586,13.8019074657331,158.665571675332,-5.493657574749987,6.823600142927937,2200.0,-20.0,20.0,107.23326873779297,-18.848985720097794
769,7.69,-2.215959248043863,-8.01623629135346,13.818176195914948,159.24396097041793,-10.493663028437973,-6.151049949970958,2200.0,-20.0,20.0,107.22429847717285,-18.80871803686426
770,7.7,-2.2262934647269668,-7.99761566768317,13.833213877888705,161.03388897029004,-15.501750764289717,-19.33974748947624,2200.0,-20.0,20.0,107.21532821655273,-18.769628848499707
771,7.71,-2.236453082512591,-7.979517752884523,13.847031382225301,164.15520171191653,-20.214988830336235,-32.9695305730675,2200.0,-20.0,20.0,107.20635795593262,-18.731857508786085
772,7.72,-2.246438848575366,-7.961968788312966,13.8596401296321,168.67792825111312,-24.283641715714086,-47.235603001265645,2200.0,-20.0,20.0,107.1973876953125,-18.695461444273572
773,7.73,-2.2562516019717798,-7.944994749665993,13.871052086547921,174.55306049426002,-27.32393652158235,-62.222055481066455,2200.0,-20.0,20.0,107.18841743469238,-18.66040120687481
774,7.74,-2.2658922696022796,-7.928621335514957,13.881279760855426,-178.47555519506267,-28.959976687453537,-77.80903531243133,2200.0,-20.0,20.0,107.17944717407227,-18.626531714540306
775,7.75,-2.2753618624332503,-7.912873956436901,13.890336197715737,-170.91330970631472,-28.89861138186027,-93.63011421447824,2200.0,-20.0,20.0,107.17047691345215,-18.593601448781946
776,7.76,-2.284661472112255,-7.897777724748924,13.898234975357635,-163.43097674925977,-27.009005077622295,-109.15892888451472,2200.0,-20.0,20.0,107.16150665283203,-18.561260707339436
777,7.7700000000000005,-2.2937922681236986,-7.883357444830072,13.904990200698442,-156.67008540223202,-23.354802045750667,-123.90960750468574,2200.0,-20.0,20.0,107.15253639221191,-18.52907939417494
778,7.78,-2.3027554955905636,-7.869637603959027,13.910616504691227,-151.07632462757417,-18.15541563761151,-137.61250280329148,2200.0,-20.0,20.0,107.1435661315918,-18.496574071429755
779,7.79,-2.3115524738227475,-7.856642363614451,13.915129037348407,-146.8690880530306,-11.710126340755743,-150.2581901939768,2200.0,-20.0,15.097564458847044,107.13459587097168,-18.46324335874495
780,7.8,-2.3201845957352627,-7.844395550918523,13.91854346262797,-144.11970007980466,-4.334945800205037,-162.0391551092591,2200.0,-20.0,5.179846882820129,107.12562561035156,-18.42861008595097
781,7.8100000000000005,-2.3286533276729564,-7.8329206491858345,13.920875953666233,-142.8555744538668,3.665573512631263,-173.27488955638952,2200.0,-20.0,4.033152461051941,107.11665534973145,-18.392265715218493
782,7.82,-2.336960211434258,-7.82224079038458,13.922143187377607,-143.1444650544955,11.995299242682094,175.6303331767337,2200.0,-20.0,8.75941812992096,107.10768508911133,-18.35391434019013
783,7.83,-2.3451068689575094,-7.81237875003783,13.922362335197583,-145.15406545611955,20.341430847424707,164.1918228570396,2200.0,-20.0,15.56220293045044,107.09871482849121,-18.313417377017664
784,7.84,-2.3530950060894686,-7.80335693969204,13.921551052978998,-149.1895537941338,28.331502227083575,151.82966526402004,2200.0,-20.0,20.0,107.0897445678711,-18.27083134660365
785,7.8500000000000005,-2.360926414087676,-7.795197396698481,13.919727470929447,-155.68196185251733,35.47460566665686,137.88237359572,2200.0,-20.0,20.0,107.08077430725098,-18.226430337264773
786,7.86,-2.368602969515369,-7.787921773701619,13.916910185590613,-165.0248772169811,41.10629195600044,121.76378641267932,2200.0,-20.0,20.0,107.07180404663086,-18.18071369255399
787,7.87,-2.3761266342968557,-7.781551328288647,13.913118251990406,-177.10051304810074,44.41713660163428,103.42801826438037,2200.0,-20.0,20.0,107.06283378601074,-18.134396194289724
788,7.88,-2.383499448809378,-7.776106913335057,13.908371175760106,169.32635331730992,44.70286906870475,83.96630351795243,2200.0,17.31769561767578,20.0,107.05386352539062,-18.0883669398656
789,7.890000000000001,-2.3907235615011384,-7.771608967937368,13.902688897467414,156.3688226309019,41.77213387775749,65.35837388726019,2200.0,20.0,20.0,107.04489326477051,-18.04369078816875
790,7.9,-2.3978011754998314,-7.7680775041334424,13.896091795046003,145.68605872136163,36.056716084956165,49.130391143588,2200.0,20.0,20.0,107.03592300415039,-18.001506368446734
791,7.91,-2.404734567919034,-7.765532089385583,13.888600675763703,137.74862752271903,28.27312703937509,35.60855536953094,2200.0,20.0,20.0,107.02695274353027,-17.962971444724708
792,7.92,-2.411526081397987,-7.763991843083013,13.880236774928083,132.2752907342198,19.077800594710745,24.340440175318285,2200.0,20.0,20.0,107.01798248291016,-17.929206797409087
793,7.930000000000001,-2.418178130092295,-7.76347543142431,13.87102174381037,128.8247248413069,8.957146643254877,14.663348945834215,2200.0,20.0,20.0,107.00901222229004,-17.901230621586432
794,7.94,-2.424693204178983,-7.764001062688444,13.860977636103936,127.07275234770641,-1.744618594606733,5.942825897604822,2200.0,20.0,20.0,107.00004196166992,-17.879891128364104
795,7.95,-2.431073873871718,-7.765586480671913,13.850126893805875,126.89576250536165,-12.76646554110974,-2.4126828856400206,2200.0,20.0,20.0,106.9910717010498,-17.865801387920612
796,7.96,-2.437322792397645,-7.768248956393408,13.838492333098896,128.41634232513653,-23.871695452893885,-11.035168369440317,2200.0,20.0,20.0,106.98210144042969,-17.859281445794398
797,7.97,-2.4434426975063945,-7.772005278705472,13.82609713056159,132.09932277690996,-34.779868748967694,-20.750536486134063,2200.0,20.0,20.0,106.97313117980957,-17.860312659766823
798,7.98,-2.4494488857154884,-7.776759720805165,13.813037473871734,138.95984477869368,-45.054644524861,-32.83341880166906,1770.8533935546875,20.0,20.0,106.9659104347229,-17.78263424268845
799,7.99,-2.4553862601002403,-7.7821395225237495,13.799578096066565,150.83662539507108,-53.87930527532612,-49.31356157251214,730.8690795898438,20.0,20.0,106.96293020248413,-17.587945735749766
800,8.0,-2.4613058703331263,-7.787691623977442,13.78601323771456,169.79857261436328,-59.70617809435215,-72.40528854468158,34.47269058227539,20.0,20.0,106.96278953552246,-17.46499632822078
801,8.01,-2.467228551808513,-7.793221960607512,13.7724615536199,-166.04889378923167,-60.49775063590728,-100.3297171242523,0.0,20.0,20.0,106.96278953552246,-17.476473798239258
802,8.02,-2.4731549796265915,-7.7987205022122765,13.75892721605307,-144.72199871742396,-55.772778643243804,-125.16804360759446,0.0,20.0,8.744246363639832,106.96278953552246,-17.495250914250196
803,8.03,-2.4790850567463525,-7.804186856865861,13.745409510800112,-130.4267757040357,-47.24544480273764,-142.80257854169486,0.0,20.0,-0.2185983955860138,106.96278953552246,-17.512592744709462
804,8.040000000000001,-2.4850186951053725,-7.809620667398972,13.731907747436308,-121.66140145240874,-36.661302395109026,-154.82319546395507,0.0,20.0,-3.5289031267166138,106.96278953552246,-17.526610590479677
805,8.05,-2.490955802952881,-7.815021590768841,13.718421226527843,-116.30780252155914,-24.988173270632238,-163.44597060480538,0.0,20.0,3.7624412775039673,106.96278953552246,-17.53548214588289
806,8.06,-2.4968962907049534,-7.820389301314792,13.70494924567646,-113.06395343963868,-12.70279729112081,-170.0955654811997,0.0,20.0,16.091744899749756,106.96278953552246,-17.537581031624946
807,8.07,-2.502840057262261,-7.825723484461674,13.691491088204675,-111.25110140296553,-0.052871078490712466,-175.62284913589647,0.0,20.0,20.0,106.96278953552246,-17.53157019723845
808,8.08,-2.5087685540736886,-7.831274198251178,13.67795145398856,-110.56872428808109,12.81648821963431,179.40215245602596,858.4215087890625,20.0,20.0,106.95928955078125,-17.6940827230862
809,8.09,-2.5146355453752816,-7.837687551948733,13.664100113567617,-110.9935543025503,25.80183973350656,174.48537598680778,2200.0,20.0,20.0,106.95031929016113,-17.9547309498574
810,8.1,-2.5204150317860163,-7.845364372024108,13.649815628176192,-112.82915472311912,38.80049208082102,169.00099830416806,2200.0,20.0,20.0,106.94134902954102,-17.93987310069437
811,8.11,-2.5261110686915798,-7.854314366521534,13.635126344346705,-117.03906443667974,51.65126014359196,161.77610785847617,2200.0,20.0,20.0,106.9323787689209,-17.918537295476238
812,8.120000000000001,-2.5317272914863365,-7.8645460957267845,13.620059455498142,-126.56047736238051,63.948473766941355,149.73283251976156,2200.0,20.0,20.0,106.92340850830078,-17.892004481241067
813,8.13,-2.537267367423627,-7.8760675207925495,13.604642333903003,-151.65287347188126,74.10498669086324,122.51460397738668,2200.0,20.0,20.0,106.91443824768066,-17.86207815132804
814,8.14,-2.542734995581792,-7.888886001566313,13.588902520368476,155.01849565293884,75.93117421802414,67.38799781448338,2200.0,20.0,20.0,106.90546798706055,-17.83100144542504
815,8.15,-2.548133907368295,-7.90300829449141,13.57286771352088,121.02895709805932,67.22492384100258,31.880303706519108,2200.0,20.0,20.0,106.89649772644043,-17.801342264231327
816,8.16,-2.5534678681077176,-7.918440550704726,13.556565758314399,108.19274527772512,55.09676588542327,17.77260781167135,2200.0,0.9067517518997192,20.0,106.88752746582031,-17.77585324470272
817,8.17,-2.558740679793636,-7.9351883143075295,13.540024631264005,102.25825740922853,42.05128503637298,10.792026292071187,2200.0,-20.0,20.0,106.8785572052002,-17.75731356721011
818,8.18,-2.5639561739225667,-7.953256533847756,13.523272439327222,98.95471087153025,28.655120561136563,6.657160432301141,2200.0,-20.0,20.0,106.86958694458008,-17.748345907989695
819,8.19,-2.569118237489648,-7.97264956455946,13.506337377829679,96.86819222667768,15.086565110105761,3.9554327145252337,2200.0,-20.0,20.0,106.86061668395996,-17.751262120131706
820,8.2,-2.5742308092381783,-7.993371166770688,13.489247722934563,95.4123803424105,1.4193558672062156,2.117798001126012,2200.0,-20.0,20.0,106.85164642333984,-17.767914520350097
821,8.21,-2.57929787668469,-8.015424502461943,13.472031806174046,94.29050446241692,-12.30934987954646,0.8903078191649944,2200.0,-20.0,17.708948850631714,106.84267616271973,-17.799542354785807
822,8.22,-2.5843234711542027,-8.038812125246528,13.45471800171626,93.31075334382743,-26.07740170055242,0.17301961452095727,2200.0,-20.0,18.77927303314209,106.83370590209961,-17.84667213799967
823,8.23,-2.589311662251804,-8.063535975800692,13.437334712181265,92.28799848806007,-39.868797391521866,-0.014640601928327062,2200.0,-20.0,20.0,106.82473564147949,-17.909055789101984
824,8.24,-2.5942665519179617,-8.089597379179018,13.41991035525581,90.90997982179805,-53.66766253367396,0.5419823941886724,2200.0,-20.0,20.0,106.81576538085938,-17.9856522879067
825,8.25,-2.599192268805409,-8.116997043275717,13.402473351071576,88.23498575820237,-67.44508013554,2.727501161503591,2200.0,-20.0,20.0,106.80679512023926,-18.074657708632934
826,8.26,-2.6040929629619884,-8.145735057804202,13.385052110088806,77.75733967575886,-81.0415492627943,13.017220322448882,2200.0,-20.0,20.0,106.79782485961914,-18.173583663488913
827,8.27,-2.6089728007283024,-8.175810893618165,13.367675021496146,-58.25464726689499,-84.08709189439237,149.13246759708528,2200.0,-20.0,15.727998018264769,106.78885459899902,-18.279380946684483
828,8.28,-2.613835960068633,-8.207223401949514,13.350370441896565,-76.82202687829991,-70.69979090627346,168.1014458105066,2200.0,-20.0,15.637481212615967,106.7798843383789,-18.388602689258065
829,8.290000000000001,-2.6186866263639783,-8.239970813592576,13.33316668480168,-79.8103246263172,-56.95802842230274,171.81503344725905,2200.0,-20.0,13.948962688446045,106.77091407775879,-18.497598850935304
830,8.3,-2.623528988794986,-8.274050738770484,13.316092010862645,-80.72341272577894,-43.19386868826316,173.82466669940595,2200.0,-20.0,6.660512089729308,106.76194381713867,-18.602730173565384
831,8.31,-2.6283672376936047,-8.309460166360116,13.299174617590813,-80.84614711063763,-29.448464272316034,175.49361582254895,2200.0,-20.0,4.050912261009216,106.75297355651855,-18.700589893135287
832,8.32,-2.633205563176436,-8.346195463376183,13.282442629955643,-80.46215212263385,-15.743903121247907,177.2312478706775,2200.0,-20.0,11.821206808090208,106.74400329589844,-18.788218481894152
833,8.33,-2.6380481565310285,-8.38425237852846,13.265924092196741,-79.60178920510398,-2.103828574230088,179.2725498953873,2200.0,-20.0,20.0,106.73503303527832,-18.86330029386815
834,8.34,-2.64289921173961,-8.423626047526184,13.24964695826353,-78.15580528299056,11.437673595949807,-178.14486653150996,2200.0,-20.0,20.0,106.7260627746582,-18.924329294855195
835,8.35,-2.647762925284461,-8.464310997341004,13.233639078991935,-75.84850693712421,24.823122504503004,-174.67056536527537,2200.0,-20.0,20.0,106.71709251403809,-18.970729084819308
836,8.36,-2.652643494865645,-8.506301148966175,13.21792818947891,-72.08972083384084,37.941902579405266,-169.6625987758026,2200.0,-20.0,20.0,106.70812225341797,-19.002918387149094
837,8.370000000000001,-2.6575451185088252,-8.549589819156752,13.202541896837124,-65.54599233219912,50.54676225032392,-161.74505761652628,2200.0,-20.0,20.0,106.69915199279785,-19.022319898994194
838,8.38,-2.662471994441709,-8.594169722824288,13.187507667835845,-52.89473048330329,61.97412654183596,-147.5548447780954,2200.0,-20.0,20.0,106.69018173217773,-19.03130821319662
839,8.39,-2.6674283222320927,-8.640032976460416,13.172852816430465,-26.535596629926207,70.15242228247077,-119.44804780831366,2200.0,-20.0,20.0,106.68121147155762,-19.033100143020093
840,8.4,-2.6724183023053225,-8.68717110281351,13.158604491138474,13.420064637007174,70.54893622963719,-77.48489494319905,2200.0,-20.0,20.0,106.6722412109375,-19.03158548730027
841,8.41,-2.6774461378331598,-8.735575036321169,13.144789661783975,40.958692724702885,62.90845672065949,-47.6151729105141,2200.0,-20.0,20.0,106.66327095031738,-19.03111648204497
842,8.42,-2.682516035384926,-8.785235129100647,13.131435105593765,53.90993907493003,51.86204233161421,-31.925971230031838,2200.0,-20.0,20.0,106.65430068969727,-19.036259976333913
843,8.43,-2.6876322050366563,-8.836141157042714,13.118567392793283,60.11360523750602,39.68447329619843,-22.464689598534353,2200.0,-20.0,16.585148572921753,106.64533042907715,-19.051529364174705
844,8.44,-2.6927988597015013,-8.888282326195982,13.106212872100429,63.0797804745653,27.11938673428881,-15.563164465661611,2200.0,-20.0,11.632431745529175,106.63636016845703,-19.081111880495694
845,8.45,-2.698020213866443,-8.941647279488375,13.094397656973651,64.14341150824411,14.466383124758305,-9.657333798838156,2200.0,1.3737887144088745,14.304468631744385,106.62738990783691,-19.12860910803235
846,8.46,-2.703300479506512,-8.996224098352931,13.083147613742803,63.790446056999315,1.8976736958719584,-3.9171537611122083,2200.0,20.0,14.375352859497069,106.6184196472168,-19.196804888398443
847,8.47,-2.708643862759413,-9.052000297074805,13.072488315192318,62.09044486445348,-10.436707502570135,2.2629749748971872,2200.0,20.0,16.74951672554016,106.60944938659668,-19.287462709069658
848,8.48,-2.7140545580828355,-9.108962808161728,13.06244507262552,58.80470225960532,-22.349529277699013,9.507555708739444,2200.0,20.0,20.0,106.60047912597656,-19.401219841692885
849,8.49,-2.719511428083421,-9.16669827036969,13.052818832303945,53.34532749915409,-33.547722963520144,18.648224742755502,731.3178100585938,20.0,20.0,106.59749698638916,-19.197968702766914
850,8.5,-2.7249797030279623,-9.22460038146284,13.043287315447964,44.66062660398775,-43.515293594768835,30.90664400532885,0.0,20.0,12.363338470458984,106.59749698638916,-19.138489032363065
851,8.51,-2.730446691783355,-9.282470857822258,13.033737518968008,31.321151943662727,-51.324144284910865,47.843535313845,0.0,20.0,15.857522487640379,106.59749698638916,-19.24099345679007
852,8.52,-2.7359120177572227,-9.340310509355817,13.024168102966913,12.830668684443854,-55.54572236340759,70.06863706718542,0.0,20.0,20.0,106.59749698638916,-19.35534105309864
853,8.53,-2.741375569166484,-9.398119766214492,13.014578417066407,-7.566383326952769,-54.960368575642825,94.44734375765435,0.0,20.0,20.0,106.59749698638916,-19.47687370405651
854,8.540000000000001,-2.7468372349999983,-9.45589907259017,13.004967820388972,-24.45725656842629,-49.89392679765124,115.68438483522698,0.0,20.0,20.0,106.59749698638916,-19.600411816212368
855,8.55,-2.7522969051086963,-9.513648886632149,12.995335681650927,-35.88013093791994,-41.86724164065858,131.9543069800779,0.0,20.0,20.0,106.59749698638916,-19.720550341319978
856,8.56,-2.7577544702006507,-9.57136968018249,12.985681379557084,-42.84950850150896,-32.24306428334854,144.440101617554,0.0,20.0,20.0,106.59749698638916,-19.831974685650902
857,8.57,-2.7632098219110586,-9.629061938532763,12.976004303120142,-46.7008509587114,-21.858999404599842,154.69514985187084,0.0,20.0,20.0,106.59749698638916,-19.92977799374217
858,8.58,-2.7686628528791664,-9.686726160189288,12.966303851948894,-48.29355819816488,-11.211643750879725,163.86989490347665,0.0,20.0,20.0,106.59749698638916,-20.009760610889742
859,8.59,-2.774122588131496,-9.744442780343583,12.95665019920835,-48.0507750995442,-0.6400744705960573,172.7836875717498,342.83746337890625,20.0,20.0,106.59609889984131,-20.148618858213386
860,8.6,-2.779634521786132,-9.802593373028763,12.947394504413236,-46.08684839581737,9.562827620854094,-177.9086335207213,1665.861572265625,20.0,20.0,106.5893063545227,-20.504643738218807
861,8.61,-2.7852510443933265,-9.861591986809318,12.938940163864357,-42.29115751078007,19.07735669481312,-167.60087826929353,2200.0,20.0,20.0,106.58033609390259,-20.698114432646506
862,8.620000000000001,-2.7909906683521304,-9.921540090438587,12.931421036356872,-36.40033381612237,27.49818474258934,-155.69190833511226,2200.0,20.0,20.0,106.57136583328247,-20.763199432041088
863,8.63,-2.796857267883697,-9.982416782375642,12.924857421887554,-28.14568960309247,34.29261309150306,-141.66645692258865,2200.0,20.0,20.0,106.56239557266235,-20.80871947963727
864,8.64,-2.8028544691301573,-10.044201128958273,12.91926875569743,-17.586994982592245,38.82419994992096,-125.38940089472189,2200.0,20.0,20.0,106.55342531204224,-20.83794742727638
865,8.65,-2.808985834577846,-10.106871771207148,12.914674016052317,-5.562036260321881,40.52901659880204,-107.53039329089853,2200.0,20.0,20.0,106.54445505142212,-20.85526135414323
866,8.66,-2.8152548620452875,-10.170406932804841,12.911091717266473,6.308765473048492,39.22378966368987,-89.55123018492961,2200.0,20.0,20.0,106.535484790802,-20.865901237287282
867,8.67,-2.8216649844193804,-10.234784428489053,12.908539902862755,16.448399856577545,35.259368808004766,-72.86642594119336,2200.0,20.0,20.0,106.52651453018188,-20.875670418606656
868,8.68,-2.828219570076771,-10.299981672957323,12.907036138799606,24.096415089452726,29.321269630404615,-58.05841267004749,2200.0,20.0,20.0,106.51754426956177,-20.890598929405144
869,8.69,-2.8349219238915255,-10.365975690369122,12.906597506704031,29.240717796582768,22.12413671752319,-44.93478051323901,2200.0,20.0,20.0,106.50857400894165,-20.916588292117087
870,8.700000000000001,-2.8417752888011485,-10.432743124598376,12.907240596990457,32.17111105013106,14.261982669796575,-32.96464124155038,2200.0,12.431972026824951,20.0,106.49960374832153,-20.959058969184237
871,8.71,-2.8487828479770014,-10.500260251100975,12.908981501680268,33.181387209086296,6.20329623456589,-21.569523155693144,2200.0,-8.32922041416168,20.0,106.49063348770142,-21.02262139982258
872,8.72,-2.855947724571022,-10.568502986190586,12.911835816095625,32.469343759843255,-1.6627311837495058,-10.22565337755508,2200.0,-20.0,20.0,106.4816632270813,-21.110781978758567
873,8.73,-2.8632729984752197,-10.637446930203422,12.915818629291055,30.139279881094637,-8.97914716700798,1.5145390177327962,2200.0,-20.0,20.0,106.47269296646118,-21.225754038105713
874,8.74,-2.8707616912763747,-10.707067347393838,12.920944537650438,26.25313834974105,-15.389815205429521,14.006058397101034,2200.0,-20.0,20.0,106.46372270584106,-21.368245938044698
875,8.75,-2.878416783683388,-10.777339230682115,12.927227598117737,20.916439070054647,-20.53285456483051,27.464817105720826,2200.0,-20.0,20.0,106.45475244522095,-21.53746939380544
876,8.76,-2.886241193788318,-10.848237287185444,12.93468133189671,14.387005501308378,-24.069838870371708,41.89141090571132,2200.0,-20.0,20.0,106.44578218460083,-21.731115995208373
877,8.77,-2.8942377730775197,-10.919735949850851,12.943318706356145,7.15337601550509,-25.75446322164041,57.01680271170784,2200.0,-20.0,20.0,106.43681192398071,-21.94548756225406
878,8.78,-2.902409300803222,-10.991809387716735,12.953152128338687,-0.10348331207827684,-25.514744745239632,72.35816803844861,2200.0,-20.0,20.0,106.4278416633606,-22.175697229802083
879,8.790000000000001,-2.910758479190957,-11.064431516283532,12.96419343918141,-6.6861226811332415,-23.493171860507253,87.40761706504043,2200.0,-20.0,20.0,106.41887140274048,-22.415942007524155
880,8.8,-2.9192879291812632,-11.137576007692253,12.976453910389719,-12.074684461444352,-20.010124268255634,101.8352221309478,2200.0,-20.0,20.0,106.40990114212036,-22.65983170859685
881,8.81,-2.9280001867871577,-11.211216300611143,12.989944239635625,-16.00086404487083,-15.479071162717467,115.56799845523807,2200.0,-20.0,20.0,106.40093088150024,-22.900755496520834
882,8.82,-2.9368977001002854,-11.285325609921756,13.004674547031522,-18.397438620920518,-10.329932496493939,128.73909800249416,2200.0,-20.0,20.0,106.39196062088013,-23.132264530275574
883,8.83,-2.9459828270433133,-11.359876936309488,13.020654371684804,-19.309626875365716,-4.9686345951839375,141.590460072601,2200.0,-20.0,20.0,106.38299036026001,-23.34844809249328
884,8.84,-2.9552578339316735,-11.434843075890639,13.037892668528997,-18.832996408420456,0.23353141286225262,154.38915051121364,2200.0,-20.0,20.0,106.37402009963989,-23.544280770665768
885,8.85,-2.964724894860025,-11.510196630008691,13.05639780540622,-17.09353297450516,4.938795908440668,167.3687225730743,2200.0,-20.0,20.0,106.36504983901978,-23.715919826563635
886,8.86,-2.9743860918821405,-11.585910015323151,13.076177560364846,-14.260049950656327,8.845068637309083,-179.3133947800845,2200.0,-20.0,20.0,106.35607957839966,-23.86093473112122
887,8.870000000000001,-2.984243415914931,-11.661955474301557,13.0972391191391,-10.570400140443828,11.699802196415082,-165.6068473687684,2200.0,-20.0,20.0,106.34710931777954,-23.978454792067797
888,8.88,-2.994298768267706,-11.738305086211298,13.119589072788306,-6.347935934763246,13.326062731373039,-151.5789061814239,2200.0,-20.0,20.0,106.33813905715942,-24.06922562315186
889,8.89,-3.0045539626735827,-11.814930778691439,13.143233415485977,-1.9859854143707178,13.651851165339613,-137.39000997274792,2200.0,-20.0,20.0,106.3291687965393,-24.135570608874687
890,8.9,-3.0150107276794795,-11.891804339964587,13.168177542458723,2.1044746152319154,12.72729366408516,-123.23308707296374,2200.0,-20.0,20.0,106.32019853591919,-24.181259183411427
891,8.91,-3.0256707092345274,-11.968897431724043,13.194426248080774,5.561379769057785,10.71833974681549,-109.26117928237713,2200.0,-20.0,20.0,106.31122827529907,-24.211289326114514
892,8.92,-3.036535473305599,-12.046181602702843,13.22198372413245,8.118783151752886,7.879210904486946,-95.53865906916985,2200.0,-20.0,20.0,106.30225801467896,-24.23159684044767
893,8.93,-3.047606508344879,-12.12362830290007,13.250853558231384,9.61908507597954,4.516896117889739,-82.03384815941604,2200.0,-20.0,20.0,106.29328775405884,-24.248708413381735
894,8.94,-3.0588852274394958,-12.201208898407742,13.281038732444399,10.000704792226593,0.9603646956603872,-68.64542115513161,2200.0,-20.0,20.0,106.28431749343872,-24.26935887579342
895,8.950000000000001,-3.070372969987932,-12.278894686751018,13.312541622086561,9.281671784883665,-2.461386093733049,-55.24461795451045,2200.0,-20.0,20.0,106.2753472328186,-24.30009528894981
896,8.96,-3.0820710027722718,-12.356656912626947,13.345363994712205,7.552741494913866,-5.4360796820390185,-41.71917880022021,2200.0,-20.0,20.0,106.26637697219849,-24.34689132906032
897,8.97,-3.0939805203285093,-12.434466783904972,13.379507009301193,4.980917589117141,-7.685943814402554,-28.010190705036898,2200.0,-20.0,20.0,106.25740671157837,-24.414794875236975
898,8.98,-3.106102644557569,-12.512295487737106,13.414971215642538,1.8134059170751446,-8.990276082303193,-14.133253161823085,2200.0,-20.0,20.0,106.24843645095825,-24.50762975694701
899,8.99,-3.118438423565103,-12.59011420661883,13.451756553917129,-1.6324382099285548,-9.210633055007886,-0.1744417427298008,2200.0,-20.0,20.0,106.23946619033813,-24.627769401045754
900,9.0,-3.1309888297655806,-12.66789413424389,13.489862354481525,-5.001307141128252,-8.310600122914265,13.742374991933138,2200.0,-20.0,20.0,106.23049592971802,-24.775995830075516
901,9.01,-3.1437547573493267,-12.745606490993485,13.52928733785111,-7.946866023034744,-6.361257167736912,27.505845822127142,2200.0,-18.74847173690796,20.0,106.2215256690979,-24.951452408049107
902,9.02,-3.15673702147606,-12.823222537184263,13.570029614193661,-10.173924728826139,-3.5297771272332903,41.062580501642564,2200.0,14.145181179046629,20.0,106.21255540847778,-25.15169924028597
903,9.03,-3.169936347061888,-12.900713590553597,13.612086675966486,-11.460260637856221,-0.05717671620552626,54.43873600447883,2200.0,20.0,20.0,106.20358514785767,-25.372846023643948
904,9.040000000000001,-3.1833533726566916,-12.978051045406092,13.655455390587957,-11.65752707636407,3.7651224858687127,67.73320648204664,2200.0,20.0,20.0,106.19461488723755,-25.609765264055817
905,9.05,-3.1969886673170227,-13.055206353243719,13.700132011764447,-10.684381594022648,7.6135856130645365,81.08937308333394,2200.0,20.0,20.0,106.18564462661743,-25.856422425106867
906,9.06,-3.210842729043597,-13.132151058265254,13.746112189457664,-8.52785333654217,11.146463350023135,94.65330219111468,2200.0,20.0,20.0,106.17667436599731,-26.10621491018985
907,9.07,-3.22491598550516,-13.208856807662887,13.793390978234958,-5.260212222865165,14.019570315976498,108.5242819774004,2200.0,20.0,20.0,106.1677041053772,-26.35235658825661
908,9.08,-3.2392087899031115,-13.28529536927804,13.841962839861113,-1.0662264788989988,15.911634712744679,122.7069626914524,2200.0,20.0,20.0,106.15873384475708,-26.588271059680107
909,9.09,-3.2537214155633665,-13.361438647473872,13.8918216439075,3.74019590274963,16.56235979909788,137.08489409761822,2200.0,20.0,20.0,106.14976358413696,-26.80797160984297
910,9.1,-3.2684540502949506,-13.437258697571584,13.942960668702257,8.737726518876487,15.815264643505945,151.44047435865573,2200.0,20.0,20.0,106.14079332351685,-27.006405054606844
911,9.11,-3.283406791332378,-13.512727738935135,13.995372603029459,13.465920237383484,13.646731405625909,165.52714364491646,2200.0,20.0,20.0,106.13182306289673,-27.179739375598945
912,9.120000000000001,-3.298579640992338,-13.587818166980265,14.049049548561223,17.50960800964935,10.165390687572401,179.16175358173297,2200.0,20.0,20.0,106.12285280227661,-27.325578131407187
913,9.13,-3.313972503155347,-13.662502564375531,14.103983022807805,20.552121290816448,5.583946687285544,-167.71115118892484,2200.0,20.0,20.0,106.1138825416565,-27.44308944694119
914,9.14,-3.3295851805393113,-13.736753711656373,14.160163962394902,22.376461875656766,0.18191945835200157,-155.00520201163954,2200.0,20.0,20.0,106.10491228103638,-27.533042431290458
915,9.15,-3.3454173727411582,-13.810544597411276,14.217582726543467,22.830778369563905,-5.721811882180617,-142.51470755543986,2200.0,20.0,20.0,106.09594202041626,-27.5977494733067
916,9.16,-3.361468675044678,-13.88384842815933,14.276229100706843,21.788571510736592,-11.77858956299103,-129.95088135235682,2200.0,20.0,20.0,106.08697175979614,-27.640918481232003
917,9.17,-3.3777385780082025,-13.956638638020152,14.33609230038101,19.129290249510767,-17.604276075008276,-116.98361628267642,2200.0,20.0,20.0,106.07800149917603,-27.667424458518138
918,9.18,-3.3942264678439167,-14.028888898273278,14.397160975139657,14.760229503312956,-22.76838545763275,-103.30087027674287,2200.0,20.0,20.0,106.06903123855591,-27.683014531300998
919,9.19,-3.410931627582422,-14.100573126905955,14.45942321296213,8.697797798892418,-26.796245789907076,-88.7078335549493,2200.0,20.0,20.0,106.06006097793579,-27.693964387304653
920,9.200000000000001,-3.427853238986916,-14.171665498249059,14.522866544926313,1.2002079379775823,-29.21036623388986,-73.26477349956954,2200.0,20.0,20.0,106.05109071731567,-27.706706827919007
921,9.21,-3.444990385146698,-14.242140452797058,14.587477950335291,-7.1339379510143734,-29.627475353967643,-57.38334266881499,2200.0,20.0,20.0,106.04212045669556,-27.727454617303327
922,9.22,-3.4623420536442238,-14.31197270729803,14.653243862338552,-15.448576008920867,-27.87746695224802,-41.73698238424886,2200.0,20.0,20.0,106.03315019607544,-27.761839954819916
923,9.23,-3.4799071401570436,-14.381137265183995,14.72015017409593,-22.911738811611833,-24.057215430757086,-26.969473299575906,2200.0,20.0,20.0,106.02417993545532,-27.814591701392498
924,9.24,-3.4976844523286075,-14.449609427390929,14.78818224551587,-28.971827117452143,-18.47125207633941,-13.425312529026698,2200.0,20.0,20.0,106.0152096748352,-27.889269039349152
925,9.25,-3.515672713722657,-14.517364803592777,14.85732491057909,-33.39520359344321,-11.515460946267053,-1.0938756959661862,2200.0,20.0,20.0,106.00623941421509,-27.98806669752797
926,9.26,-3.5338705676670896,-14.584379323846022,14.927562485235965,-36.139131550695666,-3.587900317680093,10.289313860388164,2200.0,20.0,20.0,105.99726915359497,-28.111702452677367
927,9.27,-3.552276580796488,-14.650629250612099,14.998878775842183,-37.20236478430754,4.943490868845502,21.130366263983937,2200.0,20.0,20.0,105.98829889297485,-28.259392599550836
928,9.28,-3.5708892461187625,-14.716091191096282,15.071257088075036,-36.51795442768235,13.729265301422341,31.922283582024676,2200.0,20.0,20.0,105.97932863235474,-28.428915775018282
929,9.290000000000001,-3.589706985460273,-14.780742109815238,15.144680236253635,-33.88627632133136,22.399806853661005,43.24320578602833,2200.0,20.0,20.0,105.97035837173462,-28.61676025039023
930,9.3,-3.608728151183617,-14.844559341283452,15.219130552972313,-28.94422296084287,30.50657730111455,55.770611211866814,2200.0,20.0,20.0,105.9613881111145,-28.81834489032386
931,9.31,-3.627951027120217,-14.90752060269294,15.294589898948548,-21.221678144360805,37.450053591593736,70.23026323386493,2200.0,20.0,20.0,105.95241785049438,-29.028299710933226
932,9.32,-3.647373828711938,-14.969604006452778,15.37103967298525,-10.441835390917511,42.43663635799099,87.10823787408114,2200.0,20.0,20.0,105.94344758987427,-29.240788605399548
933,9.33,-3.6669947024078904,-15.030788072455588,15.448460821952105,2.8146449144083263,44.59541701576343,106.00002944313775,2200.0,20.0,20.0,105.93447732925415,-29.44985453586167
934,9.34,-3.686811724771718,-15.091051739994208,15.526833850671476,16.67724243773007,43.373209067744575,125.19067459697978,2200.0,20.0,20.0,105.92550706863403,-29.6497671008202
935,9.35,-3.70682289914205,-15.15037437890574,15.606138831895436,28.91933472117914,38.91004002765937,142.6005457975804,2200.0,20.0,20.0,105.91653680801392,-29.835347871620495
936,9.36,-3.727026156468151,-15.208735800428396,15.686355415745238,38.38133796395034,31.890516109957016,157.22121265190447,2200.0,20.0,20.0,105.9075665473938,-30.00226466225914
937,9.370000000000001,-3.747419351375994,-15.266116267371224,15.767462839438727,45.06210813981581,23.091740812164158,169.22240651003358,2200.0,20.0,20.0,105.89859628677368,-30.14726464764142
938,9.38,-3.7680002604079523,-15.322496503793364,15.84943993639369,49.41050140024119,13.129642421701917,179.26551433662559,2200.0,20.0,20.0,105.88962602615356,-30.268343305113675
939,9.39,-3.788766579426766,-15.377857704020188,15.932265144923019,51.84577639684003,2.4386842522765892,-171.94134952038178,2200.0,20.0,20.0,105.88065576553345,-30.364836288497905
940,9.4,-3.8097159216160548,-15.43218154087365,16.01591651675617,52.5929470875461,-8.667392483398903,-163.74824100126276,2200.0,20.0,20.0,105.87168550491333,-30.437431302549086
941,9.41,-3.8308458160994836,-15.485450173196659,16.100371725465948,51.62935579705219,-19.92747002826363,-155.50707673884938,2200.0,20.0,20.0,105.86271524429321,-30.48810052613472
942,9.42,-3.852153707266633,-15.537646252809315,16.18560807484467,48.61144702630126,-31.062412708900798,-146.43531368674036,2200.0,20.0,20.0,105.8537449836731,-30.519959092919372
943,9.43,-3.8736369548638083,-15.588752931016348,16.27160250727198,42.70771871325296,-41.67374383648945,-135.39055512904022,2200.0,19.230844974517822,20.0,105.84477472305298,-30.53705948914851
944,9.44,-3.895292835147567,-15.638753864762144,16.35833161199113,32.336040685794536,-51.05202987367058,-120.56544333868032,2200.0,7.67680585384369,20.0,105.83580446243286,-30.54413605943077
945,9.450000000000001,-3.9171185426964077,-15.687633223395027,16.44577163331265,15.376769080763948,-57.84607311592162,-99.67178538577751,2200.0,-3.480808138847351,20.0,105.82683420181274,-30.54631505801303
946,9.46,-3.939111193553578,-15.735375696257867,16.533898479716925,-7.750351761280326,-60.034690527833696,-72.99758303186614,2200.0,-13.659138679504395,20.0,105.81786394119263,-30.54880486951584
947,9.47,-3.961267826056684,-15.781966489447843,16.622687729287733,-30.15097253118507,-56.56499046888544,-47.32822683917944,2200.0,-20.0,20.0,105.80889368057251,-30.556577859920147
948,9.48,-3.9835854310773273,-15.827391331054201,16.712114651093962,-46.017727577924745,-48.763514265229816,-28.374273950313402,2200.0,-20.0,20.0,105.79992341995239,-30.57410664686641
949,9.49,-4.006060954949781,-15.871636471791684,16.802154214839195,-55.8832053368623,-38.51776100721501,-15.508645506666026,2200.0,-20.0,20.0,105.79095315933228,-30.60511906395093
950,9.5,-4.028691303847461,-15.91468869514883,16.892781112711923,-61.90027200815168,-26.983372917754856,-6.475260678563621,2200.0,-20.0,20.0,105.78198289871216,-30.652387130280086
951,9.51,-4.051473343695476,-15.95653532787201,16.983969771415545,-65.53990362484633,-14.739568386675717,0.3239490999933688,2200.0,-20.0,20.0,105.77301263809204,-30.717590980460308
952,9.52,-4.074403899347099,-15.997164249188687,17.075694365836227,-67.5914888050492,-2.0839402059232595,5.854237458824261,2200.0,-20.0,20.0,105.76404237747192,-30.801249483073523
953,9.53,-4.0974797531654525,-16.036563898496233,17.167928832714725,-68.41750433270376,10.812775030749915,10.749725509952263,2200.0,-18.193392753601074,20.0,105.7550721168518,-30.902720628366033
954,9.540000000000001,-4.120697643297801,-16.074723282168463,17.260646884107647,-68.07823595822289,23.832319766630977,15.53817049684189,2200.0,-12.741429805755613,20.0,105.74610185623169,-31.020270218401475
955,9.55,-4.144054261498954,-16.11163198002123,17.353822020499898,-66.30287366168331,36.86192831106861,20.853547356540325,2200.0,-10.799553394317627,20.0,105.73713159561157,-31.15120237020122
956,9.56,-4.167546251435771,-16.14728015102984,17.44742754327651,-62.19835229854739,49.733033954179376,27.822982774737156,2200.0,-9.236086010932922,20.0,105.72816133499146,-31.292042531847635
957,9.57,-4.19117020764853,-16.181658537660198,17.541436566461382,-53.132112551294426,62.045774662248036,39.235556590132184,2200.0,-8.125010132789612,20.0,105.71919107437134,-31.43876201319633
958,9.58,-4.214922675070146,-16.214758469701554,17.635822028724828,-30.52301552308381,72.36943851828997,63.78030394768677,2200.0,-7.321024537086488,20.0,105.71022081375122,-31.587028485414894
959,9.59,-4.238800148684473,-16.246571867608285,17.730556705332766,18.16338642172952,75.34100300018028,114.06780217593062,2200.0,-6.209383606910705,20.0,105.7012505531311,-31.732466910095496
960,9.6,-4.262799073181701,-16.277091245712114,17.825613219903893,54.59234790565914,67.69484661809342,151.81781756495417,2200.0,-4.348775744438171,20.0,105.69228029251099,-31.870915076218907
961,9.61,-4.286915842727361,-16.306309714998076,17.92096405610523,69.17270265908964,55.91641465450684,167.47830603637482,2200.0,-0.5096584558486938,20.0,105.68331003189087,-31.99865836085356
962,9.620000000000001,-4.31114680149959,-16.334220984301716,18.016581569563886,75.87334662497906,42.993612602575936,175.04569475120877,2200.0,6.271967887878417,20.0,105.67433977127075,-32.11263062109527
963,9.63,-4.335488243071843,-16.360819357308706,18.112437997869563,79.54537675710023,29.6439976166211,179.38907242078466,2200.0,13.548939228057861,20.0,105.66536951065063,-32.21057025109604
964,9.64,-4.359936417696839,-16.386099736910175,18.208505479691397,81.81264869939437,16.09111178491953,-177.8588275033422,2200.0,19.726855754852295,20.0,105.65639925003052,-32.29112580312027
965,9.65,-4.384487531185678,-16.41005762720731,18.304756064181706,83.33850499497196,2.4255645001918116,-176.03620777907213,2200.0,20.0,20.0,105.6474289894104,-32.3539060945559
966,9.66,-4.409137745140699,-16.432689136418098,18.401161724839554,84.4450977016893,-11.308249189778232,-174.83734602689486,2200.0,20.0,20.0,105.63845872879028,-32.39946365689289
967,9.67,-4.433883177077275,-16.453990981239432,18.497694370728333,85.3195395825659,-25.085133236687984,-174.11810069839328,2200.0,20.0,20.0,105.62948846817017,-32.42923035938398
968,9.68,-4.458719900355139,-16.473960489106265,18.59432585752089,86.10651722762468,-38.888730699724555,-173.8351524686389,2200.0,20.0,20.0,105.62051820755005,-32.4454010749799
969,9.69,-4.483643944619025,-16.492595600065894,18.691027998007083,86.99352443045028,-52.706438726723704,-174.0646630353181,2200.0,20.0,20.0,105.61154794692993,-32.45077683560186
970,9.700000000000001,-4.508651296931938,-16.50989486795561,18.787772572300874,88.46258729364212,-66.52426076824764,-175.22235205653888,2200.0,20.0,20.0,105.60257768630981,-32.44857804280371
971,9.71,-4.533737903707415,-16.525857460938408,18.884531337939222,93.54213092925849,-80.29724128473784,179.70052953600285,2200.0,20.0,20.0,105.5936074256897,-32.44223996357754
972,9.72,-4.5588996734465965,-16.540483161500415,18.981276040051743,-113.8219012260949,-85.524736440142,26.774036550362958,2200.0,20.0,20.0,105.58463716506958,-32.43520340452991
973,9.73,-4.584132480219765,-16.553772365996906,19.07797842175632,-99.74150997185454,-71.88394107741331,12.108353783215744,2200.0,20.0,20.0,105.57566690444946,-32.4307132952162
974,9.74,-4.609432167791966,-16.565726083798975,19.17461023491159,-98.0175019175661,-58.10400719928042,9.484723307260587,2200.0,20.0,20.0,105.56669664382935,-32.43163696880451
975,9.75,-4.634794554263862,-16.576345936064982,19.271143251334806,-97.61259814342216,-44.3335797573814,7.8254135832373635,2200.0,20.0,20.0,105.55772638320923,-32.44031228979976
976,9.76,-4.660215437074401,-16.585634154148796,19.3675492745698,-97.73014675209419,-30.592444854655717,6.265049230700016,2200.0,20.0,20.0,105.54875612258911,-32.45843357220722
977,9.77,-4.685690598190606,-16.593593577658705,19.46380015226284,-98.21812324245013,-16.895606761418005,4.5402312501644,2200.0,20.0,20.0,105.539785861969,-32.486980617252286
978,9.78,-4.7112158092950605,-16.600227652190043,19.559867789172205,-99.08862841791147,-3.2618202014875273,2.4814136270431773,2200.0,20.0,20.0,105.53081560134888,-32.5261933554166
979,9.790000000000001,-4.736786836777015,-16.60554042676499,19.655724160801622,-100.45659641655949,10.28079359019752,-0.10374840227462115,2200.0,20.0,20.0,105.52184534072876,-32.57559168923896
980,9.8,-4.762399446340989,-16.60953655102111,19.751341327610255,-102.57457693359946,23.6847338975336,-3.5150386042521933,2200.0,20.0,20.0,105.51287508010864,-32.634037382312535
981,9.81,-4.788049407067946,-16.61222127219455,19.846691449715145,-105.96583034871189,36.85945041493155,-8.310965804719332,2200.0,20.0,20.0,105.50390481948853,-32.6998323935866
982,9.82,-4.813732494797571,-16.61360043194344,19.94174680196937,-111.80237429943591,49.60487478550666,-15.695015455408567,2200.0,20.0,20.0,105.49493455886841,-32.77084605632388
983,9.83,-4.839444494743474,-16.613680463053292,20.036479789273088,-123.05195778505474,61.386395552982755,-28.667273227984353,2200.0,20.0,20.0,105.48596429824829,-32.84466205699202
984,9.84,-4.865181203302704,-16.61246838605882,20.130862961957646,-147.35017319603432,70.46315521542547,-54.90000543882214,2200.0,20.0,20.0,105.47699403762817,-32.91873535078826
985,9.85,-4.89093842907274,-16.609971805807668,20.224869031076143,170.94163666891163,72.20410899696564,-98.79898723654324,2200.0,20.0,20.0,105.46802377700806,-32.990548983883926
986,9.86,-4.916711993497284,-16.606198907997367,20.31847088340245,139.93027910919795,65.12360076008017,-132.31376853408895,2200.0,20.0,20.0,105.45905351638794,-33.05776191147867
987,9.870000000000001,-4.942497728973486,-16.601158455543477,20.41164159623886,125.7592198155227,54.1968568627808,-149.37491346630347,2200.0,20.0,20.0,105.45008325576782,-33.11833535880063
988,9.88,-4.968291480911933,-16.594859784972062,20.504354451018074,119.15324567931839,42.065703956811866,-159.3579468081047,2200.0,20.0,20.0,105.4411129951477,-33.17064057788151
989,9.89,-4.994089105038203,-16.58731280257005,20.596582947226185,115.98997723213097,29.5384882771585,-166.52530049258505,2200.0,20.0,20.0,105.43214273452759,-33.21353006259646
990,9.9,-5.01988646667704,-16.578527980773263,20.688300815267002,114.75966147862276,16.918990465425534,-172.58843941308945,2200.0,20.0,20.0,105.42317247390747,-33.246378740613366
991,9.91,-5.04567943908696,-16.568516354683467,20.779482028703484,114.90717202327394,4.37061606597987,-178.40292029358693,2200.0,20.0,20.0,105.41420221328735,-33.26909044604999
992,9.92,-5.07146390221086,-16.557289518392455,20.870100815652254,116.31156029957128,-7.973217957755242,175.446437451596,2200.0,20.0,20.0,105.40523195266724,-33.282072215957236
993,9.93,-5.097235741887537,-16.544859621040583,20.960131669421205,119.14656423348161,-19.95412514734954,168.39060657205854,2200.0,20.0,20.0,105.39626169204712,-33.28617957274906
994,9.94,-5.1229908496418215,-16.53123936261665,21.04954935851238,123.90205168802179,-31.33174790545571,159.69489411272892,2200.0,20.0,20.0,105.387291431427,-33.282637818213885
995,9.950000000000001,-5.14872512312781,-16.516441989502706,21.13832893611206,131.50191464857366,-41.68814619548456,148.26812445444713,2200.0,20.0,20.0,105.37832117080688,-33.27294561252949
996,9.96,-5.174434467275273,-16.500481289735987,21.22644574918027,143.36460771588844,-50.257473860959465,132.5651626177609,2200.0,20.0,20.0,105.36935091018677,-33.25876788837054
997,9.97,-5.2001147961665835,-16.48337158793077,21.313875447246364,160.63630138929912,-55.74793079616026,111.33288579738307,2200.0,20.0,20.0,105.36038064956665,-33.241825427217904
998,9.98,-5.225762035642942,-16.46512773978756,21.400593991018187,-178.5736468417474,-56.70901851529444,86.36123377543167,2200.0,20.0,20.0,105.35141038894653,-33.223788213263475
999,9.99,-5.251372126604089,-16.445765126115422,21.4865776609148,-159.86435081632337,-52.91049321024876,63.14453452278443,2200.0,20.0,20.0,105.34244012832642,-33.206179020706166
1000,10.0,-5.276941028927731,-16.42529964630183,21.571803065632952,-146.63643623163048,-45.68848557313318,44.9648996742691,2200.0,20.0,20.0,105.3334698677063,-33.190292650185015
1001,10.01,-5.302464725897492,-16.40374771117995,21.656247150852057,-138.36613287269606,-36.55113806014042,31.15556050196369,2200.0,20.0,20.0,105.32449960708618,-33.17713489694733
1002,10.02,-5.3279392291593055,-16.381126235142478,21.739887208306158,-133.58347223283906,-26.473366537972083,20.065503682916003,2200.0,10.191171169281006,20.0,105.31552934646606,-33.16738385183841
1003,10.03,-5.353360584457761,-16.357452626563006,21.822700885241144,-131.23438483170673,-16.015696894943193,10.403355797180303,2200.0,-3.6204841732978825,20.0,105.30655908584595,-33.16137558811479
1004,10.040000000000001,-5.378724872377362,-16.332744777067152,21.904666190364214,-130.7492271534828,-5.531227696484484,1.2812660596031038,2200.0,-11.937360763549805,20.0,105.29758882522583,-33.159097400732236
1005,10.05,-5.404028222122168,-16.307021041285022,21.9857614931143,-131.89893650820335,4.706992605435836,-7.9609775380675885,2200.0,-20.0,20.0,105.28861856460571,-33.16024187383163
1006,10.06,-5.429266812307814,-16.28030021695649,22.065965551458703,-134.69249270564958,14.430199721341138,-17.89299561070758,2200.0,-20.0,20.0,105.2796483039856,-33.16423285241969
1007,10.07,-5.454436874635542,-16.252601540336553,22.14525752411687,-139.3129256385378,23.318715413704837,-29.06990730017459,2200.0,-20.0,20.0,105.27067804336548,-33.17029901921009
1008,10.08,-5.479534688670238,-16.223944677439782,22.22361699039463,-146.03553235911738,30.956336445458042,-42.02964827200211,2200.0,-20.0,20.0,105.26170778274536,-33.177527215867094
1009,10.09,-5.504556579361452,-16.194349721285757,22.30102396480975,-155.0371499440525,36.81161370456143,-57.14793787944289,2200.0,-20.0,20.0,105.25273752212524,-33.184935025995166
1010,10.1,-5.529498914572991,-16.163837184878616,22.37745890781196,-166.0301306764474,40.305255533518086,-74.29993495365666,2200.0,-20.0,20.0,105.24376726150513,-33.19153951900647
1011,10.11,-5.554358103170701,-16.132427993572158,22.45290273456527,-177.9348235960796,41.023871246408206,-92.55065370353759,2200.0,-20.0,20.0,105.23479700088501,-33.196419765968656
1012,10.120000000000001,-5.579130593734734,-16.100143477299078,22.52733682272631,170.84486403295008,38.97725818536048,-110.44318872188127,2200.0,-20.0,20.0,105.22582674026489,-33.198769718506696
1013,10.13,-5.603812873902342,-16.06700536281317,22.60074301958913,161.56990284306735,34.62443444368326,-126.86014097614425,2200.0,-20.0,20.0,105.21685647964478,-33.197938789590246
1014,10.14,-5.62840147038126,-16.0330357659088,22.6731036487433,154.69888393375157,28.630935563203266,-141.4992499530552,2200.0,-18.6346697807312,20.0,105.20788621902466,-33.193458469233825
1015,10.15,-5.652892949657843,-15.998257183422448,22.74440151624298,150.11792070283113,21.628119303542068,-154.65083784781126,2200.0,-12.554376125335693,20.0,105.19891595840454,-33.185054272805296
1016,10.16,-5.677283919370491,-15.962692484815982,22.81461991565981,147.52523552059543,14.124116423076927,-166.81903670581198,2200.0,-10.390925407409668,20.0,105.18994569778442,-33.1726437269643
1017,10.17,-5.701571030292568,-15.926364902647052,22.883742632716142,146.64373483220322,6.516177249108437,-178.51151990729795,2200.0,-8.579350113868713,20.0,105.1809754371643,-33.15632175166851
1018,10.18,-5.725750979020891,-15.88929802215133,22.951753950877002,147.28208216897949,-0.8687314047811378,169.82725006939242,2200.0,-3.2832151651382446,20.0,105.17200517654419,-33.136335849161505
1019,10.19,-5.749820510203442,-15.851515769804962,23.018638656567383,149.3244612964312,-7.737801645037145,157.82766183258582,2200.0,5.894917845726013,20.0,105.16303491592407,-33.11305128453723
1020,10.200000000000001,-5.773776420719682,-15.81304240329464,23.084382039139285,152.68943115937824,-13.810173916933126,145.20349906395484,2200.0,18.464274406433105,20.0,105.15406465530396,-33.0869193922694
1021,10.21,-5.797615556191922,-15.773902494039369,23.148969901319116,157.2701349905598,-18.812751884543065,131.7783303484441,2200.0,20.0,20.0,105.14509439468384,-33.0584369209975
1022,10.22,-5.821334813007903,-15.734120917512103,23.21238857193019,162.86525700927538,-22.498256021532683,117.52818259608999,2200.0,20.0,20.0,105.13612413406372,-33.028104510630904
1023,10.23,-5.844931138007812,-15.693722846071056,23.274624913495117,169.12819404253224,-24.68564419091915,102.61316839922387,2200.0,20.0,20.0,105.1271538734436,-32.99639410553344
1024,10.24,-5.868401531057271,-15.652733741015519,23.335666330079693,175.5783483872923,-25.30931714547171,87.3528844974215,2200.0,20.0,20.0,105.11818361282349,-32.963722029907835
1025,10.25,-5.891743048058608,-15.611179343262123,23.39550077187849,-178.30661056337246,-24.44888351015386,72.12532299513565,2200.0,20.0,20.0,105.10921335220337,-32.930429116987895
1026,10.26,-5.914952804743646,-15.569085663244355,23.45411673885191,-172.9649696362657,-22.31680143554686,57.23585156306101,2200.0,20.0,20.0,105.10024309158325,-32.896769003103365
1027,10.27,-5.938027980994003,-15.526478970019337,23.511503283942425,-168.67107764836484,-19.209911440866662,42.83529470353591,2200.0,20.0,20.0,105.09127283096313,-32.86290450981902
1028,10.28,-5.960965825448176,-15.483385779603523,23.56765001619821,-165.5333049949743,-15.453100296976652,28.91915396247989,2200.0,20.0,20.0,105.08230257034302,-32.828911450259966
1029,10.290000000000001,-5.983763660175501,-15.439832842565988,23.622547103952105,-163.53979388755246,-11.358257249167691,15.378221105776316,2200.0,20.0,20.0,105.0733323097229,-32.794788677655056
1030,10.3,-6.006418885222292,-15.39584713091425,23.67618527810264,-162.6088808417111,-7.20339445224124,2.0577022959860995,2200.0,20.0,20.0,105.06436204910278,-32.76047280666291
1031,10.31,-6.028928982855882,-15.351455824321794,23.728555835501016,-162.62241036143035,-3.2252089774019335,-11.197337549843663,2200.0,20.0,20.0,105.05539178848267,-32.72585580794702
1032,10.32,-6.051291521349423,-15.306686295769982,23.779650642437897,-163.4406116491751,0.38316428672500785,-24.513362554815703,2200.0,20.0,20.0,105.04642152786255,-32.690803617544994
1033,10.33,-6.073504158170008,-15.261566096705037,23.829462138225036,-164.90586689530326,3.4743540390226513,-37.97311640062363,2200.0,20.0,20.0,105.03745126724243,-32.65517401067335
1034,10.34,-6.0955646424594345,-15.2161229418373,23.877983338864862,-166.84380350236606,5.950425393401408,-51.61089012345784,2200.0,20.0,20.0,105.02848100662231,-32.61883224386861
1035,10.35,-6.117470816732566,-15.17038469372974,23.92520784079257,-169.06813110284457,7.766785969996608,-65.41716620179442,2200.0,20.0,20.0,105.0195107460022,-32.58166333688389
1036,10.36,-6.13922061776107,-15.124379347333372,23.971129824660913,-171.39207840933054,8.93363208959657,-79.35132006060473,2200.0,20.0,20.0,105.01054048538208,-32.54358030531089
1037,10.370000000000001,-6.160812076657034,-15.078135014627144,24.0157440591218,-173.64504631497974,9.512378278089646,-93.35901459911378,2200.0,20.0,20.0,105.00157022476196,-32.504528122027956
1038,10.38,-6.182243318217201,-15.031679909509743,24.059045904544924,-175.6898987238316,9.606084457429736,-107.38902873558102,2200.0,20.0,20.0,104.99259996414185,-32.46448363567512
1039,10.39,-6.2035125599995915,-14.985042333012238,24.10103131656666,-177.43583900090803,9.344974683315375,-121.4046182565994,2200.0,20.0,20.0,104.98362970352173,-32.423452720208324
1040,10.4,-6.224618108781676,-14.938250659293764,24.14169684959863,-178.84397595731576,8.869528009417122,-135.38727372688587,2200.0,20.0,20.0,104.97465944290161,-32.38146120884958
1041,10.41,-6.245558361843792,-14.891333321506456,24.1810396593924,-179.9255187721004,8.313806753387972,-149.33409757570905,2200.0,20.0,20.0,104.9656891822815,-32.338553034934655
1042,10.42,-6.266331801814753,-14.844318798936198,24.219057506255133,179.26560499921163,7.79094347024462,-163.25199447799395,2200.0,20.0,20.0,104.95671892166138,-32.29477773263527
1043,10.43,-6.286936995662343,-14.797235604275377,24.25574875726972,178.6437324798702,7.38190197348919,-177.15188205844308,2200.0,20.0,20.0,104.94774866104126,-32.250185817339954
1044,10.44,-6.307372592185286,-14.750112271761646,24.291112388500377,178.1045317478422,7.128079715429606,168.95518983512872,2200.0,20.0,20.0,104.93877840042114,-32.20482328096647
1045,10.450000000000001,-6.327637320129463,-14.702977345823738,24.325147986573995,177.53909956110155,7.02807230235574,155.05978335912644,2200.0,20.0,20.0,104.92980813980103,-32.15872898860867
1046,10.46,-6.347729986801633,-14.65585937016738,24.357855749690223,176.84816287108006,7.038746865948838,141.15469775578157,2200.0,20.0,20.0,104.92083787918091,-32.11193473891794
1047,10.47,-6.367649477277589,-14.608786877185494,24.389236488082588,175.95539818160665,7.080547863993778,127.23589030394157,2200.0,20.0,20.0,104.91186761856079,-32.064467894229445
1048,10.48,-6.387394754263741,-14.561788377572592,24.41929162394897,174.81880134125703,7.046687609898348,113.30457542945257,2200.0,20.0,20.0,104.90289735794067,-32.016356140409385
1049,10.49,-6.40696485863894,-14.514892350018146,24.44802319085312,173.43894976219715,6.815584770019375,99.37018631425266,2200.0,20.0,20.0,104.89392709732056,-31.96763363543876
1050,10.5,-6.426358910670994,-14.468127230849912,24.475433832588017,171.8629032995422,6.265569863401445,85.45258798507523,2200.0,20.0,20.0,104.88495683670044,-31.918347583518702
1051,10.51,-6.445576111867426,-14.421521403498218,24.501526801491188,170.1826206355757,5.290427614879615,71.58126489874624,2200.0,20.0,20.0,104.87598657608032,-31.86856415556786
1052,10.52,-6.464615747383815,-14.375103187658448,24.526305956210265,168.52753410894059,3.8139000833269914,57.78976453967091,2200.0,20.0,20.0,104.8670163154602,-31.818372682978822
1053,10.53,-6.483477188877869,-14.32890082804223,24.549775758930302,167.052440346371,1.801169389966136,44.10548632232504,2200.0,20.0,20.0,104.85804605484009,-31.767887183148236
1054,10.540000000000001,-6.5021598979334225,-14.282942482320903,24.571941271981334,165.9234811409325,-0.7340761370554543,30.537137731279792,2200.0,6.078968644142151,20.0,104.84907579421997,-31.71724469631951
1055,10.55,-6.520663429288939,-14.237256205265433,24.592808151906926,165.30560045850527,-3.7271418820838473,17.06357484112836,2200.0,-20.0,20.0,104.84010553359985,-31.666595751472038
1056,10.56,-6.53898743070865,-14.191869956224032,24.61238263257761,165.35342144008757,-7.06322590200716,3.6277045185424113,2200.0,-20.0,20.0,104.83113527297974,-31.616102807321084
1057,10.57,-6.5571316510349344,-14.146811551676954,24.630671509514542,166.20425590784774,-10.580174496030873,-9.861926015613642,2200.0,-20.0,20.0,104.82216501235962,-31.565917049974388
1058,10.58,-6.575095943259532,-14.10210865760417,24.647682146101246,167.97025041568463,-14.071917874297226,-23.519931734885862,2200.0,-20.0,20.0,104.8131947517395,-31.51618580221682
1059,10.59,-6.5928802576353815,-14.057788765710127,24.66342247050291,170.7241092400675,-17.293293480707977,-37.46135535509505,2200.0,-20.0,20.0,104.80422449111938,-31.467014553705305
1060,10.6,-6.610484639844593,-14.013879179092239,24.677900983361965,174.4735207638724,-19.969430912665906,-51.76644941194774,2200.0,-20.0,20.0,104.79525423049927,-31.418457223057576
1061,10.61,-6.6279092278644,-13.970406998971368,24.69112675640649,179.12587957987787,-21.814962500406843,-66.43716205568238,2200.0,-20.0,20.0,104.78628396987915,-31.370504640197865
1062,10.620000000000001,-6.645154248750218,-13.927399112832063,24.703109429678726,-175.54198340503544,-22.56706338629335,-81.36130060720387,2200.0,-20.0,20.0,104.77731370925903,-31.32307582274628
1063,10.63,-6.662220015645146,-13.884882183283878,24.71385920840208,-169.88203820676745,-22.028842416908216,-96.311818001273,2200.0,-20.0,20.0,104.76834344863892,-31.276014350911524
1064,10.64,-6.6791069251114115,-13.842882637478187,24.723386859747528,-164.32195524489495,-20.108175278878758,-111.00057266058496,2200.0,-20.0,20.0,104.7593731880188,-31.229091127079005
1065,10.65,-6.695815454908269,-13.801426657037808,24.73170370946086,-159.27732487866777,-16.832912967580572,-125.16994001627191,2200.0,-20.0,20.0,104.75040292739868,-31.182014242569398
1066,10.66,-6.712346162341099,-13.76054016845179,24.738821638224085,-155.0779333238511,-12.33555242093674,-138.67379274648562,2200.0,-20.0,20.0,104.74143266677856,-31.13444605362633
1067,10.67,-6.728699683272996,-13.720248833849576,24.744753077630072,-151.9455776448187,-6.819481759679264,-151.5109336747199,2200.0,-20.0,20.0,104.73246240615845,-31.086026906611934
1068,10.68,-6.744876731841206,-13.680578042037968,24.749511005683356,-150.02093657448205,-0.526586650168966,-163.81424871658226,2200.0,-20.0,20.0,104.72349214553833,-31.03640429454147
1069,10.69,-6.760878100871552,-13.641552899671936,24.75310894177015,-149.41286385920148,6.280649333256525,-175.82263408440096,2200.0,-20.0,20.0,104.71452188491821,-30.985265624668777
1070,10.700000000000001,-6.776704662941519,-13.603198222434054,24.755560941058143,-150.2464052720085,13.31927743749824,172.14249652917368,2200.0,-20.0,20.0,104.7055516242981,-30.932372278492423
1071,10.71,-6.792357372007358,-13.565538526110204,24.756881588295926,-152.69586367844303,20.27030867764707,159.6921680945582,2200.0,-20.0,20.0,104.69658136367798,-30.877592297152034
1072,10.72,-6.807837265481256,-13.528598017466189,24.757085990989673,-156.98815771592774,26.751738832911602,146.3920897976502,2200.0,-20.0,20.0,104.68761110305786,-30.820928865301212
1073,10.73,-6.823145466588891,-13.492400584841317,24.756189771945714,-163.34378434204046,32.290428418380785,131.83194485475283,2200.0,-18.251004219055176,20.0,104.67864084243774,-30.762541760217378
1074,10.74,-6.838283178583516,-13.456969785754042,24.754209060307662,-171.80408000483092,36.32085624898821,115.79965671950855,2200.0,20.0,20.0,104.66967058181763,-30.702740962173138
1075,10.75,-6.853251718408587,-13.422328853670535,24.751160475853432,178.0481788273323,38.26314190927523,98.55776017313909,2200.0,20.0,20.0,104.66070032119751,-30.642049449631045
1076,10.76,-6.86805245671768,-13.388500664499217,24.747061121274168,167.24058224306262,37.70873929996434,80.98897648569145,2200.0,20.0,20.0,104.65173006057739,-30.581119607861975
1077,10.77,-6.882686844272432,-13.355507720574042,24.7419285864814,157.0853302209048,34.60746269076094,64.26290585167402,2200.0,20.0,20.0,104.64275979995728,-30.5207399368625
1078,10.78,-6.897156397973664,-13.323372144217,24.73578094811625,148.5604706535654,29.26814948596337,49.208122287803164,2200.0,20.0,20.0,104.63378953933716,-30.461790427261974
1079,10.790000000000001,-6.911462707772414,-13.292115669642108,24.72863676523544,142.0369009098057,22.176127201127837,36.027018362489656,2200.0,20.0,20.0,104.62481927871704,-30.40519850861113
1080,10.8,-6.925607441643765,-13.26175963835799,24.72051506793895,137.4653033566807,13.813390118010902,24.465324611566516,2200.0,20.0,20.0,104.61584901809692,-30.351882124528967
1081,10.81,-6.939592350901069,-13.23232499311309,24.711435344802737,134.6631194885076,4.5823010609861115,14.072461329245508,2200.0,20.0,20.0,104.6068787574768,-30.30268775000765
1082,10.82,-6.953419274701862,-13.203832269814065,24.701417530242534,133.4972604267241,-5.1925490367068905,4.341321558071907,2200.0,20.0,20.0,104.59790849685669,-30.258327170493445
1083,10.83,-6.967090143506242,-13.176301587871533,24.6904819921381,133.97662288325347,-15.229316586041648,-5.270896168195608,2200.0,20.0,20.0,104.58893823623657,-30.21931801011275
1084,10.84,-6.980606981356137,-13.149752639580642,24.678649519650964,136.31867993691895,-25.23896142169867,-15.396228247668189,2200.0,20.0,20.0,104.57996797561646,-30.185932481983066
1085,10.85,-6.993971907035086,-13.124204679058263,24.66594131111497,141.0330535311676,-34.85467960198275,-26.859156224741028,2200.0,20.0,20.0,104.57099771499634,-30.15815872430728
1086,10.86,-7.007187134201746,-13.09967651108091,24.652378961918355,149.00692960209872,-43.51989224045138,-40.786711823391244,2200.0,20.0,20.0,104.56202745437622,-30.135678477972647
1087,10.870000000000001,-7.0202549705808375,-13.076186480022667,24.63798445237606,161.36037408888097,-50.32809418588184,-58.48514064750997,2200.0,20.0,20.0,104.5530571937561,-30.117863965524737
1088,10.88,-7.033177816287273,-13.053752459004013,24.62278013565561,178.32746923206122,-53.97197298236099,-80.33778503315493,2200.0,20.0,20.0,104.54408693313599,-30.10379569002065
1089,10.89,-7.045958161364187,-13.032391839324873,24.606788725851857,-162.80049161836197,-53.3155523396637,-103.76133016042375,2200.0,20.0,20.0,104.53511667251587,-30.092301532075812
1090,10.9,-7.058598582633782,-13.012121520247605,24.590033286307307,-146.50429518598162,-48.44284822300418,-124.38726770716603,2200.0,20.0,20.0,104.52614641189575,-30.082016061950025
1091,10.91,-7.071101739984653,-12.992957899198263,24.572537218256777,-134.77151801643583,-40.509693863464335,-140.33715303809376,2200.0,20.0,20.0,104.51717615127563,-30.071457498271585
1092,10.92,-7.083470372243117,-12.974916862454204,24.554324249847507,-126.99583327136546,-30.687506412285536,-152.33423778588556,2200.0,20.0,20.0,104.50820589065552,-30.05911834135858
1093,10.93,-7.095707292793454,-12.958013776378245,24.535418425555918,-122.03707523593373,-19.742211849972154,-161.65783883596654,2200.0,20.0,20.0,104.4992356300354,-30.04356449395351
1094,10.94,-7.107815385119999,-12.94226347924428,24.5158440959939,-119.06078784369124,-8.120105254644768,-169.32611808846403,2200.0,20.0,20.0,104.49026536941528,-30.023536753144793
1095,10.950000000000001,-7.119797598442444,-12.927680273679973,24.495625908072117,-117.60112469942233,3.9107314017430292,-176.0722663735994,2200.0,20.0,20.0,104.48129510879517,-29.998047996471595
1096,10.96,-7.131656943605346,-12.91427791973224,24.474788795465383,-117.49397702868168,16.16775869789012,177.51293037030038,2200.0,20.0,20.0,104.47232484817505,-29.966469252743682
1097,10.97,-7.143396489365332,-12.90206962854372,24.453357969305543,-118.87156204352348,28.493278259131223,170.8144269188376,2200.0,20.0,20.0,104.46335458755493,-29.928598176178987
1098,10.98,-7.155019359196326,-12.891068056614523,24.431358909010367,-122.29839475332413,40.692944527609576,162.94971159338408,2200.0,20.0,20.0,104.45438432693481,-29.884704233437066
1099,10.99,-7.166528728705376,-12.881285300614062,24.408817353142602,-129.22885907725717,52.416263199348634,152.24799492042385,2200.0,20.0,20.0,104.4454140663147,-29.835546136461033
1100,11.0,-7.177927823720282,-12.872732892701372,24.38575929018274,-143.2394339534694,62.80509133721225,134.98056043648148,2200.0,20.0,20.0,104.43644380569458,-29.782358648993917
1101,11.01,-7.189219919075885,-12.86542179630911,24.3622109490928,-170.93352369876868,69.46609238364596,104.4332376548459,2200.0,20.0,20.0,104.42747354507446,-29.726807771114466
1102,11.02,-7.200408338089415,-12.859362402344383,24.33819878954772,152.53516666188614,68.41231684799605,65.36876067901785,2200.0,20.0,20.0,104.41850328445435,-29.670915351171598
1103,11.03,-7.2114964526778405,-12.854564525758514,24.31374949171671,128.28257718800515,60.361432773301594,38.83729922338553,2200.0,20.0,20.0,104.40953302383423,-29.616956258162233
1104,11.040000000000001,-7.22248768403319,-12.85103740243712,24.288889945489807,115.98014386943673,49.214462443124646,24.455618480250806,2200.0,20.0,20.0,104.40056276321411,-29.56733323113354
1105,11.05,-7.233385503737291,-12.848789686361169,24.263647239064973,109.39967855196846,36.851697304997906,15.946580701577615,2200.0,20.0,20.0,104.391592502594,-29.5244362673727
1106,11.06,-7.244193435555895,-12.847829446890879,24.238048646303366,105.56671813093214,23.930181582016537,10.28722788006776,2200.0,1.0415953397750854,20.0,104.38262224197388,-29.490495214967027
1107,11.07,-7.254915056584012,-12.848164167412513,24.212121610299736,103.21818174414497,10.708225883203836,6.159693183293939,2200.0,-20.0,20.0,104.37365198135376,-29.46743179346379
1108,11.08,-7.265553997333895,-12.849800763354239,24.18589374132945,101.78201488378467,-2.6946854505135294,2.9200858632870674,2200.0,-20.0,20.0,104.36468172073364,-29.456728902398737
1109,11.09,-7.276113949078896,-12.85274557455499,24.159392766777547,100.99669682787581,-16.214713825343367,0.19784587346936688,2200.0,-20.0,20.0,104.35571146011353,-29.459310004280596
1110,11.1,-7.2865986633734625,-12.85700435727702,24.13264652622864,100.78075082215626,-29.812453488722348,-2.281593096939254,2200.0,-20.0,20.0,104.34674119949341,-29.475470975689152
1111,11.11,-7.297011942492243,-12.862582276393294,24.10568294984507,101.23043512634437,-43.457918298198805,-4.827497848349899,2200.0,-20.0,20.0,104.33777093887329,-29.50480941516153
1112,11.120000000000001,-7.307357634708113,-12.869483892302869,24.07853004885577,102.81147758653924,-57.11661619561301,-8.038341801608352,2200.0,-20.0,20.0,104.32880067825317,-29.54622289889602
1113,11.13,-7.317639628664931,-12.877713156214018,24.051215903568803,107.50151786371912,-70.70468926900354,-13.976052048337927,2200.0,-20.0,20.0,104.31983041763306,-29.59794553068106
1114,11.14,-7.32786184810115,-12.887273407473343,24.023768652054617,133.81929207554023,-83.5049910009508,-41.21208363053538,2200.0,-20.0,20.0,104.31086015701294,-29.65762640355496
1115,11.15,-7.338028246995595,-12.898167371691251,23.996216479250933,-109.97541357212013,-80.35384783772487,-158.0364136020965,2200.0,-20.0,20.0,104.30188989639282,-29.722447695408057
1116,11.16,-7.348142805197072,-12.910397159254321,23.96858760646285,-95.3210927074869,-67.06007232027008,-173.02262281007322,2200.0,-20.0,20.0,104.2929196357727,-29.789276985344436
1117,11.17,-7.358209524619683,-12.923964264160523,23.940910281187058,-91.44392820046971,-53.36091265673131,-176.93962530699034,2200.0,-20.0,20.0,104.28394937515259,-29.854845799524774
1118,11.18,-7.368232426099916,-12.93886956321926,23.913212767157386,-89.54838777800228,-39.5859599596912,-178.5591485357279,2200.0,-20.0,20.0,104.27497911453247,-29.915944336201232
1119,11.19,-7.378215546985792,-12.955113315665654,23.885523334483086,-88.26989894603206,-25.79015448708806,-179.19718524231376,2200.0,-20.0,20.0,104.26600885391235,-29.969620851173254
1120,11.200000000000001,-7.38816293948478,-12.97269516321396,23.857870249741662,-87.17061699203322,-11.996075909547605,-179.2057989040786,2200.0,-20.0,20.0,104.25703859329224,-30.013373415153513
1121,11.21,-7.398078669751854,-12.991614130552717,23.830281765892178,-86.02046542020004,1.7791755896482255,-178.66682163653635,2200.0,-20.0,20.0,104.24806833267212,-30.04532175122379
1122,11.22,-7.407966817659314,-13.011868626274149,23.80278611188734,-84.61519797651813,15.515495176214987,-177.5200675649156,2200.0,-20.0,20.0,104.239098072052,-30.064347644375076
1123,11.23,-7.4178314771572476,-13.0334564442295,23.775411481879495,-82.66618232263404,29.18136123511532,-175.54842066984077,2200.0,-20.0,20.0,104.23012781143188,-30.07019395987217
1124,11.24,-7.427676757106134,-13.056374765303977,23.74818602393548,-79.61604216839613,42.71529445958483,-172.22919185649272,2200.0,-20.0,20.0,104.22115755081177,-30.063514538668212
1125,11.25,-7.437506782440428,-13.080620159604557,23.721137828198344,-74.09638692321131,55.96667904072749,-166.2068847918816,2200.0,-20.0,20.0,104.21218729019165,-30.04587003814334
1126,11.26,-7.447325695504267,-13.106188589049687,23.694294914459864,-61.70795325494086,68.43209473970597,-153.07984849023705,2200.0,-20.0,20.0,104.20321702957153,-30.019667996560617
1127,11.27,-7.457137657389054,-13.133075410342322,23.667685219136743,-25.220292314674243,77.55048698800269,-115.60229397069963,2200.0,-20.0,20.0,104.19424676895142,-29.988048829887482
1128,11.28,-7.466946849099034,-13.161275378298289,23.641336581673702,33.61825867336048,74.98473934097383,-55.49400375094983,2200.0,-20.0,20.0,104.1852765083313,-29.95472290860743
1129,11.290000000000001,-7.476757472214529,-13.190782649450819,23.615276730590498,57.30720844584825,64.04883599031072,-30.21122354278709,2200.0,-11.104512214660645,20.0,104.17630624771118,-29.923766925488696
1130,11.3,-7.486573749043723,-13.221590785275884,23.589533268972794,65.72030300224598,51.338017210374794,-19.815167509198133,2200.0,1.5936309099197388,20.0,104.16733598709106,-29.899390666522194
1131,11.31,-7.496399920334717,-13.253692751790744,23.56413366127854,69.33938296542874,38.19786834367243,-13.729128673141465,2200.0,17.949607372283936,20.0,104.15836572647095,-29.885686421815496
1132,11.32,-7.506240251713791,-13.287080913363242,23.53910520302965,70.8406069793778,24.950892159358165,-9.13684056416194,2200.0,20.0,20.0,104.14939546585083,-29.88638889506344
1133,11.33,-7.516099010207997,-13.321747027307914,23.51447503856116,71.06481408162821,11.727116250132273,-4.985761686085812,2200.0,20.0,20.0,104.14042520523071,-29.904628306082664
1134,11.34,-7.5259804691905545,-13.357682253698517,23.49027013729596,70.25414182475467,-1.3853660306538929,-0.7020782861115549,2200.0,20.0,20.0,104.1314549446106,-29.94271751880165
1135,11.35,-7.535888910668813,-13.394877161138776,23.46651728906546,68.3429443207434,-14.291047292381744,4.1924964800708615,2200.0,20.0,20.0,104.12248468399048,-30.002005361995558
1136,11.36,-7.545828627776468,-13.433321740768418,23.443243090492793,64.97956789846471,-26.847967437473528,10.286619411614899,2200.0,20.0,20.0,104.11351442337036,-30.082761114170697
1137,11.370000000000001,-7.555803926243818,-13.47300541447324,23.420473929671655,59.383192641070565,-38.80163187007594,18.513898108305202,2200.0,20.0,20.0,104.10454416275024,-30.184124810980638
1138,11.38,-7.565819124224377,-13.513917041757384,23.39823596986122,50.00368244122037,-49.6352006896681,30.535158613961684,2200.0,20.0,20.0,104.09557390213013,-30.304125027331423
1139,11.39,-7.575878550544869,-13.556044925810275,23.376555133096947,34.19945625580046,-58.23217296081675,49.08262337545631,2200.0,20.0,20.0,104.08660364151001,-30.43976457939337
1140,11.4,-7.58598654171602,-13.599376819289866,23.355457084170652,10.271574526492966,-62.49608197212592,75.93918968814732,2200.0,20.0,20.0,104.07763338088989,-30.587170691493174
1141,11.41,-7.596147437997038,-13.643899930093436,23.33496721527575,-15.541685090224913,-60.58624634465947,104.95364747893706,2200.0,20.0,20.0,104.06866312026978,-30.74180198170189
1142,11.42,-7.606365578782973,-13.689600927208211,23.315110631429445,-34.11853242181175,-53.56588081181592,127.10337834563536,2200.0,20.0,20.0,104.05969285964966,-30.898701076652767
1143,11.43,-7.61664529752565,-13.736465946654034,23.29591213670293,-45.02929926192093,-43.816568668850564,142.08019068088066,2200.0,20.0,20.0,104.05072259902954,-31.052778602477844
1144,11.44,-7.626990916363982,-13.784480597479796,23.27739622125464,-51.06761953468494,-32.83654969765706,152.8349576816047,2200.0,20.0,20.0,104.04175233840942,-31.19911205103806
1145,11.450000000000001,-7.63740674062472,-13.833629967766978,23.25958704914645,-54.12627802261902,-21.350961077892492,161.47289247275023,2200.0,20.0,20.0,104.0327820777893,-31.333241737628896
1146,11.46,-7.647897053350987,-13.883898630608902,23.242508446914798,-55.141643345408085,-9.74232553720618,169.2273688927987,2200.0,20.0,20.0,104.02381181716919,-31.451445844951124
1147,11.47,-7.658466110013752,-13.935270650058118,23.226183892859456,-54.49102303441416,1.7317633615250398,176.90236550122242,2200.0,20.0,20.0,104.01484155654907,-31.550977426218424
1148,11.48,-7.669118133554768,-13.987729587057327,23.210636507000284,-52.203447566412486,12.833447795220673,-174.84953867316366,2200.0,20.0,20.0,104.00587129592896,-31.630248188322472
1149,11.49,-7.679857309896285,-14.041258505388742,23.19588904163815,-48.03585320465399,23.27337762637498,-165.36315095332017,2200.0,20.0,20.0,103.99690079689026,-31.688946796883783
1150,11.5,-7.69068778403322,-14.095839977692501,23.18196387244288,-41.50196708491836,32.63730104908769,-153.87006700340774,2200.0,20.0,20.0,103.98793029785156,-31.728083178155075
1151,11.51,-7.701613656798777,-14.151456091618051,23.168882989980652,-31.989485804254553,40.30468414224297,-139.55305023322148,2200.0,20.0,20.0,103.97895979881287,-31.749954623368907
1152,11.52,-7.712638982365856,-14.208088456183715,23.156667991586904,-19.239486471934956,45.424990705776636,-121.9899368103907,2200.0,20.0,20.0,103.96998929977417,-31.758034173058125
1153,11.53,-7.723767766514861,-14.265718208428439,23.145340073488565,-4.292979328985944,47.14960925047099,-102.07815053452609,2200.0,20.0,20.0,103.96101880073547,-31.756786490352674
1154,11.540000000000001,-7.735003965664327,-14.324326020445026,23.134920023081317,10.285087826344169,45.192345630746985,-82.24322877596485,2200.0,20.0,20.0,103.95204830169678,-31.751420932609754
1155,11.55,-7.746351486624879,-14.383892106884444,23.125428211272784,22.144488273808125,40.11721303162484,-64.68747801444937,2200.0,20.0,20.0,103.94307780265808,-31.74759551964216
1156,11.56,-7.7578141870007205,-14.444396233015052,23.11688458481116,30.56556577679885,32.90493975170617,-49.961936516682435,2200.0,20.0,20.0,103.93410730361938,-31.75108871950749
1157,11.57,-7.769395876127668,-14.5058177234082,23.10930865853017,35.93067043596512,24.438637713197878,-37.481728322945635,2200.0,20.0,20.0,103.92513680458069,-31.7674582192592
1158,11.58,-7.781100316405075,-14.568135471302513,23.1027195074556,38.83702216149491,15.358836319329011,-26.398150011366575,2200.0,20.0,20.0,103.91616630554199,-31.801706963007266
1159,11.59,-7.792931224853158,-14.631327948674336,23.097135758735057,39.72717934508156,6.1240304019961,-15.951907415379699,2200.0,20.0,20.0,103.9071958065033,-31.85797663627082
1160,11.6,-7.80489227474035,-14.695373217122018,23.092575583284823,38.835430752826475,-2.900205508086859,-5.513413284316653,2200.0,13.201589584350586,20.0,103.8982253074646,-31.93928741234518
1161,11.61,-7.816987097012088,-14.760248939458474,23.08905668789023,36.22735932681446,-11.371768450286323,5.454092138308631,2200.0,11.328003406524658,20.0,103.8892548084259,-32.047340348727005
1162,11.620000000000001,-7.829219281630303,-14.82593239273997,23.086596307428042,31.86749618880008,-18.924162434411496,17.412841643025864,2200.0,9.356619715690613,20.0,103.8802843093872,-32.182394880798526
1163,11.63,-7.84159237857593,-14.892400482248462,23.08521119618233,25.726057906436992,-25.14316384773208,30.707375136855497,2200.0,7.019824385643005,20.0,103.87131381034851,-32.34323136454969
1164,11.64,-7.854109897046022,-14.959629756142528,23.084917618929108,17.947614906243466,-29.58656959805864,45.438716807408134,2200.0,1.1974602937698362,20.0,103.86234331130981,-32.52719892449325
1165,11.65,-7.866775303022625,-15.027596419837483,23.085731343208877,9.037430479025542,-31.87266975237738,61.30676584403032,2200.0,-7.134663462638855,20.0,103.85337281227112,-32.73034822547404
1166,11.66,-7.879592021173351,-15.0962763518791,23.087667631474147,-0.10998204280403838,-31.823434245350676,77.60159151661652,2200.0,-11.82602047920227,20.0,103.84440231323242,-32.94765989879362
1167,11.67,-7.892563413283678,-15.165645116003462,23.09074122700703,-8.484783634906318,-29.565477791988595,93.49163758364533,2200.0,-15.786244869232178,20.0,103.83543181419373,-33.173301502502454
1168,11.68,-7.905692777197771,-15.235677970730466,23.094966340740612,-15.345995745699753,-25.490969995137196,108.41891749656898,2200.0,-19.35863971710205,20.0,103.82646131515503,-33.40096921348699
1169,11.69,-7.9189833378211665,-15.306349874877657,23.100356644099072,-20.37259567429031,-20.115976113245292,122.25848615671495,2200.0,-20.0,20.0,103.81749081611633,-33.624248306849516
1170,11.700000000000001,-7.932438243471222,-15.377635496089997,23.106925261774773,-23.550928579630142,-13.954739676172906,135.21086476345045,2200.0,-20.0,20.0,103.80852031707764,-33.8369881909423
1171,11.71,-7.94606056284882,-15.449509219801277,23.11468476718815,-24.999566490428276,-7.465448235132329,147.62607059870146,2200.0,-20.0,20.0,103.79954981803894,-34.03366331986401
1172,11.72,-7.959853283303176,-15.52194515830181,23.12364717833911,-24.85874313805861,-1.0488043253563726,159.88132883790362,2200.0,-20.0,20.0,103.79057931900024,-34.209701272595275
1173,11.73,-7.97381931005075,-15.594917160170159,23.133823953904912,-23.25578717169219,4.934552651469858,172.31593242939175,2200.0,-20.0,20.0,103.78160881996155,-34.361757495684984
1174,11.74,-7.987961466188474,-15.668398820094694,23.14522598946053,-20.322086731286102,10.150179187659493,-174.8096564574989,2200.0,-20.0,20.0,103.77263832092285,-34.48791983050872
1175,11.75,-8.002282493393244,-15.742363489140159,23.157863613759663,-16.23913208217325,14.291817342326587,-161.35274971066374,2200.0,-20.0,20.0,103.76366782188416,-34.5878300965521
1176,11.76,-8.016785053200254,-15.816784285543227,23.1717465850784,-11.289769814192788,17.105015171694102,-147.32373144913407,2200.0,-20.0,20.0,103.75469732284546,-34.662714819002176
1177,11.77,-8.03147172873908,-15.891634106116532,23.186884087634088,-5.880405865326418,18.428419184177926,-132.89215136785896,2200.0,-20.0,20.0,103.74572682380676,-34.71532255946716
1178,11.78,-8.046345026783706,-15.966885638320367,23.203284728087944,-0.5025557966786882,18.23444231940022,-118.33479191127803,2200.0,-20.0,20.0,103.73675632476807,-34.74977088257436
1179,11.790000000000001,-8.061407379951964,-16.042511373032095,23.220956532135382,4.360112402576783,16.64391883904114,-103.93261082395124,2200.0,-20.0,20.0,103.72778582572937,-34.7713114291105
1180,11.8,-8.076661148877387,-16.118483618010224,23.239906941187552,8.326132306885752,13.903126997374754,-89.87016168037577,2200.0,-20.0,20.0,103.71881532669067,-34.78602653400566
1181,11.81,-8.092108624174733,-16.194774512016203,23.260142809150565,11.159704848286617,10.336719369302564,-76.19081994868584,2200.0,-20.0,20.0,103.70984482765198,-34.80047501762663
1182,11.82,-8.107752027983038,-16.271356039469296,23.281670399330444,12.758647978506476,6.301028996849465,-62.814416793222236,2200.0,-15.991332530975342,20.0,103.70087432861328,-34.82130790112801
1183,11.83,-8.123593514904279,-16.34820004538123,23.304495381250756,13.118739975891188,2.152332050598796,-49.588180242929134,2200.0,-6.105707287788391,20.0,103.69190382957458,-34.854876893178364
1184,11.84,-8.139635171731511,-16.425278250006166,23.328622825849074,12.30536894178397,-1.7704934932535055,-36.342600841809734,2200.0,7.167524695396423,20.0,103.68293333053589,-34.90685859065853
1185,11.85,-8.155879019549527,-16.50256226837629,23.354057194045602,10.444534866890137,-5.1573726664324955,-22.939412043358157,2200.0,18.961453437805176,20.0,103.67396283149719,-34.9819285536776
1186,11.86,-8.17232699245304,-16.580023597697373,23.38080232676085,7.729247004073725,-7.741021295387737,-9.30741132175334,2200.0,20.0,20.0,103.6649923324585,-35.08343245310461
1187,11.870000000000001,-8.188980967275649,-16.65763366606977,23.408861439300296,4.426421689187926,-9.317595845677092,4.5394410663893305,2200.0,20.0,20.0,103.6560218334198,-35.213275136833275
1188,11.88,-8.20584272877027,-16.735363794141264,23.438237134799476,0.8680076753980838,-9.770726160450742,18.51014609416323,2200.0,20.0,20.0,103.6470513343811,-35.37170408222797
1189,11.89,-8.222913995654599,-16.81318523680339,23.468931404270098,-2.582759519475685,-9.08964838152145,32.47365948595701,2200.0,20.0,20.0,103.63808083534241,-35.55735057868548
1190,11.9,-8.240196419982528,-16.891069196500233,23.500945634646804,-5.580367314922079,-7.371905842781217,46.31207073126933,2200.0,20.0,20.0,103.62911033630371,-35.76728941824411
1191,11.91,-8.25769158814929,-16.968986841823394,23.534280608281122,-7.8402009237682,-4.808616236682299,59.965966675597954,2200.0,20.0,20.0,103.62013983726501,-35.997204318806126
1192,11.92,-8.27540101981453,-17.046909325769587,23.568936501122852,-9.160062704485037,-1.659199162518664,73.45315186656879,2200.0,20.0,20.0,103.61116933822632,-36.24163585202542
1193,11.93,-8.293326165331347,-17.124807803390055,23.60491288077654,-9.421062617193016,1.7746409136461205,86.85796097336478,2200.0,20.0,20.0,103.60219883918762,-36.494297107791624
1194,11.94,-8.311468402262458,-17.20265344861667,23.642208704993198,-8.581067052742965,5.17013317142341,100.3000348327267,2200.0,20.0,20.0,103.59322834014893,-36.74843820120594
1195,11.950000000000001,-8.329829031348607,-17.280417470288423,23.680822320843124,-6.673920908287235,8.200918820662915,113.89317189429217,2200.0,20.0,20.0,103.58425784111023,-36.99723785053678
1196,11.96,-8.348409272207657,-17.358071127353146,23.720751464521523,-3.8189483578817502,10.556085820222705,127.70318697508854,2200.0,20.0,20.0,103.57528734207153,-37.23419876369753
1197,11.97,-8.367210258951001,-17.43558574328742,23.761993261699192,-0.23332070446273429,11.965734161826564,141.71557722773818,2200.0,20.0,20.0,103.56631684303284,-37.45352338593383
1198,11.98,-8.38623303586286,-17.512932719772998,23.804544228311393,3.7694512200490413,12.23273437013245,155.82794934721676,2200.0,20.0,20.0,103.55734634399414,-37.650447784815604
1199,11.99,-8.405478553272559,-17.590083549671196,23.848400271692825,7.809654596516968,11.2623234639772,169.8788404401783,2200.0,20.0,20.0,103.54837584495544,-37.821514002483724
1200,12.0,-8.424947663746217,-17.66700982934502,23.893556691993645,11.49685271447518,9.076952072233148,-176.29311822436972,2200.0,20.0,20.0,103.53940534591675,-37.964764928111556
1201,12.01,-8.444641118720774,-17.74368327039129,23.9400081838377,14.486200791926468,5.809409057524741,-162.7863683443375,2200.0,20.0,20.0,103.53043484687805,-38.07985040942757
1202,12.02,-8.464559565694692,-17.82007571086022,23.987748838205597,16.509212610232513,1.679468742050574,-149.59844929464836,2200.0,20.0,20.0,103.52146434783936,-38.16803864766315
1203,12.030000000000001,-8.484703546074286,-17.89615912605492,24.036772144541946,17.37249782360355,-3.032782726985213,-136.62260144874,2200.0,20.0,20.0,103.51249384880066,-38.232132583021624
1204,12.040000000000001,-8.505073493753349,-17.97190563901624,24.087070993099843,16.9390111168939,-8.005915339454393,-123.67053808229132,2200.0,20.0,20.0,103.50352334976196,-38.2762966354143
1205,12.05,-8.525669734477441,-18.04728753080776,24.138637677547997,15.113750463302484,-12.885499163135036,-110.51071206883422,2200.0,20.0,20.0,103.49455285072327,-38.30580447683278
1206,12.06,-8.546492486014046,-18.12227725072113,24.191463897876332,11.852687404583445,-17.287156385945746,-96.92029012882718,2200.0,20.0,20.0,103.48558235168457,-38.3267231586068
1207,12.07,-8.56754185911631,-18.196847426522265,24.245540763644225,7.2053687979438275,-20.80607662125902,-82.7551536938617,2200.0,20.0,20.0,103.47661185264587,-38.34555262237346
1208,12.08,-8.588817859232433,-18.270970874854573,24.300858797619966,1.3828400740044375,-23.047856499048397,-68.03142304684361,2200.0,20.0,20.0,103.46764135360718,-38.368842169240715
1209,12.09,-8.610320388876325,-18.344620611905118,24.35740793986004,-5.192578984329231,-23.68860835044956,-52.97901531211691,2200.0,20.0,20.0,103.45867085456848,-38.402806700717896
1210,12.1,-8.632049250539877,-18.41776986442399,24.41517755227159,-11.923011788572731,-22.5484216929949,-38.003215732530215,2200.0,20.0,20.0,103.44970035552979,-38.45296541014377
1211,12.11,-8.654004149995759,-18.490392081166313,24.474156423691287,-18.175193174681684,-19.636372465111716,-23.53724263448759,2200.0,20.0,20.0,103.44072985649109,-38.523824110605744
1212,12.120000000000001,-8.676184699814625,-18.56246094480028,24.534332775499195,-23.44002246681756,-15.134792092661712,-9.871513184786915,2200.0,20.0,20.0,103.43175935745239,-38.61861963317384
1213,12.13,-8.698590422904742,-18.63395038429515,24.595694267768323,-27.402059759319144,-9.33697361092719,2.9313172789598987,2200.0,20.0,20.0,103.4227888584137,-38.739140890942146
1214,12.14,-8.721220755877596,-18.7048345877713,24.658228005931143,-29.90115568194657,-2.5823678077407344,15.01873484298137,2200.0,20.0,20.0,103.413818359375,-38.885636519303866
1215,12.15,-8.744075052051214,-18.77508801576201,24.72192054792465,-30.845417491989956,4.779858479552786,26.68816473051781,2200.0,20.0,20.0,103.4048478603363,-39.056813759213696
1216,12.16,-8.76715258392439,-18.844685414806268,24.786757911758034,-30.13057001879742,12.394217775950228,38.33730841500414,2200.0,20.0,20.0,103.39587736129761,-39.249927770180015
1217,12.17,-8.79045254498851,-18.91360183126505,24.852725583432715,-27.589204580502994,19.877173146572453,50.43650413832703,2200.0,20.0,20.0,103.38690686225891,-39.460955176627394
1218,12.18,-8.813974050787397,-18.981812625232873,24.919808525135092,-22.985620183523146,26.780123366286688,63.49871655241908,2200.0,20.0,20.0,103.37793636322021,-39.68484069118197
1219,12.19,-8.837716139185959,-19.04929348440346,24.987991183618252,-16.096069085488278,32.55311651005008,77.98958348039832,2200.0,20.0,20.0,103.36896586418152,-39.915801419111354
1220,12.200000000000001,-8.861677769861362,-19.116020437744474,25.05725749869023,-6.938076360618167,36.5492005576957,94.10070127773668,2200.0,20.0,20.0,103.35999536514282,-40.14767017949097
1221,12.21,-8.885857823081661,-19.181969868841776,25.127590911732653,3.886717409599701,38.13883753165936,111.41453019072502,2200.0,20.0,20.0,103.35102486610413,-40.374257071752616
1222,12.22,-8.910255097746536,-19.247118528792292,25.19897437421598,15.093487706800332,36.95001995862827,128.81512117339128,2200.0,20.0,20.0,103.34205436706543,-40.58970744330922
1223,12.23,-8.934868309942148,-19.311443548477563,25.271390355994814,25.238295293690634,33.0572410843222,145.02324876460608,2200.0,20.0,20.0,103.33308386802673,-40.788837020204035
1224,12.24,-8.959696088831944,-19.374922450235157,25.34482085391517,33.41955500601197,26.90673220044139,159.3108626190221,2200.0,20.0,20.0,103.32411336898804,-40.9674181885402
1225,12.25,-8.98473697609872,-19.43753315901129,25.419247399727848,39.41676409662386,19.070894600606866,171.65651509296737,2200.0,20.0,20.0,103.31514286994934,-41.122413818958044
1226,12.26,-9.009989422023835,-19.499254012763807,25.49465106814196,43.37696922893565,10.068506229384559,-177.5444119342188,2200.0,20.0,20.0,103.30617237091064,-41.25213096452181
1227,12.27,-9.035451783247929,-19.56006377218054,25.571012484494595,45.50465841683785,0.31537270049195637,-167.75316174446016,2200.0,20.0,20.0,103.29720187187195,-41.35629658862501
1228,12.280000000000001,-9.06112232076247,-19.619941629690107,25.648311832382234,45.89576460182597,-9.851285521536102,-158.39380487074143,2200.0,20.0,20.0,103.28823137283325,-41.436048374490504
1229,12.290000000000001,-9.086999198511581,-19.67886721786665,25.726528861252852,44.45325559289756,-20.121834709187354,-148.83775205165867,2200.0,20.0,20.0,103.27926087379456,-41.493843056132505
1230,12.3,-9.113080482692162,-19.73682061733471,25.805642894001437,40.81162170442283,-30.146509931200658,-138.31801261315007,2200.0,20.0,20.0,103.27029037475586,-41.53328905214342
1231,12.31,-9.139364141812768,-19.79378236427272,25.88563283463088,34.24668776246612,-39.43604700924405,-125.80957898394752,2200.0,20.0,20.0,103.26131987571716,-41.558914587300464
1232,12.32,-9.165848047547088,-19.849733457603627,25.966477176062625,23.687527477867413,-47.21121696839429,-110.0131229482148,2200.0,20.0,20.0,103.25234937667847,-41.57588614141788
1233,12.33,-9.19252997638869,-19.904655365954426,26.048154008197223,8.373219820565204,-52.270395112324984,-89.9893134688282,2200.0,20.0,20.0,103.24337887763977,-41.58969476457536
1234,12.34,-9.21940761207901,-19.958530034461575,26.130641026331745,-10.208480029442635,-53.277632312688965,-67.08036813762715,2200.0,20.0,20.0,103.23440837860107,-41.605829398125216
1235,12.35,-9.246478548742225,-20.011339891495258,26.213915540038712,-27.750849702500176,-49.797118681280736,-45.46686568236376,2200.0,20.0,20.0,103.22543787956238,-41.629456764647514
1236,12.36,-9.273740294729622,-20.06306785541773,26.297954482648578,-41.072109976730616,-42.731668132971826,-28.21214692131144,2200.0,13.06185245513916,20.0,103.21646738052368,-41.66512675640453
1237,12.370000000000001,-9.301190277347201,-20.11369734149751,26.382734421933748,-50.07696810253536,-33.36330234730947,-15.28885871989077,2200.0,-6.205057501792908,20.0,103.20749688148499,-41.716520056117076
1238,12.38,-9.32882584653496,-20.163212264294756,26.468231571688214,-55.86333104013825,-22.62606862493982,-5.457475519738267,2200.0,0.05669057369232177,20.0,103.19852638244629,-41.786248906651366
1239,12.39,-9.356644284327505,-20.21159703954332,26.5544218082629,-59.38932462018867,-11.076922858535648,2.422208207205695,2200.0,1.5241891145706177,20.0,103.18955588340759,-41.875729525083074
1240,12.4,-9.384642813196336,-20.25883660128711,26.64128068762963,-61.230673234751436,0.9547784497250817,9.184727444399428,2200.0,-3.26543927192688,20.0,103.1805853843689,-41.98513361587843
1241,12.41,-9.412818599409011,-20.3049164105547,26.728783456360468,-61.630808100220804,13.253606826104816,15.478038977650606,2200.0,-4.247385263442993,20.0,103.1716148853302,-42.113403114223914
1242,12.42,-9.441168749952805,-20.3498224615538,26.816905063311545,-60.52601334852499,25.64512964217913,21.931959996206736,2200.0,-5.028926730155945,20.0,103.1626443862915,-42.25833315384557
1243,12.43,-9.469690314311306,-20.3935412935165,26.905620173523495,-57.446111509419936,37.931058353191645,29.385712837222645,2200.0,-5.15688419342041,20.0,103.15367388725281,-42.41673392274583
1244,12.44,-9.498380283332352,-20.436059996220592,26.99490318276164,-51.14577989389141,49.77986051260735,39.33313682164569,2200.0,-5.021598935127258,20.0,103.14470338821411,-42.584638616325535
1245,12.450000000000001,-9.527235587399904,-20.4773662184078,27.084728230324565,-38.6146061027801,60.43113238691959,54.95779834546963,2200.0,-4.623735547065735,20.0,103.13573288917542,-42.75755309891623
1246,12.46,-9.556253094518201,-20.517448175137446,27.175069211379395,-14.021514498026695,67.84401338377594,82.21574984530245,2200.0,-3.6071258783340454,20.0,103.12676239013672,-42.93073012487225
1247,12.47,-9.585429608754719,-20.556294654234758,27.265899788969723,21.196289062426516,68.21320314746157,119.76352799864598,2200.0,-0.8938330411911011,20.0,103.11779189109802,-43.099451376522396
1248,12.48,-9.614761869286314,-20.59389502113983,27.357193405849753,47.45862978588165,61.16934978764596,148.0945887286808,2200.0,4.282037615776062,20.0,103.10882139205933,-43.259300341080504
1249,12.49,-9.644246548635568,-20.63023922057784,27.448923296100208,61.293532220191835,50.44265337171301,163.79832285709918,2200.0,11.096909046173096,20.0,103.09985089302063,-43.406406812900705
1250,12.5,-9.67388025888016,-20.665317782037867,27.541062500111458,68.67492985699013,38.244134191925156,172.90398225955732,2200.0,18.018860816955566,20.0,103.09088039398193,-43.537658333102485
1251,12.51,-9.703659550741545,-20.699121822432488,27.633583875723538,72.9299792145402,25.383245028832114,178.79415153888442,2200.0,20.0,20.0,103.08190989494324,-43.65085987047821
1252,12.52,-9.733580914232743,-20.731643050161775,27.726460112023517,75.50421778297031,12.176489515887177,-177.02233690002453,2200.0,20.0,20.0,103.07293939590454,-43.74482877344398
1253,12.530000000000001,-9.763640778983723,-20.762873769982136,27.819663741295752,77.0501808370494,-1.2318118930910318,-173.8094388898399,2200.0,20.0,20.0,103.06396889686584,-43.819433310065094
1254,12.540000000000001,-9.79383551395417,-20.79280688712669,27.91316715104105,77.86246330816208,-14.765473590660855,-171.1450370993283,2200.0,20.0,20.0,103.05499839782715,-43.87556609487569
1255,12.55,-9.824161426943496,-20.821435911349344,28.006942595672193,78.02880420374682,-28.37753569333008,-168.7160366798976,2200.0,20.0,20.0,103.04602789878845,-43.91505784369518
1256,12.56,-9.85461476467748,-20.8487549598558,28.100962205557778,77.43474659520224,-42.03141484842594,-166.16944293707783,2200.0,20.0,20.0,103.03705739974976,-43.940539532053876
1257,12.57,-9.885191712981229,-20.87475876060133,28.195198001088812,75.55706721144729,-55.68273458476493,-162.8336621484401,2200.0,20.0,20.0,103.02808690071106,-43.955261118585845
1258,12.58,-9.91588839805395,-20.89944265465953,28.289621899906326,70.30295705002611,-69.22167459982909,-156.52133338153112,2200.0,20.0,20.0,103.01911640167236,-43.96288061210928
1259,12.59,-9.946700888357569,-20.922802597928712,28.384205728622504,45.87424298276578,-81.86993457036066,-131.37426358206707,2200.0,20.0,20.0,103.01014590263367,-43.96723574683916
1260,12.6,-9.977625197486992,-20.94483516248728,28.478921232861875,-60.70859555209509,-80.90902235757959,-24.377020292856518,2200.0,20.0,20.0,103.00117540359497,-43.972113492560666
1261,12.61,-10.008657287828385,-20.965537537291457,28.573740087971736,-81.37422514060367,-68.03479707373202,-3.5838061331379323,2200.0,20.0,20.0,102.99220490455627,-43.98103069152919
1262,12.620000000000001,-10.039793074858828,-20.98490752852774,28.668633910187708,-86.56530031061065,-54.41962223673715,1.4482655645588125,2200.0,20.0,20.0,102.98323440551758,-43.997038635365676
1263,12.63,-10.07102843192725,-21.002943559685953,28.763574268344694,-88.97314942297669,-40.67606842902118,3.392723646754367,2200.0,20.0,20.0,102.97426390647888,-44.022562438373704
1264,12.64,-10.102359195349953,-21.019644671369385,28.858532696200328,-90.49428278264875,-26.895868107576106,4.10546616661421,2200.0,20.0,20.0,102.96529340744019,-44.059283571547134
1265,12.65,-10.133781169642342,-21.035010520846743,28.953480705412378,-91.70546598488865,-13.111054995243869,4.089234258670932,2200.0,20.0,20.0,102.95632290840149,-44.10807100067134
1266,12.66,-10.165290132697637,-21.049041381358165,29.04838979918072,-92.8819088073169,0.6587626553668522,3.4900378154500586,2200.0,20.0,20.0,102.9473524093628,-44.168963219939926
1267,12.67,-10.196881840720826,-21.061738141198227,29.143231486528713,-94.23609455823875,14.39429114549783,2.289763184400036,2200.0,20.0,20.0,102.9383819103241,-44.241200292822064
1268,12.68,-10.228552032736095,-21.07310230260633,29.237977297161507,-96.03653050979618,28.06831842775736,0.3179387743011234,2200.0,20.0,20.0,102.9294114112854,-44.32330200114804
1269,12.69,-10.260296434510055,-21.08313598049606,29.332598796802927,-98.77311432398056,41.630713402153454,-2.8651099880430877,2200.0,20.0,20.0,102.9204409122467,-44.41318554235389
1270,12.700000000000001,-10.292110761769612,-21.09184190105164,29.427067602881756,-103.61653380090483,54.962951541299425,-8.407165382271737,2200.0,20.0,20.0,102.91147041320801,-44.50831405696216
1271,12.71,-10.323990722639294,-21.09922340021262,29.52135540041516,-114.29370282798862,67.67945919511446,-20.030395202251242,2200.0,20.0,20.0,102.90249991416931,-44.60586573129484
1272,12.72,-10.35593201927416,-21.105284422059466,29.615433957923766,-146.82765017491357,77.77322410717835,-53.767449931556925,2200.0,20.0,20.0,102.89352941513062,-44.70291237802518
1273,12.73,-10.387930348716461,-21.110029517103865,29.709275143210622,148.96617247527698,76.62605932204121,-119.45707681756272,2200.0,20.0,20.0,102.88455891609192,-44.79659627844487
1274,12.74,-10.41998140292526,-21.113463840465464,29.80285093888739,122.37750259871775,65.85666952235567,-147.8481847889641,2200.0,20.0,20.0,102.87558841705322,-44.88429444539996
1275,12.75,-10.45208086913446,-21.11559314998301,29.89613345718357,113.57002029457372,53.16065158356202,-158.83530408701532,2200.0,20.0,20.0,102.86661791801453,-44.96376261278561
1276,12.76,-10.48422442752822,-21.116423803945537,29.989094954845637,109.88207681848661,40.04352583062588,-165.16556041727696,2200.0,20.0,20.0,102.85764741897583,-45.033245100702125
1277,12.77,-10.516407752162987,-21.115962758985006,30.081707846632803,108.34320232239477,26.83032343735562,-169.93550777864957,2200.0,20.0,20.0,102.84867691993713,-45.09155732303669
1278,12.780000000000001,-10.548626508518428,-21.114217567770584,30.173944718836275,108.05394743956965,13.644455604334691,-174.23455223936867,2200.0,20.0,20.0,102.83970642089844,-45.13812351694875
1279,12.790000000000001,-10.580876352496608,-21.111196376636173,30.265778341728726,108.74598136583863,0.5659001681206487,-178.62685197677186,2200.0,20.0,20.0,102.83073592185974,-45.17297892472228
1280,12.8,-10.613152929493765,-21.10690792292892,30.3571816813429,110.45334026771002,-12.32155858841884,176.4406005813669,2200.0,20.0,20.0,102.82176542282104,-45.19673466466031
1281,12.81,-10.645451873934826,-21.101361532081974,30.44812791059491,113.47101068669392,-24.89659941323099,170.4390636606548,2200.0,20.0,20.0,102.81279492378235,-45.21050983205089
1282,12.82,-10.677768809382913,-21.094567114409987,30.53859041984688,118.47033704707833,-36.94637547713299,162.54839810126668,2200.0,20.0,20.0,102.80382442474365,-45.215836690215134
1283,12.83,-10.710099349307418,-21.08653516161025,30.628542827011604,126.80459336190854,-48.04543830356423,151.30889611450857,2200.0,20.0,20.0,102.79485392570496,-45.21454619923619
1284,12.84,-10.742439098567965,-21.077276742931446,30.717958987307853,140.9453106712803,-57.269657670030576,134.16307865352226,2200.0,20.0,20.0,102.78588342666626,-45.20864198926014
1285,12.85,-10.774783655641992,-21.066803500956702,30.806813002780885,163.4446431567494,-62.740755796886525,108.48040049399951,2200.0,20.0,20.0,102.77691292762756,-45.200171186528884
1286,12.86,-10.80712861558889,-21.055127646941727,30.895079231707534,-169.76802924811693,-62.26395539829939,78.25150668560798,2200.0,20.0,20.0,102.76794242858887,-45.19110025242278
1287,12.870000000000001,-10.839469573705623,-21.042261955650876,30.98273229800663,-149.00172172308794,-56.20687570093718,53.69581712511879,2200.0,20.0,20.0,102.75897192955017,-45.18320324108234
1288,12.88,-10.871802129789526,-21.028219759642546,31.069747100771664,-136.54881124061941,-46.97728128118841,36.997750387433,2200.0,20.0,20.0,102.75000143051147,-45.17796869276876
1289,12.89,-10.904121892887096,-21.013014942969257,31.156098824032437,-129.59719396577458,-36.30603250890864,25.20771954743069,2200.0,20.0,20.0,102.74103093147278,-45.17652985569076
1290,12.9,-10.936424486375548,-20.99666193427563,31.241762946836268,-125.9359122163361,-25.032422061253467,15.932036388756337,2200.0,20.0,20.0,102.73206043243408,-45.17962118374483
1291,12.91,-10.968705553361216,-20.97917569912155,31.326715253967418,-124.43167110446727,-13.577173530818614,7.786069422327191,2200.0,9.11023199558258,20.0,102.72308993339539,-45.18756211371171
1292,12.92,-11.000960761551609,-20.96057173096303,31.410931846093224,-124.58738330875758,-2.200805916681196,-0.08264446226150733,2200.0,-0.381740927696228,20.0,102.71411943435669,-45.200266338316446
1293,12.93,-11.033185808086042,-20.940866037875196,31.494389149263167,-126.27755788993726,8.879053585804488,-8.31210975880989,2200.0,-7.3469823598861685,20.0,102.705148935318,-45.21727388078114
1294,12.94,-11.06537642715282,-20.920075127755602,31.57706391889485,-129.64218954090293,19.419170305309216,-17.505450300801822,2200.0,-13.744344711303711,20.0,102.6961784362793,-45.23781388067135
1295,12.950000000000001,-11.097528390384191,-20.898215989697505,31.65893326550243,-135.0542110875536,29.088900860922298,-28.3379125563966,2200.0,-18.62492799758911,20.0,102.6872079372406,-45.260877515768335
1296,12.96,-11.12963750694279,-20.875306090791728,31.739974675240408,-143.06681664783085,37.39927207551647,-41.5759874688562,2200.0,-20.0,20.0,102.6782374382019,-45.28529589753072
1297,12.97,-11.161699618252989,-20.85136337321921,31.820166025015087,-154.1538695077451,43.64731345115238,-57.85744674430799,2200.0,-20.0,20.0,102.66926693916321,-45.30982126307543
1298,12.98,-11.193710595892316,-20.82640625127919,31.899485597263062,-168.00259989535104,46.99863935600828,-77.0076093192591,2200.0,-20.0,20.0,102.66029644012451,-45.333212071172454
1299,12.99,-11.22566633951606,-20.800453604917816,31.977912090117986,177.21073046926313,46.88113759911943,-97.33051494053996,2200.0,-19.900705814361572,20.0,102.65132594108582,-45.35430955694314
1300,13.0,-11.257562775750506,-20.773524772781006,32.05542462621386,164.04852224932156,43.454326697898466,-116.39283113831465,2200.0,-14.000496864318848,20.0,102.64235544204712,-45.372103021253956
1301,13.01,-11.289395857831844,-20.745639544753608,32.13200276039437,153.99810010216646,37.514280668289594,-132.84761766606155,2200.0,-7.972620129585265,20.0,102.63338494300842,-45.38578014853278
1302,13.02,-11.321161565947511,-20.716818153323622,32.20762648585997,147.12404114418038,29.973235263931834,-146.7918709694516,2200.0,-3.3826774358749385,20.0,102.62441444396973,-45.39475986431002
1303,13.030000000000001,-11.352855908705063,-20.687081263211507,32.2822762391704,142.89795449316554,21.551852004408886,-158.94729536197676,2200.0,-0.22392690181732178,20.0,102.61544394493103,-45.39870788923967
1304,13.040000000000001,-11.384474925633336,-20.656449959964856,32.355932905549764,140.7933515825039,12.760431250948406,-170.07671854470885,2200.0,2.5177711248397827,20.0,102.60647344589233,-45.397536568585764
1305,13.05,-11.416014692113686,-20.624945735368975,32.428577830273824,140.4590700090419,3.973873151573926,179.17881773754206,2200.0,6.5762859582901,20.0,102.59750294685364,-45.391392510708265
1306,13.06,-11.44747131744895,-20.592590484731534,32.50019282601845,141.71693373144916,-4.497115383403656,168.29330955414846,2200.0,12.355904579162598,20.0,102.58853244781494,-45.38061545738387
1307,13.07,-11.478840949939174,-20.559406493044463,32.570760185635706,144.5150946791361,-12.355474318175878,156.82336912597316,2200.0,20.0,20.0,102.57956194877625,-45.36570574052325
1308,13.08,-11.510119776226517,-20.52541643013074,32.64026268728799,148.86423037061724,-19.286171324245004,144.40202757289018,2200.0,20.0,20.0,102.57059144973755,-45.347272429470465
1309,13.09,-11.541304023567022,-20.49064334031648,32.70868360208549,154.7453129801435,-24.946641686226783,130.78157410476004,2200.0,20.0,20.0,102.56162095069885,-45.325985520466524
1310,13.1,-11.572389961604035,-20.455110632709424,32.7760067018735,161.9817151580451,-28.991853081047864,115.92854366573725,2200.0,20.0,20.0,102.55265045166016,-45.30252692630748
1311,13.11,-11.603373904099128,-20.4188420723436,32.84221626633556,170.12053861588097,-31.145532575395656,100.12053869676544,2200.0,20.0,20.0,102.54367995262146,-45.27754533846826
1312,13.120000000000001,-11.63425221135272,-20.381861771530993,32.90729708983959,178.43814179539177,-31.29878528514456,83.92596108684256,2200.0,20.0,20.0,102.53470945358276,-45.25161872242853
1313,13.13,-11.665021293269389,-20.34419418067184,32.971234487357094,-173.86042185578768,-29.57167077674663,67.99447324885166,2200.0,20.0,20.0,102.52573895454407,-45.2252258889779
1314,13.14,-11.695677613061438,-20.305864078377397,33.0340142996688,-167.37813210496634,-26.282365153776265,52.786916348036065,2200.0,20.0,20.0,102.51676845550537,-45.19872820800518
1315,13.15,-11.7262176914756,-20.26689656084458,33.09562289815084,-162.40732858721475,-21.848550612944795,38.45262942738079,2200.0,20.0,20.0,102.50779795646667,-45.17236172423017
1316,13.16,-11.756638111364774,-20.227317030474662,33.15604718939006,-158.98778672917854,-16.69357328873844,24.88658255488457,2200.0,20.0,20.0,102.49882745742798,-45.14623915393819
1317,13.17,-11.786935522404361,-20.187151183749915,33.21527461979202,-157.025654986361,-11.197167433175728,11.851426328544742,2200.0,20.0,20.0,102.48985695838928,-45.120360559559145
1318,13.18,-11.81710664575139,-20.146424998397904,33.27329318027373,-156.38237275537443,-5.684299611831301,-0.9247857779463017,2200.0,20.0,20.0,102.48088645935059,-45.09463095543604
1319,13.19,-11.847148278453401,-20.10516471989451,33.330091411086606,-156.9146520592812,-0.4312183686399783,-13.692263227182556,2200.0,20.0,20.0,102.47191596031189,-45.068882729772106
1320,13.200000000000001,-11.877057297429785,-20.063396847384023,33.38565840678928,-158.47938569343032,4.326654126518672,-26.649815754272932,2200.0,20.0,20.0,102.4629454612732,-45.04290059561326
1321,13.21,-11.906830662872139,-20.021148119123456,33.439983821371825,-160.9205149741578,8.392472571102353,-39.92731691092937,2200.0,20.0,20.0,102.4539749622345,-45.01644681015595
1322,13.22,-11.936465420943495,-19.978445497583078,33.49305787351585,-164.05163191990624,11.613515492890954,-53.57510504330043,2200.0,20.0,20.0,102.4450044631958,-44.989284610191994
1323,13.23,-11.965958705697776,-19.935316154351977,33.5448713519568,-167.64624944726086,13.892734849868123,-67.56333072033067,2200.0,20.0,20.0,102.4360339641571,-44.96119817175842
1324,13.24,-11.995307740188624,-19.89178745500441,33.5954156208952,-171.4449800220319,15.201026238215459,-81.79692668285725,2200.0,20.0,20.0,102.42706346511841,-44.93200787283308
1325,13.25,-12.02450983678647,-19.847886944079217,33.64468262538747,-175.18142402824012,15.583135059593369,-96.14682244411576,2200.0,20.0,20.0,102.41809296607971,-44.90158017150787
1326,13.26,-12.053562397140578,-19.803642330321825,33.69266489658895,-178.61792520852208,15.1520104143938,-110.48833103214257,2200.0,20.0,20.0,102.40912246704102,-44.86983263244455
1327,13.27,-12.082462909540904,-19.759081472197888,33.73935555702833,178.42363370237914,14.071660003384816,-124.73202385767166,2200.0,20.0,20.0,102.40015196800232,-44.83673034253944
1328,13.280000000000001,-12.111208950369758,-19.714232364127962,33.78474832479599,176.04679475463558,12.533595148335698,-138.8367661516355,2200.0,20.0,20.0,102.39118146896362,-44.802284896671814
1329,13.290000000000001,-12.13979818064693,-19.66912312267772,33.82883751821602,174.28203981746017,10.733235517349202,-152.80484147423635,2200.0,20.0,20.0,102.38221096992493,-44.76654344994495
1330,13.3,-12.168228344664033,-19.623781973618627,33.87161805993131,173.09868401932187,8.85046951137787,-166.66655488768671,2200.0,20.0,20.0,102.37324047088623,-44.7295790997839
1331,13.31,-12.196497267669722,-19.57823723965579,33.91308548086156,172.4202969637153,7.035578281834516,179.53713250068887,2200.0,20.0,20.0,102.36426997184753,-44.69147984723649
1332,13.32,-12.224602853960977,-19.532517328729043,33.95323592348827,172.1398121026243,5.399967575453106,165.76824020343636,2200.0,20.0,20.0,102.35529947280884,-44.65233855273469
1333,13.33,-12.252543085408949,-19.486650722765244,33.99206614444555,172.13350481871825,4.010894891745725,151.99944260191728,2200.0,20.0,20.0,102.34632897377014,-44.61224468994062
1334,13.34,-12.280316020534364,-19.44066596677247,34.029573516478706,172.27434201728943,2.8898583064900825,138.21606717317462,2200.0,20.0,20.0,102.33735847473145,-44.571278635306065
1335,13.35,-12.307919794203768,-19.394591658169627,34.06575602983465,172.44500892737292,2.014737057908025,124.41415335767458,2200.0,20.0,20.0,102.32838797569275,-44.529508880593404
1336,13.36,-12.335352617989765,-19.348456436238997,34.10061229311792,172.5501058732972,1.3257757489259203,110.5968505439006,2200.0,20.0,20.0,102.31941747665405,-44.48699217548302
1337,13.370000000000001,-12.362612781212343,-19.302288971580136,34.13414153361936,172.5263791952596,0.7351319427729094,96.77112813391456,2200.0,20.0,20.0,102.31044697761536,-44.443776237253445
1338,13.38,-12.389698652648299,-19.25611795543695,34.16634359711499,172.34974378345453,0.139213210371539,82.94577870118019,2200.0,20.0,20.0,102.30147647857666,-44.39990434716061
1339,13.39,-12.416608682861396,-19.20997208876974,34.197218947135404,172.03817771944833,-0.5673652861536714,69.1304601040889,2200.0,20.0,20.0,102.29250597953796,-44.35542092292447
1340,13.4,-12.443341407069573,-19.163880070951745,34.22676866371831,171.6500896483642,-1.4775895731577091,55.33464597711753,2200.0,20.0,20.0,102.28353548049927,-44.31037703746804
1341,13.41,-12.469895448430586,-19.117870587985408,34.25499444167032,171.2783513978301,-2.659055982792397,41.56528764237218,2200.0,20.0,20.0,102.27456498146057,-44.26483485695883
1342,13.42,-12.496269521597323,-19.071972300157075,34.281898588378844,171.04080935800013,-4.143473440926946,27.82278584159645,2200.0,20.0,20.0,102.26559448242188,-44.21887009562835
1343,13.43,-12.522462436438294,-19.026213828912898,34.30748402119261,171.06858435651148,-5.919578174302968,14.0961400098385,2200.0,11.837334632873535,20.0,102.25662398338318,-44.172571746864215
1344,13.44,-12.548473101416477,-18.980623742088767,34.33175426360201,171.49354544094777,-7.929811883690152,0.35926901447878484,2200.0,-9.088970422744751,20.0,102.24765348434448,-44.126037097811356
1345,13.450000000000001,-12.574300525663615,-18.935230549286324,34.354713435368325,172.43579719984206,-10.070577733646262,-13.428997861493286,2200.0,-20.0,20.0,102.23868298530579,-44.079361976818426
1346,13.46,-12.599943821622363,-18.890062657429915,34.37636622766076,173.9902692653257,-12.195919431441768,-27.31903772816229,2200.0,-20.0,20.0,102.22971248626709,-44.032649992037264
1347,13.47,-12.62540220545727,-18.84514839717253,34.39671791670616,176.2118266143197,-14.124888049307893,-41.35755335072448,2200.0,-20.0,20.0,102.2207419872284,-43.98598308775639
1348,13.48,-12.650674991939214,-18.80051593919408,34.41577435703157,179.09802923833803,-15.653377484867642,-55.56860282447262,2200.0,-20.0,20.0,102.2117714881897,-43.93942450101465
1349,13.49,-12.675761587431776,-18.75619331264873,34.43354199543283,-177.42717650554226,-16.57186178524418,-69.93305677971831,2200.0,-20.0,20.0,102.202800989151,-43.892993073179305
1350,13.5,-12.700661488064132,-18.71220838513312,34.45002787616602,-173.5225408638722,-16.68905283714579,-84.37530184282784,2200.0,-20.0,20.0,102.1938304901123,-43.846661356958435
1351,13.51,-12.72537427695011,-18.66858885200884,34.46523963910048,-169.42211545654934,-15.858474408048428,-98.76773712592771,2200.0,-20.0,20.0,102.18485999107361,-43.80035111352375
1352,13.52,-12.749899622099687,-18.625362226417263,34.47918551685771,-165.40707668925162,-14.00122492010874,-112.95818610420771,2200.0,-20.0,20.0,102.17588949203491,-43.753932790932566
1353,13.530000000000001,-12.774237274959278,-18.582555829607884,34.49187433170035,-161.76451266781007,-11.117474107069235,-126.81294395796586,2200.0,-20.0,20.0,102.16691899299622,-43.7072301267585
1354,13.540000000000001,-12.798387069627031,-18.540196781497766,34.503315492233725,-158.7507266057289,-7.283682137962322,-140.2581690192379,2200.0,-20.0,20.0,102.15794849395752,-43.660030503692916
1355,13.55,-12.822348922740137,-18.49831199137358,34.51351898978565,-156.5742374922478,-2.6394979585284495,-153.3045103175539,2200.0,-20.0,20.0,102.14897799491882,-43.61210082389989
1356,13.56,-12.846122834041514,-18.456928148657514,34.52249539435088,-155.4013230576086,2.6275038397630825,-166.05171524765902,2200.0,-20.0,20.0,102.14000749588013,-43.56320817818562
1357,13.57,-12.869708887604004,-18.416071713632334,34.530255850020765,-155.37572130584257,8.29187119701966,-178.67976406915722,2200.0,-20.0,20.0,102.13103699684143,-43.51314404272823
1358,13.58,-12.89310725364791,-18.37576890801463,34.53681206985643,-156.6398628212548,14.091413478731798,168.5663648750758,2200.0,-20.0,20.0,102.12206649780273,-43.46175025484815
1359,13.59,-12.916318190852863,-18.336045705275367,34.54217633018806,-159.34426185896223,19.71976167931826,155.39862199357015,2200.0,-20.0,20.0,102.11309599876404,-43.408944660835154
1360,13.6,-12.939342048375456,-18.296927820348714,34.54636146427393,-163.62872619409734,24.81510322081639,141.52618972572287,2200.0,-1.201665997505188,20.0,102.10412549972534,-43.354742629744194
1361,13.61,-12.962179264167863,-18.25844069685501,34.5493808532821,-169.55505415669,28.956890232578377,126.73511734104096,2200.0,20.0,20.0,102.09515500068665,-43.29926217171906
1362,13.620000000000001,-12.984830387588394,-18.220609515444927,34.551248411340154,-176.98343994867687,31.69200637113207,111.01712204540844,2200.0,20.0,20.0,102.08618450164795,-43.24278843124154
1363,13.63,-13.007296032220207,-18.183459152169238,34.551978577626656,174.55387282344924,32.612727925618096,94.69566493180095,2200.0,20.0,20.0,102.07721400260925,-43.185709413876104
1364,13.64,-13.029576896645247,-18.147014167066718,34.55158632479188,165.83970854376432,31.47394393547042,78.40985690227853,2200.0,20.0,20.0,102.06824350357056,-43.12854067008326
1365,13.65,-13.051673753815221,-18.11129879560572,34.55008715801568,157.73472269985078,28.276696178012067,62.87156894543722,2200.0,20.0,20.0,102.05927300453186,-43.071897427785174
1366,13.66,-13.073587457210719,-18.07633693951378,34.54749711287576,150.87847919597314,23.24679809212423,48.55797922376006,2200.0,20.0,20.0,102.05030250549316,-43.01646953100357
1367,13.67,-13.095318945759804,-18.0421521608662,34.54383274533045,145.5749749893892,16.731800470810427,35.58470130433844,2200.0,20.0,20.0,102.04133200645447,-42.96298327597092
1368,13.68,-13.116869249178643,-18.008767674901897,34.539111120432906,141.8829591252925,9.10038366815052,23.777874198126543,2200.0,20.0,20.0,102.03236150741577,-42.91215571079715
1369,13.69,-13.138239492814801,-17.976206341027613,34.53334980095036,139.7684737500294,0.6920083304484909,12.799202328195113,2200.0,20.0,20.0,102.02339100837708,-42.86464416075696
1370,13.700000000000001,-13.159430901688978,-17.944490652345237,34.526566836221114,139.2249516232263,-8.187212568099476,2.223873263689599,2200.0,20.0,20.0,102.01442050933838,-42.820994783003854
1371,13.71,-13.18044480356043,-17.91364272417973,34.518780751161536,140.352181309975,-17.240484558037604,-8.444346369942526,2200.0,20.0,20.0,102.00545001029968,-42.78159386567236
1372,13.72,-13.201282630993962,-17.88368428205325,34.510010535288316,143.4150891734272,-26.137078970256216,-19.802889460798234,2200.0,20.0,20.0,101.99647963047028,-42.74662577420654
1373,13.73,-13.22194592246427,-17.8546366494167,34.500275631663165,148.88579383553702,-34.44781698762508,-32.593057545585985,2200.0,20.0,20.0,101.98750925064087,-42.716041276567175
1374,13.74,-13.242436322535358,-17.82652073533704,34.48959592574568,157.40061374182784,-41.558259599314226,-47.6678585558345,2200.0,20.0,20.0,101.97853887081146,-42.689539503378256
1375,13.75,-13.262755581153218,-17.79935702226711,34.4779917342083,169.4017429645545,-46.60353226997541,-65.64641638790125,2200.0,20.0,20.0,101.96956849098206,-42.66656606700542
1376,13.76,-13.282905552100107,-17.773165553992865,34.46548379380392,-175.77469943665554,-48.600238271784626,-86.01388354490832,2200.0,20.0,20.0,101.96059811115265,-42.64632889229164
1377,13.77,-13.302888190680163,-17.74796592384603,34.45209325038493,-160.50541185930908,-46.95855752320099,-106.52530879133667,2200.0,20.0,20.0,101.95162773132324,-42.627832151209105
1378,13.780000000000001,-13.322705550734861,-17.723777263272105,34.43784164815849,-147.44972456321875,-41.940470637960054,-124.64580042747873,2200.0,20.0,20.0,101.94265735149384,-42.60992741675042
1379,13.790000000000001,-13.342359781116006,-17.700618230843194,34.422750919238936,-137.69174484912642,-34.38469015574613,-139.41890737910074,2200.0,20.0,20.0,101.93368697166443,-42.591379844929556
1380,13.8,-13.36185312176799,-17.678507001797424,34.40684337353006,-130.95108713786425,-25.135471014754152,-151.2687947308577,2200.0,20.0,20.0,101.92471659183502,-42.57094595343454
1381,13.81,-13.38118789958675,-17.657461258170827,34.390141688942975,-126.57719372541634,-14.804403631747869,-161.02425567605584,2200.0,20.0,20.0,101.91574621200562,-42.54745848660111
1382,13.82,-13.40036652422851,-17.637498179566503,34.37266890193058,-124.04639653146114,-3.7939077074878367,-169.4510311468267,2200.0,20.0,20.0,101.90677583217621,-42.51991302783765
1383,13.83,-13.419391484037694,-17.618634434582873,34.354448398297386,-123.07395115758641,7.622367238381308,-177.19151324926585,2200.0,20.0,20.0,101.8978054523468,-42.48755051727424
1384,13.84,-13.438265342251436,-17.600886172900562,34.33550390422474,-123.62930613624039,19.230230687480393,175.15204835254644,2200.0,20.0,20.0,101.8888350725174,-42.44992971017283
1385,13.85,-13.45699073361924,-17.584269018008595,34.31585947743373,-125.9902474553415,30.813458075487972,166.87115117372392,2200.0,20.0,20.0,101.87986469268799,-42.40698390084719
1386,13.86,-13.475570361552135,-17.568798060535663,34.29553949839351,-130.9221994705507,42.070845738642944,156.90218448317913,2200.0,20.0,20.0,101.87089431285858,-42.35905694164949
1387,13.870000000000001,-13.49400699588695,-17.55448785214151,34.27456866147007,-140.09461693734906,52.44525202478596,143.36384998464612,2200.0,20.0,20.0,101.86192393302917,-42.30691468044399
1388,13.88,-13.512303471319102,-17.54135239991622,34.252971965902,-156.56496622554178,60.72466801842792,123.04337212792105,2200.0,20.0,20.0,101.85295355319977,-42.25172936872914
1389,13.89,-13.530462686522235,-17.52940516123101,34.23077470648483,177.64275846059098,64.53712104282609,93.798537313254,2200.0,20.0,20.0,101.84398317337036,-42.19503627532649
1390,13.9,-13.548487603936113,-17.518659038981266,34.208002463847464,150.37950780289034,61.840833876093335,63.386000895389934,2200.0,20.0,20.0,101.83501279354095,-42.138663574459265
1391,13.91,-13.566381250166629,-17.50912637716159,34.18468109421146,131.63758992561606,53.97782598255553,41.71813590220985,2200.0,20.0,20.0,101.82604241371155,-42.08463844409837
1392,13.92,-13.58414671690519,-17.500818956712095,34.16083671853944,120.7321253681207,43.44127649705152,28.036641975648966,2200.0,20.0,20.0,101.81707203388214,-42.03507408405003
1393,13.93,-13.601787162241386,-17.493747991575802,34.1364957110005,114.35671040929685,31.62633863178128,18.96045647070362,2200.0,20.0,20.0,101.80810165405273,-41.992043916874344
1394,13.94,-13.619305812214577,-17.487924124908755,34.111684686709424,110.51846075932446,19.147924189565416,12.411192477816716,2200.0,20.0,20.0,101.79913127422333,-41.9574504510537
1395,13.950000000000001,-13.63670596253599,-17.48335742530182,34.08643048841056,108.22741666878042,6.290383076780489,7.287830390632693,2200.0,8.118948340415955,20.0,101.79016089439392,-41.93289703799439
1396,13.96,-13.653990979054344,-17.480057383500053,34.06076016952563,107.0138714646668,-6.798396680081495,2.9573217403926826,2200.0,-17.81649112701416,20.0,101.78119051456451,-41.919567345345456
1397,13.97,-13.671164301158695,-17.478032926729274,34.03470098772304,106.7045675238125,-20.028909140848288,-1.024678414103937,2200.0,-20.0,20.0,101.77222013473511,-41.91814106407066
1398,13.98,-13.68822943760546,-17.47729240893233,34.0082803630901,107.37100476473087,-33.332800748636565,-5.096590954156459,2200.0,-20.0,20.0,101.7632497549057,-41.92870621211086
1399,13.99,-13.705189968071172,-17.47784360010782,33.98152587008708,109.4569394546866,-46.63268014029691,-9.931354068347115,2200.0,-20.0,20.0,101.7542793750763,-41.95074094445406
1400,14.0,-13.722049532857666,-17.479693677312866,33.95446521871066,114.39835180859208,-59.778128426141976,-17.113719126958173,2200.0,-20.0,20.0,101.74530899524689,-41.98309644373779
1401,14.01,-13.738811828058623,-17.4828492115188,33.927126245661206,127.81851584454299,-72.24015485715456,-32.36603263678198,2200.0,-20.0,20.0,101.73633861541748,-42.02404089590656
1402,14.02,-13.755480600490518,-17.48731616196738,33.899536902964265,177.34473136883895,-80.43055986346967,-83.38213830329263,2200.0,-20.0,20.0,101.72736823558807,-42.07133925443459
1403,14.030000000000001,-13.772059643020489,-17.493099872616384,33.87172524691846,-122.4885995428387,-74.33537651354807,-144.74023995385312,2200.0,-20.0,20.0,101.71839785575867,-42.12236735794413
1404,14.040000000000001,-13.788552790451856,-17.50020506942281,33.843719427365926,-105.34827864511607,-62.080812988140984,-162.8000015404323,2200.0,-20.0,20.0,101.70942747592926,-42.174255775994396
1405,14.05,-13.8049639159865,-17.50863585808452,33.81554767723423,-98.98080594548178,-48.819735361058505,-169.8264858164381,2200.0,-20.0,20.0,101.70045709609985,-42.224055904280625
1406,14.06,-13.821296928322047,-17.518395722188608,33.78723830225908,-95.73501268203167,-35.26701293324703,-173.46741514463872,2200.0,-20.0,20.0,101.69148671627045,-42.26891891094054
1407,14.07,-13.837555769444458,-17.529487521802242,33.75881967076148,-93.72158826787356,-21.590434493588965,-175.59055895561366,2200.0,-20.0,20.0,101.68251633644104,-42.30627683025704
1408,14.08,-13.853744413145787,-17.54191349253575,33.73032020333766,-92.26142715249725,-7.851238793372227,-176.82757690409923,2200.0,-20.0,20.0,101.67354595661163,-42.334014466848835
1409,14.09,-13.869866864252604,-17.555675245080632,33.70176836232228,-91.0254372917888,5.920077507330066,-177.4171183749376,2200.0,-20.0,20.0,101.66457557678223,-42.350620864210384
1410,14.1,-13.885927158506892,-17.570773765205416,33.673192640899394,-89.78682773924712,19.70291538190999,-177.41412908184054,2200.0,-20.0,20.0,101.65560519695282,-42.3553099187456
1411,14.11,-13.901929363004204,-17.587209414184375,33.644621551755264,-88.29532100256124,33.4771187315791,-176.72039731275711,2200.0,-20.0,20.0,101.64663481712341,-42.348101252483744
1412,14.120000000000001,-13.917877577064143,-17.604981929634096,33.61608361519038,-86.10686868902559,47.212303111291256,-174.97722828980397,2200.0,-20.0,20.0,101.637664437294,-42.329854618557015
1413,14.13,-13.933775932493134,-17.624090426724127,33.58760734656053,-82.0479432380588,60.83657945171308,-171.058009985387,2200.0,2.751043438911438,20.0,101.6286940574646,-42.302252012520434
1414,14.14,-13.949628591812775,-17.644533400677602,33.559221242058285,-71.16556937215778,74.05501960171765,-160.0315782070651,2200.0,20.0,20.0,101.61972367763519,-42.267721397435075
1415,14.15,-13.965439766251729,-17.666308734844254,33.53095376963458,-11.857456280631986,83.55089886214337,-100.2985217113475,2200.0,20.0,20.0,101.61075329780579,-42.22936128232218
1416,14.16,-13.981213671493371,-17.689413695136984,33.50283334784506,58.520411730350446,75.45809842518038,-29.201324475858417,2200.0,20.0,20.0,101.60178291797638,-42.19072671645409
1417,14.17,-13.996954541241637,-17.713844921215742,33.47488833244069,70.81666620421797,62.395339444766314,-15.860644936944414,2200.0,20.0,20.0,101.59281253814697,-42.15565540304231
1418,14.18,-14.012666619571986,-17.739598425651685,33.447147009905265,74.71556240301624,48.88520921355275,-10.540232973781801,2200.0,20.0,20.0,101.58384215831757,-42.12804569933127
1419,14.19,-14.028354164952642,-17.766669595043343,33.41963758578484,76.2237176845913,35.295590778719934,-7.151986551431725,2200.0,20.0,20.0,101.57487177848816,-42.11162520492323
1420,14.200000000000001,-14.044021453860964,-17.79505319550247,33.3923881728251,76.60007551475873,21.7179651952961,-4.311028481440912,2200.0,20.0,20.0,101.56590139865875,-42.109719308879235
1421,14.21,-14.059672784377433,-17.824743378351897,33.36542677766471,76.19697001624027,8.201293349732168,-1.4672155853860824,2200.0,20.0,20.0,101.55693101882935,-42.12503609691723
1422,14.22,-14.075312478934238,-17.8557336853649,33.33878128636721,75.05118136722848,-5.20690393238142,1.7382551642367208,2200.0,20.0,20.0,101.54796063899994,-42.15948132864943
1423,14.23,-14.090944886104998,-17.8880170535714,33.31247944914154,72.98960261825098,-18.44004145336202,5.684534336906971,2200.0,20.0,20.0,101.53899025917053,-42.2140162539174
1424,14.24,-14.10657438133719,-17.92158581985262,33.28654886459117,69.56741927113369,-31.38352843909984,10.940229510917417,2200.0,20.0,20.0,101.53001987934113,-42.28856827334065
1425,14.25,-14.122205366684504,-17.956431725528024,33.26101696375101,63.81929177912368,-43.80834369070952,18.55595398141347,2200.0,20.0,20.0,101.52104949951172,-42.38200163580044
1426,14.26,-14.137842269599782,-17.992545921055772,33.23591099410261,53.62118140157494,-55.18669416565026,30.72326933004194,2200.0,20.0,20.0,101.51207911968231,-42.492151811350155
1427,14.27,-14.153489540844884,-18.029918970880015,33.211258003714946,34.62604513785978,-64.15924290571795,51.85053932619666,2200.0,20.0,20.0,101.5031087398529,-42.61592333764107
1428,14.280000000000001,-14.169151651576152,-18.06854085839885,33.187084825637406,3.7216062037311324,-67.70669218055103,85.11297944651206,2200.0,20.0,20.0,101.4941383600235,-42.74944700895142
1429,14.290000000000001,-14.184833089680042,-18.10840099100242,33.16341806266136,-26.214885661906536,-63.64705001147865,117.70463456945899,2200.0,20.0,20.0,101.48516798019409,-42.88828849617598
1430,14.3,-14.20053835545991,-18.149488205132066,33.14028407255849,-43.856356164747,-54.59692461186478,138.3854319195579,2200.0,20.0,20.0,101.47619760036469,-43.02769709335582
1431,14.31,-14.216271956804263,-18.191790771326623,33.1177089538906,-52.97020066123333,-43.47395687219477,151.03503331247828,2200.0,20.0,20.0,101.46722722053528,-43.16288050430969
1432,14.32,-14.23203840399224,-18.235296399240823,33.09571853246549,-57.640387078068755,-31.551630572837006,159.88879281089118,2200.0,20.0,20.0,101.45825684070587,-43.28928960415921
1433,14.33,-14.247842204308867,-18.27999224263822,33.07433834848685,-59.7746462861389,-19.35170804857201,167.06638087961144,2200.0,20.0,20.0,101.44928646087646,-43.40289607927265
1434,14.34,-14.263687856649032,-18.325864904374754,33.05359364441663,-60.16903659988445,-7.141546136599131,173.67089750202481,2200.0,20.0,20.0,101.44031608104706,-43.5004458536912
1435,14.35,-14.27957984628529,-18.372900441400127,33.03350935353798,-59.080370349715714,4.886356643251438,-179.58167237942016,2200.0,20.0,20.0,101.43134570121765,-43.579672274167734
1436,14.36,-14.295522639962051,-18.42108436981324,33.01411008917917,-56.42928218746821,16.532097607507232,-172.0653979691067,2200.0,20.0,20.0,101.42237532138824,-43.63945510714244
1437,14.370000000000001,-14.311520681459335,-18.47040167001713,32.995420134535415,-51.83533810883913,27.52238523125964,-163.06411893838458,2200.0,20.0,20.0,101.41340494155884,-43.67991439211571
1438,14.38,-14.32757838774455,-18.520836792027705,32.97746343300734,-44.58436937580879,37.42301144084177,-151.63819501714656,2200.0,20.0,20.0,101.40443456172943,-43.70243193009081
1439,14.39,-14.343700145802087,-18.572373661000235,32.96026357896146,-33.698651275657895,45.51415570463059,-136.64340480378834,2200.0,20.0,20.0,101.39546418190002,-43.70959744738597
1440,14.4,-14.359890310198578,-18.624995683045615,32.94384380881125,-18.61394825545464,50.71313558638699,-117.37923068140434,2200.0,20.0,20.0,101.38649380207062,-43.705081010364644
1441,14.41,-14.37615320140712,-18.678685751415042,32.92822699231397,-0.8559133308086626,51.90499501956847,-95.24712783298612,2200.0,20.0,20.0,101.37752342224121,-43.69343780055444
1442,14.42,-14.392493104877286,-18.733426253134326,32.91343562398094,15.701595335627273,48.85356246987461,-73.99551997096391,2200.0,20.0,20.0,101.3685530424118,-43.67985561193168
1443,14.43,-14.40891427080027,-18.789199076166675,32.89949181450477,28.2150223467668,42.49972811141209,-56.32952912400912,2200.0,20.0,20.0,101.3595826625824,-43.669859134378676
1444,14.44,-14.42542091448148,-18.84598561717478,32.886417282116966,36.49665828101797,34.10603121682988,-42.273045629396556,2200.0,20.0,20.0,101.35061228275299,-43.668988000609545
1445,14.450000000000001,-14.44201721719819,-18.903766789938317,32.87423334380305,41.46021384593086,24.62396025192268,-30.708363175924088,2200.0,20.0,20.0,101.34164190292358,-43.682467503013896
1446,14.46,-14.458707327389682,-18.962523034462727,32.86296090631928,43.94112151420222,14.665348614317816,-20.537152599499432,2200.0,20.0,20.0,101.33267152309418,-43.71489169477055
1447,14.47,-14.475495362004203,-19.022234326789505,32.85262045697439,44.44307118258138,4.643238016077178,-10.910561046822233,2200.0,20.0,20.0,101.32370114326477,-43.769938204794634
1448,14.48,-14.492385407813238,-19.08288018948959,32.843232054161994,43.18196622965418,-5.112547096953501,-1.1596921830001585,2200.0,20.0,20.0,101.31473076343536,-43.85013252114802
1449,14.49,-14.509381522501071,-19.144439702791363,32.83481531765201,40.16135557244416,-14.277793718944027,9.295325240641647,2200.0,20.0,20.0,101.30576038360596,-43.95667680735674
1450,14.5,-14.526487735347548,-19.206891516266126,32.82738941867303,35.247267758485705,-22.478467460448535,20.98819251486391,2200.0,20.0,20.0,101.29679000377655,-44.089354657607
1451,14.51,-14.543708047344575,-19.270213860968894,32.8209730698395,28.286810627520932,-29.256023537780887,34.361213652177184,2200.0,20.0,20.0,101.28781962394714,-44.24651877888844
1452,14.52,-14.561046430621277,-19.334384561913456,32.815584514997525,19.333874956397153,-34.08050765713646,49.58478685771608,2200.0,20.0,20.0,101.27884924411774,-44.42516367121934
1453,14.530000000000001,-14.578506827096696,-19.399381050749415,32.81124151907883,8.951734706085496,-36.462408965920254,66.28359263551079,2200.0,20.0,20.0,101.26987886428833,-44.621080257024175
1454,14.540000000000001,-14.596093146245007,-19.46518037852954,32.80796135805928,-1.6990813963964193,-36.1634075773213,83.46824626990899,2200.0,15.299289226531982,20.0,101.26090848445892,-44.82908420566889
1455,14.55,-14.613809262379814,-19.531759228400322,32.805760809288564,-11.294267996592582,-33.35231259905616,99.98318122695305,2200.0,13.211374282836914,20.0,101.25193810462952,-45.043306133580025
1456,14.56,-14.631659010639147,-19.5990939283638,32.80465614200125,-18.956025168693714,-28.53441942685787,115.12853919469006,2200.0,12.584280967712402,20.0,101.24296772480011,-45.25752550903915
1457,14.57,-14.64964618271699,-19.667160463312833,32.80466310809556,-24.41878170991685,-22.333358639215287,128.8357349466787,2200.0,11.842374801635742,20.0,101.2339973449707,-45.465531746556586
1458,14.58,-14.66777452077026,-19.735934486619733,32.80579693287736,-27.788769668481418,-15.327061813830216,141.43485123398352,2200.0,12.73364782333374,20.0,101.2250269651413,-45.6614865004991
1459,14.59,-14.686047711785541,-19.805391330674766,32.808072306676934,-29.278859184414397,-7.999317421951849,153.3931909518364,2200.0,14.46613311767578,20.0,101.21605658531189,-45.840269890573545
1460,14.6,-14.704469382254747,-19.87550601712249,32.811503377512324,-29.074785574287983,-0.7573653263118961,165.1758895694351,2200.0,16.067705154418945,20.0,101.20708620548248,-45.99778779976677
1461,14.61,-14.723043093821584,-19.946253267246068,32.816103744848775,-27.306060810797167,6.034384326413873,177.19199056434178,2200.0,17.764573097229004,20.0,101.19811582565308,-46.13122228481703
1462,14.620000000000001,-14.741772339645715,-20.017607512598346,32.821886454091036,-24.075046087287195,12.028736632715805,-170.23490928223853,2200.0,19.692866802215576,20.0,101.18914544582367,-46.23920901424077
1463,14.63,-14.76066054126758,-20.08954290574327,32.828863991506836,-19.52039590070758,16.88996777767789,-156.9061661149935,2200.0,20.0,20.0,101.18017506599426,-46.32193024603177
1464,14.64,-14.779711045768428,-20.162033330977806,32.837048279150345,-13.895667945628954,20.31623551881361,-142.8007870375906,2200.0,20.0,20.0,101.17120468616486,-46.38111697735862
1465,14.65,-14.798927123176812,-20.235052414803658,32.846450669634386,-7.6233880667440586,22.09064743283293,-128.10783408419644,2200.0,20.0,20.0,101.16223430633545,-46.41995936304403
1466,14.66,-14.81831196422223,-20.30857353605228,32.8570819411348,-1.2693416496125496,22.14173707210182,-113.1840290531177,2200.0,20.0,20.0,101.15326392650604,-46.442929780823995
1467,14.67,-14.837868678623174,-20.382569836079618,32.868952292861,4.576730735520594,20.575789454211833,-98.4221406803479,2200.0,20.0,20.0,101.14429354667664,-46.45552813238777
1468,14.68,-14.857600294745254,-20.4570142286014,32.88207134132271,9.44298243670795,17.65550497453981,-84.10082267137237,2200.0,20.0,20.0,101.13532316684723,-46.46396713013565
1469,14.69,-14.877509758218384,-20.531879411111834,32.89644811568382,13.047123924058537,13.73924898791796,-70.30902450265525,2200.0,20.0,20.0,101.12635278701782,-46.474808009465086
1470,14.700000000000001,-14.897599933215615,-20.607137874988993,32.912091054488016,15.279080294306194,9.218436806889693,-56.96525880773083,2200.0,20.0,20.0,101.11738240718842,-46.49457741121658
1471,14.71,-14.917873603795647,-20.682761917064852,32.92900800251305,16.14358920351987,4.477439179699449,-43.885605011765364,2200.0,20.0,20.0,101.10841202735901,-46.52938208171361
1472,14.72,-14.938333475842484,-20.7587236518923,32.94720620810224,15.712403975431739,-0.12369316219145585,-30.854352027750796,2200.0,20.0,20.0,101.0994416475296,-46.58454607993097
1473,14.73,-14.958982179219491,-20.834995024751702,32.966692320595044,14.105389539379155,-4.255632619928914,-17.680266637025458,2200.0,20.0,20.0,101.0904712677002,-46.66429204080838
1474,14.74,-14.97982226992924,-20.91154782537284,32.987472387826465,11.496643691789208,-7.627516560994554,-4.2386172205112,2200.0,20.0,20.0,101.08150088787079,-46.77148573412621
1475,14.75,-15.000856232096295,-20.988353702335054,33.00955185371729,8.130311287421462,-10.003154296316596,9.501554297281459,2200.0,20.0,20.0,101.07253050804138,-46.907459445538656
1476,14.76,-15.022086479601922,-21.06538417808243,33.032935555983556,4.3257976361624895,-11.225364241463911,23.472976268910507,2200.0,20.0,20.0,101.06356012821198,-47.071925045247426
1477,14.77,-15.043515357212883,-21.14261066445896,33.05762772398397,0.45594053376007887,-11.240037901256942,37.5374991258924,2200.0,20.0,20.0,101.05458974838257,-47.26298227969225
1478,14.780000000000001,-15.06514514107006,-21.220004478638025,33.08363197671611,-3.101585022886074,-10.1075590152961,51.540849050143024,2200.0,20.0,20.0,101.04561936855316,-47.477222139040045
1479,14.790000000000001,-15.086978038439344,-21.297536859296407,33.11095132097037,-6.019075544306399,-7.994143767477592,65.37164967631176,2200.0,20.0,20.0,101.03664898872375,-47.70991945897936
1480,14.8,-15.10901618667431,-21.375178982869375,33.139588149653726,-8.05495136043098,-5.1467286904045535,78.99753251677,2200.0,20.0,20.0,101.02767860889435,-47.95530355444985
1481,14.81,-15.131261651392885,-21.452901979720245,33.16954424030096,-9.062526748119133,-1.8624943324497238,92.46682121558226,2200.0,20.0,20.0,101.01870822906494,-48.206890983828174
1482,14.82,-15.153716423922956,-21.53067695006612,33.20082075379456,-8.981697176747153,1.5375869631840602,105.88277143804915,2200.0,20.0,20.0,101.00973784923553,-48.45786079244466
1483,14.83,-15.176382418479545,-21.608474979564786,33.23341823325846,-7.829869771313385,4.728937897778071,119.36411539152475,2200.0,20.0,20.0,101.00076746940613,-48.70145068852065
1484,14.84,-15.19926146693174,-21.686267154197687,33.267336603566584,-5.701897151512557,7.401141530089275,133.00325255314408,2200.0,20.0,20.0,100.99179702997208,-48.93134655732211
1485,14.85,-15.222355317777653,-21.76402457494924,33.3025751706049,-2.7772545502464805,9.278736471369758,146.8313518360412,2200.0,20.0,20.0,100.98282659053802,-49.14205251595432
1486,14.86,-15.245665630385298,-21.84171837177138,33.339132621352334,0.67728189522232,10.147367652786162,160.80132674264712,2200.0,20.0,20.0,100.97385615110397,-49.32920600705649
1487,14.870000000000001,-15.26919397145359,-21.919319716957258,33.377007023777715,4.324029436876238,9.881141332634325,174.7995459400767,2200.0,20.0,20.0,100.96488571166992,-49.489829177469154
1488,14.88,-15.292941810697696,-21.996799837683064,33.41619582693228,7.794690181573405,8.461516093848614,-171.31258931283796,2200.0,20.0,20.0,100.95591527223587,-49.6224976902267
1489,14.89,-15.316910517181551,-22.074130027922592,33.45669586143731,10.741456047160169,5.979139729484731,-157.64324408399366,2200.0,20.0,20.0,100.94694483280182,-49.72741820186804
1490,14.9,-15.341101356316702,-22.151281659848625,33.4985033403925,12.876250917422162,2.618490036977729,-144.22625033296129,2200.0,20.0,20.0,100.93797439336777,-49.806409830090935
1491,14.91,-15.365515487606382,-22.228226194857452,33.54161386064351,13.98469976570368,-1.3659866770299756,-131.00540948699222,2200.0,20.0,20.0,100.92900395393372,-49.862790922491946
1492,14.92,-15.390153963172754,-22.3049351943437,33.586022404358225,13.919924653027714,-5.671739784704394,-117.84710204860522,2200.0,20.0,20.0,100.92003351449966,-49.90117809967878
1493,14.93,-15.415017727087271,-22.381380330347334,33.631723340899434,12.592923971593976,-9.962782985280418,-104.57273418619597,2200.0,20.0,20.0,100.91106307506561,-49.92720976075555
1494,14.94,-15.440107615505985,-22.45753339619355,33.67871042901493,9.976425440484263,-13.879501005501263,-91.00486679672944,2200.0,20.0,20.0,100.90209263563156,-49.94721069555359
1495,14.950000000000001,-15.465424357585167,-22.533366317245484,33.72697681938455,6.131187940423528,-17.05189095194472,-77.0246596712921,2200.0,20.0,20.0,100.89312219619751,-49.96781788837343
1496,14.96,-15.490968577118561,-22.608851161884818,33.77651505756905,1.2483961796129173,-19.12666877679933,-62.63242142006631,2200.0,20.0,20.0,100.88415175676346,-49.99558982154997
1497,14.97,-15.516740794800347,-22.683960152824717,33.82731708740217,-4.320587401808446,-19.813315134126338,-47.98491684067846,2200.0,20.0,20.0,100.8751813173294,-50.03662246677068
1498,14.98,-15.542741430981936,-22.758665678841812,33.879374254859016,-10.088604201479312,-18.938721461519787,-33.37098612635423,2200.0,20.0,20.0,100.86621087789536,-50.09619463851789
1499,14.99,-15.568970808760199,-22.832940306989666,33.93267731242214,-15.524921357671781,-16.483903597650002,-19.11400239569635,2200.0,20.0,20.0,100.8572404384613,-50.178463514441006
1500,15.0,-15.595429157212388,-22.906756795327038,33.987216423952844,-20.168584261131162,-12.580090601251566,-5.449043021083752,2200.0,20.0,20.0,100.84826999902725,-50.286228019088384
1501,15.01,-15.622116614581351,-22.980088106161308,34.04298117005908,-23.692628287339247,-7.4687520664679425,7.554600502864711,2200.0,20.0,20.0,100.8392995595932,-50.42077361456438
1502,15.02,-15.649033231215155,-23.052907419773426,34.09996055393506,-25.89424908324441,-1.4528892591151903,20.000558764794768,2200.0,20.0,20.0,100.83032912015915,-50.58180709964639
1503,15.030000000000001,-15.676178972078885,-23.125188148557033,34.1581430076315,-26.64009540687915,5.135606417945642,32.13022356936802,2200.0,20.0,20.0,100.8213586807251,-50.767484591470094
1504,15.040000000000001,-15.70355371868288,-23.196903951474223,34.2175163987017,-25.807603720905767,11.944089659867368,44.281157867264334,2200.0,20.0,20.0,100.81238824129105,-50.97453028259522
1505,15.05,-15.731157270309645,-23.26802874870487,34.27806803715831,-23.249671854784292,18.586682302224926,56.85065471433925,2200.0,20.0,20.0,100.803417801857,-51.198438171066876
1506,15.06,-15.758989344468572,-23.338536736348757,34.33978468266993,-18.803967423824012,24.621160909105203,70.24729208218176,2200.0,20.0,20.0,100.79444736242294,-51.433744077413124
1507,15.07,-15.787049576559708,-23.408402401030248,34.40265255192525,-12.37671596565794,29.533419876369702,84.79125603757304,2200.0,20.0,20.0,100.78547692298889,-51.67435118444623
1508,15.08,-15.815337518780792,-23.477600534255828,34.46665732609643,-4.122587358339503,32.76356656704784,100.5319461443506,2200.0,20.0,20.0,100.77650648355484,-51.91388930386961
1509,15.09,-15.843852638719266,-23.54610624641649,34.53178415828699,5.354292357924587,33.81317552149401,117.05132518844259,2200.0,20.0,20.0,100.76753604412079,-52.14608693017192
1510,15.1,-15.872594315485625,-23.613894980129274,34.59801768129391,15.01778217552001,32.41632272489478,133.48927671106617,2200.0,20.0,20.0,100.75856560468674,-52.365129923913145
1511,15.11,-15.901561839937203,-23.680942523107383,34.665342014724175,23.778974049451858,28.648682692727345,148.93313819652167,2200.0,20.0,20.0,100.74959516525269,-52.56599570536972
1512,15.120000000000001,-15.930754410187065,-23.747225020436865,34.73374077285052,30.924310306629565,22.86515464183951,162.85888650304383,2200.0,20.0,20.0,100.74062472581863,-52.74473055281391
1513,15.13,-15.960171129200516,-23.812718986252094,34.80319707179018,36.20475642185571,15.533878849083376,175.23776503639857,2200.0,20.0,20.0,100.73165428638458,-52.89866373860685
1514,15.14,-15.989811001531358,-23.877401314677865,34.87369353649058,39.64688756369501,7.106784055929543,-173.62772433568762,2200.0,20.0,20.0,100.72268384695053,-53.026542772599505
1515,15.15,-16.019672930617435,-23.94124928999014,34.945212307653414,41.33758078387802,-2.025160777230033,-163.28161855565799,2200.0,20.0,20.0,100.71371340751648,-53.12858391076533
1516,15.16,-16.049755716676422,-24.00424059606454,35.017735048698434,41.28519146043419,-11.518365940055201,-153.19533975327911,2200.0,20.0,20.0,100.70474296808243,-53.20643587867588
1517,15.17,-16.080058055298434,-24.06635332525061,35.091242952783105,39.33678262141772,-21.033754576759243,-142.7629247433277,2200.0,20.0,20.0,100.69577252864838,-53.263060193038115
1518,15.18,-16.11057853678942,-24.127565986801883,35.165716749899154,35.116391299174786,-30.172696190186436,-131.24867345148047,2200.0,20.0,20.0,100.68680208921432,-53.30253640039902
1519,15.19,-16.141315646300768,-24.18785751497038,35.241136714096754,28.00025560240646,-38.386293185333685,-117.7479233858823,2200.0,20.0,20.0,100.67783164978027,-53.32980490877544
1520,15.200000000000001,-16.17226776476283,-24.247207276857086,35.31748267091545,17.28962462477806,-44.86936277750822,-101.34076060330321,2200.0,20.0,20.0,100.66886121034622,-53.35036360992485
1521,15.21,-16.203433170614176,-24.3055950801015,35.39473400511914,2.9592886086256707,-48.558183152712246,-81.82310029750498,2200.0,20.0,20.0,100.65989077091217,-53.36993698426177
1522,15.22,-16.23481004228453,-24.36300118048892,35.47286966883711,-13.171039646094654,-48.519238637136006,-60.86337552811025,2200.0,20.0,20.0,100.65092033147812,-53.39413771408338
1523,15.23,-16.266396461351068,-24.41940628954961,35.551868190208026,-27.934588021181085,-44.64245871558553,-41.49200613614141,2200.0,20.0,20.0,100.64194989204407,-53.428140942917764
1524,15.24,-16.29819041625014,-24.474791582216188,35.63170768261034,-39.33403737522617,-37.70289605287865,-25.57282367820228,2200.0,20.0,20.0,100.63297945261002,-53.47639022130903
1525,15.25,-16.33018980639272,-24.529138704593816,35.712365854543044,-47.28713453158288,-28.694906707765657,-13.044043111124461,2200.0,20.0,20.0,100.62400901317596,-53.5423519559793
1526,15.26,-16.3623924465058,-24.582429781882322,35.793820020194794,-52.492400590748524,-18.38460473041112,-3.0348405688249183,2200.0,20.0,20.0,100.61503857374191,-53.628331983698686
1527,15.27,-16.394796071005512,-24.634647426471254,35.87604711071052,-55.60983300735787,-7.271878598979124,5.342485353645177,2200.0,20.0,20.0,100.60606813430786,-53.73536393116746
1528,15.280000000000001,-16.427398338202934,-24.685774746214467,35.959023686141485,-57.040423642237,4.3179126979679365,12.818614855363291,2200.0,19.404537677764893,20.0,100.59709769487381,-53.86317453652439
1529,15.290000000000001,-16.46019683412236,-24.73579535288509,36.042725948167785,-56.906779436467446,16.147589074131506,20.035232248881222,2200.0,12.161076068878172,20.0,100.58812725543976,-54.01022616014387
1530,15.3,-16.493189075988788,-24.784693369843605,36.12712975334387,-55.02170511951543,27.998616336917326,27.69038745759727,2200.0,10.678558349609375,20.0,100.5791568160057,-54.173832877933854
1531,15.31,-16.526372515048102,-24.832453439761192,36.21221062773783,-50.74336519760262,39.59119667406245,36.77272455626092,2200.0,8.763394951820374,20.0,100.57018637657166,-54.350341895027405
1532,15.32,-16.559744538237037,-24.879060733763243,36.29794378180283,-42.599160342705225,50.433633031610235,48.99655475106917,2200.0,8.276169896125793,20.0,100.5612159371376,-54.53536806323577
1533,15.33,-16.593302467714466,-24.924500960920643,36.38430412501957,-27.68642185104556,59.464279019011336,67.43850975408274,2200.0,9.64856207370758,20.0,100.55224549770355,-54.72406479311407
1534,15.34,-16.627043559463438,-24.968760378293755,36.47126627895472,-3.02230350756399,64.44864907453476,95.21146798910121,2200.0,12.66855239868164,20.0,100.5432750582695,-54.911415721519575
1535,15.35,-16.66096500113762,-25.011825799845774,36.558804590124446,25.50415633594188,62.88666294605561,126.52819867390296,2200.0,16.99573278427124,20.0,100.53430461883545,-55.09252858717125
1536,15.36,-16.695063910812983,-25.053684603786284,36.64689314203269,46.14095273081646,55.56819231709584,149.72132005953586,2200.0,20.0,20.0,100.5253341794014,-55.26291542454206
1537,15.370000000000001,-16.729337336383793,-25.09432473851553,36.73550576771889,58.14418596416358,45.178760864584625,164.1230482137315,2200.0,20.0,20.0,100.51636373996735,-55.41874155719087
1538,15.38,-16.763782255689033,-25.13373472786862,36.82461606252149,65.06733836070809,33.352771421848615,173.362618128114,2200.0,20.0,20.0,100.5073933005333,-55.55703029501127
1539,15.39,-16.79839557639138,-25.17190367633993,36.91419739687447,69.1931468465353,20.805027114481593,179.80779078170048,2200.0,20.0,20.0,100.49842286109924,-55.675811559362366
1540,15.4,-16.833174135129212,-25.20882127439085,37.00422292873804,71.65147793957998,7.857184204084736,-175.30298971761678,2200.0,20.0,20.0,100.48945242166519,-55.774206457707
1541,15.41,-16.868114696382097,-25.2444778037426,37.09466561540762,72.97729537038146,-5.328107309612992,-171.2772972331495,2200.0,20.0,20.0,100.48048198223114,-55.85244554304271
1542,15.42,-16.903213951393063,-25.278864142306634,37.185498224806395,73.37976785020184,-18.65534821578498,-167.64775683968418,2200.0,20.0,20.0,100.47151154279709,-55.911821407277316
1543,15.43,-16.93846851746199,-25.311971768514184,37.276693346221904,72.81679823483897,-32.054420382146134,-163.97567787044588,2200.0,20.0,20.0,100.46254110336304,-55.95457994328892
1544,15.44,-16.973874937986093,-25.34379276466994,37.36822340197052,70.89069698358531,-45.44988340793413,-159.618468440127,2200.0,20.0,20.0,100.45357066392899,-55.98376005676862
1545,15.450000000000001,-17.00942968293242,-25.374319820600974,37.460060655903774,66.29744727396073,-58.702351432812094,-153.11463787755847,2200.0,20.0,20.0,100.44460022449493,-56.00298976194692
1546,15.46,-17.04512915017001,-25.40354623667278,37.55217722618122,54.02958108739925,-71.34399789855,-139.35264303979304,2200.0,20.0,20.0,100.43562978506088,-56.016255399771744
1547,15.47,-17.08096966766774,-25.431465926226934,37.644545094262426,8.599898781603487,-80.28439976134977,-92.77579269860334,2200.0,20.0,20.0,100.42665934562683,-56.02765658033583
1548,15.48,-17.11694749657995,-25.45807341758135,37.73713611580631,-55.43234915499944,-75.1153910527671,-27.897776735047774,2200.0,20.0,20.0,100.41768890619278,-56.041162831846336
1549,15.49,-17.153058835070258,-25.483363855553833,37.829922031724685,-74.10369766860302,-62.952064799026004,-8.654544711098357,2200.0,20.0,20.0,100.40871846675873,-56.06038601033861
1550,15.5,-17.18929982272087,-25.507333002722074,37.922874479743186,-80.8150510889357,-49.67809299678875,-1.6330043679339163,2200.0,20.0,20.0,100.39974802732468,-56.088381622477726
1551,15.51,-17.225666545371308,-25.529977240454386,38.01596500654878,-84.1775326822914,-36.101319971472385,1.774913073518274,2200.0,20.0,20.0,100.39077758789062,-56.1274899764784
1552,15.52,-17.262155040218577,-25.55129356971867,38.10916508058307,-86.24206044094683,-22.40303260735119,3.598911942673982,2200.0,20.0,20.0,100.38180714845657,-56.17922530256299
1553,15.530000000000001,-17.298761300996066,-25.571279611676093,38.20244610551273,-87.72849649490365,-8.647744398177677,4.51190125953335,2200.0,20.0,20.0,100.37283670902252,-56.24421780384611
1554,15.540000000000001,-17.335481283038984,-25.589933608073686,38.29577943437473,-88.9790773623383,5.132953682888799,4.76679847469359,2200.0,20.0,20.0,100.36386626958847,-56.322210219562415
1555,15.55,-17.372310908045222,-25.607254421456904,38.38913638435632,-90.22458835738905,18.918006901566304,4.425509440353829,2200.0,20.0,20.0,100.35489583015442,-56.41210712062719
1556,15.56,-17.409246068355746,-25.62324153522509,38.482488252132384,-91.7134807425826,32.687083982379484,3.396591597082279,2200.0,20.0,20.0,100.34592539072037,-56.51207201768649
1557,15.57,-17.446282630607435,-25.637895053549922,38.5758063296484,-93.87662297202374,46.41003300660722,1.3369713818367863,2200.0,20.0,20.0,100.33695495128632,-56.619664632164515
1558,15.58,-17.483416438651705,-25.651215701170432,38.669061920209586,-97.8255902106941,60.01718506327437,-2.816679262152465,2200.0,20.0,20.0,100.32798451185226,-56.73200851748206
1559,15.59,-17.52064331568071,-25.66320482307017,38.76222635471763,-108.06341196235934,73.23503124829968,-13.544582578501373,2200.0,20.0,20.0,100.31901407241821,-56.845977736826114
1560,15.6,-17.557959065555323,-25.673864384033504,38.855271007887524,-160.8685691197308,83.26577592853586,-67.12123956743008,2200.0,20.0,20.0,100.31004363298416,-56.958390575149444
1561,15.610000000000001,-17.595359473727914,-25.683196968100624,38.94816731421243,123.65264209128416,76.21130285498532,-143.6654168604885,2200.0,20.0,20.0,100.30107319355011,-57.066198947030244
1562,15.620000000000001,-17.632840305530433,-25.69120577771033,39.04088678400329,109.94853631997877,63.29921227742978,-158.75836825937898,2200.0,20.0,20.0,100.29210275411606,-57.1666581270791
1563,15.63,-17.670397308761586,-25.697894632991616,39.133401017863505,105.70354968870289,49.870973621950974,-164.7659786865706,2200.0,20.0,20.0,100.283132314682,-57.25747860284525
1564,15.64,-17.70802621008924,-25.703267970375137,39.225681722062134,104.0487464469652,36.356320700657754,-168.6358263262107,2200.0,20.0,20.0,100.27416187524796,-57.33693467764568
1565,15.65,-17.745722715089034,-25.707330841429883,39.31770072232293,103.58518108355365,22.856122955521393,-171.88772465885026,2200.0,20.0,20.0,100.2651914358139,-57.403940616974765
1566,15.66,-17.783482506659748,-25.710088911462435,39.40942997726635,103.9181624931128,9.421411280410487,-175.1048138047695,2200.0,20.0,20.0,100.25622099637985,-57.45808254975558
1567,15.67,-17.821301243876352,-25.711548457874482,39.50084159106462,104.98796847214211,-3.9006696617298386,-178.65074211862856,2200.0,20.0,20.0,100.2472505569458,-57.49960910002601
1568,15.68,-17.859174561212054,-25.71171636820449,39.591907825414566,106.94299974556137,-17.046233528979084,177.1078013493149,2200.0,20.0,20.0,100.23828011751175,-57.529382808328165
1569,15.69,-17.897098068268186,-25.71060013785546,39.68260111090919,110.18391278939983,-29.90808046350201,171.64040182816072,2200.0,20.0,20.0,100.2293096780777,-57.54879718499969
1570,15.700000000000001,-17.935067350115432,-25.708207867510428,39.77289405790412,115.57537693004956,-42.27733805860591,163.99417332556476,2200.0,20.0,20.0,100.22033923864365,-57.55966614390331
1571,15.71,-17.973077968323047,-25.7045482602191,39.8627594669845,124.99038928322419,-53.686588747899314,152.22740582383003,2200.0,20.0,20.0,100.2113687992096,-57.56409396050292
1572,15.72,-18.01112546272526,-25.699630618120633,39.95217033914539,142.2903009973198,-62.963006746976056,132.4175201583254,2200.0,20.0,20.0,100.20239835977554,-57.56433471432846
1573,15.73,-18.049205353942604,-25.69346483875584,40.04109988580564,171.23643266763602,-67.4207733396115,100.74157174212452,2200.0,20.0,20.0,100.19342792034149,-57.56265038863714
1574,15.74,-18.08731314663948,-25.6860614109184,40.12952153877902,-158.09793493349196,-64.51833415423805,67.05776142173258,2200.0,20.0,20.0,100.18445748090744,-57.56117642383768
1575,15.75,-18.125444333460656,-25.677431409998224,40.21740896032564,-138.82614571249547,-56.204414062187546,44.39724089129374,2200.0,20.0,20.0,100.17548704147339,-57.561802606569834
1576,15.76,-18.1635943995502,-25.667586492779158,40.304736053399985,-128.6885583122853,-45.51506430514927,30.396002262350606,2200.0,20.0,20.0,100.16651660203934,-57.56607580700911
1577,15.77,-18.20175882752079,-25.656538891666493,40.39147697219841,-123.41919238815619,-33.89873628372218,20.649542984380172,2200.0,20.0,20.0,100.15754616260529,-57.575129360896696
1578,15.780000000000001,-18.23993310271109,-25.64430140833721,40.47760613308965,-120.88223172506277,-21.94847656755748,12.831266540348475,2200.0,20.0,20.0,100.14857572317123,-57.58964195732304
1579,15.790000000000001,-18.27811271856184,-25.63088740680515,40.563098226019434,-120.15576286168697,-9.955856864511196,5.747687937347104,2200.0,17.723333835601807,20.0,100.13960528373718,-57.609826841006225
1580,15.8,-18.316293181928184,-25.616310805641852,40.64792822654999,-120.9009695277255,1.88380635268409,-1.3384288500903418,2200.0,6.33687436580658,20.0,100.13063484430313,-57.63544977862481
1581,15.81,-18.354470017823004,-25.600586068485338,40.73207140679244,-123.11849616783395,13.383876316942647,-9.026077280177864,2200.0,0.46874701976776123,20.0,100.12166440486908,-57.66587270954689
1582,15.82,-18.392638774004112,-25.583728191158276,40.81550334642669,-127.08436761668052,24.306182840006574,-17.954173974951413,2200.0,-3.9309030771255493,20.0,100.11269396543503,-57.70011923904819
1583,15.83,-18.43079502762176,-25.56575268840559,40.89819994441813,-133.36363718221213,34.29033999459692,-28.92753589132431,2200.0,-7.17318594455719,20.0,100.10372352600098,-57.736967176879354
1584,15.84,-18.46893438090247,-25.54667558306063,40.98013744279693,-142.78564709276674,42.754267348624104,-42.94856892043461,2200.0,-8.925017714500427,20.0,100.09475308656693,-57.77503588812879
1585,15.85,-18.507052460276956,-25.526513402889606,41.0612924455779,-156.05476333628468,48.804122950735184,-60.85902818893432,2200.0,-8.546107411384583,20.0,100.08578264713287,-57.8128809186695
1586,15.860000000000001,-18.545144913099406,-25.505283177990407,41.14164193208823,-172.52511314414036,51.379809009042475,-82.13370905934084,2200.0,-5.883262753486632,20.0,100.07681220769882,-57.849087000163486
1587,15.870000000000001,-18.583207406704144,-25.48300243556183,41.22116326950142,170.77454414767104,49.92541946092747,-103.91836562791086,2200.0,-1.9567924737930298,20.0,100.06784176826477,-57.8823534647722
1588,15.88,-18.621235628056276,-25.45968919127236,41.299834221730706,157.09885268570522,44.96573906732166,-123.08221575917152,2200.0,1.6178756952285767,20.0,100.05887132883072,-57.91156408445919
1589,15.89,-18.65922528512293,-25.435361939241833,41.37763295666844,147.48326040316195,37.63697708691957,-138.7306837300678,2200.0,4.407755732536316,20.0,100.04990088939667,-57.93584205295013
1590,15.9,-18.697172111032316,-25.410039641962186,41.45453805687668,141.35651351072113,28.9528840496185,-151.60413165872208,2200.0,5.622875094413757,20.0,100.04093044996262,-57.95458428239026
1591,15.91,-18.735071866501126,-25.38374172206964,41.53052852977404,137.88276397013192,19.602552622623588,-162.7490407921445,2200.0,6.582570672035217,20.0,100.03196001052856,-57.967481352863864
1592,15.92,-18.772920338243715,-25.35648805489053,41.60558381789614,136.4611721263869,10.040294192552516,-173.03425162412864,2200.0,9.913007616996765,20.0,100.02298957109451,-57.97450537012021
1593,15.93,-18.81071333954362,-25.328298961514697,41.6796838082421,136.76363508286283,0.5991235769793792,176.86944532369748,2200.0,15.77730655670166,20.0,100.01401913259178,-57.975889006029405
1594,15.94,-18.84844671080614,-25.299195200267196,41.752808839650115,138.67314437609724,-8.429903269931684,166.41471233895484,2200.0,20.0,20.0,100.00504869408906,-57.97208806802961
1595,15.950000000000001,-18.8861163208343,-25.269197957177575,41.82493970982891,142.21859829838598,-16.744637961613687,155.12114597081188,2200.0,20.0,20.0,100.0,-57.963733579131194
1596,15.96,-18.923753851643273,-25.23877112980867,41.896582803149826,147.49933295526876,-23.996841680690583,142.56977199732793,0.0,20.0,20.0,100.0,-57.5796571519296
1597,15.97,-18.961394083672538,-25.208369563147187,41.968252475803354,154.56143698213364,-29.78120754734469,128.47557074023763,0.0,20.0,20.0,100.0,-57.63412128757661
1598,15.98,-18.999037035039365,-25.17799077543431,42.039950881142666,163.20361440449375,-33.67363560872899,112.84938026041543,0.0,20.0,20.0,100.0,-57.68792109510362
1599,15.99,-19.036682814922123,-25.14763414014521,42.11167849444944,172.79580704504465,-35.34331844753392,96.15880639631897,0.0,20.0,20.0,100.0,-57.74180340760119
1600,16.0,-19.074331531145916,-25.117299020450805,42.18343577736696,-177.66686906611437,-34.7022275916159,79.26025598017459,0.0,20.0,20.0,100.0,-57.79642413198854
1601,16.01,-19.111983290149354,-25.086984769513624,42.255223177688585,-169.18755444129656,-31.97293718248201,63.01238436806035,0.0,20.0,20.0,100.0,-57.85231552037589
1602,16.02,-19.14963819694237,-25.05669073078195,42.327041129156584,-162.38879655272157,-27.602609043273233,47.88994728234674,0.0,20.0,20.0,100.0,-57.90986523251775
1603,16.03,-19.18729635505774,-25.026416238289375,42.39889005126584,-157.45266029900196,-22.106812190765663,33.91886296323193,0.0,20.0,20.0,100.0,-57.969307538303255
1604,16.04,-19.224957866500475,-24.996160616961888,42.470770349071245,-154.29252695517033,-15.96075369368151,20.845661054172798,0.0,20.0,20.0,100.0,-58.030726102360354
1605,16.05,-19.262622831698135,-24.96592318293189,42.54268241299981,-152.73041296268192,-9.56484508816015,8.316640502169959,0.0,20.0,20.0,100.0,-58.094066994828644
1606,16.06,-19.300291349453214,-24.935703243857507,42.6146266186686,-152.59110690518014,-3.252731739149159,-4.01920812028235,0.0,20.0,20.0,100.0,-58.15915993732444
1607,16.07,-19.337963516897478,-24.905500099246012,42.686603326709594,-153.72756123913766,2.6895016285556315,-16.465163567801817,0.0,20.0,20.0,100.0,-58.22574536007104
1608,16.080000000000002,-19.375639429447556,-24.8753130407805,42.75861288260175,-156.00825104837074,8.008811468154683,-29.255167729240732,0.0,20.0,20.0,100.0,-58.293504633850326
1609,16.09,-19.41331918076127,-24.845141352649698,42.8306556165104,-159.28665003015402,12.48173137134143,-42.535834397611154,0.0,20.0,20.0,100.0,-58.36209084867979
1610,16.1,-19.45100286269436,-24.814984311880902,42.90273184313383,-163.36708936159695,15.923912331660405,-56.34884030815194,0.0,20.0,20.0,100.0,-58.431157723769935
1611,16.11,-19.488690565257492,-24.78484118867615,42.974841861557096,-167.98314843756341,18.21047073234503,-70.6237469251468,0.0,20.0,20.0,100.0,-58.50038461848197
1612,16.12,-19.52638237657367,-24.75471124675177,43.04698595511295,-172.80541435153722,19.299109162243884,-85.19656320466282,0.0,20.0,20.0,100.0,-58.56949612904591
1613,16.13,-19.56407838283621,-24.724593743681314,43.119164391249896,-177.4838111941233,19.243542299789016,-99.85922409273793,0.0,20.0,20.0,100.0,-58.63827535187175
1614,16.14,-19.601778668152008,-24.69448793120798,43.19137742142955,178.29250146552462,18.1875208432215,-114.42328524669077,0.0,20.0,20.0,100.0,-58.70657029289972
1615,16.15,-19.63948331524881,-24.66439305576131,43.26362528088062,174.74740392170776,16.3401008793394,-128.7683635161076,0.0,20.0,20.0,100.0,-58.77429549346475
1616,16.16,-19.677192403561904,-24.634308358486567,43.33590818878507,172.00097822112716,13.94239960931526,-142.85685786489793,0.0,20.0,20.0,100.0,-58.84142339727914
1617,16.17,-19.71490601149289,-24.604233075919005,43.4082263478358,170.0801750560847,11.237206444585595,-156.71873612730474,0.0,20.0,20.0,100.0,-58.90797886037609
1618,16.18,-19.752624215010023,-24.574166440158148,43.480579944340846,168.94166334826193,8.447125656500235,-170.4225412599561,0.0,20.0,20.0,100.0,-58.97402422640517
1619,16.19,-19.790347087907815,-24.544107679282078,43.55296914808857,168.49405601836145,5.761009872600381,175.95302342166252,0.0,20.0,20.0,100.0,-59.03964608832561
1620,16.2,-19.82807470178473,-24.514056017710008,43.625394112267536,168.6146711142473,3.3259390832716385,162.33975854042527,0.0,20.0,20.0,100.0,-59.10494176280779
1621,16.21,-19.865807126016758,-24.484010676561468,43.697854973395806,169.16183143987007,1.2424144400816204,148.69118802346384,0.0,20.0,20.0,100.0,-59.170007319731056
1622,16.22,-19.90354442772744,-24.4539708740159,43.770351851258205,169.98566771907664,-0.4380595420692881,134.985247873362,0.0,20.0,20.0,100.0,-59.23492820534485
1623,16.23,-19.941286671756217,-24.423935825674473,43.84288484885121,170.93962361680676,-1.7125850375156924,121.22051435194001,0.0,20.0,20.0,100.0,-59.29977311828051
1624,16.240000000000002,-19.979033920626872,-24.393904744924395,43.91545405233527,171.89296733810917,-2.6228495034966786,107.40876840533537,0.0,20.0,20.0,100.0,-59.364591376991605
1625,16.25,-20.01678623451693,-24.363876843305203,43.988059530994725,172.74292232876618,-3.247072958851162,93.56697191429772,0.0,20.0,20.0,100.0,-59.42941359926335
1626,16.26,-20.054543671228423,-24.33385133087653,44.06070133720554,173.4243460600466,-3.6883682980974166,79.71116046317975,0.0,20.0,20.0,100.0,-59.49425514156895
1627,16.27,-20.092306286160092,-24.303827416586852,44.133379506410925,173.9152764120119,-4.060713704479414,65.85335420219384,0.0,20.0,20.0,100.0,-59.55912145283445
1628,16.28,-20.13007413228099,-24.27380430864295,44.20609405710484,174.23759513118574,-4.474102505256459,52.00098216789867,0.0,20.0,20.0,100.0,-59.624014311187
1629,16.29,-20.16784726010558,-24.243781214879878,44.27884499082348,174.45292658221422,-5.02042891536982,38.1573040688273,0.0,20.0,20.0,100.0,-59.688937848480215
1630,16.3,-20.20562571767033,-24.21375734313103,44.35163229214472,174.65445329304814,-5.761458500715943,24.321328277691226,0.0,20.0,20.0,100.0,-59.7539033306913
1631,16.31,-20.243409550513256,-24.18373190159372,44.42445592869494,174.95565277225631,-6.719937136435273,10.48663912156053,0.0,19.74193572998047,20.0,100.0,-59.81893184733057
1632,16.32,-20.28119880169491,-24.1537040987969,44.49731585111063,175.4771087331316,-7.87453191218106,-3.3601746800531616,0.0,6.757382750511169,20.0,100.0,-59.88405449628838
1633,16.330000000000002,-20.318993511521377,-24.123673143356307,44.57021199301052,176.33245067389242,-9.158905194341628,-17.23980117263172,0.0,-7.548708319664001,20.0,100.0,-59.949308664077655
1634,16.34,-20.356793718328685,-24.09363825195392,44.64314427164962,177.61410289190243,-10.464926831344798,-31.177277962396488,0.0,-19.98789072036743,20.0,100.0,-60.01473558656128
1635,16.35,-20.39459945300843,-24.063598623464486,44.71611258630635,179.37917450177954,-11.64997400083174,-45.19473797265336,0.0,-20.0,20.0,100.0,-60.08035481955146
1636,16.36,-20.43241075560886,-24.03355349469186,44.789116821454165,-178.36394434131998,-12.5484088062657,-59.30038772298012,0.0,-20.0,20.0,100.0,-60.14620507130064
1637,16.37,-20.470227654252888,-24.003502074210065,44.862156842989336,-175.66650616859087,-12.987312006542576,-73.47660657070607,0.0,-20.0,20.0,100.0,-60.21227153925108
1638,16.38,-20.508050175763813,-23.9734435824932,44.935232500737655,-172.6442014698912,-12.805855569931488,-87.67255780442628,0.0,-20.0,20.0,100.0,-60.27851308692886
1639,16.39,-20.54587834463512,-23.943377243832355,45.008343627950836,-169.47151646434742,-11.876081066897768,-101.80721070474551,0.0,-20.0,20.0,100.0,-60.34485047654881
1640,16.4,-20.583712182960767,-23.913302286324452,45.081490041349156,-166.36396839577216,-10.121077596126637,-115.78565935960782,0.0,-20.0,20.0,100.0,-60.41116394880735
1641,16.41,-20.62155171030659,-23.88321794209703,45.154671541199285,-163.5522776799776,-7.526223632499582,-129.52541567060598,0.0,-20.0,20.0,100.0,-60.47729508506213
1642,16.42,-20.659396943611,-23.853123447630598,45.22788791140901,-161.2575529695065,-4.141344932265581,-142.98389112020408,0.0,-20.0,20.0,100.0,-60.543053602328655
1643,16.43,-20.697247897142933,-23.823018044123366,45.301138919632116,-159.67632174662876,-0.07539140437914141,-156.17801170824305,0.0,-20.0,20.0,100.0,-60.60822914679202
1644,16.44,-20.73510458248868,-23.79290097785113,45.37442431737793,-158.9785588637435,4.511889631647611,-169.19170717669832,0.0,-20.0,20.0,100.0,-60.672607567724555
1645,16.45,-20.772967008543734,-23.76277150052487,45.44774384012871,-159.31491240214743,9.416461786060802,177.8278777940083,0.0,-20.0,20.0,100.0,-60.73599065485613
1646,16.46,-20.81083518114634,-23.732628869271007,45.52109720734718,-160.82456971052213,14.391809711129886,164.6836027302432,0.0,-4.606805443763733,20.0,100.0,-60.79821739036073
1647,16.47,-20.848709101651213,-23.70247234479837,45.594484121815015,-163.63249852932074,19.146425630056093,151.15296978801783,0.0,13.646900653839111,20.0,100.0,-60.85918334477952
1648,16.48,-20.886588773241083,-23.672301199140314,45.667904272268984,-167.8229665538555,23.341734890187936,137.03206000368547,0.0,20.0,20.0,100.0,-60.91886921691734
1649,16.490000000000002,-20.924474196165537,-23.642114715132276,45.74135733346016,-173.37896965336628,26.60092085306272,122.20760076993867,0.0,20.0,20.0,100.0,-60.97735802497358
1650,16.5,-20.962365364999787,-23.611912173154327,45.81484296147756,179.9035210989605,28.543383034532397,106.74876145825385,0.0,20.0,20.0,100.0,-61.03482735147332
1651,16.51,-21.00026227174279,-23.581692863931764,45.8883607982092,172.47330171169597,28.852683530766026,90.96646477039204,0.0,20.0,20.0,100.0,-61.091566278982924
1652,16.52,-21.038164906078606,-23.551456086690898,45.96191047077209,164.971636582787,27.35796313537361,75.3591367485654,0.0,20.0,20.0,100.0,-61.14796745094268
1653,16.53,-21.076073255173156,-23.52120114898331,46.03549159151482,158.0564634017847,24.07964833193937,60.43187625664918,0.0,20.0,20.0,100.0,-61.204511161937006
1654,16.54,-21.11398730363855,-23.490927366887274,46.109103758151356,152.22020164206688,19.205832391320506,46.50596840356021,0.0,20.0,20.0,100.0,-61.26174059321191
1655,16.55,-21.151907033486708,-23.460634065263154,46.18274655392287,147.72803625280974,13.021348214925634,33.644724315406506,0.0,20.0,20.0,100.0,-61.320228747958915
1656,16.56,-21.189832424097762,-23.430320578047713,46.256419547783445,144.67760639017482,5.839755749399617,21.69482393211561,0.0,20.0,20.0,100.0,-61.38053886179858
1657,16.57,-21.22776345220232,-23.399986248565188,46.33012229460226,143.10138518617154,-2.03251130253626,10.36169111305552,0.0,20.0,20.0,100.0,-61.4431807179399
1658,16.580000000000002,-21.265700091879033,-23.369630429842445,46.403854335376465,143.05577017615727,-10.299235644317774,-0.7405300514930803,0.0,20.0,20.0,100.0,-61.50856586478688
1659,16.59,-21.303642314564073,-23.339252484919832,46.477615197450596,144.6853940136733,-18.653713280979094,-12.077539996736977,0.0,20.0,20.0,100.0,-61.576965100565744
1660,16.6,-21.34159008906751,-23.308851787153962,46.55140439474045,148.26611997443422,-26.739591912854873,-24.207892048371168,0.0,20.0,20.0,100.0,-61.64847172551251
1661,16.61,-21.379543381592228,-23.278427720512184,46.62522142796104,154.20890376624337,-34.09499145512552,-37.78122905128884,0.0,20.0,20.0,100.0,-61.722973939474365
1662,16.62,-21.41750215575316,-23.247979679859693,46.69906578485924,162.94101262161962,-40.093043515277174,-53.42439723657623,0.0,20.0,20.0,100.0,-61.80013936855578
1663,16.63,-21.455466372596113,-23.21750707124061,46.77293694045191,174.50375654943554,-43.942504145554366,-71.34764803083021,0.0,20.0,20.0,100.0,-61.87941404807777
1664,16.64,-21.49343599061638,-23.187009312153787,46.84683435726985,-172.0817682721951,-44.88434367189236,-90.71959484505415,0.0,20.0,20.0,100.0,-61.96003730221777
1665,16.65,-21.531410965777667,-23.15648583182363,46.92075748560792,-158.83620783057466,-42.595127338034224,-109.65491401661038,0.0,20.0,20.0,100.0,-62.041072895801236
1666,16.66,-21.569391251531936,-23.12593607146602,46.994705763781376,-147.61614883024345,-37.39522946621597,-126.42974835848327,0.0,20.0,20.0,100.0,-62.12145565935145
1667,16.67,-21.60737679884051,-23.095359484548954,47.0686786183881,-139.12639419869427,-29.976553994419252,-140.48050087742416,0.0,20.0,20.0,100.0,-62.200051586260294
1668,16.68,-21.645367556196728,-23.064755537047777,47.14267546457659,-133.18454466593545,-21.02362177670385,-152.15375248053797,0.0,20.0,20.0,100.0,-62.27572825867605
1669,16.69,-21.683363469650264,-23.034123707694494,47.21669570631936,-129.3503821479793,-11.057726514127546,-162.0982802304398,0.0,20.0,20.0,100.0,-62.347431464865934
1670,16.7,-21.72136448283293,-23.00346348822101,47.29073873669142,-127.26579566002536,-0.4476034311932412,-170.95991905854027,0.0,20.0,20.0,100.0,-62.4142631083381
1671,16.71,-21.759370536985916,-22.972774383596015,47.3648039381535,-126.76292907513735,10.533513595205518,-179.33437583604208,0.0,20.0,20.0,100.0,-62.47555504857197
1672,16.72,-21.797381570988176,-22.942055912255384,47.43889068283998,-127.90909007013555,21.648933363337783,172.16435853861825,0.0,20.0,20.0,100.0,-62.53093340653236
1673,16.73,-21.835397521385694,-22.911307606326076,47.51299833285118,-131.08754070023335,32.63425899588167,162.7658770281374,0.0,20.0,20.0,100.0,-62.580368145903414
1674,16.740000000000002,-21.87341832242148,-22.88052901184353,47.58712624055011,-137.18053479061913,43.098405862143295,151.31072703557155,0.0,20.0,20.0,100.0,-62.62420340550569
1675,16.75,-21.911443906066236,-22.849719688962526,47.661273748863685,-147.85722339171602,52.32792747595094,135.926744818742,0.0,20.0,20.0,100.0,-62.6631650862688
1676,16.76,-21.949474202049636,-22.818879212161686,47.735440191588346,-165.3437668959472,58.94259879067483,114.23438577977116,0.0,20.0,20.0,100.0,-62.6983435350403
1677,16.77,-21.98750913789237,-22.788007170441407,47.809624893700196,170.9420196309278,60.88344027052677,86.69514751986385,0.0,20.0,20.0,100.0,-62.73115074129676
1678,16.78,-22.025548638939064,-22.75710316751532,47.883827171669566,148.37839172023394,57.16583409986682,60.58711912081311,0.0,20.0,20.0,100.0,-62.7632531738433
1679,16.79,-22.063592628392264,-22.726166821995083,47.9580463337798,132.67206693038648,49.22333263833707,41.52780960116454,0.0,20.0,20.0,100.0,-62.79648312077489
1680,16.8,-22.10164102734764,-22.695197767568338,48.032281680450254,122.98355521298004,38.93782572426694,28.590767422133712,0.0,20.0,20.0,100.0,-62.83273303766252
1681,16.81,-22.139693754830475,-22.664195653169752,48.10653250456312,117.07531135865273,27.421533790231074,19.44402666953008,0.0,20.0,20.0,100.0,-62.87383883769276
1682,16.82,-22.17775072783352,-22.633160143144856,48.1807980917938,113.477207678723,15.223049344204817,12.502226825712428,0.0,20.0,20.0,100.0,-62.92145916137172
1683,16.830000000000002,-22.215811861358663,-22.602090917403356,48.25507772093489,111.4072346972681,2.6219896434117533,6.825407874371254,0.0,19.418058395385742,20.0,100.0,-62.976958361265275
1684,16.84,-22.25387706846667,-22.570987671303023,48.32937066343637,110.5001558395482,-10.222727332546075,1.8064521679748993,0.0,-2.760658860206604,20.0,100.0,-63.04130149356787
1685,16.85,-22.291946257889872,-22.53985011464505,48.40367618075366,110.67643531863091,-23.20340850055084,-3.04737659621751,0.0,-20.0,20.0,100.0,-63.11496504384287
1686,16.86,-22.33001934281285,-22.50867797799465,48.47799354153634,112.15707610714047,-36.22175918468573,-8.31000934681515,0.0,-20.0,20.0,100.0,-63.197882714666726
1687,16.87,-22.36809622891799,-22.477471004940405,48.55232200009588,115.71282787047225,-49.13844855734051,-14.979336924615083,0.0,-20.0,20.0,100.0,-63.28941500259509
1688,16.88,-22.406176823235807,-22.44622895454055,48.6266608041509,123.65573497276282,-61.63388073328232,-25.51894061753524,0.0,-20.0,20.0,100.0,-63.38835175158172
1689,16.89,-22.44426102900223,-22.414951602663926,48.701009197633844,144.014101163451,-72.55052994079074,-48.061109284176794,0.0,-20.0,20.0,100.0,-63.49295610750317
1690,16.9,-22.482348748031384,-22.383638741887214,48.77536642066063,-165.90103867934243,-76.77630367545996,-99.98958362121998,0.0,-20.0,20.0,100.0,-63.60104451197432
1691,16.91,-22.520439880719223,-22.35229018140723,48.849731709414144,-125.0273095519442,-69.50247833156851,-142.41785237832778,0.0,-20.0,20.0,100.0,-63.71009788122951
1692,16.92,-22.55853432601049,-22.32090574707196,48.92410429634523,-109.68308998850415,-57.69314178236293,-159.06283432962618,0.0,-20.0,20.0,100.0,-63.81739984247603
1693,16.93,-22.596631981321952,-22.289485281443138,48.99848341049166,-102.93220648683595,-44.74215698299469,-166.8834127502447,0.0,-20.0,20.0,100.0,-63.92019452492206
1694,16.94,-22.63473274257297,-22.25802864387085,49.072868277838786,-99.29136044563738,-31.38425379904439,-171.37428085573697,0.0,-20.0,20.0,100.0,-64.01585506209679
1695,16.95,-22.672836504219738,-22.22653571056075,49.147258121686704,-97.03825436805708,-17.83460001659711,-174.25710309696487,0.0,-20.0,20.0,100.0,-64.10205241333155
1696,16.96,-22.710943159300882,-22.19500637463339,49.221652163019115,-95.4890348564764,-4.177997891263987,-176.19953174782708,0.0,-20.0,20.0,100.0,-64.17691380750297
1697,16.97,-22.749052599315196,-22.16344054615612,49.29604962060862,-94.31015690002327,9.5442313625682,-177.49444741614485,0.0,-9.297860264778137,20.0,100.0,-64.2391601176313
1698,16.98,-22.787164712486568,-22.13183815203145,49.37044970812957,-93.29561250982249,23.308085656181326,-178.26139504523852,0.0,18.029372692108154,20.0,100.0,-64.28821141747162
1699,16.990000000000002,-22.825279393113238,-22.10019913711821,49.44485165155503,-92.26000400710126,37.096654374251244,-178.49757145348858,0.0,20.0,20.0,100.0,-64.32426277036473
1700,17.0,-22.863396520781098,-22.06852346126408,49.519254649315144,-90.91726253987107,50.89381668118401,-178.0237904788045,0.0,20.0,20.0,100.0,-64.34828567858278
1701,17.01,-22.901515992332058,-22.036811104471912,49.59365793765287,-88.49145279595066,64.67282717315219,-176.12679755017334,0.0,20.0,20.0,100.0,-64.36204917495927
1702,17.02,-22.939637689780884,-22.005062061254993,49.668060721556415,-80.7297660122178,78.3189802219906,-168.58788758955433,0.0,20.0,20.0,100.0,-64.36799160683093
1703,17.03,-22.977761496952823,-21.973276344076808,49.74246221534342,36.10235263075471,86.17124872522342,-51.68573085147052,0.0,20.0,20.0,100.0,-64.3691329191178
1704,17.04,-23.015887296971325,-21.941453982521782,49.81686163455716,74.73329251714938,73.39171528862646,-12.68740629258224,0.0,20.0,20.0,100.0,-64.3689090430667
1705,17.05,-23.05401497231239,-21.909595023250052,49.891258195919505,78.97391800676232,59.68546135832489,-7.7595905577752085,0.0,20.0,20.0,100.0,-64.37098024589743
1706,17.06,-23.0921444046966,-21.877699529968375,49.96565111750824,80.25219157530215,45.92958067779861,-5.43053576001652,0.0,20.0,20.0,100.0,-64.37901774710839
1707,17.07,-23.13027547512331,-21.84576758340485,50.04003961905748,80.55144829359386,32.18533540700072,-3.6441009117063268,0.0,20.0,20.0,100.0,-64.39648160195941
1708,17.080000000000002,-23.168408063806226,-21.81379928127417,50.11442292230806,80.28542034840879,18.478171721741543,-1.8699643656753377,0.0,20.0,20.0,100.0,-64.42640293576007
1709,17.09,-23.206542050226933,-21.781794738234833,50.188800251393,79.53025221976988,4.831926342013602,0.15643020155418733,0.0,20.0,20.0,100.0,-64.47118457194632
1710,17.1,-23.244677313182343,-21.749754085836035,50.26317083321712,78.20693006000151,-8.720939518014243,2.671814490578899,0.0,20.0,20.0,100.0,-64.53243284011614
1711,17.11,-23.2828137308428,-21.717677472455687,50.33753389783094,76.079054760592,-22.12741702429887,6.0007089917799465,0.0,20.0,20.0,100.0,-64.6108320904854
1712,17.12,-23.32095118081467,-21.68556506323028,50.41188867879695,72.63574166416132,-35.28844290996783,10.712460350826193,0.0,20.0,20.0,100.0,-64.70607112035887
1713,17.13,-23.35908954020328,-21.65341703997721,50.48623441354914,66.74520489510819,-47.990294084094316,17.9847359998578,0.0,20.0,20.0,100.0,-64.81682778882586
1714,17.14,-23.397228685674314,-21.62123360110973,50.56057034374788,55.65942324234046,-59.68453883536366,30.60763391474573,0.0,20.0,20.0,100.0,-64.9408146802144
1715,17.150000000000002,-23.435368493513412,-21.58901496154445,50.63489571563185,32.826914430550794,-68.70971143699688,55.1765227292583,0.0,20.0,20.0,100.0,-65.07488497405348
1716,17.16,-23.473508839684364,-21.556761352601313,50.70920978036792,-5.560372887449234,-70.92066662691039,95.54982764160117,0.0,20.0,20.0,100.0,-65.21519391638984
1717,17.17,-23.51164959988658,-21.524473021895865,50.783511794399274,-36.446242953513156,-64.57068662941641,128.73323957770296,0.0,20.0,20.0,100.0,-65.35740769978352
1718,17.18,-23.549790649612373,-21.49215023322382,50.857801019791815,-51.558739902544644,-54.012243522679235,146.53468925200883,0.0,20.0,20.0,100.0,-65.49694838062999
1719,17.19,-23.587931864204414,-21.45979326643791,50.93207672457844,-58.77634163855968,-42.027269785671095,156.93990041009923,0.0,20.0,20.0,100.0,-65.6292609028955
1720,17.2,-23.62607311891365,-21.427402417317026,51.00633818310084,-62.28224112983659,-29.547564538033047,164.2811206064946,0.0,20.0,20.0,100.0,-65.75008653613585
1721,17.21,-23.664214288957666,-21.394977997427876,51.08058467634835,-63.69135663092593,-16.930730756362667,170.38752231847695,0.0,20.0,20.0,100.0,-65.85572620376733
1722,17.22,-23.702355249579472,-21.36252033397921,51.15481549229356,-63.61127514757942,-4.367532155969304,176.18548327410468,0.0,20.0,20.0,100.0,-65.94327735194382
1723,17.23,-23.740495876106532,-21.330029769668847,51.2290299262242,-62.18220770173439,7.989284509695384,-177.69325586209922,0.0,20.0,20.0,100.0,-66.0108292034729
1724,17.240000000000002,-23.778636044009797,-21.297506662523677,51.30322728107128,-59.22855608467221,19.961165275201814,-170.64004940188835,0.0,20.0,20.0,100.0,-66.05760340763617
1725,17.25,-23.816775628962517,-21.264951385732687,51.37740686773323,-54.24379578299706,31.279523398562958,-161.8802248729381,0.0,20.0,20.0,100.0,-66.084030121227
1726,17.26,-23.854914506898602,-21.232364327473167,51.45156800539618,-46.28908331287475,41.48183156152952,-150.29185627833525,0.0,20.0,20.0,100.0,-66.09175327273402
1727,17.27,-23.893052554070476,-21.199745890730103,51.525710021850294,-34.00797749126738,49.73883657307965,-134.37986648862048,0.0,20.0,20.0,100.0,-66.08356295215387
1728,17.28,-23.931189647106347,-21.1670964931087,51.59983225380219,-16.582882855769007,54.72159418697464,-113.20939550379221,0.0,20.0,20.0,100.0,-66.06325728468774
1729,17.29,-23.96932566306702,-21.134416566640095,51.67393404718366,3.6230233660102886,55.09570587737629,-89.03269062891745,0.0,20.0,20.0,100.0,-66.03544051658069
1730,17.3,-24.00746047950233,-21.10170655758015,51.74801475745624,21.294429022985618,50.84337854557202,-67.04875866752752,0.0,20.0,20.0,100.0,-66.00526809276924
1731,17.31,-24.04559397450735,-21.06896692620148,51.82207374991186,33.66798333871818,43.33762146459428,-49.88810833045519,0.0,20.0,20.0,100.0,-65.97815298092851
1732,17.32,-24.083726026778574,-21.036198146578656,51.89611039996905,41.37419958000956,34.011426230839334,-36.758140605091164,0.0,20.0,20.0,100.0,-65.95945016614579
1733,17.330000000000002,-24.121856515670064,-21.003400706366794,51.970124093464655,45.753954699110864,23.79051742319129,-26.11037069241367,0.0,20.0,20.0,100.0,-65.95413792511872
1734,17.34,-24.159985321249685,-20.97057510657368,52.04411422694062,47.747590451129064,13.222973373349937,-16.729279428564368,0.0,20.0,20.0,100.0,-65.9665150620353
1735,17.35,-24.19811232435538,-20.937721861325603,52.11808020792567,47.84696579430067,2.6711939239918276,-7.750471669836728,0.0,20.0,20.0,100.0,-65.99993269640233
1736,17.36,-24.236237406651334,-20.9048414976272,52.19202145521158,46.218674947980766,-7.566422433495693,1.4995231662818895,0.0,20.0,20.0,100.0,-66.05657744856289
1737,17.37,-24.274360450683933,-20.871934555115438,52.265937399123885,42.79452941137925,-17.177878935309643,11.626895383768112,0.0,20.0,20.0,100.0,-66.1373200599299
1738,17.38,-24.31248133993729,-20.839001585808017,52.33982748178695,37.3422928890924,-25.77749867881026,23.227252232656028,0.0,20.0,20.0,100.0,-66.24163976560422
1739,17.39,-24.350599958888136,-20.80604315384626,52.41369115738321,29.59164891448447,-32.86082284072903,36.832961547950084,0.0,20.0,20.0,100.0,-66.36763032135798
1740,17.400000000000002,-24.38871619305995,-20.77305983523263,52.487527892406824,19.523280202309376,-37.81219881958372,52.66736613169819,0.0,20.0,20.0,100.0,-66.51208873528306
1741,17.41,-24.426829929076153,-20.740052217562848,52.561337165911524,7.805803220345172,-40.04655357040663,70.23491287620955,0.0,20.0,20.0,100.0,-66.67068275865752
1742,17.42,-24.464941054712433,-20.707020899752603,52.63511846975289,-4.076630914282876,-39.298393269409296,88.21194595864927,0.0,20.0,20.0,100.0,-66.8381883557002
1743,17.43,-24.5030494589482,-20.67396649175884,52.70887130882491,-14.502255545590986,-35.821353171186395,105.13855592067307,0.0,20.0,20.0,100.0,-67.00878399808315
1744,17.44,-24.541155032017386,-20.64088961429556,52.78259520129085,-22.554454795897776,-30.251429908084134,120.27318606374162,0.0,20.0,20.0,100.0,-67.17638499512618
1745,17.45,-24.579257665340123,-20.60779089855567,52.85628967881619,-28.104764060296404,-23.304281421662697,133.68658115122903,0.0,20.0,20.0,100.0,-67.33499819450434
1746,17.46,-24.61735725232588,-20.57467098588537,52.929954286710085,-31.401658835371627,-15.594460806157015,145.8606702989546,0.0,20.0,20.0,100.0,-67.47907778451702
1747,17.47,-24.655453686560918,-20.541530527481335,53.003588584380445,-32.74028669910984,-7.609610911233818,157.3657423516424,0.0,20.0,20.0,100.0,-67.60385489443047
1748,17.48,-24.69354686411766,-20.508370184152813,53.07719214520254,-32.33355255349962,0.24961268461037023,168.73106035539476,0.0,20.0,20.0,100.0,-67.7056326024247
1749,17.490000000000002,-24.73163668226412,-20.47519062596778,53.150764556922816,-30.300363961316076,7.622310241564906,-179.5867075291532,0.0,20.0,20.0,100.0,-67.78201476237771
1750,17.5,-24.76972303980632,-20.44199253193662,53.2243054218155,-26.708722365213433,14.153491354132612,-167.2192024612223,0.0,20.0,20.0,100.0,-67.83206336156574
1751,17.51,-24.807805837147384,-20.408776589694863,53.29781435686567,-21.654960720057133,19.483158913197503,-153.92687794935983,0.0,20.0,20.0,100.0,-67.85637076487693
1752,17.52,-24.845884976339654,-20.375543495185564,53.371290993944335,-15.368075391333706,23.268985718942584,-139.6702581081449,0.0,20.0,20.0,100.0,-67.8570420614419
1753,17.53,-24.883960361131486,-20.34229395233816,53.44473497997739,-8.29516275029274,25.248160674620667,-124.67034367237996,0.0,20.0,20.0,100.0,-67.83758759741845
1754,17.54,-24.922031897011003,-20.30902867274266,53.518145977109064,-1.085781427093463,25.31849840194817,-109.37459486753679,0.0,20.0,20.0,100.0,-67.80273118558654
1755,17.55,-24.96009949124852,-20.275748375318965,53.59152366285906,5.562137456486832,23.587398450018494,-94.28941456738787,0.0,20.0,20.0,100.0,-67.75814460692692
1756,17.56,-24.998163052938295,-20.242453785982022,53.66486773027316,11.098487573995005,20.347938527814833,-79.77444798238001,0.0,20.0,20.0,100.0,-67.71012354905774
1757,17.57,-25.036222493039794,-20.20914563730316,53.738177888066645,15.21643038127551,16.00012597759957,-65.94152912082014,0.0,20.0,20.0,100.0,-67.66522378001123
1758,17.580000000000002,-25.07427772441852,-20.175824668168108,53.81145386076046,17.819322820094914,10.971711389144287,-52.687268461806006,0.0,20.0,20.0,100.0,-67.62987890351906
1759,17.59,-25.112328661886252,-20.14249162343188,53.88469538880989,18.935778469797576,5.672154793189466,-39.78542070804143,0.0,20.0,20.0,100.0,-67.61002231968521
1760,17.6,-25.150375222240708,-20.109147253570843,53.95790222872571,18.653186794769063,0.4779296849509663,-26.973004773152276,0.0,20.0,20.0,100.0,-67.61073593437213
1761,17.61,-25.18841732430462,-20.075792314332176,54.031074153187646,17.09200434535487,-4.267811020557566,-14.01227193723723,0.0,20.0,20.0,100.0,-67.63594671731828
1762,17.62,-25.226454888964103,-20.04242756638105,54.104210951150165,14.41399835654485,-8.256854273971614,-0.7354657387828462,0.0,20.0,20.0,100.0,-67.68818948118145
1763,17.63,-25.264487839206264,-20.009053774945805,54.17731242794041,10.847041930943552,-11.228258212337286,12.92227733427316,0.0,20.0,20.0,100.0,-67.76845039916633
1764,17.64,-25.302516100155877,-19.975671709461377,54.25037840534849,6.703527937629162,-12.993108442638597,26.908950622813514,0.0,20.0,20.0,100.0,-67.87610102526105
1765,17.650000000000002,-25.340539599110883,-19.942282143211138,54.32340872170998,2.369444905014336,-13.464037609058975,41.0750831007401,0.0,20.0,20.0,100.0,-68.00892721240845
1766,17.66,-25.378558265576636,-19.908885852967256,54.39640323198076,-1.743721507103265,-12.67464970720753,55.23027091897141,0.0,20.0,20.0,100.0,-68.16325166306521
1767,17.67,-25.416572031298735,-19.875483618629577,54.469361807804276,-5.265053053556094,-10.77644178884007,69.21546402791326,0.0,20.0,20.0,100.0,-68.3341432361146
1768,17.68,-25.45458083029439,-19.842076222863017,54.54228433757122,-7.9147972006502325,-8.01359331100922,82.95582427304893,0.0,20.0,20.0,100.0,-68.51570091496828
1769,17.69,-25.492584598882416,-19.808664450733385,54.615170726471526,-9.520808975390082,-4.687970500858825,96.4732827062081,0.0,20.0,20.0,100.0,-68.70139583216115
1770,17.7,-25.530583275711994,-19.77524908934169,54.68802089653874,-10.008500515565807,-1.1275789593779402,109.86360523134887,0.0,20.0,20.0,100.0,-68.88445122379025
1771,17.71,-25.568576801671156,-19.741830927474467,54.76083478670577,-9.384462538220568,2.3362854931617245,123.25533853519168,0.0,20.0,20.0,100.0,-69.05823765275001
1772,17.72,-25.606565120675448,-19.708410755175393,54.833612352710254,-7.728702164767443,5.386119437267997,136.76533031139024,0.0,20.0,20.0,100.0,-69.21666182060248
1773,17.73,-25.64454817780068,-19.67498936342827,54.90635356742339,-5.197942637637232,7.735797757278623,150.46006074863115,0.0,20.0,20.0,100.0,-69.3545197658546
1774,17.740000000000002,-25.682525921613227,-19.64156754380121,54.979058420484186,-2.0309129401169805,9.153009515239269,164.331471070005,0.0,20.0,20.0,100.0,-69.46780539976193
1775,17.75,-25.72049830282754,-19.608146088061254,55.05172691852965,1.4591729087681111,9.485153072437049,178.2974187278154,0.0,20.0,20.0,100.0,-69.55394229190821
1776,17.76,-25.758465274628023,-19.57472578779177,55.12435908514301,4.91481362459131,8.68094825150959,-167.7681123401889,0.0,20.0,20.0,100.0,-69.61193432884876
1777,17.77,-25.796426792702785,-19.54130743402279,55.196954960839705,7.981484943040459,6.798248888352593,-153.9843333957838,0.0,20.0,20.0,100.0,-69.64242288182727
1778,17.78,-25.834382815270434,-19.507891816865996,55.26951460304668,10.352394449719148,3.994328542576504,-140.41503603424857,0.0,20.0,20.0,100.0,-69.64764765631006
1779,17.79,-25.87233330310113,-19.474479725150502,55.342038086075014,11.792986146396185,0.5040678716565,-127.04290765377272,0.0,20.0,20.0,100.0,-69.63131364627142
1780,17.8,-25.910278219534085,-19.4410719460579,55.414525501085485,12.143250798399235,-3.383947179687187,-113.7730699949661,0.0,20.0,20.0,100.0,-69.59837221710374
1781,17.81,-25.94821753049314,-19.407669264756596,55.48697695604646,11.310398852548495,-7.346358002288758,-100.45965471035893,0.0,20.0,20.0,100.0,-69.55472944868276
1782,17.82,-25.986151204501194,-19.3742724640361,55.55939257568399,9.267991959187071,-11.038800250903085,-86.94704337349637,0.0,20.0,20.0,100.0,-69.50689917887472
1783,17.830000000000002,-26.024079212693774,-19.340882323941905,55.63177250142389,6.07143969136025,-14.110389245402933,-73.12013191894137,0.0,20.0,20.0,100.0,-69.46162143904922
1784,17.84,-26.0620015288317,-19.30749962141134,55.70411689132598,1.8870149644969538,-16.22728312128474,-58.955741390653884,0.0,20.0,20.0,100.0,-69.42546897352928
1785,17.85,-26.09991812931284,-19.274125129910782,55.77642592001029,-2.9854262679053547,-17.110135875018212,-44.55636670903933,0.0,20.0,20.0,100.0,-69.40446516626835
1786,17.86,-26.137828993182953,-19.240759619074442,55.848699778575444,-8.126418644130535,-16.5793011927638,-30.13871070221631,0.0,20.0,20.0,100.0,-69.40373592753052
1787,17.87,-26.17573410214561,-19.207403854344996,55.920938674509244,-13.06230619714199,-14.58907289582992,-15.964801654484779,0.0,20.0,20.0,100.0,-69.4272159715087
1788,17.88,-26.21363344057119,-19.17405859661638,55.99314283159143,-17.35551393429437,-11.232071280353695,-2.2439492984518368,0.0,20.0,20.0,100.0,-69.47742657710921
1789,17.89,-26.251526995504825,-19.14072460187903,56.06531248978888,-20.6680296946316,-6.7126015813467355,10.941857786027708,0.0,20.0,20.0,100.0,-69.55533757626763
1790,17.900000000000002,-26.289414756673196,-19.107402620867763,56.137447905143375,-22.769426743212634,-1.3071901122616871,23.659537569833063,0.0,20.0,20.0,100.0,-69.66032122377561
1791,17.91,-26.327296716490025,-19.074093398712485,56.20954934965192,-23.5026523331335,4.666539656215289,36.10453814784088,0.0,20.0,20.0,100.0,-69.79020008271696
1792,17.92,-26.36517287006005,-19.04079767459178,56.28161711113998,-22.739636657655716,10.86231363158095,48.56438356351984,0.0,20.0,20.0,100.0,-69.94138544557764
1793,17.93,-26.403043215181434,-19.00751618138939,56.353651493127444,-20.35435379862772,16.900324372584443,61.37837464296115,0.0,20.0,20.0,100.0,-70.10909744261554
1794,17.94,-26.440907752346487,-18.97424964535355,56.425652814687524,-16.235010224493507,22.354156778036526,74.88348512283018,0.0,20.0,20.0,100.0,-70.28765318990399
1795,17.95,-26.478766484740767,-18.940998785759138,56.49762141029843,-10.356356856145704,26.746545526924873,89.32165500639255,0.0,20.0,20.0,100.0,-70.47080538524152
1796,17.96,-26.516619418240726,-18.907764314572685,56.56955762968782,-2.9153620567540313,29.580808011081906,104.69778015515816,0.0,20.0,20.0,100.0,-70.65211090374665
1797,17.97,-26.554466561296937,-18.874546936136998,56.64146183770293,5.540034748237125,30.431724224549782,120.65271859672016,0.0,20.0,20.0,100.0,-70.82530713227796
1798,17.98,-26.5923079256584,-18.841347346779013,56.713334413954286,14.149176875612692,29.07427690639645,136.50791867610994,0.0,20.0,20.0,100.0,-70.98467542099017
1799,17.990000000000002,-26.63014352454324,-18.808166234560197,56.78517575305439,22.014057599982163,25.561620668914788,151.5503402872112,0.0,20.0,20.0,100.0,-71.1253643287167
1800,18.0,-26.66797337486149,-18.775004278928705,56.856986263962575,28.503529915960065,20.18173079537181,165.349460511247,0.0,20.0,20.0,100.0,-71.2436656186691
1801,18.01,-26.705797495884603,-18.74186215041092,56.92876637007024,33.336302706533715,13.336012007450783,177.8576056657804,0.0,20.0,20.0,100.0,-71.33721382088672
1802,18.02,-26.743615909523697,-18.70874051028257,57.00051650893513,36.46072107365468,5.435530685768627,-170.68582013064102,0.0,20.0,20.0,100.0,-71.40510756976515
1803,18.03,-26.781428640330823,-18.675640010260274,57.0722371320736,37.8912515128921,-3.1422374622771843,-159.88230950148446,0.0,20.0,20.0,100.0,-71.44794313908686
1804,18.04,-26.81923571549389,-18.642561292201155,57.14392870475011,37.58792562455747,-12.047057502220666,-149.2433392033977,0.0,20.0,20.0,100.0,-71.46775977471543
1805,18.05,-26.857037164826057,-18.609504987807238,57.21559170576171,35.380534630595406,-20.919826275654913,-138.1974063503882,0.0,20.0,20.0,100.0,-71.46790119946479
1806,18.06,-26.89483302075144,-18.576471718333302,57.28722662721651,30.925283853494395,-29.335254706380145,-126.06808025287717,0.0,20.0,20.0,100.0,-71.45280260370825
1807,18.07,-26.93262331828871,-18.543462094298338,57.35883397430539,23.728121136440727,-36.72666666498819,-112.09255960063969,0.0,20.0,20.0,100.0,-71.4277167487549
1808,18.080000000000002,-26.97040809503338,-18.510476715201197,57.4304142650671,13.379157383634974,-42.32192057816923,-95.64309196210785,0.0,20.0,20.0,100.0,-71.39839624775395
1809,18.09,-27.008187391139177,-18.47751616924096,57.50196803014708,0.19553396092167985,-45.20769766668484,-76.855781062042,0.0,20.0,20.0,100.0,-71.37075145358138
1810,18.1,-27.045961249298472,-18.444581033042386,57.57349581254997,-14.118780717503363,-44.69115208985577,-57.27732267544563,0.0,20.0,20.0,100.0,-71.35050454874803
1811,18.11,-27.083729714721795,-18.411671871386677,57.64499816738624,-27.13667814429617,-40.76617879366974,-39.18913553954713,0.0,20.0,20.0,100.0,-71.34286034289165
1812,18.12,-27.1214928351165,-18.37878923694779,57.716475661612904,-37.36698121657375,-34.0798544998355,-23.935852851982382,0.0,20.0,20.0,100.0,-71.35221296391806
1813,18.13,-27.15925066066456,-18.34593367003449,57.78792887376866,-44.661903128936316,-25.454450201201347,-11.50323653925098,0.0,20.0,20.0,100.0,-71.38190517624457
1814,18.14,-27.19700324399956,-18.313105698338354,57.859358393703545,-49.48196372975454,-15.560540780652417,-1.2332706576537849,0.0,20.0,20.0,100.0,-71.43405364118493
1815,18.150000000000002,-27.23475064018275,-18.2803058366879,57.93076482230351,-52.30630991441518,-4.868008963879558,7.617159345724551,0.0,20.0,20.0,100.0,-71.50944927157632
1816,18.16,-27.272492906678178,-18.247534586809007,58.00214877120999,-53.42315279879682,6.293735449304087,15.719596056165022,0.0,20.0,20.0,100.0,-71.60753719061547
1817,18.17,-27.310230103326653,-18.214792437091646,58.0735108625349,-52.87440968433805,17.664377411498705,23.715613905940604,0.0,20.0,20.0,100.0,-71.7264759725968
1818,18.18,-27.34796229231844,-18.182079862363018,58.14485172857101,-50.39637017067031,28.98362392446978,32.34457483721608,0.0,20.0,20.0,100.0,-71.86327111782568
1819,18.19,-27.385689538164517,-18.149397323667007,58.216172011497896,-45.2700000966716,39.90043993769447,42.6589427954641,0.0,20.0,20.0,100.0,-72.01397337931358
1820,18.2,-27.423411907666384,-18.116745268049964,58.287472363083396,-36.03379683756851,49.80425807727219,56.35907140825198,0.0,20.0,20.0,100.0,-72.17392887207616
1821,18.21,-27.461129469884376,-18.084124128352776,58.358753444380675,-20.38730974425906,57.49681338693788,75.9218617622511,0.0,20.0,20.0,100.0,-72.33806506818954
1822,18.22,-27.49884229610466,-18.051534323009285,58.43001592542056,2.5073103669946852,60.94257058693741,102.3208178292147,0.0,20.0,20.0,100.0,-72.50119496782757
1823,18.23,-27.53655046016547,-18.018976255885697,58.501260484854015,26.56583344932174,58.560500333195634,129.5815689018368,0.0,20.0,20.0,100.0,-72.65832169693573
1824,18.240000000000002,-27.57425403695395,-17.986450315970558,58.572487809858394,44.24884127896821,51.326084169362865,150.26000101638587,0.0,20.0,20.0,100.0,-72.80492146136284
1825,18.25,-27.611953104596722,-17.95395687733201,58.643698595390624,55.220868636520585,41.305513449515004,164.11104055610843,0.0,20.0,20.0,100.0,-72.93719865663326
1826,18.26,-27.649647742914176,-17.92149629888771,58.71489354422195,61.852503237114924,29.84603698924123,173.60083161153244,0.0,20.0,20.0,100.0,-73.05228515220804
1827,18.27,-27.68733803384952,-17.889068924263213,58.78607336651959,65.86893506622282,17.613191401830665,-179.43156644638424,0.0,20.0,20.0,100.0,-73.14838373552065
1828,18.28,-27.725024061312077,-17.856675081602788,58.85723877949897,68.20162863547999,4.937325620575832,-173.9016802155345,0.0,20.0,20.0,100.0,-73.22484388632
1829,18.29,-27.76270591116386,-17.824315083415645,58.9283905070758,69.29635735857336,-8.000209043207896,-169.13328434897448,0.0,20.0,20.0,100.0,-73.28216844185043
1830,18.3,-27.800383671196496,-17.791989226434275,58.999529279527884,69.28401889580371,-21.081872187438037,-164.60779621799384,0.0,20.0,20.0,100.0,-73.32195229224561
1831,18.31,-27.8380574310979,-17.759697791480455,59.07065583315974,67.99514163682407,-34.20674400842083,-159.76117556447738,0.0,20.0,20.0,100.0,-73.34675856273876
1832,18.32,-27.875727282411606,-17.727441043336945,59.141770909964556,64.75622487657087,-47.24143062425726,-153.6691954224934,0.0,20.0,20.0,100.0,-73.35994135196107
1833,18.330000000000002,-27.913393318492272,-17.69521923062493,59.21287525728153,57.555251008802145,-59.898646392529585,-144.15430042099567,0.0,20.0,20.0,100.0,-73.36542706071627
1834,18.34,-27.9510556344599,-17.663032585688043,59.283969627448826,39.5623025220602,-71.1982687185956,-124.27389331010862,0.0,20.0,20.0,100.0,-73.36746849961227
1835,18.35,-27.988714327153687,-17.63088132448366,59.3550547774529,-6.783981761828947,-76.74068131550786,-76.38824530883082,0.0,20.0,20.0,100.0,-73.37038719925717
1836,18.36,-28.026369495085692,-17.59876564648181,59.426131468575235,-51.49747055650166,-70.58588393901854,-30.428466708258874,0.0,20.0,20.0,100.0,-73.37831961239458
1837,18.37,-28.064021238394275,-17.566685734571937,59.497200466036844,-68.8148698797863,-59.0210135991308,-12.119626949430662,0.0,20.0,20.0,100.0,-73.39498220417371
1838,18.38,-28.101669658797075,-17.534641754977542,59.568262538640845,-76.23091927999943,-46.11032598254659,-3.941800225586039,0.0,20.0,20.0,100.0,-73.42346884068077
1839,18.39,-28.139314859543628,-17.502633857178708,59.63931845841345,-80.14759338916656,-32.74418513071182,0.520853597058337,0.0,20.0,20.0,100.0,-73.46609153165326
1840,18.400000000000002,-28.176956945367532,-17.470662173842623,59.71036900024341,-82.53175272898709,-19.173119580477152,3.237531604636802,0.0,20.0,20.0,100.0,-73.52427262445659
1841,18.41,-28.21459602243825,-17.43872682076203,59.78141494152043,-84.14427345485011,-5.492859170783446,4.957149780411038,0.0,20.0,20.0,100.0,-73.59849318471433
1842,18.42,-28.252232198312367,-17.406827896801694,59.85245706177271,-85.3461797302233,8.25113268121639,6.007069392125094,0.0,20.0,20.0,100.0,-73.68829875184028
1843,18.43,-28.289865581884285,-17.374965483852733,59.92349614230381,-86.35095015840199,22.03317855340515,6.527487349427696,0.0,20.0,20.0,100.0,-73.79236015059331
1844,18.44,-28.32749628333616,-17.343139646794903,59.99453296582917,-87.33676552295627,35.835946834104696,6.537106604370071,0.0,20.0,20.0,100.0,-73.90858378658817
1845,18.45,-28.365124414086917,-17.31135043346665,60.06556831611224,-88.55549938725957,49.64419365436121,5.89891105156114,0.0,20.0,20.0,100.0,-74.03426304892302
1846,18.46,-28.402750086740344,-17.27959787464301,60.136602977600184,-90.64463825783983,63.435739944336795,4.042967475964264,0.0,20.0,20.0,100.0,-74.16626024508874
1847,18.47,-28.440373415032173,-17.247881984021262,60.20763773505928,-96.80291538523151,77.12976983102465,-2.192049611659033,0.0,20.0,20.0,100.0,-74.30120701829442
1848,18.48,-28.47799451377633,-17.216202758214482,60.278673373209784,160.04958559677047,87.08958264530769,-105.71043543448796,0.0,20.0,20.0,100.0,-74.43571051464343
1849,18.490000000000002,-28.515613499167006,-17.18456017678211,60.34971067631162,105.19264496634572,74.72336989103643,-161.23458091261634,0.0,20.0,20.0,100.0,-74.56655335070981
1850,18.5,-28.553230487275084,-17.15295420211756,60.42075042803951,100.75185739102089,61.03680340039091,-166.6587389552045,0.0,20.0,20.0,100.0,-74.69087164548824
1851,18.51,-28.59084559618192,-17.12138477965783,60.49179341065399,99.47231394075513,47.3078992420447,-169.27821516272044,0.0,20.0,20.0,100.0,-74.80631116879714
1852,18.52,-28.62845894444703,-17.08985183777496,60.562840405029455,99.1732032970701,33.59771818389169,-171.34167489692604,0.0,20.0,20.0,100.0,-74.91113986033801
1853,18.53,-28.6660706515103,-17.058355287847615,60.63389219018997,99.42355966254603,19.930348410432902,-173.38877698584113,0.0,20.0,20.0,100.0,-75.00432194086177
1854,18.54,-28.703680837516874,-17.026895024294316,60.704949542926904,100.14067115455971,6.328070791233712,-175.67709964340347,0.0,20.0,20.0,100.0,-75.08554620718589
1855,18.55,-28.741289623285603,-16.995470924627302,60.776013237422916,101.39246302886811,-7.1791189927943195,-178.4294771124204,0.0,20.0,20.0,100.0,-75.15521008093518
1856,18.56,-28.778897130269648,-16.964082849512312,60.84708404489104,103.39156382411502,-20.54298188640095,178.0558325769046,0.0,20.0,20.0,100.0,-75.21436208447781
1857,18.57,-28.816503480507986,-16.932730642834095,60.91816273322092,106.59463278329336,-33.67509251323058,173.26577244941691,0.0,20.0,20.0,100.0,-75.26460811709063
1858,18.580000000000002,-28.85410879657012,-16.901414131768657,60.98925006662648,111.99770826617593,-46.38926339283674,166.16028857004886,0.0,20.0,20.0,100.0,-75.30798890125556
1859,18.59,-28.891713201497474,-16.870133126863003,61.06034680529309,121.98147769090653,-58.22163321534318,154.3185436445401,0.0,20.0,20.0,100.0,-75.34683741638378
1860,18.6,-28.929316818743875,-16.83888742212285,61.131453705024434,142.3815580490989,-67.79344100485885,131.86329796717143,0.0,20.0,20.0,100.0,-75.38362596841792
1861,18.61,-28.966919772116196,-16.807676795108353,61.2025715168904,179.20623477987402,-71.35515869877501,92.73882971190399,0.0,20.0,20.0,100.0,-75.42081273427108
1862,18.62,-29.004522185715427,-16.776501007037723,61.273700986876484,-147.22584025431286,-66.16137957642955,56.56868308491843,0.0,20.0,20.0,100.0,-75.4606971850894
1863,18.63,-29.04212418387805,-16.74535980289865,61.34484285553551,-130.18591417090076,-56.10813985064484,36.55017036982727,0.0,20.0,20.0,100.0,-75.50529278703331
1864,18.64,-29.079725891117736,-16.714252911567428,61.41599785764189,-122.09041185063884,-44.38745140172834,25.00147241005151,0.0,20.0,20.0,100.0,-75.55622389123387
1865,18.650000000000002,-29.11732743206722,-16.683180045935703,61.487166721848524,-118.12143868818322,-32.09543705165871,16.96970857051535,0.0,20.0,20.0,100.0,-75.61465186942979
1866,18.66,-29.15492893142049,-16.652140903044746,61.55835017034669,-116.39955730692289,-19.635333858931364,10.383899781683903,0.0,20.0,20.0,100.0,-75.68123346696399
1867,18.67,-29.192530513875226,-16.621135164227113,61.629548918529196,-116.20209118204843,-7.208556729944191,4.240493805820228,0.0,20.0,20.0,100.0,-75.7561121720822
1868,18.68,-29.23013230407978,-16.59016249522133,61.700763674718466,-117.31569437628053,5.036531582361428,-2.099959186600046,0.0,16.129040718078613,20.0,100.0,-75.83894130510069
1869,18.69,-29.267734426538276,-16.5592225462369,61.77199513999324,-119.8393398361042,16.939415269632857,-9.206792974224886,0.0,8.652799725532532,20.0,100.0,-75.9289353874666
1870,18.7,-29.30533700540488,-16.528314952248852,61.843244007605236,-124.16770704194798,28.271858872269792,-17.760948183550198,0.0,4.258477091789246,20.0,100.0,-76.02494489048296
1871,18.71,-29.34294016453609,-16.497439333503884,61.914510962056546,-131.0686514009162,38.655492500258916,-28.72184793418793,0.0,2.0537573099136353,20.0,100.0,-76.12554961887697
1872,18.72,-29.38054402843724,-16.466595295594605,61.985796679118124,-141.73203360603165,47.422304377527,-43.42083605656192,0.0,1.7166703939437866,20.0,100.0,-76.22916351412835
1873,18.73,-29.418148721406183,-16.43578242908405,62.057101826377675,-157.25843526437376,53.45729489765772,-63.074554081108765,0.0,2.428078055381775,20.0,100.0,-76.33414003123437
1874,18.740000000000002,-29.455754364934986,-16.40500030951077,62.128427063192646,-176.60597016770666,55.403015547257255,-86.7471288032961,0.0,3.5271281003952026,20.0,100.0,-76.43887037749847
1875,18.75,-29.493361084361315,-16.374248498730424,62.199773038491095,164.7699519155565,52.7366963622059,-110.00114014372971,0.0,4.929797053337097,20.0,100.0,-76.54188998051332
1876,18.76,-29.530968998532735,-16.343526543783458,62.27114039264939,150.74602226266887,46.428559792009395,-129.07806401654923,0.0,6.497573852539062,20.0,100.0,-76.64193852866248
1877,18.77,-29.568578230222645,-16.312833978479297,62.342529755005536,141.60436288930882,37.926915278183586,-143.83530649631095,0.0,7.15336263179779,20.0,100.0,-76.73803868987464
1878,18.78,-29.60618890045413,-16.28217032269383,62.413941745024296,136.12674703837476,28.288319437446557,-155.66446536353493,0.0,7.807335257530213,20.0,100.0,-76.82952394035071
1879,18.79,-29.643801129528942,-16.251535082802523,62.48537697166043,133.24687879946615,18.147878186639268,-165.8552330620713,0.0,10.883321762084961,20.0,100.0,-76.91605638431966
1880,18.8,-29.68141503699731,-16.220927751896816,62.55683603308874,132.33261079095843,7.903093433333034,-175.33449705217257,0.0,16.280107498168945,20.0,100.0,-76.99762061830887
1881,18.81,-29.719030741497875,-16.19034781014685,62.628319516287156,133.09302833992882,-2.151524019297148,175.2140969224303,0.0,20.0,20.0,100.0,-77.07449759737513
1882,18.82,-29.75664836077928,-16.159794725138564,62.69982799667314,135.4774713348215,-11.742948409493529,165.22196382800786,0.0,20.0,20.0,100.0,-77.14722220032921
1883,18.830000000000002,-29.794268011779234,-16.129267951986385,62.771362037994294,139.6060258814498,-20.563853116875247,154.15832299837405,0.0,20.0,20.0,100.0,-77.21652803616317
1884,18.84,-29.831889810596397,-16.098766933377988,62.84292219228543,145.69217985201317,-28.229825421442538,141.52171019525693,0.0,20.0,20.0,100.0,-77.28328374592779
1885,18.85,-29.869513872271103,-16.068291099952265,62.91450899946482,153.88714203547087,-34.260216931228975,126.94540826463337,0.0,20.0,20.0,100.0,-77.34842615175896
1886,18.86,-29.90714031087595,-16.037839870755672,62.98612298688913,163.98909288936125,-38.12594572445448,110.45771941645326,0.0,20.0,20.0,100.0,-77.41289533905966
1887,18.87,-29.944769238697493,-16.007412652777564,63.057764669843266,175.14837648736494,-39.41481429478513,92.75723285836246,0.0,20.0,20.0,100.0,-77.4775730878491
1888,18.88,-29.982400767941062,-15.977008842850895,63.12943454968743,-174.01056820070235,-38.056517151322254,75.0774238984973,0.0,20.0,20.0,100.0,-77.54323675244676
1889,18.89,-30.02003500875385,-15.946627826170355,63.201133115377004,-164.73408966576073,-34.39518508787464,58.52145424338275,0.0,20.0,20.0,100.0,-77.61051584873385
1890,18.900000000000002,-30.057672070231124,-15.916268977528835,63.27286084229219,-157.62445802245756,-29.019638352199298,43.539193313737485,0.0,20.0,20.0,100.0,-77.6798693771998
1891,18.91,-30.09531206015059,-15.885931661400699,63.34461819222333,-152.7084741698007,-22.53848872387595,29.989178356115442,0.0,20.0,20.0,100.0,-77.75157393496693
1892,18.92,-30.13295508491601,-15.8556152322326,63.41640561316061,-149.75824602685228,-15.466540984774676,17.454633198551065,0.0,20.0,20.0,100.0,-77.82572578909452
1893,18.93,-30.17060124950316,-15.825319034743611,63.48822353908611,-148.51741099582142,-8.214398428724435,5.468565189318514,0.0,20.0,20.0,100.0,-77.90225498712483
1894,18.94,-30.208250657409415,-15.795042404231717,63.560072389770944,-148.7870425761461,-1.1181357487180945,-6.3940735169744265,0.0,20.0,20.0,100.0,-77.98094936198478
1895,18.95,-30.245903410605973,-15.764784666884601,63.6319525705793,-150.43164662734097,5.52848158247168,-18.490313551526278,0.0,20.0,20.0,100.0,-78.06148575803333
1896,18.96,-30.2835596094916,-15.734545140093921,63.70386447227954,-153.34866034651463,11.452629517794255,-31.09724261312109,0.0,20.0,20.0,100.0,-78.14346551472359
1897,18.97,-30.32121935284694,-15.704323132772885,63.775808470862664,-157.41915727872225,16.39685843338419,-44.39083262296746,0.0,20.0,20.0,100.0,-78.22645119831472
1898,18.98,-30.35888273778892,-15.67411794567738,63.847784927367776,-162.45118852047042,20.132506647867217,-58.41392826808182,0.0,20.0,20.0,100.0,-78.31000175607599
1899,18.990000000000002,-30.39654985972536,-15.643928871730825,63.919794187714466,-168.13752526954084,22.491503830641943,-73.05263397949206,0.0,20.0,20.0,100.0,-78.39370365035474
1900,19.0,-30.434220812309796,-15.613755196352901,63.99183658254204,-174.06009467130625,23.4059919364488,-88.05393065291375,0.0,20.0,20.0,100.0,-78.47719607008352
1901,19.01,-30.471895687754227,-15.583596197845312,64.06391242699787,-179.75722128643207,22.93442126683679,-103.10166611625012,0.0,20.0,20.0,100.0,-78.56018962314032
1902,19.02,-30.50957457533515,-15.553451147472803,64.13602202084166,175.1763739636052,21.255430254011763,-117.92164409133122,0.0,20.0,20.0,100.0,-78.64247389727124
1903,19.03,-30.547257563537016,-15.523319310282089,64.20816564788815,171.01566341211188,18.630798832629203,-132.35733781373406,0.0,20.0,20.0,100.0,-78.72392421812471
1904,19.04,-30.584944738539818,-15.493199945046806,64.28034357618891,167.89007749836665,15.35739737284367,-146.38370285379628,0.0,20.0,20.0,100.0,-78.80449451884203
1905,19.05,-30.622636184635468,-15.463092304715238,64.35255605781725,165.81250579280223,11.72794603984208,-160.07344120338075,0.0,20.0,20.0,100.0,-78.88420817194296
1906,19.06,-30.6603319840662,-15.432995636773969,64.42480332875513,164.71999809247816,8.007620220841169,-173.54838104390623,0.0,20.0,20.0,100.0,-78.96314358773293
1907,19.07,-30.698032217010613,-15.402909183613101,64.49708560877674,164.50508534739,4.423063715902694,173.06211538981984,0.0,20.0,20.0,100.0,-79.04141767203498
1908,19.080000000000002,-30.735736961563724,-15.372832182880382,64.56940310134561,165.0331661041873,1.157495515832747,159.64907442829144,0.0,20.0,20.0,100.0,-79.11916865136415
1909,19.09,-30.773446293709135,-15.342763867831533,64.64175599352147,166.15044462611033,-1.6525907068196943,146.1390672345083,0.0,20.0,20.0,100.0,-79.1965399082861
1910,19.1,-30.811160287285567,-15.312703467682235,64.71414445587486,167.68903979625648,-3.9206812836686233,132.49879155976805,0.0,20.0,20.0,100.0,-79.2736662024246
1911,19.11,-30.84887901395106,-15.282650207963984,64.78656864240877,169.47441133897505,-5.612628537900943,118.73084018195183,0.0,20.0,20.0,100.0,-79.3506632765236
1912,19.12,-30.8866025431474,-15.25260331088361,64.85902869048721,171.33715956067613,-6.7461874424447,104.86282443715521,0.0,20.0,20.0,100.0,-79.42762140550431
1913,19.13,-30.924330942065943,-15.222561995685554,64.93152472077126,173.12787951740344,-7.3859485213263625,90.9333383030179,0.0,20.0,20.0,100.0,-79.50460298559432
1914,19.14,-30.962064275615006,-15.192525479016087,65.00405683716285,174.7315336381609,-7.6332060728117,76.97908462647271,0.0,20.0,20.0,100.0,-79.58164382681635
1915,19.150000000000002,-30.99980260638885,-15.16249297528891,65.07662512675621,176.07770307845703,-7.611850155877239,63.02662919588591,0.0,20.0,20.0,100.0,-79.65875744404738
1916,19.16,-31.037545994638066,-15.132463697051916,65.14922965979737,177.1447034549288,-7.4523399663837,49.08990732871381,0.0,20.0,20.0,100.0,-79.7359413717698
1917,19.17,-31.075294498241373,-15.102436855354835,65.22187048965144,177.95752448083033,-7.275912520868248,35.17216559934883,0.0,20.0,20.0,100.0,-79.81318437703757
1918,19.18,-31.113048172678912,-15.07241166011755,65.29454765277792,178.58074809222322,-7.180712609601101,21.269763202665178,0.0,20.0,20.0,100.0,-79.89047342423333
1919,19.19,-31.15080707102513,-15.042387320434981,65.36726116870963,179.10786821909628,-7.230972588267549,7.37550844751011,0.0,16.34040594100952,20.0,100.0,-79.96779939989835
1920,19.2,-31.188571243941624,-15.012363044534887,65.44001104001947,179.64827018770546,-7.449964665816479,-6.519541970700385,0.0,3.9411884546279903,20.0,100.0,-80.0451607294327
1921,19.21,-31.226340738867155,-14.982338039178005,65.5127972523317,-179.68703438850105,-7.8171642844257585,-20.42543263295201,0.0,-9.96602714061737,20.0,100.0,-80.12256272398288
1922,19.22,-31.26411560119075,-14.952311514101138,65.5856197744708,-178.79989798575318,-8.269800732601801,-34.35245684478103,0.0,-20.0,20.0,100.0,-80.2000163372388
1923,19.23,-31.301895875090352,-14.922282685117793,65.65847855828001,-177.61874959163768,-8.70871074124944,-48.308745648020455,0.0,-20.0,20.0,100.0,-80.27754271554458
1924,19.240000000000002,-31.33968160191519,-14.892250760250157,65.73137353867756,-176.11055220084614,-9.008202044747383,-62.29570412786358,0.0,-20.0,20.0,100.0,-80.35515247662443
1925,19.25,-31.37747281933132,-14.86221495075966,65.80430463375218,-174.28974940966103,-9.02942156188102,-76.302378481004,0.0,-20.0,20.0,100.0,-80.43284452110652
1926,19.26,-31.415269562475142,-14.832174470525198,65.87727174478829,-172.22247456295838,-8.636339881889194,-90.30137532076812,0.0,-20.0,20.0,100.0,-80.51059904314874
1927,19.27,-31.453071864054326,-14.802128535836507,65.95027475629568,-170.02419629750017,-7.7127853528812915,-104.24960420881928,0.0,-20.0,20.0,100.0,-80.58837134783982
1928,19.28,-31.490879754279153,-14.772076365588687,66.02331353606185,-167.85000716071136,-6.178192976767941,-118.09606692215084,0.0,-20.0,20.0,100.0,-80.66608783106463
1929,19.29,-31.52869326079884,-14.742017181587704,66.09638793521344,-165.87914772348597,-3.9994822769598097,-131.79613397621304,0.0,-20.0,20.0,100.0,-80.74364523876454
1930,19.3,-31.566512408655818,-14.711950208897987,66.16949778828638,-164.29790066735123,-1.197321020794233,-145.3286051652186,0.0,-20.0,20.0,100.0,-80.82091387386436
1931,19.31,-31.604337220256543,-14.681874676204579,66.24264291330417,-163.2857143351124,2.1531510429924894,-158.71035025434904,0.0,-20.0,20.0,100.0,-80.8977450218327
1932,19.32,-31.642167715354123,-14.651789816177335,66.31582311186384,-163.00735742603743,5.925223587340032,-172.00426296047604,0.0,-20.0,20.0,100.0,-80.97398241441127
1933,19.330000000000002,-31.68000391087748,-14.62169486558276,66.38903816916387,-163.61002685666722,9.944462187862916,174.68168027238244,0.0,-9.445200562477112,20.0,100.0,-81.04947689130316
1934,19.34,-31.717845820159596,-14.59158906426874,66.46228785371643,-165.220431862106,13.991625285125663,161.20545241956677,0.0,10.444629192352295,20.0,100.0,-81.12410214186481
1935,19.35,-31.755693456842543,-14.561471664266117,66.53557191980146,-167.93420239640704,17.80502744404318,147.41422940569308,0.0,20.0,20.0,100.0,-81.19777980930982
1936,19.36,-31.793546825044334,-14.53134190342837,66.60889010039428,-171.78976525111915,21.086043957463673,133.18312799192677,0.0,20.0,20.0,100.0,-81.27047428085574
1937,19.37,-31.831405940026396,-14.501199061515752,66.6822421224323,-176.7242511064134,23.514834581369595,118.46926688848893,0.0,20.0,20.0,100.0,-81.34226039186855
1938,19.38,-31.869270802003772,-14.471042392432933,66.75562768842917,177.47513180399227,24.78392299060252,103.36674220137826,0.0,20.0,20.0,100.0,-81.41326370663748
1939,19.39,-31.907141411199614,-14.440871165924568,66.82904648781769,171.18833029210992,24.64966474155646,88.1265162310377,0.0,20.0,20.0,100.0,-81.48370631853456
1940,19.400000000000002,-31.945017765465767,-14.41068465915647,66.90249819474664,164.91038882068045,22.98499969797245,73.10361719082692,0.0,20.0,20.0,100.0,-81.5538952386024
1941,19.41,-31.982899860223927,-14.380482156620847,66.97598246810058,159.13823370248093,19.80549897871615,58.63993833143756,0.0,20.0,20.0,100.0,-81.62421091568461
1942,19.42,-32.02078768838031,-14.35026295030521,67.04949895160689,154.2631828431698,15.253516313284727,44.94931994508421,0.0,20.0,20.0,100.0,-81.69508773943087
1943,19.43,-32.05868124023308,-14.320026339935339,67.1230472739733,150.53222492015396,9.554106695578838,32.0672726130969,0.0,20.0,20.0,100.0,-81.76698716708776
1944,19.44,-32.0965805034105,-14.289771633297427,67.19662704906203,148.08034373878615,2.970772316877365,19.86641318660717,0.0,20.0,20.0,100.0,-81.84036494420944
1945,19.45,-32.134485462859985,-14.25949814657555,67.27023787607503,146.99501648911613,-4.220066649179497,8.097265104062965,0.0,20.0,20.0,100.0,-81.91563444106916
1946,19.46,-32.17239610084424,-14.229205204684954,67.34387933974742,147.379148073111,-11.732015112059113,-3.5798466570694605,0.0,20.0,20.0,100.0,-81.99312858024722
1947,19.47,-32.210312396949355,-14.198892141598636,67.41755101054675,149.3981490786355,-19.252421120755262,-15.581414829067894,0.0,20.0,20.0,100.0,-82.07306329044269
1948,19.48,-32.24823432809916,-14.16855830066472,67.49125244487651,153.3018823741349,-26.41089777253016,-28.39279770713309,0.0,20.0,20.0,100.0,-82.15550556974516
1949,19.490000000000002,-32.28616186857153,-14.138203034915037,67.56498318528408,159.39279972976925,-32.73920574919751,-42.52590124353542,0.0,20.0,20.0,100.0,-82.24034917723928
1950,19.5,-32.32409499001456,-14.107825707366452,67.6387427606737,167.87193142367127,-37.64520937252018,-58.36500382012388,0.0,20.0,20.0,100.0,-82.32730065953056
1951,19.51,-32.362033661462,-14.07742569131646,67.71253068652521,178.50271440042695,-40.4608153362147,-75.83521012155937,0.0,20.0,20.0,100.0,-82.41587786492205
1952,19.52,-32.3999778493484,-14.047002370633908,67.7863464651192,-169.7214108494104,-40.63526137292507,-94.07677597515828,0.0,20.0,20.0,100.0,-82.50542232744154
1953,19.53,-32.43792751752451,-14.016555140045268,67.86018958576828,-158.36131638406079,-38.003033460457324,-111.6686860804265,0.0,20.0,20.0,100.0,-82.59512596234029
1954,19.54,-32.47588262727349,-13.98608340541636,67.93405952505529,-148.71458755336764,-32.85907397892819,-127.45546525378846,0.0,20.0,20.0,100.0,-82.68407146400692
1955,19.55,-32.51384313732868,-13.955586584029332,68.00795574707742,-141.30243465452864,-25.751834363115762,-141.07180405065245,0.0,20.0,20.0,100.0,-82.77128471116183
1956,19.56,-32.55180900389266,-13.925064104854474,68.08187770369656,-136.05764066854206,-17.236415369699277,-152.77049914865626,0.0,20.0,20.0,100.0,-82.85579644286203
1957,19.57,-32.58978018065819,-13.894515408816583,68.1558248347953,-132.71538107355642,-7.763870537676196,-163.05556064444113,0.0,20.0,20.0,100.0,-82.9367095535964
1958,19.580000000000002,-32.627756618830524,-13.863939949055524,68.22979656853829,-131.0564513626024,2.3202516808936684,-172.47772344439346,0.0,20.0,20.0,100.0,-83.01326764521583
1959,19.59,-32.66573826715115,-13.833337191180814,68.30379232163895,-131.01303335740553,12.736130000437354,178.40512209002654,0.0,20.0,20.0,100.0,-83.08492003283065
1960,19.6,-32.70372507192262,-13.802706613520076,68.37781149963104,-132.7315905067998,23.21807721493708,168.9739911019869,0.0,20.0,20.0,100.0,-83.15137828262533
1961,19.61,-32.74171697703425,-13.77204770736135,68.45185349714504,-136.65984141588197,33.447902987151174,158.43169070446856,0.0,20.0,20.0,100.0,-83.21265959056923
1962,19.62,-32.779713923988574,-13.741359977189248,68.5259176981897,-143.6843457958553,42.9482545084655,145.63208141910914,0.0,20.0,20.0,100.0,-83.26911289814421
1963,19.63,-32.817715851928455,-13.710642940915019,68.6000034764382,-155.19173515959926,50.89991898514281,128.99202541758487,0.0,20.0,20.0,100.0,-83.32142456374996
1964,19.64,-32.855722697664945,-13.67989613010051,68.67411019551932,-172.2869779260891,55.947207214169765,107.2531679186426,0.0,20.0,20.0,100.0,-83.37060162069106
1965,19.650000000000002,-32.893734395705906,-13.649119090175994,68.7482372093135,166.97274708922663,56.54823757644795,82.2333209887529,0.0,20.0,20.0,100.0,-83.41793208470962
1966,19.66,-32.931750878285634,-13.618311380651813,68.82238386225383,148.17891867214797,52.35605282206194,59.415926567053646,0.0,20.0,20.0,100.0,-83.46492333714365
1967,19.67,-32.96977207539567,-13.587472575323662,68.89654948963161,134.6732138397787,44.59711720145122,42.04181905996933,0.0,20.0,20.0,100.0,-83.51322120028772
1968,19.68,-33.00779791481679,-13.556602262471383,68.97073341790656,125.89922087942588,34.702433012753744,29.451079361763025,0.0,20.0,20.0,100.0,-83.56451382821271
1969,19.69,-33.045828322152516,-13.525700045051035,69.0449349650213,120.3659394614666,23.5911513562524,20.03444255821966,0.0,20.0,20.0,100.0,-83.6204258494036
1970,19.7,-33.083863220863925,-13.494765540880103,69.11915344071978,116.98831458392686,11.768388199782427,12.556019705238398,0.0,20.0,20.0,100.0,-83.68240921259886
1971,19.71,-33.12190253238231,-13.46379838267534,69.19338814653013,115.155542512213,-0.4827156345889693,6.191270950900773,0.0,7.541517615318298,20.0,100.0,-83.75163811729315
1972,19.72,-33.15994617542456,-13.432798217331298,69.26763837407017,114.60141899939374,-12.985262278754261,0.3393950626631282,0.0,-14.143452644348145,20.0,100.0,-83.82891408078854
1973,19.73,-33.197994067544684,-13.40176470816018,69.34190341027319,115.34722692623512,-25.603632927813045,-5.5568176341549815,0.0,-20.0,20.0,100.0,-83.91458764132753
1974,19.740000000000002,-33.23604612368359,-13.370697538170097,69.41618254390725,117.77881244911843,-38.19233259193086,-12.226339306306459,0.0,-20.0,20.0,100.0,-84.00851319152129
1975,19.75,-33.274102258712524,-13.339596400070763,69.4904750445789,123.00256661738351,-50.51396607044478,-21.003359301927514,0.0,-20.0,20.0,100.0,-84.11001991070646
1976,19.76,-33.312162383550884,-13.308461003772303,69.56478017855558,134.01959311838152,-61.998469088742134,-35.045457947241694,0.0,-20.0,20.0,100.0,-84.21792087044753
1977,19.77,-33.35022640733568,-13.277291075565527,69.63909720711078,158.68929900819063,-70.82452531028332,-62.32294793816607,0.0,-20.0,20.0,100.0,-84.33055747520572
1978,19.78,-33.38829423755754,-13.246086357946037,69.71342538623684,-159.13070109923063,-72.20189101886349,-106.7743819071496,0.0,-20.0,20.0,100.0,-84.44587530866033
1979,19.79,-33.42636578008289,-13.214846609649086,69.78776396680988,-128.45273774901239,-64.76863393916659,-139.4482129019518,0.0,-20.0,20.0,100.0,-84.56152948638139
1980,19.8,-33.46444093907738,-13.183571605722285,69.8621121948635,-114.27085382462928,-53.51070407355634,-155.39746693944286,0.0,-20.0,20.0,100.0,-84.67501430660421
1981,19.81,-33.502519617030856,-13.152261137627944,69.93646931193238,-107.23021304587755,-40.96230408857628,-164.01481068051476,0.0,-20.0,20.0,100.0,-84.78381049679295
1982,19.82,-33.540601714785076,-13.120915013340316,70.01083455540659,-103.26472351335617,-27.879027599249003,-169.39834607230918,0.0,-20.0,20.0,100.0,-84.88554132987625
1983,19.830000000000002,-33.57868713157291,-13.089533057436785,70.08520715889185,-100.828426860944,-14.52426327616849,-173.12329923067054,0.0,-20.0,20.0,100.0,-84.97812806767418
1984,19.84,-33.616775765013415,-13.058115111161863,70.15958635244668,-99.25629967694115,-1.0107070339168103,-175.88479266058636,0.0,-13.908751010894775,20.0,100.0,-85.0599347182034
1985,19.85,-33.65486751071882,-13.026661032400977,70.23397136227754,-98.23099893758146,12.6050313423883,-178.0366746833163,0.0,5.732225775718689,20.0,100.0,-85.12989173972
1986,19.86,-33.692962260873145,-12.995170695454222,70.30836140846282,-97.59756066898127,26.29067577784732,-179.78812489461697,0.0,20.0,20.0,100.0,-85.1875897044409
1987,19.87,-33.731059914481804,-12.963643993303373,70.3827557217165,-97.30054100686232,40.025674145086136,178.70479066782454,0.0,20.0,20.0,100.0,-85.23334642035141
1988,19.88,-33.76916036124328,-12.932080834639093,70.45715352158308,-97.3958217486232,53.795138326387544,177.25784039824458,0.0,20.0,20.0,100.0,-85.26821242778874
1989,19.89,-33.80726349232842,-12.900481144663019,70.53155402458454,-98.25140844886029,67.58485722992278,175.423892653862,0.0,20.0,20.0,100.0,-85.29394295305711
1990,19.900000000000002,-33.84536919649057,-12.868844865929763,70.60595644717976,-102.83770071288048,81.35639189543872,170.18516554197376,0.0,20.0,20.0,100.0,-85.31292571186277
1991,19.91,-33.88347736149378,-12.837171958121973,70.68036000549655,97.36422648250851,84.60762089695027,10.035880912706249,0.0,20.0,20.0,100.0,-85.32806357982058
1992,19.92,-33.92158787411314,-12.80546239800674,70.75476391537305,88.37343684887995,70.86203665595882,0.9888796750038608,0.0,20.0,20.0,100.0,-85.3426202503949
1993,19.93,-33.95970062016251,-12.773716179423545,70.82916739256734,86.77017610595426,57.04114697540027,-0.36411968456552285,0.0,20.0,20.0,100.0,-85.36003687348871
1994,19.94,-33.99781548445661,-12.741933313277375,70.9035696530261,85.90952066000366,43.2194516524591,-0.636459347021756,0.0,20.0,20.0,100.0,-85.38372983411163
1995,19.95,-34.03593235083845,-12.710113827535395,70.97796991324063,85.17402664746288,29.411049440923524,-0.3873653082573063,0.0,20.0,20.0,100.0,-85.41688180146113
1996,19.96,-34.074051102208585,-12.678257767215717,71.05236739061262,84.36526689985376,15.627892382129424,0.28285630107632626,0.0,20.0,20.0,100.0,-85.46223870984504
1997,19.97,-34.11217162056694,-12.646365194367887,71.12676130382798,83.34772809712696,1.8851498253965016,1.402862102716605,0.0,20.0,20.0,100.0,-85.52192558008693
1998,19.98,-34.150293787064555,-12.614436188044548,71.20115087323103,81.95773461336543,-11.794428799027223,3.092906882260886,0.0,20.0,20.0,100.0,-85.59729335592415
1999,19.990000000000002,-34.18841748206129,-12.582470844264561,71.2755353211948,79.92560560584663,-25.372151855535563,5.606515695662433,0.0,20.0,20.0,100.0,-85.68880742303156
2000,20.0,-34.22654258518552,-12.550469275967897,71.34991387248647,76.7205266849006,-38.7727318865621,9.473027202542818,0.0,20.0,20.0,100.0,-85.79598624677917
