Step,Time,X,Y,Z,Roll,Pitch,Yaw,Thrust,GimbalYaw,GimbalPitch,Mass,Reward
0,0,0.08092013255967938,0.7992997030278685,11.0,-7.350275437771004,-1.8918696032720528,0.12152836914777917,0.0,0.0,0.0,110.0,0.0
1,0.01,0.09563769320893763,0.7994478427201094,10.969301173314056,-7.3499219602779595,-1.8921846751483211,0.11737726831465839,0.0,-20.0,-20.0,110.0,-8.021671166109998
2,0.02,0.11035461065491702,0.7995966385116698,10.938602240573607,-7.349270049252659,-1.8938149575759091,0.10322294718005166,0.0,-20.0,-20.0,110.0,-7.993182742259338
3,0.03,0.12507152096327026,0.7997454403695214,10.907903306810203,-7.348959771312307,-1.895043860200361,0.09362807762748691,0.0,-20.0,-20.0,110.0,-7.963086414957173
4,0.04,0.1397883577985919,0.7998943172395049,10.877204360926342,-7.348779636810642,-1.896089271086704,0.08597236775989746,0.0,-20.0,-20.0,110.0,-7.933716535741354
5,0.05,0.15450518253863316,0.8000432025066969,10.846505413556487,-7.348608760597841,-1.8971542410299458,0.07828097023544443,0.0,-20.0,-20.0,110.0,-7.904572417389625
6,0.06,0.16922201815725807,0.8001920702880484,10.815806468804084,-7.348409333727774,-1.8982853544361429,0.07003432872472268,0.0,-20.0,-20.0,110.0,-7.87546650766892
7,0.07,0.1839388714774933,0.8003409144820708,10.785107527683508,-7.348177689491361,-1.899467809691836,0.06129772450181643,0.0,-20.0,-20.0,110.0,-7.846356477397245
8,0.08,0.1986557423149322,0.8004897363285424,10.754408590028836,-7.347919351790224,-1.9006779696130203,0.05224923019823705,0.0,-20.0,-20.0,110.0,-7.817247040231141
9,0.09,0.21337262808046428,0.8006385390754912,10.723709655334964,-7.347641350760904,-1.9018987520574466,0.04303374426627587,0.0,-20.0,-20.0,110.0,-7.788149954958615
10,0.1,0.2280895255220638,0.8007873273121586,10.69301072290166,-7.347349911904069,-1.9031211412002453,0.03373940579432845,0.0,-20.0,-20.0,110.0,-7.759075411532477
11,0.11,0.2428064316179553,0.8009361052704209,10.662311792082418,-7.347049774350147,-1.9043415183184567,0.024411138404928312,0.0,-20.0,-20.0,110.0,-7.730029865764717
12,0.12,0.25752334399230964,0.8010848763721754,10.631612862356722,-7.346744020328448,-1.9055589031689206,0.01506941976254581,0.0,-20.0,-20.0,110.0,-7.70101676130859
13,0.13,0.27224026101644455,0.8012336438533466,10.600913933252919,-7.346434868927145,-1.906773406076865,0.005722918066953464,0.0,-20.0,-20.0,110.0,-7.672037893905399
14,0.14,0.2869571814402551,0.8013824089788271,10.570215004566212,-7.346124054728029,-1.907985516247859,-0.0036251826050225262,0.0,-20.0,-20.0,110.0,-7.643094092857515
15,0.15,0.3016741043768717,0.8015311733684547,10.539516076058112,-7.345812385314936,-1.909195788270808,-0.012973901797099804,0.0,-20.0,-20.0,110.0,-7.614185968072043
16,0.16,0.31639102913812645,0.8016799374641442,10.5088171476487,-7.345500251662759,-1.9104046943700947,-0.022322943327075052,0.0,-20.0,-20.0,110.0,-7.58531391366934
17,0.17,0.3311079552169286,0.8018287015157805,10.47811821928885,-7.3451878642302075,-1.9116126008659655,-0.031672220358588736,0.0,-20.0,-20.0,110.0,-7.556134277609303
18,0.18,0.34582488225025565,0.8019774656800707,10.447419290946259,-7.344875349791897,-1.9128197748123117,-0.04102170482430159,0.0,-20.0,-20.0,110.0,-7.526846423442013
19,0.19,0.3605418099851452,0.8021262300453144,10.41672036260111,-7.344562782547466,-1.9140264001346452,-0.0503713836910877,0.0,-20.0,-20.0,110.0,-7.49758815232445
20,0.2,0.3752587382609272,0.8022749946649533,10.38602143424116,-7.344250196181975,-1.915232597161992,-0.059721247267357495,0.0,-20.0,-20.0,110.0,-7.468359709373315
21,0.21,0.3899756669733642,0.8024237595288802,10.35532250586424,-7.343937592180652,-1.9164384393643128,-0.06907128704735034,0.0,-20.0,-20.0,110.0,-7.439161341827859
22,0.22,0.40469259604794205,0.802572524598663,10.32462357747283,-7.343624937177234,-1.9176439780602241,-0.07842148827262171,0.0,-20.0,-20.0,110.0,-7.409993298425926
23,0.23,0.41940952538794846,0.8027212897869522,10.29392464907497,-7.343312171397819,-1.9188492748004078,-0.08777181779374923,0.0,-20.0,-20.0,110.0,-7.38085582885176
24,0.24,0.4341264549230826,0.8028700550246962,10.26322572067723,-7.342999232584857,-1.9200543989613283,-0.0971222333076661,0.0,-20.0,-20.0,110.0,-7.351749187947978
25,0.25,0.4488433845665312,0.803018820245886,10.232526792285235,-7.342686083835317,-1.9212593959912871,-0.10647270635123687,0.0,-20.0,-20.0,110.0,-7.322673636672396
26,0.26,0.4635603142780109,0.8031675854262019,10.201827863900778,-7.342372707734843,-1.9224642941500778,-0.11582321946593867,0.0,-20.0,-20.0,110.0,-7.293629437000178
27,0.27,0.4782772440327675,0.8033163505580609,10.171128935524012,-7.3420590988271135,-1.9236691106295751,-0.1251737623387401,0.0,-20.0,-20.0,110.0,-7.264616853124997
28,0.28,0.49299417381620864,0.8034651156430953,10.140430007154242,-7.341745258337971,-1.9248738555545222,-0.13452432905990658,0.0,-20.0,-20.0,110.0,-7.235636151605634
29,0.29,0.5077111036199737,0.8036138806873128,10.109731078790412,-7.341431190690757,-1.92607853475322,-0.14387491628579854,0.0,-20.0,-20.0,110.0,-7.206687601505838
30,0.3,0.5224280334392357,0.8037626456981231,10.079032150431411,-7.341116901334404,-1.9272831516170057,-0.15322552208876794,0.0,-20.0,-20.0,110.0,-7.1777714745078125
31,0.31,0.537144963271007,0.8039114106826651,10.048333222076211,-7.34080239551837,-1.9284877082579261,-0.16257614528490194,0.0,-20.0,-20.0,110.0,-7.148888044998269
32,0.32,0.5518618931131871,0.8040601756470256,10.017634293723964,-7.340487677723849,-1.9296922061611252,-0.1719267850685482,0.0,-20.0,-20.0,110.0,-7.120037590133377
33,0.33,0.5665788229640917,0.8042089405960261,9.986935365373988,-7.340172751509874,-1.9308966465087607,-0.18127744082967406,0.0,-20.0,-20.0,110.0,-7.091220389889441
34,0.34,0.5812957528222611,0.8043577055333196,9.956236437025764,-7.3398576195835705,-1.9321010303147692,-0.19062811207142766,0.0,-20.0,-20.0,110.0,-7.062436727104776
35,0.35000000000000003,0.5960126826864044,0.8045064704616133,9.9255375086789,-7.339542283960968,-1.9333053584664996,-0.19997879837703283,0.0,-20.0,-20.0,110.0,-7.0336868875166205
36,0.36,0.6107296125553945,0.8046552353829065,9.8948385803331,-7.339226746138998,-1.9345096317307948,-0.2093294993972317,0.0,-20.0,-20.0,110.0,-7.004971159795405
37,0.37,0.6254465424282726,0.8048040002986926,9.86413965198814,-7.338911007241209,-1.935713850753596,-0.21868021484389713,0.0,-20.0,-20.0,110.0,-6.976289835578023
38,0.38,0.6401634723042438,0.8049527652101088,9.833440723643847,-7.338595068126725,-1.936918016064194,-0.22803094448401143,0.0,-20.0,-20.0,110.0,-6.947643209500872
39,0.39,0.6548804021826639,0.8051015301180398,9.802741795300085,-7.338278929465701,-1.938122128085699,-0.23738168813259752,0.0,-20.0,-20.0,110.0,-6.9190315792330495
40,0.4,0.6695973320630186,0.8052502950231849,9.772042866956745,-7.337962591789544,-1.9393261871495586,-0.2467324456449735,0.0,-20.0,-20.0,110.0,-6.890455245509912
41,0.41000000000000003,0.6843142619449019,0.8053990599261035,9.741343938613745,-7.337646055524242,-1.9405301935113086,-0.2560832169091921,0.0,-20.0,-20.0,110.0,-6.861914512166993
42,0.42,0.699031191827994,0.8055478248272445,9.710645010271016,-7.337329321013087,-1.9417341473654268,-0.26543400183928106,0.0,-20.0,-20.0,110.0,-6.833409686174163
43,0.43,0.7137481217120436,0.8056965897269689,9.679946081928499,-7.337012388533158,-1.9429380488581778,-0.27478480036955827,0.0,-20.0,-20.0,110.0,-6.80494107767013
44,0.44,0.7284650515968529,0.805845354625566,9.649247153586154,-7.336695258307991,-1.9441418980980911,-0.2841356124500878,0.0,-20.0,-20.0,110.0,-6.776508999997111
45,0.45,0.7431819814822657,0.8059941195232669,9.618548225243945,-7.336377930517736,-1.9453456951642267,-0.2934864380431541,0.0,-20.0,-20.0,110.0,-6.748113769735793
46,0.46,0.7578989113681579,0.8061428844202562,9.587849296901844,-7.336060405307525,-1.9465494401125691,-0.30283727712055536,0.0,-20.0,-20.0,110.0,-6.7197557067404174
47,0.47000000000000003,0.7726158412544314,0.8062916493166802,9.557150368559828,-7.335742682794356,-1.9477531329809605,-0.3121881296615397,0.0,-20.0,-20.0,110.0,-6.69143513417416
48,0.48,0.7873327711410079,0.8064404142126553,9.52645144021788,-7.335424763072738,-1.9489567737928972,-0.3215389956512213,0.0,-20.0,-20.0,110.0,-6.663152378544652
49,0.49,0.8020497010278252,0.8065891791082741,9.495752511875986,-7.335106646219302,-1.9501603625605008,-0.3308898750793617,0.0,-20.0,-20.0,110.0,-6.634907769739738
50,0.5,0.816766630914834,0.8067379440036099,9.465053583534134,-7.334788332296462,-1.9513638992868432,-0.3402407679394,0.0,-20.0,-20.0,110.0,-6.606701641063407
51,0.51,0.8314835608019949,0.8068867088987206,9.434354655192317,-7.334469821355378,-1.9525673839677893,-0.34959167422770304,0.0,-20.0,-20.0,110.0,-6.578534329271979
52,0.52,0.8462004906892766,0.8070354737936526,9.403655726850529,-7.334151113438282,-1.953770816593465,-0.35894259394297384,0.0,-20.0,-20.0,110.0,-6.550406174610367
53,0.53,0.8609174205766543,0.8071842386884427,9.37295679850876,-7.3338322085803185,-1.9549741971494266,-0.36829352708575663,0.0,-20.0,-20.0,110.0,-6.5223175208486115
54,0.54,0.8756343504641082,0.80733300358312,9.342257870167009,-7.333513106811031,-1.956177525617595,-0.37764447365806453,0.0,-20.0,-20.0,110.0,-6.494268715318585
55,0.55,0.8903512803516227,0.8074817684777077,9.31155894182527,-7.333193808155495,-1.9573808019769998,-0.3869954336630837,0.0,-20.0,-20.0,110.0,-6.46626010895076
56,0.56,0.9050682102391854,0.8076305333722242,9.280860013483542,-7.332874312635248,-1.9585840262043743,-0.39634640710492497,0.0,-20.0,-20.0,110.0,-6.4382920563112265
57,0.5700000000000001,0.9197851401267861,0.8077792982666842,9.250161085141823,-7.332554620269014,-1.959787198274625,-0.4056973939884379,0.0,-20.0,-20.0,110.0,-6.410364915638781
58,0.58,0.9345020700144174,0.8079280631610992,9.21946215680011,-7.332234731073282,-1.9609903181612085,-0.41504839431905294,0.0,-20.0,-20.0,110.0,-6.382479048882152
59,0.59,0.9492189999020728,0.8080768280554786,9.188763228458404,-7.331914645062769,-1.9621933858364322,-0.42439940810266685,0.0,-20.0,-20.0,110.0,-6.354634821737333
60,0.6,0.9639359297897472,0.8082255929498298,9.158064300116703,-7.331594362250776,-1.9633964012716865,-0.4337504353455425,0.0,-20.0,-20.0,110.0,-6.326832603684998
61,0.61,0.9786528596774369,0.8083743578441586,9.127365371775003,-7.331273882649489,-1.9645993644376387,-0.4431014760542413,0.0,-20.0,-20.0,110.0,-6.299072768027997
62,0.62,0.9933697895651387,0.8085231227384696,9.096666443433307,-7.330953206270209,-1.9658022753043756,-0.45245253023554793,0.0,-20.0,-20.0,110.0,-6.2713556919288935
63,0.63,1.00808671945285,0.8086718876327664,9.065967515091613,-7.330632333123522,-1.967005133841529,-0.46180359789643766,0.0,-20.0,-20.0,110.0,-6.24368175644755
64,0.64,1.022803649340569,0.808820652527052,9.03526858674992,-7.330311263219462,-1.9682079400183656,-0.47115467904403624,0.0,-20.0,-20.0,110.0,-6.216051346578718
65,0.65,1.0375205792282942,0.8089694174213289,9.00456965840823,-7.329989996567616,-1.969410693803865,-0.480505773685576,0.0,-20.0,-20.0,110.0,-6.188464851289656
66,0.66,1.052237509116024,0.8091181823155987,8.973870730066539,-7.32966853317722,-1.970613395166775,-0.4898568818283829,0.0,-20.0,-20.0,110.0,-6.16092266355767
67,0.67,1.0669544390037577,0.8092669472098631,8.94317180172485,-7.3293468730572355,-1.9718160440756627,-0.49920800347985916,0.0,-20.0,-20.0,110.0,-6.13342518040767
68,0.68,1.0816713688914945,0.8094157121041232,8.91247287338316,-7.3290250162164,-1.973018640498952,-0.5085591386474628,0.0,-20.0,-20.0,110.0,-6.105972802949585
69,0.6900000000000001,1.0963882987792337,0.8095644769983799,8.881773945041473,-7.3287029626632805,-1.9742211844049506,-0.5179102873386946,0.0,-20.0,-20.0,110.0,-6.078565936415754
70,0.7000000000000001,1.1111052286669747,0.8097132418926337,8.851075016699786,-7.328380712406302,-1.975423675761875,-0.527261449561086,0.0,-20.0,-20.0,110.0,-6.051204990198122
71,0.71,1.1258221585547175,0.8098620067868856,8.820376088358099,-7.3280582654537865,-1.9766261145378716,-0.5366126253222059,0.0,-20.0,-20.0,110.0,-6.023890377885339
72,0.72,1.1405390884424613,0.8100107716811359,8.789677160016412,-7.327735621813971,-1.9778285007010308,-0.5459638146296432,0.0,-20.0,-20.0,110.0,-5.996622517299669
73,0.73,1.155256018330206,0.8101595365753848,8.758978231674725,-7.3274127814950205,-1.979030834219396,-0.555315017491006,0.0,-20.0,-20.0,110.0,-5.969401830533642
74,0.74,1.1699729482179517,0.8103083014696328,8.728279303333037,-7.327089744505053,-1.980233115060976,-0.5646662339139062,0.0,-20.0,-20.0,110.0,-5.942228743986535
75,0.75,1.1846898781056978,0.81045706636388,8.69758037499135,-7.326766510852149,-1.9814353431937521,-0.5740174639059764,0.0,-20.0,-20.0,110.0,-5.915103688400502
76,0.76,1.1994068079934446,0.8106058312581268,8.666881446649663,-7.326443080544351,-1.9826375185856828,-0.5833687074748533,0.0,-20.0,-20.0,110.0,-5.88802709889646
77,0.77,1.2141237378811915,0.8107545961523732,8.636182518307976,-7.326119453589682,-1.9838396412047101,-0.5927199646281761,0.0,-20.0,-20.0,110.0,-5.86099941500958
78,0.78,1.228840667768939,0.8109033610466193,8.605483589966289,-7.325795629996147,-1.985041711018763,-0.6020712353735928,0.0,-20.0,-20.0,110.0,-5.8340210807243755
79,0.79,1.2435575976566866,0.8110521259408653,8.574784661624603,-7.325471609771743,-1.9862437279957603,-0.6114225197187602,0.0,-20.0,-20.0,110.0,-5.807092544509431
80,0.8,1.2582745275444345,0.8112008908351112,8.544085733282918,-7.325147392924448,-1.9874456921036112,-0.6207738176713276,0.0,-20.0,-20.0,110.0,-5.780214259351574
81,0.81,1.2729914574321823,0.811349655729357,8.513386804941232,-7.324822979462243,-1.9886476033102183,-0.6301251292389453,0.0,-20.0,-20.0,110.0,-5.753386682789589
82,0.8200000000000001,1.2877083873199304,0.8114984206236028,8.482687876599547,-7.324498369393099,-1.989849461583483,-0.6394764544292677,0.0,-20.0,-20.0,110.0,-5.726610276947354
83,0.8300000000000001,1.3024253172076785,0.8116471855178486,8.451988948257862,-7.3241735627249795,-1.9910512668913005,-0.6488277932499505,0.0,-20.0,-20.0,110.0,-5.699885508566339
84,0.84,1.3171422470954268,0.8117959504120946,8.421290019916176,-7.323848559465861,-1.9922530192015635,-0.6581791457086463,0.0,-20.0,-20.0,110.0,-5.673212849037486
85,0.85,1.3318591769831751,0.8119447153063406,8.390591091574489,-7.32352335962371,-1.9934547184821652,-0.6675305118130197,0.0,-20.0,-20.0,110.0,-5.646592774432342
86,0.86,1.3465761068709234,0.8120934802005867,8.359892163232802,-7.323197963206497,-1.9946563647009963,-0.6768818915707244,0.0,-20.0,-20.0,110.0,-5.620025765533416
87,0.87,1.3612930367586717,0.812242245094833,8.329193234891115,-7.322872370222202,-1.9958579578259468,-0.6862332849894075,0.0,-20.0,-20.0,110.0,-5.5935123078637465
88,0.88,1.3760099666464203,0.8123910099890794,8.298494306549427,-7.322546580678789,-1.9970594978249054,-0.6955846920767198,0.0,-20.0,-20.0,110.0,-5.567052891715538
89,0.89,1.3907268965341688,0.812539774883326,8.26779537820774,-7.322220594584247,-1.9982609846657622,-0.7049361128403135,0.0,-20.0,-20.0,110.0,-5.5406480121778685
90,0.9,1.4054438264219173,0.8126885397775727,8.237096449866053,-7.321894411946554,-1.9994624183164085,-0.7142875472878506,0.0,-20.0,-20.0,110.0,-5.514298169163366
91,0.91,1.4201607563096659,0.8128373046718196,8.206397521524366,-7.3215680327736985,-2.000663798744736,-0.7236389954269804,0.0,-20.0,-20.0,110.0,-5.48800386743382
92,0.92,1.4348776861974144,0.8129860695660667,8.175698593182679,-7.321241457073672,-2.001865125918635,-0.7329904572653506,0.0,-20.0,-20.0,110.0,-5.4617656166246205
93,0.93,1.449594616085163,0.8131348344603139,8.144999664840991,-7.32091468485446,-2.003066399805998,-0.7423419328106027,0.0,-20.0,-20.0,110.0,-5.435583931267965
94,0.9400000000000001,1.4643115459729115,0.8132835993545613,8.114300736499304,-7.320587716124073,-2.0042676203747183,-0.7516934220703888,0.0,-20.0,-20.0,110.0,-5.409459330814784
95,0.9500000000000001,1.47902847586066,0.8134323642488088,8.083601808157617,-7.320260550890504,-2.0054687875926898,-0.7610449250523524,0.0,-20.0,-20.0,110.0,-5.383392339655237
96,0.96,1.4937454057484085,0.8135811291430566,8.05290287981593,-7.319933189161768,-2.006669901427807,-0.770396441764136,0.0,-20.0,-20.0,110.0,-5.357383487137784
97,0.97,1.508462335636157,0.8137298940373046,8.022203951474243,-7.3196056309458735,-2.007870961847966,-0.7797479722133867,0.0,-20.0,-20.0,110.0,-5.331433307586667
98,0.98,1.5231792655239056,0.8138786589315526,7.991505023132556,-7.319277876250838,-2.0090719688210656,-0.7890995164077447,0.0,-20.0,-20.0,110.0,-5.305542340317752
99,0.99,1.5378961954116541,0.814027423825801,7.96080609479087,-7.318949925084683,-2.010272922315002,-0.7984510743548495,0.0,-20.0,-20.0,110.0,-5.279711129652652
100,1.0,1.5526131252994027,0.8141761887200495,7.930107166449184,-7.318621777455435,-2.0114738222976767,-0.8078026460623382,0.0,-20.0,-20.0,110.0,-5.2539402249309894
101,1.01,1.5673300551871512,0.8143249536142981,7.899408238107497,-7.318293433371132,-2.0126746687369885,-0.8171542315378503,0.0,-20.0,-20.0,110.0,-5.228230180520719
102,1.02,1.5820469850748997,0.814473718508547,7.868709309765809,-7.3179648928398,-2.01387546160084,-0.8265058307890193,0.0,-20.0,-20.0,110.0,-5.202581555826421
103,1.03,1.5967639149626482,0.8146224834027961,7.838010381424122,-7.3176361558694865,-2.0150762008571346,-0.8358574438234788,0.0,-20.0,-20.0,110.0,-5.176994915295453
104,1.04,1.6114808448503968,0.8147712482970453,7.807311453082435,-7.317307222468234,-2.016276886473775,-0.8452090706488604,0.0,-20.0,-20.0,110.0,-5.151470828421785
105,1.05,1.6261977747381453,0.8149200131912947,7.776612524740748,-7.316978092644095,-2.0174775184186657,-0.8545607112727885,0.0,-20.0,-20.0,110.0,-5.126009869747534
106,1.06,1.6409147046258938,0.8150687780855443,7.745913596399061,-7.316648766405123,-2.0186780966597144,-0.8639123657028939,0.0,-20.0,-20.0,110.0,-5.100612618861928
107,1.07,1.6556316345136424,0.8152175429797941,7.715214668057373,-7.31631924375938,-2.019878621164829,-0.8732640339468117,0.0,-20.0,-20.0,110.0,-5.0752796603976575
108,1.08,1.670348564401391,0.8153663078740441,7.684515739715686,-7.315989524714929,-2.0210790919019197,-0.882615716012171,0.0,-20.0,-20.0,110.0,-5.050011584024494
109,1.09,1.6850654942891394,0.8155150727682943,7.653816811373999,-7.3156596092798445,-2.0222795088388965,-0.8919674119065977,0.0,-20.0,-20.0,110.0,-5.024808984439993
110,1.1,1.699782424176888,0.8156638376625447,7.623117883032312,-7.315329497462206,-2.023479871943671,-0.9013191216377203,0.0,-20.0,-20.0,110.0,-4.999672461357146
111,1.11,1.7144993540646365,0.8158126025567952,7.592418954690625,-7.31499918927008,-2.0246801811841557,-0.9106708452131508,0.0,-20.0,-20.0,110.0,-4.974602619488909
112,1.12,1.729216283952385,0.815961367451046,7.5617200263489375,-7.3146686847115605,-2.0258804365282628,-0.9200225826405071,0.0,-20.0,-20.0,110.0,-4.949600068529347
113,1.1300000000000001,1.7439332138401336,0.816110132345297,7.53102109800725,-7.314337983794736,-2.02708063794391,-0.9293743339274219,0.0,-20.0,-20.0,110.0,-4.924665423131318
114,1.1400000000000001,1.758650143727882,0.816258897239548,7.500322169665563,-7.314007086527701,-2.0282807853990157,-0.9387260990815236,0.0,-20.0,-20.0,110.0,-4.8997993028805045
115,1.1500000000000001,1.7733670736156306,0.8164076621337993,7.469623241323876,-7.313675992918555,-2.0294808788614946,-0.9480778781104136,0.0,-20.0,-20.0,110.0,-4.8750023322656615
116,1.16,1.7880840035033791,0.8165564270280509,7.438924312982189,-7.313344702975406,-2.030680918299266,-0.9574296710217067,0.0,-20.0,-20.0,110.0,-4.850275140644865
117,1.17,1.8028009333911277,0.8167051919223025,7.4082253846405015,-7.3130132167063575,-2.0318809036802503,-0.9667814778230245,0.0,-20.0,-20.0,110.0,-4.82561836220758
118,1.18,1.8175178632788762,0.8168539568165544,7.377526456298814,-7.3126815341195295,-2.033080834972371,-0.9761332985219797,0.0,-20.0,-20.0,110.0,-4.801032635932435
119,1.19,1.8322347931666247,0.8170027217108065,7.346827527957127,-7.312349655223041,-2.0342807121435484,-0.9854851331261787,0.0,-20.0,-20.0,110.0,-4.776518605540427
120,1.2,1.8469517230543733,0.8171514866050587,7.31612859961544,-7.3120175800250085,-2.035480535161707,-0.9948369816432322,0.0,-20.0,-20.0,110.0,-4.752076919443448
121,1.21,1.8616686529421218,0.8173002514993111,7.285429671273753,-7.311685308533567,-2.0366803039947725,-1.0041888440807485,0.0,-20.0,-20.0,110.0,-4.7277082306878135
122,1.22,1.8763855828298703,0.8174490163935637,7.2547307429320655,-7.311352840756854,-2.037880018610671,-1.0135407204463305,0.0,-20.0,-20.0,110.0,-4.703413196892746
123,1.23,1.8911025127176189,0.8175977812878165,7.224031814590378,-7.3110201767030025,-2.0390796789773313,-1.0228926107475904,0.0,-20.0,-20.0,110.0,-4.6791924801834535
124,1.24,1.9058194426053674,0.8177465461820694,7.193332886248691,-7.310687316380157,-2.0402792850626823,-1.032244514992135,0.0,-20.0,-20.0,110.0,-4.655046747118653
125,1.25,1.920536372493116,0.8178953110763226,7.162633957907004,-7.310354259796473,-2.0414788368346524,-1.0415964331875605,0.0,-20.0,-20.0,110.0,-4.63097666861232
126,1.26,1.9352533023808645,0.818044075970576,7.131935029565317,-7.310021006960097,-2.0426783342611756,-1.0509483653414695,0.0,-20.0,-20.0,110.0,-4.606982919849399
127,1.27,1.949970232268613,0.8181928408648296,7.10123610122363,-7.309687557879188,-2.0438777773101835,-1.0603003114614624,0.0,-20.0,-20.0,110.0,-4.583066180195245
128,1.28,1.9646871621563615,0.8183416057590833,7.070537172881942,-7.309353912561915,-2.045077165949609,-1.0696522715551346,0.0,-20.0,-20.0,110.0,-4.559227133098553
129,1.29,1.97940409204411,0.8184903706533373,7.039838244540254,-7.309020071016442,-2.0462765001473904,-1.0790042456300886,0.0,-20.0,-20.0,110.0,-4.53546646598753
130,1.3,1.9941210219318586,0.8186391355475914,7.009139316198566,-7.308686033250943,-2.047475779871463,-1.0883562336939208,0.0,-20.0,-20.0,110.0,-4.511784870159023
131,1.31,2.0088379518196073,0.8187879004418457,6.978440387856878,-7.3083517992736,-2.0486750050897653,-1.0977082357542258,0.0,-20.0,-20.0,110.0,-4.488183040660357
132,1.32,2.023554881707356,0.8189366653361002,6.94774145951519,-7.308017369092588,-2.049874175770235,-1.1070602518185926,0.0,-20.0,-20.0,110.0,-4.464661676163605
133,1.33,2.0382718115951044,0.8190854302303548,6.917042531173502,-7.307682742716104,-2.0510732918808126,-1.1164122818946116,0.0,-20.0,-20.0,110.0,-4.441221478832
134,1.34,2.052988741482853,0.8192341951246097,6.886343602831814,-7.307347920152336,-2.052272353389441,-1.1257643259898777,0.0,-20.0,-20.0,110.0,-4.417863154178158
135,1.35,2.0677056713706015,0.8193829600188648,6.855644674490126,-7.307012901409486,-2.0534713602640644,-1.135116384111977,0.0,-20.0,-20.0,110.0,-4.394587410913938
136,1.36,2.08242260125835,0.81953172491312,6.824945746148438,-7.306677686495751,-2.0546703124726244,-1.1444684562684893,0.0,-20.0,-20.0,110.0,-4.371394960791492
137,1.37,2.0971395311460985,0.8196804898073754,6.79424681780675,-7.306342275419342,-2.055869209983067,-1.1538205424670045,0.0,-20.0,-20.0,110.0,-4.348286518435255
138,1.3800000000000001,2.111856461033847,0.819829254701631,6.763547889465062,-7.306006668188474,-2.057068052763339,-1.1631726427151097,0.0,-20.0,-20.0,110.0,-4.325262801164565
139,1.3900000000000001,2.1265733909215956,0.8199780195958869,6.7328489611233735,-7.3056708648113595,-2.058266840781389,-1.172524757020388,0.0,-20.0,-20.0,110.0,-4.302324528806584
140,1.4000000000000001,2.141290320809344,0.8201267844901429,6.702150032781685,-7.305334865296226,-2.059465574005166,-1.1818768853904194,0.0,-20.0,-20.0,110.0,-4.279472423499152
141,1.41,2.1560072506970926,0.8202755493843991,6.671451104439997,-7.3049986696512965,-2.060664252402621,-1.1912290278327833,0.0,-20.0,-20.0,110.0,-4.256707209483241
142,1.42,2.170724180584841,0.8204243142786555,6.640752176098309,-7.304662277884808,-2.0618628759417064,-1.2005811843550596,0.0,-20.0,-20.0,110.0,-4.234029612884724
143,1.43,2.1854411104725897,0.820573079172912,6.610053247756621,-7.304325690004995,-2.063061444590375,-1.209933354964823,0.0,-20.0,-20.0,110.0,-4.21144036148498
144,1.44,2.2001580403603382,0.8207218440671687,6.579354319414933,-7.303988906020098,-2.064259958316579,-1.219285539669646,0.0,-20.0,-20.0,110.0,-4.188940184480085
145,1.45,2.2148749702480868,0.8208706089614257,6.548655391073245,-7.303651925938368,-2.065458417088275,-1.2286377384770961,0.0,-20.0,-20.0,110.0,-4.166529812228163
146,1.46,2.2295919001358353,0.8210193738556828,6.517956462731557,-7.303314749768057,-2.06665682087342,-1.237989951394745,0.0,-20.0,-20.0,110.0,-4.1442099759845075
147,1.47,2.244308830023584,0.8211681387499401,6.487257534389869,-7.302977377517419,-2.067855169639972,-1.2473421784301706,0.0,-20.0,-20.0,110.0,-4.1219814076241335
148,1.48,2.2590257599113324,0.8213169036441976,6.456558606048181,-7.3026398091947184,-2.0690534633558904,-1.2566944195909397,0.0,-20.0,-20.0,110.0,-4.099844839351329
149,1.49,2.273742689799081,0.8214656685384553,6.425859677706493,-7.302302044808222,-2.070251701989138,-1.266046674884626,0.0,-20.0,-20.0,110.0,-4.077801003395817
150,1.5,2.2884596196868294,0.8216144334327131,6.395160749364805,-7.3019640843661975,-2.0714498855076755,-1.2753989443187943,0.0,-20.0,-20.0,110.0,-4.05585063169513
151,1.51,2.303176549574578,0.8217631983269712,6.3644618210231165,-7.301625927876925,-2.072648013879467,-1.2847512279010114,0.0,-20.0,-20.0,110.0,-4.033994455562798
152,1.52,2.3178934794623265,0.8219119632212294,6.3337628926814284,-7.301287575348685,-2.0738460870724755,-1.2941035256388371,0.0,-20.0,-20.0,110.0,-4.0122332053419
153,1.53,2.332610409350075,0.8220607281154878,6.30306396433974,-7.300949026789764,-2.0750441050546686,-1.3034558375398366,0.0,-20.0,-20.0,110.0,-3.9905676100435934
154,1.54,2.3473273392378236,0.8222094930097464,6.272365035998052,-7.3006102822084555,-2.076242067794012,-1.312808163611564,0.0,-20.0,-20.0,110.0,-3.968998396970153
155,1.55,2.362044269125572,0.8223582579040053,6.241666107656364,-7.300271341613037,-2.07743997525847,-1.322160503861578,0.0,-20.0,-20.0,110.0,-3.947526291322156
156,1.56,2.3767611990133206,0.8225070227982643,6.210967179314676,-7.299932205011843,-2.078637827416022,-1.331512858297448,0.0,-20.0,-20.0,110.0,-3.9261520157892753
157,1.57,2.391478128901069,0.8226557876925235,6.180268250972988,-7.299592872413163,-2.0798356242346334,-1.3408652269267212,0.0,-20.0,-20.0,110.0,-3.904876290124379
158,1.58,2.4061950587888177,0.8228045525867829,6.149569322631299,-7.299253343825308,-2.081033365682278,-1.350217609756958,0.0,-20.0,-20.0,110.0,-3.8836998307003303
159,1.59,2.420911988676566,0.8229533174810424,6.11887039428961,-7.29891361925659,-2.082231051726929,-1.3595700067957117,0.0,-20.0,-20.0,110.0,-3.8626233500491995
160,1.6,2.4356289185643147,0.8231020823753021,6.088171465947921,-7.298573698715339,-2.083428682336562,-1.3689224180505308,0.0,-20.0,-20.0,110.0,-3.8416475563833345
161,1.61,2.4503458484520633,0.8232508472695621,6.057472537606232,-7.298233582209871,-2.0846262574791514,-1.3782748435289625,0.0,-20.0,-20.0,110.0,-3.820773153097875
162,1.62,2.465062778339812,0.8233996121638222,6.026773609264543,-7.297893269748524,-2.0858237771226755,-1.387627283238561,0.0,-20.0,-20.0,110.0,-3.800000838254263
163,1.6300000000000001,2.4797797082275603,0.8235483770580825,5.996074680922854,-7.297552761339631,-2.0870212412351123,-1.3969797371868733,0.0,-20.0,-20.0,110.0,-3.779331304044308
164,1.6400000000000001,2.494496638115309,0.823697141952343,5.965375752581165,-7.29721205699153,-2.0882186497844426,-1.4063322053814398,0.0,-20.0,-20.0,110.0,-3.7587652362343333
165,1.6500000000000001,2.5092135680030574,0.8238459068466036,5.934676824239476,-7.296871156712571,-2.0894160027386475,-1.4156846878298084,0.0,-20.0,-20.0,110.0,-3.738303313588963
166,1.6600000000000001,2.523930497890806,0.8239946717408645,5.903977895897787,-7.296530060511101,-2.0906133000657094,-1.4250371845395204,0.0,-20.0,-20.0,110.0,-3.71794620727411
167,1.67,2.5386474277785545,0.8241434366351256,5.873278967556098,-7.296188768395475,-2.0918105417336115,-1.4343896955181117,0.0,-20.0,-20.0,110.0,-3.6976945802387284
168,1.68,2.553364357666303,0.8242922015293869,5.842580039214409,-7.295847280374056,-2.093007727710339,-1.4437422207731232,0.0,-20.0,-20.0,110.0,-3.6775490865748455
169,1.69,2.5680812875540515,0.8244409664236483,5.81188111087272,-7.295505596455206,-2.0942048579638795,-1.453094760312102,0.0,-20.0,-20.0,110.0,-3.6575103708555172
170,1.7,2.5827982174418,0.8245897313179099,5.781182182531031,-7.295163716647294,-2.0954019324622197,-1.4624473141425811,0.0,-20.0,-20.0,110.0,-3.6375790674501967
171,1.71,2.5975151473295486,0.8247384962121718,5.7504832541893425,-7.294821640958699,-2.096598951173351,-1.4717998822720988,0.0,-20.0,-20.0,110.0,-3.6177557998171244
172,1.72,2.612232077217297,0.8248872611064337,5.7197843258476535,-7.2944793693977985,-2.0977959140652613,-1.4811524647081882,0.0,-20.0,-20.0,110.0,-3.598041179772362
173,1.73,2.6269490071050456,0.8250360260006959,5.6890853975059645,-7.294136901972976,-2.098992821105943,-1.4905050614583784,0.0,-20.0,-20.0,110.0,-3.578435806735002
174,1.74,2.641665936992794,0.8251847908949583,5.658386469164276,-7.293794238692624,-2.1001896722633893,-1.4998576725302009,0.0,-20.0,-20.0,110.0,-3.558940266948204
175,1.75,2.6563828668805427,0.8253335557892209,5.627687540822587,-7.293451379565138,-2.1013864675055927,-1.5092102979311817,0.0,-20.0,-20.0,110.0,-3.5395551326756403
176,1.76,2.6710997967682912,0.8254823206834836,5.596988612480898,-7.293108324598915,-2.1025832068005497,-1.5185629376688516,0.0,-20.0,-20.0,110.0,-3.5202809613730293
177,1.77,2.6858167266560398,0.8256310855777466,5.566289684139209,-7.29276507380236,-2.103779890116258,-1.5279155917507383,0.0,-20.0,-20.0,110.0,-3.5011182948343404
178,1.78,2.7005336565437883,0.8257798504720096,5.53559075579752,-7.292421627183878,-2.1049765174207153,-1.5372682601843664,0.0,-20.0,-20.0,110.0,-3.4820676583123724
179,1.79,2.715250586431537,0.8259286153662729,5.504891827455831,-7.292077984751892,-2.1061730886819205,-1.5466209429772593,0.0,-20.0,-20.0,110.0,-3.4631295596133964
180,1.8,2.7299675163192854,0.8260773802605365,5.474192899114142,-7.291734146514811,-2.107369603867876,-1.5559736401369446,0.0,-20.0,-20.0,110.0,-3.444304488165489
181,1.81,2.744684446207034,0.8262261451548001,5.443493970772453,-7.291390112481065,-2.1085660629465828,-1.5653263516709393,0.0,-20.0,-20.0,110.0,-3.42559291406037
182,1.82,2.7594013760947824,0.8263749100490639,5.412795042430764,-7.291045882659081,-2.109762465886044,-1.5746790775867618,0.0,-20.0,-20.0,110.0,-3.4069952870683946
183,1.83,2.774118305982531,0.826523674943328,5.382096114089075,-7.290701457057293,-2.1109588126542644,-1.5840318178919306,0.0,-20.0,-20.0,110.0,-3.388512035626537
184,1.84,2.7888352358702795,0.8266724398375923,5.351397185747386,-7.290356835684138,-2.11215510321925,-1.5933845725939633,0.0,-20.0,-20.0,110.0,-3.3701435657990997
185,1.85,2.803552165758028,0.8268212047318567,5.320698257405697,-7.290012018548064,-2.113351337549009,-1.602737341700378,0.0,-20.0,-20.0,110.0,-3.3518902602109932
186,1.86,2.8182690956457765,0.8269699696261213,5.289999329064007,-7.289667005657517,-2.1145475156115494,-1.6120901252186859,0.0,-20.0,-20.0,110.0,-3.3337524769534195
187,1.87,2.832986025533525,0.8271187345203862,5.259300400722317,-7.2893217970209525,-2.1157436373748806,-1.621442923156393,0.0,-20.0,-20.0,110.0,-3.3157305484618544
188,1.8800000000000001,2.8477029554212736,0.8272674994146512,5.228601472380627,-7.288976392646829,-2.116939702807013,-1.6307957355210065,0.0,-20.0,-20.0,110.0,-3.297824780366214
189,1.8900000000000001,2.862419885309022,0.8274162643089163,5.1979025440389375,-7.288630792543609,-2.1181357118759596,-1.6401485623200378,0.0,-20.0,-20.0,110.0,-3.2800354503131595
190,1.9000000000000001,2.8771368151967707,0.8275650292031818,5.167203615697248,-7.288284996719756,-2.1193316645497347,-1.6495014035610032,0.0,-20.0,-20.0,110.0,-3.2623628067604993
191,1.9100000000000001,2.891853745084519,0.8277137940974473,5.136504687355558,-7.287939005183745,-2.1205275607963543,-1.6588542592514053,0.0,-20.0,-20.0,110.0,-3.2448070677437646
192,1.92,2.9065706749722677,0.827862558991713,5.105805759013868,-7.287592817944063,-2.1217234005838335,-1.6682071293987475,0.0,-20.0,-20.0,110.0,-3.2273684196149484
193,1.93,2.9212876048600163,0.828011323885979,5.075106830672178,-7.287246435009183,-2.122919183880191,-1.6775600140105298,0.0,-20.0,-20.0,110.0,-3.210047015753539
194,1.94,2.936004534747765,0.828160088780245,5.044407902330488,-7.286899856387594,-2.1241149106534447,-1.686912913094255,0.0,-20.0,-20.0,110.0,-3.1928429752499974
195,1.95,2.9507214646355133,0.8283088536745113,5.013708973988798,-7.286553082087794,-2.125310580871617,-1.6962658266574246,0.0,-20.0,-20.0,110.0,-3.175756381561853
196,1.96,2.965438394523262,0.8284576185687779,4.9830100456471085,-7.286206112118275,-2.1265061945027277,-1.7056187547075399,0.0,-20.0,-20.0,110.0,-3.1587872811426627
197,1.97,2.9801553244110104,0.8286063834630446,4.952311117305419,-7.285858946487541,-2.127701751514801,-1.7149716972521005,0.0,-20.0,-20.0,110.0,-3.1419356820441044
198,1.98,2.994872254298759,0.8287551483573115,4.921612188963729,-7.2855115852041,-2.128897251875861,-1.7243246542985957,0.0,-20.0,-20.0,110.0,-3.1252015524915677
199,1.99,3.0095891841865074,0.8289039132515785,4.890913260622039,-7.285164028276464,-2.1300926955539334,-1.7336776258545248,0.0,-20.0,-20.0,110.0,-3.1085848194336103
200,2.0,3.024306114074256,0.8290526781458458,4.860214332280349,-7.284816275713152,-2.131288082517046,-1.7430306119273797,0.0,-20.0,-20.0,110.0,-3.0920853670657156
201,2.0100000000000002,3.0390230439620045,0.8292014430401132,4.829515403938659,-7.284468327522686,-2.1324834127332255,-1.7523836125246504,0.0,-20.0,-20.0,110.0,-3.0757030353288934
202,2.02,3.053739973849753,0.8293502079343809,4.798816475596969,-7.284120183713592,-2.1336786861705033,-1.7617366276538295,0.0,-20.0,-20.0,110.0,-3.05943761838359
203,2.0300000000000002,3.0684569037375016,0.8294989728286487,4.7681175472552795,-7.283771844294401,-2.1348739027969095,-1.7710896573224035,0.0,-20.0,-20.0,110.0,-3.043288863059654
204,2.04,3.08317383362525,0.8296477377229167,4.73741861891359,-7.283423309273651,-2.136069062580476,-1.7804427015378548,0.0,-20.0,-20.0,110.0,-3.0272564672828874
205,2.05,3.0978907635129986,0.8297965026171849,4.7067196905719,-7.283074578659887,-2.1372641654892357,-1.7897957603076673,0.0,-20.0,-20.0,110.0,-3.01134007847902
206,2.06,3.112607693400747,0.8299452675114533,4.67602076223021,-7.282725652461652,-2.1384592114912238,-1.7991488336393229,0.0,-20.0,-20.0,110.0,-2.995539291955853
207,2.07,3.1273246232884957,0.8300940324057218,4.64532183388852,-7.282376530687501,-2.139654200554475,-1.808501921540301,0.0,-20.0,-20.0,110.0,-2.979853649264445
208,2.08,3.1420415531762442,0.8302427972999905,4.61462290554683,-7.2820272133459865,-2.1408491326470287,-1.817855024018086,0.0,-20.0,-20.0,110.0,-2.964282636540262
209,2.09,3.1567584830639928,0.8303915621942595,4.58392397720514,-7.281677700445674,-2.1420440077369234,-1.8272081410801555,0.0,-20.0,-20.0,110.0,-2.9488256828252455
210,2.1,3.1714754129517413,0.8305403270885285,4.5532250488634505,-7.281327991995124,-2.143238825792199,-1.8365612727339808,0.0,-20.0,-20.0,110.0,-2.93348215837191
211,2.11,3.18619234283949,0.8306890919827978,4.522526120521761,-7.280978088002915,-2.1444335867808957,-1.8459144189870462,0.0,-20.0,-20.0,110.0,-2.918251372930508
212,2.12,3.2009092727272384,0.8308378568770673,4.491827192180071,-7.28062798847762,-2.145628290671059,-1.8552675798468248,0.0,-20.0,-20.0,110.0,-2.9031325740204887
213,2.13,3.215626202614987,0.8309866217713371,4.461128263838381,-7.280277693427819,-2.146822937430731,-1.8646207553207874,0.0,-20.0,-20.0,110.0,-2.8881249451874584
214,2.14,3.2303431325027354,0.8311353866656069,4.430429335496691,-7.279927202862102,-2.148017527027958,-1.8739739454164057,0.0,-20.0,-20.0,110.0,-2.873227604246975
215,2.15,3.245060062390484,0.831284151559877,4.399730407155,-7.279576516789055,-2.149212059430787,-1.8833271501411535,0.0,-20.0,-20.0,110.0,-2.8584396015165066
216,2.16,3.2597769922782325,0.8314329164541473,4.3690314788133096,-7.279225635217277,-2.1504065346072663,-1.8926803695024985,0.0,-20.0,-20.0,110.0,-2.843759918037001
217,2.17,3.274493922165981,0.8315816813484177,4.338332550471619,-7.278874558155367,-2.151600952525444,-1.902033603507901,0.0,-20.0,-20.0,110.0,-2.8291874637855168
218,2.18,3.2892108520537295,0.8317304462426883,4.307633622129928,-7.278523285611932,-2.152795313153372,-1.9113868521648312,0.0,-20.0,-20.0,110.0,-2.814721075880551
219,2.19,3.303927781941478,0.8318792111369592,4.276934693788237,-7.278171817595584,-2.153989616459103,-1.9207401154807555,0.0,-20.0,-20.0,110.0,-2.800359516781495
220,2.2,3.3186447118292266,0.8320279760312301,4.246235765446547,-7.277820154114935,-2.1551838624106896,-1.9300933934631361,0.0,-20.0,-20.0,110.0,-2.786101472484054
221,2.21,3.333361641716975,0.8321767409255013,4.215536837104856,-7.277468295178609,-2.156378050976187,-1.9394466861194264,0.0,-20.0,-20.0,110.0,-2.771945550713199
222,2.22,3.3480785716047237,0.8323255058197727,4.184837908763165,-7.277116240795229,-2.1575721821236495,-1.9487999934570868,0.0,-20.0,-20.0,110.0,-2.757890279115475
223,2.23,3.362795501492472,0.8324742707140442,4.154138980421474,-7.276763990973429,-2.1587662558211367,-1.9581533154835762,0.0,-20.0,-20.0,110.0,-2.7439341034524376
224,2.24,3.3775124313802207,0.832623035608316,4.123440052079784,-7.276411545721824,-2.159960272036701,-1.9675066522063467,0.0,-20.0,-20.0,110.0,-2.7300753857970483
225,2.25,3.3922293612679693,0.8327718005025879,4.092741123738093,-7.276058905049085,-2.161154230738414,-1.9768600036328627,0.0,-20.0,-20.0,110.0,-2.7163124027349275
226,2.2600000000000002,3.406946291155718,0.8329205653968601,4.062042195396402,-7.275706068963849,-2.16234813189433,-1.9862133697705713,0.0,-20.0,-20.0,110.0,-2.702643343572385
227,2.27,3.4216632210434663,0.8330693302911324,4.031343267054711,-7.275353037474758,-2.163541975472513,-1.9955667506269208,0.0,-20.0,-20.0,110.0,-2.6890663085531425
228,2.2800000000000002,3.436380150931215,0.8332180951854049,4.000644338713021,-7.27499981059047,-2.164735761441027,-2.004920146209365,0.0,-20.0,-20.0,110.0,-2.675579307085728
229,2.29,3.4510970808189634,0.8333668600796776,3.96994541037133,-7.274646388319646,-2.165929489767937,-2.0142735565253496,0.0,-20.0,-20.0,110.0,-2.6621802559835563
230,2.3000000000000003,3.465814010706712,0.8335156249739505,3.939246482029639,-7.274292770670947,-2.16712316042131,-2.0236269815823245,0.0,-20.0,-20.0,110.0,-2.648866977719673
231,2.31,3.4805309405944604,0.8336643898682236,3.9085475536879484,-7.273938957653046,-2.1683167733692144,-2.032980421387735,0.0,-20.0,-20.0,110.0,-2.635637198698164
232,2.32,3.495247870482209,0.8338131547624968,3.8778486253462576,-7.273584949274616,-2.169510328579721,-2.042333875949026,0.0,-20.0,-20.0,110.0,-2.62248854754432
233,2.33,3.5099648003699575,0.8339619196567702,3.847149697004567,-7.273230745544335,-2.1707038260208993,-2.051687345273638,0.0,-20.0,-20.0,110.0,-2.609418553415489
234,2.34,3.524681730257706,0.8341106845510439,3.816450768662876,-7.272876346470891,-2.1718972656608213,-2.0610408293690132,0.0,-20.0,-20.0,110.0,-2.596424644334695
235,2.35,3.5393986601454546,0.8342594494453177,3.7857518403211854,-7.272521752062972,-2.1730906474675598,-2.0703943282425845,0.0,-20.0,-20.0,110.0,-2.583504145548967
236,2.36,3.554115590033203,0.8344082143395917,3.755052911979494,-7.27216696232927,-2.17428397140919,-2.0797478419017916,0.0,-20.0,-20.0,110.0,-2.570654277914394
237,2.37,3.5688325199209516,0.8345569792338658,3.7243539836378035,-7.271811977278486,-2.1754772374537894,-2.0891013703540753,0.0,-20.0,-20.0,110.0,-2.5578721563098483
238,2.38,3.5835494498087,0.8347057441281402,3.6936550552961123,-7.271456796919324,-2.1766704455694343,-2.0984549136068673,0.0,-20.0,-20.0,110.0,-2.545154788081248
239,2.39,3.5982663796964487,0.8348545090224148,3.662956126954421,-7.27110142126049,-2.177863595724204,-2.1078084716676018,0.0,-20.0,-20.0,110.0,-2.5324990715183033
240,2.4,3.6129833095841972,0.8350032739166895,3.63225719861273,-7.270745850310704,-2.179056687886179,-2.117162044543707,0.0,-20.0,-20.0,110.0,-2.5199017943655075
241,2.41,3.6277002394719458,0.8351520388109644,3.6015582702710387,-7.270390084078677,-2.180249722023439,-2.1265156322426115,0.0,-20.0,-20.0,110.0,-2.5073596323691567
242,2.42,3.6424171693596943,0.8353008037052396,3.5708593419293475,-7.270034122573139,-2.1814426981040698,-2.1358692347717545,0.0,-20.0,-20.0,110.0,-2.494869147862124
243,2.43,3.657134099247443,0.8354495685995149,3.5401604135876563,-7.269677965802814,-2.1826356160961553,-2.1452228521385615,0.0,-20.0,-20.0,110.0,-2.5121603041465557
244,2.44,3.6718510291351913,0.8355983334937904,3.509461485245965,-7.269321613776438,-2.18382847596778,-2.1545764843504545,0.0,-20.0,-20.0,110.0,-2.530469430214804
245,2.45,3.68656795902294,0.8357470983880662,3.478762556904274,-7.26896506650275,-2.1850212776870315,-2.1639301314148573,0.0,-20.0,-20.0,110.0,-2.548833467175432
246,2.46,3.7012848889106884,0.835895863282342,3.4480636285625827,-7.268608323990487,-2.186214021221998,-2.1732837933391926,0.0,-20.0,-20.0,110.0,-2.567255748624437
247,2.47,3.716001818798437,0.8360446281766181,3.4173647002208916,-7.268251386248409,-2.18740670654077,-2.1826374701308833,0.0,-20.0,-20.0,110.0,-2.585739493349089
248,2.48,3.7307187486861855,0.8361933930708944,3.3866657718792004,-7.267894253285261,-2.188599333611439,-2.191991161797354,0.0,-20.0,-20.0,110.0,-2.6042878058769596
249,2.49,3.745435678573934,0.8363421579651708,3.355966843537509,-7.2675369251098,-2.1897919024020953,-2.2013448683460113,0.0,-20.0,-20.0,110.0,-2.6229036770738623
250,2.5,3.7601526084616825,0.8364909228594474,3.325267915195818,-7.267179401730795,-2.190984412880833,-2.210698589784276,0.0,-20.0,-20.0,110.0,-2.6415899847919806
251,2.5100000000000002,3.774869538349431,0.8366396877537242,3.2945689868541264,-7.2668216831570085,-2.1921768650157474,-2.220052326119562,0.0,-20.0,-20.0,110.0,-2.660349494569385
252,2.52,3.7895864682371796,0.8367884526480012,3.2638700585124347,-7.266463769397211,-2.1933692587749367,-2.229406077359285,0.0,-20.0,-20.0,110.0,-2.6791848603821196
253,2.5300000000000002,3.804303398124928,0.8369372175422783,3.233171130170743,-7.26610566046019,-2.1945615941264967,-2.2387598435108527,0.0,-20.0,-20.0,110.0,-2.69809862544967
254,2.54,3.8190203280126767,0.8370859824365557,3.2024722018290515,-7.265747356354722,-2.195753871038528,-2.248113624581676,0.0,-20.0,-20.0,110.0,-2.7170932230947353
255,2.5500000000000003,3.833737257900425,0.8372347473308334,3.17177327348736,-7.265388857089593,-2.1969460894791304,-2.2574674205791725,0.0,-20.0,-20.0,110.0,-2.7361709776579186
256,2.56,3.8484541877881737,0.8373835122251111,3.141074345145668,-7.265030162673597,-2.198138249416407,-2.2668212315107468,0.0,-20.0,-20.0,110.0,-2.7553341054678664
257,2.57,3.8631711176759223,0.837532277119389,3.1103754168039766,-7.264671273115513,-2.1993303508184545,-2.2761750573837944,0.0,-20.0,-20.0,110.0,-2.7745847158671912
258,2.58,3.877888047563671,0.8376810420136672,3.079676488462285,-7.264312188424178,-2.200522393653389,-2.2855288982057305,0.0,-20.0,-20.0,110.0,-2.7939248122944425
259,2.59,3.8926049774514193,0.8378298069079455,3.0489775601205933,-7.263952908608383,-2.201714377889311,-2.294882753983952,0.0,-20.0,-20.0,110.0,-2.8133562934221166
260,2.6,3.907321907339168,0.837978571802224,3.0182786317789017,-7.263593433676941,-2.2029063034943257,-2.3042366247258554,0.0,-20.0,-20.0,110.0,-2.832880954350662
261,2.61,3.9220388372269164,0.8381273366965027,2.98757970343721,-7.263233763638666,-2.2040981704365454,-2.313590510438848,0.0,-20.0,-20.0,110.0,-2.852500487858124
262,2.62,3.936755767114665,0.8382761015907816,2.9568807750955184,-7.262873898502381,-2.2052899786840783,-2.322944411130333,0.0,-20.0,-20.0,110.0,-2.872216485705101
263,2.63,3.9514726970024134,0.8384248664850606,2.9261818467538268,-7.262513838276916,-2.206481728205037,-2.332298326807695,0.0,-20.0,-20.0,110.0,-2.892030439994345
264,2.64,3.966189626890162,0.8385736313793399,2.895482918412135,-7.262153582971096,-2.207673418967532,-2.3416522574783256,0.0,-20.0,-20.0,110.0,-2.9119437445843315
265,2.65,3.9809065567779105,0.8387223962736193,2.864783990070443,-7.261793132593764,-2.2088650509396786,-2.351006203149621,0.0,-20.0,-20.0,110.0,-2.9319576965557634
266,2.66,3.995623486665659,0.838871161167899,2.834085061728751,-7.261432487153758,-2.210056624089593,-2.360360163828975,0.0,-20.0,-20.0,110.0,-2.952073497730145
267,2.67,4.010340416553408,0.8390199260621788,2.803386133387059,-7.261071646659927,-2.2112481383853915,-2.36971413952378,0.0,-20.0,-20.0,110.0,-2.9722922562389793
268,2.68,4.025057346441157,0.8391686909564589,2.772687205045367,-7.26071061112112,-2.212439593795193,-2.37906813024142,0.0,-20.0,-20.0,110.0,-2.9926149881424102
269,2.69,4.039774276328906,0.839317455850739,2.7419882767036747,-7.260349380546195,-2.2136309902871156,-2.3884221359892783,0.0,-20.0,-20.0,110.0,-3.013042619095697
270,2.7,4.054491206216655,0.8394662207450194,2.7112893483619827,-7.259987954944013,-2.2148223278292822,-2.3977761567747455,0.0,-20.0,-20.0,110.0,-3.033575986061873
271,2.71,4.069208136104404,0.8396149856393,2.6805904200202906,-7.259626334323438,-2.2160136063898124,-2.4071301926051993,0.0,-20.0,-20.0,110.0,-3.054215839068826
272,2.72,4.083925065992153,0.8397637505335808,2.6498914916785985,-7.259264518693345,-2.2172048259368324,-2.4164842434880267,0.0,-20.0,-20.0,110.0,-3.0749628430088607
273,2.73,4.098641995879902,0.8399125154278617,2.6191925633369064,-7.2589025080626035,-2.2183959864384675,-2.4258383094306124,0.0,-20.0,-20.0,110.0,-3.0958175794786698
274,2.74,4.113358925767651,0.8400612803221429,2.5884936349952143,-7.258540302440098,-2.2195870878628443,-2.435192390440336,0.0,-20.0,-20.0,110.0,-3.116780548657591
275,2.75,4.1280758556554,0.8402100452164242,2.5577947066535223,-7.258177901834714,-2.2207781301780893,-2.444546486524572,0.0,-20.0,-20.0,110.0,-3.137852171221853
276,2.7600000000000002,4.142792785543149,0.8403588101107057,2.52709577831183,-7.257815306255344,-2.2219691133523334,-2.453900597690698,0.0,-20.0,-20.0,110.0,-3.1590327902924007
277,2.77,4.157509715430898,0.8405075750049874,2.496396849970138,-7.257452515710881,-2.2231600373537064,-2.463254723946084,0.0,-20.0,-20.0,110.0,-3.180322673413893
278,2.7800000000000002,4.172226645318647,0.8406563398992692,2.465697921628446,-7.257089530210226,-2.2243509021503405,-2.472608865298107,0.0,-20.0,-20.0,110.0,-3.2017220145622276
279,2.79,4.186943575206396,0.8408051047935513,2.4349989932867535,-7.256726349762284,-2.225541707710369,-2.4819630217541397,0.0,-20.0,-20.0,110.0,-3.223230936178027
280,2.8000000000000003,4.201660505094145,0.8409538696878336,2.404300064945061,-7.256362974375963,-2.2267324540019278,-2.4913171933215486,0.0,-20.0,-20.0,110.0,-3.2448494912233596
281,2.81,4.216377434981894,0.841102634582116,2.3736011366033685,-7.255999404060183,-2.22792314099315,-2.5006713800076974,0.0,-20.0,-20.0,110.0,-3.266577665258849
282,2.82,4.231094364869643,0.8412513994763986,2.342902208261676,-7.255635638823862,-2.2291137686521765,-2.51002558181996,0.0,-20.0,-20.0,110.0,-3.2884153785385535
283,2.83,4.245811294757392,0.8414001643706814,2.3122032799199834,-7.255271678675923,-2.2303043369471456,-2.5193797987657023,0.0,-20.0,-20.0,110.0,-3.3103624881195084
284,2.84,4.260528224645141,0.8415489292649645,2.281504351578291,-7.254907523625299,-2.231494845846196,-2.528734030852281,0.0,-20.0,-20.0,110.0,-3.3324187899832647
285,2.85,4.27524515453289,0.8416976941592477,2.2508054232365984,-7.2545431736809265,-2.232685295317469,-2.5380882780870557,0.0,-20.0,-20.0,110.0,-3.3545840211664175
286,2.86,4.2899620844206385,0.8418464590535311,2.220106494894906,-7.254178628851739,-2.2338756853291093,-2.5474425404773915,0.0,-20.0,-20.0,110.0,-3.376857861897186
287,2.87,4.3046790143083875,0.8419952239478147,2.1894075665532133,-7.253813889146686,-2.235066015849261,-2.556796818030646,0.0,-20.0,-20.0,110.0,-3.3992399377352323
288,2.88,4.3193959441961365,0.8421439888420984,2.158708638211521,-7.253448954574712,-2.23625628684607,-2.566151110754179,0.0,-20.0,-20.0,110.0,-3.421729821711726
289,2.89,4.3341128740838855,0.8422927537363823,2.1280097098698283,-7.2530838251447785,-2.2374464982876843,-2.575505418655349,0.0,-20.0,-20.0,110.0,-3.444327036466805
290,2.9,4.348829803971634,0.8424415186306665,2.0973107815281358,-7.252718500865826,-2.238636650142246,-2.5848597417415005,0.0,-20.0,-20.0,110.0,-3.4670310563815927
291,2.91,4.363546733859383,0.8425902835249508,2.0666118531864432,-7.252352981746849,-2.239826742377916,-2.594214080019994,0.0,-20.0,-20.0,110.0,-3.4898413097019128
292,2.92,4.378263663747132,0.8427390484192353,2.0359129248447507,-7.2519872677968005,-2.24101677496284,-2.6035684334981766,0.0,-20.0,-20.0,110.0,-3.5127571806509708
293,2.93,4.392980593634881,0.84288781331352,2.005213996503058,-7.251621359024657,-2.24220674786517,-2.612922802183396,0.0,-20.0,-20.0,110.0,-3.5357780115282544
294,2.94,4.40769752352263,0.8430365782078049,1.9745150681613655,-7.2512552554393945,-2.2433966610530627,-2.622277186083005,0.0,-20.0,-20.0,110.0,-3.558903104792033
295,2.95,4.422414453410379,0.8431853431020899,1.9438161398196727,-7.250888957050003,-2.2445865144946717,-2.6316315852043455,0.0,-20.0,-20.0,110.0,-3.582131725122812
296,2.96,4.437131383298128,0.8433341079963752,1.91311721147798,-7.2505224638654635,-2.2457763081581543,-2.6409859995547644,0.0,-20.0,-20.0,110.0,-3.605463101465318
297,2.97,4.451848313185877,0.8434828728906607,1.882418283136287,-7.250155775894775,-2.2469660420116697,-2.650340429141608,0.0,-20.0,-20.0,110.0,-3.6288964290465042
298,2.98,4.466565243073626,0.8436316377849463,1.851719354794594,-7.24978889314693,-2.248155716023379,-2.65969487397222,0.0,-20.0,-20.0,110.0,-3.652430871367321
299,2.99,4.481282172961375,0.8437804026792322,1.821020426452901,-7.24942181563094,-2.2493453301614412,-2.6690493340539403,0.0,-20.0,-20.0,110.0,-3.676065562165954
300,3.0,4.495999102849124,0.8439291675735182,1.790321498111208,-7.2490545433558085,-2.2505348843940207,-2.6784038093941014,0.0,-20.0,-20.0,110.0,-3.699799607350458
301,3.0100000000000002,4.510716032736873,0.8440779324678044,1.7596225697695151,-7.248687076330553,-2.251724378689278,-2.6877583000000373,0.0,-20.0,-20.0,110.0,-3.7236320868986903
302,3.02,4.525432962624622,0.8442266973620908,1.7289236414278222,-7.248319414564185,-2.2529138130153816,-2.6971128058790903,0.0,-20.0,-20.0,110.0,-3.7475620567236745
303,3.0300000000000002,4.540149892512371,0.8443754622563774,1.6982247130861292,-7.247951558065732,-2.2541031873404953,-2.7064673270385877,0.0,-20.0,-20.0,110.0,-3.7715885505025737
304,3.04,4.55486682240012,0.8445242271506641,1.667525784744436,-7.247583506844221,-2.25529250163279,-2.7158218634858655,0.0,-20.0,-20.0,110.0,-3.795710581467598
305,3.0500000000000003,4.569583752287869,0.844672992044951,1.6368268564027428,-7.247215260908686,-2.256481755860434,-2.72517641522826,0.0,-20.0,-20.0,110.0,-3.8199271441572566
306,3.06,4.584300682175618,0.8448217569392382,1.6061279280610496,-7.246846820268163,-2.2576709499915997,-2.734530982273096,0.0,-20.0,-20.0,110.0,-3.8442372161265195
307,3.0700000000000003,4.599017612063367,0.8449705218335255,1.5754289997193565,-7.246478184931699,-2.2588600839944584,-2.7438855646276976,0.0,-20.0,-20.0,110.0,-3.8686397596145907
308,3.08,4.613734541951116,0.845119286727813,1.5447300713776633,-7.246109354908339,-2.260049157837183,-2.7532401622993916,0.0,-20.0,-20.0,110.0,-3.893133723169052
309,3.09,4.628451471838865,0.8452680516221007,1.51403114303597,-7.245740330207132,-2.2612381714879497,-2.7625947752955007,0.0,-20.0,-20.0,110.0,-3.917718043225323
310,3.1,4.643168401726614,0.8454168165163886,1.483332214694277,-7.2453711108371435,-2.262427124914934,-2.7719494036233523,0.0,-20.0,-20.0,110.0,-3.9423916456404844
311,3.11,4.657885331614363,0.8455655814106766,1.4526332863525835,-7.245001696807429,-2.2636160180863145,-2.781304047290261,0.0,-20.0,-20.0,110.0,-3.967153447180636
312,3.12,4.672602261502112,0.8457143463049649,1.42193435801089,-7.244632088127061,-2.264804850970269,-2.7906587063035433,0.0,-20.0,-20.0,110.0,-3.9920023569610987
313,3.13,4.687319191389861,0.8458631111992534,1.3912354296691967,-7.2442622848050915,-2.2659936235349742,-2.8000133806705096,0.0,-20.0,-20.0,110.0,-4.016937277838839
314,3.14,4.70203612127761,0.846011876093542,1.3605365013275033,-7.243892286850634,-2.2671823357486223,-2.8093680703984933,0.0,-20.0,-20.0,110.0,-4.041957107756646
315,3.15,4.716753051165359,0.8461606409878308,1.3298375729858098,-7.243522094272752,-2.2683709875793925,-2.818722775494809,0.0,-20.0,-20.0,110.0,-4.0670607410388
316,3.16,4.731469981053108,0.8463094058821199,1.2991386446441164,-7.243151707080533,-2.269559578995469,-2.8280774959667676,0.0,-20.0,-20.0,110.0,-4.092247069637852
317,3.17,4.746186910940857,0.8464581707764091,1.268439716302423,-7.242781125283069,-2.2707481099650395,-2.8374322318216794,0.0,-20.0,-20.0,110.0,-4.11751498433253
318,3.18,4.760903840828606,0.8466069356706984,1.2377407879607296,-7.242410348889454,-2.2719365804562908,-2.8467869830668575,0.0,-20.0,-20.0,110.0,-4.1428633758765985
319,3.19,4.775620770716355,0.8467557005649881,1.207041859619036,-7.242039377908794,-2.2731249904374127,-2.856141749709603,0.0,-20.0,-20.0,110.0,-4.1682911360989365
320,3.2,4.790337700604104,0.8469044654592778,1.1763429312773424,-7.241668212350193,-2.2743133398765947,-2.865496531757225,0.0,-20.0,-20.0,110.0,-4.193797158954823
321,3.21,4.805054630491853,0.8470532303535677,1.1456440029356487,-7.241296852222762,-2.27550162874203,-2.8748513292170363,0.0,-20.0,-20.0,110.0,-4.2193803415288755
322,3.22,4.819771560379602,0.8472019952478579,1.114945074593955,-7.240925297535618,-2.2766898570019127,-2.8842061420963363,0.0,-20.0,-20.0,110.0,-4.245039584989882
323,3.23,4.834488490267351,0.8473507601421482,1.0842461462522615,-7.240553548297884,-2.2778780246244357,-2.8935609704024263,0.0,-20.0,-20.0,110.0,-4.270773795498065
324,3.24,4.8492054201551,0.8474995250364387,1.0535472179105678,-7.2401816045186855,-2.2790661315777965,-2.902915814142607,0.0,-20.0,-20.0,110.0,-4.296581885065264
325,3.25,4.863922350042849,0.8476482899307294,1.0228482895688742,-7.239809466207157,-2.280254177830192,-2.912270673324177,0.0,-20.0,-20.0,110.0,-4.3224627723686835
326,3.2600000000000002,4.8786392799305975,0.8477970548250203,0.9921493612271804,-7.239437133372426,-2.2814421633498214,-2.9216255479544304,0.0,-20.0,-20.0,110.0,-4.3473315120926195
327,3.27,4.8933562098183465,0.8479458197193114,0.9614504328854867,-7.239064606023642,-2.282630088104884,-2.930980438040659,0.0,-20.0,-20.0,110.0,-4.369157051308729
328,3.2800000000000002,4.9080731397060955,0.8480945846136027,0.9307515045437929,-7.238691884169947,-2.2838179520635835,-2.9403353435901582,0.0,-20.0,-20.0,110.0,-4.391116132662345
329,3.29,4.9227900695938445,0.8482433495078942,0.900052576202099,-7.238318967820489,-2.2850057551941214,-2.949690264610224,0.0,-20.0,-20.0,110.0,-4.413206734760936
330,3.3000000000000003,4.937506999481593,0.8483921144021858,0.8693536478604051,-7.237945856984433,-2.286193497464706,-2.959045201108151,0.0,-20.0,-20.0,110.0,-4.4354268611111225
331,3.31,4.952223929369342,0.8485408792964776,0.8386547195187112,-7.237572551670934,-2.287381178843539,-2.9684001530912227,0.0,-20.0,-20.0,110.0,-4.4577745404443
332,3.3200000000000003,4.966940859257091,0.8486896441907696,0.8079557911770172,-7.237199051889152,-2.2885687992988304,-2.977755120566725,0.0,-20.0,-20.0,110.0,-4.480247827005264
333,3.33,4.98165778914484,0.8488384090850618,0.7772568628353232,-7.236825357648265,-2.2897563587987877,-2.98711010354194,0.0,-20.0,-20.0,110.0,-4.502844800804872
334,3.34,4.996374719032589,0.8489871739793542,0.7465579344936293,-7.2364514689574495,-2.2909438573116216,-2.996465102024156,0.0,-20.0,-20.0,110.0,-4.5255635678377475
335,3.35,5.011091648920338,0.8491359388736468,0.7158590061519352,-7.23607738582588,-2.2921312948055466,-3.0058201160206637,0.0,-20.0,-20.0,110.0,-4.548402260266086
336,3.36,5.025808578808087,0.8492847037679395,0.6851600778102411,-7.235703108262744,-2.293318671248773,-3.0151751455387337,0.0,-20.0,-20.0,110.0,-4.57135903657074
337,3.37,5.040525508695836,0.8494334686622325,0.654461149468547,-7.235328636277231,-2.294505986609516,-3.024530190585652,0.0,-20.0,-20.0,110.0,-4.59443208167055
338,3.38,5.055242438583585,0.8495822335565256,0.6237622211268529,-7.234953969878542,-2.295693240855994,-3.0338852511686984,0.0,-20.0,-20.0,110.0,-4.617619607011173
339,3.39,5.069959368471334,0.8497309984508189,0.5930632927851587,-7.234579109075868,-2.2968804339564213,-3.0432403272951447,0.0,-20.0,-20.0,110.0,-4.640919850624484
340,3.4,5.084676298359083,0.8498797633451124,0.5623643644434645,-7.234204053878419,-2.298067565879019,-3.0525954189722673,0.0,-20.0,-20.0,110.0,-4.66433107715972
341,3.41,5.099393228246832,0.8500285282394061,0.5316654361017703,-7.233828804295403,-2.299254636592007,-3.061950526207342,0.0,-20.0,-20.0,110.0,-4.68785157788752
342,3.42,5.114110158134581,0.8501772931337,0.500966507760076,-7.233453360336033,-2.3004416460636063,-3.071305649007635,0.0,-20.0,-20.0,110.0,-4.711479670678001
343,3.43,5.128266292878515,0.8525321094938967,0.48734675081225504,-7.427679332970482,-2.128156867830078,-3.04126806118581,0.0,-20.0,-20.0,110.0,-4.267323763440364
344,3.44,5.142801399562113,0.8546622867101674,0.47223103430420266,-8.040475928481886,-1.4108662617423835,-2.939459523488916,0.0,-20.0,-20.0,110.0,-4.340235700096747
345,3.45,5.157224976460937,0.8589803072442981,0.47458106380873966,-8.820048980154317,-0.20664988010594595,-2.438399299079126,0.0,-20.0,-20.0,110.0,-4.610151010338346
346,3.46,5.1719281890881605,0.8634125144260419,0.4784124166106433,-9.523633388420018,1.4900706354647544,-0.9935372710082239,0.0,-20.0,-20.0,110.0,-4.826835451054568
347,3.47,5.186759648476422,0.8678325406147112,0.48242856016524527,-10.033495165569429,3.524819527547487,1.3786095062574653,0.0,-20.0,-20.0,110.0,-5.01783507532763
348,3.48,5.201615632225734,0.8721834212619158,0.4860938879084054,-10.34782869349956,5.668213412130145,4.027645229696249,0.0,-20.0,-20.0,110.0,-4.982895223218802
349,3.49,5.216447154954092,0.8765244948544364,0.4896620997082677,-10.477273519209067,7.8463518216692,6.672775394901626,0.0,-20.0,-20.0,110.0,-5.000346028718562
350,3.5,5.231270662577522,0.8808518631794443,0.49316134149666924,-10.418291983210217,10.046207733584522,9.325813836578124,0.0,-20.0,-20.0,110.0,-5.019334105608025
351,3.5100000000000002,5.2460841852477,0.885164817164062,0.4965920163072372,-10.166828648196448,12.254633962271933,11.999403322272858,0.0,-20.0,-20.0,110.0,-5.039840427164865
352,3.52,5.2608857711560475,0.8894626551154046,0.49995458905840634,-9.718280857106187,14.458217463258409,14.706667260856502,0.0,-20.0,-20.0,110.0,-5.061814054540112
353,3.5300000000000002,5.275673463606473,0.8937447002835035,0.5032495867341134,-9.067534107328227,16.643154622580095,17.461053923826405,0.0,-20.0,-20.0,110.0,-5.085234864895669
354,3.54,5.290445330270025,0.8980102835161223,0.5064775968653579,-8.208993834209515,18.795161596897927,20.276257997287004,0.0,-20.0,-20.0,110.0,-5.110054520802387
355,3.5500000000000003,5.305199456584446,0.9022587392478498,0.5096392695630676,-7.1368516101058095,20.89932440595227,23.165706881556247,0.0,-20.0,-20.0,110.0,-5.136191327502499
356,3.56,5.319933941212762,0.9064894282972953,0.5127353126664139,-5.845360396291236,22.940028652414465,26.14233000947025,0.0,-20.0,-20.0,110.0,-5.163585597431184
357,3.5700000000000003,5.334646899349069,0.9107017286552092,0.5157664932360805,-4.329226571546351,24.900908630902133,29.21816857133165,0.0,-20.0,-20.0,110.0,-5.192175980472244
358,3.58,5.349336460025172,0.9148950339956684,0.5187336392890859,-2.584141400587733,26.764831968267114,32.40384004283904,0.0,-20.0,-20.0,110.0,-5.22189852295814
359,3.59,5.364000783168486,0.9190687561445479,0.5216376333491265,-0.607458343015226,28.51394600967052,35.707851736238446,0.0,-20.0,-20.0,110.0,-5.252680193756227
360,3.6,5.378638040253284,0.9232223225122732,0.5244794195215795,1.6009819990423932,30.129810756050826,39.135759377670816,0.0,-20.0,-20.0,110.0,-5.284446345844089
361,3.61,5.393246437455522,0.9273551807485239,0.5272599939749205,4.037941996070936,31.59362825953701,42.68927065141878,0.0,-20.0,-20.0,110.0,-5.317117213341142
362,3.62,5.4078242031454975,0.9314667968383408,0.5299804097051536,6.69585188368923,32.886596842959385,46.365321741682685,0.0,-20.0,-20.0,110.0,-5.3506112839794815
363,3.63,5.422369593030252,0.9355566563032456,0.5326417742170676,9.561958285750723,33.99039065419628,50.15523832719967,0.0,-20.0,-20.0,110.0,-5.384845275127203
364,3.64,5.436880891989199,0.939624264186929,0.5352452485996108,12.617703097897435,34.88775543650109,54.044127002279474,0.0,-20.0,-20.0,110.0,-5.419733423354687
365,3.65,5.451356415671867,0.9436691457844368,0.537792046371281,15.838495317182572,35.56318955035295,58.01065801094494,0.0,-20.0,-20.0,110.0,-5.455188530317016
366,3.66,5.465794512133707,0.9476908468228474,0.5402834324192892,19.19402300170346,36.00365499132374,62.02738679309079,0.0,-20.0,-20.0,110.0,-5.491121808047474
367,3.67,5.480193563341488,0.9516889339498044,0.5427207218229932,22.64919095914517,36.19924123819757,66.06170057072403,0.0,-20.0,-20.0,110.0,-5.5274435086010305
368,3.68,5.494551986630018,0.9556629951721299,0.5451052786491892,26.165661573364588,36.14369567544094,70.07736669517014,0.0,-20.0,-20.0,110.0,-5.56406349864536
369,3.69,5.508868236132768,0.9596126402324459,0.547438514716326,29.70385008816202,35.83474292450898,74.03653352185385,0.0,-19.959514141082764,-20.0,110.0,-5.600891737916748
370,3.7,5.523140804046862,0.9635375011030731,0.549721888374961,33.225119482281855,35.27414219527543,77.90192933553892,0.0,-11.921360492706299,-20.0,110.0,-5.637839103923327
371,3.71,5.537368221862101,0.9674372324216445,0.5519569032710935,36.69387077355369,34.467471923946974,81.63895473992913,0.0,-3.4730446338653564,-20.0,110.0,-5.674818185271841
372,3.72,5.551549061621262,0.9713115116606154,0.5541451072183692,40.07924695454312,33.42367808806235,85.21738467229207,0.0,5.622722506523132,-20.0,110.0,-5.711743386581418
373,3.73,5.5656819424039,0.9751600363024773,0.5562880872707869,43.35626712276704,32.15445548052971,88.61249412676153,0.0,15.301403999328615,-20.0,110.0,-5.748522665658902
374,3.74,5.579765511886913,0.978982535082127,0.5583874817850218,46.5063241075925,30.67356299338872,91.805534698851,0.0,20.0,-20.0,110.0,-5.78508923825162
375,3.75,5.593798487866226,0.9827787474543157,0.5604449497555408,49.51712019404579,28.99611729166997,94.78366260254519,0.0,20.0,-20.0,110.0,-5.821340816646074
376,3.7600000000000002,5.60777961294763,0.9865484476410975,0.5624622034351325,52.38217399269884,27.13792449896359,97.53943947046652,0.0,20.0,-20.0,110.0,-5.857210601509041
377,3.77,5.621707682446426,0.990291430534748,0.5644409876855961,55.10003494302314,25.11493604074314,100.07001869658876,0.0,20.0,-20.0,110.0,-5.892625924200598
378,3.7800000000000002,5.63558154003797,0.9940075150622526,0.5663830819709661,57.67337348438971,22.942827623969645,102.3762038689973,0.0,20.0,-20.0,110.0,-5.927517473845766
379,3.79,5.649400078621673,0.9976965444667557,0.5682902988476355,60.1080732907921,20.636696596614332,104.46150378795323,0.0,20.0,-20.0,110.0,-5.961819931977308
380,3.8000000000000003,5.663162241250955,1.0013583864803728,0.5701644823722476,62.41240574928814,18.21086651587352,106.33126237404007,0.0,20.0,-20.0,110.0,-5.995472362001259
381,3.81,5.6768670220361095,1.0049929334450436,0.5720075064979009,64.59633059060367,15.678781238570458,107.99190577921745,0.0,20.0,-20.0,110.0,-6.028418486188045
382,3.8200000000000003,5.690513467050003,1.0086001024108964,0.5738212733837008,66.67093824060233,13.052969039712705,109.45032072474154,0.0,20.0,-20.0,110.0,-6.060606912438539
383,3.83,5.704100675187331,1.012179835210737,0.5756077116803247,68.64803071953057,10.345058557250121,110.71335911405649,0.0,20.0,-20.0,110.0,-6.09199132284486
384,3.84,5.717627798979483,1.0157320985121618,0.5773687747873523,70.53982745833886,7.565831198245898,111.78745319027558,0.0,20.0,-20.0,110.0,-6.122530627733086
385,3.85,5.731094045365166,1.0192568838356248,0.5791064390940113,72.35877808066958,4.725298066228738,112.678320763128,0.0,20.0,-18.91932487487793,110.0,-6.152189056361072
386,3.86,5.744498676434912,1.022754207469427,0.5808227022482593,74.11746384948931,1.8327933928216231,113.39073901853797,0.0,20.0,-11.96383476257324,110.0,-6.180936012292565
387,3.87,5.757841010135477,1.0262241103804846,0.5825195813429157,75.82857166473059,-1.1029208716674743,113.9283672835636,0.0,20.0,-4.424027800559998,110.0,-6.208745936856031
388,3.88,5.771120420962528,1.0296666581704874,0.5841991108456162,77.50492719633856,-4.073544837788064,114.29360181039996,0.0,20.0,3.304463028907776,110.0,-6.235598337661746
389,3.89,5.784336339269756,1.0330819438842365,0.5858633405534877,79.15957670986438,-7.071130127556015,114.4874491971725,0.0,20.0,10.796818733215332,110.0,-6.2614846111759626
390,3.9,5.7974882559262815,1.036470078321779,0.5875143342876653,80.8059082277398,-10.087983357419674,114.50940563811982,0.0,20.0,17.612733840942383,110.0,-6.2863854514749145
391,3.91,5.810575714596335,1.039831208270046,0.589154168434812,82.45781099331003,-13.116543334155239,114.35732283725206,0.0,20.0,20.0,110.0,-6.31031348555347
392,3.92,5.82359832154957,1.0431654953793612,0.5907849294643461,84.12987032787255,-16.14923233681463,114.0272585042807,0.0,20.0,20.0,110.0,-6.333264205104891
393,3.93,5.836555740683637,1.0464731282507176,0.5924087117581911,85.83759419352545,-19.178318992939143,113.51331190217586,0.0,20.0,20.0,110.0,-6.355244415505467
394,3.94,5.849447694867526,1.049754319749918,0.5940276159620317,87.59767086695584,-22.195770749867215,112.80743236100139,0.0,20.0,20.0,110.0,-6.376266181047651
395,3.95,5.862273966212373,1.053009306743454,0.5956437471552196,89.42825567697092,-25.193086990357138,111.89919974116893,0.0,20.0,20.0,110.0,-6.396346449357933
396,3.96,5.875034396289237,1.0562383498449408,0.5972592129490225,91.3492813503879,-28.16110872026088,110.77557995091107,0.0,20.0,20.0,110.0,-6.415506733450279
397,3.97,5.887728886282958,1.0594417331624,0.598876121572483,93.38278003761337,-31.089799827505114,109.42066584915507,0.0,20.0,20.0,110.0,-6.433772820783465
398,3.98,5.900357397086446,1.0626197640338506,0.6004965799569778,95.55319369074466,-33.96799482611079,107.81542586662717,0.0,20.0,20.0,110.0,-6.451174481837219
399,3.99,5.912919949337977,1.0657727727461164,0.6021226918237865,97.88763051060562,-36.78310906688725,105.93750208317931,0.0,20.0,20.0,110.0,-6.467745167733209
400,4.0,5.9254166234029855,1.0689011122347445,0.6037565557766548,100.41599521200625,-39.52081052414383,103.76112978720302,0.0,20.0,20.0,110.0,-6.483521693442129
401,4.01,5.937847559301227,1.07200515776422,0.6054002634005329,103.17087595303296,-42.16465895199012,101.25729566773735,0.0,20.0,20.0,110.0,-6.498543906317323
402,4.0200000000000005,5.950212956579809,1.0750853065882537,0.6070558973675599,106.18700809892336,-44.69573071379827,98.39431461256414,0.0,20.0,20.0,110.0,-6.512854341213131
403,4.03,5.962513074132364,1.0781419775902172,0.6087255295514997,109.50005685121447,-47.09226894032714,95.13908331989373,0.0,20.0,20.0,110.0,-6.526497864216475
404,4.04,5.974748229964572,1.081175610903964,0.6104112191520285,113.14438304415808,-49.32943196016927,91.45934671748441,0.0,20.0,20.0,110.0,-6.539521307416459
405,4.05,5.9869188009062135,1.0841866675153708,0.6121150108304283,117.1494225769403,-51.379259184844685,87.3273470492383,0.0,20.0,20.0,110.0,-6.551973097316175
406,4.0600000000000005,5.999025222269982,1.087175628844966,0.6138389328583416,121.53440704550762,-53.21102697186953,82.72512841100253,0.0,20.0,20.0,110.0,-6.563902879543212
407,4.07,6.01106798745734,1.090142996312046,0.6155849952812763,126.30151174257972,-54.79220699156462,77.65141092031551,0.0,20.0,20.0,110.0,-6.575361142503309
408,4.08,6.023047647511774,1.0930892908806749,0.6173551880985618,131.42825454653263,-56.09022417507881,72.12921135623203,0.0,20.0,20.0,110.0,-6.586398842584254
409,4.09,6.034964810619841,1.0960150525879904,0.6191514794614293,136.8610290666064,-57.07508217986814,66.21232726138517,0.0,20.0,20.0,110.0,-6.597067033469969
410,4.1,6.046820141560461,1.0989208400552364,0.6209758138908703,142.51258332826504,-57.72264386973292,59.987873586830744,0.0,20.0,20.0,110.0,-6.607416502070734
411,4.11,6.058614361102978,1.1018072299819683,0.6228301105168951,148.266169923981,-58.017975672498515,53.57214632755344,0.0,20.0,20.0,110.0,-6.617497413512059
412,4.12,6.070348245354505,1.1046748166238856,0.6247162613407896,153.9872444877784,-57.957879086643,47.09893667783764,0.0,20.0,20.0,110.0,-6.627358967547502
413,4.13,6.082028655427554,1.1075260577846415,0.6266325861117134,159.54038326257734,-57.55178762690243,40.70262289853865,23.149072647094727,20.0,20.0,109.99990558624268,-6.642110365730611
414,4.14,6.093813249086236,1.110408624905961,0.6284824920762025,164.80639867974364,-56.820651237790614,34.5010078054545,611.1928100585938,20.0,20.0,109.9974136352539,-6.7800045295335645
415,4.15,6.105998139296994,1.1134098293031167,0.6300705896452512,169.6945686763847,-55.79426044179977,28.583104061120896,1192.5859375,20.0,20.0,109.99255084991455,-6.925545887044747
416,4.16,6.118855557564263,1.1166061197300932,0.6311918622290051,174.14745078232403,-54.507851480845154,23.004393938027153,1727.462646484375,20.0,20.0,109.98550701141357,-7.068764567350678
417,4.17,6.13260711275235,1.120055897514055,0.6316542041512343,178.13886392906278,-52.998780752742505,17.788870952207404,2145.287841796875,20.0,20.0,109.9767599105835,-7.192496847211009
418,4.18,6.147349679371628,1.1237799839483933,0.6313427475237278,-178.33230767936607,-51.30392119534642,12.93528105375746,2200.0,20.0,20.0,109.96778964996338,-7.241865517971838
419,4.19,6.163075213437741,1.1277689790118313,0.6302164391444025,-175.2496908051289,-49.4579300955198,8.424711313097239,2200.0,20.0,20.0,109.95881938934326,-7.277620009030683
420,4.2,6.179761711160604,1.13200964777656,0.6282454411700893,-172.58641678163326,-47.492317949868855,4.227571607567233,2200.0,20.0,20.0,109.94984912872314,-7.310482069051866
421,4.21,6.197386336421564,1.1364885452441922,0.6254007460453935,-170.31055886431446,-45.43516307031496,0.30905317065829063,2200.0,20.0,20.0,109.94087886810303,-7.340218762645912
422,4.22,6.215925395827399,1.1411920043807753,0.6216541341648677,-168.38889040054215,-43.311221465670265,-3.367081713486319,2200.0,20.0,20.0,109.93190860748291,-7.366582896266074
423,4.23,6.2353543592734395,1.1461061488762134,0.6169781998812685,-166.78922229429466,-41.142245575037144,-6.836124308165649,2200.0,20.0,20.0,109.9229383468628,-7.4042706670945
424,4.24,6.255647881286846,1.1512169061269855,0.611346376839611,-165.48168824656148,-38.947388219867655,-10.131088720180871,2200.0,20.0,20.0,109.91396808624268,-7.520029456566599
425,4.25,6.276779823136687,1.15651002043062,0.6047329626117205,-164.4393193468754,-36.74361716128062,-13.282083179760395,2200.0,20.0,20.0,109.90499782562256,-7.634374641660513
426,4.26,6.298723275696635,1.1619710663800031,0.5971131426061526,-163.63817314359835,-34.546100426565175,-16.31611706170757,2200.0,20.0,20.0,109.89602756500244,-7.747171988057721
427,4.2700000000000005,6.3214505830452,1.1675854624452249,0.5884630132285705,-163.05720309894585,-32.3685444988744,-19.25715672004888,2200.0,20.0,20.0,109.88705730438232,-7.858300659394348
428,4.28,6.34493336678753,1.1733384847303021,0.578759604267923,-162.6779899908514,-30.223480019428823,-22.126307739833592,2200.0,20.0,20.0,109.8780870437622,-7.967652664653597
429,4.29,6.36914255108184,1.1792152808917575,0.5679809004840738,-162.48441041744366,-28.12249613100134,-24.942047925113314,2200.0,20.0,20.0,109.86911678314209,-8.075132248189444
430,4.3,6.394048388352624,1.1852008842056836,0.5561058623728896,-162.4622864727287,-26.076427455037976,-27.720466888051106,2200.0,20.0,20.0,109.86014652252197,-8.180655231111757
431,4.3100000000000005,6.419620485671809,1.191280227769584,0.5431144460851971,-162.59904095509071,-24.095498570598856,-30.47548844506698,2200.0,20.0,20.0,109.85117626190186,-8.284148314825153
432,4.32,6.44582783178803,1.197438158824956,0.5289876224764861,-162.88337059994458,-22.189430752478053,-33.21906472340345,2200.0,20.0,20.0,109.84220600128174,-8.385548358562142
433,4.33,6.47263882478325,1.2036594531862719,0.5137073952647477,-163.3049431022264,-20.367515212515112,-35.96133863120136,2200.0,20.0,20.0,109.83323574066162,-8.484801643039797
434,4.34,6.500021300334908,1.2099288297617083,0.4972568182744121,-163.85412022959017,-18.638656498529116,-38.71077601103849,2200.0,20.0,20.0,109.8242654800415,-8.581863132092694
435,4.3500000000000005,6.527942560560827,1.2162309651507077,0.47962001174498436,-164.5217078597086,-17.01138921316531,-41.47427159412529,2200.0,20.0,20.0,109.81529521942139,-8.6766957434393
436,4.36,6.55636940342309,1.222550508303178,0.46078217768366475,-165.2987334701374,-15.493870905059449,-44.25723454529091,2200.0,20.0,20.0,109.80632495880127,-8.769269638743895
437,4.37,6.585268152666126,1.2288720952249124,0.44072961424199186,-166.17625190923124,-14.093853888660497,-47.063660361962654,2200.0,20.0,20.0,109.79735469818115,-8.859561541933983
438,4.38,6.614604688269985,1.235180363650321,0.4194497291016699,-167.1451813884412,-12.818640298963922,-49.896196258396145,2200.0,20.0,15.30128240585327,109.78838443756104,-8.947554023684868
439,4.39,6.644344477361757,1.241459967821516,0.3969310518784602,-168.196173672732,-11.675030880018188,-52.75620830357631,2200.0,20.0,10.825166702270508,109.77941417694092,-9.033234908417132
440,4.4,6.674452605602731,1.247695593132703,0.37316324570381754,-169.31951751168157,-10.669268498982186,-55.64385879790397,2200.0,20.0,7.007771134376526,109.7704439163208,-9.116597188766816
441,4.41,6.704893809168229,1.2538719700198406,0.34813711806949516,-170.50507104063124,-9.806967624017616,-58.55819547341131,2200.0,20.0,3.770771622657776,109.76147365570068,-8.967037199584585
442,4.42,6.731605943231704,1.260432398769202,0.33615572157159074,-173.42246537956356,-9.551191961822944,-55.82591883051082,2200.0,20.0,2.8927761316299434,109.75250339508057,-8.906782493319419
443,4.43,6.753806716706759,1.2675108855796748,0.33968411567542844,-177.68021178790462,-9.194757978738695,-47.74507442810548,2200.0,20.0,15.88097333908081,109.74353313446045,-9.706882656513883
444,4.44,6.775551518252963,1.2744126394083286,0.3462212935916066,177.73130927023078,-7.791598509483357,-37.03824308815508,2200.0,20.0,20.0,109.73456287384033,-10.01446906586531
445,4.45,6.797367731883972,1.2810585774199648,0.35252774124000624,173.6596956360171,-5.031945661016358,-25.677622987938673,2200.0,20.0,20.0,109.72559261322021,-10.031655494185609
446,4.46,6.819342713170773,1.2873720646049613,0.35742150282847707,170.67571927847501,-1.0629117673512014,-14.534587945950117,2200.0,20.0,20.0,109.7166223526001,-9.996854617802445
447,4.47,6.8413056653807125,1.2935510255999803,0.3610834455372822,169.0753941553774,3.7719111019807454,-3.6474548910642186,2200.0,20.0,20.0,109.70765209197998,-9.977672211113006
448,4.48,6.863184904876189,1.2995249312224078,0.3636665916752499,169.03807230355002,9.071398517334742,7.17480078487063,2200.0,20.0,20.0,109.69868183135986,-9.95448727205574
449,4.49,6.8849217350187955,1.3052684952981444,0.3651823410589976,170.69453105116952,14.403086593467615,18.20104402369426,2200.0,20.0,20.0,109.68971157073975,-9.927656139196552
450,4.5,6.9064579668649015,1.3107572014625641,0.36564580187054674,174.13030262103752,19.301554168907224,29.711096822277533,2200.0,20.0,20.0,109.68074131011963,-9.89728683357615
451,4.51,6.92773612151403,1.3159673848679627,0.3650757358692883,179.33645292533038,23.2698455573649,41.90207708336682,2200.0,20.0,20.0,109.67177104949951,-9.86322616130672
452,4.5200000000000005,6.948699629534799,1.3208763124910292,0.36349449129273664,-173.89072697569927,25.808572885233737,54.76584206808321,2200.0,20.0,20.0,109.6628007888794,-9.825069301806096
453,4.53,6.969293027034496,1.325462260335556,0.360927923997285,-166.04152611685208,26.4918301311066,67.98940659647957,2200.0,17.373230457305908,20.0,109.65383052825928,-9.782198765688685
454,4.54,6.989462147235666,1.3297045877565716,0.3574053079620478,-157.85721219156787,25.07220632752279,80.99094968576476,2200.0,-4.378150105476379,20.0,109.64486026763916,-9.733851921292397
455,4.55,7.009154309485268,1.3335838152249768,0.35295924774152,-150.11627197678143,21.546718185712407,93.13823540917342,2200.0,-20.0,20.0,109.63589000701904,-9.67920869787306
456,4.5600000000000005,7.028318566791223,1.3370817122743233,0.34762561083759863,-143.3879597692083,16.126130619313795,104.00282278236305,2200.0,-20.0,20.0,109.62691974639893,-9.69400541773116
457,4.57,7.046905828574669,1.340181371838244,0.34144341869500433,-137.9433859954639,9.134298699668179,113.46066559160901,2200.0,-20.0,20.0,109.61794948577881,-9.707566786792714
458,4.58,7.0648690501331926,1.3428672523687577,0.3344546709099422,-133.83174168009816,0.9109198384253495,121.63224871138266,2200.0,-20.0,20.0,109.60897922515869,-9.708947318861483
459,4.59,7.08216334277282,1.345125243321104,0.32670419066621215,-131.00989267704966,-8.241177407933217,128.77939238543408,2200.0,-20.0,20.0,109.60000896453857,-9.697762529465175
460,4.6000000000000005,7.098746159836917,1.346942621689496,0.3182394030547825,-129.45196757966835,-18.06885859458761,135.24205630691358,2200.0,-20.0,20.0,109.59103870391846,-9.674254480314499
461,4.61,7.114577405269612,1.3483081541543616,0.30911020375284964,-129.23962628863595,-28.35675905418165,141.44144732996065,2200.0,-20.0,20.0,109.58206844329834,-9.639002134796392
462,4.62,7.129619593263627,1.3492121071471324,0.2993687731432152,-130.67954953980427,-38.89942210008883,147.9668189155364,2200.0,-20.0,20.0,109.57309818267822,-9.593084914080015
463,4.63,7.1438379889933294,1.349646298730677,0.28906941573452577,-134.55361479925298,-49.44622407948933,155.82216387397665,2200.0,-20.0,20.0,109.5641279220581,-9.538039271161528
464,4.64,7.157200735385035,1.3496041339590057,0.27826837794609793,-142.77528250925508,-59.56130267233328,167.08913320731094,2200.0,-20.0,20.0,109.55515766143799,-9.47581326556104
465,4.65,7.169678966085396,1.3490806324034246,0.2670236545468,-159.9833322677966,-68.17828008760453,-173.4706736229024,2200.0,-20.0,20.0,109.54618740081787,-9.408685612346677
466,4.66,7.181246906489675,1.3480724490025393,0.2553947878195327,167.45356282663548,-72.4759154240246,-139.40371561756933,2200.0,-20.0,20.0,109.53721714019775,-9.33915285103763
467,4.67,7.191881963510565,1.3465778889431368,0.24344266065835005,132.24840294112985,-69.30976496907556,-103.3708431772947,2200.0,-20.0,20.0,109.52824687957764,-9.269791730652585
468,4.68,7.201564804445887,1.3445969168461462,0.23122928498225645,111.80235491515243,-60.94644747107074,-82.7510590198693,2200.0,-20.0,20.0,109.51927661895752,-9.20310558553504
469,4.69,7.210279424672939,1.342131160212115,0.21881758606194046,101.12039514572444,-50.54678729415458,-72.55716145888299,2200.0,-20.0,20.0,109.5103063583374,-9.141364711065412
470,4.7,7.218013203883736,1.3391839070337326,0.20627118349443666,94.77387819700266,-39.370904576567455,-67.4015472164727,2200.0,-20.0,20.0,109.50133609771729,-9.086451484253706
471,4.71,7.224756950569925,1.3357600974677177,0.19365416956542722,90.3822864438226,-27.883950295654575,-64.98550572783569,2200.0,-20.0,20.0,109.49236583709717,-8.912442434811151
472,4.72,7.227270128166073,1.3332484518197734,0.18650069030246377,88.74625375627251,-22.706539708725693,-63.961578040730004,2200.0,-20.0,20.0,109.48339557647705,-6.560179539333854
473,4.73,7.225705472811975,1.3317235549586734,0.18458858987329507,88.78505353760995,-21.64988376434965,-63.19193095689612,2200.0,-20.0,20.0,109.47442531585693,-6.516219028431891
474,4.74,7.2218479332245336,1.3300218803024495,0.1847814421004012,89.55944689978149,-22.062260883854517,-62.46652174273715,2200.0,-20.0,20.0,109.46545505523682,-6.57032350599
475,4.75,7.216698823117124,1.3277804717778388,0.1853150406023533,90.6473274860687,-23.001208659009116,-61.76570799273387,2200.0,-20.0,20.0,109.4564847946167,-6.54945870224845
476,4.76,7.210618738170177,1.3248847274185644,0.18554837792660298,91.8034747066358,-24.164658436264904,-61.11390189285997,2200.0,-20.0,20.0,109.44751453399658,-6.4935922450191255
477,4.7700000000000005,7.20337209457335,1.3213294580438988,0.18575034692800851,92.9830671419593,-25.36999608315941,-60.516363607608135,2200.0,-20.0,20.0,109.43854427337646,-6.426256198393357
478,4.78,7.194993250582626,1.3171004915145033,0.18589076045331557,94.18781461496923,-26.58448447228387,-59.97412609027483,2200.0,-20.0,20.0,109.42957401275635,-6.362921795943312
479,4.79,7.185498005693784,1.3121765020774767,0.18594516213623932,95.42011198118686,-27.80653048285238,-59.4891182013118,2200.0,-20.0,20.0,109.42060375213623,-6.2985300983715975
480,4.8,7.174901960088981,1.3065363556553153,0.18588950874633486,96.68253956756115,-29.034464230832693,-59.06342237314148,2200.0,-20.0,20.0,109.41163349151611,-6.233126711138414
481,4.8100000000000005,7.163221516950719,1.3001594450956047,0.1856998260104172,97.97787060279879,-30.26653109913716,-58.69928649384086,2200.0,-20.0,20.0,109.402663230896,-6.166755023943728
482,4.82,7.150473871096297,1.293025705364712,0.18535222623311387,99.30907809488326,-31.500882742347226,-58.39913520733687,2200.0,-20.0,20.0,109.39369297027588,-6.0994562424985785
483,4.83,7.136676997001579,1.285115628327314,0.1848229258541764,100.67934089099239,-32.735567052033936,-58.16557995784209,2200.0,-20.0,20.0,109.38472270965576,-6.0312694411009735
484,4.84,7.121849636231043,1.2764102771171526,0.1840882629350412,102.09204838071923,-33.96851708248059,-58.00142715102635,2200.0,-20.0,20.0,109.37575244903564,-5.962231611588049
485,4.8500000000000005,7.1060112842928636,1.2668913001019233,0.18312471456669618,103.55080307422374,-35.19753894986038,-57.90968371437916,2200.0,-20.0,20.0,109.36678218841553,-5.892377699511801
486,4.86,7.089182176935566,1.2565409444406888,0.18190891419013352,105.05942006238621,-36.42029874123252,-57.89355915226126,2200.0,-20.0,20.0,109.35781192779541,-5.8217406263042815
487,4.87,7.071383275900083,1.2453420692282746,0.18041766881988067,106.62192211842991,-37.63430850912544,-57.95646293495822,2200.0,-20.0,20.0,109.3488416671753,-5.750351299267588
488,4.88,7.052636254138872,1.2332781582185255,0.17862797616044496,108.24252891454445,-38.836911486866846,-58.10199575281057,2200.0,-20.0,20.0,109.33987140655518,-5.678238611683844
489,4.89,7.032963480512542,1.2203333321170295,0.17651704160502832,109.92563849895156,-40.02526674269081,-58.33393281764986,2200.0,-20.0,20.0,109.33090114593506,-5.605429434739781
490,4.9,7.01238800397398,1.206492360433547,0.17406229510554938,111.6757988155249,-41.1963336009167,-58.65619701610711,2200.0,-20.0,20.0,109.32193088531494,-5.531948602162868
491,4.91,6.990933537249915,1.1917406728845312,0.17124140790281644,113.49766666824222,-42.346856300472695,-59.07281933145744,2200.0,-20.0,20.0,109.31296062469482,-5.457818887822556
492,4.92,6.968624440030097,1.1760643703365017,0.1680323091055827,115.39595117025658,-43.473349538838505,-59.58788358449709,2200.0,-20.0,20.0,109.3039903640747,-5.383060976147195
493,4.93,6.945485701674557,1.159450235281454,0.1644132021071597,117.37533842629388,-44.57208576581182,-60.205452251657626,2200.0,-20.0,20.0,109.29502010345459,-5.388143621445754
494,4.94,6.921695690933707,1.1421010675752807,0.16455815067659582,116.45740206956302,-45.14853953306925,-58.41333348233597,2200.0,-20.0,20.0,109.28604984283447,-5.320478247831307
495,4.95,6.897119077275206,1.1237832215285002,0.16495882920960347,114.9411035690259,-45.599787467272655,-56.12515442383801,2200.0,-20.0,20.0,109.27707958221436,-5.284839676151658
496,4.96,6.871791272255338,1.1044950320867009,0.1650301302347017,113.38025365090748,-46.00777425040057,-53.80264109731647,2200.0,-20.0,20.0,109.26810932159424,-5.196578421647811
497,4.97,6.845713805966856,1.0841946490841057,0.16474026160083943,111.77768944297765,-46.37095505277773,-51.44835579466089,2200.0,-20.0,20.0,109.25913906097412,-5.10917952863353
498,4.98,6.818904026485021,1.0628607099709073,0.16411494336409252,110.13665894775393,-46.68788491281286,-49.06527699914985,2200.0,-20.0,20.0,109.250168800354,-5.0227929831062355
499,4.99,6.791379890398429,1.0404727070984512,0.16318016125595755,108.46080555446437,-46.957237823317286,-46.656784817216284,2200.0,-20.0,20.0,109.24119853973389,-4.9375697920321455
500,5.0,6.763159947568833,1.0170110041140668,0.1619621450118724,106.75414270051192,-47.177825225909956,-44.22663575607386,2200.0,-20.0,20.0,109.23222827911377,-4.853661434314102
501,5.01,6.734263325412632,0.9924568516272121,0.1604873465261742,105.02101789942587,-47.34861334543306,-41.77892652331891,2200.0,-20.0,20.0,109.22325801849365,-4.771219347347205
502,5.0200000000000005,6.704709712717559,0.9667924021327244,0.15878241785392913,103.26606624471809,-47.4687387559648,-39.31804719585064,2200.0,-20.0,20.0,109.21428775787354,-4.690394449168862
503,5.03,6.674519343009151,0.9400007241761749,0.1568741890776259,101.49415424529413,-47.53752159684926,-36.8486247185478,2200.0,-20.0,20.0,109.20531749725342,-4.611336700179972
504,5.04,6.64371297748186,0.9120658157470917,0.15478964605611747,99.71031549649734,-47.55447592402812,-34.375458270784904,2200.0,-20.0,20.0,109.1963472366333,-4.5341947078916425
505,5.05,6.612311887509874,0.8829726168874573,0.1525559080733534,97.91968023624221,-47.51931678064461,-31.90344855237732,2200.0,-20.0,20.0,109.18737697601318,-4.459115376879892
506,5.0600000000000005,6.580337836753111,0.8527070215046572,0.15020020540480505,96.12740124966601,-47.43196369685914,-29.437523443845283,2200.0,-20.0,20.0,109.17840671539307,-4.388391109546273
507,5.07,6.5479973371034,0.821429159345673,0.147660674845902,94.86809344643802,-34.758459461913226,-26.18660431238344,2200.0,-20.0,20.0,109.16943645477295,-6.245366750878656
508,5.08,6.5163557359235496,0.7915692612136406,0.1443216631177706,97.83939727772974,-44.13953297039783,-28.300988543172345,2200.0,-20.0,20.0,109.16046619415283,-6.005396314003909
509,5.09,6.484282531858452,0.7608562672129117,0.14101747544452892,100.20793389542285,-37.65301066466616,-29.297522529347617,2200.0,-20.0,1.498730629682541,109.15149593353271,-9.503691370252502
510,5.1000000000000005,6.451991950887901,0.729225289410215,0.1373387718640296,103.74425236328099,-31.988482783779006,-30.726571464105845,2200.0,-20.0,20.0,109.1425256729126,-4.632600903110819
511,5.11,6.419039269213113,0.7026487949904812,0.14509893963457537,107.86169230113823,-38.825469512854994,-35.13197019225173,2200.0,-20.0,20.0,109.13355541229248,-4.957847401610535
512,5.12,6.38651866526498,0.6699506532260782,0.14776859445785087,109.25622310643945,-44.565545148161334,-38.01420289835254,2200.0,-20.0,20.0,109.12458515167236,-5.621290677998095
513,5.13,6.353095273577479,0.6397874495676068,0.15710054296326492,110.4881087647246,-49.89711308732696,-40.74367299430512,2200.0,-20.0,20.0,109.11561489105225,-5.249947567983533
514,5.14,6.31911755062896,0.6084278705605982,0.16610736174310867,112.23635761300135,-55.20657079406472,-43.903582091869204,2200.0,-20.0,20.0,109.10664463043213,-5.188207409057485
515,5.15,6.284571033500641,0.5758676961215121,0.17482026284876676,114.75525847735337,-60.47114881826464,-47.75484273794005,2200.0,-20.0,20.0,109.09767436981201,-5.127909231752882
516,5.16,6.249443021022885,0.5421098829173433,0.1832522450665121,118.50938682738646,-65.64970147490514,-52.76766242241312,2200.0,-20.0,20.0,109.0887041091919,-5.069105336814772
517,5.17,6.2137209206230715,0.5071576077868222,0.1914163449507203,124.4164666200491,-70.65908790087072,-59.86454891391139,2200.0,-20.0,20.0,109.07973384857178,-5.011838306384298
518,5.18,6.177392251523907,0.47101426626735604,0.1993256346694746,134.43372135724988,-75.30822543008539,-71.00677499406147,2200.0,-20.0,20.0,109.07076358795166,-4.956140982900737
519,5.19,6.140444648032551,0.43368347097639653,0.20699322013505836,152.64921882145953,-79.10390406231265,-90.28581187424963,2200.0,-20.0,20.0,109.06179332733154,-4.90203620207325
520,5.2,6.102865862467793,0.3951690502475519,0.21443223893447833,-176.8737289132035,-80.88284983871498,-121.76779348821536,2200.0,-20.0,20.0,109.05282306671143,-4.8495375084080266
521,5.21,6.064643768264661,0.3554750464717111,0.2216558586884158,-144.88375638257455,-79.53906182928887,-154.7063775545093,2200.0,-20.0,20.0,109.04385280609131,-4.798649234071961
522,5.22,6.0257663629119635,0.3146057145110869,0.22867727548623792,-124.81069326652792,-75.92828477378089,-175.67353491791732,2200.0,-20.0,20.0,109.03488254547119,-4.749367056165683
523,5.23,5.986221770752647,0.2725655200815639,0.2355097124380379,-113.75414034058461,-71.31301036143059,172.42900222816988,2200.0,-20.0,20.0,109.02591228485107,-4.7016786701761415
524,5.24,5.945998245639498,0.22935913813822376,0.24216641830230962,-107.24232316566075,-66.26578738558861,165.1285825036089,2200.0,-20.0,20.0,109.01694202423096,-4.655564607081353
525,5.25,5.9050841734514,0.18499145127800842,0.24866066617537266,-103.06021506000326,-61.00642132842914,160.20975918865952,2200.0,-20.0,20.0,109.00797176361084,-4.610999189423808
526,5.26,5.863468074476785,0.13946754817170912,0.2550057522339316,-100.17628484977718,-55.62833195915438,156.641051808011,2200.0,-20.0,20.0,108.99900150299072,-4.567951622221994
527,5.2700000000000005,5.821138605669157,0.09279272203556801,0.2612149945228173,-98.07338699837915,-50.176564787161574,153.90586443028602,2200.0,-20.0,20.0,108.9900312423706,-4.5263872139599535
528,5.28,5.778084562777668,0.04497246915115143,0.26730173177867533,-96.46967632989606,-44.675284889919375,151.72344521653943,2200.0,-20.0,20.0,108.98106098175049,-4.4862687213179235
529,5.29,5.73429488235481,-0.003987512559156707,0.27327932227872337,-95.19989547682935,-39.1386272902917,149.93023884171146,2200.0,-20.0,20.0,108.97209072113037,-4.447557809342393
530,5.3,5.689758643643364,-0.054081324894823535,0.2791611427023971,-94.16094895747712,-33.57547429662858,148.42555075581834,2200.0,-20.0,20.0,108.96312046051025,-4.410216616796085
531,5.3100000000000005,5.644465070345332,-0.10530287067288793,0.2849605869929305,-93.28496435887283,-27.99176320997516,147.1447309983144,2200.0,-20.0,20.0,108.95415019989014,-4.374209414597058
532,5.32,5.59840353227646,-0.15764585495279562,0.29069106520560734,-92.52500719695215,-22.39169106652,146.04505448178253,2200.0,-20.0,20.0,108.94517993927002,-4.339504343574052
533,5.33,5.551563546910805,-0.21110378618767384,0.29636600232944715,-91.84702300332938,-16.778387184406434,145.09788617678151,2200.0,-20.0,20.0,108.9362096786499,-4.30607521619173
534,5.34,5.5039347808205665,-0.26566997730071196,0.30199883706933855,-91.22501830764438,-11.154312583149629,144.28416451821056,2200.0,-20.0,20.0,108.92723941802979,-4.273903365387962
535,5.3500000000000005,5.455507051017051,-0.32133754668670017,0.30760302057604005,-90.63799543391983,-5.521512837849572,143.59174991463107,2200.0,-20.0,20.0,108.91826915740967,-4.24297952220566
536,5.36,5.406270326199158,-0.378099419140182,0.31319201511199507,-90.0678520033682,0.11820925421877887,143.0138972740421,2200.0,-20.0,20.0,108.90929889678955,-4.2133057024669975
537,5.37,5.3562147279162104,-0.43594832671306144,0.31877929264154287,-89.49779065364753,5.76316338407269,142.54847168179384,2200.0,-20.0,20.0,108.90032863616943,-4.184897081348604
538,5.38,5.305330531652286,-0.494876809505859,0.32437833333485305,-88.91094361746103,11.411659503255786,142.19772739149755,2200.0,-20.0,20.0,108.89135837554932,-4.157783833365395
539,5.39,5.253608167839477,-0.5548772163981087,0.3300026239757591,-88.28897901114848,17.06189465232356,141.9686030157033,2200.0,-20.0,20.0,108.8823881149292,-4.13201291397802
540,5.4,5.201038222807683,-0.6159417057246139,0.3356656562646241,-87.61044923111758,22.71181944137909,141.87360187585205,2200.0,-20.0,20.0,108.87341785430908,-4.107649757809396
541,5.41,5.1476114396786405,-0.6780622459054267,0.3413809250084278,-86.84856344623638,28.358958447304012,141.93246865695258,2200.0,-20.0,20.0,108.86444759368896,-4.084779867306228
542,5.42,5.093318719211932,-0.7412306160384614,0.347161926191408,-85.96787857437609,34.00014343042491,142.17509936360975,2200.0,-20.0,20.0,108.85547733306885,-4.063510264630917
543,5.43,5.038151120610632,-0.8054384064645963,0.3530221549208199,-84.9190093436383,39.631085671722886,142.64653894275946,2200.0,-20.0,20.0,108.84650707244873,-4.043970778630202
544,5.44,4.982099862294155,-0.8706770193159371,0.35897510324367055,-83.62962710244626,45.24564398912493,143.4157667812982,2200.0,-20.0,20.0,108.83753681182861,-4.02631513793989
545,5.45,4.925156322645639,-0.936937669058609,0.3650342578316388,-81.98818192625906,50.8344880171897,144.59181504820677,2200.0,-20.0,20.0,108.8285665512085,-4.01072184067978
546,5.46,4.867312040740945,-1.0042113830419994,0.37121309753278103,-79.8124630795804,56.382476501485634,146.35509072063456,2200.0,-20.0,20.0,108.81959629058838,-3.9973947708213227
547,5.47,4.808558717066007,-1.0724890020667868,0.3775250907900442,-76.78416330245373,61.86306528673459,149.02272603839765,2200.0,-20.0,20.0,108.81062602996826,-3.9865635312324783
548,5.48,4.7488882142289155,-1.1417611809843493,0.3839836929280367,-72.30069973679038,67.22510417690908,153.1966977727022,2200.0,-20.0,20.0,108.80165576934814,-3.9784834637041127
549,5.49,4.688292557672625,-1.2120183893402618,0.390602343310934,-65.11064062900476,72.35763731930173,160.12836149762413,2200.0,-20.0,20.0,108.79268550872803,-3.9734353270214346
550,5.5,4.626763936393752,-1.2832509120745361,0.39739446237580583,-52.406334251771966,76.98368908016245,172.62580130659686,2200.0,-20.0,20.0,108.78371524810791,-3.9717246054843804
551,5.51,4.564294703672386,-1.35544885029107,0.40437344854702184,-28.632065378492573,80.34327053871685,-163.75433227881126,2200.0,-20.0,20.0,108.7747449874878,-3.9736804223267597
552,5.5200000000000005,4.5008773778173055,-1.4286021221084062,0.4115526750387205,6.6511354759976005,80.90304660309354,-128.57162237096614,2200.0,-20.0,20.0,108.76577472686768,-3.9796540353678957
553,5.53,4.436504642930412,-1.5027004636034087,0.4189454865535852,34.951803835751335,78.25601029900285,-100.31555006721727,2200.0,-20.0,20.0,108.75680446624756,-3.9900168961258555
554,5.54,4.371169349693654,-1.577733429858818,0.42656519588735536,50.40384857274234,73.91541380089592,-84.84964788890964,2200.0,-20.0,20.0,108.74783420562744,-4.005158258659288
555,5.55,4.304864516181374,-1.653690396125105,0.43442508044988604,58.82577450000036,68.90352099038172,-76.35222102825416,2200.0,-19.972553253173828,20.0,108.73886394500732,-4.025482330220543
556,5.5600000000000005,4.237583328850747,-1.7305605592192856,0.4425383788894047,63.83945876702892,63.60195559805216,-71.1974915046372,2200.0,-10.006265640258787,20.0,108.7298936843872,-4.051404750336472
557,5.57,4.169319143519271,-1.8083329389714389,0.45091828747469487,67.05384835372361,58.1573874035149,-67.7717736670244,2200.0,-0.5209308862686157,20.0,108.72092342376709,-4.083348446562497
558,5.58,4.100065487533285,-1.8869963802331424,0.45957795732996637,69.21913409154291,52.634877965882175,-65.31910699539554,2200.0,8.500447869300842,20.0,108.71195316314697,-4.121738579134127
559,5.59,4.0298160585261975,-1.9665395515447215,0.468530488910447,70.71802595577577,47.06740383047997,-63.44970896371967,2200.0,17.299537658691406,20.0,108.70298290252686,-4.1670033127679655
560,5.6000000000000005,3.958564736509254,-2.046950955467396,0.47778894087423157,71.76186777905208,41.47367564520041,-61.94387048999121,2200.0,20.0,20.0,108.69401264190674,-4.219566666376197
561,5.61,3.8863055881108095,-2.1282189307890453,0.4873663296166411,72.47467582675353,35.865453673586224,-60.667800872711275,2200.0,20.0,17.49574303627014,108.68504238128662,-4.279835419748096
562,5.62,3.8130328673537335,-2.2103316535950985,0.49727562757922306,72.93217036710087,30.250876241418073,-59.53417033142376,2200.0,20.0,13.14589262008667,108.6760721206665,-4.34820230889636
563,5.63,3.7387410161784684,-2.2932771389123365,0.5075297607313777,73.18138568169893,24.636149022254898,-58.4820171524928,2200.0,20.0,9.46719229221344,108.66710186004639,-4.425038409101411
564,5.64,3.663424664345975,-2.3770432423946932,0.5181416054698652,73.25108854073017,19.026488080366168,-57.46574303192619,2200.0,20.0,8.344030976295471,108.65813159942627,-4.5106877252679665
565,5.65,3.5870786300203577,-2.4616176627390436,0.5291239852481356,73.15751191959177,13.42669881197844,-56.44865792183217,2200.0,20.0,10.202096700668335,108.64916133880615,-4.605462131199734
566,5.66,3.5096979213242636,-2.5469879440481478,0.5404896670212019,72.90752318933508,7.841579787105254,-55.39888948929259,2200.0,20.0,14.453835487365723,108.64019107818604,-4.709635887461686
567,5.67,3.4312777379673696,-2.6331414775401276,0.5522513577114619,72.50026381707023,2.276261406052805,-54.2865017321397,2200.0,20.0,20.0,108.63122081756592,-4.823440369419726
568,5.68,3.3519574225100017,-2.7199603928234897,0.5643646212327603,71.92782970231013,-3.2634448656187023,-53.08114917590894,1601.0927734375,20.0,20.0,108.6246919631958,-4.827343095573139
569,5.69,3.27222111628362,-2.807082100370005,0.5766434352169382,71.1751499479935,-8.770638051951947,-51.749885345504715,175.06802368164062,20.0,20.0,108.62397766113281,-4.673759159638703
570,5.7,3.1924534559567945,-2.894225239190063,0.5889353350704564,70.2188683504368,-14.236882680973775,-50.255036937141604,0.0,20.0,20.0,108.62397766113281,-4.775804854418168
571,5.71,3.1126969817421135,-2.981360382496562,0.6012224265520499,69.02556653531889,-19.651592439810756,-48.55163707999509,0.0,20.0,20.0,108.62397766113281,-4.917996397878413
572,5.72,3.032951768879427,-3.0684877642736867,0.6135044998175632,67.54919780279432,-25.001097756300126,-46.583979197088226,0.0,20.0,20.0,108.62397766113281,-5.065152427393731
573,5.73,2.9532178564746827,-3.15560752864488,0.6257814236480148,65.72712557312732,-30.26733279066745,-44.28114819391721,0.0,20.0,20.0,108.62397766113281,-5.217086376723556
574,5.74,2.873495281540363,-3.242719821162693,0.6380530677919707,63.47446811615109,-35.42590108495155,-41.55100785036062,0.0,20.0,20.0,108.62397766113281,-5.373595204632512
575,5.75,2.793784078985306,-3.329824788775456,0.6503193029918571,60.67636085981302,-40.44317572356706,-38.27218933113986,0.0,20.0,20.0,108.62397766113281,-5.53446160307853
576,5.76,2.714084281604804,-3.4169225797962217,0.6625800010051701,57.17810636082587,-45.27193527121165,-34.284025925395895,0.0,20.0,20.0,108.62397766113281,-5.699456126156527
577,5.7700000000000005,2.634395920072275,-3.5040133438737655,0.6748350346247979,52.774707636147674,-49.844887894577646,-29.375912280470637,0.0,20.0,20.0,108.62397766113281,-5.86833916643991
578,5.78,2.5547190229324275,-3.5910972319645795,0.6870842777001089,47.20584055328791,-54.065542712291695,-23.282131333960898,0.0,20.0,20.0,108.62397766113281,-6.040862723006921
579,5.79,2.475053616603351,-3.678174396291425,0.6993276051879356,40.17341212138169,-57.79704555062466,-15.699286583571537,0.0,20.0,17.57846474647522,108.62397766113281,-6.216771904181384
580,5.8,2.395399725410206,-3.765244990221745,0.7115648933389669,31.418295341747758,-60.85369139674531,-6.3629234049271535,0.0,20.0,8.72135579586029,108.62397766113281,-6.395806079878719
581,5.8100000000000005,2.315757371641172,-3.8523091682214794,0.7237960198394353,20.90124155492415,-63.00893250282741,4.771665473247423,0.0,20.0,-0.4419584572315216,108.62397766113281,-6.577699776391904
582,5.82,2.2361265760789975,-3.9393670862667527,0.7360208643310927,9.054101312702546,-64.0419283078162,17.278323942286676,0.0,20.0,-9.558491110801697,108.62397766113281,-6.76218204615194
583,5.83,2.156507354528901,-4.026418901990476,0.7482393020429449,-3.144972370127789,-63.82497059787455,30.18493887614636,0.0,20.0,-19.38851833343506,108.62397766113281,-6.948985422468301
584,5.84,2.076899723778623,-4.113464773983275,0.7604512152918661,-14.537684725859563,-62.39362957014586,42.339713628506054,0.0,20.0,-20.0,108.62397766113281,-7.137831395434946
585,5.8500000000000005,1.997303697004267,-4.200504861039806,0.7726564859296501,-24.333690724304752,-59.92736310180797,52.959385029963734,0.0,20.0,-20.0,108.62397766113281,-7.328442349611555
586,5.86,1.917719285674782,-4.287539323453069,0.7848549973815602,-32.303897949914145,-56.66197518642947,61.82266639914276,0.0,20.0,-20.0,108.62397766113281,-7.520536586013061
587,5.87,1.838146499046664,-4.374568322646953,0.7970466341519997,-38.59733107151399,-52.81463067394439,69.08727384110948,0.0,20.0,-20.0,108.62397766113281,-7.713829640358542
588,5.88,1.7585853441785884,-4.461592021074114,0.8092312819518312,-43.50060272095974,-48.554670185623706,75.04958630981977,0.0,20.0,-20.0,108.62397766113281,-7.90803423519027
589,5.89,1.6790358259442002,-4.548610582174671,0.8214088277573675,-47.299675668217205,-44.004592511391444,80.00663200719194,0.0,20.0,-20.0,108.62397766113281,-8.102860306680089
590,5.9,1.5994979470406132,-4.635624170346091,0.8335791598490295,-50.230970121480716,-39.25085628468574,84.20746442224771,0.0,20.0,-20.0,108.62397766113281,-8.298015141849758
591,5.91,1.5199717079939552,-4.722632950914136,0.8457421678421992,-52.4753255836205,-34.35471222799804,87.84744924446612,0.0,20.0,-20.0,108.62397766113281,-8.49320365623821
592,5.92,1.4404571071627015,-4.80963709010246,0.8578977427137848,-54.16618263111674,-29.360453550954954,91.07684229712551,0.0,20.0,-20.0,108.62397766113281,-8.688128838356533
593,5.93,1.3609541407342403,-4.896636755014424,0.8700457768107513,-55.40003684268605,-24.301150687291095,94.01172925620847,0.0,20.0,-18.483881950378418,108.62397766113281,-8.882492388618054
594,5.94,1.2814628027290582,-4.98363211359891,0.8821861638769523,-56.2453679528424,-19.202535435358822,96.74355341041327,0.0,20.0,-17.167387008666992,108.62397766113281,-9.075995540621522
595,5.95,1.2019830850222704,-5.07062333457717,0.8943187991300744,-56.74934025810202,-14.085652114643851,99.3465560825332,0.0,20.0,-16.485893726348877,108.62397766113281,-9.268340055234356
596,5.96,1.1225149773270346,-5.157610587415756,0.9064435792443278,-56.942519224638,-8.968725020693153,101.88340964928781,0.0,20.0,-16.72595977783203,108.62397766113281,-9.459229480019927
597,5.97,1.0430584671871044,-5.244594042313426,0.9185604023444612,-56.842030301469705,-3.8685473536256434,104.40951027728235,0.0,20.0,-17.327370643615723,108.62397766113281,-9.648370579875648
598,5.98,0.9636135399774514,-5.331573870200624,0.9306691680085629,-56.453536246825124,1.1984017593050613,106.9763520655866,0.0,20.0,-17.632102966308594,108.62397766113281,-9.835474920042083
599,5.99,0.8841801789151632,-5.418550242714844,0.942769777299814,-55.772315828414605,6.2149665757659704,109.63430928138476,0.0,20.0,-17.295846939086914,108.62397766113281,-10.020260584457565
600,6.0,0.8047583650699786,-5.5055233321540875,0.9548621328052653,-54.78364911878239,11.162339830731463,112.43506013436318,0.0,20.0,-16.164517402648926,108.62397766113281,-10.202454027361327
601,6.01,0.7253480773696421,-5.592493311427264,0.9669461386640962,-53.462672364417045,16.019011323575135,115.43379727055823,0.0,20.0,-14.230046272277832,108.62397766113281,-10.381792036867937
602,6.0200000000000005,0.6459492926020355,-5.679460354009433,0.9790217005860702,-51.77387244505779,20.75955701977567,118.69126978886102,0.0,20.0,-11.597185134887695,108.62397766113281,-10.558023775231053
603,6.03,0.5665619854324642,-5.7664246339594065,0.9910887258724194,-49.670470731577154,25.353194739746467,122.27555687771013,0.0,20.0,-8.406886458396912,108.62397766113281,-10.730912822436128
604,6.04,0.4871861284258531,-5.853386325909325,1.003147123443718,-47.09414051920791,29.762055815691742,126.2632338758245,0.0,20.0,-4.847521185874939,108.62397766113281,-10.900909407549763
605,6.05,0.4078216920201836,-5.940345604776075,1.0151968038932488,-43.975873326180306,33.939184968298505,130.73919027280834,0.0,20.0,-1.1592240631580353,108.62397766113281,-11.06902955741912
606,6.0600000000000005,0.3284686439411154,-6.0273026452525675,1.027237678810357,-40.23941443165722,37.82642831161912,135.79373315629195,0.0,20.0,2.579408288002014,108.62397766113281,-11.233191109964167
607,6.07,0.2491269514272609,-6.114257624483466,1.039269663076214,-35.80948178289089,41.35266419688882,141.5148003879901,0.0,20.0,6.596353650093079,108.62397766113281,-11.393233704937908
608,6.08,0.16979657700254933,-6.201210717000684,1.0512926705330496,-30.62754933745764,44.43334212241472,147.97252916812286,0.0,20.0,11.200013160705566,108.62397766113281,-11.549026508711007
609,6.09,0.09047748325180512,-6.28816210031404,1.0633066189079392,-24.6770953227628,46.972959260627135,155.19430091704575,0.0,20.0,16.34876251220703,108.62397766113281,-11.700459986454673
610,6.1000000000000005,0.011169630023457174,-6.375111951366044,1.0753114270002184,-18.015763212659365,48.87249909000193,163.13283355488898,0.0,20.0,20.0,108.62397766113281,-11.84745322839989
611,6.11,-0.0681270250371335,-6.462060447380786,1.0873070151755266,-10.80277567713325,50.04297973026086,171.63899234504515,0.0,20.0,20.0,108.62397766113281,-11.98995398269804
612,6.12,-0.14741252637953042,-6.549007765856357,1.0992933055046408,-3.301133950568548,50.42315425362163,-179.54020363538868,0.0,20.0,20.0,108.62397766113281,-12.127939464008636
613,6.13,-0.22668692044569422,-6.635954084489325,1.1112702219015977,4.161257122518385,49.995029434201605,-170.7225108161996,0.0,20.0,20.0,108.62397766113281,-12.261416995859934
614,6.140000000000001,-0.3059502557494117,-6.7228995813014665,1.1232376900116585,11.262377712326309,48.78932962093195,-162.21947934010524,0.0,20.0,20.0,108.62397766113281,-12.390424562513088
615,6.15,-0.38520258281496994,-6.809844433896561,1.1351956373397294,17.75373042091454,46.877701480962074,-154.26861643706306,0.0,20.0,20.0,108.62397766113281,-12.515031306173393
616,6.16,-0.4644439542885682,-6.896788820569544,1.147143993023331,23.49249549193867,44.356109397304934,-147.00102107650827,0.0,20.0,20.0,108.62397766113281,-12.635337090814906
617,6.17,-0.5437905832748239,-6.983734258190158,1.159184183042259,28.433836264546507,41.32743894406512,-140.44880938905033,493.62908935546875,20.0,20.0,108.62196445465088,-12.85717456064551
618,6.18,-0.6235018271219632,-7.070680042284881,1.171545369157549,32.60148406432464,37.889035992318576,-134.5742616552892,1107.541259765625,20.0,20.0,108.6174488067627,-13.107724488475018
619,6.19,-0.7038529641429586,-7.1576168230085395,1.184476423153751,36.056239126886474,34.12642077574875,-129.30106634649647,1681.2767333984375,20.0,20.0,108.61059379577637,-13.35438014429213
620,6.2,-0.7850939933126303,-7.24452674319589,1.1982095220002469,38.87223920564451,30.11161341257186,-124.5377233101029,2200.0,20.0,20.0,108.60162353515625,-13.593358863536373
621,6.21,-0.8673397531592926,-7.3313905931582495,1.2128586125919685,41.12259489381564,25.904096785480508,-120.19154208270447,2200.0,20.0,20.0,108.59265327453613,-13.725357248678883
622,6.22,-0.9505840711596746,-7.41819140057106,1.2284294127535973,42.87208053379374,21.55283141587478,-116.17548595723865,2200.0,20.0,20.0,108.58368301391602,-13.854355135825703
623,6.23,-1.034820675178764,-7.504912544783495,1.244927374983152,44.174165802617274,17.098482498284255,-112.41056484057387,2200.0,20.0,20.0,108.5747127532959,-13.980613364083077
624,6.24,-1.1200430992399335,-7.591537416306314,1.2623577851544467,45.07044202761337,12.575535493662432,-108.82576678947369,2200.0,20.0,20.0,108.56574249267578,-14.104415689981261
625,6.25,-1.2062446847585564,-7.678049418698982,1.28072576105203,45.591088673227866,8.014137521123843,-105.35684195093293,2200.0,20.0,20.0,108.55677223205566,-14.226066181583999
626,6.26,-1.2934185818754778,-7.764431970495844,1.300036250821574,45.755672908455594,3.4416726681944882,-101.94464022632243,2200.0,20.0,20.0,108.54780197143555,-14.345886421616303
627,6.2700000000000005,-1.3815577508916135,-7.850668507183762,1.3202940313434703,45.573937419383135,-1.1158703904272442,-98.5333548965072,2200.0,20.0,20.0,108.53883171081543,-14.46421254431473
628,6.28,-1.4706549638041762,-7.936742483242977,1.341503706538514,45.0464414920061,-5.632666765598605,-95.06884088925894,2200.0,20.0,20.0,108.52986145019531,-14.581392132593002
629,6.29,-1.5607028059443853,-8.0226373742621,1.3636697056156997,44.16504546768729,-10.0818910045902,-91.49710014438139,2200.0,20.0,20.0,108.5208911895752,-14.697781003749117
630,6.3,-1.651693677715947,-8.108336679137105,1.3867962812732277,42.91331917497956,-14.434562366445954,-87.76302198399202,2200.0,20.0,20.0,108.51192092895508,-14.813739913226676
631,6.3100000000000005,-1.743619796433034,-8.193823922363089,1.4108875078647627,41.267046666392716,-18.658360705039726,-83.80951831952176,2200.0,20.0,20.0,108.50295066833496,-14.929631206960797
632,6.32,-1.8364731982559024,-8.279082656426361,1.4359472795437829,39.195118781991674,-22.716405352811908,-79.57730005846753,2200.0,20.0,20.0,108.49398040771484,-15.045815453538266
633,6.33,-1.9302457402216628,-8.364096464303206,1.4619793083995118,36.661267361264215,-26.56604397042257,-75.00570311279355,2200.0,20.0,20.0,108.48501014709473,-15.162648087754853
634,6.34,-2.0249291023670906,-8.44884896207038,1.488987122598395,33.62729168533754,-30.15779072871618,-70.035173903767,2200.0,20.0,20.0,108.47603988647461,-15.28047609726295
635,6.3500000000000005,-2.1205147899397034,-8.53332380163104,1.5169740645454106,30.058591443645067,-33.434697241390616,-64.61219414354211,2200.0,20.0,20.0,108.46706962585449,-15.399634783718055
636,6.36,-2.2169941356926874,-8.617504673558432,1.5459432890796456,25.93276780366213,-36.332632266116676,-58.69737798517151,2200.0,20.0,20.0,108.45809936523438,-15.5204446293095
637,6.37,-2.3143583022586163,-8.701375310058367,1.575897761718556,21.25144312760964,-38.78213297845021,-52.27686885666365,2200.0,20.0,20.0,108.44912910461426,-15.64320829865099
638,6.38,-2.412598284596301,-8.784919488049967,1.606840256965128,16.053882661198493,-40.71252034139128,-45.37560039877791,2200.0,20.0,20.0,108.44015884399414,-15.768207804867922
639,6.390000000000001,-2.511704912504527,-8.868121032362971,1.638773356691811,10.428488036232917,-42.05859291056017,-38.0684758594665,2200.0,20.0,20.0,108.43118858337402,-15.895701867206675
640,6.4,-2.6116688531958996,-8.950963819048356,1.6716994486145544,4.515987516021513,-42.769232476001804,-30.483277996200933,2200.0,20.0,20.0,108.4222183227539,-16.02592348573928
641,6.41,-2.712480613923535,-9.03343177879786,1.705620724869613,-1.5012374925329677,-42.815892781124084,-22.78973805284754,2200.0,20.0,20.0,108.41324806213379,-16.15907775672975
642,6.42,-2.8141305446529077,-9.11550890046669,1.7405391807049417,-7.42387401004184,-42.19807742319543,-15.17456983674096,2200.0,20.0,20.0,108.40427780151367,-16.29533994989933
643,6.43,-2.9166088407707944,-9.197179234692499,1.7764566132970347,-13.066778339029872,-40.943562665762,-7.810128898467389,2200.0,20.0,20.0,108.39530754089355,-16.43485386637513
644,6.44,-3.0199055458229647,-9.278426897602682,1.8133746207029595,-18.284688739970555,-39.10326536359557,-0.828455859867104,2200.0,20.0,20.0,108.38633728027344,-16.577730493357606
645,6.45,-3.124010554272053,-9.359236074600986,1.8512946009561306,-22.984263553700536,-36.742873994544475,5.691018175633925,2200.0,20.0,20.0,108.37736701965332,-16.72404696868722
646,6.46,-3.228913614266901,-9.439591024223613,1.8902177513130414,-27.121950965277524,-33.934155113635384,11.719619174022004,2200.0,20.0,20.0,108.3683967590332,-16.87384586544742
647,6.47,-3.334604330414608,-9.519476082054155,1.930145067656793,-30.692968698208606,-30.748071872655146,17.268718595654732,2200.0,20.0,20.0,108.35942649841309,-17.027134803614494
648,6.48,-3.441072166546558,-9.59887566468613,1.9710773440617846,-33.71767466169883,-27.250484899140154,22.37645446623334,2200.0,20.0,20.0,108.35045623779297,-17.183886392542572
649,6.49,-3.5483064484698104,-9.677774273721308,2.013015172522427,-36.229502898426404,-23.50017419851027,27.096071628558455,2200.0,20.0,20.0,108.34148597717285,-17.344038504813845
650,6.5,-3.656296366695446,-9.756156499791711,2.0559589428472043,-38.266077449597915,-19.54849731028638,31.487507635288313,2200.0,20.0,20.0,108.33251571655273,-17.507494878706506
651,6.51,-3.765030979135762,-9.834007026592834,2.0999088427178596,-39.86345380189594,-15.440006670363434,35.61218945565418,2200.0,20.0,20.0,108.32354545593262,-17.67412604329598
652,6.5200000000000005,-3.874499213762575,-9.911310634915637,2.1448648579119367,-41.05275772149786,-11.213531628978203,39.53032755003376,2200.0,20.0,20.0,108.3145751953125,-17.843770556999793
653,6.53,-3.9846898712193806,-9.988052206664806,2.190826772685402,-41.858407798950054,-6.903426480403766,43.29991035482065,2200.0,20.0,20.0,108.30560493469238,-18.01623654731155
654,6.54,-4.095591627380634,-10.064216728850965,2.237794170310591,-42.29726659097713,-2.5408342220724425,46.9767578954573,2200.0,20.0,20.0,108.29663467407227,-18.191303536464456
655,6.55,-4.207193035852066,-10.139789297544828,2.285766433763335,-42.378269860012686,1.8450893638354087,50.6151892350362,2200.0,20.0,20.0,108.28766441345215,-18.368724534986555
656,6.5600000000000005,-4.319482530406618,-10.214755121781659,2.3347427465517594,-42.10225963779362,6.225992441710656,54.26901524419596,2200.0,20.0,20.0,108.27869415283203,-18.54822838247578
657,6.57,-4.432448427351345,-10.289099527404945,2.384722093678034,-41.461883406667006,10.57315796969303,57.99266578851973,2200.0,20.0,20.0,108.26972389221191,-18.72952231251772
658,6.58,-4.54607892782147,-10.362807960838817,2.4357032627232114,-40.44153305009864,14.8563109880157,61.84229908247966,2200.0,20.0,20.0,108.2607536315918,-18.91229471649349
659,6.59,-4.660362119998595,-10.435865992779451,2.487684845044262,-39.017406505063924,19.042366677465683,65.87672188766729,2200.0,20.0,20.0,108.25178337097168,-19.096218079134168
660,6.6000000000000005,-4.775285981251043,-10.508259321796526,2.5406652370715412,-37.15790785776878,23.094100483939098,70.15786793881044,2200.0,20.0,20.0,108.24281311035156,-19.28095205705204
661,6.61,-4.8908383801951825,-10.579973777836644,2.594642641694169,-34.824781586536794,26.96876186956951,74.75042991963298,2200.0,20.0,20.0,108.23384284973145,-19.466146670119997
662,6.62,-5.007007078677633,-10.65099532562159,2.64961506972019,-31.97561335181008,30.616731942507162,79.72001771548594,2200.0,20.0,20.0,108.22487258911133,-19.651445574614414
663,6.63,-5.123779733679163,-10.721310067935304,2.705580341397946,-28.568586495351067,33.98046193862835,85.12896525030985,2200.0,20.0,20.0,108.21590232849121,-19.836489386259377
664,6.640000000000001,-5.241143899142132,-10.790904248794428,2.762536087984771,-24.57051245046063,36.99413654148996,91.02878134332538,2200.0,20.0,20.0,108.2069320678711,-20.02091902098861
665,6.65,-5.3590870277243265,-10.859764256498357,2.8204797533490082,-19.96881110772333,39.58475581793283,97.44858223462045,2200.0,20.0,20.0,108.19796180725098,-20.20437902115763
666,6.66,-5.477596472482956,-10.927876626555813,2.879408595591344,-14.786768447636943,41.675496159755106,104.38019126548032,2200.0,20.0,20.0,108.18899154663086,-20.386520835222782
667,6.67,-5.596659488493633,-10.995228044485975,2.939319688671648,-9.098682719126755,43.19202072818874,111.76330601447526,2200.0,20.0,20.0,108.18002128601074,-20.567006019472927
668,6.68,-5.71626323440998,-11.061805348493289,3.000209924027831,-3.038207380950467,44.07153162482189,119.47743504885953,2200.0,20.0,20.0,108.17105102539062,-20.745509331320942
669,6.69,-5.836394773970471,-11.127595532016077,3.062076012173738,3.207879349481662,44.27278160078683,127.34838380463391,2200.0,20.0,20.0,108.16208076477051,-20.92172168483443
670,6.7,-5.95704107745989,-11.192585746150106,3.1249144842636936,9.423676633321884,43.783801443495896,135.17249649866548,2200.0,20.0,20.0,108.15311050415039,-21.095352940672587
671,6.71,-6.078189023133589,-11.25676330194919,3.18872169361213,15.399541218333468,42.62415669201275,142.75226863669712,2200.0,20.0,20.0,108.14414024353027,-21.266134504356156
672,6.72,-6.199825398613412,-11.320115672605839,3.253493817157593,20.964963881157946,40.8407123284765,149.92945637920906,2200.0,20.0,20.0,108.13516998291016,-21.43382170876732
673,6.73,-6.321936902264773,-11.382630495515752,3.3192268568614693,26.006780727454842,38.498804503561956,156.603529794481,2200.0,20.0,20.0,108.12619972229004,-21.59819595901122
674,6.74,-6.444510144564898,-11.444295574230834,3.385916641032903,30.469776056525554,35.672252171859924,162.7325358580647,2200.0,20.0,20.0,108.11722946166992,-21.759066620193014
675,6.75,-6.567531649472685,-11.505098880305997,3.453558825572598,34.345146644964906,32.43506998741125,168.3218514688638,2200.0,20.0,20.0,108.1082592010498,-21.916272631258757
676,6.76,-6.690987855810971,-11.56502855504572,3.5221488951295252,37.65472345826613,28.856109428318025,173.40873479474612,2200.0,20.0,20.0,108.09928894042969,-22.06968383078494
677,6.7700000000000005,-6.814865118672188,-11.624072911156839,3.5916821641659338,40.43659485208853,24.996470002911913,178.04833397742732,2200.0,20.0,20.0,108.09031867980957,-22.21920198349767
678,6.78,-6.93914971085856,-11.682220434314518,3.662153777927506,42.73446078498702,20.90889610538767,-177.69649867412832,2200.0,20.0,20.0,108.08134841918945,-22.364761499237698
679,6.79,-7.063827824367915,-11.739459784648675,3.73355871331698,44.59078524197531,16.63833658029352,-173.7614963270171,2200.0,20.0,20.0,108.07237815856934,-22.50632983911645
680,6.8,-7.188885571936112,-11.795779798158454,3.8058917796710596,46.04286420076779,12.22305717385549,-170.0842239008992,2200.0,20.0,20.0,108.06340789794922,-22.64390760668706
681,6.8100000000000005,-7.3143089886468085,-11.851169488062485,3.879147619441943,47.120791211223484,7.695937616489008,-166.60526080031434,2200.0,20.0,20.0,108.0544376373291,-22.777528324985933
682,6.82,-7.440084033618936,-11.90561804609276,3.9533207087863,47.84649491646521,3.085769051656293,-163.26809737394157,2200.0,20.0,20.0,108.04546737670898,-22.907257903349155
683,6.83,-7.566196591781733,-11.95911484373996,4.028405358065989,48.23327173873493,-1.5815152567369948,-160.01826124533733,2200.0,20.0,20.0,108.03649711608887,-23.033193800892406
684,6.84,-7.692632475746615,-12.011649433457983,4.104395712266237,48.28543982237901,-6.28167520572835,-156.8019736388013,2200.0,20.0,20.0,108.02752685546875,-23.155463896429715
685,6.8500000000000005,-7.8193774277974075,-12.063211549798224,4.181285751292308,47.99788053003502,-10.991026686963945,-153.56448594632653,2200.0,16.636993885040283,20.0,108.01855659484863,-23.27422521718117
686,6.86,-7.94641712201584,-12.113791110552697,4.259069290084341,47.35533059621291,-15.685272906647523,-150.24815782011305,2200.0,8.806356787681578,20.0,108.00958633422852,-23.389662586775515
687,6.87,-8.073737166600344,-12.163378218007534,4.337739978268825,46.331363139039134,-20.338230426018196,-146.79030122966003,2200.0,-0.6397265195846558,20.0,108.0006160736084,-23.501987149650482
688,6.88,-8.201323107871735,-12.211963159637145,4.417291297971303,44.88709669638004,-24.920362083673307,-143.1208243060916,2200.0,-11.215486526489258,20.0,107.99164581298828,-23.611435194058252
689,6.890000000000001,-8.32916042422343,-12.259536411528938,4.4977165696689685,42.96965348162316,-29.39694457832203,-139.15980622201846,2200.0,-20.0,20.0,107.98267555236816,-23.718248918863853
690,6.9,-8.457234552584906,-12.306088622945135,4.579008931505608,40.51042544802679,-33.72581650267116,-134.81532025722592,2200.0,-20.0,20.0,107.97370529174805,-23.82270194096326
691,6.91,-8.585530883412797,-12.35161062177754,4.661161348789755,37.42471203490656,-37.85466279934935,-129.9824765840019,2200.0,-20.0,20.0,107.96473503112793,-23.92508162670641
692,6.92,-8.714034773272807,-12.396093413459258,4.74416661083872,33.61437162545408,-41.71790699760913,-124.54551341136089,2200.0,-20.0,20.0,107.95576477050781,-24.025690093583567
693,6.93,-8.84273154803485,-12.43952818443381,4.828017332946785,28.976735257205185,-45.233657539015724,-118.38622519222778,2200.0,-20.0,20.0,107.9467945098877,-24.124838911092407
694,6.94,-8.971606506771886,-12.481906305288762,4.912705957929332,23.424618906479513,-48.301948455659996,-111.40358797256968,2200.0,-20.0,20.0,107.93782424926758,-24.222846345197194
695,6.95,-9.100644925338543,-12.52321933361135,4.998224758137242,16.92201729529264,-50.806677329432176,-103.5491357661224,2200.0,-20.0,20.0,107.92885398864746,-24.32003445377308
696,6.96,-9.229832059859364,-12.563459016583188,5.084565837693567,9.533473511257842,-52.62466323533789,-94.87606279438602,2200.0,-20.0,20.0,107.91988372802734,-24.41672610800691
697,6.97,-9.35915315020023,-12.60261729340267,5.171721134860643,1.4683929327362393,-53.64428208674228,-85.58330642150938,2200.0,-20.0,20.0,107.91091346740723,-24.513241988858624
698,6.98,-9.488593423428242,-12.640686297598794,5.259682424501892,-6.916695770183229,-53.79089354922412,-76.01760331428162,2200.0,-20.0,20.0,107.90194320678711,-24.609897601553186
699,6.99,-9.618126290358617,-12.677792278258678,5.348344803695775,-15.185877724466371,-53.048251797887595,-66.60561881498406,1670.411376953125,-20.0,20.0,107.89513206481934,-24.607484874753606
700,7.0,-9.747710903940371,-12.7142752508602,5.4374533000559,-22.938202278506328,-51.46306855940876,-57.73945176392118,834.2384033203125,-20.0,20.0,107.89173030853271,-24.554914857037822
701,7.01,-9.877313900487607,-12.75049426658422,5.526747444290461,-29.90090593872763,-49.12974323443197,-49.683160061547035,247.06532287597656,-20.0,20.0,107.89072275161743,-24.560833525898396
702,7.0200000000000005,-10.006919846601424,-12.786661825184582,5.616076990521584,-35.95473352530082,-46.16512655655312,-42.54719855149693,0.0,-20.0,20.0,107.89072275161743,-24.63963818793292
703,7.03,-10.136525271369399,-12.822841395244312,5.7053981016933255,-41.10201738768869,-42.68620575634538,-36.32015734706569,0.0,-20.0,20.0,107.89072275161743,-24.76984926643761
704,7.04,-10.266130466941858,-12.859033121267567,5.794710968515418,-45.415911140725875,-38.796957359407756,-30.919366296909846,0.0,-20.0,20.0,107.89072275161743,-24.902292856749817
705,7.05,-10.395735593443765,-12.895237072627893,5.884015691282352,-48.998129898424594,-34.58363588939628,-26.232956884340705,0.0,-20.0,20.0,107.89072275161743,-25.037185042054585
706,7.0600000000000005,-10.525340811013002,-12.931453316403644,5.973312371817489,-51.95290696338648,-30.115144703127203,-22.14564045697739,0.0,-20.0,20.0,107.89072275161743,-25.17471728576513
707,7.07,-10.654946279770286,-12.967681917365418,6.062601113453956,-54.37424089463452,-25.445565118943254,-18.551142088402752,0.0,-20.0,20.0,107.89072275161743,-25.315054954270128
708,7.08,-10.7845521597891,-13.003922937963928,6.151882021015304,-56.34125755724404,-20.617164189475613,-15.356444772001893,0.0,-20.0,20.0,107.89072275161743,-25.458336099772776
709,7.09,-10.914158611065657,-13.040176438318316,6.24115520079587,-57.91767011589029,-15.663142901967548,-12.481832805749615,0.0,-20.0,20.0,107.89072275161743,-25.60467051212425
710,7.1000000000000005,-11.043765793488834,-13.076442476204894,6.330420760540884,-59.15292635305089,-10.609902731830443,-9.859105867150662,0.0,-20.0,20.0,107.89072275161743,-25.754139045895183
711,7.11,-11.173373866810167,-13.112721107046324,6.4196788094262836,-60.08378564207005,-5.478837035915363,-7.429166182411359,0.0,-20.0,20.0,107.89072275161743,-25.906793226099154
712,7.12,-11.302982990613822,-13.149012383901239,6.5089294580382475,-60.73572826283541,-0.28773400664885385,-5.139496737279464,0.0,-20.0,20.0,107.89072275161743,-26.0626551332485
713,7.13,-11.432593324286628,-13.185316357454273,6.598172818352461,-61.12392678998507,4.94810551047844,-2.9416850065968445,0.0,-20.0,20.0,107.89072275161743,-26.221717565651808
714,7.140000000000001,-11.56220502698813,-13.22163307600657,6.687409003713107,-61.25364286931919,10.214936695514991,-0.7889573017007505,0.0,-20.0,20.0,107.89072275161743,-26.38394447418497
715,7.15,-11.691818257620701,-13.257962585466712,6.776638128811597,-61.11993714127228,15.499733787394224,1.3664221511429127,0.0,-20.0,20.0,107.89072275161743,-26.5492716621094
716,7.16,-11.821433174799697,-13.294304929342102,6.865860309665051,-60.70653535448226,20.78935437068359,3.576124298943967,0.0,-20.0,20.0,107.89072275161743,-26.717607740051783
717,7.17,-11.951049936811415,-13.33066014873276,6.955075663594442,-59.9835900349067,26.0695968512078,5.899448064247167,0.0,-20.0,19.10162925720215,107.89072275161743,-26.88883531198599
718,7.18,-12.080668701562708,-13.367028282325306,7.044284309198569,-58.90390385716711,31.324005736380066,8.408245261260605,0.0,-20.0,16.53580904006958,107.89072275161743,-27.06281239154211
719,7.19,-12.210289626482888,-13.403409366391566,7.133486366324459,-57.39691271851955,36.532205411426204,11.193845377508463,0.0,-20.0,14.616413116455076,107.89072275161743,-27.23937401680376
720,7.2,-12.33991286919879,-13.439803434690171,7.222681956065894,-55.35933949768153,41.66740539882934,14.377121515499102,0.0,-20.0,13.502664566040039,107.89072275161743,-27.41833451765016
721,7.21,-12.469538586031007,-13.476210518664784,7.311871200726396,-52.64096629137441,46.69247392796547,18.12329150043327,0.0,-20.0,13.252713680267334,107.89072275161743,-27.599488552399993
722,7.22,-12.599166933482945,-13.512630647237305,7.401054223842416,-49.02379788432643,51.55355961593319,22.663213223816363,0.0,-19.964773654937744,13.951075077056885,107.89072275161743,-27.782614236237425
723,7.23,-12.728798067414349,-13.549063846899136,7.49023115012511,-44.19458064491854,56.16962061803381,28.321235250664277,0.0,-16.52104616165161,15.736134052276611,107.89072275161743,-27.967474934688223
724,7.24,-12.858432143222394,-13.585510141667575,7.57940210542517,-37.71968077692341,60.4157206740633,35.540617951359515,0.0,-13.085603713989258,18.769869804382324,107.89072275161743,-28.153821796435825
725,7.25,-12.988069315644255,-13.621969553118433,7.668567216709397,-29.06273943714727,64.09948597749116,44.86612242895744,0.0,-9.564239382743835,20.0,107.89072275161743,-28.341396084256047
726,7.26,-13.117709738746797,-13.658442100359046,7.757726611987445,-17.75969139161928,66.94042782698646,56.76919257036359,0.0,-5.95817506313324,20.0,107.89072275161743,-28.529931801175028
727,7.2700000000000005,-13.24735356604535,-13.694927800016544,7.8468804203359355,-3.9106844424054823,68.59169788314377,71.15620200517806,0.0,-2.3880642652511597,20.0,107.89072275161743,-28.719158291429643
728,7.28,-13.376976122689202,-13.731333610662123,7.936065886769321,11.232128191416251,68.76650341980938,86.78079712351847,330.28607177734375,1.0591870546340942,20.0,107.88937616348267,-28.968117763954588
729,7.29,-13.506519753529478,-13.767451152865242,8.025364325114367,25.591083818949766,67.42467403362778,101.5705323998801,739.1992797851562,4.449229836463928,20.0,107.88636207580566,-29.224319803098126
730,7.3,-13.635918669810563,-13.80305969640326,8.114857558936691,37.6273103693273,64.80301678894243,113.99128000814449,1112.272705078125,7.894203066825868,20.0,107.881826877594,-29.465033285239155
731,7.3100000000000005,-13.765109163492722,-13.837962453312429,8.204613921491246,47.00175548610067,61.24637064693319,123.7083234615753,1435.6943359375,11.4727783203125,20.0,107.87597274780273,-29.687997261632702
732,7.32,-13.894031485860214,-13.87198999030851,8.294687786544952,54.101671586259826,57.05394507264079,131.11292308296663,1711.7347412109375,15.24374485015869,20.0,107.86899328231812,-29.89417783974877
733,7.33,-14.0226290361581,-13.904994817822596,8.385122306347162,59.473873727763795,52.43647358361125,136.7556555589293,1957.7275390625,19.189698696136475,20.0,107.86101055145264,-30.087235757792723
734,7.34,-14.150845812946528,-13.936841379590938,8.475953522443504,63.58461773522487,47.53133247703591,141.10636586570382,2192.13427734375,20.0,20.0,107.85207223892212,-30.27069474439778
735,7.3500000000000005,-14.278646040155568,-13.967461575275047,8.56719260974608,66.77809060891373,42.42676642009621,144.5127078203712,2200.0,20.0,20.0,107.843101978302,-30.406205036568842
736,7.36,-14.406015275655367,-13.99685370332083,8.65882751264431,69.29698855243885,37.180196315930814,147.2207716909718,2200.0,20.0,20.0,107.83413171768188,-30.53746216435543
737,7.37,-14.532940010509773,-14.025018519488597,8.750845473858043,71.31101807748706,31.829882584449074,149.40366019262754,2200.0,20.0,20.0,107.82516145706177,-30.665846220120986
738,7.38,-14.659406824408478,-14.051957012188788,8.843233678607481,72.93967654077254,26.402021067727695,151.1843541915025,2200.0,20.0,20.0,107.81619119644165,-30.791182944618026
739,7.390000000000001,-14.785402381986717,-14.077670402729341,8.935979251865584,74.26815585635089,20.9150432994584,152.6517288563727,2200.0,20.0,20.0,107.80722093582153,-30.91331756457612
740,7.4,-14.910913436725922,-14.10216014501158,9.029069262827226,75.35800751444853,15.382256710052996,153.8713179588812,2200.0,20.0,20.0,107.79825067520142,-31.032117199812365
741,7.41,-15.035926830223382,-14.125427926304132,9.12249072518969,76.25419861898396,9.813505765588577,154.89252589387567,2200.0,20.0,20.0,107.7892804145813,-31.14747039535664
742,7.42,-15.160429494417178,-14.14747566696534,9.216230600052487,76.98979728759289,4.216241239503667,155.7535066476817,2200.0,20.0,20.0,107.78031015396118,-31.259288072516828
743,7.43,-15.284408452677576,-14.168305520532865,9.310275797521149,77.5890852936782,-1.4037733939779362,156.48454099855834,2200.0,20.0,20.0,107.77133989334106,-31.367503870590262
744,7.44,-15.407850821122079,-14.187919873521166,9.404613178405661,78.06961212878159,-7.041983466266533,157.1104535696433,2200.0,20.0,20.0,107.76236963272095,-31.472074322962833
745,7.45,-15.530743810030186,-14.206321345131215,9.499229555821202,78.44350187019592,-12.694709875613889,157.65243503540535,2200.0,20.0,20.0,107.75339937210083,-31.57297879278053
746,7.46,-15.65307472537027,-14.223512786902836,9.594111696703724,78.71818793809852,-18.358909195242035,158.12953139497128,2200.0,20.0,20.0,107.74442911148071,-31.670219184057096
747,7.47,-15.774830970439101,-14.23949728231946,9.6892463232496,78.896645594219,-24.031992962789925,158.56001576782288,2200.0,20.0,20.0,107.7354588508606,-31.763819443441175
748,7.48,-15.89600004761233,-14.254278146364175,9.784620114287957,78.97708932353049,-29.711681658659092,158.962864370749,2200.0,20.0,20.0,107.72648859024048,-31.853824866236806
749,7.49,-16.016569560205397,-14.267858925021569,9.880219706595371,78.95196577585216,-35.3958726791611,159.3596327459651,2200.0,20.0,20.0,107.71751832962036,-31.94030121925362
750,7.5,-16.13652721444582,-14.280243394719509,9.976031696164059,78.80583752009969,-41.0824994305851,159.77722330731865,2200.0,20.0,20.0,107.70854806900024,-32.02333369298248
751,7.51,-16.255860821558535,-14.291435561705823,10.072042639436086,78.51127148184626,-46.769347073722,160.25248994078402,2200.0,20.0,20.0,107.69957780838013,-32.10302569643583
752,7.5200000000000005,-16.374558299965578,-14.301439661356097,10.16823905451708,78.02073791853411,-52.4537582482256,160.84071550486124,2200.0,20.0,20.0,107.69060754776001,-32.17949750899985
753,7.53,-16.49260767760051,-14.310260157409571,10.26460742238344,77.24968247965809,-58.13207501245944,161.632829206067,2200.0,20.0,20.0,107.68163728713989,-32.25288480490994
754,7.54,-16.609997094336467,-14.31790174113066,10.361134188097232,76.03767259781968,-63.79840542718551,162.7944837256864,2200.0,20.0,20.0,107.67266702651978,-32.32333706690962
755,7.55,-16.726714804525262,-14.324369330393889,10.457805762042835,74.04639030936751,-69.44141424668422,164.66823524169118,2200.0,20.0,20.0,107.66369676589966,-32.39101590660774
756,7.5600000000000005,-16.842749179643363,-14.329668068690195,10.554608521199139,70.43422435544653,-75.03400613174774,168.09908455965873,2200.0,20.0,20.0,107.65472650527954,-32.456091879110794
757,7.57,-16.958088711039,-14.333803324052726,10.651528810460633,62.45542377792419,-80.48754619517612,175.8354251837392,2200.0,20.0,20.0,107.64575624465942,-32.51874596988886
758,7.58,-17.07272201277334,-14.336780687900491,10.748552944020183,36.00640254489728,-85.29592169341271,-158.01718538699575,2200.0,20.0,20.0,107.6367859840393,-32.57916656627311
759,7.59,-17.186637824547148,-14.338605973798506,10.845667206825643,-41.99220937067859,-85.66039874476122,-80.37802242257162,2200.0,20.0,20.0,107.62781572341919,-32.63754575980265
760,7.6000000000000005,-17.299825014703263,-14.33928521613343,10.942857856121602,-72.79967096649459,-81.02798816577791,-49.98705345648348,2200.0,20.0,20.0,107.61884546279907,-32.694078614807445
761,7.61,-17.412272583294033,-14.338824668704122,11.040111123086692,-81.67485389158463,-75.6126754588411,-41.58519611259402,2200.0,20.0,20.0,107.60987520217896,-32.74896131436664
762,7.62,-17.523969665201758,-14.337230803227024,11.137413214575854,-85.66095909191118,-70.04574329492593,-38.12959919360052,2200.0,20.0,20.0,107.60090494155884,-32.80238934046446
763,7.63,-17.634905533299424,-14.334510307756752,11.234750314975821,-87.92241575055863,-64.42954384077831,-36.45675776671826,2200.0,20.0,20.0,107.59193468093872,-32.85455570503859
764,7.640000000000001,-17.74506960163826,-14.330670085022852,11.332108588180864,-89.39606454358204,-58.79398885836993,-35.631361184414146,2200.0,20.0,20.0,107.5829644203186,-32.90564924772277
765,7.65,-17.854451428647973,-14.325717250684255,11.42947417969459,-90.45259617620793,-53.151156661928724,-35.28490502331304,2200.0,20.0,20.0,107.57399415969849,-32.95585301507665
766,7.66,-17.96304072033521,-14.319659131503457,11.526833218862148,-91.26782135639885,-47.50707417831358,-35.244493908612114,2200.0,20.0,20.0,107.56502389907837,-33.00534273494462
767,7.67,-18.070827333465484,-14.312503263443158,11.624171821235894,-91.9363431268983,-41.86528099897753,-35.419268909490214,2200.0,20.0,20.0,107.55605363845825,-33.054285398312444
768,7.68,-18.177801278713673,-14.304257389688594,11.721476091076052,-92.51427100957906,-36.228166046602574,-35.75782660813273,2200.0,20.0,20.0,107.54708337783813,-33.10283795968051
769,7.69,-18.283952723768447,-14.29492945859938,11.818732123986535,-93.03776918693583,-30.597553270881154,-36.22984682327578,2200.0,20.0,20.0,107.53811311721802,-33.151146165498155
770,7.7,-18.389271996376017,-14.28452762159528,11.9159260096846,-93.53205171841468,-24.974993836744673,-36.817328887764155,2200.0,20.0,20.0,107.5291428565979,-33.199343518732576
771,7.71,-18.49374958730919,-14.27306023098082,12.01304383490163,-94.01616816552102,-19.361931921601464,-37.510111255797256,2200.0,20.0,20.0,107.52017259597778,-33.24755038602865
772,7.72,-18.597376153248266,-14.260535837714139,12.110071686410944,-94.50578486245658,-13.759813864651782,-38.30349496801349,2200.0,20.0,20.0,107.51120233535767,-33.2958732523842
773,7.73,-18.700142519560984,-14.246963189125992,12.206995654177216,-95.01496867218805,-8.170173839121462,-39.19700114111502,2200.0,20.0,20.0,107.50223207473755,-33.34440412659191
774,7.74,-18.80203968296967,-14.232351226595153,12.303801834620813,-95.55748020483199,-2.5947146937136316,-40.193809409667324,2200.0,20.0,20.0,107.49326181411743,-33.393220099173206
775,7.75,-18.90305881409477,-14.21670908318685,12.4004763339892,-96.14786430273533,2.964602691866098,-41.30066930028829,2200.0,20.0,20.0,107.48429155349731,-33.442383052859675
776,7.76,-19.00319125986504,-14.200046081261156,12.497005271826488,-96.80253270460325,8.50544872983205,-42.52820983628695,2200.0,20.0,20.0,107.4753212928772,-33.49193952421529
777,7.7700000000000005,-19.1024285457859,-14.182371730058456,12.593374784531168,-97.541007824447,14.02497734130155,-43.891663128569085,2200.0,20.0,20.0,107.46635103225708,-33.54192071345535
778,7.78,-19.20076237805892,-14.163695723269253,12.689571028991296,-98.38751775678254,19.519618342275937,-45.41210169100137,2200.0,20.0,20.0,107.45738077163696,-33.592342638102636
779,7.79,-19.29818464554659,-14.14402793659567,12.785580186285554,-99.37320275288275,24.98477434480507,-47.118394635922385,2200.0,20.0,20.0,107.44841051101685,-33.64320642480725
780,7.8,-19.394687421578233,-14.123378425311962,12.881388465438091,-100.53933326220434,30.414363187878518,-49.05024829679058,2200.0,20.0,20.0,107.43944025039673,-33.69449873238833
781,7.8100000000000005,-19.490262965594216,-14.101757421831286,12.976982107214479,-101.94219646971055,35.80010422362575,-51.26296600608732,2200.0,20.0,20.0,107.43046998977661,-33.74619229804496
782,7.82,-19.584903724627335,-14.079175333285738,13.072347387945857,-103.66077546025019,41.13036640562402,-53.83503659071433,2200.0,20.0,20.0,107.4214997291565,-33.79824659764329
783,7.83,-19.678602334621562,-14.055642739126533,13.167470623368052,-105.80919917627985,46.38823953311372,-56.88052002891401,2200.0,20.0,20.0,107.41252946853638,-33.85060861011799
784,7.84,-19.771351621590075,-14.031170388750674,13.262338172462432,-108.55749277560535,51.54817427202083,-60.5697533083523,2200.0,20.0,20.0,107.40355920791626,-33.90321367526898
785,7.8500000000000005,-19.86314460261579,-14.005769199160243,13.356936441285324,-112.16682825944734,56.5698822307522,-65.16457189444469,2200.0,20.0,20.0,107.39458894729614,-33.955986433578886
786,7.86,-19.95397448669917,-13.979450252659765,13.451251886772981,-117.04910665644071,61.38682627837014,-71.07787507620945,2200.0,20.0,20.0,107.38561868667603,-34.00884183624838
787,7.87,-20.043834675459365,-13.952224794596656,13.545271020509407,-123.86002096094799,65.8839985680328,-78.96668238836908,2200.0,20.0,20.0,107.37664842605591,-34.06168621325742
788,7.88,-20.132718763696126,-13.924104231149057,13.63898041244483,-133.59692878301573,69.85631547165177,-89.8300088131722,2200.0,20.0,20.0,107.36767816543579,-34.11441838710026
789,7.890000000000001,-20.220620539820963,-13.895100127164646,13.732366694553116,-147.46623453018012,72.9459866522872,-104.87625790003048,2200.0,20.0,20.0,107.35870790481567,-34.16693081976252
790,7.9,-20.30753398616732,-13.865224204053346,13.825416564417088,-165.77531448021043,74.62683789598604,-124.41516594453341,2200.0,20.0,20.0,107.34973764419556,-34.21911078059376
791,7.91,-20.393453279190283,-13.834488337735895,13.918116788731465,174.12299994771098,74.45133787807704,-145.80231272173256,2200.0,20.0,20.0,107.34076738357544,-34.270841522929
792,7.92,-20.478372789567306,-13.802904556649551,14.010454206713998,156.66640027894027,72.49012514173245,-164.60317978680266,2200.0,20.0,20.0,107.33179712295532,-34.322003457665836
793,7.930000000000001,-20.562287082212187,-13.770485039811195,14.102415733416223,143.80320011221673,69.25683904371958,-178.87309761349252,2200.0,20.0,20.0,107.3228268623352,-34.3724753124133
794,7.94,-20.64519091621484,-13.737242114937256,14.193988362926312,134.87615257675247,65.25711458927137,170.72651433775067,2200.0,20.0,20.0,107.31385660171509,-34.42213526543608
795,7.95,-20.727079244720137,-13.703188256618922,14.285159171457469,128.67981580143274,60.81529678225341,162.98544244609167,2200.0,20.0,20.0,107.30488634109497,-34.47086204420819
796,7.96,-20.807947214759064,-13.668336084550221,14.37591532031642,124.29233580251437,56.114975755468656,156.97637562273152,2200.0,20.0,20.0,107.29591608047485,-34.518535979186765
797,7.97,-20.88779016704571,-13.632698361805554,14.466244058747623,121.11935079016993,51.259779558042986,152.09870473093338,2200.0,20.0,20.0,107.28694581985474,-34.565040004198394
798,7.98,-20.966603635753458,-13.59628799316244,14.556132726649995,118.78920137464688,46.31061088440179,147.97360519676863,2200.0,20.0,20.0,107.27797555923462,-34.610260595688814
799,7.99,-21.044383348283525,-13.559118023464286,14.645568757164016,117.06686141585145,41.30521755326406,144.35781242574032,2200.0,20.0,20.0,107.2690052986145,-34.654088644080495
800,8.0,-21.121125225038725,-13.521201636017187,14.73453967912825,115.80039027289888,36.26835454152609,141.08988423625524,2200.0,20.0,20.0,107.26003503799438,-34.696420251359804
801,8.01,-21.19682537921466,-13.482552151013932,14.823033119405409,114.88946475145339,31.217224706717214,138.0585002447447,2200.0,20.0,20.0,107.25106477737427,-34.737157450077596
802,8.02,-21.27148011661999,-13.443183023977678,14.911036805079187,114.2668932934638,26.164524321619062,135.18369004546062,2200.0,20.0,20.0,107.24209451675415,-34.77620883991504
803,8.03,-21.34508593553663,-13.403107844217091,14.99853856552415,113.88757593746779,21.120235785225407,132.40544000088357,2200.0,20.0,20.0,107.23312425613403,-34.81349013897935
804,8.040000000000001,-21.417639526629724,-13.362340333284068,15.08552633435197,113.72178802952767,16.09274389745484,129.6765390449254,2200.0,20.0,20.0,107.22415399551392,-34.8489246479974
805,8.05,-21.489137772916262,-13.320894343424799,15.171988151238242,113.75104535945454,11.089578772619145,126.957898667439,2200.0,20.0,20.0,107.2151837348938,-34.882443626542035
806,8.06,-21.55957774980011,-13.278783856014323,15.257912163635076,113.96556869787209,6.117953037092721,124.21533635358568,2200.0,20.0,20.0,107.20621347427368,-34.913986581371944
807,8.07,-21.62895672517983,-13.236022979964607,15.343286628375413,114.3627868411081,1.1851922291274128,121.41722528963938,2200.0,20.0,20.0,107.19724321365356,-34.94350146788008
808,8.08,-21.697272159634505,-13.192625950095783,15.428099913175837,114.94655571062326,-3.700877759130428,118.53264270782172,2200.0,20.0,20.0,107.18827295303345,-34.97094480648627
809,8.09,-21.764521706691333,-13.148607125460257,15.512340498045289,115.72690998528739,-8.531539463223789,115.52977872754687,2200.0,20.0,20.0,107.17930269241333,-34.99628171662486
810,8.1,-21.830703213364217,-13.103980987702478,15.595996976196513,116.72025489933644,-13.296748043227526,112.3744385621089,2200.0,6.178593039512634,20.0,107.17033243179321,-35.019487127465375
811,8.11,-21.89581472188625,-13.058762139467794,15.6790580550897,117.9500032173058,-17.984603809938253,109.02849912082091,2200.0,-8.493357300758362,20.0,107.1613621711731,-35.04054742976665
812,8.120000000000001,-21.95985447168472,-13.012965304467395,15.761512561773836,119.44765467221805,-22.580677804809582,105.44824920664243,2200.0,-20.0,20.0,107.15239191055298,-35.05945360821563
813,8.13,-22.02282090410846,-12.966605327321538,15.843349436998615,121.25385158621117,-27.067158473858584,101.58269866952159,2200.0,-20.0,20.0,107.14342164993286,-35.07619745509838
814,8.14,-22.08471266843013,-12.919697167431043,15.92455771904068,123.41951956907896,-31.421823461715245,97.37178369331238,2200.0,-20.0,20.0,107.13445138931274,-35.090782682413504
815,8.15,-22.145528621461683,-12.872255892770038,16.005126547346872,126.0073414975214,-35.616666134715786,92.74466994355824,2200.0,-20.0,20.0,107.12548112869263,-35.10322201079994
816,8.16,-22.20526782773233,-12.824296673843358,16.085045162201936,129.09259887563223,-39.6161731077158,87.61873404714434,2200.0,-20.0,20.0,107.11651086807251,-35.1135354161329
817,8.17,-22.263929560856656,-12.775834779365049,16.164302907160952,132.76224522443007,-43.37529436936518,81.9003304608452,2200.0,-20.0,20.0,107.10754060745239,-35.12174924865791
818,8.18,-22.321513304577365,-12.726885572143262,16.24288923193082,137.11017782168935,-46.83732380271738,75.48937780297254,2200.0,-20.0,20.0,107.09857034683228,-35.127895763220884
819,8.19,-22.378018753494676,-12.677464505056665,16.32079369528452,142.22548987232082,-49.93230038160592,68.29098258255199,2200.0,-20.0,20.0,107.08960008621216,-35.13201264838539
820,8.2,-22.433445813569968,-12.62758711703447,16.39800596791098,148.1698568486684,-52.57719990687635,60.23794471547624,2200.0,-20.0,20.0,107.08062982559204,-35.13414252326476
821,8.21,-22.48779460245749,-12.577269029012717,16.474515835201856,154.94237640466994,-54.679967673725216,51.32582274378717,2200.0,-20.0,20.0,107.07165956497192,-35.134332402670104
822,8.22,-22.541065449688837,-12.526525939870085,16.5503131999974,162.43852889739347,-56.14961029305893,41.653888883598476,2200.0,-20.0,20.0,107.0626893043518,-35.132633139512585
823,8.23,-22.59325889671712,-12.47537362235802,16.625388085309847,170.4243334035122,-56.91269005501261,31.450896300481674,2200.0,-20.0,20.0,107.05371904373169,-35.1290988552275
824,8.24,-22.64437569681973,-12.423827919041818,16.699730637034484,178.554737819473,-56.931925276703694,21.0566175391255,2200.0,-20.0,20.0,107.04474878311157,-35.12378636842511
825,8.25,-22.69441681485619,-12.371904738267306,16.773331126652085,-173.55401067116972,-56.21810650444666,10.849405583430856,2200.0,-20.0,20.0,107.03577852249146,-35.11675463034743
826,8.26,-22.743383426878676,-12.319620050165277,16.84617995392262,-166.23032388054423,-54.8280738666791,1.1520846407135317,2200.0,-20.0,20.0,107.02680826187134,-35.10806417399774
827,8.27,-22.791276919594427,-12.266989882704024,16.9182676495686,-159.6838716346552,-52.84990528949999,-7.831519220543182,2200.0,-20.0,20.0,107.01783800125122,-35.09777658233819
828,8.28,-22.838098889681763,-12.21403031779946,16.989584877945934,-153.99729845114993,-50.38377365078897,-16.02493240179019,2200.0,-20.0,20.0,107.0088677406311,-35.08595397985432
829,8.290000000000001,-22.883851142963156,-12.16075748749197,17.060122439699544,-149.157154678428,-47.52663580439979,-23.44817796956925,2200.0,-20.0,20.0,106.99989748001099,-35.07265855109723
830,8.3,-22.928535693440544,-12.107187570198986,17.129871274400685,-145.0949687074845,-44.36379093613144,-30.17678480573339,2200.0,-20.0,20.0,106.99092721939087,-35.05795208927618
831,8.31,-22.972154762199427,-12.053336787052068,17.19882246316197,-141.72019663953103,-40.96618326734302,-36.30892708417072,2200.0,-20.0,20.0,106.98195695877075,-35.04189557756217
832,8.32,-23.014710776189563,-11.999221398326824,17.266967231225507,-138.9405320212472,-37.3910509936413,-41.9452133041596,2200.0,-20.0,20.0,106.97298669815063,-35.02454880536155
833,8.33,-23.05620636689114,-11.944857699973282,17.334296950518667,-136.67203444076273,-33.68397863199259,-47.17866803737299,2200.0,-20.0,20.0,106.96401643753052,-35.00597002135492
834,8.34,-23.09664436887629,-11.890262020253397,17.400803142171696,-134.84292917727768,-29.88123644658609,-52.091056254026135,2200.0,-20.0,20.0,106.9550461769104,-34.9862156246425
835,8.35,-23.136027818276826,-11.835450716491316,17.466477478990797,-133.39408416776678,-26.01190925418302,-56.752546101143835,2200.0,-20.0,20.0,106.94607591629028,-34.96533989485495
836,8.36,-23.17435995116981,-11.780440171940755,17.5313117878803,-132.27801063428774,-22.09965999254981,-61.222865927016876,2200.0,-20.0,20.0,106.93710565567017,-34.943394761598626
837,8.370000000000001,-23.211644201893247,-11.725246792772529,17.595298052207568,-131.4573743838006,-18.16412907150094,-65.55297052952145,2200.0,-20.0,20.0,106.92813539505005,-34.92042961315569
838,8.38,-23.247884201304817,-11.669887005183876,17.65842841410442,-130.90348848155722,-14.222026466041692,-69.78674750767485,2200.0,-20.0,20.0,106.91916513442993,-34.896491143918986
839,8.39,-23.283083774996804,-11.61437725262989,17.720695176699103,-130.59498133185198,-10.287984302834246,-73.96257042109353,2200.0,-20.0,20.0,106.91019487380981,-34.8716232396299
840,8.4,-23.31724694148073,-11.558733993175828,17.78209080627329,-130.51669775738876,-6.375231240108687,-78.11464036969488,2200.0,-20.0,20.0,106.9012246131897,-34.845866899145236
841,8.41,-23.350377910355135,-11.50297369696778,17.842607934339064,-130.65882860297722,-2.4961387919845115,-82.27411705593452,2200.0,-20.0,20.0,106.89225435256958,-34.81926019110028
842,8.42,-23.382481080469944,-11.447112843817674,17.902239359631242,-131.0162388452427,1.3373211810145877,-86.4700616723768,2200.0,-20.0,20.0,106.88328409194946,-34.791838243569416
843,8.43,-23.413561038100333,-11.391167920897368,17.960978050010947,-131.58795487064884,5.113177827894808,-90.73021655687923,2200.0,-20.0,20.0,106.87431383132935,-34.76363326457984
844,8.44,-23.44362255514288,-11.335155420535218,18.01881714427712,-132.37676794282132,8.819099028205928,-95.08163991176279,2200.0,-20.0,20.0,106.86534357070923,-34.7346745911126
845,8.45,-23.472670587345835,-11.27909183810731,18.075749953882895,-133.38890740899973,12.442049313494906,-99.55120205605022,2200.0,-20.0,20.0,106.85637331008911,-34.704988764079026
846,8.46,-23.500710272584776,-11.222993670014471,18.13176996455471,-134.633730878729,15.96795773688775,-104.16593397974157,2200.0,-20.0,20.0,106.847403049469,-34.67459962663132
847,8.47,-23.527746929193967,-11.166877411735083,18.186870837812393,-136.12336772947216,19.381391888698705,-108.95319945149554,2200.0,-20.0,20.0,106.83843278884888,-34.64352844308834
848,8.48,-23.553786054362657,-11.110759555942895,18.24104641238917,-137.87223615825746,22.66524233789251,-113.94063848022536,2200.0,-20.0,20.0,106.82946252822876,-34.611794035708016
849,8.49,-23.57883332260447,-11.054656590678176,18.294290705551095,-139.89633344459327,25.80043270546551,-119.15580344208304,2200.0,-20.0,20.0,106.82049226760864,-34.5794129365427
850,8.5,-23.60289458430672,-10.998584997559949,18.346597914315936,-142.21217787318326,28.765685496545505,-124.6253832644147,2200.0,-20.0,20.0,106.81152200698853,-34.546399551629136
851,8.51,-23.625975864365216,-10.942561250026525,18.39796241657212,-144.83526786331842,31.537393317650125,-130.37389447881054,2200.0,-20.0,20.0,106.80255174636841,-34.512766334837195
852,8.52,-23.648083360908704,-10.88660181159119,18.44837877209884,-147.77793624739883,34.08966816066839,-136.42172749578035,2200.0,-20.0,20.0,106.79358148574829,-34.47852396877637
853,8.53,-23.669223444115616,-10.830723134099669,18.497841723488847,-151.04654172791982,36.39466370342114,-142.7824983319689,2200.0,-20.0,20.0,106.78461122512817,-34.44368155028276
854,8.540000000000001,-23.689402655124333,-10.774941655976003,18.54634619697598,-154.6380867900799,38.423277340305646,-149.4598015628299,2200.0,-20.0,20.0,106.77564096450806,-34.40824677813787
855,8.55,-23.708627705036726,-10.719273800443483,18.593887303169787,-158.53660145510494,40.14632384645603,-156.4437090644141,2200.0,-20.0,20.0,106.76667070388794,-34.372226140821205
856,8.56,-23.726905474013105,-10.6637359737076,18.640460337700016,-162.70995947573422,41.53621190847498,-163.7076853070229,2200.0,-20.0,20.0,106.75770044326782,-34.335625102273085
857,8.57,-23.744243010455413,-10.608344563088366,18.68606078177402,-167.10808714797477,42.56903654383975,-171.20688275063716,2200.0,-20.0,20.0,106.7487301826477,-34.29844828381754
858,8.58,-23.760647530273907,-10.55311593508989,18.730684302650424,-171.66358411807803,43.22683876656345,-178.8788394910847,2200.0,-20.0,20.0,106.73975992202759,-34.26069964057807
859,8.59,-23.776126416231293,-10.498066433395817,18.77432675403263,-176.29539634712154,43.49963308414295,173.35277837632742,2200.0,-20.0,20.0,106.73078966140747,-34.22238263091622
860,8.6,-23.79068721735694,-10.443212376780044,18.81698417638593,179.08466204813405,43.38674761826394,165.57159100826357,2200.0,-20.0,20.0,106.72181940078735,-34.1835003776134
861,8.61,-23.804337648422575,-10.388570056923111,18.858652797182145,174.5637517407698,42.89712688143028,157.86028766187567,2200.0,-20.0,20.0,106.71284914016724,-34.14405581969786
862,8.620000000000001,-23.817085589469734,-10.334155736125664,18.899329031075816,170.22008275403664,42.04850184880779,150.29264348588634,2200.0,-20.0,20.0,106.70387887954712,-34.104051854021066
863,8.63,-23.82893908537827,-10.27998564491169,18.93900948001606,166.11699135210534,40.86563234286671,142.9275396271657,2200.0,-20.0,20.0,106.694908618927,-34.06349146585288
864,8.64,-23.83990634546433,-10.226075979515326,18.977690933298344,162.30000427405034,39.378037935779496,135.8059704151877,2200.0,-20.0,20.0,106.68593835830688,-34.022377847942614
865,8.65,-23.849995743095437,-10.172442899246509,19.01537036756017,158.796860902498,37.61767823207761,128.95100701680005,2200.0,-20.0,20.0,106.67696809768677,-33.98071450766345
866,8.66,-23.85921581530979,-10.119102523732066,19.052044946725108,155.61971658592822,35.61694070705735,122.36993959725721,2200.0,-20.0,20.0,106.66799783706665,-33.938505361988675
867,8.67,-23.86757526242636,-10.066070930030317,19.087712021899083,152.76848746806425,33.40712509191078,116.05755714249825,2200.0,-20.0,20.0,106.65902757644653,-33.89575482020725
868,8.68,-23.87508294763217,-10.01336414961872,19.122369131223174,150.23443264622497,31.017457515312866,109.99965952283492,2200.0,-20.0,20.0,106.65005731582642,-33.85246785440999
869,8.69,-23.88174789632504,-9.960998165224456,19.156013999840496,148.00338078853702,28.4745687367932,104.17621239187466,2200.0,-9.500619769096375,20.0,106.6410870552063,-33.808649422930415
870,8.700000000000001,-23.8875792948808,-9.908988907521236,19.188644539662945,146.05829809185363,25.802332703020866,98.5638673614007,2200.0,5.6322163343429565,20.0,106.63211679458618,-33.76430339291013
871,8.71,-23.89258648616604,-9.85735225102011,19.220258849473304,144.38105766216634,23.021931814176185,93.13781814814402,2200.0,18.153634071350098,20.0,106.62314653396606,-33.71942218487988
872,8.72,-23.896778975850303,-9.80610401966154,19.250855199939572,142.95372259099074,20.151947686837175,87.87308357572273,2200.0,20.0,20.0,106.61417627334595,-33.67403278042892
873,8.73,-23.90016639333346,-9.755259969265918,19.28043206310204,141.75992258904964,17.208663210655523,82.74527541130068,2200.0,20.0,20.0,106.60520601272583,-33.628132296561205
874,8.74,-23.902758506960204,-9.704835787339157,19.308988110432143,140.78543483137446,14.206462318646334,77.7309501215602,2200.0,20.0,20.0,106.59623575210571,-33.581737885052306
875,8.75,-23.904565218388584,-9.654847091404392,19.336522218844088,140.0183307017863,11.158191847705899,72.80772384219104,2200.0,20.0,20.0,106.5872654914856,-33.53486013989448
876,8.76,-23.90559656667382,-9.605309427251655,19.363033472914616,139.4490134637434,8.075468712953427,67.9542414800174,2200.0,20.0,20.0,106.57829523086548,-33.48750968002399
877,8.77,-23.905862729262083,-9.556238268038703,19.388521162972562,139.07022801325198,4.968967832392361,63.15004248807768,2200.0,20.0,20.0,106.56932497024536,-33.43969779053529
878,8.78,-23.905374022445447,-9.507649012772386,19.412984782662093,138.8770542964704,1.8486963605392723,58.375358395588584,2200.0,20.0,20.0,106.56035470962524,-33.391436617924036
879,8.790000000000001,-23.904140901634257,-9.459556984131693,19.436424026646897,138.866894786486,-1.2757437927877153,53.610870782757026,2200.0,20.0,20.0,106.55138444900513,-33.34273916987915
880,8.8,-23.902173961236,-9.411977425750592,19.45883878879776,139.03946359273127,-4.394902554302585,48.83745010965783,2200.0,20.0,20.0,106.54241418838501,-33.29361919079927
881,8.81,-23.89948393441548,-9.36492549917519,19.480229160753016,139.3967813845837,-7.499232806342565,44.03588980480771,2200.0,20.0,20.0,106.53344392776489,-33.24409105180635
882,8.82,-23.896081692661845,-9.31841628061999,19.50059543078407,139.94317582539276,-10.57884022149808,39.18664760167496,2200.0,20.0,20.0,106.52447366714478,-33.194169648734345
883,8.83,-23.89197824521201,-9.272464757613996,19.51993808284968,140.68528020304532,-13.623226375614546,34.269607428791616,2200.0,20.0,20.0,106.51550340652466,-33.14387031077455
884,8.84,-23.887184738354154,-9.227085825581169,19.53825779575249,141.63201504227163,-16.621020576692004,29.263879617856187,2200.0,20.0,20.0,106.50653314590454,-33.09320871896162
885,8.85,-23.881712454625074,-9.182294284374265,19.55555544233553,142.7945273730835,-19.559697547334224,24.147665192190242,2200.0,20.0,20.0,106.49756288528442,-33.04220083126735
886,8.86,-23.875572811906533,-9.138104834767104,19.571832088679066,144.18604906489276,-22.42528106786167,18.898222009542817,2200.0,20.0,20.0,106.4885926246643,-32.990862811019404
887,8.870000000000001,-23.868777362420204,-9.094532074904325,19.58708899327538,145.8216186143032,-25.202038596363014,13.491986856886223,2200.0,20.0,20.0,106.47962236404419,-32.93921095635889
888,8.88,-23.86133779161682,-9.051590496706739,19.60132760617034,147.7175903156621,-27.872179616124132,7.904927712374277,2200.0,20.0,20.0,106.47065210342407,-32.88726162958699
889,8.89,-23.85326591695321,-9.009294482231608,19.614549568067577,149.89083320794953,-30.415582011075553,2.1132218076694285,2200.0,20.0,20.0,106.46168184280396,-32.835031186234986
890,8.9,-23.844573686549953,-8.967658299989493,19.626756709394524,152.35750579731504,-32.80958689963711,-3.905628465022005,2200.0,20.0,20.0,106.45271158218384,-32.782535904313676
891,8.91,-23.835273177722275,-8.926696101221655,19.637951049331456,155.13129372298218,-35.02892286139643,-10.171130834135031,2200.0,20.0,20.0,106.44374132156372,-32.72979191452891
892,8.92,-23.825376595377055,-8.886421916144089,19.648134794805625,158.2210366763772,-37.04584287551221,-16.69751766751174,2200.0,20.0,20.0,106.4347710609436,-32.67681513237768
893,8.93,-23.814896270269468,-8.846849650166083,19.657310339453083,161.62777471656574,-38.83057494178772,-23.490871476645466,2200.0,20.0,20.0,106.42580080032349,-32.62362119303988
894,8.94,-23.803844657113626,-8.807993080092666,19.665480262551313,165.34143539285947,-40.35218798904874,-30.545884294470717,2200.0,20.0,20.0,106.41683053970337,-32.570225389936205
895,8.950000000000001,-23.79223433254265,-8.769865850321551,19.672647327926065,169.3376566773822,-41.579941124720065,-37.84274729594506,2200.0,20.0,20.0,106.40786027908325,-32.516642617755245
896,8.96,-23.780077992914762,-8.732481469046114,19.678814482836255,173.57552952159742,-42.485100836433595,-45.34495575389139,2200.0,20.0,20.0,106.39889001846313,-32.46288732072362
897,8.97,-23.767388451963352,-8.695853304476719,19.683984856840883,177.99719871436417,-43.04307690098617,-52.99896922453529,2200.0,20.0,20.0,106.38991975784302,-32.4089734468073
898,8.98,-23.75417863829037,-8.6599945810932,19.688161760652243,-177.4699094159936,-43.235574382681015,-60.73649668954697,2200.0,20.0,20.0,106.3809494972229,-32.354914408511995
899,8.99,-23.74046159270389,-8.624918375941556,19.69134868497966,-172.9080628678835,-43.052351918880134,-68.47957742565612,2200.0,20.0,20.0,106.37197923660278,-32.30072305088809
900,9.0,-23.726250465402174,-8.590637614988053,19.693549299368176,-168.40212247786857,-42.492189414367196,-76.14773974187221,2200.0,20.0,20.0,106.36300897598267,-32.246411627297874
901,9.01,-23.711558513008107,-8.55716506954368,19.694767451036398,-164.03186008313918,-41.56283136953833,-83.66574186790793,2200.0,20.0,20.0,106.35403871536255,-32.191991783457226
902,9.02,-23.696399095459398,-8.524513352771613,19.695007163717758,-159.86542598963445,-40.27993369463661,-90.97016674554801,2200.0,20.0,20.0,106.34506845474243,-32.13747455022676
903,9.03,-23.680785672761242,-8.492694916289754,19.694272636509282,-155.95524237552831,-38.66528887603958,-98.01359566891587,2200.0,20.0,20.0,106.33609819412231,-32.082870345594756
904,9.040000000000001,-23.664731801609626,-8.4617220468797,19.692568242731735,-152.33672999121075,-36.74473395706041,-104.76595522059863,2200.0,20.0,20.0,106.3271279335022,-32.02818898632199
905,9.05,-23.648251131894746,-8.431606863312634,19.68989852880486,-149.0294508907428,-34.54612784805266,-111.21345688657283,2200.0,20.0,20.0,106.31815767288208,-31.97343970972367
906,9.06,-23.631357403094977,-8.402361313301544,19.686268213141215,-146.03979525456646,-32.0976641197483,-117.35600381433214,2200.0,20.0,20.0,106.30918741226196,-31.918631206151396
907,9.07,-23.614064440573166,-8.373997170588142,19.681682185061685,-143.36429986478208,-29.42663702941492,-123.20398020483519,2200.0,20.0,20.0,106.30021715164185,-31.863771662849384
908,9.08,-23.59638615178763,-8.346526032171512,19.67614550373567,-140.9929073686255,-26.558658794795665,-128.775117936736,2200.0,20.0,20.0,106.29124689102173,-31.80886881998262
909,9.09,-23.57833652243126,-8.319959315684276,19.66966339714836,-138.91177214248228,-23.51725667310587,-134.09183922419012,2200.0,20.0,20.0,106.28227663040161,-31.753930039850914
910,9.1,-23.559929612512523,-8.294308256920615,19.662241261097382,-137.1054685253913,-20.323753982020953,-139.17922528559268,2200.0,20.0,20.0,106.2733063697815,-31.698962390444407
911,9.11,-23.54117955239284,-8.269583907519113,19.653884658220466,-135.5586180803518,-16.997343719992653,-144.0636015689213,2200.0,20.0,20.0,106.26433610916138,-31.64397274473195
912,9.120000000000001,-23.522100538794902,-8.245797132801904,19.644599317055548,-134.25703228107048,-13.555281424337949,-148.771652213915,2200.0,20.0,20.0,106.25536584854126,-31.588967897168764
913,9.13,-23.50270683079682,-8.222958609770162,19.634391131134166,-133.18849169640646,-10.01314498103648,-153.32995416026762,2200.0,20.0,20.0,106.24639558792114,-31.533954699033067
914,9.14,-23.48301274582681,-8.201078825254525,19.623266158108585,-132.34327761984616,-6.385128020160543,-157.76482950527986,2200.0,20.0,20.0,106.23742532730103,-31.47894021413066
915,9.15,-23.463032655673125,-8.18016807421763,19.611230618912508,-131.7145549048054,-2.6843485386365513,-162.10243578865345,2200.0,20.0,20.0,106.22845506668091,-31.42393189627196
916,9.16,-23.442780982523495,-8.160236458204551,19.59829089695488,-131.29868568174248,1.0768344004358215,-166.3690378214124,2200.0,20.0,20.0,106.21948480606079,-31.368937789562104
917,9.17,-23.422272195047835,-8.141293883935687,19.58445353734552,-131.09553740707872,4.886494751964207,-170.59142681494185,2200.0,20.0,20.0,106.21051454544067,-31.313966752053265
918,9.18,-23.40152080453758,-8.123350062035335,19.569725246151105,-131.10883685159055,8.732796774281447,-174.79747129773716,2200.0,20.0,20.0,106.20154428482056,-31.259028702602333
919,9.19,-23.380541361113956,-8.10641450588812,19.55411288967909,-131.34661393259384,12.60362233403009,-179.0167993710643,2200.0,20.0,20.0,106.19257402420044,-31.204134889970923
920,9.200000000000001,-23.35934845001691,-8.09049653061438,19.53762349378699,-131.8217743994927,16.48614942371229,176.7183768548826,2200.0,20.0,20.0,106.18360376358032,-31.149298182211833
921,9.21,-23.337956687985255,-8.075605252154727,19.52026424321364,-132.55283585544967,20.366356723932636,172.37227721967216,2200.0,20.0,20.0,106.1746335029602,-31.094533373444797
922,9.22,-23.31638071973763,-8.061749586453137,19.50204248092855,-133.56485312008633,24.228421458049418,167.9043935137594,2200.0,20.0,20.0,106.16566324234009,-31.03985750409338
923,9.23,-23.294635214562593,-8.048938248727389,19.482965707495165,-134.8905385470381,28.05396894781809,163.26815275888788,2200.0,20.0,20.0,106.15669298171997,-30.98529018978044
924,9.24,-23.27273486302506,-8.03717975281499,19.46304158044291,-136.57153572765327,31.821123217786667,158.40944716458125,2200.0,20.0,20.0,106.14772272109985,-30.930853953288292
925,9.25,-23.25069437379485,-8.026482410582537,19.442277913642908,-138.65970385455321,35.503302198583604,153.2651734802903,2200.0,20.0,20.0,106.13875246047974,-30.876574553418987
926,9.26,-23.228528470601866,-8.016854331386016,19.420682676681416,-141.21806809523343,39.06770734357278,147.7621253273128,2200.0,20.0,20.0,106.12978219985962,-30.82248130421908
927,9.27,-23.206251889320992,-8.008303421569725,19.39826399422476,-144.3207173151467,42.47349519169017,141.81695554149877,2200.0,20.0,20.0,106.1208119392395,-30.768607377847083
928,9.28,-23.18387937518837,-8.000837383991296,19.375030145369237,-148.0503035696513,45.66972552858054,135.33855222101386,2200.0,20.0,20.0,106.11184167861938,-30.71499008446544
929,9.290000000000001,-23.16142568014936,-7.994463717560768,19.350989562968984,-152.4909126636022,48.59342021955461,128.23505721993465,2200.0,20.0,20.0,106.10287141799927,-30.66167112273269
930,9.3,-23.138905560337047,-7.989189716781845,19.3261508329346,-157.71325667404946,51.16851190285366,120.42857425907147,2200.0,20.0,20.0,106.09390115737915,-30.608696794894424
931,9.31,-23.116333773678733,-7.985022471284091,19.300522693495143,-163.7495388766242,53.307110270169105,111.8802143562308,2200.0,20.0,20.0,106.08493089675903,-30.556118180979432
932,9.32,-23.093725077626633,-7.981968865335398,19.274114034415838,-170.55928176258385,54.91506257462394,102.62418612205786,2200.0,20.0,20.0,106.07596063613892,-30.50399126720355
933,9.33,-23.071094227007567,-7.98003557732488,19.2469338961639,-177.99687004751925,55.90335639391014,92.80017733572686,2200.0,20.0,20.0,106.0669903755188,-30.452377024328015
934,9.34,-23.04845597198528,-7.979229079207182,19.218991469014707,174.19730022517348,56.204359729132186,82.66213507102032,2200.0,20.0,20.0,106.05802011489868,-30.401341432403825
935,9.35,-23.025825056127875,-7.979555635900247,19.190296092090794,166.36154125140723,55.78756333609051,72.54291753441474,2200.0,20.0,20.0,106.04904985427856,-30.350955449000804
936,9.36,-23.003216214571708,-7.981021304629646,19.16085725232608,158.8384055940856,54.66702875804688,62.77975987743312,2200.0,20.0,20.0,106.04007959365845,-30.30129491871285
937,9.370000000000001,-22.980644172272225,-7.983631934213763,19.130684583348174,151.89789837118855,52.89624640140337,53.63741977307434,2200.0,20.0,20.0,106.03110933303833,-30.252440422391675
938,9.38,-22.958123642470245,-7.987393164259769,19.099787864247563,145.6973122473155,50.55360004823943,45.26794099383097,2200.0,12.655274868011475,20.0,106.02213907241821,-30.204477460680366
939,9.39,-22.93566932545215,-7.992310423948842,19.068177018292612,140.28625545582938,47.726045208492664,37.71558280365552,2200.0,0.37009894847869873,20.0,106.0131688117981,-30.15749736624258
940,9.4,-22.91329590787501,-7.998388929098421,19.035862111576556,135.6378953458251,44.496899896829554,30.947872593643577,2200.0,-11.599786281585693,20.0,106.00419855117798,-30.111599029034117
941,9.41,-22.89101805607281,-8.005633681322086,19.002853357084383,131.68372296762425,40.93935923926487,24.890232949114193,2200.0,-20.0,20.0,105.99522829055786,-30.066872482342156
942,9.42,-22.868850436894476,-8.014049461700953,18.969161101287675,128.3396092562315,37.11443468946577,19.4521934965399,2200.0,-20.0,20.0,105.98625802993774,-30.023419849353846
943,9.43,-22.846807711499324,-8.023640832708233,18.934795821127803,125.52153988628633,33.07151395475712,14.543054130901282,2200.0,-20.0,20.0,105.97728776931763,-29.981342246322583
944,9.44,-22.824904537005803,-8.034412135167289,18.899768115962654,123.153441260608,28.850005727138736,10.079518950800843,2200.0,-20.0,20.0,105.96831750869751,-29.94074502762081
945,9.450000000000001,-22.803155562953933,-8.04636748724087,18.864088703374197,121.17011773238573,24.481219728123236,5.988403956802217,2200.0,-20.0,20.0,105.95934724807739,-29.901734552834842
946,9.46,-22.781575427792433,-8.059510782313394,18.827768415951287,119.51759418624621,19.990091996674927,2.206732396093245,2200.0,-20.0,20.0,105.95037698745728,-29.864417427658168
947,9.47,-22.760178755100725,-8.073845687213215,18.790818198394636,118.1523069308447,15.396630245997782,-1.3193679355338548,2200.0,-20.0,20.0,105.94140672683716,-29.82889991364071
948,9.48,-22.738980149771308,-8.089375640756268,18.753249104708527,117.03993060408743,10.717072954364712,-4.636205898881823,2200.0,-20.0,20.0,105.93243646621704,-29.79528729916141
949,9.49,-22.71799419419495,-8.10610385253058,18.71507229538606,116.1542336890532,5.964802341760902,-7.784147251470689,2200.0,-20.0,20.0,105.92346620559692,-29.763683211486647
950,9.5,-22.697235444442452,-8.124033301863655,18.676299034570203,115.4761440231584,1.1510634001652371,-10.7991766031234,2200.0,-20.0,20.0,105.9144959449768,-29.734188879241362
951,9.51,-22.676718426430718,-8.143166736942362,18.636940687202326,114.9931059279895,-3.7144606038306653,-13.714381891050136,2200.0,-20.0,20.0,105.90552568435669,-29.706902361546355
952,9.52,-22.65645763206662,-8.163506674074016,18.597008716177495,114.69877487596082,-8.623171192607696,-16.561406980262685,2200.0,-20.0,20.0,105.89655542373657,-29.681917760270295
953,9.53,-22.63646751536839,-8.185055397087192,18.556514679524163,114.59309830325587,-13.567135850313354,-19.371961183550642,2200.0,-20.0,20.0,105.88758516311646,-29.65932442979253
954,9.540000000000001,-22.616762488568643,-8.207814956874358,18.515470227622277,114.68286203285389,-18.538687996346248,-22.179516939207904,2200.0,-20.0,20.0,105.87861490249634,-29.639206196325265
955,9.55,-22.597356918205072,-8.231787171078322,18.473887100470552,114.98284204779411,-23.530002263189104,-25.021385897828605,2200.0,-20.0,20.0,105.86964464187622,-29.621640596895297
956,9.56,-22.578265121205913,-8.256973623922843,18.4317771250116,115.51780353880885,-28.532589141939805,-27.941459662126107,2200.0,-20.0,20.0,105.8606743812561,-29.606698146901742
957,9.57,-22.55950136097762,-8.283375666185897,18.389152212522514,116.32576092955193,-33.53662688415058,-30.994065794549904,2200.0,-20.0,20.0,105.85170412063599,-29.594441644567187
958,9.58,-22.54107984350279,-8.310994415312209,18.346024356077834,117.4632066345101,-38.529997733376064,-34.24967673296799,2200.0,-20.0,20.0,105.84273386001587,-29.584925520375652
959,9.59,-22.523014713456874,-8.339830755660262,18.30240562809114,119.01352826021042,-43.4967979492674,-37.80371514401476,2200.0,-20.0,20.0,105.83376359939575,-29.578195239517584
960,9.6,-22.505320050352907,-8.369885338877767,18.258308177940815,121.1007270048964,-48.41490094630844,-41.790587293081856,2200.0,-20.0,20.0,105.82479333877563,-29.574286765237293
961,9.61,-22.48800986472395,-8.401158584398548,18.213744229684654,123.91205273738643,-53.25177532695329,-46.4065747273126,2200.0,-20.0,20.0,105.81582307815552,-29.573226090776267
962,9.620000000000001,-22.471098094353355,-8.433650680052859,18.168726079866744,127.7353441039404,-57.95700431416338,-51.94738426572075,2200.0,-20.0,20.0,105.8068528175354,-29.575028847209055
963,9.63,-22.454598600563017,-8.467361582782337,18.12326609541902,133.01811679344092,-62.44849650241061,-58.867408583081826,2200.0,-20.0,20.0,105.79788255691528,-29.579699994007594
964,9.64,-22.438525164569754,-8.502291019449958,18.077376711658584,140.44543061844487,-66.58706263541808,-67.8577352535001,2200.0,-20.0,20.0,105.78891229629517,-29.587233598506533
965,9.65,-22.42289148391957,-8.5384384877347,18.031070430380613,150.96680582538266,-70.1334880244096,-79.87318035068803,2200.0,-20.0,20.0,105.77994203567505,-29.59761270978266
966,9.66,-22.40771116900904,-8.575803257100034,17.984359818045398,165.46188606102908,-72.7008969254882,-95.7980485197413,2200.0,-20.0,20.0,105.77097177505493,-29.610809331606436
967,9.67,-22.39299773970242,-8.614384369824853,17.93725750405689,-176.5146103325143,-73.7981390332592,-115.19116473750479,2200.0,-20.0,20.0,105.76200151443481,-29.626784498299156
968,9.68,-22.37876462205231,-8.654180642085148,17.889776179128845,-157.9449061664827,-73.11934871855223,-135.07392508562538,2200.0,-20.0,20.0,105.7530312538147,-29.6454884563373
969,9.69,-22.365025145130698,-8.695190665074563,17.84192859373351,-142.3034763451304,-70.83893226260415,-151.9750407843145,2200.0,-20.0,20.0,105.74406099319458,-29.66686095358146
970,9.700000000000001,-22.351792537976333,-8.737412806151886,17.793727556626752,-130.68671557093805,-67.42660083795695,-164.80091551774586,2200.0,-20.0,20.0,105.73509073257446,-29.690831636929243
971,9.71,-22.339079926663317,-8.78084521000371,17.74518593344239,-122.40470777054848,-63.3044824347,-174.24391239238022,2200.0,-20.0,20.0,105.72612047195435,-29.717320558099217
972,9.72,-22.326900331494617,-8.825485799810759,17.69631664534761,-116.46350965172498,-58.74530982022494,178.6999009385682,2200.0,-20.0,20.0,105.71715021133423,-29.746238786118433
973,9.73,-22.315266664323307,-8.871332278406754,17.6471326677504,-112.10092130422287,-53.908712754385185,173.26650127329432,2200.0,-20.0,20.0,105.70817995071411,-29.77748912394862
974,9.74,-22.304191726002923,-8.918382129419365,17.597647029049174,-108.81061745495388,-48.88781737511796,168.94802627588123,2200.0,-20.0,20.0,105.699209690094,-29.81096692549365
975,9.75,-22.293688203967477,-8.9666326183834,17.54787280941412,-106.26544929366854,-43.73866882497643,165.41606822528436,2200.0,-20.0,20.0,105.69023942947388,-29.846561008099787
976,9.76,-22.28376866994042,-9.016080793817311,17.497823139589148,-104.25179832962361,-38.496388702969064,162.45602691875118,2200.0,-20.0,20.0,105.68126916885376,-29.884154654493734
977,9.77,-22.274445577770766,-9.066723488254976,17.447511199702937,-102.62689356015943,-33.18389752526897,159.9244338024921,2200.0,-20.0,20.0,105.67229890823364,-29.923626696988524
978,9.78,-22.2657312613936,-9.118557319225808,17.3969502180772,-101.29273772366993,-27.816726992086227,157.72289445199024,2200.0,-20.0,20.0,105.66332864761353,-29.964852675709395
979,9.790000000000001,-22.257637932911237,-9.171578690177412,17.34615347002014,-100.18025167956748,-22.405766370442578,155.78226055305137,2200.0,-20.0,20.0,105.65435838699341,-30.007706061562445
980,9.8,-22.25017768079029,-9.225783791336207,17.295134276592893,-99.2394781258895,-16.95888767080181,154.0528757773358,2200.0,-20.0,20.0,105.64538812637329,-30.052059533700454
981,9.81,-22.243362468169128,-9.28116860050267,17.243906003337,-98.43338391042727,-11.481941592660798,152.49843956531998,2200.0,-20.0,20.0,105.63641786575317,-30.097786300365467
982,9.82,-22.23720413126944,-9.337728883779329,17.192482058950915,-97.73383111435403,-5.979388100946265,151.09206612568138,2200.0,-20.0,20.0,105.62744760513306,-30.144761451180038
983,9.83,-22.23171437790489,-9.395460196230788,17.14087589390412,-97.11887802887937,-0.4547079123089715,149.8137105765137,2200.0,-20.0,20.0,105.61847734451294,-30.192863328266306
984,9.84,-22.226904786079267,-9.454357882476634,17.089100998977653,-96.57090606597679,5.089321263269152,148.64847491951912,2200.0,-20.0,20.0,105.60950708389282,-30.241974902992826
985,9.85,-22.222786802666135,-9.514417077219274,17.03717090372065,-96.07525845350341,10.650434057507068,147.58550590872764,2200.0,-20.0,20.0,105.6005368232727,-30.291985144673998
986,9.86,-22.219371742161396,-9.57563270571017,16.985099174813026,-95.61918261151186,16.226741916633408,146.61731904253344,2200.0,-20.0,20.0,105.59156656265259,-30.342790367215194
987,9.870000000000001,-22.216670785382846,-9.63799948422359,16.93289941417579,-95.19092520949836,21.816633494212734,145.7394666453468,2200.0,-11.78044080734253,20.0,105.58259630203247,-30.3942950680426
988,9.88,-22.214694978477,-9.701511920999332,16.88058525681779,-94.77886011782898,27.41869813602975,144.95054107211058,2200.0,0.6668633222579956,20.0,105.57362604141235,-30.44641253110342
989,9.89,-22.213455232666814,-9.766164319350219,16.82817036757003,-94.37053590042447,33.031662166840874,144.25256660318004,2200.0,9.829133152961731,20.0,105.56465578079224,-30.499063312207948
990,9.9,-22.212962330329617,-9.831950782502158,16.7756684437489,-93.9513080911539,38.654322212300436,143.65186925251865,2200.0,16.65579319000244,20.0,105.55568552017212,-30.55219083232895
991,9.91,-22.21322690764121,-9.898865221225627,16.72309319429466,-93.50191859681046,44.285473497775094,143.16084475726154,2200.0,20.0,20.0,105.546715259552,-30.605741112240572
992,9.92,-22.21425945567365,-9.966901349849767,16.670458342944674,-92.99457198384067,49.923821594886164,142.80159648031366,2200.0,20.0,20.0,105.53774499893188,-30.6596848200184
993,9.93,-22.216070314026613,-10.036052688270814,16.61777762327114,-92.38539505713243,55.567825910083116,142.61332984834556,2200.0,20.0,20.0,105.52877473831177,-30.71400255571388
994,9.94,-22.218669667693362,-10.106312560190334,16.56506477737273,-91.59813700480396,61.21537691733513,142.6685362498662,2200.0,20.0,20.0,105.51980447769165,-30.768690136270475
995,9.950000000000001,-22.22206754539652,-10.17767409381295,16.51233355462056,-90.4841464393676,66.86302109704151,143.1129118471743,2200.0,20.0,20.0,105.51083421707153,-30.823759353885848
996,9.96,-22.22627381839257,-10.250130222705899,16.459597710514103,-88.70544909134814,72.5037120901992,144.28219438002577,2200.0,20.0,20.0,105.50186395645142,-30.879238568938014
997,9.97,-22.23129819952714,-10.323673686744138,16.406871005512325,-85.28974922786215,78.11821761908965,147.1470959610405,2200.0,20.0,20.0,105.4928936958313,-30.935173040764344
998,9.98,-22.237150242399526,-10.398297033058139,16.354167203763428,-75.92141210707224,83.62159319874033,156.02227363940492,2200.0,20.0,20.0,105.48392343521118,-30.991625042077047
999,9.99,-22.243839340566584,-10.47399261694659,16.30150007171058,-13.943153425557819,87.8068186827338,-142.43538950629514,2200.0,20.0,20.0,105.47495317459106,-31.04867377544811
1000,10.0,-22.251374726755564,-10.550752602738346,16.24888337657502,62.144085790187496,84.19512621150886,-66.7266721740081,2200.0,20.0,20.0,105.46598291397095,-31.106415101402064
1001,10.01,-22.259765472078396,-10.6285689645999,16.196330884724254,72.95865711154255,78.71022104754456,-56.23249369669627,2200.0,20.0,20.0,105.45701265335083,-31.164961084745737
1002,10.02,-22.26902048525106,-10.707433487291212,16.14385635993186,76.59000475627869,73.08296893996611,-52.86209439523247,2200.0,20.0,20.0,105.44804239273071,-31.22443936434187
1003,10.03,-22.279148511825536,-10.78733776687617,16.09147356153119,78.34241245808165,67.4182229496182,-51.30925169545417,2200.0,20.0,20.0,105.4390721321106,-31.284992350762046
1004,10.040000000000001,-22.29015813344115,-10.868273211395858,16.039196242461838,79.32711376089455,61.738008543412015,-50.460113467948965,2200.0,20.0,20.0,105.43010187149048,-31.34677625628827
1005,10.05,-22.302057767099534,-10.950231041513565,15.987038147205189,79.9155222528295,56.050156490782236,-49.939889034231086,2200.0,20.0,20.0,105.42113161087036,-31.409959962525832
1006,10.06,-22.3148556644647,-11.033202291141265,15.935013009604528,80.26546683204681,50.35848118493308,-49.586508314608324,2200.0,20.0,20.0,105.41216135025024,-31.474723732318264
1007,10.07,-22.328559911187142,-11.11717780805766,15.88313455056535,80.45425806357572,44.66534680700372,-49.31741681868325,2200.0,20.0,20.0,105.40319108963013,-31.54125777435329
1008,10.08,-22.34317842624927,-11.202148254528558,15.831416475632155,80.52309175272038,38.97253569958322,-49.084991698140186,2200.0,20.0,20.0,105.39422082901001,-31.60976067069849
1009,10.09,-22.35871896132842,-11.288104107940812,15.779872472439477,80.49472958655254,33.28161121190334,-48.85862705545532,2200.0,20.0,20.0,105.38525056838989,-31.680437679308426
1010,10.1,-22.375189100173014,-11.375035661461569,15.728516208036126,80.3814304733465,27.594101629715848,-48.616498324164745,2200.0,20.0,20.0,105.37628030776978,-31.75349892521397
1011,10.11,-22.39259625798735,-11.462933024734884,15.677361326083233,80.18878974555672,21.91161562258237,-48.34132547815042,2200.0,20.0,20.0,105.36731004714966,-31.829157495652595
1012,10.120000000000001,-22.41094768082033,-11.551786124628064,15.626421443928185,79.91765021087804,16.235933894695318,-48.01793861093604,2200.0,20.0,20.0,105.35833978652954,-31.9076274557669
1013,10.13,-22.430250444953707,-11.641584706040035,15.575710149558107,79.56499574230935,10.56909930433596,-47.631688969814,2200.0,20.0,20.0,105.34936952590942,-31.98912180272687
1014,10.14,-22.450511456285504,-11.732318332784024,15.525240998437969,79.12422948976763,4.91352026140697,-47.16723670995772,2200.0,20.0,20.0,105.3403992652893,-32.073850377147046
1015,10.15,-22.471737449704673,-11.823976388556453,15.475027510239965,78.58500549226122,-0.727898805570273,-46.607449114019495,2200.0,20.0,20.0,105.33142900466919,-32.162017751577885
1016,10.16,-22.49393498845337,-11.916548078003537,15.425083165472072,77.93265640365354,-6.351583174792289,-45.932221847289306,2200.0,20.0,20.0,105.32245874404907,-32.25382111648165
1017,10.17,-22.51711046347363,-12.010022427896374,15.375421402015116,77.14717210414898,-11.953046167746725,-45.11705021857369,2200.0,20.0,20.0,105.31348848342896,-32.34944818461799
1018,10.18,-22.54127009273572,-12.104388288424593,15.326055611578768,76.2015989698111,-17.526544278059347,-44.13114621847165,2200.0,20.0,20.0,105.30451822280884,-32.44907513501348
1019,10.19,-22.5664199205458,-12.199634334617613,15.276999136088078,75.05962179635411,-23.06457228473785,-42.93481887963867,2200.0,20.0,20.0,105.29554796218872,-32.55286461774248
1020,10.200000000000001,-22.592565816831243,-12.29574906790159,15.228265264013022,73.6719317635956,-28.557105391068717,-41.475693746394214,2200.0,20.0,20.0,105.2865777015686,-32.66096384057858
1021,10.21,-22.619713476402186,-12.392720817798827,15.179867226654432,71.97073640399212,-33.99043212451743,-39.68310974699012,2200.0,20.0,20.0,105.27760744094849,-32.77350275817417
1022,10.22,-22.64786841818865,-12.490537743775272,15.13181819440027,69.86138091905686,-39.34530887186792,-37.459651155961566,2200.0,20.0,20.0,105.26863718032837,-32.89059238380115
1023,10.23,-22.67703598445285,-12.589187837240281,15.084131272966747,67.20948200190203,-44.593963292085,-34.66820787404407,2200.0,20.0,20.0,105.25966691970825,-33.01232324283812
1024,10.24,-22.70722133997688,-12.688658923701405,15.036819499639156,63.821310785106604,-49.695108334205884,-31.112295060551624,2200.0,20.0,20.0,105.25069665908813,-33.1387639861137
1025,10.25,-22.738429471226464,-12.788938665075525,14.989895839527373,59.41511694430706,-54.58550422233157,-26.507320053670547,2200.0,20.0,20.0,105.24172639846802,-33.26996017994806
1026,10.26,-22.770665185491737,-12.890014562156123,14.943373181851085,53.58484913694929,-59.16572292330377,-20.44424860212714,2200.0,20.0,20.0,105.2327561378479,-33.40593328822632
1027,10.27,-22.803885259319,-12.99183801322864,14.89724490253553,45.776535085945376,-63.27741618066396,-12.36590847016431,1998.6451416015625,20.0,20.0,105.22460651397705,-33.4996989170621
1028,10.28,-22.83783730414526,-13.094207122764853,14.85141677588278,35.360021657534965,-66.6738898641142,-1.6386021216394868,1123.5533447265625,20.0,20.0,105.22002506256104,-33.434056161085095
1029,10.290000000000001,-22.872130267434084,-13.196825191043672,14.805731784755972,21.9972431423863,-69.00842873041073,12.079648989000017,349.6384582519531,20.0,20.0,105.21859931945801,-33.3665904117027
1030,10.3,-22.906495993783967,-13.299495126188022,14.760077976139018,6.4108711159361285,-69.91176832552934,28.070408389113496,0.0,20.0,20.0,105.21859931945801,-33.37547751375434
1031,10.31,-22.940850601671183,-13.402156938431716,14.71441922251651,-9.289245014392806,-69.20182353138631,44.22844003446037,0.0,20.0,20.0,105.21859931945801,-33.457198919482764
1032,10.32,-22.97519398520229,-13.504810954796724,14.66875523457921,-22.894948080579013,-67.03335114525176,58.35070829321695,0.0,20.0,20.0,105.21859931945801,-33.54172399623948
1033,10.33,-23.009526106795526,-13.607457320740586,14.623085880101815,-33.527314943912174,-63.77146132157625,69.56405341450015,0.0,20.0,20.0,105.21859931945801,-33.62892538812147
1034,10.34,-23.04384693097522,-13.71009618315184,14.577411027862935,-41.45098882558436,-59.774075009676245,78.1396430323449,0.0,20.0,20.0,105.21859931945801,-33.71865211391758
1035,10.35,-23.07815642437841,-13.812727690322546,14.531730547669637,-47.28831763233585,-55.300614799750704,84.70725295340816,0.0,20.0,20.0,105.21859931945801,-33.810730596859266
1036,10.36,-23.11245455576108,-13.915351991920561,14.486044310381795,-51.60549178981817,-50.5189646088116,89.84157676056677,0.0,20.0,20.0,105.21859931945801,-33.90496592602818
1037,10.370000000000001,-23.146741296004016,-14.017969238961541,14.440352187936256,-54.8207476975724,-45.53512306713807,93.97063797531405,0.0,20.0,20.0,105.21859931945801,-34.001143340631955
1038,10.38,-23.18101661811825,-14.120579583780703,14.394654053370777,-57.22337641997789,-40.4170873113866,97.3950541407385,0.0,20.0,20.0,105.21859931945801,-34.09902992598667
1039,10.39,-23.215280497250095,-14.223183180004323,14.348949780847784,-59.010089304817605,-35.2099985331995,100.32471705133214,0.0,20.0,20.0,105.21859931945801,-34.19837650778664
1040,10.4,-23.249532910685808,-14.325780182521017,14.303239245677908,-60.31455591215055,-29.945169749636467,102.90872071245478,0.0,20.0,20.0,105.21859931945801,-34.29891972903013
1041,10.41,-23.283773837855822,-14.42837074745276,14.257522324343306,-61.227686690090785,-24.645458158582326,105.25613047871957,0.0,20.0,20.0,105.21859931945801,-34.4003842919447
1042,10.42,-23.31800326033861,-14.53095503212569,14.211798894520768,-61.810837292246624,-19.32854402017533,107.44979756941227,0.0,20.0,20.0,105.21859931945801,-34.50248534534612
1043,10.43,-23.352221161864115,-14.63353319504068,14.166068835104591,-62.10424233736258,-14.009018774615937,109.55556221277259,0.0,20.0,20.0,105.21859931945801,-34.604930996133184
1044,10.44,-23.38642752831681,-14.736105395843692,14.120332026229235,-62.13232930495396,-8.69979748819082,111.62854193642593,0.0,20.0,20.0,105.21859931945801,-34.70742492211502
1045,10.450000000000001,-23.420622347738316,-14.838671795295916,14.074588349291735,-61.90697140773393,-3.413156882245277,113.71762245455385,0.0,20.0,20.0,105.21859931945801,-34.8096690620143
1046,10.46,-23.454805610329664,-14.941232555243703,14.028837686973898,-61.42932905710504,1.838414794568689,115.86887419340525,0.0,20.0,20.0,105.21859931945801,-34.91136635743592
1047,10.47,-23.48897730845311,-15.043787838588287,13.983079923264222,-60.690667016573194,7.041429526453086,118.1283699648363,0.0,20.0,20.0,105.21859931945801,-35.01222352072114
1048,10.48,-23.523137436633572,-15.146337809255321,13.937314943479617,-59.672371286131174,12.180574275149036,120.5447261438416,0.0,20.0,20.0,105.21859931945801,-35.11195380201971
1049,10.49,-23.557285991559645,-15.248882632164209,13.89154263428683,-58.345295887556865,17.23775841279122,123.17158789473828,0.0,20.0,20.0,105.21859931945801,-35.21027972860769
1050,10.5,-23.591433641600577,-15.351426884511197,13.84576963717029,-56.668538722544376,22.19093743365671,126.07019413762794,42.80168914794922,20.0,20.0,105.2184247970581,-35.31691157261395
1051,10.51,-23.625662272404725,-15.454003450913074,13.800048442004487,-54.58779355542671,27.012600155820365,129.3120475250581,328.5626220703125,20.0,20.0,105.21708488464355,-35.47964816550971
1052,10.52,-23.66010994222194,-15.556665509179771,13.754469106915936,-52.03355474056317,31.66783279536992,132.98144194694294,597.0390625,20.0,20.0,105.21465063095093,-35.64572574429212
1053,10.53,-23.694906914231844,-15.659459179836425,13.709119293928904,-48.91989371620122,36.11186472717931,137.17722120749536,852.020751953125,20.0,20.0,105.21117639541626,-35.81531602101347
1054,10.540000000000001,-23.730178151133032,-15.762424922296569,13.664085625592815,-45.14534560494258,40.287082060017795,142.01234219578294,1100.035400390625,20.0,20.0,105.2066912651062,-35.9893593252883
1055,10.55,-23.766046244126965,-15.865598781631114,13.619455517187706,-40.59879277445418,44.11981565263921,147.60835027067915,1346.57958984375,20.0,20.0,105.20120048522949,-36.168779860208815
1056,10.56,-23.802633639026787,-15.969013229610425,13.57531864156587,-35.17511389379731,47.51783168176528,154.0800229148617,1595.3778076171875,20.0,20.0,105.19469547271729,-36.35428216614975
1057,10.57,-23.84006406532134,-16.072697619496157,13.531767928284957,-28.806406227703214,50.370581164676416,161.5043924890505,1848.7503662109375,20.0,20.0,105.18715715408325,-36.54638081868088
1058,10.58,-23.878463368944953,-16.17667837323883,13.488900200615006,-21.51087536330597,52.555617560994285,169.8720680564709,2108.05126953125,20.0,20.0,105.17856168746948,-36.745458400328744
1059,10.59,-23.917916928695664,-16.280966760685885,13.446785627156325,-13.447159779250564,53.95472144784518,179.03308165667167,2200.0,20.0,20.0,105.16959142684937,-36.91151566577953
1060,10.6,-23.95844558404936,-16.38555339404312,13.405449472480857,-4.938953219014556,54.47935891232475,-171.32756821183867,2200.0,20.0,20.0,105.16062116622925,-37.05669494636799
1061,10.61,-24.000047205172592,-16.490422073562318,13.364900674544653,3.570936860339119,54.09661131600247,-161.64378869354155,2200.0,20.0,20.0,105.15165090560913,-37.19935337256735
1062,10.620000000000001,-24.042719457859267,-16.595556612229316,13.32514800003297,11.634829316645225,52.84082780991601,-152.3539743409547,2200.0,20.0,20.0,105.14268064498901,-37.339489694225364
1063,10.63,-24.086459800836987,-16.700940779204092,13.286200072697623,18.91736016506301,50.802946313865924,-143.783640329669,2200.0,20.0,20.0,105.1337103843689,-37.47713399658484
1064,10.64,-24.131265486030614,-16.80655830179393,13.248065372403074,25.247248392305277,48.104790297479134,-136.09346749024556,2200.0,20.0,20.0,105.12474012374878,-37.612347388287546
1065,10.65,-24.177133558903087,-16.91239286736399,13.210752234083627,30.59657600304282,44.87319232169048,-129.2998132624017,2200.0,20.0,20.0,105.11576986312866,-37.74522139350678
1066,10.66,-24.22406085887552,-17.018428125197175,13.17426884660599,35.02714959597598,41.2233313902284,-123.32811398207234,2200.0,20.0,20.0,105.10679960250854,-37.875877051528995
1067,10.67,-24.272044019828435,-17.12464768831569,13.138623251532854,38.64053388312931,37.25199112054148,-118.06257983547793,2200.0,20.0,20.0,105.09782934188843,-38.004463729998456
1068,10.68,-24.321079470685916,-17.231035135277324,13.103823341784551,41.545491396936924,33.0372492837274,-113.37843873172729,2200.0,20.0,20.0,105.08885908126831,-38.131157660906595
1069,10.69,-24.371163436084274,-17.33757401195977,13.069876860197434,43.841357658576456,28.641090593811473,-109.15818880719675,2200.0,20.0,20.0,105.0798888206482,-38.25616021117655
1070,10.700000000000001,-24.42229193712655,-17.444247833346537,13.036791397979089,45.61159094166053,24.112794824264906,-105.29760773545414,2200.0,20.0,20.0,105.07091856002808,-38.379695902407846
1071,10.71,-24.474460792224004,-17.551040085328047,13.00457439306203,46.9226027918345,19.492123722106783,-101.70639834297337,2200.0,20.0,20.0,105.06194829940796,-38.502010196937526
1072,10.72,-24.527665618025495,-17.65793422653139,12.973233128359052,47.82485060986312,14.81199738721202,-98.30647368506686,2200.0,20.0,20.0,105.05297803878784,-38.62336706977592
1073,10.73,-24.581901830435264,-17.764913690191953,12.942774729924922,48.35461598869891,10.10065126556733,-95.02944241371523,2200.0,20.0,20.0,105.04400777816772,-38.74404638829102
1074,10.74,-24.63716464571932,-17.871961886079777,12.913206165030493,48.5357457438263,5.38337159417186,-91.8140048525777,2200.0,20.0,20.0,105.03503751754761,-38.86434112353848
1075,10.75,-24.69344908170032,-17.979062202492784,12.884534240156698,48.38107622901489,0.6839290215996439,-88.60353488093011,2200.0,20.0,20.0,105.02606725692749,-38.98455441902229
1076,10.76,-24.750749959040338,-18.086198008328523,12.856765598917248,47.893476345681485,-3.974178770590502,-85.34392655905714,2200.0,20.0,20.0,105.01709699630737,-39.104996544250774
1077,10.77,-24.809061902610566,-18.193352655245015,12.829906719919919,47.06654942324501,-8.566581653372284,-81.98171677591888,2200.0,20.0,20.0,105.00812673568726,-39.22598176183441
1078,10.78,-24.868379342946472,-18.300509479920468,12.803963914577537,45.88509841415357,-13.06691307635622,-78.46249983803614,2200.0,20.0,20.0,104.99915647506714,-39.347825137938074
1079,10.790000000000001,-24.928696517786577,-18.407651806420496,12.77894332488061,44.32552449988461,-17.445651387310146,-74.72970535183264,2200.0,20.0,20.0,104.99018621444702,-39.4708393266654
1080,10.8,-24.99000747369238,-18.514762948680286,12.75485092114444,42.35642528887925,-21.668897082824653,-70.72391588326896,2200.0,20.0,20.0,104.9812159538269,-39.59533135948645
1081,10.81,-25.05230606774666,-18.62182621310784,12.731692499744195,39.939807031984174,-25.697100958562597,-66.38306387806296,2200.0,20.0,20.0,104.97224569320679,-39.72159947094956
1082,10.82,-25.11558596932668,-18.728824901313256,12.709473680851906,37.033533149834156,-29.483835684708087,-61.64407000933618,2200.0,20.0,20.0,104.96327543258667,-39.84992999181909
1083,10.83,-25.179840661948578,-18.835742312967312,12.688199906189745,33.59586443211762,-32.974833212764594,-56.4467310307337,2200.0,20.0,20.0,104.95430517196655,-39.98059434027597
1084,10.84,-25.2450634451785,-18.94256174879151,12.667876436814069,29.593069919055672,-36.1077046703214,-50.740799279937455,2200.0,20.0,20.0,104.94533491134644,-40.11384614112212
1085,10.85,-25.3112474366058,-19.049266513680013,12.64850835094476,25.010789058334332,-38.812993944145255,-44.49690570653299,2200.0,20.0,20.0,104.93636465072632,-40.24991850176391
1086,10.86,-25.378385573873008,-19.155839919952612,12.630100541854171,19.868610810809496,-41.01737772812792,-37.720769608620586,2200.0,20.0,20.0,104.9273943901062,-40.38902147242746
1087,10.870000000000001,-25.446470616757036,-19.262265290736263,12.612657715829702,14.234841468990917,-42.649664610787646,-30.467649041221794,2200.0,20.0,20.0,104.91842412948608,-40.53133971638532
1088,10.88,-25.515495149295575,-19.368525963471505,12.596184390223499,8.235291780332306,-43.649452411407836,-22.850848159715525,2200.0,20.0,20.0,104.90945386886597,-40.6770304139454
1089,10.89,-25.5854515819524,-19.47460529353849,12.580684891602095,2.04862407354582,-43.976840579391684,-15.03681038699907,2200.0,20.0,20.0,104.90048360824585,-40.82622142188249
1090,10.9,-25.656332153815004,-19.580486657996207,12.566163354008019,-4.115362679458824,-43.62016672013716,-7.223165295479207,2200.0,20.0,20.0,104.89151334762573,-40.97900970740805
1091,10.91,-25.728128934817725,-19.686153459427107,12.552623717344444,-10.04928703868692,-42.59865255805585,0.39505684370416744,2200.0,20.0,20.0,104.88254308700562,-41.135460073231044
1092,10.92,-25.800833827983425,-19.791589129878385,12.540069725892819,-15.580744082677779,-40.958767316362106,7.658216620197894,2200.0,20.0,20.0,104.8735728263855,-41.29560418736211
1093,10.93,-25.874438571676595,-19.896777134889916,12.52850492697229,-20.591711067301368,-38.765916268829386,14.461712957562163,2200.0,20.0,20.0,104.86460256576538,-41.45943992834765
1094,10.94,-25.948934741860814,-20.001700977598084,12.517932669748378,-25.020939874442053,-36.094701372406455,20.758634664803083,2200.0,20.0,20.0,104.85563230514526,-41.626931053490054
1095,10.950000000000001,-26.024313754353386,-20.106344202903916,12.508356104196974,-28.85386875456375,-33.02062567551427,26.54995703505134,2200.0,20.0,20.0,104.84666204452515,-41.79800719442431
1096,10.96,-26.10056686707023,-20.210690401693235,12.499778180228349,-32.10757969200279,-29.614591490458515,31.869818968474227,2200.0,20.0,20.0,104.83769178390503,-41.972564181134175
1097,10.97,-26.17768518225415,-20.314723215096024,12.492201646974257,-34.8165661976952,-25.940152746473256,36.771655448857885,2200.0,20.0,20.0,104.82872152328491,-42.15046469221212
1098,10.98,-26.255659648679856,-20.41842633877187,12.485629052239783,-37.021922376946144,-22.052799950626724,41.31780718577354,2200.0,20.0,20.0,104.8197512626648,-42.33153922592037
1099,10.99,-26.33448106382951,-20.52178352720809,12.48006274211998,-38.764248621722984,-18.000469272764725,45.57291449706806,2200.0,20.0,20.0,104.81078100204468,-42.515587383335024
1100,11.0,-26.414140076032822,-20.624778598016995,12.475504860779825,-40.07951759493498,-13.824656242153486,49.60035096025401,2200.0,20.0,20.0,104.80181074142456,-42.702379451783884
1101,11.01,-26.4946271865662,-20.72739543621894,12.471957350394538,-40.99693669277417,-9.561749658382503,53.460743584153526,2200.0,20.0,20.0,104.79284048080444,-42.891658273676086
1102,11.02,-26.57593275170608,-20.829617998497856,12.469421951245774,-41.53800366318092,-5.244386342185751,57.21178259352278,2200.0,20.0,20.0,104.78387022018433,-43.08314138306481
1103,11.03,-26.658046984731907,-20.931430317416368,12.467900201967854,-41.716197909393266,-0.9027464735001928,60.908760312199696,2200.0,20.0,20.0,104.77489995956421,-43.276523389468665
1104,11.040000000000001,-26.740959957875088,-21.0328165055781,12.467393439936835,-41.53696710137474,3.4342234868971104,64.60547683998556,2200.0,20.0,20.0,104.76592969894409,-43.4714785860843
1105,11.05,-26.82466160421071,-21.133760759725245,12.46790280179396,-40.997833411523494,7.73764000206062,68.35527990511045,2200.0,20.0,20.0,104.75695943832397,-43.667663757214925
1106,11.06,-26.909141719489767,-21.234247364760233,12.469429224093929,-40.08856851086923,11.977531224789367,72.21206956132542,2200.0,20.0,20.0,104.74798917770386,-43.86472115778135
1107,11.07,-26.99438996391011,-21.33426069768118,12.471973444067357,-38.791494132736915,16.1216750262314,76.23110298949874,2200.0,20.0,20.0,104.73901891708374,-44.06228163607384
1108,11.08,-27.080395863825405,-21.433785231421563,12.475536000485928,-37.082078505836115,20.13441226173269,80.46938459428739,2200.0,20.0,20.0,104.73004865646362,-44.25996786943163
1109,11.09,-27.16714881339204,-21.53280553858564,12.480117234617968,-34.9301364190148,23.97545639293233,84.98532302657678,2200.0,20.0,20.0,104.7210783958435,-44.45739768149865
1110,11.1,-27.254638076154784,-21.631306295072104,12.485717291261546,-32.302106584078835,27.598784207605014,89.83718770645744,2200.0,20.0,20.0,104.71210813522339,-44.65418740885173
1111,11.11,-27.342852786572916,-21.729272283579608,12.492336119841752,-29.165044486858676,30.9517962047678,95.07974028935304,2200.0,20.0,20.0,104.70313787460327,-44.849955284406455
1112,11.120000000000001,-27.431781951489302,-21.82668839698889,12.499973475558477,-25.493029923687402,33.97508436800013,100.7583578920685,2200.0,20.0,20.0,104.69416761398315,-45.044324804803914
1113,11.13,-27.52141445154586,-21.923539641617314,12.508628920570867,-21.276427396391444,36.60331726784112,106.90022581432044,2200.0,20.0,20.0,104.68519735336304,-45.23692804922002
1114,11.14,-27.611739042549505,-22.01981114034307,12.518301825204645,-16.533532189268175,38.76786354887999,113.50308164170016,2200.0,20.0,20.0,104.67622709274292,-45.42740891755758
1115,11.15,-27.70274435679377,-22.11548813559707,12.528991369168613,-11.32237143802435,40.4016522251015,120.52375458079773,2200.0,20.0,20.0,104.6672568321228,-45.61542625682679
1116,11.16,-27.7944189043417,-22.210555992222098,12.54069654276701,-5.748231575761089,41.44620103427444,127.8709402863729,2200.0,20.0,20.0,104.65828657150269,-45.800656845675434
1117,11.17,-27.88675107427673,-22.305000200199782,12.553416148094845,0.03856264661698009,41.85969542456785,135.4076963315238,2200.0,20.0,20.0,104.64931631088257,-45.98279820845275
1118,11.18,-27.979729135928686,-22.398806377246952,12.567148800203922,5.857823993751816,41.62390478072526,142.96687410410266,2200.0,20.0,20.0,104.64034605026245,-46.16157123196695
1119,11.19,-28.073341240082783,-22.491960271284256,12.581892928228097,11.52494834604993,40.747454062226375,150.37681074353299,2200.0,20.0,20.0,104.63137578964233,-46.336722560061496
1120,11.200000000000001,-28.167575420180103,-22.584447762780723,12.597646776457102,16.877991719188557,39.26411939645027,157.4886511738259,2200.0,20.0,20.0,104.62240552902222,-46.50802674331848
1121,11.21,-28.262419593518423,-22.676254866979015,12.614408405349353,21.796715409349783,37.22685577239773,164.1956454168256,2200.0,20.0,20.0,104.6134352684021,-46.6752881237611
1122,11.22,-28.35786156246278,-22.76736773600697,12.632175692475236,26.20877932407752,34.699820280822294,170.43961019206662,2200.0,20.0,20.0,104.60446500778198,-46.838342436902906
1123,11.23,-28.45388901567542,-22.85777266088183,12.650946333383617,30.084728364002206,31.750822213639815,176.20620951413014,2200.0,20.0,20.0,104.59549474716187,-46.99705811644238
1124,11.24,-28.550489529375067,-22.947456073414248,12.670717842385592,33.426967941835166,28.44570170219096,-178.48573840162433,2200.0,20.0,20.0,104.58652448654175,-47.15133728972934
1125,11.25,-28.647650568635505,-23.03640454801979,12.691487553250882,36.257718154604895,24.84500184884075,-173.5959252648302,2200.0,20.0,20.0,104.57755422592163,-47.30111645520596
1126,11.26,-28.745359488733598,-23.12460480344627,12.713252619813732,38.608873735609755,21.002564896408593,-169.07224507264957,2200.0,20.0,20.0,104.56858396530151,-47.44636683615584
1127,11.27,-28.843603536556667,-23.21204370442548,12.736010016486581,40.51470047703244,16.965437597074732,-164.8575651780558,2200.0,20.0,20.0,104.5596137046814,-47.587094408214774
1128,11.28,-28.94236985207913,-23.298708263258334,12.759756538681364,42.00712715026118,12.774528847711323,-160.89379440222197,2200.0,20.0,20.0,104.55064344406128,-47.72333960131711
1129,11.290000000000001,-29.041645469917775,-23.384585641342714,12.784488803139686,43.11296209218383,8.46562768741941,-157.12389216212978,2200.0,20.0,20.0,104.54167318344116,-47.85517667986202
1130,11.3,-29.14141732097495,-23.469663150653204,12.81020324817471,43.85234996378427,4.070550769469635,-153.49247213842025,2200.0,20.0,20.0,104.53270292282104,-47.98271280803216
1131,11.31,-29.241672234178026,-23.553928255182083,12.836896133829,44.23792769988273,-0.3816923825479343,-149.94550778183742,2200.0,20.0,20.0,104.52373266220093,-48.106086810199805
1132,11.32,-29.34239693832328,-23.637368572350777,12.864563541953974,44.27430394347058,-4.86375112745173,-146.42948305508966,2200.0,20.0,20.0,104.51476240158081,-48.22546763930585
1133,11.33,-29.443578064031293,-23.71997187440079,12.893201376218038,43.957624991713175,-9.348791274379307,-142.8902039107229,2200.0,20.0,20.0,104.5057921409607,-48.34105256886129
1134,11.34,-29.545202145820333,-23.80172608977276,12.92280536205167,43.27509890539052,-13.80932076714167,-139.27140798902343,2200.0,20.0,20.0,104.49682188034058,-48.453065126896114
1135,11.35,-29.647255624303163,-23.88261930448202,12.953371046538983,42.204444152869414,-18.21593125887194,-135.51328469386507,2200.0,20.0,20.0,104.48785161972046,-48.56175279256553
1136,11.36,-29.74972484851171,-23.962639763498427,12.984893798266281,40.713336399622186,-22.53589833292568,-131.55105223870407,2200.0,20.0,20.0,104.47888135910034,-48.667384478409566
1137,11.370000000000001,-29.852596078353123,-24.04177587213785,13.017368807139208,38.759082590243,-26.731591296694983,-127.31385174359372,2200.0,20.0,20.0,104.46991109848022,-48.77024782323963
1138,11.38,-29.95585548719928,-24.120016197471827,13.050791084180743,36.2890011760371,-30.75867717814567,-122.72444508241708,2200.0,20.0,20.0,104.46094083786011,-48.870646322381
1139,11.39,-30.059489164631838,-24.197349469754126,13.085155461308005,33.242378797565976,-34.56418813774172,-117.70058235485033,2200.0,18.5089373588562,20.0,104.45197057723999,-48.96889634777671
1140,11.4,-30.163483119666257,-24.273764583789315,13.120456590917907,29.55542103597479,-38.08470206980932,-112.15943851775042,2200.0,5.121058821678162,20.0,104.44300031661987,-49.065324331529084
1141,11.41,-30.2678232855289,-24.349250600386707,13.156688945538889,25.171193812116705,-41.24521698647512,-106.02704535103055,2200.0,-10.091743469238281,20.0,104.43403005599976,-49.16026236825808
1142,11.42,-30.37249551796518,-24.423796743930637,13.19384682254929,20.056490877842993,-43.95972400125336,-99.25460362431737,2200.0,-20.0,20.0,104.42505979537964,-49.254042489585125
1143,11.43,-30.477485613581333,-24.497392399506186,13.2319243415275,14.22516076343877,-46.13489663070187,-91.84177079146276,2200.0,-20.0,20.0,104.41608953475952,-49.34699216687059
1144,11.44,-30.58277932839513,-24.57002711647392,13.270915437365412,7.763532625283333,-47.678431132171184,-83.86206355131584,2200.0,-20.0,20.0,104.4071192741394,-49.43945340964962
1145,11.450000000000001,-30.68836237794585,-24.641690613785933,13.310813864499849,0.8465557109313877,-48.512099501528795,-75.47858430514417,2200.0,-20.0,20.0,104.39814901351929,-49.53175614142634
1146,11.46,-30.79422044101621,-24.712372785356962,13.351613195982901,-6.2714839046265505,-48.58672924899174,-66.93443773569722,2200.0,-20.0,20.0,104.38917875289917,-49.62421961595286
1147,11.47,-30.900339162414397,-24.782063703638702,13.393306825237469,-13.298257085432102,-47.89335633356764,-58.51119442163971,2200.0,-20.0,20.0,104.38020849227905,-49.717150258818194
1148,11.48,-31.006704155486222,-24.850753622501024,13.435887968422,-19.962675200860602,-46.465013851002816,-50.469391682586924,2200.0,-20.0,20.0,104.37123823165894,-49.810839113040636
1149,11.49,-31.11330100461913,-24.91843297979255,13.479349667018894,-26.06404752537328,-44.368201335236364,-42.999169769185784,2200.0,-20.0,20.0,104.36226797103882,-49.90555928542576
1150,11.5,-31.220115267773078,-24.985092399775553,13.523684790522347,-31.49113858872526,-41.688485475900656,-36.20100480687235,2200.0,-20.0,20.0,104.3532977104187,-50.00156350687513
1151,11.51,-31.327132479016875,-25.05072269551135,13.568886039175231,-36.21224992761401,-38.51637962893879,-30.09540343237086,2200.0,-20.0,20.0,104.34432744979858,-100.09908186681795
