Step,Time,X,Y,Z,Roll,Pitch,Yaw,Thrust,GimbalYaw,GimbalPitch,Mass,Reward
0,0,1.4194535648239541,-0.41996785696991235,11.0,1.644858718290559,-0.1516700255782634,-0.0021772375476890806,0.0,0.0,0.0,110.0,0.0
1,0.01,1.4107889515528327,-0.419012385729554,10.989578199541068,1.6450863096142663,-0.1513327907250713,-0.006321417755602718,0.0,-20.0,-20.0,110.0,-8.974761263351438
2,0.02,1.4021236913820188,-0.4180562534762195,10.979156416351584,1.6453089187939547,-0.15073301058370356,-0.02051714778023636,0.0,-20.0,-20.0,110.0,-8.964354130918961
3,0.03,1.3934584245426949,-0.4171001150405971,10.968734633319283,1.6453286012883117,-0.1504510937916666,-0.030111362854870934,0.0,-20.0,-20.0,110.0,-8.952307666153855
4,0.04,1.3847930833600572,-0.4161439012388186,10.958312852257052,1.6452770381948758,-0.1502913220391204,-0.03775159672566019,0.0,-20.0,-20.0,110.0,-8.940968389420677
5,0.05,1.3761277307031448,-0.41518767879250823,10.947891071412705,1.6452148339466415,-0.1501445783777079,-0.04543925094395705,0.0,-20.0,-20.0,110.0,-8.929830517734104
6,0.06,1.367462389881333,-0.4142314735550498,10.937469290105085,1.6451638218294085,-0.14997531021023952,-0.05369996183011723,0.0,-20.0,-20.0,110.0,-8.918704043626278
7,0.07,1.3587970676608068,-0.41327529160619064,10.9270475081776,1.6451295203880438,-0.14977934305269383,-0.06246297044443726,0.0,-20.0,-20.0,110.0,-8.907545130739157
8,0.08,1.3501317635169519,-0.4123191316063306,10.916625725667474,1.6451117581435801,-0.14956151533894319,-0.07154506116032981,0.0,-20.0,-20.0,110.0,-8.896358747648192
9,0.09,1.3414664745316554,-0.41136299030790374,10.90620394266034,1.6451079096086325,-0.14932786092353503,-0.080798847637025,0.0,-20.0,-20.0,110.0,-8.885156647970437
10,0.1,1.3328011972527776,-0.41040686339490945,10.895782159271054,1.6451145572241366,-0.14908341676129325,-0.09013496489659227,0.0,-20.0,-20.0,110.0,-8.873948720744249
11,0.11,1.3241359285384413,-0.40945074670623066,10.885360375610817,1.6451286992448872,-0.14883171651276417,-0.09950751561967104,0.0,-20.0,-20.0,110.0,-8.862741200242791
12,0.12,1.3154706659833526,-0.4084946370361134,10.874938591765332,1.6451479434428506,-0.14857504316287987,-0.10889513846275789,0.0,-20.0,-20.0,110.0,-8.851537194934549
13,0.13,1.3068054079404,-0.40753853116492905,10.864516807822701,1.6451700600141699,-0.14831487502801324,-0.11828868195245057,0.0,-20.0,-20.0,110.0,-8.840338209982086
14,0.14,1.2981401531773258,-0.4065824273692716,10.854095023829153,1.6451934511461686,-0.1480522043368283,-0.127684713615241,0.0,-20.0,-20.0,110.0,-8.829144821866471
15,0.15,1.2894749008072945,-0.4056263242755904,10.843673239821783,1.6452174001805708,-0.1477877347549613,-0.13708197122541624,0.0,-20.0,-20.0,110.0,-8.817957299165204
16,0.16,1.2808096501676753,-0.4046702214766777,10.83325145581053,1.6452415568115355,-0.14752196715458582,-0.1464799372416973,0.0,-20.0,-20.0,110.0,-8.80677572678311
17,0.17,1.2721444007879812,-0.4037141187469131,10.822829671800626,1.6452657340687085,-0.1472552549503845,-0.15587837332190616,0.0,-20.0,-20.0,110.0,-8.795600151908308
18,0.18,1.2634791523433253,-0.40275801595478256,10.81240788779499,1.6452898262103774,-0.1469878410378116,-0.1652771555897184,0.0,-20.0,-20.0,110.0,-8.78443060751711
19,0.19,1.2548139046161986,-0.40180191302900026,10.801986103795091,1.645313777737165,-0.14671988655227522,-0.17467621190510593,0.0,-20.0,-20.0,110.0,-8.773267120480218
20,0.2,1.246148657458053,-0.4008458099479404,10.791564319801159,1.645337569472452,-0.14645150104522817,-0.1840754916798747,0.0,-20.0,-20.0,110.0,-8.762109713642985
21,0.21,1.23748341075463,-0.39988970673568897,10.781142535812199,1.6453612201859262,-0.1461827693599921,-0.19347494944560556,0.0,-20.0,-20.0,110.0,-8.750958407981916
22,0.22,1.2288181643726925,-0.3989336034671198,10.770720751825706,1.645384781681382,-0.1459137828012012,-0.2028745330776062,0.0,-20.0,-20.0,110.0,-8.739813222787081
23,0.23,1.2201529182203292,-0.397977500200109,10.760298967839777,1.645408313359522,-0.1456446387161252,-0.21227419030901964,0.0,-20.0,-20.0,110.0,-8.72867417918106
24,0.24,1.211487672189235,-0.39702139699695366,10.749877183852336,1.6454318460470208,-0.14537539777753983,-0.22167388948127897,0.0,-20.0,-20.0,110.0,-8.717541303129556
25,0.25,1.2028224262337857,-0.39606529387106315,10.739455399862875,1.6454553901347255,-0.14510609529118573,-0.23107361298950307,0.0,-20.0,-20.0,110.0,-8.706414617529628
26,0.26,1.1941571803273385,-0.3951091908207993,10.729033615871373,1.6454789448493028,-0.1448367516382715,-0.24047335116084886,0.0,-20.0,-20.0,110.0,-8.695294144526482
27,0.27,1.1854919344546455,-0.39415308783731107,10.718611831878041,1.6455025039688649,-0.14456737844938247,-0.24987309867987306,0.0,-20.0,-20.0,110.0,-8.684179905854435
28,0.28,1.176826688606983,-0.39319698490916527,10.708190047883189,1.6455260592728935,-0.14429798239994457,-0.25927285256558946,0.0,-20.0,-20.0,110.0,-8.673071923051628
29,0.29,1.1681614427791331,-0.39224088202498675,10.697768263887124,1.645549602527571,-0.14402856750816342,-0.26867261106284096,0.0,-20.0,-20.0,110.0,-8.661970217588415
30,0.3,1.1594961969676312,-0.3912847791748,10.68734647989013,1.645573126492833,-0.14375913645179536,-0.27807237305420346,0.0,-20.0,-20.0,110.0,-8.650874810940891
31,0.31,1.1508309511698442,-0.39032867635051605,10.676924695892426,1.6455966252879277,-0.1434896912590556,-0.2874721377590408,0.0,-20.0,-20.0,110.0,-8.639785724631489
32,0.32,1.1421657053835512,-0.38937257354590527,10.666502911894186,1.6456200943752637,-0.1432202336271445,-0.29687190458592466,0.0,-20.0,-20.0,110.0,-8.628702980250404
33,0.33,1.1335004596067917,-0.38841647075631575,10.656081127895542,1.6456435303585617,-0.1429507650418579,-0.3062716730633724,0.0,-20.0,-20.0,110.0,-8.617626599466266
34,0.34,1.124835213837833,-0.38746036797831723,10.645659343896584,1.645666930726828,-0.14268128680759215,-0.3156714428078002,0.0,-20.0,-20.0,110.0,-8.606556604030937
35,0.35000000000000003,1.1161699680751758,-0.3865042652093713,10.635237559897385,1.6456902936175162,-0.14241180004885728,-0.32507121350721346,0.0,-20.0,-20.0,110.0,-8.595493015781454
36,0.36,1.1075047223175563,-0.3855481624475709,10.624815775897995,1.6457136176288099,-0.14214230571168218,-0.33447098491044464,0.0,-20.0,-20.0,110.0,-8.584435856640688
37,0.37,1.0988394765639362,-0.384592059691453,10.61439399189845,1.6457369016844685,-0.14187280457383025,-0.3438707568178926,0.0,-20.0,-20.0,110.0,-8.573385148617682
38,0.38,1.090174230813479,-0.3836359569398728,10.603972207898783,1.6457601449421708,-0.1416032972631885,-0.3532705290727296,0.0,-20.0,-20.0,110.0,-8.56234091380799
39,0.39,1.0815089850655197,-0.38267985419192063,10.593550423899018,1.6457833467330532,-0.14133378428045096,-0.362670301552689,0.0,-20.0,-20.0,110.0,-8.551303174394112
40,0.4,1.0728437393195345,-0.3817237514468677,10.583128639899176,1.645806506521485,-0.14106426602226246,-0.3720700741628081,0.0,-20.0,-20.0,110.0,-8.540271952646075
41,0.41000000000000003,1.064178493575111,-0.3807676487041282,10.572706855899272,1.6458296238771852,-0.14079474280226942,-0.3814698468293475,0.0,-20.0,-20.0,110.0,-8.529247270922001
42,0.42,1.0555132478319253,-0.37981154596323163,10.562285071899318,1.645852698454663,-0.14052521486889025,-0.3908696194949148,0.0,-20.0,-20.0,110.0,-8.51822915166873
43,0.43,1.0468480020897222,-0.37885544322380105,10.551863287899323,1.6458757299771563,-0.14025568241960726,-0.4002693921146833,0.0,-20.0,-20.0,110.0,-8.507217617422366
44,0.44,1.038182756348299,-0.37789934048553536,10.5414415038993,1.6458987182235782,-0.13998614561213374,-0.40966916465351005,0.0,-20.0,-20.0,110.0,-8.496212690808825
45,0.45,1.0295175106074965,-0.37694323774819494,10.531019719899248,1.6459216630177542,-0.13971660457302476,-0.41906893708375903,0.0,-20.0,-20.0,110.0,-8.48521439454432
46,0.46,1.020852264867187,-0.3759871350115892,10.520597935899179,1.6459445642195343,-0.1394470594043015,-0.42846870938365306,0.0,-20.0,-20.0,110.0,-8.474222751435818
47,0.47000000000000003,1.0121870191272695,-0.3750310322755669,10.510176151899094,1.6459674217175264,-0.1391775101885763,-0.43786848153601715,0.0,-20.0,-20.0,110.0,-8.463237784381485
48,0.48,1.0035217733876636,-0.374074929540008,10.499754367898996,1.6459902354232039,-0.13890795699305045,-0.4472682535273076,0.0,-20.0,-20.0,110.0,-8.45225812284359
49,0.49,0.9948565276483053,-0.3731188268048171,10.48933258389889,1.6460130052661852,-0.13863839987266366,-0.45666802534685835,0.0,-20.0,-20.0,110.0,-8.441227293820525
50,0.5,0.9861912819091438,-0.37216272406991874,10.478910799898774,1.6460357311904763,-0.1383688388725906,-0.46606779698628453,0.0,-20.0,-20.0,110.0,-8.430202900373189
51,0.51,0.9775260361701387,-0.3712066213352527,10.468489015898653,1.6460584131514835,-0.13809927403022831,-0.4754675684390145,0.0,-20.0,-20.0,110.0,-8.419184964150501
52,0.52,0.9688607904312576,-0.37025051860077124,10.458067231898527,1.646081051113657,-0.1378297053767829,-0.4848673396999151,0.0,-20.0,-20.0,110.0,-8.408173506886168
53,0.53,0.9601955446924751,-0.3692944158664365,10.447645447898397,1.646103645048627,-0.13756013293853597,-0.4942671107649953,0.0,-20.0,-20.0,110.0,-8.397168550398993
54,0.54,0.9515302989537711,-0.3683383131322183,10.437223663898264,1.646126194933725,-0.1372905567378536,-0.5036668816311715,0.0,-20.0,-20.0,110.0,-8.386170116593245
55,0.55,0.9428650532151291,-0.36738221039809277,10.426801879898127,1.6461487007508122,-0.1370209767939905,-0.5130666522960801,0.0,-20.0,-20.0,110.0,-8.375178227459005
56,0.56,0.9341998074765366,-0.3664261076640407,10.416380095897988,1.646171162485349,-0.1367513931237291,-0.5224664227579292,0.0,-20.0,-20.0,110.0,-8.364192905072493
57,0.5700000000000001,0.9255345617379834,-0.36547000493004705,10.405958311897848,1.6461935801256595,-0.13648180574188856,-0.5318661930153802,0.0,-20.0,-20.0,110.0,-8.353214171596424
58,0.58,0.9168693159994614,-0.36451390219609986,10.395536527897708,1.6462159536623415,-0.13621221466172795,-0.5412659630674543,0.0,-20.0,-20.0,110.0,-8.342242049280335
59,0.59,0.9082040702609642,-0.36355779946218947,10.385114743897566,1.6462382830878026,-0.13594261989526724,-0.5506657329134593,0.0,-20.0,-20.0,110.0,-8.331276560460939
60,0.6,0.8995388245224867,-0.3626016967283083,10.374692959897423,1.6462605683958857,-0.1356730214535419,-0.5600655025529295,0.0,-20.0,-20.0,110.0,-8.320317727562466
61,0.61,0.8908735787840247,-0.36164559399445023,10.36427117589728,1.6462828095815794,-0.13540341934680541,-0.5694652719855805,0.0,-20.0,-20.0,110.0,-8.309365573097004
62,0.62,0.8822083330455752,-0.3606894912606106,10.353849391897135,1.6463050066407783,-0.1351338135846894,-0.5788650412112707,0.0,-20.0,-20.0,110.0,-8.298420119664822
63,0.63,0.8735430873071357,-0.35973338852678555,10.343427607896992,1.6463271595700981,-0.13486420417633158,-0.5882648102299717,0.0,-20.0,-20.0,110.0,-8.287481389954753
64,0.64,0.864877841568704,-0.358777285792972,10.333005823896848,1.6463492683667298,-0.1345945911304775,-0.5976645790417473,0.0,-20.0,-20.0,110.0,-8.276549406744495
65,0.65,0.8562125958302783,-0.35782118305916766,10.322584039896702,1.6463713330283218,-0.13432497445556105,-0.6070643476467321,0.0,-20.0,-20.0,110.0,-8.265624192900985
66,0.66,0.8475473500918578,-0.35686508032537045,10.312162255896556,1.6463933535528825,-0.13405535415976808,-0.6164641160451165,0.0,-20.0,-20.0,110.0,-8.254705771380724
67,0.67,0.8388821043534411,-0.35590897759157897,10.30174047189641,1.64641532993871,-0.1337857302510874,-0.6258638842371376,0.0,-20.0,-20.0,110.0,-8.243794165230144
68,0.68,0.8302168586150276,-0.354952874857792,10.291318687896265,1.6464372621843315,-0.13351610273735176,-0.6352636522230691,0.0,-20.0,-20.0,110.0,-8.232889397585923
69,0.6900000000000001,0.8215516128766166,-0.3539967721240085,10.280896903896119,1.6464591502884578,-0.13324647162626949,-0.6446634200032137,0.0,-20.0,-20.0,110.0,-8.22199149167537
70,0.7000000000000001,0.8128863671382075,-0.35304066939022777,10.270475119895973,1.6464809942499434,-0.13297683692545031,-0.6540631875778967,0.0,-20.0,-20.0,110.0,-8.21110047081672
71,0.71,0.8042211213998,-0.3520845666564492,10.260053335895828,1.6465027940677606,-0.13270719864242567,-0.6634629549474608,0.0,-20.0,-20.0,110.0,-8.200216358419548
72,0.72,0.7955558756613936,-0.3511284639226724,10.249631551895682,1.6465245497409728,-0.1324375567846645,-0.6728627221122626,0.0,-20.0,-20.0,110.0,-8.189339177985046
73,0.73,0.7868906299229883,-0.3501723611888968,10.239209767895536,1.6465462612687165,-0.1321679113595861,-0.6822624890726711,0.0,-20.0,-20.0,110.0,-8.178468953106439
74,0.74,0.7782253841845838,-0.3492162584551222,10.22878798389539,1.6465679286501855,-0.1318982623745703,-0.6916622558290642,0.0,-20.0,-20.0,110.0,-8.167605707469285
75,0.75,0.7695601384461799,-0.34826015572134833,10.218366199895245,1.6465895518846239,-0.13162860983696645,-0.7010620223818262,0.0,-20.0,-20.0,110.0,-8.156749464851856
76,0.76,0.7608948927077764,-0.3473040529875751,10.2079444158951,1.6466111309713098,-0.13135895375409856,-0.7104617887313472,0.0,-20.0,-20.0,110.0,-8.14590024912546
77,0.77,0.7522296469693734,-0.3463479502538022,10.197522631894953,1.6466326659095538,-0.13108929413327125,-0.7198615548780246,0.0,-20.0,-20.0,110.0,-8.135058084254835
78,0.78,0.7435644012309708,-0.3453918475200296,10.187100847894808,1.6466541566986892,-0.1308196309817733,-0.7292613208222571,0.0,-20.0,-20.0,110.0,-8.124222994298455
79,0.79,0.7348991554925683,-0.34443574478625716,10.176679063894662,1.6466756033380698,-0.13054996430688118,-0.7386610865644461,0.0,-20.0,-20.0,110.0,-8.113395003408918
80,0.8,0.7262339097541661,-0.3434796420524849,10.166257279894516,1.6466970058270636,-0.13028029411586176,-0.7480608521049937,0.0,-20.0,-20.0,110.0,-8.102574135833285
81,0.81,0.717568664015764,-0.3425235393187126,10.15583549589437,1.646718364165053,-0.13001062041597394,-0.7574606174443069,0.0,-20.0,-20.0,110.0,-8.091760415913429
82,0.8200000000000001,0.708903418277362,-0.3415674365849403,10.145413711894225,1.646739678351429,-0.1297409432144704,-0.7668603825827934,0.0,-20.0,-20.0,110.0,-8.080953868086409
83,0.8300000000000001,0.7002381725389601,-0.340611333851168,10.13499192789408,1.646760948385592,-0.129471262518599,-0.7762601475208627,0.0,-20.0,-20.0,110.0,-8.070154516884804
84,0.84,0.6915729268005584,-0.33965523111739565,10.124570143893934,1.6467821742669506,-0.12920157833560375,-0.7856599122589231,0.0,-20.0,-20.0,110.0,-8.05936238693709
85,0.85,0.6829076810621567,-0.33869912838362315,10.114148359893788,1.6468033559949158,-0.12893189067272556,-0.7950596767973849,0.0,-20.0,-20.0,110.0,-8.048577502967978
86,0.86,0.674242435323755,-0.3377430256498506,10.103726575893642,1.6468244935689051,-0.1286621995372028,-0.8044594411366595,0.0,-20.0,-20.0,110.0,-8.037799889798787
87,0.87,0.6655771895853534,-0.33678692291607787,10.093304791893496,1.6468455869883423,-0.12839250493627252,-0.8138592052771576,0.0,-20.0,-20.0,110.0,-8.027029572347793
88,0.88,0.6569119438469518,-0.33583082018230503,10.08288300789335,1.646866636252652,-0.1281228068771697,-0.823258969219291,0.0,-20.0,-20.0,110.0,-8.016266575630581
89,0.89,0.6482466981085503,-0.33487471744853203,10.072461223893205,1.6468876413612619,-0.1278531053671283,-0.8326587329634723,0.0,-20.0,-20.0,110.0,-8.005510924760431
90,0.9,0.6395814523701487,-0.33391861471475887,10.06203943989306,1.6469086023136037,-0.12758340041338156,-0.8420584965101131,0.0,-20.0,-20.0,110.0,-7.994762644948649
91,0.91,0.6309162066317472,-0.33296251198098553,10.051617655892914,1.6469295191091102,-0.1273136920231618,-0.8514582598596263,0.0,-20.0,-20.0,110.0,-7.984021761504943
92,0.92,0.6222509608933456,-0.33200640924721203,10.041195871892768,1.6469503917472168,-0.12704398020370092,-0.8608580230124246,0.0,-20.0,-20.0,110.0,-7.973288299837769
93,0.93,0.6135857151549441,-0.33105030651343836,10.030774087892622,1.646971220227361,-0.1267742649622302,-0.8702577859689213,0.0,-20.0,-20.0,110.0,-7.962562285454723
94,0.9400000000000001,0.6049204694165425,-0.33009420377966453,10.020352303892476,1.6469920045489812,-0.12650454630598085,-0.8796575487295297,0.0,-20.0,-20.0,110.0,-7.951843743962865
95,0.9500000000000001,0.596255223678141,-0.3291381010458905,10.00993051989233,1.6470127447115188,-0.12623482424218396,-0.8890573112946629,0.0,-20.0,-20.0,110.0,-7.941132701069106
96,0.96,0.5875899779397395,-0.32818199831211625,9.999508735892185,1.6470334407144163,-0.12596509877807052,-0.8984570736647332,0.0,-20.0,-20.0,110.0,-7.930429182580568
97,0.97,0.5789247322013381,-0.32722589557834186,9.98908695189204,1.6470540925571169,-0.12569536992087088,-0.9078568358401531,0.0,-20.0,-20.0,110.0,-7.91973321440493
98,0.98,0.5702594864629367,-0.32626979284456725,9.978665167891894,1.6470747002390642,-0.12542563767781537,-0.9172565978213367,0.0,-20.0,-20.0,110.0,-7.909044822550824
99,0.99,0.5615942407245352,-0.3253136901107925,9.968243383891748,1.6470952637597065,-0.12515590205613483,-0.9266563596086962,0.0,-20.0,-20.0,110.0,-7.898364033128161
100,1.0,0.5529289949861338,-0.32435758737701753,9.957821599891602,1.6471157831184913,-0.12488616306305991,-0.9360561212026458,0.0,-20.0,-20.0,110.0,-7.88769087234853
101,1.01,0.5442637492477324,-0.32340148464324237,9.947399815891456,1.6471362583148665,-0.12461642070582082,-0.9454558826035998,0.0,-20.0,-20.0,110.0,-7.877025366525538
102,1.02,0.5355985035093309,-0.32244538190946703,9.93697803189131,1.6471566893482834,-0.12434667499164861,-0.9548556438119712,0.0,-20.0,-20.0,110.0,-7.866367542075189
103,1.03,0.5269332577709295,-0.32148927917569153,9.926556247891165,1.6471770762181948,-0.12407692592777393,-0.9642554048281718,0.0,-20.0,-20.0,110.0,-7.855717425516245
104,1.04,0.518268012032528,-0.3205331764419158,9.91613446389102,1.6471974189240521,-0.1238071735214274,-0.9736551656526151,0.0,-20.0,-20.0,110.0,-7.8450750434705885
105,1.05,0.5096027662941266,-0.3195770737081399,9.905712679890874,1.6472177174653098,-0.12353741777983955,-0.983054926285714,0.0,-20.0,-20.0,110.0,-7.834440422663603
106,1.06,0.5009375205557252,-0.3186209709743638,9.895290895890728,1.647237971841422,-0.12326765871024127,-0.9924546867278821,0.0,-20.0,-20.0,110.0,-7.823813589924517
107,1.07,0.49227227481732366,-0.31766486824058754,9.884869111890582,1.6472581820518475,-0.1229978963198637,-1.0018544469795327,0.0,-20.0,-20.0,110.0,-7.813194572186796
108,1.08,0.48360702907892217,-0.3167087655068111,9.874447327890437,1.6472783480960431,-0.12272813061593758,-1.011254207041082,0.0,-20.0,-20.0,110.0,-7.802583396488487
109,1.09,0.4749417833405207,-0.31575266277303443,9.86402554389029,1.6472984699734667,-0.12245836160569373,-1.0206539669129426,0.0,-20.0,-20.0,110.0,-7.791980089972604
110,1.1,0.4662765376021192,-0.3147965600392576,9.853603759890145,1.647318547683579,-0.12218858929636334,-1.0300537265955272,0.0,-20.0,-20.0,110.0,-7.7813846798874815
111,1.11,0.4576112918637177,-0.31384045730548055,9.84318197589,1.6473385812258412,-0.1219188136951777,-1.0394534860892504,0.0,-20.0,-20.0,110.0,-7.770797193587158
112,1.12,0.4489460461253162,-0.3128843545717033,9.832760191889854,1.6473585705997156,-0.12164903480936794,-1.048853245394525,0.0,-20.0,-20.0,110.0,-7.760217658531721
113,1.1300000000000001,0.4402808003869147,-0.31192825183792594,9.822338407889708,1.6473785158046668,-0.12137925264616563,-1.0582530045117662,0.0,-20.0,-20.0,110.0,-7.749646102287707
114,1.1400000000000001,0.4316155546485132,-0.31097214910414833,9.811916623889562,1.6473984168401583,-0.121109467212802,-1.0676527634413868,0.0,-20.0,-20.0,110.0,-7.7390825525284415
115,1.1500000000000001,0.4229503089101117,-0.31001604637037056,9.801494839889417,1.6474182737056564,-0.12083967851650851,-1.0770525221837999,0.0,-20.0,-20.0,110.0,-7.72852703703442
116,1.16,0.4142850631717102,-0.30905994363659256,9.791073055889271,1.6474380864006286,-0.12056988656451681,-1.0864522807394192,0.0,-20.0,-20.0,110.0,-7.71797958369368
117,1.17,0.4056198174333087,-0.3081038409028144,9.780651271889125,1.647457854924544,-0.12030009136405893,-1.0958520391086586,0.0,-20.0,-20.0,110.0,-7.707440220502164
118,1.18,0.3969545716949072,-0.307147738169036,9.77022948788898,1.6474775792768703,-0.12003029292236621,-1.1052517972919316,0.0,-20.0,-20.0,110.0,-7.696908975564089
119,1.19,0.3882893259565057,-0.30619163543525746,9.759807703888834,1.6474972594570794,-0.11976049124667064,-1.114651555289651,0.0,-20.0,-20.0,110.0,-7.686385877092317
120,1.2,0.37962408021810423,-0.30523553270147874,9.749385919888688,1.6475168954646433,-0.1194906863442042,-1.124051313102232,0.0,-20.0,-20.0,110.0,-7.6758709534087215
121,1.21,0.37095883447970274,-0.3042794299676998,9.738964135888542,1.647536487299036,-0.11922087822219914,-1.1334510707300882,0.0,-20.0,-20.0,110.0,-7.665364232944572
122,1.22,0.36229358874130124,-0.3033233272339207,9.728542351888397,1.6475560349597302,-0.11895106688788726,-1.1428508281736336,0.0,-20.0,-20.0,110.0,-7.654865744240873
123,1.23,0.35362834300289975,-0.30236722450014136,9.718120567888251,1.6475755384462019,-0.11868125234850077,-1.1522505854332825,0.0,-20.0,-20.0,110.0,-7.644375515948764
124,1.24,0.34496309726449825,-0.30141112176636187,9.707698783888105,1.6475949977579276,-0.11841143461127206,-1.161650342509448,0.0,-20.0,-20.0,110.0,-7.633893576829865
125,1.25,0.33629785152609676,-0.3004550190325822,9.69727699988796,1.6476144128943864,-0.11814161368343352,-1.171050099402544,0.0,-20.0,-20.0,110.0,-7.623419955756668
126,1.26,0.32763260578769526,-0.2994989162988023,9.686855215887814,1.6476337838550552,-0.11787178957221757,-1.180449856112985,0.0,-20.0,-20.0,110.0,-7.612954681712881
127,1.27,0.31896736004929377,-0.29854281356502227,9.676433431887668,1.6476531106394157,-0.11760196228485668,-1.1898496126411855,0.0,-20.0,-20.0,110.0,-7.602497783793818
128,1.28,0.3103021143108923,-0.297586710831242,9.666011647887522,1.647672393246948,-0.11733213182858325,-1.1992493689875583,0.0,-20.0,-20.0,110.0,-7.592049291206758
129,1.29,0.3016368685724908,-0.29663060809746156,9.655589863887377,1.6476916316771357,-0.11706229821063041,-1.2086491251525169,0.0,-20.0,-20.0,110.0,-7.581609233271316
130,1.3,0.2929716228340893,-0.29567450536368095,9.645168079887231,1.6477108259294622,-0.1167924614382308,-1.2180488811364751,0.0,-20.0,-20.0,110.0,-7.571177639419809
131,1.31,0.2843063770956878,-0.2947184026299001,9.634746295887085,1.647729976003409,-0.1165226215186171,-1.227448636939845,0.0,-20.0,-20.0,110.0,-7.560754539197629
132,1.32,0.2756411313572863,-0.29376229989611913,9.62432451188694,1.6477490818984686,-0.11625277845902243,-1.2368483925630467,0.0,-20.0,-20.0,110.0,-7.550339962263601
133,1.33,0.2669758856188848,-0.2928061971623379,9.613902727886794,1.6477681436141245,-0.11598293226667983,-1.2462481480064906,0.0,-20.0,-20.0,110.0,-7.539933938390365
134,1.34,0.2583106398804833,-0.29185009442855653,9.603480943886648,1.6477871611498662,-0.11571308294882256,-1.2556479032705916,0.0,-20.0,-20.0,110.0,-7.529536497464733
135,1.35,0.24964539414208184,-0.2908939916947749,9.593059159886502,1.647806134505183,-0.11544323051268378,-1.2650476583557642,0.0,-20.0,-20.0,110.0,-7.519147669488063
136,1.36,0.24098014840368037,-0.28993788896099315,9.582637375886357,1.647825063679566,-0.11517337496549669,-1.274447413262422,0.0,-20.0,-20.0,110.0,-7.508767484576616
137,1.37,0.2323149026652789,-0.2889817862272112,9.572215591886211,1.647843948672507,-0.1149035163144947,-1.2838471679909798,0.0,-20.0,-20.0,110.0,-7.4983959729619345
138,1.3800000000000001,0.22364965692687744,-0.28802568349342905,9.561793807886065,1.6478627894834987,-0.1146336545669114,-1.2932469225418504,0.0,-20.0,-20.0,110.0,-7.488033164991197
139,1.3900000000000001,0.21498441118847597,-0.2870695807596467,9.55137202388592,1.6478815861120357,-0.11436378972998007,-1.3026466769154483,0.0,-20.0,-20.0,110.0,-7.477679091127597
140,1.4000000000000001,0.2063191654500745,-0.2861134780258642,9.540950239885774,1.6479003385576139,-0.11409392181093454,-1.3120464311121884,0.0,-20.0,-20.0,110.0,-7.467333781950698
141,1.41,0.19765391971167304,-0.28515737529208146,9.530528455885628,1.6479190468197291,-0.1138240508170085,-1.3214461851324835,0.0,-20.0,-20.0,110.0,-7.456997268156797
142,1.42,0.18898867397327157,-0.2842012725582986,9.520106671885483,1.6479377108978799,-0.11355417675543575,-1.330845938976748,0.0,-20.0,-20.0,110.0,-7.446669580559298
143,1.43,0.1803234282348701,-0.2832451698245155,9.509684887885337,1.647956330791565,-0.11328429963345013,-1.3402456926453958,0.0,-20.0,-20.0,110.0,-7.436350750089066
144,1.44,0.17165818249646864,-0.2822890670907322,9.499263103885191,1.6479749065002847,-0.11301441945828558,-1.349645446138842,0.0,-20.0,-20.0,110.0,-7.4260408077947995
145,1.45,0.16299293675806717,-0.2813329643569487,9.488841319885045,1.6479934380235413,-0.11274453623717626,-1.3590451994575015,0.0,-20.0,-20.0,110.0,-7.415739784843382
146,1.46,0.1543276910196657,-0.28037686162316505,9.4784195358849,1.6480119253608367,-0.11247464997735626,-1.3684449526017874,0.0,-20.0,-20.0,110.0,-7.40544771252026
147,1.47,0.14566244528126424,-0.2794207588893812,9.467997751884754,1.6480303685116742,-0.1122047606860596,-1.3778447055721137,0.0,-20.0,-20.0,110.0,-7.395164622229788
148,1.48,0.13699719954286277,-0.2784646561555971,9.457575967884608,1.6480487674755593,-0.11193486837052062,-1.3872444583688956,0.0,-20.0,-20.0,110.0,-7.384890545495591
149,1.49,0.1283319538044613,-0.2775085534218129,9.447154183884463,1.6480671222519976,-0.11166497303797365,-1.3966442109925465,0.0,-20.0,-20.0,110.0,-7.374625513960941
150,1.5,0.11966670806605983,-0.2765524506880285,9.436732399884317,1.6480854328404966,-0.11139507469565318,-1.4060439634434825,0.0,-20.0,-20.0,110.0,-7.364369559389093
151,1.51,0.11100146232765837,-0.27559634795424387,9.426310615884171,1.6481036992405644,-0.1111251733507937,-1.4154437157221162,0.0,-20.0,-20.0,110.0,-7.354122713663661
152,1.52,0.1023362165892569,-0.27464024522045904,9.415888831884025,1.6481219214517109,-0.1108552690106298,-1.424843467828863,0.0,-20.0,-20.0,110.0,-7.343885008788968
153,1.53,0.09367097085085543,-0.27368414248667405,9.40546704788388,1.6481400994734476,-0.1105853616823964,-1.4342432197641373,0.0,-20.0,-20.0,110.0,-7.333656476890402
154,1.54,0.08500572511245397,-0.2727280397528889,9.395045263883734,1.648158233305286,-0.11031545137332815,-1.4436429715283539,0.0,-20.0,-20.0,110.0,-7.323437150214775
155,1.55,0.0763404793740525,-0.2717719370191035,9.384623479883588,1.64817632294674,-0.11004553809066007,-1.4530427231219263,0.0,-20.0,-20.0,110.0,-7.313227061130675
156,1.56,0.06767523363565103,-0.27081583428531797,9.374201695883443,1.6481943683973246,-0.10977562184162694,-1.46244247454527,0.0,-20.0,-20.0,110.0,-7.3030262421288255
157,1.57,0.05900998789724956,-0.2698597315515322,9.363779911883297,1.6482123696565534,-0.10950570263346354,-1.4718422257987995,0.0,-20.0,-20.0,110.0,-7.292834725822428
158,1.58,0.050344742158848085,-0.26890362881774627,9.353358127883151,1.6482303267239438,-0.10923578047340497,-1.48124197688293,0.0,-20.0,-20.0,110.0,-7.282652544947523
159,1.59,0.04167949642044661,-0.26794752608396016,9.342936343883006,1.6482482395990146,-0.10896585536868668,-1.4906417277980746,0.0,-20.0,-20.0,110.0,-7.272479732363339
160,1.6,0.03301425068204514,-0.26699142335017384,9.33251455988286,1.6482661082812842,-0.10869592732654378,-1.5000414785446483,0.0,-20.0,-20.0,110.0,-7.262316321052635
161,1.61,0.024349004943643667,-0.26603532061638735,9.322092775882714,1.6482839327702725,-0.10842599635421152,-1.5094412291230659,0.0,-20.0,-20.0,110.0,-7.252162344122069
162,1.62,0.015683759205242197,-0.26507921788260064,9.311670991882568,1.6483017130655009,-0.10815606245892506,-1.518840979533742,0.0,-20.0,-20.0,110.0,-7.242017834802515
163,1.6300000000000001,0.007018513466840726,-0.26412311514881376,9.301249207882423,1.6483194491664923,-0.10788612564792031,-1.5282407297770906,0.0,-20.0,-20.0,110.0,-7.231882826449436
164,1.6400000000000001,-0.001646732271560744,-0.26316701241502666,9.290827423882277,1.6483371410727716,-0.10761618592843296,-1.5376404798535266,0.0,-20.0,-20.0,110.0,-7.221757352543213
165,1.6500000000000001,-0.010311978009962215,-0.2622109096812394,9.280405639882131,1.6483547887838628,-0.10734624330769821,-1.5470402297634647,0.0,-20.0,-20.0,110.0,-7.211641446689499
166,1.6600000000000001,-0.018977223748363685,-0.26125480694745196,9.269983855881986,1.6483723922992912,-0.10707629779295175,-1.5564399795073194,0.0,-20.0,-20.0,110.0,-7.201535142619551
167,1.67,-0.027642469486765155,-0.2602987042136643,9.25956207188184,1.648389951618586,-0.10680634939142973,-1.5658397290855046,0.0,-20.0,-20.0,110.0,-7.191438474190584
168,1.68,-0.036307715225166626,-0.2593426014798765,9.249140287881694,1.6484074667412745,-0.1065363981103679,-1.5752394784984356,0.0,-20.0,-20.0,110.0,-7.181351475386089
169,1.69,-0.0449729609635681,-0.25838649874608843,9.238718503881548,1.6484249376668871,-0.10626644395700215,-1.5846392277465273,0.0,-20.0,-20.0,110.0,-7.171274180316198
170,1.7,-0.053638206701969574,-0.2574303960123002,9.228296719881403,1.648442364394955,-0.10599648693856843,-1.5940389768301955,0.0,-20.0,-20.0,110.0,-7.161206623217998
171,1.71,-0.06230345244037105,-0.25647429327851184,9.217874935881257,1.6484597469250089,-0.1057265270623029,-1.603438725749854,0.0,-20.0,-20.0,110.0,-7.15114883845588
172,1.72,-0.07096869817877251,-0.25551819054472324,9.207453151881111,1.648477085256583,-0.10545656433544176,-1.6128384745059172,0.0,-20.0,-20.0,110.0,-7.141100860521864
173,1.73,-0.07963394391717397,-0.2545620878109345,9.197031367880966,1.6484943793892122,-0.10518659876522136,-1.6222382230988008,0.0,-20.0,-20.0,110.0,-7.131062724035933
174,1.74,-0.08829918965557544,-0.2536059850771455,9.18660958388082,1.6485116293224322,-0.10491663035887798,-1.6316379715289187,0.0,-20.0,-20.0,110.0,-7.121034463746366
175,1.75,-0.09696443539397691,-0.25264988234335634,9.176187799880674,1.6485288350557783,-0.10464665912364778,-1.6410377197966857,0.0,-20.0,-20.0,110.0,-7.111016114530058
176,1.76,-0.10562968113237838,-0.25169377960956696,9.165766015880529,1.6485459965887883,-0.10437668506676714,-1.6504374679025173,0.0,-20.0,-20.0,110.0,-7.1010077113928585
177,1.77,-0.11429492687077984,-0.2507376768757774,9.155344231880383,1.6485631139210035,-0.10410670819547305,-1.6598372158468273,0.0,-20.0,-20.0,110.0,-7.091009289469886
178,1.78,-0.12296017260918131,-0.24978157414198768,9.144922447880237,1.6485801870519623,-0.10383672851700179,-1.6692369636300313,0.0,-20.0,-20.0,110.0,-7.081020884025855
179,1.79,-0.1316254183475828,-0.24882547140819775,9.134500663880091,1.6485972159812075,-0.10356674603859031,-1.6786367112525449,0.0,-20.0,-20.0,110.0,-7.071042530455393
180,1.8,-0.14029066408598426,-0.24786936867440765,9.124078879879946,1.6486142007082814,-0.10329676076747539,-1.6880364587147845,0.0,-20.0,-20.0,110.0,-7.061074264283364
181,1.81,-0.14895590982438572,-0.24691326594061735,9.1136570958798,1.6486311412327275,-0.10302677271089364,-1.6974362060171624,0.0,-20.0,-20.0,110.0,-7.051116121165185
182,1.82,-0.1576211555627872,-0.24595716320682687,9.103235311879654,1.6486480375540915,-0.10275678187608218,-1.7068359531600938,0.0,-20.0,-20.0,110.0,-7.04116813688714
183,1.83,-0.16628640130118866,-0.2450010604730362,9.092813527879509,1.64866488967192,-0.1024867882702782,-1.7162357001439943,0.0,-20.0,-20.0,110.0,-7.031230347366686
184,1.84,-0.17495164703959012,-0.2440449577392453,9.082391743879363,1.648681697585759,-0.10221679190071839,-1.725635446969279,0.0,-20.0,-20.0,110.0,-7.021302788652769
185,1.85,-0.1836168927779916,-0.24308885500545424,9.071969959879217,1.6486984612951576,-0.10194679277463992,-1.735035193636363,0.0,-20.0,-20.0,110.0,-7.0113854969261356
186,1.86,-0.19228213851639306,-0.242132752271663,9.061548175879071,1.6487151807996667,-0.10167679089928018,-1.7444349401456622,0.0,-20.0,-20.0,110.0,-7.001478508499631
187,1.87,-0.20094738425479453,-0.24117664953787157,9.051126391878926,1.6487318560988364,-0.10140678628187655,-1.7538346864975896,0.0,-20.0,-20.0,110.0,-6.991581859818513
188,1.8800000000000001,-0.209612629993196,-0.24022054680407995,9.04070460787878,1.648748487192219,-0.10113677892966637,-1.7632344326925602,0.0,-20.0,-20.0,110.0,-6.9816955874607425
189,1.8900000000000001,-0.21827787573159746,-0.23926444407028813,9.030282823878634,1.6487650740793667,-0.1008667688498868,-1.7726341787309903,0.0,-20.0,-20.0,110.0,-6.971819728137281
190,1.9000000000000001,-0.22694312146999893,-0.23830834133649612,9.019861039878489,1.6487816167598353,-0.10059675604977562,-1.7820339246132944,0.0,-20.0,-20.0,110.0,-6.961954318692401
191,1.9100000000000001,-0.2356083672084004,-0.23735223860270394,9.009439255878343,1.6487981152331805,-0.10032674053657036,-1.7914336703398868,0.0,-20.0,-20.0,110.0,-6.952099396103964
192,1.92,-0.24427361294680186,-0.23639613586891156,8.999017471878197,1.6488145694989587,-0.10005672231750883,-1.8008334159111825,0.0,-20.0,-20.0,110.0,-6.942254997483719
193,1.93,-0.2529388586852033,-0.235440033135119,8.988595687878052,1.6488309795567286,-0.09978670139982859,-1.8102331613275975,0.0,-20.0,-20.0,110.0,-6.93242116007759
194,1.94,-0.2616041044236048,-0.23448393040132623,8.978173903877906,1.648847345406049,-0.09951667779076762,-1.819632906589547,0.0,-20.0,-20.0,110.0,-6.922597921265966
195,1.95,-0.2702693501620063,-0.23352782766753327,8.96775211987776,1.6488636670464805,-0.09924665149756358,-1.8290326516974462,0.0,-20.0,-20.0,110.0,-6.912785318563965
196,1.96,-0.2789345959004078,-0.23257172493374012,8.957330335877614,1.6488799444775835,-0.09897662252745422,-1.83843239665171,0.0,-20.0,-20.0,110.0,-6.902983389621744
197,1.97,-0.2875998416388093,-0.2316156221999468,8.946908551877469,1.6488961776989215,-0.09870659088767798,-1.847832141452753,0.0,-20.0,-20.0,110.0,-6.893192172224752
198,1.98,-0.2962650873772108,-0.2306595194661533,8.936486767877323,1.6489123667100585,-0.09843655658547287,-1.8572318861009909,0.0,-20.0,-20.0,110.0,-6.883411704294008
199,1.99,-0.3049303331156123,-0.22970341673235958,8.926064983877177,1.6489285115105594,-0.09816651962807696,-1.8666316305968382,0.0,-20.0,-20.0,110.0,-6.873642023886381
200,2.0,-0.3135955788540138,-0.22874731399856568,8.915643199877032,1.6489446120999922,-0.09789648002272884,-1.8760313749407098,0.0,-20.0,-20.0,110.0,-6.863883169194853
201,2.0100000000000002,-0.3222608245924153,-0.2277912112647716,8.905221415876886,1.648960668477922,-0.09762643777666634,-1.8854311191330226,0.0,-20.0,-20.0,110.0,-6.85413517854878
202,2.02,-0.3309260703308168,-0.2268351085309773,8.89479963187674,1.6489766806439186,-0.09735639289712801,-1.8948308631741915,0.0,-20.0,-20.0,110.0,-6.844398090414156
203,2.0300000000000002,-0.3395913160692183,-0.22587900579718284,8.884377847876594,1.6489926485975517,-0.09708634539135237,-1.904230607064631,0.0,-20.0,-20.0,110.0,-6.834671943393878
204,2.04,-0.34825656180761977,-0.2249229030633882,8.873956063876449,1.6490085723383918,-0.09681629526657774,-1.9136303508047572,0.0,-20.0,-20.0,110.0,-6.824956776227982
205,2.05,-0.35692180754602126,-0.22396680032959335,8.863534279876303,1.6490244518660127,-0.09654624253004299,-1.923030094394986,0.0,-20.0,-20.0,110.0,-6.815252627793924
206,2.06,-0.36558705328442276,-0.2230106975957983,8.853112495876157,1.649040287179986,-0.09627618718898659,-1.9324298378357319,0.0,-20.0,-20.0,110.0,-6.805559537106799
207,2.07,-0.37425229902282425,-0.22205459486200307,8.842690711876012,1.6490560782798878,-0.0960061292506474,-1.94182958112741,0.0,-20.0,-20.0,110.0,-6.7958775433196
208,2.08,-0.38291754476122575,-0.22109849212820765,8.832268927875866,1.649071825165293,-0.09573606872226424,-1.9512293242704362,0.0,-20.0,-20.0,110.0,-6.786206685723455
209,2.09,-0.39158279049962724,-0.22014238939441208,8.82184714387572,1.6490875278357784,-0.0954660056110758,-1.9606290672652242,0.0,-20.0,-20.0,110.0,-6.776547003747872
210,2.1,-0.40024803623802874,-0.2191862866606163,8.811425359875575,1.6491031862909218,-0.09519593992432099,-1.9700288101121912,0.0,-20.0,-20.0,110.0,-6.766898536960958
211,2.11,-0.40891328197643023,-0.2182301839268203,8.801003575875429,1.6491188005303024,-0.09492587166923884,-1.9794285528117517,0.0,-20.0,-20.0,110.0,-6.757261325069656
212,2.12,-0.4175785277148317,-0.21727408119302413,8.790581791875283,1.6491343705535013,-0.09465580085306857,-1.9888282953643222,0.0,-20.0,-20.0,110.0,-6.747635407919982
213,2.13,-0.4262437734532332,-0.21631797845922776,8.780160007875137,1.6491498963601006,-0.09438572748304935,-1.9982280377703183,0.0,-20.0,-20.0,110.0,-6.738020825497218
214,2.14,-0.4349090191916347,-0.21536187572543122,8.769738223874992,1.6491653779496827,-0.09411565156642028,-2.0076277800301554,0.0,-20.0,-20.0,110.0,-6.728417617926159
215,2.15,-0.4435742649300362,-0.2144057729916345,8.759316439874846,1.6491808153218315,-0.09384557311042077,-2.0170275221442457,0.0,-20.0,-20.0,110.0,-6.718825825471312
216,2.16,-0.4522395106684377,-0.21344967025783756,8.7488946558747,1.649196208476133,-0.09357549212229017,-2.026427264113009,0.0,-20.0,-20.0,110.0,-6.709245488537104
217,2.17,-0.4609047564068392,-0.21249356752404044,8.738472871874555,1.6492115574121722,-0.0933054086092678,-2.035827005936859,0.0,-20.0,-20.0,110.0,-6.6996766476680945
218,2.18,-0.4695700021452407,-0.21153746479024313,8.728051087874409,1.6492268621295372,-0.09303532257859301,-2.0452267476162107,0.0,-20.0,-20.0,110.0,-6.690119343549169
219,2.19,-0.4782352478836422,-0.21058136205644562,8.717629303874263,1.6492421226278164,-0.09276523403750557,-2.054626489151482,0.0,-20.0,-20.0,110.0,-6.6805736170057415
220,2.2,-0.4869004936220437,-0.20962525932264794,8.707207519874117,1.6492573389066005,-0.09249514299324504,-2.064026230543085,0.0,-20.0,-20.0,110.0,-6.671039509003941
221,2.21,-0.4955657393604452,-0.20866915658885007,8.696785735873972,1.6492725109654793,-0.09222504945305092,-2.073425971791439,0.0,-20.0,-20.0,110.0,-6.661517060650801
222,2.22,-0.5042309850988467,-0.207713053855052,8.686363951873826,1.649287638804046,-0.0919549534241632,-2.082825712896958,0.0,-20.0,-20.0,110.0,-6.652006313194443
223,2.23,-0.5128962308372481,-0.20675695112125375,8.67594216787368,1.649302722421895,-0.09168485491382188,-2.092225453860056,0.0,-20.0,-20.0,110.0,-6.642507308024251
224,2.24,-0.5215614765756496,-0.2058008483874553,8.665520383873535,1.6493177618186197,-0.09141475392926654,-2.1016251946811515,0.0,-20.0,-20.0,110.0,-6.633020086671047
225,2.25,-0.530226722314051,-0.20484474565365665,8.655098599873389,1.6493327569938163,-0.09114465047773714,-2.1110249353606596,0.0,-20.0,-20.0,110.0,-6.623544690807265
226,2.2600000000000002,-0.5388919680524524,-0.20388864291985784,8.644676815873243,1.6493477079470804,-0.0908745445664735,-2.1204246758989957,0.0,-20.0,-20.0,110.0,-6.6140811622470945
227,2.27,-0.5475572137908539,-0.20293254018605883,8.634255031873098,1.6493626146780114,-0.09060443620271585,-2.129824416296575,0.0,-20.0,-20.0,110.0,-6.604629542946664
228,2.2800000000000002,-0.5562224595292553,-0.20197643745225963,8.623833247872952,1.6493774771862095,-0.09033432539370476,-2.139224156553814,0.0,-20.0,-20.0,110.0,-6.595189875004171
229,2.29,-0.5648877052676567,-0.20102033471846023,8.613411463872806,1.649392295471274,-0.09006421214668009,-2.148623896671126,0.0,-20.0,-20.0,110.0,-6.585762200660052
230,2.3000000000000003,-0.5735529510060582,-0.20006423198466064,8.60298967987266,1.6494070695328074,-0.08979409646888223,-2.158023636648929,0.0,-20.0,-20.0,110.0,-6.5763465622971005
231,2.31,-0.5822181967444596,-0.19910812925086088,8.592567895872515,1.6494217993704123,-0.08952397836755151,-2.167423376487639,0.0,-20.0,-20.0,110.0,-6.566943002440626
232,2.32,-0.5908834424828611,-0.1981520265170609,8.582146111872369,1.6494364849836927,-0.08925385784992836,-2.17682311618767,0.0,-20.0,-20.0,110.0,-6.557551563758571
233,2.33,-0.5995486882212625,-0.19719592378326076,8.571724327872223,1.6494511263722533,-0.08898373492325302,-2.1862228557494374,0.0,-20.0,-20.0,110.0,-6.548172289061642
234,2.34,-0.6082139339596639,-0.19623982104946042,8.561302543872078,1.649465723535701,-0.08871360959476614,-2.1956225951733574,0.0,-20.0,-20.0,110.0,-6.538805221303428
235,2.35,-0.6168791796980654,-0.19528371831565988,8.550880759871932,1.6494802764736431,-0.08844348187170836,-2.205022334459847,0.0,-20.0,-20.0,110.0,-6.529450403580526
236,2.36,-0.6255444254364668,-0.19432761558185915,8.540458975871786,1.6494947851856887,-0.08817335176132036,-2.214422073609321,0.0,-20.0,-20.0,110.0,-6.520107879132622
237,2.37,-0.6342096711748683,-0.19337151284805823,8.53003719187164,1.649509249671447,-0.08790321927084295,-2.223821812622196,0.0,-20.0,-20.0,110.0,-6.5107776913426285
238,2.38,-0.6428749169132697,-0.19241541011425714,8.519615407871495,1.6495236699305307,-0.08763308440751698,-2.2332215514988887,0.0,-20.0,-20.0,110.0,-6.501459883736754
239,2.39,-0.6515401626516711,-0.19145930738045586,8.509193623871349,1.6495380459625517,-0.08736294717858326,-2.242621290239813,0.0,-20.0,-20.0,110.0,-6.492154499984603
240,2.4,-0.6602054083900726,-0.19050320464665438,8.498771839871203,1.6495523777671237,-0.08709280759128277,-2.252021028845385,0.0,-20.0,-20.0,110.0,-6.482861583899272
241,2.41,-0.668870654128474,-0.1895471019128527,8.488350055871058,1.6495666653438612,-0.08682266565285629,-2.2614207673160216,0.0,-20.0,-20.0,110.0,-6.473581179437401
242,2.42,-0.6775358998668755,-0.18859099917905084,8.477928271870912,1.6495809086923754,-0.0865525213705448,-2.270820505652131,0.0,-20.0,-20.0,110.0,-6.464313330699272
243,2.43,-0.6862011456052769,-0.1876348964452488,8.467506487870766,1.6495951078122917,-0.08628237475158977,-2.28022024385414,0.0,-20.0,-20.0,110.0,-6.4550580819288585
244,2.44,-0.6948663913436783,-0.18667879371144658,8.45708470387062,1.6496092627032242,-0.08601222580323221,-2.28961998192246,0.0,-20.0,-20.0,110.0,-6.4458154775138805
245,2.45,-0.7035316370820798,-0.18572269097764416,8.446662919870475,1.649623373364793,-0.08574207453271354,-2.299019719857507,0.0,-20.0,-20.0,110.0,-6.436585561985875
246,2.46,-0.7121968828204812,-0.18476658824384154,8.436241135870329,1.6496374397966185,-0.08547192094727481,-2.3084194576596984,0.0,-20.0,-20.0,110.0,-6.427368380020224
247,2.47,-0.7208621285588827,-0.18381048551003873,8.425819351870183,1.6496514619983218,-0.08520176505415739,-2.3178191953294487,0.0,-20.0,-20.0,110.0,-6.418163976436197
248,2.48,-0.7295273742972841,-0.18285438277623572,8.415397567870038,1.6496654399695265,-0.08493160686060289,-2.3272189328671753,0.0,-20.0,-20.0,110.0,-6.408972396196986
249,2.49,-0.7381926200356855,-0.18189828004243255,8.404975783869892,1.6496793737098572,-0.08466144637385271,-2.3366186702732934,0.0,-20.0,-20.0,110.0,-6.399793684409721
250,2.5,-0.746857865774087,-0.1809421773086292,8.394553999869746,1.6496932632189376,-0.08439128360114813,-2.3460184075482196,0.0,-20.0,-20.0,110.0,-6.390627886325498
251,2.5100000000000002,-0.7555231115124884,-0.17998607457482563,8.3841322158696,1.6497071084963946,-0.08412111854973077,-2.3554181446923677,0.0,-20.0,-20.0,110.0,-6.38147504733938
252,2.52,-0.7641883572508898,-0.17902997184102187,8.373710431869455,1.6497209095418564,-0.08385095122684258,-2.364817881706156,0.0,-20.0,-20.0,110.0,-6.3723352129904
253,2.5300000000000002,-0.7728536029892913,-0.17807386910721792,8.36328864786931,1.6497346663549532,-0.08358078163972565,-2.3742176185899986,0.0,-20.0,-20.0,110.0,-6.3632084289615545
254,2.54,-0.7815188487276927,-0.17711776637341378,8.352866863869163,1.6497483789353136,-0.08331060979562147,-2.3836173553443123,0.0,-20.0,-20.0,110.0,-6.354094741079804
255,2.5500000000000003,-0.7901840944660942,-0.17616166363960947,8.342445079869018,1.6497620472825691,-0.0830404357017716,-2.393017091969513,0.0,-20.0,-20.0,110.0,-6.344994195316027
256,2.56,-0.7988493402044956,-0.17520556090580497,8.332023295868872,1.6497756713963514,-0.08277025936541799,-2.4024168284660177,0.0,-20.0,-20.0,110.0,-6.335906837785015
257,2.57,-0.807514585942897,-0.17424945817200027,8.321601511868726,1.6497892512762946,-0.0825000807938029,-2.4118165648342424,0.0,-20.0,-20.0,110.0,-6.326832714745418
258,2.58,-0.8161798316812985,-0.17329335543819538,8.31117972786858,1.6498027869220349,-0.0822298999941684,-2.4212163010746015,0.0,-20.0,-20.0,110.0,-6.317771872599714
259,2.59,-0.8248450774196999,-0.1723372527043903,8.300757943868435,1.6498162783332062,-0.08195971697375638,-2.430616037187512,0.0,-20.0,-20.0,110.0,-6.30872435789415
260,2.6,-0.8335103231581014,-0.171381149970585,8.29033615986829,1.6498297255094458,-0.08168953173980888,-2.44001577317339,0.0,-20.0,-20.0,110.0,-6.299690217318672
261,2.61,-0.8421755688965028,-0.17042504723677956,8.279914375868143,1.649843128450393,-0.08141934429956824,-2.4494155090326517,0.0,-20.0,-20.0,110.0,-6.290669497706875
262,2.62,-0.8508408146349042,-0.16946894450297392,8.269492591867998,1.6498564871556871,-0.08114915466027688,-2.4588152447657143,0.0,-20.0,-20.0,110.0,-6.2816622460359035
263,2.63,-0.8595060603733057,-0.1685128417691681,8.259070807867852,1.6498698016249682,-0.08087896282917703,-2.4682149803729945,0.0,-20.0,-20.0,110.0,-6.272668509426385
264,2.64,-0.8681713061117071,-0.16755673903536206,8.248649023867706,1.6498830718578794,-0.08060876881351113,-2.477614715854906,0.0,-20.0,-20.0,110.0,-6.263688335142317
265,2.65,-0.8768365518501086,-0.16660063630155583,8.23822723986756,1.6498962978540623,-0.08033857262052158,-2.4870144512118686,0.0,-20.0,-20.0,110.0,-6.254721770590973
266,2.66,-0.88550179758851,-0.16564453356774944,8.227805455867415,1.6499094796131621,-0.08006837425745085,-2.4964141864442957,0.0,-20.0,-20.0,110.0,-6.245768863322788
267,2.67,-0.8941670433269114,-0.16468843083394286,8.21738367186727,1.649922617134824,-0.07979817373154138,-2.5058139215526056,0.0,-20.0,-20.0,110.0,-6.236829661031234
268,2.68,-0.9028322890653129,-0.16373232810013608,8.206961887867124,1.6499357104186936,-0.0795279710500358,-2.515213656537214,0.0,-20.0,-20.0,110.0,-6.227904211552684
269,2.69,-0.9114975348037143,-0.1627762253663291,8.196540103866978,1.6499487594644189,-0.07925776622017688,-2.5246133913985367,0.0,-20.0,-20.0,110.0,-6.218992562866285
270,2.7,-0.9201627805421158,-0.16182012263252193,8.186118319866832,1.6499617642716495,-0.07898755924920735,-2.5340131261369887,0.0,-20.0,-20.0,110.0,-6.210094763093792
271,2.71,-0.9288280262805172,-0.16086401989871457,8.175696535866686,1.649974724840036,-0.07871735014437031,-2.5434128607529876,0.0,-20.0,-20.0,110.0,-6.201210860499417
272,2.72,-0.9374932720189186,-0.15990791716490704,8.16527475186654,1.6499876411692294,-0.07844713891290861,-2.5528125952469485,0.0,-20.0,-20.0,110.0,-6.192340903489657
273,2.73,-0.9461585177573201,-0.15895181443109932,8.154852967866395,1.6500005132588813,-0.0781769255620647,-2.5622123296192885,0.0,-20.0,-20.0,110.0,-6.183484940613115
274,2.74,-0.9548237634957215,-0.1579957116972914,8.14443118386625,1.6500133411086457,-0.07790671009908169,-2.571612063870423,0.0,-20.0,-20.0,110.0,-6.174643020560312
275,2.75,-0.963489009234123,-0.1570396089634833,8.134009399866104,1.650026124718178,-0.07763649253120276,-2.5810117980007705,0.0,-20.0,-20.0,110.0,-6.165815192163484
276,2.7600000000000002,-0.9721542549725244,-0.15608350622967498,8.123587615865958,1.6500388640871344,-0.07736627286567102,-2.5904115320107453,0.0,-20.0,-20.0,110.0,-6.157001504396375
277,2.77,-0.9808195007109258,-0.15512740349586648,8.113165831865812,1.6500515592151717,-0.0770960511097296,-2.5998112659007635,0.0,-20.0,-20.0,110.0,-6.148202006374016
278,2.7800000000000002,-0.9894847464493273,-0.15417130076205782,8.102744047865666,1.6500642101019452,-0.07682582727062146,-2.609210999671238,0.0,-20.0,-20.0,110.0,-6.1394167473525
279,2.79,-0.9981499921877287,-0.15321519802824896,8.09232226386552,1.6500768167471207,-0.07655560135559011,-2.6186107333225945,0.0,-20.0,-20.0,110.0,-6.130645776728726
280,2.8000000000000003,-1.0068152379261301,-0.1522590952944399,8.081900479865375,1.6500893791503557,-0.07628537337187863,-2.6280104668552466,0.0,-20.0,-20.0,110.0,-6.121889144040167
281,2.81,-1.0154804836645317,-0.15130299256063065,8.07147869586523,1.6501018973113122,-0.07601514332673033,-2.6374102002696085,0.0,-20.0,-20.0,110.0,-6.1131468989645965
282,2.82,-1.0241457294029332,-0.1503468898268212,8.061056911865084,1.650114371229653,-0.07574491122738881,-2.6468099335660966,0.0,-20.0,-20.0,110.0,-6.104419091319815
283,2.83,-1.0328109751413348,-0.14939078709301157,8.050635127864938,1.650126800905043,-0.07547467708109742,-2.6562096667451285,0.0,-20.0,-20.0,110.0,-6.0957057710633675
284,2.84,-1.0414762208797363,-0.14843468435920176,8.040213343864792,1.650139186337147,-0.07520444089509987,-2.66560939980712,0.0,-20.0,-20.0,110.0,-6.0870069882922495
285,2.85,-1.050141466618138,-0.14747858162539176,8.029791559864647,1.6501515275256324,-0.0749342026766395,-2.6750091327524874,0.0,-20.0,-20.0,110.0,-6.078322793242596
286,2.86,-1.0588067123565394,-0.14652247889158157,8.0193697758645,1.6501638244701662,-0.07466396243296,-2.684408865581648,0.0,-20.0,-20.0,110.0,-6.06965323628937
287,2.87,-1.067471958094941,-0.14556637615777118,8.008947991864355,1.6501760771704177,-0.07439372017130517,-2.6938085982950173,0.0,-20.0,-20.0,110.0,-6.060998367946023
288,2.88,-1.0761372038333425,-0.1446102734239606,7.9985262078642085,1.6501882856260577,-0.07412347589891888,-2.7032083308930126,0.0,-20.0,-20.0,110.0,-6.052358238864157
289,2.89,-1.084802449571744,-0.14365417069014982,7.988104423864062,1.6502004498367575,-0.07385322962304483,-2.7126080633760496,0.0,-20.0,-20.0,110.0,-6.043732899833176
290,2.9,-1.0934676953101456,-0.14269806795633888,7.977682639863915,1.6502125698021883,-0.07358298135092665,-2.7220077957445463,0.0,-20.0,-20.0,110.0,-6.0351224017799145
291,2.91,-1.1021329410485472,-0.14174196522252774,7.967260855863769,1.6502246455220262,-0.0733127310898085,-2.731407527998919,0.0,-20.0,-20.0,110.0,-6.026526795768261
292,2.92,-1.1107981867869487,-0.1407858624887164,7.956839071863622,1.6502366769959438,-0.0730424788469341,-2.7408072601395848,0.0,-20.0,-20.0,110.0,-6.017946132998765
293,2.93,-1.1194634325253503,-0.1398297597549049,7.946417287863476,1.6502486642236185,-0.07277222462954772,-2.7502069921669587,0.0,-20.0,-20.0,110.0,-6.00938046480824
294,2.94,-1.1281286782637518,-0.13887365702109317,7.935995503863329,1.6502606072047272,-0.07250196844489325,-2.759606724081457,0.0,-20.0,-20.0,110.0,-6.0008298426693445
295,2.95,-1.1367939240021534,-0.13791755428728128,7.925573719863182,1.650272505938949,-0.072231710300215,-2.7690064558834973,0.0,-20.0,-20.0,110.0,-5.992294318190156
296,2.96,-1.145459169740555,-0.1369614515534692,7.915151935863036,1.650284360425963,-0.07196145020275697,-2.778406187573496,0.0,-20.0,-20.0,110.0,-5.983773943113726
297,2.97,-1.1541244154789565,-0.13600534881965692,7.904730151862889,1.6502961706654504,-0.07169118815976339,-2.787805919151868,0.0,-20.0,-20.0,110.0,-5.975268769317635
298,2.98,-1.162789661217358,-0.13504924608584445,7.894308367862743,1.6503079366570925,-0.0714209241784786,-2.7972056506190315,0.0,-20.0,-20.0,110.0,-5.966778848813514
299,2.99,-1.1714549069557596,-0.1340931433520318,7.883886583862596,1.6503196584005724,-0.07115065826614683,-2.806605381975403,0.0,-20.0,-20.0,110.0,-5.958304233746574
300,3.0,-1.1801201526941612,-0.13313704061821893,7.873464799862449,1.6503313358955756,-0.0708803904300126,-2.8160051132213986,0.0,-20.0,-20.0,110.0,-5.94984497639511
301,3.0100000000000002,-1.1887853984325627,-0.1321809378844059,7.863043015862303,1.6503429691417872,-0.07061012067732032,-2.8254048443574353,0.0,-20.0,-20.0,110.0,-5.941401129169987
302,3.02,-1.1974506441709643,-0.1312248351505927,7.852621231862156,1.6503545581388932,-0.07033984901531433,-2.834804575383932,0.0,-20.0,-20.0,110.0,-5.932972744614129
303,3.0300000000000002,-1.2061158899093658,-0.13026873241677928,7.84219944786201,1.650366102886582,-0.07006957545123911,-2.8442043063013025,0.0,-20.0,-20.0,110.0,-5.924559875401981
304,3.04,-1.2147811356477674,-0.12931262968296567,7.831777663861863,1.6503776033845416,-0.06979929999233939,-2.8536040371099642,0.0,-20.0,-20.0,110.0,-5.916162574338958
305,3.0500000000000003,-1.223446381386169,-0.12835652694915187,7.821355879861716,1.650389059632465,-0.06952902264585986,-2.863003767810335,0.0,-20.0,-20.0,110.0,-5.9077808943608785
306,3.06,-1.2321116271245705,-0.12740042421533787,7.81093409586157,1.6504004716300413,-0.06925874341904523,-2.872403498402831,0.0,-20.0,-20.0,110.0,-5.8994148885334035
307,3.0700000000000003,-1.240776872862972,-0.1264443214815237,7.800512311861423,1.6504118393769638,-0.06898846231914017,-2.881803228887867,0.0,-20.0,-20.0,110.0,-5.891064610051425
308,3.08,-1.2494421186013736,-0.12548821874770935,7.790090527861277,1.6504231628729271,-0.06871817935338949,-2.891202959265862,0.0,-20.0,-20.0,110.0,-5.882730112238467
309,3.09,-1.258107364339775,-0.1245321160138948,7.77966874386113,1.6504344421176262,-0.0684478945290383,-2.9006026895372328,0.0,-20.0,-20.0,110.0,-5.874411448546076
310,3.1,-1.2667726100781767,-0.12357601328008005,7.7692469598609835,1.650445677110757,-0.06817760785333116,-2.910002419702395,0.0,-20.0,-20.0,110.0,-5.8661086725531675
311,3.11,-1.2754378558165782,-0.12261991054626513,7.758825175860837,1.6504568678520148,-0.06790731933351266,-2.919402149761766,0.0,-20.0,-20.0,110.0,-5.857821837965385
312,3.12,-1.2841031015549798,-0.12166380781245001,7.74840339186069,1.6504680143411008,-0.06763702897682816,-2.9288018797157616,0.0,-20.0,-20.0,110.0,-5.849550998614435
313,3.13,-1.2927683472933813,-0.1207077050786347,7.737981607860544,1.650479116577714,-0.06736673679052287,-2.9382016095648,0.0,-20.0,-20.0,110.0,-5.8412962084574
314,3.14,-1.3014335930317829,-0.1197516023448192,7.727559823860397,1.6504901745615546,-0.06709644278184158,-2.947601339309297,0.0,-20.0,-20.0,110.0,-5.833057521576044
315,3.15,-1.3100988387701844,-0.11879549961100351,7.7171380398602505,1.650501188292325,-0.06682614695802938,-2.9570010689496704,0.0,-20.0,-20.0,110.0,-5.824834992176104
316,3.16,-1.318764084508586,-0.11783939687718763,7.706716255860104,1.6505121577697288,-0.06655584932633168,-2.9664007984863363,0.0,-20.0,-20.0,110.0,-5.81662867458656
317,3.17,-1.3274293302469875,-0.11688329414337156,7.696294471859957,1.6505230829934703,-0.06628554989399375,-2.9758005279197124,0.0,-20.0,-20.0,110.0,-5.808438623258882
318,3.18,-1.336094575985389,-0.1159271914095553,7.685872687859811,1.6505339639632548,-0.0660152486682607,-2.9852002572502143,0.0,-20.0,-20.0,110.0,-5.800264892766287
319,3.19,-1.3447598217237906,-0.11497108867573885,7.675450903859664,1.6505448006787895,-0.06574494565637783,-2.994599986478258,0.0,-20.0,-20.0,110.0,-5.792107537802946
320,3.2,-1.3534250674621922,-0.11401498594192222,7.6650291198595175,1.650555593139783,-0.06547464086559077,-3.0039997156042637,0.0,-20.0,-20.0,110.0,-5.783966613183202
321,3.21,-1.3620903132005937,-0.11305888320810539,7.654607335859371,1.650566341345943,-0.0652043343031447,-3.0133994446286465,0.0,-20.0,-20.0,110.0,-5.775842173840756
322,3.22,-1.3707555589389953,-0.11210278047428837,7.644185551859224,1.6505770452969808,-0.06493402597628518,-3.022799173551823,0.0,-20.0,-20.0,110.0,-5.767734274827844
323,3.23,-1.3794208046773968,-0.11114667774047117,7.633763767859078,1.6505877049926085,-0.06466371589225792,-3.032198902374211,0.0,-20.0,-20.0,110.0,-5.759642971314388
324,3.24,-1.3880860504157984,-0.11019057500665377,7.623341983858931,1.6505983204325387,-0.06439340405830837,-3.041598631096227,0.0,-20.0,-20.0,110.0,-5.751568318587142
325,3.25,-1.3967512961542,-0.10923447227283618,7.6129201998587845,1.6506088916164843,-0.06412309048168187,-3.0509983597182884,0.0,-20.0,-20.0,110.0,-5.74351037204882
326,3.2600000000000002,-1.4054165418926015,-0.10827836953901841,7.602498415858638,1.6506194185441603,-0.0638527751696241,-3.060398088240813,0.0,-20.0,-20.0,110.0,-5.735469187217184
327,3.27,-1.414081787631003,-0.10732226680520045,7.592076631858491,1.6506299012152834,-0.063582458129381,-3.0697978166642157,0.0,-20.0,-20.0,110.0,-5.727444819724153
328,3.2800000000000002,-1.4227470333694046,-0.10636616407138229,7.581654847858345,1.6506403396295724,-0.06331213936819842,-3.0791975449889137,0.0,-20.0,-20.0,110.0,-5.71943732531486
329,3.29,-1.431412279107806,-0.10541006133756396,7.571233063858198,1.650650733786744,-0.06304181889332186,-3.088597273215324,0.0,-20.0,-20.0,110.0,-5.711446759846706
330,3.3000000000000003,-1.4400775248462077,-0.10445395860374543,7.560811279858052,1.6506610836865188,-0.06277149671199742,-3.097997001343863,0.0,-20.0,-20.0,110.0,-5.70347317928841
331,3.31,-1.4487427705846092,-0.10349785586992671,7.550389495857905,1.6506713893286173,-0.06250117283147076,-3.107396729374949,0.0,-20.0,-20.0,110.0,-5.695516639719
332,3.3200000000000003,-1.4574080163230108,-0.10254175313610779,7.539967711857758,1.6506816507127626,-0.06223084725898799,-3.116796457308998,0.0,-20.0,-20.0,110.0,-5.687577197326833
333,3.33,-1.4660732620614123,-0.10158565040228869,7.529545927857612,1.650691867838677,-0.061960520001794965,-3.1261961851464286,0.0,-20.0,-20.0,110.0,-5.679654908408571
334,3.34,-1.4747385077998139,-0.1006295476684694,7.519124143857465,1.6507020407060864,-0.06169019106713795,-3.135595912887657,0.0,-20.0,-20.0,110.0,-5.671749829368134
335,3.35,-1.4834037535382154,-0.09967344493464993,7.508702359857319,1.6507121693147158,-0.06141986046226289,-3.1449956405330983,0.0,-20.0,-20.0,110.0,-5.663862016715654
336,3.36,-1.492068999276617,-0.09871734220083025,7.498280575857172,1.6507222536642887,-0.061149528194415596,-3.154395368083164,0.0,-20.0,-20.0,110.0,-5.655991527066398
337,3.37,-1.5007342450150185,-0.0977612394670104,7.487858791857025,1.6507322937545388,-0.06087919427084264,-3.1637950955382856,0.0,-20.0,-20.0,110.0,-5.648138417139657
338,3.38,-1.50939949075342,-0.09680513673319036,7.477437007856879,1.6507422895851938,-0.06060885869879013,-3.1731948228988713,0.0,-20.0,-20.0,110.0,-5.640302743757658
339,3.39,-1.5180647364918216,-0.09584903399937011,7.467015223856732,1.6507522411559838,-0.06033852148550454,-3.182594550165339,0.0,-20.0,-20.0,110.0,-5.632484563844418
340,3.4,-1.5267299822302232,-0.0948929312655497,7.456593439856586,1.650762148466641,-0.060068182638231986,-3.191994277338105,0.0,-20.0,-20.0,110.0,-5.624683934424584
341,3.41,-1.5353952279686247,-0.09393682853172908,7.446171655856439,1.6507720115168962,-0.05979784216421854,-3.201394004417588,0.0,-20.0,-20.0,110.0,-5.616900912622279
342,3.42,-1.5440604737070263,-0.09298072579790827,7.435749871856292,1.650781830306484,-0.05952750007071057,-3.2107937314042045,0.0,-20.0,-20.0,110.0,-5.609135555659891
343,3.43,-1.5527257194454278,-0.09202462306408728,7.425328087856146,1.6507916048351396,-0.059257156364954704,-3.220193458298371,0.0,-20.0,-20.0,110.0,-5.601387920856878
344,3.44,-1.5613909651838294,-0.09106852033026609,7.414906303855999,1.6508013351026,-0.05898681105419757,-3.2295931851005055,0.0,-20.0,-20.0,110.0,-5.593658065628525
345,3.45,-1.570056210922231,-0.09011241759644471,7.404484519855853,1.650811021108603,-0.05871646414568569,-3.238992911811024,0.0,-20.0,-20.0,110.0,-5.585946047484697
346,3.46,-1.5787214566606325,-0.08915631486262315,7.394062735855706,1.650820662852886,-0.0584461156466654,-3.2483926384303454,0.0,-20.0,-20.0,110.0,-5.578251924028565
347,3.47,-1.587386702399034,-0.0882002121288014,7.3836409518555595,1.6508302603351908,-0.0581757655643835,-3.257792364958887,0.0,-20.0,-20.0,110.0,-5.570575752955315
348,3.48,-1.5960519481374356,-0.08724410939497945,7.373219167855413,1.650839813555257,-0.05790541390608637,-3.267192091397065,0.0,-20.0,-20.0,110.0,-5.562917592050834
349,3.49,-1.6047171938758371,-0.08628800666115732,7.362797383855266,1.6508493225128265,-0.0576350606790206,-3.2765918177452975,0.0,-20.0,-20.0,110.0,-5.555277499190375
350,3.5,-1.6133824396142387,-0.085331903927335,7.35237559985512,1.6508587872076435,-0.057364705890433174,-3.285991544004,0.0,-20.0,-20.0,110.0,-5.547655532337203
351,3.5100000000000002,-1.6220476853526402,-0.08437580119351248,7.341953815854973,1.6508682076394527,-0.057094349547570936,-3.295391270173591,0.0,-20.0,-20.0,110.0,-5.540051749541222
352,3.52,-1.6307129310910418,-0.08341969845968979,7.3315320318548265,1.6508775838080003,-0.05682399165768073,-3.3047909962544857,0.0,-20.0,-20.0,110.0,-5.532466208937565
353,3.5300000000000002,-1.6393781768294433,-0.0824635957258669,7.32111024785468,1.6508869157130326,-0.0565536322280092,-3.314190722247102,0.0,-20.0,-20.0,110.0,-5.524898968745196
354,3.54,-1.6480434225678449,-0.08150749299204381,7.310688463854533,1.6508962033542982,-0.05628327126580337,-3.32359044815186,0.0,-20.0,-20.0,110.0,-5.517350087265449
355,3.5500000000000003,-1.6567086683062464,-0.08055139025822054,7.300266679854387,1.650905446731546,-0.05601290877831009,-3.3329901739691743,0.0,-20.0,-20.0,110.0,-5.5098196228805785
356,3.56,-1.665373914044648,-0.07959528752439708,7.28984489585424,1.650914645844527,-0.055742544772776334,-3.342389899699464,0.0,-20.0,-20.0,110.0,-5.502307634052276
357,3.5700000000000003,-1.6740391597830495,-0.07863918479057343,7.2794231118540935,1.650923800692993,-0.05547217925644927,-3.351789625343144,0.0,-20.0,-20.0,110.0,-5.494814179320156
358,3.58,-1.682704405521451,-0.0776830820567496,7.269001327853947,1.6509329112766962,-0.055201812236575686,-3.3611893509006343,0.0,-20.0,-20.0,110.0,-5.487339317300235
359,3.59,-1.6913696512598526,-0.07672697932292558,7.2585795438538,1.6509419775953909,-0.054931443720402776,-3.3705890763723505,0.0,-20.0,-20.0,110.0,-5.479883106683385
360,3.6,-1.7000348969982542,-0.07577087658910137,7.248157759853654,1.650950999648833,-0.05466107371517778,-3.379988801758711,0.0,-20.0,-20.0,110.0,-5.472445606233749
361,3.61,-1.7087001427366557,-0.07481477385527696,7.237735975853507,1.6509599774367785,-0.054390702228147875,-3.389388527060131,0.0,-20.0,-20.0,110.0,-5.465026874787159
362,3.62,-1.7173653884750573,-0.07385867112145236,7.2273141918533605,1.6509689109589847,-0.05412032926656004,-3.398788252277029,0.0,-20.0,-20.0,110.0,-5.457626971249511
363,3.63,-1.7260306342134588,-0.07290256838762758,7.216892407853214,1.650977800215211,-0.05384995483766184,-3.4081879774098236,0.0,-20.0,-20.0,110.0,-5.450245954595128
364,3.64,-1.7346958799518604,-0.07194646565380261,7.206470623853067,1.6509866452052169,-0.053579578948700364,-3.4175877024589316,0.0,-20.0,-20.0,110.0,-5.442883883865099
365,3.65,-1.743361125690262,-0.07099036291997744,7.196048839852921,1.6509954459287635,-0.05330920160692293,-3.4269874274247707,0.0,-20.0,-20.0,110.0,-5.435540818165583
366,3.66,-1.7520263714286635,-0.0700342601861521,7.185627055852774,1.6510042023856126,-0.053038822819576815,-3.436387152307757,0.0,-20.0,-20.0,110.0,-5.428216816666114
367,3.67,-1.760691617167065,-0.06907815745232655,7.175205271852628,1.6510129145755283,-0.0527684425939096,-3.445786877108309,0.0,-20.0,-20.0,110.0,-5.420911938597857
368,3.68,-1.7693568629054666,-0.06812205471850082,7.164783487852481,1.6510215824982761,-0.052498060937169015,-3.4551866018268425,0.0,-20.0,-20.0,110.0,-5.413626243251862
369,3.69,-1.7780221086438681,-0.0671659519846749,7.154361703852334,1.651030206153622,-0.05222767785660248,-3.464586326463776,0.0,-20.0,-20.0,110.0,-5.406359789977276
370,3.7,-1.7866873543822697,-0.06620984925084879,7.143939919852188,1.6510387855413315,-0.051957293359457216,-3.4739860510195277,0.0,-20.0,-20.0,110.0,-5.399112638179544
371,3.71,-1.7953526001206712,-0.06525374651702248,7.133518135852041,1.6510473206611747,-0.05168690745298097,-3.483385775494515,0.0,-20.0,-20.0,110.0,-5.39188484731858
372,3.72,-1.8040178458590728,-0.064297643783196,7.123096351851895,1.6510558115129195,-0.051416520144421114,-3.492785499889153,0.0,-20.0,-20.0,110.0,-5.384676476906919
373,3.73,-1.8126830915974743,-0.06334154104936932,7.112674567851748,1.651064258096336,-0.05114613144102535,-3.5021852242038607,0.0,-20.0,-20.0,110.0,-5.377487586507845
374,3.74,-1.8213483373358759,-0.06238543831554245,7.102252783851601,1.6510726604111983,-0.05087574135004172,-3.511584948439054,0.0,-20.0,-20.0,110.0,-5.370318235733482
375,3.75,-1.8300135830742774,-0.061429335581715386,7.091830999851455,1.6510810184572777,-0.05060534987871756,-3.520984672595151,0.0,-20.0,-20.0,110.0,-5.363168484242877
376,3.7600000000000002,-1.838678828812679,-0.060473232847888136,7.081409215851308,1.6510893322343452,-0.05033495703430075,-3.5303843966725608,0.0,-20.0,-20.0,110.0,-5.356038391740062
377,3.77,-1.8473440745510805,-0.0595171301140607,7.070987431851162,1.6510976017421832,-0.050064562824039274,-3.5397841206717175,0.0,-20.0,-20.0,110.0,-5.348928017972058
378,3.7800000000000002,-1.856009320289482,-0.05856102738023307,7.060565647851015,1.651105826980566,-0.049794167255180904,-3.549183844593032,0.0,-20.0,-20.0,110.0,-5.341837422726902
379,3.79,-1.8646745660278836,-0.05760492464640526,7.050143863850868,1.6511140079492692,-0.049523770334973335,-3.5585835684369194,0.0,-20.0,-20.0,110.0,-5.334766665831615
380,3.8000000000000003,-1.8733398117662852,-0.05664882191257725,7.039722079850722,1.6511221446480726,-0.04925337207066442,-3.567983292203799,0.0,-20.0,-20.0,110.0,-5.327715807150157
381,3.81,-1.8820050575046867,-0.05569271917874906,7.029300295850575,1.651130237076755,-0.04898297246950207,-3.577383015894086,0.0,-20.0,-20.0,110.0,-5.320684906581354
382,3.8200000000000003,-1.8906703032430883,-0.05473661644492068,7.018878511850429,1.6511382852351009,-0.04871257153873465,-3.586782739508199,0.0,-20.0,-20.0,110.0,-5.31367402405681
383,3.83,-1.8993355489814898,-0.0537805137110921,7.008456727850282,1.6511462891228907,-0.04844216928561004,-3.5961824630465578,0.0,-20.0,-20.0,110.0,-5.306683219538771
384,3.84,-1.9080007947198914,-0.052824410977263335,6.9980349438501355,1.6511542487399078,-0.04817176571737598,-3.6055821865095785,0.0,-20.0,-20.0,110.0,-5.299712553017997
385,3.85,-1.916666040458293,-0.051868308243434386,6.987613159849989,1.6511621640859369,-0.04790136084128072,-3.6149819098976796,0.0,-20.0,-20.0,110.0,-5.2927620845115735
386,3.86,-1.9253312861966945,-0.050912205509605235,6.977191375849842,1.651170035160764,-0.047630954664572296,-3.624381633211276,0.0,-20.0,-20.0,110.0,-5.285831874060729
387,3.87,-1.933996531935096,-0.049956102775775904,6.966769591849696,1.6511778619641773,-0.04736054719449901,-3.633781356450786,0.0,-20.0,-20.0,110.0,-5.278921981728596
388,3.88,-1.9426617776734976,-0.049000000041946386,6.956347807849549,1.6511856444959636,-0.047090138438308976,-3.6431810796166277,0.0,-20.0,-20.0,110.0,-5.272032467597983
389,3.89,-1.9513270234118991,-0.048043897308116666,6.9459260238494025,1.6511933827559135,-0.04681972840325055,-3.6525808027092177,0.0,-20.0,-20.0,110.0,-5.265163391769081
390,3.9,-1.9599922691503007,-0.047087794574286766,6.935504239849256,1.6512010767438174,-0.0465493170965718,-3.661980525728975,0.0,-20.0,-20.0,110.0,-5.258314814357178
391,3.91,-1.9686575148887022,-0.04613169184045668,6.925082455849109,1.6512087264594675,-0.046278904525521275,-3.6713802486763156,0.0,-20.0,-20.0,110.0,-5.251486795490326
392,3.92,-1.9773227606271038,-0.0451755891066264,6.914660671848963,1.6512163319026567,-0.04600849069734706,-3.680779971551657,0.0,-20.0,-20.0,110.0,-5.244679395306991
393,3.93,-1.9859880063655053,-0.04421948637279593,6.904238887848816,1.6512238930731793,-0.04573807561929753,-3.690179694355421,0.0,-20.0,-20.0,110.0,-5.237892673953683
394,3.94,-1.9946532521039069,-0.04326338363896527,6.8938171038486695,1.6512314099708307,-0.04546765929862124,-3.699579417088021,0.0,-20.0,-20.0,110.0,-5.2311266915825385
395,3.95,-2.0033184978423084,-0.04230728090513442,6.883395319848523,1.6512388825954085,-0.04519724174256652,-3.708979139749874,0.0,-20.0,-20.0,110.0,-5.224381508348906
396,3.96,-2.0119837435807097,-0.041351178171303384,6.872973535848376,1.651246310946708,-0.04492682295838171,-3.7183788623414,0.0,-20.0,-20.0,110.0,-5.217657184408884
397,3.97,-2.020648989319111,-0.04039507543747215,6.86255175184823,1.65125369502453,-0.04465640295331527,-3.7277785848630147,0.0,-20.0,-20.0,110.0,-5.210953779916832
398,3.98,-2.0293142350575124,-0.03943897270364074,6.852129967848083,1.6512610348286743,-0.044385981734615984,-3.7371783073151383,0.0,-20.0,-20.0,110.0,-5.204271355022877
399,3.99,-2.0379794807959137,-0.03848286996980913,6.8417081838479366,1.6512683303589422,-0.04411555930953229,-3.7465780296981843,0.0,-20.0,-20.0,110.0,-5.197609969870371
400,4.0,-2.046644726534315,-0.03752676723597734,6.83128639984779,1.6512755816151354,-0.0438451356853127,-3.755977752012574,0.0,-20.0,-20.0,110.0,-5.190969684593328
401,4.01,-2.0553099722727164,-0.03657066450214535,6.820864615847643,1.6512827885970598,-0.04357471086920607,-3.765377474258723,0.0,-20.0,-20.0,110.0,-5.184350559313841
402,4.0200000000000005,-2.0639752180111177,-0.03561456176831317,6.810442831847497,1.6512899513045185,-0.04330428486846092,-3.774777196437051,0.0,-20.0,-20.0,110.0,-5.177752654139467
403,4.03,-2.072640463749519,-0.03465845903448081,6.80002104784735,1.6512970697373182,-0.04303385769032591,-3.784176918547974,0.0,-20.0,-20.0,110.0,-5.17117602916059
404,4.04,-2.0813057094879204,-0.03370235630064825,6.789599263847204,1.651304143895266,-0.04276342934204985,-3.793576640591909,0.0,-20.0,-20.0,110.0,-5.164620744447747
405,4.05,-2.0899709552263217,-0.032746253566815514,6.779177479847057,1.6513111737781703,-0.04249299983088128,-3.8029763625692747,0.0,-20.0,-20.0,110.0,-5.158086860048943
406,4.0600000000000005,-2.098636200964723,-0.03179015083298258,6.76875569584691,1.6513181593858401,-0.04222256916406909,-3.8123760844804884,0.0,-20.0,-20.0,110.0,-5.151574435986923
407,4.07,-2.1073014467031244,-0.03083404809914946,6.758333911846764,1.651325100718087,-0.04195213734886217,-3.8217758063259692,0.0,-20.0,-20.0,110.0,-5.145083532256433
408,4.08,-2.1159666924415257,-0.029877945365316145,6.747912127846617,1.651331997774724,-0.04168170439250953,-3.831175528106133,0.0,-20.0,-20.0,110.0,-5.138614208821442
409,4.09,-2.124631938179927,-0.028921842631482647,6.737490343846471,1.651338850555563,-0.04141127030225976,-3.8405752498214,0.0,-20.0,-20.0,110.0,-5.1321665256123445
410,4.1,-2.1332971839183283,-0.027965739897648955,6.727068559846324,1.6513456590604185,-0.04114083508536186,-3.849974971472187,0.0,-20.0,-20.0,110.0,-5.125740542523127
411,4.11,-2.1419624296567297,-0.027009637163815076,6.716646775846177,1.6513524232891055,-0.04087039874906451,-3.859374693058911,0.0,-20.0,-20.0,110.0,-5.11933631940853
412,4.12,-2.150627675395131,-0.02605353442998101,6.706224991846031,1.651359143241441,-0.04059996130061693,-3.8687744145819893,0.0,-20.0,-20.0,110.0,-5.1129539160811515
413,4.13,-2.1592929211335323,-0.025097431696146748,6.695803207845884,1.6513658189172429,-0.040329522747268,-3.878174136041841,0.0,-20.0,-20.0,110.0,-5.106593392308547
414,4.14,-2.1679581668719337,-0.0241413289623123,6.685381423845738,1.6513724503163303,-0.04005908309626679,-3.8875738574388814,0.0,-20.0,-20.0,110.0,-5.100254807810297
415,4.15,-2.176623412610335,-0.02318522622847766,6.674959639845591,1.6513790374385233,-0.03978864235486245,-3.896973578773531,0.0,-20.0,-20.0,110.0,-5.09393822225505
416,4.16,-2.1852886583487363,-0.02222912349464283,6.6645378558454444,1.6513855802836437,-0.03951820053030401,-3.9063733000462055,0.0,-20.0,-20.0,110.0,-5.087643695257526
417,4.17,-2.1939539040871376,-0.021273020760807816,6.654116071845298,1.6513920788515144,-0.03924775762984073,-3.9157730212573245,0.0,-20.0,-20.0,110.0,-5.08137128637551
418,4.18,-2.202619149825539,-0.020316918026972608,6.643694287845151,1.6513985331419587,-0.03897731366072165,-3.9251727424073044,0.0,-20.0,-20.0,110.0,-5.075121055106812
419,4.19,-2.2112843955639403,-0.019360815293137212,6.633272503845005,1.651404943154802,-0.03870686863019581,-3.9345724634965618,0.0,-20.0,-20.0,110.0,-5.068893060886199
420,4.2,-2.2199496413023416,-0.018404712559301626,6.622850719844858,1.6514113088898699,-0.03843642254551266,-3.9439721845255153,0.0,-20.0,-20.0,110.0,-5.062687363082296
421,4.21,-2.228614887040743,-0.01744860982546585,6.6124289358447115,1.6514176303469903,-0.038165975413921346,-3.953371905494583,0.0,-20.0,-20.0,110.0,-5.056504020994478
422,4.22,-2.2372801327791443,-0.016492507091629888,6.602007151844565,1.651423907525991,-0.03789552724267094,-3.9627716264041797,0.0,-20.0,-20.0,110.0,-5.050343093849711
423,4.23,-2.2459453785175456,-0.015536404357793734,6.591585367844418,1.6514301404267024,-0.03762507803901098,-3.972171347254728,0.0,-20.0,-20.0,110.0,-5.04420464079939
424,4.24,-2.254610624255947,-0.014580301623957391,6.581163583844272,1.6514363290489553,-0.03735462781019063,-3.981571068046642,0.0,-20.0,-20.0,110.0,-5.0380887209161305
425,4.25,-2.2632758699943483,-0.013624198890120856,6.570741799844125,1.6514424733925817,-0.03708417656345933,-3.9909707887803405,0.0,-20.0,-20.0,110.0,-5.031995393190547
426,4.26,-2.2719411157327496,-0.012668096156284135,6.5603200158439785,1.6514485734574145,-0.03681372430606638,-4.000370509456239,0.0,-20.0,-20.0,110.0,-5.025924716528001
427,4.2700000000000005,-2.280606361471151,-0.011711993422447222,6.549898231843832,1.6514546292432886,-0.036543271045261276,-4.009770230074761,0.0,-20.0,-20.0,110.0,-5.019876749745324
428,4.28,-2.2892716072095523,-0.010755890688610121,6.539476447843685,1.6514606407500392,-0.036272816788293354,-4.019169950636318,0.0,-20.0,-20.0,110.0,-5.013851551567509
429,4.29,-2.2979368529479536,-0.00979978795477283,6.529054663843539,1.6514666079775038,-0.03600236154241221,-4.028569671141333,0.0,-20.0,-20.0,110.0,-5.007849180624379
430,4.3,-2.306602098686355,-0.00884368522093535,6.518632879843392,1.6514725309255203,-0.035731905314867245,-4.037969391590223,0.0,-20.0,-20.0,110.0,-5.001869695447242
431,4.3100000000000005,-2.3152673444247562,-0.00788758248709768,6.5082110958432455,1.6514784095939277,-0.035461448112907815,-4.0473691119834045,0.0,-20.0,-20.0,110.0,-4.995913154465492
432,4.32,-2.3239325901631576,-0.006931479753259823,6.497789311843099,1.6514842439825657,-0.03519098994378352,-4.056768832321295,0.0,-20.0,-20.0,110.0,-4.989979616003213
433,4.33,-2.332597835901559,-0.0059753770194217746,6.487367527842952,1.6514900340912757,-0.03492053081474375,-4.066168552604313,0.0,-20.0,-20.0,110.0,-4.984069138275739
434,4.34,-2.34126308163996,-0.005019274285583536,6.476945743842806,1.6514957799199006,-0.0346500707330382,-4.075568272832879,0.0,-20.0,-20.0,110.0,-4.978181779386196
435,4.3500000000000005,-2.3499283273783615,-0.004063171551745107,6.466523959842659,1.6515014814682853,-0.03437960970591678,-4.084967993007404,0.0,-20.0,-20.0,110.0,-4.972317597322017
436,4.36,-2.358593573116763,-0.003107068817906489,6.456102175842513,1.651507138736274,-0.03410914774062889,-4.094367713128312,0.0,-20.0,-20.0,110.0,-4.966476649951429
437,4.37,-2.367258818855164,-0.0021509660840676823,6.445680391842366,1.6515127517237127,-0.03383868484442409,-4.103767433196018,0.0,-20.0,-20.0,110.0,-4.960658995019917
438,4.38,-2.3759240645935655,-0.0011948633502286844,6.435258607842219,1.65151832043045,-0.0335682210245523,-4.1131671532109415,0.0,-20.0,-20.0,110.0,-4.9548646901466675
439,4.39,-2.384589310331967,-0.00023876061638949828,6.424836823842073,1.651523844856334,-0.03329775628826332,-4.1225668731735,0.0,-20.0,-20.0,110.0,-4.949093792820982
440,4.4,-2.393254556070368,0.0007173421174498765,6.414415039841926,1.651529325001215,-0.03302729064280677,-4.13196659308411,0.0,-20.0,-20.0,110.0,-4.943346360398654
441,4.41,-2.4019198018087695,0.0016734448512894407,6.40399325584178,1.6515347608649424,-0.03275682409543211,-4.14136631294319,0.0,-20.0,-20.0,110.0,-4.937622450098351
442,4.42,-2.410585047547171,0.002629547585129195,6.393571471841633,1.6515401524473696,-0.03248635665338934,-4.150766032751159,0.0,-20.0,-20.0,110.0,-4.931922118997942
443,4.43,-2.419250293285572,0.0035856503189691386,6.383149687841486,1.65154549974835,-0.03221588832392834,-4.160165752508434,0.0,-20.0,-20.0,110.0,-4.926245424030811
444,4.44,-2.4279155390239735,0.0045417530528092725,6.37272790384134,1.6515508027677377,-0.0319454191142988,-4.169565472215433,0.0,-20.0,-20.0,110.0,-4.920592421982159
445,4.45,-2.436580784762375,0.005497855786649594,6.362306119841193,1.651556061505389,-0.03167494903175072,-4.1789651918725745,0.0,-20.0,-20.0,110.0,-4.914963169485258
446,4.46,-2.445246030500776,0.006453958520490107,6.351884335841047,1.6515612759611595,-0.031404478083533895,-4.188364911480275,0.0,-20.0,-20.0,110.0,-4.909357723017706
447,4.47,-2.4539112762391775,0.007410061254330809,6.3414625518409,1.6515664461349082,-0.031134006276898128,-4.197764631038954,0.0,-20.0,-20.0,110.0,-4.903776138897634
448,4.48,-2.462576521977579,0.008366163988171698,6.331040767840753,1.6515715720264934,-0.030863533619093456,-4.207164350549029,0.0,-20.0,-20.0,110.0,-4.898218473279909
449,4.49,-2.47124176771598,0.00932226672201278,6.320618983840607,1.6515766536357779,-0.030593060117369918,-4.216564070010918,0.0,-20.0,-20.0,110.0,-4.892684782152301
450,4.5,-2.4799070134543815,0.010278369455854051,6.31019719984046,1.6515816909626209,-0.030322585778977347,-4.225963789425039,0.0,-20.0,-20.0,110.0,-4.887175121331635
451,4.51,-2.488572259192783,0.011234472189695512,6.299775415840314,1.6515866840068862,-0.030052110611165785,-4.235363508791812,0.0,-20.0,-20.0,110.0,-4.881689546459917
452,4.5200000000000005,-2.497237504931184,0.012190574923537163,6.289353631840167,1.6515916327684375,-0.02978163462118533,-4.244763228111651,0.0,-20.0,-20.0,110.0,-4.876228113000434
453,4.53,-2.5059027506695855,0.013146677657378997,6.2789318478400205,1.6515965372471408,-0.029511157816285948,-4.254162947384979,0.0,-20.0,-20.0,110.0,-4.8707908762338405
454,4.54,-2.514567996407987,0.014102780391221027,6.268510063839874,1.6516013974428618,-0.029240680203717822,-4.263562666612209,0.0,-20.0,-20.0,110.0,-4.865377891254203
455,4.55,-2.523233242146388,0.015058883125063243,6.258088279839727,1.6516062133554679,-0.028970201790730857,-4.272962385793764,0.0,-20.0,-20.0,110.0,-4.859989212965055
456,4.5600000000000005,-2.5318984878847894,0.01601498585890565,6.247666495839581,1.6516109849848286,-0.02869972258457527,-4.282362104930057,0.0,-20.0,-20.0,110.0,-4.854624896075392
457,4.57,-2.5405637336231908,0.016971088592748245,6.237244711839434,1.6516157123308124,-0.028429242592500938,-4.291761824021509,0.0,-20.0,-20.0,110.0,-4.849284995095678
458,4.58,-2.549228979361592,0.017927191326591034,6.2268229278392875,1.6516203953932915,-0.02815876182175827,-4.301161543068537,0.0,-20.0,-20.0,110.0,-4.8439695643338085
459,4.59,-2.5578942250999934,0.01888329406043401,6.216401143839141,1.651625034172138,-0.027888280279597364,-4.310561262071558,0.0,-20.0,-20.0,110.0,-4.838678657891066
460,4.6000000000000005,-2.5665594708383948,0.019839396794277174,6.205979359838994,1.6516296286672245,-0.027617797973268427,-4.31996098103099,0.0,-20.0,-20.0,110.0,-4.833412329658043
461,4.61,-2.575224716576796,0.02079549952812053,6.195557575838848,1.6516341788784261,-0.027347314910021642,-4.3293606999472525,0.0,-20.0,-20.0,110.0,-4.828170633310556
462,4.62,-2.5838899623151974,0.02175160226196407,6.185135791838701,1.651638684805619,-0.02707683109710735,-4.338760418820762,0.0,-20.0,-20.0,110.0,-4.82295362230553
463,4.63,-2.5925552080535987,0.022707704995807806,6.1747140078385545,1.651643146448681,-0.026806346541775883,-4.348160137651938,0.0,-20.0,-20.0,110.0,-4.81776134987687
464,4.64,-2.601220453792,0.023663807729651726,6.164292223838408,1.6516475638074888,-0.026535861251277267,-4.357559856441197,0.0,-20.0,-20.0,110.0,-4.812593869031301
465,4.65,-2.6098856995304014,0.02461991046349584,6.153870439838261,1.6516519368819218,-0.02626537523286183,-4.366959575188959,0.0,-20.0,-20.0,110.0,-4.807451232544213
466,4.66,-2.6185509452688027,0.025576013197340142,6.143448655838115,1.651656265671858,-0.02599488849377985,-4.376359293895632,0.0,-20.0,-20.0,110.0,-4.802333492955457
467,4.67,-2.627216191007204,0.026532115931184635,6.133026871837968,1.6516605501771853,-0.025724401041281937,-4.385759012561652,0.0,-20.0,-20.0,110.0,-4.797240702565137
468,4.68,-2.6358814367456054,0.027488218665029315,6.1226050878378215,1.6516647903977832,-0.02545391288261814,-4.395158731187427,0.0,-20.0,-20.0,110.0,-4.7921729134293924
469,4.69,-2.6445466824840067,0.028444321398874182,6.112183303837675,1.6516689863335359,-0.025183424025039043,-4.404558449773374,0.0,-20.0,-20.0,110.0,-4.787130177356139
470,4.7,-2.653211928222408,0.02940042413271924,6.101761519837528,1.6516731379843281,-0.024912934475794967,-4.413958168319912,0.0,-20.0,-20.0,110.0,-4.782112545900822
471,4.71,-2.6618771739608094,0.030356526866564496,6.091339735837382,1.651677245350047,-0.02464244424213623,-4.423357886827462,0.0,-20.0,-20.0,110.0,-4.777120070362116
472,4.72,-2.6705424196992107,0.03131262960040993,6.080917951837235,1.6516813084305804,-0.024371953331313312,-4.432757605296438,0.0,-20.0,-20.0,110.0,-4.772152801777646
473,4.73,-2.679207665437612,0.03226873233425556,6.070496167837089,1.651685327225816,-0.024101461750576595,-4.442157323727262,0.0,-20.0,-20.0,110.0,-4.767210790919657
474,4.74,-2.6878729111760133,0.03322483506810138,6.060074383836942,1.6516893017356453,-0.02383096950717694,-4.45155704212035,0.0,-20.0,-20.0,110.0,-4.762294088290695
475,4.75,-2.6965381569144147,0.034180937801947385,6.049652599836795,1.6516932319599595,-0.023560476608364637,-4.46095676047612,0.0,-20.0,-20.0,110.0,-4.757402744119244
476,4.76,-2.705203402652816,0.03513704053579358,6.039230815836649,1.65169711789865,-0.023289983061390098,-4.470356478794989,0.0,-20.0,-20.0,110.0,-4.752536808355391
477,4.7700000000000005,-2.7138686483912173,0.03609314326963997,6.028809031836502,1.6517009595516108,-0.0230194888735038,-4.479756197077377,0.0,-20.0,-20.0,110.0,-4.74769633066641
478,4.78,-2.7225338941296187,0.037049246003486545,6.018387247836356,1.6517047569187358,-0.022748994051956017,-4.489155915323702,0.0,-20.0,-20.0,110.0,-4.7428813604324045
479,4.79,-2.73119913986802,0.038005348737333314,6.007965463836209,1.6517085099999207,-0.022478498603997615,-4.498555633534379,0.0,-20.0,-20.0,110.0,-4.738091946741877
480,4.8,-2.7398643856064213,0.03896145147118027,5.997543679836062,1.6517122187950632,-0.022208002536879063,-4.507955351709829,0.0,-20.0,-20.0,110.0,-4.733328138387314
481,4.8100000000000005,-2.7485296313448226,0.03991755420502741,5.987121895835916,1.6517158833040622,-0.0219375058578511,-4.51735506985047,0.0,-20.0,-20.0,110.0,-4.728589983860757
482,4.82,-2.757194877083224,0.04087365693887474,5.976700111835769,1.651719503526817,-0.02166700857416446,-4.52675478795672,0.0,-20.0,-20.0,110.0,-4.72387753134934
483,4.83,-2.7658601228216253,0.04182975967272227,5.966278327835623,1.6517230794632287,-0.021396510693069724,-4.536154506028996,0.0,-20.0,-20.0,110.0,-4.7191908287308415
484,4.84,-2.7745253685600266,0.04278586240656998,5.955856543835476,1.6517266111131987,-0.021126012221817318,-4.545554224067717,0.0,-20.0,-20.0,110.0,-4.714529923569203
485,4.8500000000000005,-2.783190614298428,0.043741965140417886,5.945434759835329,1.651730098476629,-0.02085551316765794,-4.554953942073301,0.0,-20.0,-20.0,110.0,-4.709894863110046
486,4.86,-2.7918558600368293,0.04469806787426597,5.935012975835183,1.6517335415534242,-0.02058501353784207,-4.564353660046165,0.0,-20.0,-20.0,110.0,-4.70528569427617
487,4.87,-2.8005211057752306,0.045654170608114254,5.924591191835036,1.6517369403434898,-0.020314513339620567,-4.573753377986729,0.0,-20.0,-20.0,110.0,-4.70070246366305
488,4.88,-2.809186351513632,0.04661027334196273,5.91416940783489,1.6517402948467323,-0.020044012580244228,-4.58315309589541,0.0,-20.0,-20.0,110.0,-4.696145217534314
489,4.89,-2.8178515972520333,0.047566376075811385,5.903747623834743,1.6517436050630607,-0.019773511266963823,-4.592552813772625,0.0,-20.0,-20.0,110.0,-4.691614001817211
490,4.9,-2.8265168429904346,0.048522478809660236,5.8933258398345965,1.6517468709923826,-0.019503009407030043,-4.601952531618791,0.0,-20.0,-20.0,110.0,-4.687108862098075
491,4.91,-2.835182088728836,0.04947858154350927,5.88290405583445,1.651750092634608,-0.019232507007693505,-4.6113522494343275,0.0,-20.0,-20.0,110.0,-4.6826298436177805
492,4.92,-2.8438473344672373,0.050434684277358505,5.872482271834303,1.6517532699896476,-0.018962004076204794,-4.620751967219655,0.0,-20.0,-20.0,110.0,-4.6781769912671765
493,4.93,-2.8525125802056386,0.051390787011207924,5.862060487834157,1.6517564030574146,-0.018691500619814953,-4.630151684975191,0.0,-20.0,-20.0,110.0,-4.673750349582524
494,4.94,-2.86117782594404,0.05234688974505753,5.85163870383401,1.651759491837823,-0.018420996645774818,-4.63955140270135,0.0,-20.0,-20.0,110.0,-4.669349962740925
495,4.95,-2.8698430716824412,0.05330299247890733,5.8412169198338635,1.6517625363307868,-0.018150492161335106,-4.6489511203985545,0.0,-20.0,-20.0,110.0,-4.664975874555742
496,4.96,-2.8785083174208426,0.05425909521275732,5.830795135833717,1.6517655365362232,-0.01787998717374669,-4.6583508380672205,0.0,-20.0,-20.0,110.0,-4.660628128472009
497,4.97,-2.887173563159244,0.055215197946607494,5.82037335183357,1.6517684924540488,-0.017609481690260432,-4.667750555707766,0.0,-20.0,-20.0,110.0,-4.656306767561835
498,4.98,-2.8958388088976452,0.056171300680457864,5.809951567833424,1.6517714040841813,-0.017338975718127047,-4.677150273320611,0.0,-20.0,-20.0,110.0,-4.652011834519814
499,4.99,-2.9045040546360466,0.057127403414308414,5.799529783833277,1.6517742714265409,-0.017068469264597486,-4.686549990906171,0.0,-20.0,-20.0,110.0,-4.647743371658407
500,5.0,-2.913169300374448,0.05808350614815916,5.7891079998331305,1.6517770944810481,-0.016797962336922587,-4.695949708464865,0.0,-20.0,-20.0,110.0,-4.643501420903348
501,5.01,-2.921834546112849,0.05903960888201009,5.778686215832984,1.6517798732476259,-0.01652745494235341,-4.705349425997111,0.0,-20.0,-20.0,110.0,-4.639286023789017
502,5.0200000000000005,-2.9304997918512505,0.059995711615861216,5.768264431832837,1.6517826077261966,-0.016256947088140638,-4.71474914350333,0.0,-20.0,-20.0,110.0,-4.635097221453831
503,5.03,-2.939165037589652,0.06095181434971253,5.757842647832691,1.6517852979166838,-0.01598643878153523,-4.724148860983938,0.0,-20.0,-20.0,110.0,-4.6309350546356205
504,5.04,-2.947830283328053,0.06190791708356403,5.747420863832544,1.6517879438190135,-0.015715930029787994,-4.733548578439351,0.0,-20.0,-20.0,110.0,-4.626799563667009
505,5.05,-2.9564955290664545,0.06286401981741573,5.7369990798323975,1.6517905454331119,-0.01544542084015009,-4.74294829586999,0.0,-20.0,-20.0,110.0,-4.622690788470786
506,5.0600000000000005,-2.965160774804856,0.06382012255126761,5.726577295832251,1.651793102758908,-0.015174911219872474,-4.752348013276269,0.0,-20.0,-20.0,110.0,-4.618608768555288
507,5.07,-2.973826020543257,0.06477622528511968,5.716155511832104,1.6517956157963312,-0.014904401176206162,-4.76174773065861,0.0,-20.0,-20.0,110.0,-4.614553543009761
508,5.08,-2.9824912662816585,0.06573232801897194,5.705733727831958,1.6517980845453093,-0.014633890716401822,-4.771147448017429,0.0,-20.0,-20.0,110.0,-4.61052515049974
509,5.09,-2.99115651202006,0.06668843075282439,5.695311943831811,1.651800509005775,-0.014363379847710462,-4.780547165353147,0.0,-20.0,-20.0,110.0,-4.606523629262426
510,5.1000000000000005,-2.999821757758461,0.06764453348667704,5.684890159831665,1.6518028891776602,-0.014092868577383205,-4.789946882666179,0.0,-20.0,-20.0,110.0,-4.602549017102051
511,5.11,-3.0084870034968625,0.06860063622052986,5.674468375831518,1.6518052250608997,-0.013822356912671082,-4.7993465999569445,0.0,-20.0,-20.0,110.0,-4.5986013513852635
512,5.12,-3.017152249235264,0.06955673895438289,5.664046591831371,1.651807516655428,-0.013551844860825108,-4.808746317225862,0.0,-20.0,-20.0,110.0,-4.594680669036501
513,5.13,-3.025817494973665,0.0705128416882361,5.653624807831225,1.6518097639611813,-0.013281332429096387,-4.818146034473349,0.0,-20.0,-20.0,110.0,-4.590787006533367
514,5.14,-3.0344827407120665,0.07146894442208948,5.643203023831078,1.651811966978096,-0.013010819624735671,-4.827545751699824,0.0,-20.0,-20.0,110.0,-4.58692039990203
515,5.15,-3.043147986450468,0.07242504715594307,5.632781239830932,1.651814125706111,-0.012740306454994204,-4.836945468905705,0.0,-20.0,-20.0,110.0,-4.583080884712592
516,5.16,-3.051813232188869,0.07338114988979685,5.622359455830785,1.651816240145166,-0.012469792927122933,-4.846345186091414,0.0,-20.0,-20.0,110.0,-4.579268496074496
517,5.17,-3.0604784779272705,0.07433725262365082,5.611937671830638,1.6518183102952022,-0.012199279048373127,-4.8557449032573645,0.0,-20.0,-20.0,110.0,-4.575483268631918
518,5.18,-3.069143723665672,0.07529335535750498,5.601515887830492,1.6518203361561625,-0.011928764825996037,-4.865144620403976,0.0,-20.0,-20.0,110.0,-4.571725236559166
519,5.19,-3.077808969404073,0.07624945809135932,5.591094103830345,1.651822317727988,-0.011658250267242489,-4.874544337531667,0.0,-20.0,-20.0,110.0,-4.567994433556105
520,5.2,-3.0864742151424744,0.07720556082521385,5.580672319830199,1.6518242550106252,-0.011387735379363564,-4.883944054640856,0.0,-20.0,-20.0,110.0,-4.564290892843555
521,5.21,-3.0951394608808758,0.07816166355906858,5.570250535830052,1.6518261480040186,-0.011117220169610413,-4.89334377173196,0.0,-20.0,-20.0,110.0,-4.560614647158728
522,5.22,-3.103804706619277,0.07911776629292348,5.559828751829905,1.6518279967081144,-0.010846704645234025,-4.902743488805397,0.0,-20.0,-20.0,110.0,-4.556965728750655
523,5.23,-3.1124699523576784,0.08007386902677859,5.549406967829759,1.6518298011228607,-0.010576188813485578,-4.912143205861589,0.0,-20.0,-20.0,110.0,-4.553344169375635
524,5.24,-3.1211351980960798,0.08102997176063388,5.538985183829612,1.6518315612482066,-0.01030567268161612,-4.921542922900948,0.0,-20.0,-20.0,110.0,-4.549750000292681
525,5.25,-3.129800443834481,0.08198607449448936,5.528563399829466,1.6518332770841035,-0.01003515625687702,-4.930942639923898,0.0,-20.0,-20.0,110.0,-4.546183252258978
526,5.26,-3.1384656895728824,0.08294217722834503,5.518141615829319,1.6518349486305017,-0.009764639546519427,-4.940342356930855,0.0,-20.0,-20.0,110.0,-4.542643955525366
527,5.2700000000000005,-3.1471309353112837,0.0838982799622009,5.5077198318291725,1.6518365758873548,-0.00949412255779433,-4.949742073922239,0.0,-20.0,-20.0,110.0,-4.539132139831813
528,5.28,-3.155796181049685,0.08485438269605694,5.497298047829026,1.6518381588546156,-0.009223605297952894,-4.959141790898466,0.0,-20.0,-20.0,110.0,-4.5356478344029245
529,5.29,-3.1644614267880864,0.08581048542991318,5.486876263828879,1.6518396975322394,-0.00895308777424627,-4.968541507859957,0.0,-20.0,-20.0,110.0,-4.532191067943435
530,5.3,-3.1731266725264877,0.08676658816376961,5.476454479828733,1.6518411919201827,-0.00868256999392592,-4.977941224807125,0.0,-20.0,-20.0,110.0,-4.528761868633749
531,5.3100000000000005,-3.181791918264889,0.08772269089762623,5.466032695828586,1.6518426420184031,-0.008412051964242807,-4.987340941740392,0.0,-20.0,-20.0,110.0,-4.525360264125466
532,5.32,-3.1904571640032904,0.08867879363148304,5.4556109118284395,1.6518440478268586,-0.008141533692448149,-4.996740658660174,0.0,-20.0,-20.0,110.0,-4.521986281536937
533,5.33,-3.1991224097416917,0.08963489636534003,5.445189127828293,1.6518454093455088,-0.007871015185793142,-5.006140375566891,0.0,-20.0,-20.0,110.0,-4.5186399474488255
534,5.34,-3.207787655480093,0.09059099909919723,5.434767343828146,1.6518467265743149,-0.007600496451528989,-5.015540092460959,0.0,-20.0,-20.0,110.0,-4.515321287899701
535,5.3500000000000005,-3.2164529012184944,0.0915471018330546,5.424345559828,1.651847999513239,-0.007329977496907027,-5.0249398093428015,0.0,-20.0,-20.0,110.0,-4.5120303283816305
536,5.36,-3.2251181469568957,0.09250320456691218,5.413923775827853,1.6518492281622454,-0.0070594583291785935,-5.034339526212832,0.0,-20.0,-20.0,110.0,-4.5087670938358055
537,5.37,-3.233783392695297,0.09345930730076993,5.4035019918277065,1.651850412521298,-0.006788938955594814,-5.04373924307147,0.0,-20.0,-20.0,110.0,-4.505531608648159
538,5.38,-3.2424486384336983,0.09441541003462788,5.39308020782756,1.6518515525903614,-0.006518419383406704,-5.053138959919133,0.0,-20.0,-20.0,110.0,-4.502323896645043
539,5.39,-3.2511138841720997,0.095371512768486,5.382658423827413,1.6518526483694036,-0.006247899619865587,-5.062538676756239,0.0,-20.0,-20.0,110.0,-4.4991439810888885
540,5.4,-3.259779129910501,0.09632761550234432,5.372236639827267,1.6518536998583915,-0.005977379672222602,-5.0719383935832045,0.0,-20.0,-20.0,110.0,-4.495991884673902
541,5.41,-3.2684443756489023,0.09728371823620284,5.36181485582712,1.6518547070572949,-0.00570685954772921,-5.081338110400451,0.0,-20.0,-20.0,110.0,-4.492867629521783
542,5.42,-3.2771096213873037,0.09823982097006154,5.3513930718269735,1.6518556699660838,-0.00543633925363655,-5.090737827208395,0.0,-20.0,-20.0,110.0,-4.489771237177459
543,5.43,-3.285774867125705,0.09919592370392044,5.340971287826827,1.6518565885847305,-0.005165818797196046,-5.100137544007453,0.0,-20.0,-20.0,110.0,-4.486702728604842
544,5.44,-3.2944401128641063,0.10015202643777953,5.33054950382668,1.6518574629132068,-0.004895298185658835,-5.109537260798048,0.0,-20.0,-20.0,110.0,-4.483662124182618
545,5.45,-3.3031053586025076,0.10110812917163879,5.320127719826534,1.6518582929514838,-0.00462477742627618,-5.118936977580582,0.0,-20.0,-20.0,110.0,-4.48064944370004
546,5.46,-3.311770604340909,0.10206423190549826,5.309705935826387,1.6518590786995442,-0.00435425652629968,-5.128336694355499,0.0,-20.0,-20.0,110.0,-4.477664706352765
547,5.47,-3.3204358500793103,0.10302033463935792,5.299284151826241,1.6518598201573602,-0.004083735492980236,-5.137736411123208,0.0,-20.0,-20.0,110.0,-4.474707930738706
548,5.48,-3.3291010958177116,0.10397643737321775,5.288862367826094,1.6518605173249086,-0.003813214333569173,-5.147136127884122,0.0,-20.0,-20.0,110.0,-4.471779134853915
549,5.49,-3.337766341556113,0.10493254010707778,5.278440583825947,1.6518611702021702,-0.0035426930553180383,-5.156535844638661,0.0,-20.0,-20.0,110.0,-4.468878336088484
550,5.5,-3.3464315872945143,0.105888642840938,5.268018799825801,1.6518617787891234,-0.0032721716654779704,-5.165935561387245,0.0,-20.0,-20.0,110.0,-4.4660055512224766
551,5.51,-3.3550968330329156,0.10684474557479841,5.257597015825654,1.6518623430857489,-0.0030016501713000707,-5.175335278130292,0.0,-20.0,-20.0,110.0,-4.463160796421896
552,5.5200000000000005,-3.363762078771317,0.107800848308659,5.247175231825508,1.6518628630920296,-0.0027311285800357245,-5.18473499486822,0.0,-20.0,-20.0,110.0,-4.460344087234662
553,5.53,-3.3724273245097183,0.1087569510425198,5.236753447825361,1.6518633388079471,-0.002460606898936071,-5.194134711601446,0.0,-20.0,-20.0,110.0,-4.4575554385866365
554,5.54,-3.3810925702481196,0.10971305377638077,5.226331663825214,1.6518637702334882,-0.0021900851352528315,-5.203534428330391,0.0,-20.0,-20.0,110.0,-4.454794864777668
555,5.55,-3.389757815986521,0.11066915651024194,5.215909879825068,1.6518641573686383,-0.0019195632962372186,-5.21293414505547,0.0,-20.0,-20.0,110.0,-4.4520623794776615
556,5.5600000000000005,-3.3984230617249223,0.1116252592441033,5.205488095824921,1.6518645002133832,-0.001649041389140295,-5.222333861777099,0.0,-20.0,-20.0,110.0,-4.449357995722699
557,5.57,-3.4070883074633236,0.11258136197796484,5.195066311824775,1.651864798767712,-0.0013785194212135106,-5.231733578495702,0.0,-20.0,-20.0,110.0,-4.446681725911168
558,5.58,-3.415753553201725,0.11353746471182657,5.184644527824628,1.6518650530316128,-0.0011079973997079277,-5.241133295211693,0.0,-20.0,-20.0,110.0,-4.444033581799931
559,5.59,-3.4244187989401262,0.1144935674456885,5.174222743824481,1.651865263005076,-0.0008374753318750947,-5.2505330119254925,0.0,-20.0,-20.0,110.0,-4.441413574500536
560,5.6000000000000005,-3.4330840446785276,0.11544967017955061,5.163800959824335,1.6518654286880958,-0.0005669532249666713,-5.259932728637519,0.0,-20.0,-20.0,110.0,-4.438821714475453
561,5.61,-3.441749290416929,0.11640577291341292,5.153379175824188,1.6518655500806627,-0.0002964310862337206,-5.269332445348189,0.0,-20.0,-20.0,110.0,-4.436258011534335
562,5.62,-3.4504145361553302,0.11736187564727542,5.142957391824042,1.6518656271827714,-2.5908922927343443e-05,-5.27873216205792,0.0,-20.0,-20.0,110.0,-4.433722474830333
563,5.63,-3.4590797818937316,0.1183179783811381,5.132535607823895,1.6518656599944177,0.0002446132577009,-5.288131878767131,0.0,-20.0,-20.0,110.0,-4.431215112856435
564,5.64,-3.467745027632133,0.11927408111500097,5.1221138238237485,1.6518656485155974,0.000515135448399822,-5.297531595476243,0.0,-20.0,-20.0,110.0,-4.428735933441838
565,5.65,-3.476410273370534,0.12023018384886404,5.111692039823602,1.6518655927463084,0.0007856576419178749,-5.30693131218567,0.0,-20.0,-20.0,110.0,-4.426284943748364
566,5.66,-3.4850755191089355,0.12118628658272729,5.101270255823455,1.651865492686549,0.001056179831003933,-5.316331028895834,0.0,-20.0,-20.0,110.0,-4.423862150266911
567,5.67,-3.493740764847337,0.12214238931659073,5.090848471823309,1.6518653483363204,0.001326702008406635,-5.325730745607151,0.0,-20.0,-20.0,110.0,-4.421467558813929
568,5.68,-3.502406010585738,0.12309849205045435,5.080426687823161,1.6518651596956226,0.0015972241668747807,-5.33513046232004,0.0,-20.0,-20.0,110.0,-4.419101174527966
569,5.69,-3.5110712563241395,0.12405459478431817,5.070004903823014,1.6518649267644563,0.0018677462991571578,-5.344530179034923,0.0,-20.0,-20.0,110.0,-4.416763001866216
570,5.7,-3.519736502062541,0.12501069751818217,5.059583119822866,1.6518646495428269,0.002138268398002305,-5.353929895752212,0.0,-20.0,-20.0,110.0,-4.414453044601126
571,5.71,-3.528401747800942,0.12596680025204637,5.049161335822719,1.6518643280307386,0.0024087904561586877,-5.363329612472326,0.0,-20.0,-20.0,110.0,-4.412171305817045
572,5.72,-3.5370669935393435,0.12692290298591077,5.038739551822571,1.6518639622281983,0.0026793124663748937,-5.372729329195686,0.0,-20.0,-20.0,110.0,-4.4099177879069
573,5.73,-3.545732239277745,0.12787900571977534,5.028317767822424,1.6518635521352125,0.0029498344213998973,-5.382129045922711,0.0,-20.0,-20.0,110.0,-4.40769249256893
574,5.74,-3.554397485016146,0.1288351084536401,5.017895983822276,1.6518630977517892,0.0032203563139823,-5.3915287626538175,0.0,-20.0,-20.0,110.0,-4.405495420803446
575,5.75,-3.5630627307545475,0.12979121118750506,5.007474199822129,1.6518625990779374,0.0034908781368709133,-5.400928479389421,0.0,-20.0,-20.0,110.0,-4.4033265729096405
576,5.76,-3.571727976492949,0.1307473139213702,4.997052415821981,1.651862056113668,0.003761399882814289,-5.410328196129943,0.0,-20.0,-20.0,110.0,-4.401185948482452
577,5.7700000000000005,-3.58039322223135,0.13170341665523555,4.986630631821834,1.651861468858993,0.004031921544561164,-5.419727912875802,0.0,-20.0,-20.0,110.0,-4.399073546409437
578,5.78,-3.5890584679697515,0.1326595193891011,4.976208847821686,1.651860837313924,0.004302443114860329,-5.4291276296274145,0.0,-20.0,-20.0,110.0,-4.396989364867731
579,5.79,-3.597723713708153,0.1336156221229668,4.965787063821539,1.6518601614784763,0.0045729645864603435,-5.438527346385201,0.0,-20.0,-20.0,110.0,-4.394933401321017
580,5.8,-3.606388959446554,0.1345717248568327,4.955365279821391,1.6518594413526657,0.004843485952109787,-5.447927063149576,0.0,-20.0,-20.0,110.0,-4.392905652516567
581,5.8100000000000005,-3.6150542051849555,0.13552782759069879,4.944943495821244,1.6518586769365082,0.005114007204557283,-5.457326779920961,0.0,-20.0,-20.0,110.0,-4.3909061144823
582,5.82,-3.623719450923357,0.13648393032456507,4.9345217118210964,1.6518578682300216,0.00538452833655167,-5.466726496699772,0.0,-20.0,-20.0,110.0,-4.388934782523917
583,5.83,-3.632384696661758,0.13744003305843155,4.924099927820949,1.6518570152332246,0.005655049340841759,-5.476126213486429,0.0,-20.0,-20.0,110.0,-4.386991651222053
584,5.84,-3.6410499424001594,0.1383961357922982,4.9136781438208015,1.6518561179461366,0.0059255702101762885,-5.485525930281352,0.0,-20.0,-20.0,110.0,-4.385076714429498
585,5.8500000000000005,-3.6497151881385608,0.13935223852616505,4.903256359820654,1.6518551763687794,0.006196090937303835,-5.494925647084956,0.0,-20.0,-20.0,110.0,-4.383189965268458
586,5.86,-3.658380433876962,0.14030834126003208,4.8928345758205065,1.651854190501176,0.006466611514973034,-5.504325363897659,0.0,-20.0,-20.0,110.0,-4.3813313961278535
587,5.87,-3.6670456796153634,0.1412644439938993,4.882412791820359,1.65185316034335,0.006737131935932639,-5.5137250807198805,0.0,-20.0,-20.0,110.0,-4.379500998660683
588,5.88,-3.6757109253537648,0.14222054672776674,4.8719910078202115,1.6518520858953247,0.007007652192931386,-5.5231247975520406,0.0,-20.0,-20.0,110.0,-4.377698763781426
589,5.89,-3.684376171092166,0.14317664946163436,4.861569223820064,1.6518509671571266,0.007278172278718161,-5.532524514394555,0.0,-20.0,-20.0,110.0,-4.375924681663498
590,5.9,-3.6930414168305674,0.14413275219550215,4.851147439819917,1.6518498041287835,0.0075486921860416145,-5.541924231247845,0.0,-20.0,-20.0,110.0,-4.374178741736739
591,5.91,-3.7017066625689687,0.14508885492937013,4.840725655819769,1.6518485968103231,0.007819211907650407,-5.5513239481123255,0.0,-20.0,-20.0,110.0,-4.372460932684991
592,5.92,-3.71037190830737,0.1460449576632383,4.830303871819622,1.651847345201772,0.00808973143629312,-5.5607236649884015,0.0,-20.0,-20.0,110.0,-4.370771242443683
593,5.93,-3.7190371540457714,0.14700106039710667,4.819882087819474,1.6518460493031673,0.008360250764718635,-5.570123381876519,0.0,-20.0,-20.0,110.0,-4.369109658197482
594,5.94,-3.7277023997841727,0.14795716313097523,4.809460303819327,1.6518447091145376,0.00863076988567569,-5.579523098777082,0.0,-20.0,-20.0,110.0,-4.3674761663780135
595,5.95,-3.736367645522574,0.148913265864844,4.799038519819179,1.6518433246359165,0.008901288791912827,-5.588922815690509,0.0,-20.0,-20.0,110.0,-4.365870752661607
596,5.96,-3.7450328912609754,0.14986936859871292,4.788616735819032,1.6518418958673378,0.00917180747617909,-5.59832253261722,0.0,-20.0,-20.0,110.0,-4.364293401967103
597,5.97,-3.7536981369993767,0.15082547133258203,4.778194951818884,1.6518404228088368,0.009442325931223301,-5.607722249557633,0.0,-20.0,-20.0,110.0,-4.362744098453713
598,5.98,-3.762363382737778,0.15178157406645135,4.767773167818737,1.6518389054604492,0.009712844149794066,-5.617121966512163,0.0,-20.0,-20.0,110.0,-4.361222825518937
599,5.99,-3.7710286284761794,0.15273767680032085,4.757351383818589,1.6518373438222138,0.009983362124640181,-5.626521683481232,0.0,-20.0,-20.0,110.0,-4.359729565796524
600,6.0,-3.7796938742145807,0.15369377953419056,4.746929599818442,1.6518357378941693,0.010253879848510457,-5.635921400465255,0.0,-20.0,-20.0,110.0,-4.35826430115449
601,6.01,-3.788359119952982,0.15464988226806045,4.736507815818294,1.6518340876763566,0.010524397314153383,-5.645321117464654,0.0,-20.0,-20.0,110.0,-4.356827012693191
602,6.0200000000000005,-3.7970243656913834,0.1556059850019305,4.726086031818147,1.6518323931688166,0.010794914514317832,-5.654720834479844,0.0,-20.0,-20.0,110.0,-4.355417680743447
603,6.03,-3.8056896114297847,0.15656208773580077,4.715664247817999,1.6518306543715913,0.011065431441752914,-5.664120551511245,0.0,-20.0,-20.0,110.0,-4.354036284864715
604,6.04,-3.814354857168186,0.15751819046967122,4.705242463817852,1.6518288712847242,0.011335948089207291,-5.673520268559274,0.0,-20.0,-20.0,110.0,-4.352682803843335
605,6.05,-3.8230201029065873,0.15847429320354187,4.694820679817704,1.65182704390826,0.011606464449429898,-5.6829199856243475,0.0,-20.0,-20.0,110.0,-4.351357215690806
606,6.0600000000000005,-3.8316853486449887,0.1594303959374127,4.684398895817557,1.651825172242246,0.011876980515169324,-5.692319702706888,0.0,-20.0,-20.0,110.0,-4.350059497642131
607,6.07,-3.84035059438339,0.1603864986712837,4.673977111817409,1.6518232562867285,0.012147496279174353,-5.701719419807311,0.0,-20.0,-20.0,110.0,-4.348789626154218
608,6.08,-3.8490158401217913,0.1613426014051549,4.663555327817262,1.6518212960417569,0.012418011734193796,-5.711119136926033,0.0,-20.0,-20.0,110.0,-4.347547576904319
609,6.09,-3.8576810858601926,0.1622987041390263,4.653133543817114,1.65181929150738,0.012688526872976565,-5.720518854063477,0.0,-20.0,-20.0,110.0,-4.346333324788556
610,6.1000000000000005,-3.866346331598594,0.1632548068728979,4.642711759816967,1.6518172426836477,0.012959041688271694,-5.729918571220056,0.0,-20.0,-20.0,110.0,-4.345146843920466
611,6.11,-3.8750115773369953,0.16421090960676968,4.6322899758168194,1.6518151495706141,0.013229556172827743,-5.73931828839619,0.0,-20.0,-20.0,110.0,-4.343988107629629
612,6.12,-3.8836768230753966,0.16516701234064166,4.621868191816672,1.6518130121683317,0.013500070319393638,-5.748718005592298,0.0,-20.0,-20.0,110.0,-4.342857088460339
613,6.13,-3.892342068813798,0.1661231150745138,4.6114464078165245,1.6518108304768533,0.01377058412071851,-5.758117722808799,0.0,-20.0,-20.0,110.0,-4.341753758170333
614,6.140000000000001,-3.9010073145521993,0.16707921780838614,4.601024623816377,1.6518086044962355,0.014041097569550971,-5.7675174400461096,0.0,-20.0,-20.0,110.0,-4.340678087729576
615,6.15,-3.9096725602906006,0.16803532054225867,4.5906028398162295,1.6518063342265348,0.014311610658640103,-5.776917157304647,0.0,-20.0,-20.0,110.0,-4.3396300473191065
616,6.16,-3.918337806029002,0.1689914232761314,4.580181055816082,1.6518040196678088,0.014582123380734635,-5.786316874584831,0.0,-20.0,-20.0,110.0,-4.338609606329928
617,6.17,-3.9270030517674033,0.16994752601000432,4.5697592718159346,1.6518016608201176,0.014852635728583648,-5.795716591887081,0.0,-20.0,-20.0,110.0,-4.337616733361969
618,6.18,-3.9356682975058046,0.17090362874387743,4.559337487815787,1.6517992576835199,0.015123147694936084,-5.805116309211815,0.0,-20.0,-20.0,110.0,-4.336651396223091
619,6.19,-3.944333543244206,0.17185973147775072,4.54891570381564,1.6517968102580785,0.015393659272540524,-5.814516026559449,0.0,-20.0,-20.0,110.0,-4.335713561928157
620,6.2,-3.9529987889826073,0.1728158342116242,4.538493919815492,1.6517943185438555,0.01566417045414606,-5.823915743930402,0.0,-20.0,-20.0,110.0,-4.334803196698155
621,6.21,-3.9616640347210086,0.17377193694549786,4.528072135815345,1.6517917825409139,0.0159346812325019,-5.833315461325093,0.0,-20.0,-20.0,110.0,-4.3339202659593745
622,6.22,-3.97032928045941,0.17472803967937173,4.517650351815197,1.6517892022493192,0.016205191600356824,-5.842715178743938,0.0,-20.0,-20.0,110.0,-4.333064734342648
623,6.23,-3.9789945261978112,0.1756841424132458,4.50722856781505,1.6517865776691376,0.0164757015504598,-5.852114896187358,0.0,-20.0,-20.0,110.0,-4.332236565682642
624,6.24,-3.9876597719362126,0.17664024514712004,4.496806783814902,1.6517839088004367,0.016746211075559708,-5.861514613655768,0.0,-20.0,-20.0,110.0,-4.331435723017209
625,6.25,-3.996325017674614,0.17759634788099446,4.486384999814755,1.651781195643285,0.01701672016840552,-5.8709143311495895,0.0,-20.0,-20.0,110.0,-4.3306621685867865
626,6.26,-4.004990263413015,0.17855245061486907,4.475963215814607,1.6517784381977532,0.01728722882174614,-5.880314048669239,0.0,-20.0,-20.0,110.0,-4.329915863833868
627,6.2700000000000005,-4.013655509151417,0.17950855334874388,4.46554143181446,1.6517756364639107,0.017557737028330758,-5.8897137662151335,0.0,-20.0,-20.0,110.0,-4.329196769402521
628,6.28,-4.022320754889819,0.18046465608261889,4.455119647814312,1.65177279044183,0.017828244780908314,-5.8991134837876915,0.0,-20.0,-20.0,110.0,-4.328504845137956
629,6.29,-4.0309860006282205,0.18142075881649408,4.444697863814165,1.6517699001315846,0.01809875207222787,-5.908513201387332,0.0,-20.0,-20.0,110.0,-4.3278400500861665
630,6.3,-4.039651246366622,0.18237686155036945,4.434276079814017,1.6517669655332476,0.018369258895038737,-5.917912919014475,0.0,-20.0,-20.0,110.0,-4.327202342493611
631,6.3100000000000005,-4.048316492105024,0.18333296428424503,4.42385429581387,1.6517639866468952,0.018639765242089868,-5.927312636669534,0.0,-20.0,-20.0,110.0,-4.326591679806959
632,6.32,-4.056981737843426,0.18428906701812078,4.413432511813722,1.6517609634726051,0.018910271106130007,-5.936712354352927,0.0,-20.0,-20.0,110.0,-4.326008018672894
633,6.33,-4.065646983581828,0.18524516975199673,4.403010727813575,1.6517578960104549,0.019180776479908394,-5.946112072065079,0.0,-20.0,-20.0,110.0,-4.325451314937962
634,6.34,-4.074312229320229,0.18620127248587287,4.392588943813427,1.6517547842605236,0.019451281356174115,-5.9555117898064,0.0,-20.0,-20.0,110.0,-4.324921523648488
635,6.3500000000000005,-4.082977475058631,0.1871573752197492,4.38216715981328,1.651751628222892,0.019721785727676366,-5.964911507577314,0.0,-20.0,-20.0,110.0,-4.324418599050547
636,6.36,-4.091642720797033,0.1881134779536257,4.371745375813132,1.6517484278976406,0.019992289587164324,-5.974311225378236,0.0,-20.0,-20.0,110.0,-4.323942494589975
637,6.37,-4.100307966535435,0.1890695806875024,4.361323591812985,1.6517451832848526,0.020262792927386884,-5.983710943209585,0.0,-20.0,-20.0,110.0,-4.323493162912456
638,6.38,-4.1089732122738365,0.1900256834213793,4.350901807812837,1.6517418943846123,0.020533295741093277,-5.99311066107178,0.0,-20.0,-20.0,110.0,-4.323070555863649
639,6.390000000000001,-4.117638458012238,0.19098178615525638,4.34048002381269,1.651738561197004,0.0208037980210329,-6.0025103789652405,0.0,-20.0,-20.0,110.0,-4.322674624489381
640,6.4,-4.12630370375064,0.19193788888913366,4.3300582398125425,1.651735183722114,0.021074299759954986,-6.011910096890385,0.0,-20.0,-20.0,110.0,-4.322305319035876
641,6.41,-4.134968949489042,0.19289399162301113,4.319636455812395,1.651731761960029,0.021344800950608644,-6.02130981484763,0.0,-20.0,-20.0,110.0,-4.321962588950069
642,6.42,-4.143634195227444,0.1938500943568888,4.3092146718122475,1.6517282959108393,0.021615301585742805,-6.030709532837393,0.0,-20.0,-20.0,110.0,-4.321646382879937
643,6.43,-4.152299440965845,0.1948061970907666,4.2987928878121,1.6517247855746344,0.021885801658106593,-6.04010925086009,0.0,-20.0,-20.0,110.0,-4.321356648674917
644,6.44,-4.160964686704247,0.19576229982464463,4.2883711038119525,1.6517212309515046,0.02215630116044954,-6.049508968916142,0.0,-20.0,-20.0,110.0,-4.321093333386351
645,6.45,-4.169629932442649,0.19671840255852285,4.277949319811805,1.6517176320415423,0.022426800085520667,-6.0589086870059665,0.0,-20.0,-20.0,110.0,-4.320856383268006
646,6.46,-4.178295178181051,0.19767450529240127,4.267527535811658,1.6517139888448407,0.022697298426069504,-6.06830840512998,0.0,-20.0,-20.0,110.0,-4.320645743776626
647,6.47,-4.1869604239194524,0.19863060802627988,4.25710575181151,1.651710301361495,0.022967796174845123,-6.0777081232886045,0.0,-20.0,-20.0,110.0,-4.320461359572559
648,6.48,-4.195625669657854,0.19958671076015866,4.246683967811363,1.651706569591601,0.023238293324596798,-6.087107841482253,0.0,-20.0,-20.0,110.0,-4.320303174520414
649,6.49,-4.204290915396256,0.20054281349403763,4.236262183811215,1.6517027935352542,0.02350878986807403,-6.0965075597113465,0.0,-20.0,-20.0,110.0,-4.320171131689784
650,6.5,-4.212956161134658,0.2014989162279168,4.225840399811068,1.6516989731925535,0.02377928579802609,-6.105907277976305,0.0,-20.0,-20.0,110.0,-4.320065173356013
651,6.51,-4.2216214068730595,0.20245501896179616,4.21541861581092,1.6516951085635978,0.024049781107202357,-6.115306996277541,0.0,-20.0,-20.0,110.0,-4.319985241001026
652,6.5200000000000005,-4.230286652611461,0.2034111216956757,4.204996831810773,1.651691199648488,0.02432027578835196,-6.124706714615477,0.0,-20.0,-20.0,110.0,-4.3199312753141905
653,6.53,-4.238951898349863,0.20436722442955546,4.194575047810625,1.6516872464473258,0.02459076983422435,-6.13410643299053,0.0,-20.0,-20.0,110.0,-4.319903216193244
654,6.54,-4.247617144088265,0.20532332716343538,4.184153263810478,1.6516832489602131,0.02486126323756911,-6.143506151403118,0.0,-20.0,-20.0,110.0,-4.319901002745261
655,6.55,-4.256282389826667,0.20627942989731549,4.17373147981033,1.6516792071872555,0.025131755991135388,-6.152905869853657,0.0,-20.0,-20.0,110.0,-4.319924573287687
656,6.5600000000000005,-4.264947635565068,0.2072355326311958,4.163309695810183,1.651675121128556,0.025402248087672854,-6.162305588342569,0.0,-20.0,-20.0,110.0,-4.3199738653493895
657,6.57,-4.27361288130347,0.2081916353650763,4.152887911810035,1.6516709907842222,0.025672739519930814,-6.171705306870269,0.0,-20.0,-20.0,110.0,-4.320048815671792
658,6.58,-4.282278127041872,0.20914773809895698,4.142466127809888,1.6516668161543613,0.025943230280658678,-6.181105025437176,0.0,-20.0,-20.0,110.0,-4.320149360210036
659,6.59,-4.290943372780274,0.21010384083283784,4.13204434380974,1.6516625972390833,0.026213720362605768,-6.19050474404371,0.0,-20.0,-20.0,110.0,-4.32027543413419
660,6.6000000000000005,-4.2996086185186755,0.2110599435667189,4.121622559809593,1.6516583340384967,0.026484209758521844,-6.199904462690287,0.0,-20.0,-20.0,110.0,-4.320426971830518
661,6.61,-4.308273864257077,0.21201604630060014,4.111200775809445,1.6516540265527133,0.026754698461156256,-6.209304181377326,0.0,-20.0,-20.0,110.0,-4.320603906902785
662,6.62,-4.316939109995479,0.21297214903448158,4.100778991809298,1.6516496747818452,0.027025186463258778,-6.218703900105244,0.0,-20.0,-20.0,110.0,-4.32080617217361
663,6.63,-4.325604355733881,0.21392825176836322,4.09035720780915,1.6516452787260043,0.027295673757578832,-6.228103618874458,0.0,-20.0,-20.0,110.0,-4.321033699685863
664,6.640000000000001,-4.334269601472283,0.21488435450224505,4.079935423809003,1.6516408383853074,0.027566160336865837,-6.237503337685389,0.0,-20.0,-20.0,110.0,-4.321286420704115
665,6.65,-4.342934847210684,0.21584045723612705,4.069513639808855,1.651636353759869,0.027836646193869594,-6.246903056538453,0.0,-20.0,-20.0,110.0,-4.321564265716121
666,6.66,-4.351600092949086,0.21679655997000924,4.059091855808708,1.6516318248498065,0.02810713132133957,-6.256302775434064,0.0,-20.0,-20.0,110.0,-4.321867164434356
667,6.67,-4.360265338687488,0.21775266270389163,4.04867007180856,1.6516272516552377,0.028377615712025548,-6.265702494372647,0.0,-20.0,-20.0,110.0,-4.322195045797592
668,6.68,-4.36893058442589,0.2187087654377742,4.038248287808413,1.6516226341762819,0.028648099358676925,-6.275102213354618,0.0,-20.0,-20.0,110.0,-4.322547837972513
669,6.69,-4.377595830164291,0.21966486817165698,4.0278265038082655,1.6516179724130604,0.028918582254043413,-6.284501932380395,0.0,-20.0,-20.0,110.0,-4.322925468355377
670,6.7,-4.386261075902693,0.22062097090553995,4.017404719808118,1.6516132663656944,0.029189064390874726,-6.293901651450395,0.0,-20.0,-20.0,110.0,-4.323327863573721
671,6.71,-4.394926321641095,0.22157707363942308,4.0069829358079705,1.6516085160343066,0.02945954576192062,-6.303301370565036,0.0,-20.0,-20.0,110.0,-4.323754949488104
672,6.72,-4.403591567379497,0.2225331763733064,3.996561151807823,1.6516037214190218,0.029730026359930675,-6.312701089724739,0.0,-20.0,-20.0,110.0,-4.324206651193886
673,6.73,-4.4122568131178985,0.22348927910718994,3.9861393678076755,1.651598882519965,0.03000050617765473,-6.32210080892992,0.0,-20.0,-20.0,110.0,-4.324682893023058
674,6.74,-4.4209220588563,0.22444538184107365,3.975717583807528,1.651593999337262,0.03027098520784264,-6.331500528180994,0.0,-20.0,-20.0,110.0,-4.325183598546102
675,6.75,-4.429587304594702,0.22540148457495757,3.9652957998073806,1.6515890718710406,0.030541463443244,-6.340900247478382,0.0,-20.0,-20.0,110.0,-4.32570869057389
676,6.76,-4.438252550333104,0.22635758730884167,3.954874015807233,1.65158410012143,0.030811940876608636,-6.350299966822501,0.0,-20.0,-20.0,110.0,-4.3262580911596284
677,6.7700000000000005,-4.446917796071506,0.22731369004272595,3.9444522318070856,1.6515790840885596,0.031082417500686577,-6.3596996862137685,0.0,-20.0,-20.0,110.0,-4.32683172160083
678,6.78,-4.455583041809907,0.22826979277661041,3.934030447806938,1.6515740237725614,0.03135289330822731,-6.369099405652604,0.0,-20.0,-20.0,110.0,-4.327429502441329
679,6.79,-4.464248287548309,0.22922589551049508,3.9236086638067906,1.6515689191735672,0.03162336829198096,-6.378499125139425,0.0,-20.0,-20.0,110.0,-4.328051353473326
680,6.8,-4.472913533286711,0.23018199824437993,3.913186879806643,1.651563770291711,0.03189384244469734,-6.387898844674647,0.0,-20.0,-20.0,110.0,-4.328697193739479
681,6.8100000000000005,-4.481578779025113,0.23113810097826498,3.9027650958064957,1.6515585771271264,0.03216431575912627,-6.397298564258693,0.0,-20.0,-20.0,110.0,-4.3293669415350164
682,6.82,-4.4902440247635145,0.23209420371215023,3.892343311806348,1.6515533396799504,0.03243478822801768,-6.406698283891974,0.0,-20.0,-20.0,110.0,-4.330060514409888
683,6.83,-4.498909270501916,0.23305030644603564,3.8819215278062007,1.65154805795032,0.03270525984412162,-6.416098003574916,0.0,-20.0,-20.0,110.0,-4.330777829170955
684,6.84,-4.507574516240318,0.23400640917992124,3.871499743806053,1.6515427319383733,0.03297573060018792,-6.425497723307934,0.0,-20.0,-20.0,110.0,-4.331518801884208
685,6.8500000000000005,-4.51623976197872,0.23496251191380704,3.8610779598059057,1.6515373616442506,0.03324620048896649,-6.434897443091441,0.0,-20.0,-20.0,110.0,-4.332283347877011
686,6.86,-4.524905007717122,0.23591861464769304,3.8506561758057583,1.6515319470680918,0.033516669503207655,-6.44429716292586,0.0,-20.0,-20.0,110.0,-4.333071381740385
687,6.87,-4.533570253455523,0.23687471738157923,3.8402343918056108,1.6515264882100376,0.03378713763566152,-6.453696882811607,0.0,-20.0,-20.0,110.0,-4.33388281733132
688,6.88,-4.542235499193925,0.23783082011546558,3.8298126078054633,1.6515209850702313,0.03405760487907816,-6.463096602749102,0.0,-20.0,-20.0,110.0,-4.334717567775119
689,6.890000000000001,-4.550900744932327,0.23878692284935213,3.819390823805316,1.6515154376488175,0.03432807122620736,-6.472496322738761,0.0,-20.0,-20.0,110.0,-4.335575545467753
690,6.9,-4.559565990670729,0.23974302558323887,3.8089690398051683,1.6515098459459416,0.03459853666979948,-6.481896042781002,0.0,-20.0,-20.0,110.0,-4.3364566620782785
691,6.91,-4.56823123640913,0.2406991283171258,3.798547255805021,1.6515042099617503,0.03486900120260438,-6.491295762876245,0.0,-20.0,-20.0,110.0,-4.337360828551246
692,6.92,-4.576896482147532,0.24165523105101294,3.7881254718048734,1.6514985296963918,0.03513946481737235,-6.500695483024904,0.0,-20.0,-20.0,110.0,-4.338287955109156
693,6.93,-4.585561727885934,0.24261133378490027,3.777703687804726,1.6514928051500144,0.03540992750685337,-6.510095203227401,0.0,-20.0,-20.0,110.0,-4.339237951254945
694,6.94,-4.594226973624336,0.24356743651878776,3.7672819038045784,1.651487036322768,0.03568038926379795,-6.51949492348415,0.0,-20.0,-20.0,110.0,-4.34021072577447
695,6.95,-4.6028922193627375,0.24452353925267545,3.756860119804431,1.6514812232148035,0.03595085008095634,-6.5288946437955735,0.0,-20.0,-20.0,110.0,-4.341206186739051
696,6.96,-4.611557465101139,0.24547964198656333,3.7464383358042834,1.6514753658262744,0.036221309951078584,-6.538294364162086,0.0,-20.0,-20.0,110.0,-4.342224241508016
697,6.97,-4.620222710839541,0.2464357447204514,3.736016551804136,1.6514694641573342,0.03649176886691493,-6.547694084584103,0.0,-20.0,-20.0,110.0,-4.3432647967312725
698,6.98,-4.628887956577943,0.24739184745433968,3.7255947678039885,1.651463518208137,0.03676222682121591,-6.557093805062047,0.0,-20.0,-20.0,110.0,-4.344327758351898
699,6.99,-4.637553202316345,0.24834795018822814,3.715172983803841,1.6514575279788384,0.03703268380673181,-6.566493525596332,0.0,-20.0,-20.0,110.0,-4.345413031608777
700,7.0,-4.646218448054746,0.24930405292211677,3.7047511998036935,1.6514514934695959,0.037303139816212895,-6.575893246187377,0.0,-20.0,-20.0,110.0,-4.346520521039203
701,7.01,-4.654883693793148,0.2502601556560056,3.694329415803546,1.6514454146805695,0.03757359484240933,-6.585292966835603,0.0,-20.0,-20.0,110.0,-4.347650130481571
702,7.0200000000000005,-4.66354893953155,0.25121625838989464,3.6839076318033985,1.6514392916119174,0.03784404887807165,-6.594692687541425,0.0,-20.0,-20.0,110.0,-4.348801763078029
703,7.03,-4.672214185269952,0.25217236112378383,3.673485847803251,1.6514331242638,0.038114501915950526,-6.604092408305261,0.0,-20.0,-20.0,110.0,-4.349975321277185
704,7.04,-4.6808794310083535,0.25312846385767324,3.6630640638031036,1.6514269126363794,0.03838495394879635,-6.61349212912753,0.0,-20.0,-20.0,110.0,-4.351170706836811
705,7.05,-4.689544676746755,0.2540845665915628,3.652642279802956,1.6514206567298195,0.0386554049693594,-6.622891850008649,0.0,-20.0,-20.0,110.0,-4.352387820826574
706,7.0600000000000005,-4.698209922485157,0.2550406693254526,3.6422204958028086,1.6514143565442843,0.03892585497039029,-6.632291570949035,0.0,-20.0,-20.0,110.0,-4.353626563630778
707,7.07,-4.706875168223559,0.25599677205934257,3.631798711802661,1.6514080120799384,0.0391963039446396,-6.6416912919491065,0.0,-20.0,-20.0,110.0,-4.354886834951125
708,7.08,-4.7155404139619606,0.25695287479323276,3.6213769278025136,1.6514016233369488,0.039466751884857966,-6.651091013009283,0.0,-20.0,-20.0,110.0,-4.3561685338094875
709,7.09,-4.724205659700362,0.25790897752712305,3.610955143802366,1.6513951903154827,0.03973719878379598,-6.660490734129982,0.0,-20.0,-20.0,110.0,-4.357471558550695
710,7.1000000000000005,-4.732870905438764,0.25886508026101357,3.6005333598022187,1.6513887130157103,0.04000764463420417,-6.669890455311619,0.0,-20.0,-20.0,110.0,-4.358795806845329
711,7.11,-4.741536151177166,0.2598211829949043,3.590111575802071,1.6513821914378013,0.04027808942883299,-6.679290176554614,0.0,-20.0,-20.0,110.0,-4.360141175692545
712,7.12,-4.750201396915568,0.2607772857287952,3.5796897918019237,1.651375625581927,0.040548533160433435,-6.688689897859384,0.0,-20.0,-20.0,110.0,-4.361507561422881
713,7.13,-4.758866642653969,0.26173338846268634,3.569268007801776,1.65136901544826,0.04081897582175595,-6.698089619226344,0.0,-20.0,-20.0,110.0,-4.362894859701104
714,7.140000000000001,-4.767531888392371,0.26268949119657764,3.5588462238016287,1.6513623610369732,0.041089417405551526,-6.707489340655915,0.0,-20.0,-20.0,110.0,-4.364302965529042
715,7.15,-4.776197134130773,0.2636455939304691,3.5484244398014813,1.6513556623482424,0.0413598579045709,-6.716889062148513,0.0,-20.0,-20.0,110.0,-4.365731773248437
716,7.16,-4.784862379869175,0.2646016966643608,3.5380026558013338,1.6513489193822437,0.041630297311564514,-6.726288783704559,0.0,-20.0,-20.0,110.0,-4.367181176543812
717,7.17,-4.7935276256075765,0.26555779939825264,3.5275808718011863,1.6513421321391546,0.04190073561928332,-6.735688505324466,0.0,-20.0,-20.0,110.0,-4.368651068445329
718,7.18,-4.802192871345978,0.2665139021321447,3.517159087801039,1.651335300619153,0.04217117282047831,-6.7450882270086545,0.0,-20.0,-20.0,110.0,-4.370141341331662
719,7.19,-4.81085811708438,0.26747000486603695,3.5067373038008913,1.6513284248224183,0.0424416089079003,-6.754487948757542,0.0,-20.0,-20.0,110.0,-4.371651886932882
720,7.2,-4.819523362822782,0.26842610759992935,3.496315519800744,1.6513215047491323,0.04271204387430016,-6.763887670571544,0.0,-20.0,-20.0,110.0,-4.373182596333332
721,7.21,-4.828188608561184,0.269382210333822,3.4858937358005964,1.6513145403994753,0.04298247771242884,-6.7732873924510795,0.0,-20.0,-20.0,110.0,-4.374733359974525
722,7.22,-4.836853854299585,0.2703383130677148,3.475471951800449,1.6513075317736317,0.043252910415037434,-6.782687114396566,0.0,-20.0,-20.0,110.0,-4.376304067658024
723,7.23,-4.845519100037987,0.2712944158016078,3.4650501678003014,1.6513004788717855,0.04352334197487656,-6.792086836408423,0.0,-20.0,-20.0,110.0,-4.3778946085483454
724,7.24,-4.854184345776389,0.272250518535501,3.454628383800154,1.6512933816941238,0.043793772384697296,-6.801486558487066,0.0,-20.0,-20.0,110.0,-4.379504871175847
725,7.25,-4.862849591514791,0.2732066212693944,3.4442065998000064,1.6512862402408308,0.04406420163725108,-6.8108862806329125,0.0,-20.0,-20.0,110.0,-4.381134743439628
726,7.26,-4.8715148372531925,0.27416272400328795,3.433784815799859,1.6512790545120963,0.04433462972528864,-6.820286002846381,0.0,-20.0,-20.0,110.0,-4.382784112610429
727,7.2700000000000005,-4.880180082991594,0.2751188267371817,3.4233630317997115,1.6512718245081044,0.0446050566415612,-6.829685725127874,0.0,-20.0,-20.0,110.0,-4.384452865333523
728,7.28,-4.888845328729996,0.27607492947107565,3.412941247799564,1.6512645502290533,0.04487548237882003,-6.839085447477839,0.0,-20.0,-20.0,110.0,-4.386140887631609
729,7.29,-4.897510574468398,0.2770310322049698,3.4025194637994165,1.6512572316751306,0.04514590692981627,-6.848485169896682,0.0,-20.0,-20.0,110.0,-4.387848064907716
730,7.3,-4.9061758202067995,0.2779871349388641,3.392097679799269,1.6512498688465291,0.04541633028730103,-6.8578848923848135,0.0,-20.0,-20.0,110.0,-4.3895742819480805
731,7.3100000000000005,-4.914841065945201,0.27894323767275864,3.3816758957991215,1.6512424617434436,0.04568675244402532,-6.8672846149426565,0.0,-20.0,-20.0,110.0,-4.391319422925048
732,7.32,-4.923506311683603,0.2798993404066533,3.371254111798974,1.6512350103660673,0.04595717339274065,-6.8766843375706275,0.0,-20.0,-20.0,110.0,-4.393083371399945
733,7.33,-4.932171557422005,0.2808554431405482,3.3608323277988266,1.6512275147145972,0.046227593126198445,-6.8860840602691455,0.0,-20.0,-20.0,110.0,-4.394866010325962
734,7.34,-4.940836803160407,0.2818115458744433,3.350410543798679,1.6512199747892307,0.04649801163714978,-6.895483783038626,0.0,-20.0,-20.0,110.0,-4.396667222051022
735,7.3500000000000005,-4.949502048898808,0.2827676486083386,3.3399887597985316,1.6512123905901661,0.04676842891834625,-6.904883505879487,0.0,-20.0,-20.0,110.0,-4.398486888320657
736,7.36,-4.95816729463721,0.28372375134223404,3.329566975798384,1.6512047621176034,0.04703884496253915,-6.914283228792147,0.0,-20.0,-20.0,110.0,-4.4003248902808565
737,7.37,-4.966832540375612,0.28467985407612967,3.3191451917982366,1.651197089371743,0.04730925976247991,-6.923682951777021,0.0,-20.0,-20.0,110.0,-4.402181108480925
738,7.38,-4.975497786114014,0.2856359568100255,3.308723407798089,1.6511893723527877,0.04757967331091998,-6.933082674834529,0.0,-20.0,-20.0,110.0,-4.404055422876327
739,7.390000000000001,-4.9841630318524155,0.28659205954392153,3.2983016237979417,1.65118161106094,0.04785008560061077,-6.94248239796509,0.0,-20.0,-20.0,110.0,-4.405947712831517
740,7.4,-4.992828277590817,0.28754816227781776,3.287879839797794,1.6511738054964051,0.048120496624303934,-6.9518821211691195,0.0,-20.0,-20.0,110.0,-4.407857857122766
741,7.41,-5.001493523329219,0.28850426501171417,3.2774580557976467,1.6511659556593878,0.048390906374751186,-6.9612818444470355,0.0,-20.0,-20.0,110.0,-4.409785733940974
742,7.42,-5.010158769067621,0.2894603677456108,3.2670362717974992,1.6511580615500945,0.04866131484470396,-6.9706815677992555,0.0,-20.0,-20.0,110.0,-4.411731220894475
743,7.43,-5.018824014806023,0.2904164704795076,3.2566144877973517,1.6511501231687349,0.04893172202691361,-6.980081291226198,0.0,-20.0,-20.0,110.0,-4.41369419501183
744,7.44,-5.027489260544424,0.29137257321340454,3.2461927037972043,1.6511421405155182,0.04920212791413178,-6.989481014728279,0.0,-20.0,-20.0,110.0,-4.415674532744597
745,7.45,-5.036154506282826,0.2923286759473017,3.2357709197970568,1.6511341135906537,0.049472532499110475,-6.998880738305915,0.0,-20.0,-20.0,110.0,-4.4176721099701055
746,7.46,-5.044819752021228,0.29328477868119907,3.2253491357969093,1.6511260423943535,0.04974293577460139,-7.008280461959526,0.0,-20.0,-20.0,110.0,-4.419686801994203
747,7.47,-5.05348499775963,0.29424088141509663,3.214927351796762,1.6511179269268295,0.050013337733356346,-7.017680185689526,0.0,-20.0,-20.0,110.0,-4.421718483553994
748,7.48,-5.062150243498031,0.29519698414899437,3.2045055677966143,1.6511097671882964,0.05028373836812702,-7.027079909496335,0.0,-20.0,-20.0,110.0,-4.423767028820562
749,7.49,-5.070815489236433,0.29615308688289227,3.194083783796467,1.6511015631789672,0.05055413767166565,-7.036479633380372,0.0,-20.0,-20.0,110.0,-4.425832311401669
750,7.5,-5.079480734974835,0.2971091896167904,3.1836619997963194,1.6510933148990603,0.05082453563672366,-7.045879357342054,0.0,-20.0,-20.0,110.0,-4.427914204344456
751,7.51,-5.088145980713237,0.2980652923506887,3.173240215796172,1.651085022348793,0.05109493225605304,-7.055279081381796,0.0,-20.0,-20.0,110.0,-4.43001258013811
752,7.5200000000000005,-5.0968112264516385,0.2990213950845872,3.1628184317960244,1.6510766855283834,0.05136532752240572,-7.064678805500018,0.0,-20.0,-20.0,110.0,-4.432127310716516
753,7.53,-5.10547647219004,0.29997749781848587,3.152396647795877,1.6510683044380516,0.0516357214285335,-7.074078529697134,0.0,-20.0,-20.0,110.0,-4.434258267460898
754,7.54,-5.114141717928442,0.3009336005523848,3.1419748637957294,1.6510598790780189,0.05190611396718845,-7.083478253973569,0.0,-20.0,-20.0,110.0,-4.436405321202437
755,7.55,-5.122806963666844,0.30188970328628384,3.131553079795582,1.6510514094485071,0.05217650513112274,-7.0928779783297315,0.0,-20.0,-20.0,110.0,-4.43856834222487
756,7.5600000000000005,-5.131472209405246,0.3028458060201831,3.1211312957954345,1.6510428955497407,0.05244689491308826,-7.102277702766046,0.0,-20.0,-20.0,110.0,-4.440747200267063
757,7.57,-5.140137455143647,0.30380190875408253,3.110709511795287,1.6510343373819432,0.05271728330583732,-7.111677427282926,0.0,-20.0,-20.0,110.0,-4.442941764525574
758,7.58,-5.148802700882049,0.30475801148798215,3.1002877277951395,1.651025734945339,0.05298767030212238,-7.121077151880789,0.0,-20.0,-20.0,110.0,-4.445151903657186
759,7.59,-5.157467946620451,0.305714114221882,3.089865943794992,1.651017088240156,0.05325805589469542,-7.1304768765600555,0.0,-20.0,-20.0,110.0,-4.447377485781429
760,7.6000000000000005,-5.166133192358853,0.306670216955782,3.0794441597948445,1.6510083972666232,0.05352844007630842,-7.13987660132114,0.0,-20.0,-20.0,110.0,-4.449618378483067
761,7.61,-5.1747984380972545,0.3076263196896822,3.069022375794697,1.6509996620249692,0.05379882283971366,-7.149276326164459,0.0,-20.0,-20.0,110.0,-4.451874448814565
762,7.62,-5.183463683835656,0.3085824224235826,3.0586005917945496,1.650990882515424,0.05406920417766356,-7.15867605109043,0.0,-20.0,-20.0,110.0,-4.454145563298542
763,7.63,-5.192128929574058,0.30953852515748315,3.048178807794402,1.650982058738221,0.054339584082910425,-7.168075776099474,0.0,-20.0,-20.0,110.0,-4.456431587930189
764,7.640000000000001,-5.20079417531246,0.31049462789138393,3.0377570237942546,1.6509731906935907,0.05460996254820667,-7.177475501192004,0.0,-20.0,-20.0,110.0,-4.458732388179671
765,7.65,-5.209459421050862,0.3114507306252849,3.027335239794107,1.6509642783817682,0.054880339566304656,-7.18687522636844,0.0,-20.0,-20.0,110.0,-4.461047828994495
766,7.66,-5.218124666789263,0.312406833359186,3.0169134557939596,1.6509553218029889,0.05515071512995691,-7.196274951629197,0.0,-20.0,-20.0,110.0,-4.463377774801865
767,7.67,-5.226789912527665,0.31336293609308735,3.006491671793812,1.6509463209574884,0.05542108923191604,-7.205674676974695,0.0,-20.0,-20.0,110.0,-4.465722089510993
768,7.68,-5.235455158266067,0.31431903882698886,2.9960698877936647,1.650937275845504,0.05569146186493457,-7.215074402405352,0.0,-20.0,-20.0,110.0,-4.468080636515404
769,7.69,-5.244120404004469,0.3152751415608906,2.985648103793517,1.6509281864672753,0.05596183302176481,-7.22447412792158,0.0,-20.0,-20.0,110.0,-4.470453278695201
770,7.7,-5.25278564974287,0.3162312442947925,2.9752263197933697,1.6509190528230417,0.056232202695159585,-7.233873853523804,0.0,-20.0,-20.0,110.0,-4.472839878419306
771,7.71,-5.261450895481272,0.3171873470286946,2.9648045357932222,1.6509098749130444,0.05650257087787146,-7.243273579212437,0.0,-20.0,-20.0,110.0,-4.47524029754767
772,7.72,-5.270116141219674,0.3181434497625969,2.9543827517930747,1.6509006527375256,0.056772937562653066,-7.252673304987898,0.0,-20.0,-20.0,110.0,-4.477654397433463
773,7.73,-5.278781386958076,0.31909955249649935,2.9439609677929273,1.6508913862967294,0.05704330274225715,-7.262073030850601,0.0,-20.0,-20.0,110.0,-4.480082038925226
774,7.74,-5.2874466326964775,0.320055655230402,2.93353918379278,1.6508820755909004,0.05731366640943618,-7.271472756800965,0.0,-20.0,-20.0,110.0,-4.482523082368997
775,7.75,-5.296111878434879,0.32101175796430487,2.9231173997926323,1.650872720620283,0.057584028556943403,-7.2808724828394045,0.0,-20.0,-20.0,110.0,-4.484977387610415
776,7.76,-5.304777124173281,0.32196786069820793,2.912695615792485,1.6508633213851256,0.05785438917753152,-7.290272208966337,0.0,-20.0,-20.0,110.0,-4.487444813996776
777,7.7700000000000005,-5.313442369911683,0.32292396343211116,2.9022738317923373,1.6508538778856758,0.058124748263953294,-7.299671935182185,0.0,-20.0,-20.0,110.0,-4.4899252203790745
778,7.78,-5.322107615650085,0.32388006616601456,2.89185204779219,1.650844390122184,0.05839510580896181,-7.309071661487365,0.0,-20.0,-20.0,110.0,-4.492418465114015
779,7.79,-5.330772861388486,0.3248361688999182,2.8814302637920424,1.6508348580948995,0.05866546180531001,-7.318471387882286,0.0,-20.0,-20.0,110.0,-4.4949244060659765
780,7.8,-5.339438107126888,0.32579227163382196,2.871008479791895,1.650825281804074,0.05893581624575097,-7.327871114367377,0.0,-20.0,-20.0,110.0,-4.497442900608956
781,7.8100000000000005,-5.34810335286529,0.32674837436772597,2.8605866957917474,1.6508156612499605,0.059206169123037715,-7.337270840943047,0.0,-20.0,-20.0,110.0,-4.499973805628482
782,7.82,-5.356768598603692,0.32770447710163014,2.8501649117916,1.6508059964328134,0.05947652042992331,-7.346670567609714,0.0,-20.0,-20.0,110.0,-4.502516977523497
783,7.83,-5.3654338443420935,0.3286605798355345,2.8397431277914524,1.6507962873528879,0.05974687015916078,-7.356070294367797,0.0,-20.0,-20.0,110.0,-4.505072272208188
784,7.84,-5.374099090080495,0.3296166825694391,2.829321343791305,1.6507865340104404,0.06001721830350335,-7.365470021217715,0.0,-20.0,-20.0,110.0,-4.507639545113814
785,7.8500000000000005,-5.382764335818897,0.33057278530334383,2.8188995597911575,1.6507767364057289,0.060287564855704294,-7.374869748159883,0.0,-20.0,-20.0,110.0,-4.510218651190467
786,7.86,-5.391429581557299,0.3315288880372488,2.80847777579101,1.650766894539012,0.06055790980851676,-7.384269475194717,0.0,-20.0,-20.0,110.0,-4.512809444908838
787,7.87,-5.400094827295701,0.3324849907711539,2.7980559917908625,1.6507570084105485,0.060828253154694346,-7.393669202322634,0.0,-20.0,-20.0,110.0,-4.515411780261901
788,7.88,-5.408760073034102,0.33344109350505924,2.787634207790715,1.650747078020597,0.06109859488698994,-7.40306892954404,0.0,-20.0,-20.0,110.0,-4.518025510766613
789,7.890000000000001,-5.417425318772504,0.33439719623896474,2.7772124237905675,1.6507371033694282,0.0613689349981571,-7.412468656859378,0.0,-20.0,-20.0,110.0,-4.520650489465532
790,7.9,-5.426090564510906,0.3353532989728704,2.76679063979042,1.6507270844572997,0.06163927348094948,-7.421868384269049,0.0,-20.0,-20.0,110.0,-4.523286568928438
791,7.91,-5.434755810249308,0.3363094017067763,2.7563688557902726,1.6507170212844773,0.06190961032812041,-7.431268111773476,0.0,-20.0,-20.0,110.0,-4.5259336012538975
792,7.92,-5.443421055987709,0.3372655044406824,2.745947071790125,1.6507069138512267,0.06217994553242341,-7.440667839373074,0.0,-20.0,-20.0,110.0,-4.528591438070788
793,7.930000000000001,-5.452086301726111,0.33822160717458866,2.7355252877899776,1.6506967621578161,0.062450279086611764,-7.450067567068261,0.0,-20.0,-20.0,110.0,-4.531259930539816
794,7.94,-5.460751547464513,0.3391777099084951,2.72510350378983,1.6506865662045136,0.06272061098343916,-7.459467294859447,0.0,-20.0,-20.0,110.0,-4.533938929354957
795,7.95,-5.469416793202915,0.3401338126424017,2.7146817197896826,1.6506763259915873,0.06299094121565954,-7.46886702274706,0.0,-20.0,-20.0,110.0,-4.536628284744888
796,7.96,-5.4780820389413165,0.34108991537630856,2.704259935789535,1.6506660415193077,0.06326126977602664,-7.478266750731509,0.0,-20.0,-20.0,110.0,-4.539327846474379
797,7.97,-5.486747284679718,0.34204601811021557,2.6938381517893877,1.6506557127879478,0.06353159665729385,-7.487666478813216,0.0,-20.0,-20.0,110.0,-4.542037463845635
798,7.98,-5.49541253041812,0.3430021208441228,2.68341636778924,1.6506453397977796,0.06380192185221518,-7.497066206992591,0.0,-20.0,-20.0,110.0,-4.544756985699616
799,7.99,-5.504077776156522,0.3439582235780302,2.6729945837890927,1.6506349225490775,0.0640722453535442,-7.506465935270058,0.0,-20.0,-20.0,110.0,-4.5474862604173065
800,8.0,-5.512743021894924,0.3449143263119378,2.6625727997889452,1.6506244610421184,0.06434256715403479,-7.5158656636460295,0.0,-20.0,-20.0,110.0,-4.550225135920956
801,8.01,-5.521408267633325,0.3458704290458456,2.6521510157887977,1.650613955277178,0.06461288724644093,-7.525265392120928,0.0,-20.0,-20.0,110.0,-4.552973459675268
802,8.02,-5.530073513371727,0.34682653177975353,2.6417292317886503,1.6506034052545326,0.06488320562351672,-7.534665120695166,0.0,-20.0,-20.0,110.0,-4.555731078688581
803,8.03,-5.538738759110129,0.3477826345136617,2.631307447788503,1.6505928109744614,0.06515352227801623,-7.5440648493691596,0.0,-20.0,-20.0,110.0,-4.558497839513965
804,8.040000000000001,-5.547404004848531,0.34873873724757004,2.6208856637883553,1.6505821724372454,0.06542383720269332,-7.553464578143327,0.0,-20.0,-20.0,110.0,-4.561273588250324
805,8.05,-5.5560692505869325,0.3496948399814786,2.610463879788208,1.650571489643165,0.06569415039030223,-7.5628643070180885,0.0,-20.0,-20.0,110.0,-4.564058170543427
806,8.06,-5.564734496325334,0.3506509427153873,2.6000420957880603,1.6505607625925034,0.06596446183359675,-7.572264035993854,0.0,-20.0,-20.0,110.0,-4.56685143158692
807,8.07,-5.573399742063736,0.3516070454492962,2.589620311787913,1.6505499912855441,0.06623477152533117,-7.581663765071046,0.0,-20.0,-20.0,110.0,-4.569653216123291
808,8.08,-5.582064987802138,0.35256314818320533,2.5791985277877654,1.650539175722573,0.06650507945825951,-7.591063494250081,0.0,-20.0,-20.0,110.0,-4.572463368444784
809,8.09,-5.5907302335405396,0.3535192509171146,2.568776743787618,1.6505283159038742,0.06677538562513656,-7.600463223531374,0.0,-20.0,-20.0,110.0,-4.575281732394304
810,8.1,-5.599395479278941,0.3544753536510241,2.5583549597874704,1.6505174118297354,0.06704569001871655,-7.609862952915343,0.0,-20.0,-20.0,110.0,-4.578108151366242
811,8.11,-5.608060725017343,0.3554314563849338,2.547933175787323,1.6505064635004445,0.0673159926317537,-7.619262682402404,0.0,-20.0,-20.0,110.0,-4.580942468307296
812,8.120000000000001,-5.616725970755745,0.3563875591188436,2.5375113917871754,1.6504954709162922,0.06758629345700236,-7.628662411992975,0.0,-20.0,-20.0,110.0,-4.583784525717232
813,8.13,-5.625391216494147,0.35734366185275374,2.527089607787028,1.6504844340775695,0.06785659248721686,-7.638062141687472,0.0,-20.0,-20.0,110.0,-4.5866341656496035
814,8.14,-5.634056462232548,0.35829976458666396,2.5166678237868805,1.6504733529845663,0.06812688971515216,-7.647461871486312,0.0,-20.0,-20.0,110.0,-4.589491229712437
815,8.15,-5.64272170797095,0.3592558673205744,2.506246039786733,1.6504622276375769,0.06839718513356256,-7.656861601389913,0.0,-20.0,-20.0,110.0,-4.5923555590688885
816,8.16,-5.651386953709352,0.360211970054485,2.4958242557865855,1.6504510580368956,0.06866747873520265,-7.666261331398689,0.0,-20.0,-20.0,110.0,-4.595226994437823
817,8.17,-5.660052199447754,0.36116807278839586,2.485402471786438,1.6504398441828176,0.0689377705128271,-7.6756610615130585,0.0,-20.0,-20.0,110.0,-4.598105376094399
818,8.18,-5.6687174451861555,0.36212417552230686,2.4749806877862905,1.6504285860756391,0.06920806045919062,-7.685060791733441,0.0,-20.0,-20.0,110.0,-4.600990543870571
819,8.19,-5.677382690924557,0.363080278256218,2.464558903786143,1.650417283715659,0.0694783485670479,-7.694460522060246,0.0,-20.0,-20.0,110.0,-4.603882337155585
820,8.2,-5.686047936662959,0.3640363809901294,2.4541371197859956,1.6504059371031758,0.06974863482915364,-7.703860252493897,0.0,-20.0,-20.0,110.0,-4.606780594896403
821,8.21,-5.694713182401361,0.364992483724041,2.443715335785848,1.6503945462384897,0.0700189192382628,-7.713259983034808,0.0,-20.0,-20.0,110.0,-4.6096851555981075
822,8.22,-5.703378428139763,0.36594858645795275,2.4332935517857006,1.6503831111219016,0.07028920178713041,-7.722659713683398,0.0,-20.0,-20.0,110.0,-4.612595857324257
823,8.23,-5.712043673878164,0.3669046891918647,2.422871767785553,1.6503716317537145,0.07055948246851128,-7.73205944444008,0.0,-20.0,-20.0,110.0,-4.615512537697192
824,8.24,-5.720708919616566,0.3678607919257768,2.4124499837854056,1.650360108134231,0.07082976127516054,-7.741459175305273,0.0,-20.0,-20.0,110.0,-4.618435033898319
825,8.25,-5.729374165354968,0.36881689465968914,2.402028199785258,1.650348540263756,0.0711000381998334,-7.750858906279396,0.0,-20.0,-20.0,110.0,-4.621363182668331
826,8.26,-5.73803941109337,0.36977299739360164,2.3916064157851107,1.6503369281425972,0.07137031323528446,-7.76025863736286,0.0,-20.0,-20.0,110.0,-4.6242968203074
827,8.27,-5.7467046568317715,0.37072910012751437,2.381184631784963,1.6503252717710604,0.07164058637426907,-7.769658368556088,0.0,-20.0,-20.0,110.0,-4.627235782675328
828,8.28,-5.755369902570173,0.37168520286142726,2.3707628477848157,1.6503135711494552,0.07191085760954237,-7.779058099859495,0.0,-20.0,-20.0,110.0,-4.630179905191639
829,8.290000000000001,-5.764035148308575,0.37264130559534037,2.3603410637846682,1.6503018262780909,0.0721811269338595,-7.788457831273494,0.0,-20.0,-20.0,110.0,-4.6331290228356545
830,8.3,-5.772700394046977,0.37359740832925364,2.3499192797845208,1.6502900371572773,0.07245139433997601,-7.797857562798503,0.0,-20.0,-20.0,110.0,-4.636082970146511
831,8.31,-5.7813656397853785,0.3745535110631671,2.3394974957843733,1.650278203787328,0.07272165982064709,-7.807257294434943,0.0,-20.0,-20.0,110.0,-4.639041581223135
832,8.32,-5.79003088552378,0.37550961379708075,2.329075711784226,1.6502663261685553,0.07299192336862806,-7.81665702618323,0.0,-20.0,-20.0,110.0,-4.6420046897241845
833,8.33,-5.798696131262182,0.3764657165309946,2.3186539277840783,1.6502544043012735,0.07326218497667458,-7.826056758043776,0.0,-20.0,-20.0,110.0,-4.6449721288679395
834,8.34,-5.807361377000584,0.37742181926490864,2.308232143783931,1.6502424381857979,0.07353244463754217,-7.835456490017003,0.0,-20.0,-20.0,110.0,-4.647943731432154
835,8.35,-5.816026622738986,0.37837792199882286,2.2978103597837833,1.650230427822445,0.07380270234398643,-7.844856222103321,0.0,-20.0,-20.0,110.0,-4.650919329753869
836,8.36,-5.824691868477387,0.37933402473273725,2.287388575783636,1.6502183732115328,0.07407295808876276,-7.854255954303156,0.0,-20.0,-20.0,110.0,-4.653898755729177
837,8.370000000000001,-5.833357114215789,0.38029012746665186,2.2769667917834884,1.6502062743533805,0.0743432118646268,-7.863655686616912,0.0,-20.0,-20.0,110.0,-4.656881840812957
838,8.38,-5.842022359954191,0.38124623020056664,2.266545007783341,1.650194131248309,0.07461346366433423,-7.873055419045015,0.0,-20.0,-20.0,110.0,-4.65986841601854
839,8.39,-5.850687605692593,0.38220233293448164,2.2561232237831934,1.6501819438966387,0.07488371348064099,-7.8824551515878785,0.0,-20.0,-20.0,110.0,-4.662858311917367
840,8.4,-5.8593528514309945,0.3831584356683968,2.245701439783046,1.6501697122986931,0.07515396130630266,-7.891854884245922,0.0,-20.0,-20.0,110.0,-4.665851358638577
841,8.41,-5.868018097169396,0.38411453840231213,2.2352796557828984,1.6501574364547957,0.07542420713407513,-7.90125461701956,0.0,-20.0,-20.0,110.0,-4.668847385868566
842,8.42,-5.876683342907798,0.3850706411362277,2.224857871782751,1.6501451163652712,0.0756944509567145,-7.910654349909205,0.0,-20.0,-20.0,110.0,-4.6718462228505055
843,8.43,-5.8853485886462,0.3860267438701434,2.2144360877826035,1.650132752030445,0.07596469276697675,-7.92005408291528,0.0,-20.0,-20.0,110.0,-4.67484769838381
844,8.44,-5.894013834384602,0.38698284660405935,2.204014303782456,1.6501203434506455,0.0762349325576177,-7.929453816038195,0.0,-20.0,-20.0,110.0,-4.677851640823566
845,8.45,-5.902679080123003,0.38793894933797546,2.1935925197823085,1.6501078906262014,0.07650517032139334,-7.93885354927837,0.0,-20.0,-20.0,110.0,-4.680857878079921
846,8.46,-5.911344325861405,0.3888950520718918,2.183170735782161,1.6500953935574412,0.07677540605105998,-7.948253282636222,0.0,-20.0,-20.0,110.0,-4.68386623761743
847,8.47,-5.920009571599807,0.3898511548058083,2.1727489517820135,1.6500828522446969,0.07704563973937383,-7.957653016112169,0.0,-20.0,-20.0,110.0,-4.686876546454352
848,8.48,-5.928674817338209,0.39080725753972495,2.162327167781866,1.6500702666882994,0.07731587137909104,-7.967052749706621,0.0,-20.0,-20.0,110.0,-4.689888631161919
849,8.49,-5.93734006307661,0.39176336027364184,2.1519053837817186,1.6500576368885833,0.07758610096296777,-7.976452483419998,0.0,-20.0,-20.0,110.0,-4.6929023178635445
850,8.5,-5.946005308815012,0.3927194630075589,2.141483599781571,1.6500449628458826,0.07785632848376049,-7.9858522172527175,0.0,-20.0,-20.0,110.0,-4.695917432234012
851,8.51,-5.954670554553414,0.39367556574147616,2.1310618157814236,1.6500322445605324,0.07812655393422559,-7.9952519512051925,0.0,-20.0,-20.0,110.0,-4.698933799498601
852,8.52,-5.963335800291816,0.3946316684753936,2.120640031781276,1.6500194820328697,0.07839677730711951,-8.004651685277848,0.0,-20.0,-20.0,110.0,-4.701951244432175
853,8.53,-5.9720010460302175,0.3955877712093112,2.1102182477811287,1.650006675263233,0.0786669985951988,-8.01405141947109,0.0,-20.0,-20.0,110.0,-4.7049695913582426
854,8.540000000000001,-5.980666291768619,0.39654387394322904,2.099796463780981,1.6499938242519607,0.07893721779122,-8.023451153785345,0.0,-20.0,-20.0,110.0,-4.707988664147954
855,8.55,-5.989331537507021,0.39749997667714704,2.0893746797808337,1.6499809289993939,0.07920743488793983,-8.03285088822102,0.0,-20.0,-20.0,110.0,-4.711008286219079
856,8.56,-5.997996783245423,0.39845607941106526,2.078952895780686,1.6499679895058723,0.07947764987811487,-8.042250622778539,0.0,-20.0,-20.0,110.0,-4.714028280534922
857,8.57,-6.006662028983825,0.39941218214498364,2.0685311117805387,1.64995500577174,0.0797478627545019,-8.051650357458312,0.0,-20.0,-20.0,110.0,-4.717048469603209
858,8.58,-6.015327274722226,0.40036828487890225,2.0581093277803912,1.6499419777973399,0.08001807350985769,-8.061050092260759,0.0,-20.0,-20.0,110.0,-4.720068675474918
859,8.59,-6.023992520460628,0.401324387612821,2.0476875437802438,1.6499289055830184,0.08028828213693899,-8.070449827186296,0.0,-20.0,-20.0,110.0,-4.7230887197430915
860,8.6,-6.03265776619903,0.40228049034673996,2.0372657597800963,1.6499157891291207,0.08055848862850261,-8.079849562235339,0.0,-20.0,-20.0,110.0,-4.72610842354159
861,8.61,-6.041323011937432,0.4032365930806591,2.026843975779949,1.6499026284359959,0.0808286929773055,-8.089249297408303,0.0,-20.0,-20.0,110.0,-4.7291276075437985
862,8.620000000000001,-6.0499882576758335,0.40419269581457845,2.0164221917798013,1.6498894235039914,0.08109889517610476,-8.098649032705607,0.0,-20.0,-20.0,110.0,-4.7321460919613125
863,8.63,-6.058653503414235,0.405148798548498,2.006000407779654,1.6498761743334567,0.08136909521765756,-8.108048768127668,0.0,-20.0,-20.0,110.0,-4.735163696542555
864,8.64,-6.067318749152637,0.4061049012824177,1.9955786237795061,1.6498628809247435,0.08163929309472091,-8.117448503674899,0.0,-20.0,-20.0,110.0,-4.738180240571386
865,8.65,-6.075983994891039,0.4070610040163376,1.9851568397793584,1.6498495432782023,0.08190948880005226,-8.126848239347717,0.0,-20.0,-20.0,110.0,-4.741195542865633
866,8.66,-6.084649240629441,0.4080171067502577,1.9747350557792107,1.649836161394187,0.08217968232640877,-8.136247975146539,0.0,-20.0,-20.0,110.0,-4.744209421775614
867,8.67,-6.093314486367842,0.408973209484178,1.964313271779063,1.6498227352730526,0.0824498736665475,-8.145647711071781,0.0,-20.0,-20.0,110.0,-4.747221695182595
868,8.68,-6.101979732106244,0.4099293122180985,1.9538914877789153,1.6498092649151548,0.08272006281322594,-8.155047447123863,0.0,-20.0,-20.0,110.0,-4.7502321804972185
869,8.69,-6.110644977844646,0.41088541495201913,1.9434697037787676,1.6497957503208505,0.08299024975920129,-8.164447183303194,0.0,-20.0,-20.0,110.0,-4.753240694657888
870,8.700000000000001,-6.119310223583048,0.41184151768593996,1.93304791977862,1.649782191490498,0.08326043449723106,-8.173846919610192,0.0,-20.0,-20.0,110.0,-4.756247054129114
871,8.71,-6.127975469321449,0.412797620419861,1.9226261357784722,1.6497685884244555,0.08353061702007304,-8.183246656045275,0.0,-20.0,-20.0,110.0,-4.759251074899806
872,8.72,-6.136640715059851,0.4137537231537822,1.9122043517783245,1.6497549411230836,0.08380079732048477,-8.192646392608856,0.0,-20.0,-20.0,110.0,-4.76225257248155
873,8.73,-6.145305960798253,0.41470982588770366,1.9017825677781768,1.649741249586745,0.08407097539122364,-8.202046129301358,0.0,-20.0,-20.0,110.0,-4.765251361906816
874,8.74,-6.153971206536655,0.41566592862162527,1.891360783778029,1.649727513815801,0.08434115122504758,-8.211445866123194,0.0,-20.0,-20.0,110.0,-4.768247257727141
875,8.75,-6.1626364522750565,0.4166220313555471,1.8809389997778814,1.6497137338106163,0.0846113248147143,-8.220845603074777,0.0,-20.0,-20.0,110.0,-4.771240074011272
876,8.76,-6.171301698013458,0.4175781340894691,1.8705172157777337,1.6496999095715559,0.08488149615298149,-8.230245340156523,0.0,-20.0,-20.0,110.0,-4.77422962434326
877,8.77,-6.17996694375186,0.41853423682339125,1.860095431777586,1.6496860410989866,0.085151665232607,-8.239645077368852,0.0,-20.0,-20.0,110.0,-4.777215721820525
878,8.78,-6.188632189490262,0.41949033955731363,1.8496736477774383,1.6496721283932752,0.08542183204634894,-8.249044814712175,0.0,-20.0,-20.0,110.0,-4.780198179051866
879,8.790000000000001,-6.197297435228664,0.4204464422912362,1.8392518637772906,1.6496581714547904,0.08569199658696526,-8.258444552186912,0.0,-20.0,-20.0,110.0,-4.783176808155441
880,8.8,-6.205962680967065,0.42140254502515895,1.8288300797771428,1.6496441702839024,0.08596215884721393,-8.267844289793477,0.0,-20.0,-20.0,110.0,-4.786151420756708
881,8.81,-6.214627926705467,0.4223586477590819,1.8184082957769951,1.6496301248809824,0.08623231881985323,-8.277244027532287,0.0,-20.0,-20.0,110.0,-4.789121827986314
882,8.82,-6.223293172443869,0.423314750493005,1.8079865117768474,1.6496160352464018,0.08650247649764121,-8.286643765403756,0.0,-20.0,-20.0,110.0,-4.792087840477962
883,8.83,-6.231958418182271,0.4242708532269283,1.7975647277766997,1.6496019013805348,0.08677263187333613,-8.296043503408306,0.0,-20.0,-20.0,110.0,-4.795049268366222
884,8.84,-6.2406236639206725,0.4252269559608518,1.787142943776552,1.6495877232837546,0.08704278493969649,-8.305443241546348,0.0,-20.0,-20.0,110.0,-4.798005921284308
885,8.85,-6.249288909659074,0.4261830586947755,1.7767211597764043,1.649573500956438,0.08731293568948048,-8.3148429798183,0.0,-20.0,-20.0,110.0,-4.8009576083618155
886,8.86,-6.257954155397476,0.4271391614286994,1.7662993757762566,1.6495592343989622,0.0875830841154466,-8.324242718224575,0.0,-20.0,-20.0,110.0,-4.803904138222421
887,8.870000000000001,-6.266619401135878,0.4280952641626235,1.755877591776109,1.6495449236117044,0.0878532302103532,-8.333642456765592,0.0,-20.0,-20.0,110.0,-4.806845318981538
888,8.88,-6.27528464687428,0.42905136689654777,1.7454558077759612,1.6495305685950414,0.08812337396695849,-8.343042195441743,0.0,-20.0,-20.0,110.0,-4.809780958243943
889,8.89,-6.283949892612681,0.4300074696304722,1.7350340237758135,1.6495161693493607,0.08839351537802163,-8.35244193425349,0.0,-20.0,-20.0,110.0,-4.812710863101333
890,8.9,-6.292615138351083,0.43096357236439686,1.7246122397756658,1.6495017258750395,0.08866365443630128,-8.361841673201223,0.0,-20.0,-20.0,110.0,-4.815634840129892
891,8.91,-6.301280384089485,0.4319196750983217,1.714190455775518,1.6494872381724612,0.08893379113455605,-8.371241412285363,0.0,-20.0,-20.0,110.0,-4.818552695387778
892,8.92,-6.309945629827887,0.43287577783224673,1.7037686717753704,1.6494727062420096,0.08920392546554476,-8.380641151506325,0.0,-20.0,-20.0,110.0,-4.821464234412583
893,8.93,-6.318610875566288,0.43383188056617195,1.6933468877752227,1.6494581300840694,0.08947405742202653,-8.39004089086452,0.0,-20.0,-20.0,110.0,-4.824369262218756
894,8.94,-6.32727612130469,0.4347879833000973,1.682925103775075,1.6494435096990274,0.0897441869967599,-8.399440630360372,0.0,-20.0,-20.0,110.0,-4.827267583294989
895,8.950000000000001,-6.335941367043092,0.4357440860340229,1.6725033197749273,1.6494288450872712,0.09001431418250402,-8.40884036999429,0.0,-20.0,-20.0,110.0,-4.83015900160156
896,8.96,-6.344606612781494,0.4367001887679487,1.6620815357747796,1.649414136249189,0.09028443897201784,-8.418240109766694,0.0,-20.0,-20.0,110.0,-4.8330433205676355
897,8.97,-6.3532718585198955,0.4376562915018747,1.6516597517746319,1.6493993831851717,0.09055456135806049,-8.427639849677997,0.0,-20.0,-20.0,110.0,-4.83592034308854
898,8.98,-6.361937104258297,0.43861239423580084,1.6412379677744842,1.6493845858956102,0.09082468133339104,-8.437039589728615,0.0,-20.0,-20.0,110.0,-4.838789871522985
899,8.99,-6.370602349996699,0.43956849696972716,1.6308161837743365,1.6493697443808972,0.09109479889076877,-8.446439329918963,0.0,-20.0,-20.0,110.0,-4.8416517076902545
900,9.0,-6.379267595735101,0.4405245997036537,1.6203943997741888,1.6493548586414246,0.09136491402295321,-8.455839070249459,0.0,-20.0,-20.0,110.0,-4.844505652867354
901,9.01,-6.387932841473503,0.4414807024375804,1.609972615774041,1.6493399286775872,0.0916350267227038,-8.465238810720516,0.0,-20.0,-20.0,110.0,-4.847351507786133
902,9.02,-6.396598087211904,0.44243680517150735,1.5995508317738933,1.649324954489782,0.09190513698277956,-8.474638551332552,0.0,-20.0,-20.0,110.0,-4.850189072630349
903,9.03,-6.405263332950306,0.44339290790543445,1.5891290477737456,1.6493099360784054,0.09217524479594015,-8.484038292085982,0.0,-20.0,-20.0,110.0,-4.853018147032709
904,9.040000000000001,-6.413928578688708,0.4443490106393618,1.578707263773598,1.6492948734438562,0.09244535015494491,-8.493438032981219,0.0,-20.0,-20.0,110.0,-4.855838530071859
905,9.05,-6.42259382442711,0.44530511337328926,1.5682854797734502,1.6492797665865324,0.0927154530525538,-8.502837774018678,0.0,-20.0,-20.0,110.0,-4.8586500202693585
906,9.06,-6.4312590701655115,0.4462612161072169,1.5578636957733025,1.6492646155068362,0.09298555348152632,-8.512237515198782,0.0,-20.0,-20.0,110.0,-4.861452415586589
907,9.07,-6.439924315903913,0.4472173188411448,1.5474419117731548,1.6492494202051686,0.09325565143462222,-8.521637256521942,0.0,-20.0,-20.0,110.0,-4.864245513421637
908,9.08,-6.448589561642315,0.44817342157507284,1.5370201277730071,1.6492341806819324,0.09352574690460135,-8.531036997988574,0.0,-20.0,-20.0,110.0,-4.872187388566687
909,9.09,-6.457254807380717,0.4491295243090011,1.5265983437728594,1.6492188969375319,0.09379583988422378,-8.540436739599093,0.0,-20.0,-20.0,110.0,-4.885383217222641
910,9.1,-6.4659200531191185,0.45008562704292954,1.5161765597727117,1.6492035689723723,0.0940659303662493,-8.54983648135392,0.0,-20.0,-20.0,110.0,-4.8985695602358925
911,9.11,-6.47458529885752,0.45104172977685814,1.505754775772564,1.6491881967868594,0.09433601834343802,-8.559236223253462,0.0,-20.0,-20.0,110.0,-4.911746495722528
912,9.120000000000001,-6.483250544595922,0.45199783251078696,1.4953329917724163,1.6491727803814002,0.09460610380855024,-8.56863596529814,0.0,-20.0,-20.0,110.0,-4.924914101238369
913,9.13,-6.491915790334324,0.45295393524471594,1.4849112077722686,1.6491573197564053,0.09487618675434573,-8.578035707488366,0.0,-20.0,-20.0,110.0,-4.9380724537833265
914,9.14,-6.500581036072726,0.45391003797864515,1.4744894237721209,1.6491418149122836,0.09514626717358479,-8.587435449824559,0.0,-20.0,-20.0,110.0,-4.951221629805684
915,9.15,-6.509246281811127,0.45486614071257453,1.4640676397719732,1.6491262658494465,0.09541634505902778,-8.596835192307136,0.0,-20.0,-20.0,110.0,-4.964361705206396
916,9.16,-6.517911527549529,0.4558222434465041,1.4536458557718255,1.649110672568307,0.09568642040343478,-8.606234934936506,0.0,-20.0,-20.0,110.0,-4.977492755343292
917,9.17,-6.526576773287931,0.4567783461804339,1.4432240717716778,1.6490950350692783,0.09595649319956633,-8.61563467771309,0.0,-20.0,-20.0,110.0,-4.990614855035298
918,9.18,-6.535242019026333,0.4577344489143638,1.4328022877715298,1.6490793533527748,0.09622656344018313,-8.625034420637304,0.0,-20.0,-20.0,110.0,-5.00372807856659
919,9.19,-6.5439072647647345,0.458690551648294,1.422380503771382,1.6490636274192125,0.09649663111804557,-8.63443416370956,0.0,-20.0,-20.0,110.0,-5.016832499690731
920,9.200000000000001,-6.552572510503136,0.4596466543822243,1.411958719771234,1.6490478572690086,0.09676669622591433,-8.643833906930274,0.0,-20.0,-20.0,110.0,-5.0299281916347445
921,9.21,-6.561237756241538,0.46060275711615484,1.401536935771086,1.6490320429025804,0.09703675875655007,-8.653233650299859,0.0,-20.0,-20.0,110.0,-5.043015227103192
922,9.22,-6.56990300197994,0.46155885985008555,1.3911151517709381,1.6490161843203477,0.09730681870271375,-8.662633393818737,0.0,-20.0,-20.0,110.0,-5.056093678282192
923,9.23,-6.578568247718342,0.4625149625840164,1.3806933677707902,1.6490002815227325,0.0975768760571658,-8.672033137487315,0.0,-20.0,-20.0,110.0,-5.069163616843401
924,9.24,-6.587233493456743,0.4634710653179475,1.3702715837706423,1.6489843345101558,0.0978469308126673,-8.681432881306016,0.0,-20.0,-20.0,110.0,-5.082225113947982
925,9.25,-6.595898739195145,0.4644271680518788,1.3598497997704944,1.6489683432830395,0.09811698296197921,-8.69083262527525,0.0,-20.0,-20.0,110.0,-5.095278240250521
926,9.26,-6.604563984933547,0.46538327078581027,1.3494280157703464,1.6489523078418094,0.09838703249786254,-8.700232369395435,0.0,-20.0,-20.0,110.0,-5.108323065902916
927,9.27,-6.613229230671949,0.4663393735197419,1.3390062317701985,1.6489362281868893,0.0986570794130786,-8.709632113666986,0.0,-20.0,-20.0,110.0,-5.121359660558236
928,9.28,-6.6218944764103504,0.46729547625367374,1.3285844477700506,1.648920104318707,0.09892712370038825,-8.719031858090318,0.0,-20.0,-20.0,110.0,-5.134388093374542
929,9.290000000000001,-6.630559722148752,0.4682515789876058,1.3181626637699027,1.6489039362376894,0.09919716535255281,-8.728431602665847,0.0,-20.0,-20.0,110.0,-5.147408433018678
930,9.3,-6.639224967887154,0.469207681721538,1.3077408797697547,1.6488877239442654,0.09946720436233383,-8.737831347393985,0.0,-20.0,-20.0,110.0,-5.160420747670034
931,9.31,-6.647890213625556,0.4701637844554704,1.2973190957696068,1.6488714674388643,0.09973724072249271,-8.747231092275154,0.0,-20.0,-20.0,110.0,-5.173425105024269
932,9.32,-6.6565554593639575,0.471119887189403,1.2868973117694589,1.6488551667219187,0.10000727442579055,-8.756630837309762,0.0,-20.0,-20.0,110.0,-5.18642157229701
933,9.33,-6.665220705102359,0.4720759899233358,1.276475527769311,1.6488388217938599,0.10027730546498895,-8.766030582498228,0.0,-20.0,-20.0,110.0,-5.199410216227513
934,9.34,-6.673885950840761,0.4730320926572688,1.266053743769163,1.6488224326551224,0.10054733383284953,-8.775430327840967,0.0,-20.0,-20.0,110.0,-5.212391103082293
935,9.35,-6.682551196579163,0.47398819539120196,1.255631959769015,1.6488059993061412,0.10081735952213396,-8.784830073338393,0.0,-20.0,-20.0,110.0,-5.225364298658739
936,9.36,-6.691216442317565,0.47494429812513533,1.2452101757688672,1.6487895217473516,0.10108738252560392,-8.794229818990921,0.0,-20.0,-20.0,110.0,-5.23832986828867
937,9.370000000000001,-6.699881688055966,0.4759004008590689,1.2347883917687192,1.6487729999791914,0.10135740283602122,-8.80362956479897,0.0,-20.0,-20.0,110.0,-5.251287876841883
938,9.38,-6.708546933794368,0.47685650359300263,1.2243666077685713,1.6487564340020984,0.10162742044614788,-8.813029310762952,0.0,-20.0,-20.0,110.0,-5.2642383887296695
939,9.39,-6.71721217953277,0.47781260632693656,1.2139448237684234,1.6487398238165125,0.10189743534874572,-8.822429056883283,0.0,-20.0,-20.0,110.0,-5.277181467908288
940,9.4,-6.725877425271172,0.47876870906087066,1.2035230397682755,1.648723169422873,0.10216744753657708,-8.831828803160377,0.0,-20.0,-20.0,110.0,-5.290117177882419
941,9.41,-6.7345426710095735,0.479724811794805,1.1931012557681275,1.6487064708216224,0.1024374570024038,-8.841228549594648,0.0,-20.0,-20.0,110.0,-5.303045581708585
942,9.42,-6.743207916747975,0.48068091452873946,1.1826794717679796,1.648689728013204,0.10270746373898787,-8.850628296186514,0.0,-20.0,-20.0,110.0,-5.315966741998556
943,9.43,-6.751873162486377,0.48163701726267416,1.1722576877678317,1.6486729409980623,0.10297746773909164,-8.860028042936387,0.0,-20.0,-20.0,110.0,-5.328880720922692
944,9.44,-6.760538408224779,0.48259311999660903,1.1618359037676838,1.6486561097766417,0.1032474689954775,-8.869427789844686,0.0,-20.0,-20.0,110.0,-5.341787580213296
945,9.450000000000001,-6.769203653963181,0.48354922273054407,1.1514141197675358,1.6486392343493892,0.10351746750090791,-8.87882753691182,0.0,-20.0,-20.0,110.0,-5.354687381167924
946,9.46,-6.777868899701582,0.4845053254644794,1.140992335767388,1.648622314716753,0.10378746324814517,-8.888227284138209,0.0,-20.0,-20.0,110.0,-5.367580184652643
947,9.47,-6.786534145439984,0.4854614281984148,1.13057055176724,1.6486053508791814,0.10405745622995172,-8.89762703152427,0.0,-20.0,-20.0,110.0,-5.380466051105309
948,9.48,-6.795199391178386,0.48641753093235046,1.120148767767092,1.6485883428371266,0.10432744643908994,-8.907026779070414,0.0,-20.0,-20.0,110.0,-5.393345040538773
949,9.49,-6.803864636916788,0.4873736336662863,1.1097269837669441,1.6485712905910384,0.10459743386832274,-8.916426526777055,0.0,-20.0,-20.0,110.0,-5.406217212544082
950,9.5,-6.812529882655189,0.4883297364002223,1.0993051997667962,1.6485541941413682,0.10486741851041309,-8.925826274644608,0.0,-20.0,-20.0,110.0,-5.41908262629366
951,9.51,-6.821195128393591,0.4892858391341585,1.0888834157666483,1.6485370534885702,0.10513740035812391,-8.935226022673493,0.0,-20.0,-20.0,110.0,-5.431941340544426
952,9.52,-6.829860374131993,0.4902419418680949,1.0784616317665003,1.6485198686330993,0.10540737940421795,-8.944625770864118,0.0,-20.0,-20.0,110.0,-5.4447934136409355
953,9.53,-6.838525619870395,0.4911980446020315,1.0680398477663524,1.6485026395754119,0.10567735564145807,-8.954025519216906,0.0,-20.0,-20.0,110.0,-5.457638903518454
954,9.540000000000001,-6.8471908656087965,0.49215414733596824,1.0576180637662045,1.6484853663159655,0.10594732906260709,-8.963425267732264,0.0,-20.0,-20.0,110.0,-5.470477867706026
955,9.55,-6.855856111347198,0.4931102500699052,1.0471962797660566,1.648468048855217,0.10621729966042845,-8.972825016410612,0.0,-20.0,-20.0,110.0,-5.483310363329514
956,9.56,-6.8645213570856,0.49406635280384237,1.0367744957659086,1.6484506871936275,0.10648726742768531,-8.982224765252363,0.0,-20.0,-20.0,110.0,-5.496136447114608
957,9.57,-6.873186602824002,0.4950224555377797,1.0263527117657607,1.6484332813316571,0.10675723235714073,-8.991624514257932,0.0,-20.0,-20.0,110.0,-5.50895617538981
958,9.58,-6.881851848562404,0.4959785582717172,1.0159309277656128,1.6484158312697677,0.10702719444155824,-9.001024263427738,0.0,-20.0,-20.0,110.0,-5.521769604089392
959,9.59,-6.890517094300805,0.4969346610056549,1.0055091437654649,1.6483983370084225,0.10729715367370123,-9.010424012762185,0.0,-20.0,-20.0,110.0,-5.534576788756345
960,9.6,-6.899182340039207,0.49789076373959285,0.9950873597653169,1.6483807985480863,0.10756711004633301,-9.019823762261696,0.0,-20.0,-20.0,110.0,-5.545507019927027
961,9.61,-6.907847585777609,0.49884686647353094,0.984665575765169,1.6483632158892245,0.10783706355221713,-9.029223511926686,0.0,-20.0,-20.0,110.0,-5.554348381792565
962,9.620000000000001,-6.916512831516011,0.49980296920746925,0.9742437917650211,1.6483455890323033,0.10810701418411754,-9.038623261757566,0.0,-20.0,-20.0,110.0,-5.5632042116138765
963,9.63,-6.9251780772544125,0.5007590719414077,0.9638220077648731,1.6483279179777897,0.10837696193479796,-9.048023011754756,0.0,-20.0,-20.0,110.0,-5.572074456604407
964,9.64,-6.933843322992814,0.5017151746753463,0.9534002237647252,1.6483102027261531,0.108646906797022,-9.057422761918662,0.0,-20.0,-20.0,110.0,-5.580959064155662
965,9.65,-6.942508568731216,0.5026712774092852,0.9429784397645773,1.6482924432778638,0.10891684876355366,-9.066822512249706,0.0,-20.0,-20.0,110.0,-5.589857981837119
966,9.66,-6.951173814469618,0.5036273801432243,0.9325566557644294,1.648274639633394,0.10918678782715671,-9.0762222627483,0.0,-20.0,-20.0,110.0,-5.598771157396113
967,9.67,-6.95983906020802,0.5045834828771635,0.9221348717642814,1.6482567917932152,0.1094567239805952,-9.08562201341486,0.0,-20.0,-20.0,110.0,-5.607698538757737
968,9.68,-6.968504305946421,0.5055395856111029,0.9117130877641335,1.648238899757802,0.1097266572166334,-9.0950217642498,0.0,-20.0,-20.0,110.0,-5.616640074024714
969,9.69,-6.977169551684823,0.5064956883450425,0.9012913037639856,1.6482209635276281,0.10999658752803534,-9.104421515253534,0.0,-20.0,-20.0,110.0,-5.625595711477267
970,9.700000000000001,-6.985834797423225,0.5074517910789823,0.8908695197638377,1.648202983103171,0.11026651490756516,-9.113821266426475,0.0,-20.0,-20.0,110.0,-5.634565399572995
971,9.71,-6.994500043161627,0.5084078938129223,0.8804477357636897,1.6481849584849066,0.11053643934798746,-9.123221017769042,0.0,-20.0,-20.0,110.0,-5.643549086946712
972,9.72,-7.003165288900028,0.5093639965468625,0.8700259517635418,1.648166889673315,0.11080636084206648,-9.132620769281647,0.0,-20.0,-20.0,110.0,-5.652546722410314
973,9.73,-7.01183053463843,0.5103200992808029,0.8596041677633939,1.6481487766688734,0.11107627938256685,-9.142020520964701,0.0,-20.0,-20.0,110.0,-5.6615582549526025
974,9.74,-7.020495780376832,0.5112762020147434,0.849182383763246,1.6481306194720635,0.11134619496225324,-9.151420272818624,0.0,-20.0,-20.0,110.0,-5.670583633739129
975,9.75,-7.029161026115234,0.5122323047486842,0.838760599763098,1.6481124180833682,0.11161610757388996,-9.160820024843831,0.0,-20.0,-20.0,110.0,-5.679622808112016
976,9.76,-7.0378262718536355,0.5131884074826252,0.8283388157629501,1.6480941725032705,0.11188601721024173,-9.17021977704073,0.0,-20.0,-20.0,110.0,-5.688675727589773
977,9.77,-7.046491517592037,0.5141445102165663,0.8179170317628022,1.6480758827322544,0.11215592386407353,-9.179619529409742,0.0,-20.0,-20.0,110.0,-5.697742341867117
978,9.78,-7.055156763330439,0.5151006129505076,0.8074952477626542,1.6480575487708047,0.11242582752815039,-9.189019281951275,0.0,-20.0,-20.0,110.0,-5.706822600814766
979,9.790000000000001,-7.063822009068841,0.5160567156844491,0.7970734637625063,1.6480391706194082,0.11269572819523722,-9.19841903466575,0.0,-20.0,-20.0,110.0,-5.715916454479238
980,9.8,-7.072487254807243,0.5170128184183908,0.7866516797623584,1.6480207482785538,0.11296562585809879,-9.207818787553576,0.0,-20.0,-20.0,110.0,-5.725023853082658
981,9.81,-7.081152500545644,0.5179689211523326,0.7762298957622105,1.6480022817487299,0.11323552050950027,-9.21721854061517,0.0,-20.0,-20.0,110.0,-5.7341447470225155
982,9.82,-7.089817746284046,0.5189250238862747,0.7658081117620625,1.647983771030428,0.11350541214220679,-9.226618293850947,0.0,-20.0,-20.0,110.0,-5.743279086871459
983,9.83,-7.098482992022448,0.519881126620217,0.7553863277619146,1.6479652161241374,0.11377530074898398,-9.236018047261322,0.0,-20.0,-20.0,110.0,-5.752426823377064
984,9.84,-7.10714823776085,0.5208372293541594,0.7449645437617667,1.6479466170303527,0.11404518632259694,-9.245417800846708,0.0,-20.0,-20.0,110.0,-5.761587907461596
985,9.85,-7.1158134834992515,0.5217933320881021,0.7345427597616188,1.6479279737495665,0.11431506885581133,-9.254817554607522,0.0,-20.0,-20.0,110.0,-5.770762290221771
986,9.86,-7.124478729237653,0.522749434822045,0.7241209757614708,1.6479092862822735,0.11458494834139259,-9.26421730854417,0.0,-20.0,-20.0,110.0,-5.779949922928501
987,9.870000000000001,-7.133143974976055,0.5237055375559879,0.7136991917613229,1.647890554628967,0.11485482477210596,-9.273617062657056,0.0,-20.0,-20.0,110.0,-5.789150757026653
988,9.88,-7.141809220714457,0.5246616402899311,0.703277407761175,1.6478717787901505,0.1151246981407178,-9.283016816946631,0.0,-20.0,-20.0,110.0,-5.798364744134772
989,9.89,-7.150474466452859,0.5256177430238745,0.692855623761027,1.6478529587663187,0.11539456843999366,-9.292416571413288,0.0,-20.0,-20.0,110.0,-5.807591836044836
990,9.9,-7.15913971219126,0.5265738457578182,0.6824338397608791,1.6478340945579721,0.11566443566269907,-9.30181632605744,0.0,-20.0,-20.0,110.0,-5.816831984721964
991,9.91,-7.167804957929662,0.5275299484917619,0.6720120557607312,1.6478151861656123,0.11593429980159997,-9.311216080879499,0.0,-20.0,-20.0,110.0,-5.826085142304159
992,9.92,-7.176470203668064,0.5284860512257059,0.6615902717605833,1.6477962335897403,0.11620416084946249,-9.320615835879886,0.0,-20.0,-20.0,110.0,-5.835351261102007
993,9.93,-7.185135449406466,0.5294421539596501,0.6511684877604352,1.6477772368308599,0.11647401879905275,-9.330015591059013,0.0,-20.0,-20.0,110.0,-5.844630293598408
994,9.94,-7.193800695144867,0.5303982566935944,0.6407467037602872,1.6477581958894756,0.1167438736431369,-9.339415346417292,0.0,-20.0,-20.0,110.0,-5.853922192448266
995,9.950000000000001,-7.202465940883269,0.531354359427539,0.6303249197601392,1.6477391107660917,0.11701372537448139,-9.34881510195514,0.0,-20.0,-20.0,110.0,-5.863226910478206
996,9.96,-7.211131186621671,0.5323104621614837,0.6199031357599911,1.6477199814612156,0.11728357398585243,-9.35821485767297,0.0,-20.0,-20.0,110.0,-5.872544400686259
997,9.97,-7.219796432360073,0.5332665648954287,0.6094813517598431,1.6477008079753543,0.11755341947001634,-9.367614613571194,0.0,-20.0,-20.0,110.0,-5.881874616241561
998,9.98,-7.2284616780984745,0.5342226676293738,0.599059567759695,1.6476815903090185,0.11782326181973983,-9.377014369650228,0.0,-20.0,-20.0,110.0,-5.891217510484039
999,9.99,-7.237126923836876,0.5351787703633191,0.588637783759547,1.6476623284627174,0.11809310102778921,-9.386414125910482,0.0,-20.0,-20.0,110.0,-5.9005730369240945
1000,10.0,-7.245792169575278,0.5361348730972646,0.578215999759399,1.6476430224369636,0.11836293708693106,-9.395813882352376,0.0,-20.0,-20.0,110.0,-5.909941149242274
1001,10.01,-7.25445741531368,0.5370909758312102,0.5677942157592509,1.64762367223227,0.1186327699899323,-9.405213638976322,0.0,-20.0,-20.0,110.0,-5.919321801288951
1002,10.02,-7.263122661052082,0.5380470785651561,0.5573724317591029,1.6476042778491484,0.11890259972955998,-9.414613395782736,0.0,-20.0,-20.0,110.0,-5.928714947083995
1003,10.03,-7.271787906790483,0.5390031812991022,0.5469506477589549,1.6475848392881147,0.11917242629858081,-9.424013152772028,0.0,-20.0,-20.0,110.0,-5.93812054081642
1004,10.040000000000001,-7.280453152528885,0.5399592840330484,0.5365288637588068,1.6475653565496862,0.11944224968976187,-9.433412909944616,0.0,-20.0,-20.0,110.0,-5.947538536844074
1005,10.05,-7.289118398267287,0.5409153867669948,0.5261070797586588,1.6475458296343781,0.11971206989587017,-9.442812667300908,0.0,-20.0,-20.0,110.0,-5.956968889693259
1006,10.06,-7.297783644005689,0.5418714895009414,0.5156852957585107,1.6475262585427108,0.11998188690967299,-9.452212424841319,0.0,-20.0,-20.0,110.0,-5.966411554058414
1007,10.07,-7.3064488897440905,0.5428275922348883,0.5052635117583627,1.6475066432752026,0.12025170072393758,-9.46161218256627,0.0,-20.0,-20.0,110.0,-5.975866484801744
1008,10.08,-7.315227443981579,0.5437642650414513,0.4996828394655807,1.7203291189040864,-0.028702053102875023,-7.005007686337183,0.0,-20.0,-20.0,110.0,-6.823409554150958
1009,10.09,-7.324094398911289,0.5447327066159493,0.4943656881192834,1.8288036452664431,-0.5260285283848705,-3.406646580052118,0.0,-20.0,-20.0,110.0,-6.1794024301114
1010,10.1,-7.333224629367452,0.5456865759387702,0.494642669641543,1.8749282330388128,-1.2581694576070412,-1.7829346803512112,0.0,-20.0,-20.0,110.0,-6.246157793962899
1011,10.11,-7.342499680505384,0.5466825870870604,0.49563144809463977,1.8322037751444673,-2.1829435323455195,-0.15918528872700502,0.0,-20.0,-20.0,110.0,-6.389678715153538
1012,10.120000000000001,-7.351865454649152,0.5477032114633207,0.4967974756386927,1.6716355981636148,-3.231894311816295,1.9572271856443824,0.0,-20.0,-20.0,110.0,-6.509736105020972
1013,10.13,-7.361274782352404,0.548736999053426,0.4978639000823183,1.3975032306059436,-4.328213248241153,4.403059138484893,0.0,-20.0,-20.0,110.0,-6.558277149105296
1014,10.14,-7.370691730606317,0.5497712198906161,0.4989094755596615,1.0187377656152974,-5.419562496853529,6.982698755699982,0.0,-20.0,-20.0,110.0,-6.563539818159065
1015,10.15,-7.380105710234304,0.5508048955147029,0.4999273001964431,0.543689976072233,-6.4834694163145565,9.574938194487407,0.0,-20.0,-20.0,110.0,-6.578968476875053
1016,10.16,-7.389515250722556,0.5518392435577684,0.5009179481721531,-0.026496065064456058,-7.513448614640281,12.182144486549655,0.0,-20.0,-20.0,110.0,-6.592569408782805
1017,10.17,-7.398921440212101,0.5528741969691348,0.5018826304688937,-0.6903376091823245,-8.503055982093922,14.806328378415,0.0,-20.0,-20.0,110.0,-6.607288329352573
1018,10.18,-7.408323804806801,0.5539097317316936,0.5028214123688578,-1.4459678121359993,-9.445902657732395,17.44906491092778,0.0,-20.0,-20.0,110.0,-6.623104049014795
1019,10.19,-7.417721872738904,0.5549458237282434,0.5037343676400914,-2.2910887758995986,-10.335679289467734,20.111428110348957,0.0,-20.0,-20.0,110.0,-6.639992504263358
1020,10.200000000000001,-7.427115173702108,0.55598244754842,0.5046215785734295,-3.2229258028203844,-11.166186805201185,22.793937745337495,0.0,-20.0,-20.0,110.0,-6.657928688334221
1021,10.21,-7.436503238888098,0.5570195772149173,0.5054831360072485,-4.238186275967401,-11.9313729183309,25.496516317246165,0.0,-20.0,-20.0,110.0,-6.67688551210713
1022,10.22,-7.445885600905897,0.5580571858694243,0.5063191393521759,-5.333025185817248,-12.625373933274691,28.218451967037968,0.0,-20.0,-20.0,110.0,-6.6968342922698865
1023,10.23,-7.455261794088197,0.5590952463587578,0.5071296965701994,-6.5030192395286885,-13.24256146538589,30.95836918918059,0.0,-20.0,-20.0,110.0,-6.717743945986549
1024,10.24,-7.464631354688173,0.5601337313410949,0.5079149241468751,-7.743153143247337,-13.777593195969116,33.71421269913654,0.0,-20.0,-20.0,110.0,-6.739580944627266
1025,10.25,-7.4739938210548855,0.5611726132932322,0.5086749470605336,-9.047821176427389,-14.225466367391016,36.483248121103586,0.0,-20.0,-20.0,110.0,-6.762309423998108
1026,10.26,-7.483348733809682,0.5622118645294965,0.5094098987449153,-10.410846820691367,-14.581572243679485,39.262082361946135,0.0,-20.0,-20.0,110.0,-6.785891292427939
1027,10.27,-7.492695636026862,0.5632514572292936,0.5101199210461952,-11.82552199329822,-14.841749571655354,42.04670472445998,0.0,-20.0,-20.0,110.0,-6.810286330994381
1028,10.28,-7.502034073418718,0.5642913634485868,0.5108051641719215,-13.284666538452662,-15.002334781179261,44.83254946968092,0.0,-20.0,-20.0,110.0,-6.835452326028332
1029,10.290000000000001,-7.511363594503179,0.5653315550970407,0.5114657866383102,-14.780707331797515,-15.060206585217417,47.614579042279935,0.0,-20.0,-20.0,110.0,-6.861345256491005
1030,10.3,-7.520683750765751,0.5663720040116563,0.51210195521709,-16.30577486543253,-15.0128227348891,50.387385614050224,0.0,-20.0,-20.0,110.0,-6.887919346229822
1031,10.31,-7.5299940968346775,0.5674126819283781,0.5127138448711213,-17.851813774129436,-14.85824703966943,53.14530702261009,0.0,-20.0,-20.0,110.0,-6.915127263535248
1032,10.32,-7.5392941906122255,0.5684535605703408,0.5133016387035715,-19.410702670980346,-14.59516526651171,55.882552471522494,0.0,-20.0,-20.0,110.0,-6.942920164639914
1033,10.33,-7.5485835934349215,0.5694946116167728,0.5138655278917832,-20.974378046627642,-14.222888799871795,58.59333300142833,0.0,-20.0,-20.0,110.0,-6.971247906022798
1034,10.34,-7.557861870241486,0.5705358067271027,0.5144057116122189,-22.53495645678707,-13.741345760643895,61.271990752758235,0.0,-18.14007043838501,-20.0,110.0,-7.000059186646206
1035,10.35,-7.567128589786756,0.571577117610968,0.5149223969365115,-24.08484925463674,-13.151060100918402,63.91312097999119,0.0,-12.23339557647705,-20.0,110.0,-7.029301629748672
1036,10.36,-7.576383324804595,0.5726185160216732,0.5154157987455187,-25.616864741698386,-12.453119614040633,66.51168214960741,0.0,-6.680076718330383,-20.0,110.0,-7.05892195946809
1037,10.370000000000001,-7.585625652054926,0.5736599735712068,0.5158861396910002,-27.124293974966747,-11.649133893162496,69.06309109218921,0.0,-1.561475396156311,-20.0,110.0,-7.088866440815467
1038,10.38,-7.594855152439245,0.5747014615861966,0.516333650129161,-28.600977238154524,-10.741184125994199,71.5632999462678,0.0,3.1842631101608276,-20.0,110.0,-7.119081211027885
1039,10.39,-7.604071409796788,0.575742951037577,0.516758568931884,-30.04134828292009,-9.731765441360755,74.00885541226211,0.0,7.738260626792909,-20.0,110.0,-7.149512517155804
1040,10.4,-7.613274012840833,0.576784412907105,0.5171611422416529,-31.44046086543438,-8.623728132831483,76.39693253334337,0.0,12.312142848968506,-20.0,110.0,-7.180106683015189
1041,10.41,-7.6224625564599515,0.5778258194039412,0.5175416228377551,-32.793990455869505,-7.420221348525044,78.72534487291503,0.0,16.988141536712646,-20.0,110.0,-7.21080847606233
1042,10.42,-7.631636639553602,0.5788671421594807,0.51790027124518,-34.098219410715856,-6.124633667269131,80.9925449149576,0.0,20.0,-20.0,110.0,-7.241563580712647
1043,10.43,-7.640795865619265,0.5799083527546773,0.5182373554591783,-35.350007176489484,-4.740536316086809,83.19760948268,0.0,20.0,-20.0,110.0,-7.272318172581907
1044,10.44,-7.649939843096375,0.5809494228019524,0.5185531507304105,-36.54674757034921,-3.2716306865705147,85.34021317457251,0.0,20.0,-20.0,110.0,-7.303019004896217
1045,10.450000000000001,-7.659068185648615,0.5819903239569911,0.5188479393695407,-37.6863160094977,-1.7217006767571648,87.42059377744125,0.0,20.0,-20.0,110.0,-7.333613568457743
1046,10.46,-7.668180512193456,0.5830310279162819,0.5191220107114958,-38.767009507043106,-0.09457044698620172,89.43951285139451,0.0,20.0,-20.0,110.0,-7.364050251285231
1047,10.47,-7.67727644700635,0.5840715064351212,0.5193756610357004,-39.787482010677024,1.6059319905770888,91.3982143206169,0.0,20.0,-20.0,110.0,-7.394278480585285
1048,10.48,-7.686355619842459,0.5851117313450016,0.5196091934715363,-40.74667709800444,3.3760052731870847,93.29838364799966,0.0,20.0,-20.0,110.0,-7.424248861065565
1049,10.49,-7.695417666063537,0.5861516745664284,0.5198229178960786,-41.64375955082429,5.2118994350157175,95.14210983167291,0.0,20.0,-20.0,110.0,-7.453913314467802
1050,10.5,-7.704462226764015,0.5871913081185332,0.5200171508281466,-42.47804681629462,7.109935200655939,96.93185209646542,0.0,20.0,-20.0,110.0,-7.483225217989809
1051,10.51,-7.7134889488942875,0.588230604127405,0.5201922153202813,-43.24894085650464,9.066518205135898,98.67041283107407,0.0,20.0,-20.0,110.0,-7.512139538521051
1052,10.52,-7.722497485380895,0.5892695348342657,0.5203484408491262,-43.95586040398753,11.07814855526858,100.36091807942087,0.0,20.0,-20.0,110.0,-7.540612960711829
1053,10.53,-7.73148749524379,0.5903080726039182,0.5204861632042416,-44.59817318016312,13.141426144703768,102.0068067505703,0.0,20.0,-20.0,110.0,-7.568604007873802
1054,10.540000000000001,-7.740458643710969,0.5913461899335221,0.5206057243752272,-45.17512718723371,15.253052101825684,103.6118296766313,0.0,20.0,-20.0,110.0,-7.59607315525262
1055,10.55,-7.749410602330736,0.5923838594616043,0.5207074724370215,-45.685779733620514,17.409826689854043,105.1800597323396,0.0,20.0,-20.0,110.0,-7.622982935441556
1056,10.56,-7.758343049081712,0.5934210539771867,0.5207917614332782,-46.128922372321945,19.608643894809795,106.71591444664399,0.0,20.0,-20.0,110.0,-7.649298035769115
1057,10.57,-7.7672556684806775,0.5944577464289373,0.5208589512577791,-46.502999385364106,21.846482830115896,108.22419290523952,0.0,20.0,-20.0,110.0,-7.674985387489953
1058,10.58,-7.776148151688226,0.5954939099342865,0.5209094075338868,-46.80601678964788,24.120395954703977,109.71012929365588,0.0,20.0,-20.0,110.0,-7.7000142465908885
1059,10.59,-7.785020196612214,0.5965295177884782,0.5209435014920617,-47.03543800930483,26.427493939492546,111.17946620858027,0.0,20.0,-20.0,110.0,-7.724356266015134
1060,10.6,-7.793871508008974,0.5975645434735468,0.5209616098454861,-47.18806127615394,28.764926815565325,112.6385519378603,0.0,20.0,-20.0,110.0,-7.74798555911424
1061,10.61,-7.802701797582237,0.5985989606672157,0.520964114663842,-47.25987237287858,31.12986078101043,114.0944673754926,0.0,20.0,-20.0,110.0,-7.770878754158061
1062,10.620000000000001,-7.81151078407973,0.599632743251723,0.5209514032452884,-47.24586437089177,33.519449708635214,115.55519023945602,0.0,20.0,-20.0,110.0,-7.79301503976203
1063,10.63,-7.820298193387423,0.6006658653225713,0.520923867986685,-47.139813323400126,35.93079994813182,117.02980700300114,0.0,20.0,-20.0,110.0,-7.81437620112624
1064,10.64,-7.829063758621376,0.6016983011972065,0.520881906252106,-46.933995153082584,38.36092640040051,118.52878672896587,0.0,20.0,-20.0,110.0,-7.834946647016261
1065,10.65,-7.837807220217171,0.6027300254236209,0.5208259202396904,-46.61882379723198,40.80669697828627,120.064336233401,0.0,20.0,-20.0,110.0,-7.854713427453825
1066,10.66,-7.846528326016885,0.6037610127888795,0.520756316846873,-46.182383440731954,43.26476133503284,121.65086329666504,0.0,20.0,-20.0,110.0,-7.873666242119812
1067,10.67,-7.85522683135358,0.6047912383275675,0.5206735075340401,-45.609817543948864,45.731457952936324,123.30558482006661,0.0,20.0,-20.0,110.0,-7.891797439508842
1068,10.68,-7.863902499133292,0.6058206773301552,0.5205779081866573,-44.88252323354229,48.20269105324418,125.04933101779699,0.0,20.0,-20.0,110.0,-7.90910200690829
1069,10.69,-7.872555099914475,0.6068493053512769,0.5204699389759136,-43.977080053007924,50.673764871708784,126.90761635294926,0.0,20.0,-20.0,110.0,-7.925577551309411
1070,10.700000000000001,-7.8811844119848775,0.6078770982179224,0.5203500242179309,-42.86381555555931,53.13915696117279,128.91207448348672,0.0,20.0,-20.0,110.0,-7.941224271390572
1071,10.71,-7.889790221435841,0.6089040320375366,0.5202185922315824,-41.504875937803234,55.59220329930732,131.1023888060401,0.0,20.0,-20.0,110.0,-7.956044920745519
1072,10.72,-7.898372322233972,0.6099300832060264,0.5200760751949717,-39.85163005890611,58.02465458284069,133.52889007223393,0.0,20.0,-20.0,110.0,-7.970044762561706
1073,10.73,-7.906930516290183,0.6109552284156685,0.519922909000618,-37.841201345614806,60.42604314809069,136.25602642515906,0.0,20.0,-20.0,110.0,-7.983231515983425
1074,10.74,-7.915464613526065,0.6119794446629206,0.5197595331093959,-35.3919314277658,62.78277133612588,139.36690188381087,0.0,20.0,-20.0,110.0,-7.9956152944255034
1075,10.75,-7.923974431937581,0.613002709256129,0.5195863904032811,-32.39773397567604,65.07679457773705,142.96892469732396,0.0,20.0,-20.0,110.0,-8.00720853613099
1076,10.76,-7.932459797656056,0.6140249998231323,0.519403927036948,-28.72185254564629,67.2837344357317,147.20005167346744,0.0,20.0,-20.0,110.0,-8.018025927294067
1077,10.77,-7.940920545006428,0.6150462943187576,0.519212592288272,-24.192071707865725,69.37025499453375,152.23357913236984,0.0,20.0,-20.0,110.0,-8.028084318095269
1078,10.78,-7.949356516562773,0.616066571032208,0.5190128384077841,-18.60305542110408,71.29068368715127,158.27580645835417,0.0,20.0,-20.0,110.0,-8.037402632020795
1079,10.790000000000001,-7.957767563201046,0.6170858085943373,0.518805120467131,-11.73852311873588,72.98343420619439,165.54386173240187,0.0,20.0,-20.0,110.0,-8.046001768860387
1080,10.8,-7.966153544149061,0.6181039859848096,0.5185898962065879,-3.4348441848568982,74.36927831761847,174.20210872141618,0.0,20.0,-20.0,110.0,-8.053904501799922
1081,10.81,-7.974514327033648,0.6191210825391447,0.5183676258816791,6.296180787676078,75.35606567257956,-175.7606332064025,0.0,20.0,-20.0,110.0,-8.061135369044088
1082,10.82,-7.982849787928436,0.6201370780349544,0.5181387720778168,17.119484774846782,75.8557818509208,-164.6789235894629,0.0,15.180096626281738,-20.0,110.0,-8.067720451869327
1083,10.83,-7.991159811396155,0.6211519527773477,0.5179037995310852,28.34006932376109,75.81330191062693,-153.24736548516978,0.0,10.205357074737549,-20.0,110.0,-8.073687142113306
1084,10.84,-7.999444290518225,0.622165687413998,0.5176631750271823,39.11090742673179,75.23051773209558,-142.31270233791983,0.0,5.1947712898254395,-20.0,110.0,-8.07906429426372
1085,10.85,-8.007703126919376,0.6231782630390519,0.5174173672762475,48.77075994337209,74.16495303839463,-132.53600187526715,0.0,0.13918906450271606,-20.0,110.0,-8.083881954677299
1086,10.86,-8.015936230789512,0.6241896588671402,0.5171668474012235,57.02523940617856,72.70427795850551,-124.21159214019669,0.0,-4.960366785526276,-20.0,110.0,-8.088174515874268
1087,10.870000000000001,-8.024143521008682,0.6251998604385086,0.5169120865472481,63.88942070313771,70.93835747301335,-117.32445179190802,0.0,-10.062036514282227,-20.0,110.0,-8.0919691059766
1088,10.88,-8.032324925050993,0.6262088444136407,0.5166535595763521,69.53794443154159,68.9435826557721,-111.70010974575496,0.0,-15.087788105010986,-20.0,110.0,-8.095306691168203
1089,10.89,-8.040480379129555,0.6272165957440301,0.5163917405560975,74.1885368174034,66.77899389081095,-107.12112821861926,0.0,-19.967927932739258,-18.2358455657959,110.0,-8.09821800576066
1090,10.9,-8.048609828118355,0.6282230974092724,0.5161271053062098,78.04411242884571,64.48825420291404,-103.38500159279629,0.0,-20.0,-16.70729637145996,110.0,-8.10073771832022
1091,10.91,-8.056713225610533,0.6292283325161697,0.5158601306364704,81.27366692429594,62.1031805719561,-100.3232669895628,0.0,-20.0,-15.394577980041506,110.0,-8.102901400924338
1092,10.92,-8.064790533923606,0.6302322847437842,0.5155912941314444,84.0111723234025,59.6470015395263,-97.80261312381343,0.0,-20.0,-14.174795150756834,110.0,-8.104744768719366
1093,10.93,-8.072841724114605,0.6312349382322832,0.515321074003882,86.36071123333258,57.1368654624314,-95.71975062726757,0.0,-20.0,-12.95588493347168,110.0,-8.10630370723881
1094,10.94,-8.080866775991542,0.6322362775583725,0.5150499489330247,88.40271647862009,54.58563910335683,-93.9951776320148,0.0,-20.0,-11.682839393615723,110.0,-8.107614181081571
1095,10.950000000000001,-8.088865678119692,0.6332362877523477,0.5147783979136078,90.19950973707866,52.003162207316336,-92.56764706313656,0.0,-20.0,-10.326478481292725,110.0,-8.108712084316677
1096,10.96,-8.096838427828137,0.6342349542680734,0.5145069000768153,91.79971887828358,49.39711654388941,-91.38975597642208,0.0,-20.0,-8.868750929832458,110.0,-8.109633160476342
1097,10.97,-8.104785031209767,0.6352322629992606,0.5142359345362353,93.24164515275554,46.77363009494146,-90.42458583678399,0.0,-20.0,-7.293557524681091,110.0,-8.110412858059432
1098,10.98,-8.112705503118654,0.636228200306704,0.513965980233584,94.55578168973044,44.13770114870918,-89.64319232344202,0.0,-20.0,-5.588912367820739,110.0,-8.111086174211012
1099,10.99,-8.120599867166137,0.6372227530014122,0.5136975157779249,95.76668616140192,41.49349978153902,-89.02274182061979,0.0,-20.0,-3.7599462270736694,110.0,-8.111687562034232
1100,11.0,-8.128468155713392,0.6382159083258305,0.5134310192645839,96.89437478623745,38.84458520120056,-88.54512746475345,0.0,-20.0,-1.8432565033435822,110.0,-8.112250845501096
1101,11.01,-8.136310409857831,0.6392076539516437,0.5131669681017472,97.95536526920434,36.194064752060704,-88.19593721954422,0.0,-20.0,0.09066149592399597,110.0,-8.112809116609636
1102,11.02,-8.14412667941361,0.6401979780762749,0.5129058388930443,98.96346286263498,33.54471219163846,-87.96367982384496,0.0,-20.0,1.9537214934825897,110.0,-8.11339448285936
1103,11.03,-8.151917022903016,0.6411868691949251,0.5126481071343837,99.93035779734726,30.899058209731084,-87.83920039582941,0.0,-20.0,3.666906952857971,110.0,-8.11403834582067
1104,11.040000000000001,-8.159681507538394,0.6421743166690498,0.5123942474515116,100.86608411618364,28.25946165354116,-87.81523524387727,0.0,-20.0,5.181122422218323,110.0,-8.114770415405172
1105,11.05,-8.167420209199184,0.6431603101874892,0.5121447330713301,101.77937509984366,25.62816440029656,-87.88607112068414,0.0,-20.0,6.481855511665344,110.0,-8.115619449487124
1106,11.06,-8.175133212402537,0.6441448398830576,0.511900035735402,102.67794134270056,23.00733558048903,-88.04728276850724,0.0,-20.0,7.580631375312805,110.0,-8.116612994836446
1107,11.07,-8.18282061027573,0.6451278963690684,0.5116606255662806,103.5686906213264,20.399108450856126,-88.29552938314384,0.0,-20.0,8.502829670906067,110.0,-8.117777257691355
1108,11.08,-8.19054242894786,0.6461127309205045,0.511412864769218,104.4579194779787,17.805613597869204,-88.62840318985955,197.27676391601562,-20.0,9.278901219367981,109.99919605255127,-8.164142578870102
1109,11.09,-8.19846155031635,0.647108296481456,0.5111159350050967,105.35146568269141,15.229009402523845,-89.04431413622693,538.1513061523438,-20.0,9.917839169502258,109.99700164794922,-8.24883520212257
1110,11.1,-8.206782308435434,0.6481260190574962,0.5107120574258711,106.25480707892973,12.671507334828682,-89.5423885795194,877.6533813476562,-20.0,10.431656837463379,109.99342346191406,-8.342622748936643
1111,11.11,-8.215705662336783,0.6491773719377676,0.5101361794004665,107.17314521118247,10.135394507589263,-90.12238601831172,1214.488037109375,-20.0,10.837876796722412,109.98847103118896,-8.444938427549163
1112,11.120000000000001,-8.225427622469791,0.6502737858234378,0.509316670083367,108.11148374468219,7.623055794727251,-90.7846355033743,1545.201171875,-20.0,11.141774654388428,109.98217010498047,-8.55465098905443
1113,11.13,-8.236136726316433,0.6514265012817311,0.5081762946668776,109.07469228719549,5.136995135687339,-91.52998395652976,1865.2716064453125,-20.0,11.339728832244873,109.97456455230713,-8.670253263438719
1114,11.14,-8.24801122222782,0.6526463989890607,0.5066334854041279,110.06755785078424,2.679856391124921,-92.35975317003818,2170.039306640625,-20.0,11.425127983093262,109.96571636199951,-8.790045338108948
1115,11.15,-8.261141860758363,0.6539394694572913,0.5046318074809877,111.09480276596376,0.2544391389573615,-93.27568976999906,2200.0,-20.0,11.39301061630249,109.9567461013794,-8.85532787568601
1116,11.16,-8.275528637732956,0.6553064924889037,0.5021447522712904,112.16111312251732,-2.136282984151186,-94.27992875804438,2200.0,-20.0,11.27690076828003,109.94777584075928,-8.9142727111001
1117,11.17,-8.2911623846976,0.6567477191137597,0.49914931701028936,113.27118330600622,-4.489138023660696,-95.37497339846003,2200.0,-20.0,11.08367919921875,109.93880558013916,-8.972772266765382
1118,11.18,-8.308033518970719,0.6582633789272843,0.49562268888268535,114.429729202149,-6.800734914113871,-96.56366336799798,2200.0,-20.0,10.81583023071289,109.92983531951904,-9.030719300053677
1119,11.19,-8.326132036929886,0.6598536788962793,0.49154222571096,115.64148759808945,-9.067443635681869,-97.84913748644246,2200.0,-20.0,10.471341609954834,109.92086505889893,-9.087998385756617
1120,11.200000000000001,-8.345447516885335,0.6615188027572587,0.48688546359530654,116.91120301808151,-11.285376347227821,-99.23478963900472,2200.0,-20.0,10.04213571548462,109.91189479827881,-9.14448531102902
1121,11.21,-8.365969122114889,0.6632589103760338,0.48163012453097065,118.24360011006718,-13.450370202736181,-100.72421499887713,2200.0,-20.0,9.516074061393736,109.90292453765869,-9.256256037940753
1122,11.22,-8.387685604063522,0.6650741370712475,0.475754124004635,119.6433392974983,-15.557972809135432,-102.3211434666071,2200.0,-20.0,8.881866335868834,109.89395427703857,-9.373975132694353
1123,11.23,-8.410585305712244,0.6669645929030639,0.4692355785702486,121.11495311170064,-17.603431568683952,-104.02935711837024,2200.0,-20.0,8.136102557182312,109.88498401641846,-9.492777014508377
1124,11.24,-8.43465616512262,0.6689303619269739,0.4620528134039513,122.66276049572284,-19.581688462380242,-105.8525884756779,2200.0,-20.0,7.290495038032532,109.87601375579834,-9.612561058575539
1125,11.25,-8.459885719164058,0.6709715014170464,0.45418436983799154,124.29075652314485,-21.487382214672653,-107.79439659561035,2200.0,-20.0,6.37749969959259,109.86704349517822,-9.733228782959294
1126,11.26,-8.486261107431877,0.6730880410389614,0.4456090128702087,126.00247547888428,-23.31486018873443,-109.8580185542348,2200.0,-20.0,5.450667738914489,109.8580732345581,-9.854684130050524
1127,11.27,-8.513769076379658,0.6752799819909843,0.4363057386576735,127.80082637664405,-25.058202630393133,-112.04619497072127,2200.0,-20.0,4.577456116676331,109.84910297393799,-9.976833817887089
1128,11.28,-8.542395983646488,0.6775472961882196,0.42625378196176766,129.68790155448565,-26.711261714981088,-114.36097035756131,2200.0,-20.0,3.8261157274246216,109.84013271331787,-10.099587442633018
1129,11.290000000000001,-8.572127802615201,0.6798899252520185,0.41543262362323136,131.66476250821566,-28.267716230393585,-116.80347426230622,2200.0,-20.0,3.2531434297561646,109.83116245269775,-10.22285791057787
1130,11.3,-8.602950127096491,0.6823077795919826,0.40382199807071956,133.73120965120964,-29.72114576474852,-119.37368754757895,2200.0,-20.0,2.8970128297805786,109.82219219207764,-10.346561733110315
1131,11.31,-8.634848176052289,0.6848007377773279,0.3914019007471054,135.88554555682236,-31.06512912068209,-122.0702004861739,2200.0,-20.0,2.7798086404800415,109.81322193145752,-10.47061876357986
1132,11.32,-8.66780679853083,0.6873686457985929,0.3781525955509756,138.12434773637145,-32.29336584624043,-124.88998091282272,2200.0,-20.0,2.9144030809402466,109.8042516708374,-10.594952817820314
1133,11.33,-8.701810478617933,0.6900113166883507,0.3640546221305257,140.4422704824301,-33.39982054675932,-127.82817157437175,2200.0,-20.0,3.316898941993713,109.79528141021729,-10.719491426724806
1134,11.34,-8.736843340528708,0.6927285301611678,0.34908880308532225,142.83190000967937,-34.37888544594281,-130.8779420982376,2200.0,-20.0,4.0266114473342896,109.78631114959717,-10.844165930299447
1135,11.35,-8.772889153797015,0.6955200323455994,0.3332362510624976,145.28368763752505,-35.225555563210754,-134.03041991369628,2200.0,-20.0,5.124955773353577,109.77734088897705,-10.968911569374038
1136,11.36,-8.809931338526956,0.6983855356161749,0.3164783757385926,147.78598368907845,-35.93560818873714,-137.2747225269246,2200.0,-20.0,6.712056994438171,109.76837062835693,-11.09366751081585
1137,11.370000000000001,-8.847952970680534,0.7013247185201502,0.29879689068437,150.32518874312825,-36.5057758879176,-140.59810769424246,2200.0,-20.0,8.772034049034119,109.75940036773682,-11.2183768382791
1138,11.38,-8.88693678737585,0.7043372258041279,0.2801738200985109,152.88602855503225,-36.93390123707068,-143.9862475782206,2200.0,-20.0,10.988385677337646,109.7504301071167,-11.342986480665898
1139,11.39,-8.915723873025216,0.706937698054507,0.2782838013577585,150.74994790520768,-34.77841694228656,-140.18551532973157,2200.0,-20.0,12.833576202392578,109.74145984649658,-11.897943625604935
1140,11.4,-8.946544043195376,0.7096625080460122,0.2739831136583935,141.61070371803407,-25.88662732180792,-124.05609429990216,2200.0,-20.0,8.822100758552551,109.73248958587646,-13.524558664924296
1141,11.41,-8.968193398079444,0.712007125798803,0.2851020930141115,134.84598695498102,-12.809416056037556,-108.2156561840275,2200.0,-20.0,-5.267130732536316,109.72351932525635,-13.38670704467968
1142,11.42,-8.990776694998328,0.7144252732036906,0.295494667033208,132.06743111852435,1.7947513678182903,-94.71460465996913,2200.0,-20.0,-17.859716415405273,109.71454906463623,-13.566695551721862
1143,11.43,-9.014621554487777,0.7169541215564957,0.3042788195477652,132.90831407524962,16.94596576073745,-81.70321578091861,1095.9368896484375,-20.0,-20.0,109.71008014678955,-13.411080084041174
1144,11.44,-9.03868410363383,0.7195073630628002,0.31287168431140955,138.02371550916487,31.71173411414034,-67.07144129945009,0.0,-20.0,-17.681134939193726,109.71008014678955,-13.23799126380761
1145,11.450000000000001,-9.062708199636226,0.7220546116888353,0.32149858916454155,149.5561222557345,44.66358944284726,-47.751680482865765,0.0,-20.0,-17.121498584747314,109.71008014678955,-13.27703077158913
1146,11.46,-9.08669212116394,0.7245952820189797,0.3301574260555293,170.56293966039283,53.00980026633752,-20.07363236695728,0.0,-20.0,-19.215480089187622,109.71008014678955,-13.305409872280388
1147,11.47,-9.110635154581923,0.7271289338940287,0.3388471773022633,-162.13381072766106,52.94675098054286,13.227265149271421,0.0,-20.0,-20.0,109.71008014678955,-13.320680019037331
1148,11.48,-9.13453661283196,0.7296551319961785,0.3475668052219675,-140.55464298683418,44.25668416133455,40.49620685045091,0.0,-20.0,-20.0,109.71008014678955,-13.321991084353824
1149,11.49,-9.15839583589973,0.7321734459550046,0.3563152528189444,-128.1590750442278,30.507403494283167,58.6385021616875,0.0,-20.0,-20.0,109.71008014678955,-13.310344698459595
1150,11.5,-9.182212191213974,0.7346834505902692,0.3650914444333955,-121.85455826892702,14.396153287740656,71.20052991107073,0.0,-20.0,-20.0,109.71008014678955,-13.288603609507474
1151,11.51,-9.205985074048662,0.7371847262058561,0.3738942864337286,-119.36153280402631,-2.791313487755671,81.16128377136742,0.0,-20.0,-20.0,109.71008014678955,-13.261238908789162
1152,11.52,-9.229713907912362,0.7396768588690311,0.3827226679265025,-119.94724375434559,-20.377915589129483,90.55694527379443,0.0,-20.0,-20.0,109.71008014678955,-13.233832878488258
1153,11.53,-9.253398144920729,0.7421594406823605,0.3915754614792129,-124.34380469784223,-37.78249667215831,101.56049406148456,0.0,-20.0,-20.0,109.71008014678955,-13.212390917986466
1154,11.540000000000001,-9.277037266150206,0.7446320700502399,0.40045152385336963,-136.0079531306939,-53.93811478128022,118.42807083212233,0.0,-20.0,-20.0,109.71008014678955,-13.202546265772583
1155,11.55,-9.300630781972721,0.7470943519417325,0.40934969674785865,-164.72253360345604,-65.44702923584866,151.4235486013947,0.0,-20.0,-20.0,109.71008014678955,-13.20876143195976
1156,11.56,-9.32417823240047,0.749545897769492,0.41826880743345685,150.97800140104934,-64.39243228615705,-160.60022184151916,0.0,-20.0,-20.0,109.71008014678955,-13.233637713410149
1157,11.57,-9.347679187255885,0.7519863271965276,0.4272076699687178,124.84127435391848,-51.61199481411938,-131.15180318255162,0.0,-20.0,-20.0,109.71008014678955,-13.27743071789085
1158,11.58,-9.371133246679234,0.7544152659918785,0.4361650853909788,113.74805778205523,-34.62882191913248,-116.89718536113104,0.0,-20.0,-20.0,109.71008014678955,-13.337862443702152
1159,11.59,-9.394540041196185,0.7568323479205434,0.4451398428111597,108.69789564012461,-16.25647962610283,-108.59124526322613,0.0,-20.0,-20.0,109.71008014678955,-13.410257935579704
1160,11.6,-9.417899231996891,0.7592372145014377,0.4541307200635658,106.51446219098992,2.687816220615737,-102.69554389443779,0.0,-20.0,-20.0,109.71008014678955,-13.488019934224845
1161,11.61,-9.441414310301525,0.7616787547808991,0.46307729591807867,106.2681659557705,21.88642709836604,-97.59138347785438,697.1345825195312,-20.0,-20.0,109.70723724365234,-13.722531173448372
1162,11.620000000000001,-9.465731217556987,0.764316952190494,0.47180710171118734,108.24328018817774,41.13604689835814,-91.86739177514212,2200.0,-20.0,-20.0,109.69826698303223,-14.152015394165256
1163,11.63,-9.491295067529563,0.7672674841773365,0.48022324300066305,115.10007849374584,60.09949314942903,-82.29867327285609,2200.0,-20.0,-20.0,109.68929672241211,-14.265997691528975
1164,11.64,-9.518111976399341,0.7705387044567454,0.48835984333566146,145.11485235069728,76.82137081595275,-50.299774227931245,2200.0,-20.0,-20.0,109.68032646179199,-14.359773133856844
1165,11.65,-9.546186666636654,0.7741387125019742,0.49624924310408164,-127.82326470145179,74.63758721440806,38.19707080409244,2200.0,-20.0,-20.0,109.67135620117188,-14.430704629432155
1166,11.66,-9.575523038682256,0.7780753809728115,0.5039239393502739,-104.66759177863705,57.03033012201403,62.34226940385,2200.0,-20.0,-20.0,109.66238594055176,-14.479290946709252
1167,11.67,-9.606124166488394,0.78235635287264,0.5114165680341148,-98.2193380621978,37.74719295377828,69.38815111539438,2200.0,-20.0,-2.008506804704666,109.65341567993164,-14.509272773951432
1168,11.68,-9.637992292401744,0.7869890375021721,0.5187598855056113,-95.32532340819284,18.110704554345123,72.49799556093403,2200.0,-20.0,3.9088398218154907,109.64444541931152,-14.527315244520887
1169,11.69,-9.671128823751182,0.7919806066826486,0.5259867511347665,-93.63156555432782,-1.6553036021137262,73.98083296714611,2200.0,-20.0,11.492314338684082,109.6354751586914,-14.542279277572144
1170,11.700000000000001,-9.70553434700097,0.7973379783679829,0.5331301174668138,-92.36267586449293,-21.477612439276562,74.4612785170774,2200.0,-20.0,20.0,109.62650489807129,-14.564199408077698
1171,11.71,-9.741208638886091,0.8030678213357563,0.5402230013226941,-91.02052754068526,-41.318267152036235,73.99157817664745,2200.0,-20.0,20.0,109.61753463745117,-14.602996619691469
1172,11.72,-9.778150684260169,0.8091765288820273,0.547298467327136,-88.62048720849324,-61.13735598213729,71.83323465697472,2200.0,-20.0,13.878644704818726,109.60856437683105,-14.667228567643985
1173,11.73,-9.81635867610905,0.8156702206971383,0.5543895946319598,-76.8765515332404,-80.7208139644613,59.80894113563264,2200.0,-20.0,15.379981994628904,109.59959411621094,-14.762881488589134
1174,11.74,-9.855830011778474,0.8225547364070672,0.561529452721785,71.72586097046543,-78.67556269978037,-89.56618096212476,2200.0,-20.0,-3.0859357118606567,109.59062385559082,-14.89247882680436
1175,11.75,-9.896561285870472,0.8298356346024862,0.5687510754854673,80.31253369758781,-59.070305129034075,-99.45034639271566,2200.0,-20.0,9.949389100074768,109.5816535949707,-15.05458842352951
1176,11.76,-9.938548287085224,0.837518187848338,0.5760874385546573,81.72192957862273,-39.34305835321037,-102.78478089839346,2200.0,-20.0,7.540519833564759,109.57268333435059,-15.2438239212152
1177,11.77,-9.981786004222096,0.8456073818067948,0.5835714410164462,81.68877112162365,-19.657680504811363,-105.51523441702258,2200.0,-20.0,-3.370456099510193,109.56371307373047,-15.451368526661701
1178,11.78,-10.025986136807715,0.8540139253960299,0.5911910956782014,80.74595527487426,-0.0686199026419436,-108.59231476426528,1236.6063232421875,-20.0,-12.85804271697998,109.55867099761963,-15.438641790696847
1179,11.790000000000001,-10.070500699259226,0.8625246014948906,0.5988612914854563,78.66805515325227,19.348737728535088,-112.67832348819051,0.0,-20.0,-20.0,109.55867099761963,-15.320335280174152
1180,11.8,-10.114967544472043,0.8710177404407635,0.6065237955395583,74.46148213011782,38.42764157452878,-118.96235296680162,0.0,-20.0,-20.0,109.55867099761963,-15.43015730919407
1181,11.81,-10.159387181491505,0.8794933769199864,0.6141756950404458,64.78597458510377,56.65032212333304,-130.908783649028,0.0,-20.0,-20.0,109.55867099761963,-15.510805040783978
1182,11.82,-10.2037599618074,0.8879513737793281,0.621815737973052,35.549401486428245,71.48419463423946,-162.71851081466428,0.0,-20.0,-20.0,109.55867099761963,-15.555580429197404
1183,11.83,-10.248086267082526,0.896391605522947,0.6294426799881091,-27.26409623301837,71.47672704392716,131.46998671951656,0.0,-20.0,-20.0,109.55867099761963,-15.562049257894206
1184,11.84,-10.292366508918729,0.9048139583215263,0.6370552852392416,-55.980648766610315,56.813621719210644,99.16753479765332,0.0,-20.0,-20.0,109.55867099761963,-15.532507731398422
1185,11.85,-10.33660112859152,0.9132183300347626,0.6446523272219136,-64.88200663294779,39.001304426067236,85.85102463383625,0.0,-20.0,-20.0,109.55867099761963,-15.473862256041148
1186,11.86,-10.380790596770312,0.9216046302301181,0.652232589576132,-67.82470636189417,20.597463196218893,77.27574737424936,0.0,-20.0,-20.0,109.55867099761963,-15.396917999645767
1187,11.870000000000001,-10.424935413222542,0.9299727802112475,0.6597948668583165,-67.86437382259577,2.203017039241414,69.70994658222203,0.0,-20.0,-20.0,109.55867099761963,-15.315147752567446
1188,11.88,-10.469036106496825,0.9383227130603652,0.6673379652991183,-65.46420022898553,-15.841953806967393,61.40405572178562,0.0,-20.0,-20.0,109.55867099761963,-15.243081689899936
1189,11.89,-10.513093233583186,0.9466543736867894,0.6748607035593351,-59.74449724811064,-33.076837611683544,50.53562975744843,0.0,-20.0,-20.0,109.55867099761963,-15.19451163290177
1190,11.9,-10.557107379551365,0.9549677188718766,0.6823619134863731,-47.88050920967131,-48.472806752528726,33.78085864950445,0.0,-20.0,-20.0,109.55867099761963,-15.18073298139533
1191,11.91,-10.601079157168964,0.9632627173047197,0.6898404408683486,-24.0534596735078,-59.25686232057634,4.993452552278186,0.0,-20.0,-20.0,109.55867099761963,-15.209049175062242
1192,11.92,-10.645009206500813,0.9715393496068109,0.697295146182351,10.631398986033526,-60.18543244808727,-34.99230360584011,0.0,-20.0,-20.0,109.55867099761963,-15.281736379716357
1193,11.93,-10.68889819449054,0.9797976083453798,0.7047249053343703,36.15298505372671,-50.81126459975536,-66.43641503153115,0.0,-20.0,-20.0,109.55867099761963,-15.395612827103522
1194,11.94,-10.732746814525346,0.9880374980354948,0.7121286103888846,48.580438907318054,-36.555491473356334,-85.75863949244942,0.0,-20.0,-20.0,109.55867099761963,-15.542284047911837
1195,11.950000000000001,-10.7765557859852,0.9962590351316891,0.7195051702860917,53.82162082535954,-20.669990306843157,-99.3658175368658,0.0,-20.0,-20.0,109.55867099761963,-15.709051038978627
1196,11.96,-10.82032585377735,1.0044622480110421,0.7268535115451297,54.9308868505139,-4.456257361639876,-111.09096349162319,0.0,-20.0,-20.0,109.55867099761963,-15.880383746142634
1197,11.97,-10.864057787856042,1.0126471769503531,0.7341725789528866,52.78334674131851,11.35859376507844,-123.10533541605567,0.0,-20.0,-20.0,109.55867099761963,-16.03978798171777
1198,11.98,-10.907752382726382,1.0208138740992727,0.7414613362395975,47.00270251269006,26.035242155142107,-137.25368985193882,0.0,-20.0,-20.0,109.55867099761963,-16.171839797497675
1199,11.99,-10.951719054035363,1.029107110363248,0.7489900482806483,36.222081279606556,38.410129068682025,-155.71324150819416,1393.9686279296875,-20.0,-20.0,109.55298709869385,-16.594144154735126
1200,12.0,-10.996435021937135,1.0377557213928752,0.7571973853647535,18.969291571191597,46.4882633565207,179.52132976505126,2200.0,-20.0,-20.0,109.54401683807373,-16.880454599414733
1201,12.01,-11.042055965451102,1.0468414711418914,0.7662658983428107,-2.632829120282862,47.90464152084985,150.16983106471812,2200.0,-20.0,-20.0,109.53504657745361,-16.955623529473932
1202,12.02,-11.088558508981203,1.0563615190169682,0.7762210084028262,-21.472670461008214,42.347878950778785,122.96727967299572,2200.0,-20.0,-20.0,109.5260763168335,-16.98479719149627
1203,12.030000000000001,-11.13591930138616,1.0663130530101508,0.7870866959854834,-33.581733796173964,32.13810359933088,101.4638963384596,2200.0,-20.0,-12.916090488433836,109.51710605621338,-16.977644355035157
1204,12.040000000000001,-11.18411443351709,1.0766929703764228,0.7988863460816593,-39.8644681673129,19.695451573240053,84.2272126265832,2200.0,-20.0,10.671035051345825,109.50813579559326,-16.948474132017214
1205,12.05,-11.23311944698993,1.087497883699507,0.811642730893742,-41.90315454077843,6.54949294068517,68.9547460689314,2200.0,-20.0,20.0,109.49916553497314,-16.914535745956034
1206,12.06,-11.282909355243687,1.098724109341485,0.8253780055011991,-40.50949182824205,-6.2987244011524925,53.826746966037256,2200.0,-20.0,20.0,109.49019527435303,-16.893921235287152
1207,12.07,-11.333458670185278,1.1103676645913358,0.8401137140679297,-35.797598511268966,-17.970575080164533,37.384710615841016,2200.0,-3.490937650203705,20.0,109.48122501373291,-16.903358058585585
1208,12.08,-11.384741434021239,1.1224242661968316,0.8558707799617012,-27.536762623967448,-27.456553331100665,18.428544966670728,2200.0,-6.120508909225464,20.0,109.4722547531128,-16.95609356654796
1209,12.09,-11.436731243241521,1.1348893381906775,0.8726694922638736,-15.845365536227547,-33.56002318894933,-3.5762295820888874,2200.0,-0.882766842842102,20.0,109.46328449249268,-17.060189528991003
1210,12.1,-11.489401266726452,1.147758014705513,0.8905294804624652,-2.2129317461400526,-35.260090677472725,-27.636314009991857,2200.0,-1.5074533224105835,20.0,109.45431423187256,-17.217437298500492
1211,12.11,-11.542724254590993,1.1610251543755659,0.9094696905835579,10.549114579390784,-32.43999386357838,-51.37268632541822,2200.0,-1.0319370031356812,20.0,109.44534397125244,-17.423024214224462
1212,12.120000000000001,-11.596672549042626,1.1746853440054588,0.9295083652339566,20.204155694119407,-26.08040010103119,-72.97689515400143,2200.0,13.502264022827148,20.0,109.43637371063232,-17.66602606950429
1213,12.13,-11.65121809614181,1.1887329064385044,0.9506630271943443,26.16069681132547,-17.590926096103463,-92.3229094415341,2200.0,20.0,14.123091697692871,109.4274034500122,-17.930660832534464
1214,12.14,-11.706202362475715,1.2030732358383724,0.9726828140915516,28.749745805006935,-8.221044663169405,-110.26849239239503,1206.3272705078125,20.0,9.151957631111145,109.42248439788818,-17.975257394735316
1215,12.15,-11.761322764165774,1.2175059051390278,0.9949838646874829,28.424999636698875,1.0473292454550645,-127.84493298679699,0.0,20.0,0.9087805449962615,109.42248439788818,-17.93281437535857
1216,12.16,-11.81642250488364,1.231922595290878,1.0172408942011493,25.52070530175169,9.402326459171764,-145.92743978153402,0.0,20.0,-19.51038122177124,109.42248439788818,-18.100632744017698
1217,12.17,-11.871503947337755,1.2463242475073544,1.0394525078048547,20.34403352234924,16.121910251418548,-165.1002384322956,0.0,20.0,-20.0,109.42248439788818,-18.221951371911494
1218,12.18,-11.926568244629612,1.2607111331966563,1.0616181712325172,13.400781491454486,20.593163780540518,174.484428100131,0.0,20.0,-20.0,109.42248439788818,-18.287858823739413
1219,12.19,-11.981616560373265,1.2750835292742835,1.0837373808247641,5.568107011595105,22.443247070567892,153.1961159372699,0.0,20.0,-20.0,109.42248439788818,-18.29679275637497
1220,12.200000000000001,-12.036650069246749,1.289441724283409,1.1058096618770223,-2.018212441955809,21.6945316184223,131.75602291481079,0.0,20.0,-20.0,109.42248439788818,-18.2541541499224
1221,12.21,-12.091669954842965,1.3037860163144523,1.1278345700037853,-8.356549281719435,18.78326400441305,110.81112446313499,0.0,20.0,-20.0,109.42248439788818,-18.171711005379002
1222,12.22,-12.14667740918495,1.3181167124250104,1.149811691387381,-12.887156061097324,14.398441592820792,90.61457382302689,0.0,20.0,-20.0,109.42248439788818,-18.066210582683112
1223,12.23,-12.201673632122638,1.3324341284066534,1.1717406429778403,-15.487142745951628,9.275905608971312,71.03927954894895,0.0,20.0,-20.0,109.42248439788818,-17.957365689465195
1224,12.24,-12.256659830624372,1.3467385886171204,1.1936210727031062,-16.30203870815451,4.068472381431209,51.77500789422009,0.0,20.0,-20.0,109.42248439788818,-17.865460124905056
1225,12.25,-12.311637218006519,1.3610304257852195,1.215452659687188,-15.608098534706006,-0.7045325346770265,32.509662050707504,0.0,20.0,-20.0,109.42248439788818,-17.808867148179367
1226,12.26,-12.366607013153343,1.3753099808018079,1.2372351144522378,-13.750512734972796,-4.673381254823352,13.032458300846804,0.0,20.0,-20.0,109.42248439788818,-17.801787406037263
1227,12.27,-12.42157043974524,1.3895776019341464,1.2589681792036775,-11.118111147300917,-7.627447730977341,-6.731950080945265,0.0,3.159207701683044,-20.0,109.42248439788818,-17.85248825611608
1228,12.280000000000001,-12.476528726371335,1.4038336436413361,1.2806516281630655,-8.111072467086066,-9.518341458875557,-26.742773137352238,0.0,-12.689530849456787,-20.0,109.42248439788818,-17.96226721006354
1229,12.290000000000001,-12.531483103818372,1.4180784709922107,1.3022852668856377,-5.087397424169565,-10.443809073699112,-46.897480240113325,0.0,-20.0,-20.0,109.42248439788818,-18.125250910649417
1230,12.3,-12.586434804505867,1.432312460731932,1.323868932052649,-2.3055799736698472,-10.604766328616948,-67.09208357802234,0.0,-20.0,-20.0,109.42248439788818,-18.32908560014161
1231,12.31,-12.64138506215477,1.4465359886750735,1.345402494149544,0.108391839713208,-10.242816200997233,-87.25899104550723,0.0,-20.0,-20.0,109.42248439788818,-18.55645294092077
1232,12.32,-12.696335113220655,1.460749438643259,1.366885855374577,2.1557335678697287,-9.575823623725604,-107.372917361086,0.0,-20.0,-20.0,109.42248439788818,-18.787155843343072
1233,12.33,-12.751286193985228,1.4749532021195768,1.3883189500188826,3.9273195872034585,-8.748260279520004,-127.43583144599768,0.0,-20.0,-20.0,109.42248439788818,-19.0005813908831
1234,12.34,-12.806212073224312,1.4892346463011572,1.4102476417817713,5.549255615142941,-7.805635049937691,-147.45710792449484,1771.05029296875,-20.0,-20.0,109.41526317596436,-19.54815792034299
1235,12.35,-12.861064962880471,1.503699190832657,1.433349519769193,7.125577695407441,-6.696394939070719,-167.4385256249293,2200.0,-20.0,-20.0,109.40629291534424,-19.778775534628117
1236,12.36,-12.915804780765137,1.5183566402012605,1.4577561768455465,8.690619810507869,-5.299158055170962,172.63303760676294,2200.0,-20.0,-20.0,109.39732265472412,-19.863210600567786
1237,12.370000000000001,-12.970399320791588,1.5331959718099084,1.483466076468978,10.18101826013916,-3.4682594152406527,152.78397307354606,2200.0,-20.0,-15.484812259674072,109.388352394104,-19.886311562131926
1238,12.38,-13.024816971747262,1.5482063477922539,1.5104768096427925,11.432636103315383,-1.088103393925861,133.04101247757,2200.0,-20.0,16.68064594268799,109.37938213348389,-19.85432460565546
1239,12.39,-13.079026252115604,1.5633768173038642,1.5387851053855297,12.201918765214662,1.875536076340891,113.40708814822081,2200.0,-20.0,20.0,109.37041187286377,-19.77990627863076
1240,12.4,-13.132995822569498,1.578696306167916,1.5683868221415387,12.203468161000053,5.33830926630073,93.8339718414572,2200.0,-12.581954002380371,20.0,109.36144161224365,-19.680558324951853
1241,12.41,-13.186694486500818,1.5941536184046663,1.5992769827425521,11.154028664194904,9.078448782059679,74.2070716527115,2200.0,18.708293437957764,20.0,109.35247135162354,-19.576501224212596
1242,12.42,-13.240091207295182,1.6097374279981187,1.6314498095060734,8.821885901477279,12.735090185080308,54.36056537656032,2200.0,20.0,20.0,109.34350109100342,-19.48820372523591
1243,12.43,-13.29315513430791,1.6254363004285295,1.6648987681702003,5.093961805812392,15.826932066771088,34.13771715410891,2200.0,20.0,20.0,109.3345308303833,-19.433897363463874
1244,12.44,-13.345855664637751,1.641238701024655,1.6996165471262918,0.0683589270514373,17.802885913524303,13.494563363819621,2200.0,20.0,20.0,109.32556056976318,-19.427374281893933
1245,12.450000000000001,-13.398162450079694,1.6571330210635091,1.7355950472580923,-5.859914597324701,18.139762366137102,-7.398100680645809,2200.0,20.0,20.0,109.31659030914307,-19.47631588161753
1246,12.46,-13.450045420880189,1.6731075897938628,1.772825357566355,-12.006315535231938,16.477158035507955,-28.15262960033199,2200.0,20.0,20.0,109.30762004852295,-19.581406284344503
1247,12.47,-13.50147480041016,1.68915068553056,1.8112977536630934,-17.556939652957695,12.729892652645729,-48.328298003148156,2200.0,20.0,20.0,109.29864978790283,-19.736302532837726
1248,12.48,-13.55242111838586,1.705250544594092,1.8510017017651021,-21.789151298260986,7.109346916315608,-67.67171860184739,2200.0,20.0,20.0,109.28967952728271,-19.928461363621523
1249,12.49,-13.602855223947017,1.7213953680202954,1.8919258651103745,-24.17976797684527,0.05807864468335908,-86.26181669575286,2200.0,20.0,20.0,109.2807092666626,-20.140717442650157
1250,12.5,-13.65275647763028,1.7375729315167143,1.9340404079427589,-24.353716349043957,-7.827678210965157,-104.50614744605367,2137.5810546875,20.0,20.0,109.27199363708496,-20.34139685923327
1251,12.51,-13.702322850627246,1.7537654860288605,1.976871045147408,-21.972981394922385,-15.82418561632346,-123.05595917843698,555.2408447265625,20.0,20.0,109.26972961425781,-20.231960380796586
1252,12.52,-13.751834340251675,1.7699577400894821,2.019811491536862,-16.70477285219578,-23.049174530266466,-142.66759683305284,0.0,20.0,20.0,109.26972961425781,-20.29769988217683
1253,12.530000000000001,-13.801369637680915,1.7861486342278952,2.0627070432937753,-8.418565569550672,-28.433204388190408,-163.91161214717988,0.0,20.0,20.0,109.26972961425781,-20.426692497896966
1254,12.540000000000001,-13.850930342300968,1.8023390613028074,2.1055585435843636,2.3106868228627904,-30.83979307494348,173.36250356486968,0.0,20.0,20.0,109.26972961425781,-20.50084622037757
1255,12.55,-13.900517487206892,1.818529479770832,2.1483666034941664,13.830535959859779,-29.470248185767066,150.39281637925637,0.0,20.0,20.0,109.26972961425781,-20.51986060981112
1256,12.56,-13.950132088533362,1.8347203481572667,2.1911318617894113,24.04580826746062,-24.302282239280594,128.841394436518,0.0,20.0,20.0,109.26972961425781,-20.490133508033935
1257,12.57,-13.99977514516164,1.8509121251362737,2.2338549848051876,31.5885936767493,-16.03346557326648,109.57429948367209,0.0,20.0,0.3004579246044159,109.26972961425781,-20.423897379493386
1258,12.58,-14.049447637052932,1.8671052732319318,2.276536665611248,36.052693233263426,-5.631114215689224,92.34642008624134,0.0,20.0,-19.67756986618042,109.26972961425781,-20.337645116739594
1259,12.59,-14.099150525933595,1.8833002413515119,2.3191776229812384,37.41474382601079,5.975202475324239,76.24718963176065,0.0,20.0,-20.0,109.26972961425781,-20.250093162598432
1260,12.6,-14.148884751844971,1.8994974864458165,2.3617786010678388,35.48652023366712,17.906253609596035,60.034491386823696,0.0,20.0,-20.0,109.26972961425781,-20.1798456095898
1261,12.61,-14.198651238828097,1.915697463843493,2.4043403720235372,29.618128350876642,29.156559310872975,42.168653817045815,0.0,20.0,-20.0,109.26972961425781,-20.14313914136781
1262,12.620000000000001,-14.248450887643193,1.931900627211287,2.4468637312949006,18.747750260315033,38.3056516754448,20.902230672276833,0.0,20.0,-20.0,109.26972961425781,-20.15191356241676
1263,12.63,-14.29828457784015,1.94810742745774,2.489349498689002,2.564300757325435,43.34519519134398,-4.605624987712376,0.0,20.0,-20.0,109.26972961425781,-20.212432016029265
1264,12.64,-14.348153167450674,1.9643183129820725,2.531798518114748,-15.966730514698472,42.444286944373985,-31.82513962696568,0.0,20.0,-20.0,109.26972961425781,-20.32461703572874
1265,12.65,-14.398057492640785,1.9805337289819838,2.574211657226743,-31.651917839145113,35.620274881828635,-55.96488551455106,0.0,-1.0508379340171814,-20.0,109.26972961425781,-20.48217487507786
1266,12.66,-14.447998371850169,1.9967541158720914,2.616589811984219,-42.16259981508962,24.583806368326115,-75.13043145002362,0.0,-20.0,-20.0,109.26972961425781,-20.673487906574046
1267,12.67,-14.497976584925798,2.012979917328618,2.6589338847264408,-48.07441623577809,11.085059939873318,-90.45602493991375,0.0,-20.0,-20.0,109.26972961425781,-20.883074829707144
1268,12.68,-14.547992899352236,2.0292115732932086,2.7012448127526922,-50.33820542562639,-3.6918978573581827,-103.73805219381956,0.0,-20.0,-20.0,109.26972961425781,-21.093623498386698
1269,12.69,-14.597522544863963,2.045347641715243,2.743954988642561,-49.227893420956434,-18.921157868910413,-116.71828021213484,2200.0,-20.0,-20.0,109.2607593536377,-21.68160380309256
1270,12.700000000000001,-14.646032096680313,2.0612839901947027,2.78748528429408,-43.96966092649457,-33.777536297862156,-131.45154172314096,2200.0,-20.0,-0.18942609429359436,109.25178909301758,-21.796799439875084
1271,12.71,-14.693502072184843,2.07700787227766,2.8318078757834098,-32.16321601463659,-46.90942484999027,-151.14892418330246,2200.0,-20.0,17.48462080955505,109.24281883239746,-21.86861801956557
1272,12.72,-14.739915120318908,2.092508344876861,2.876896420166423,-10.074765963762786,-55.473951035494544,179.917186227864,2200.0,-20.0,20.0,109.23384857177734,-21.891734922088858
1273,12.73,-14.785254604756187,2.1077746101571946,2.922724073074474,19.119186172525765,-55.33470569765843,144.53332727236008,2200.0,-20.0,20.0,109.22487831115723,-21.86665575779359
1274,12.74,-14.829504590814322,2.122796032060735,2.969263484920308,41.62174265374246,-46.30513889994615,116.17498202781485,2200.0,-20.0,20.0,109.21590805053711,-21.799448732367175
1275,12.75,-14.872649852775952,2.1375621225712584,3.0164868238107774,54.14726034816933,-32.297677087436334,97.81045924148854,2200.0,-20.0,20.0,109.20693778991699,-21.70092414533606
1276,12.76,-14.914675866346064,2.1520625378311644,3.0643658060354513,60.48713541594335,-16.04635056156775,85.25971872058656,2200.0,9.298169016838074,20.0,109.19796752929688,-21.585186401088947
1277,12.77,-14.955568810917901,2.16628707535217,3.112871726849698,63.156074843774654,1.2337241216596395,75.41794358477347,2200.0,20.0,20.0,109.18899726867676,-21.467828789623137
1278,12.780000000000001,-14.995315544994309,2.180225664200263,3.161975476749986,63.01336107548085,18.94296370707806,66.33738724576983,2200.0,20.0,20.0,109.18002700805664,-21.363979719764625
1279,12.790000000000001,-15.03390364161192,2.193868374194437,3.2116476124329147,59.55746944064582,36.61285487895638,56.0962187944438,2200.0,20.0,20.0,109.17105674743652,-21.286509137266457
1280,12.8,-15.07132140457351,2.2072054270204604,3.261858355025441,49.858908796528105,53.44639170464208,40.99114426450704,2200.0,20.0,20.0,109.1620864868164,-21.244515111711717
1281,12.81,-15.107557887475673,2.2202272239260523,3.3125776118429284,23.80861662485764,66.76201573322275,10.455379530500377,2200.0,20.0,20.0,109.15311622619629,-21.242314392105047
1282,12.82,-15.14260291486933,2.2329243611959275,3.363774982399483,-25.56469382738836,68.01023655998412,-42.77804238712425,2200.0,20.0,20.0,109.14414596557617,-21.279069039102602
1283,12.83,-15.176447090135158,2.2452876420256045,3.415419772243406,-56.16905328146481,55.619515929566944,-76.83004978794033,2200.0,20.0,20.0,109.13517570495605,-21.34905103880017
1284,12.84,-15.209081800058165,2.257308085021311,3.467481007592252,-68.16888258050732,38.558317537623886,-92.04370434178144,2200.0,20.0,20.0,109.12620544433594,-21.44249867424491
1285,12.85,-15.24049921825855,2.268976930473649,3.5199274505857026,-73.4790464762924,20.115862655920175,-100.5198709027398,2200.0,20.0,20.0,109.11723518371582,-21.546941049920857
1286,12.86,-15.270692308075732,2.2802856446462707,3.5727276151517,-75.92930096825242,1.122721988144834,-106.34022010540244,2200.0,20.0,20.0,109.1082649230957,-21.64881310786766
1287,12.870000000000001,-15.299654824954565,2.291225922307486,3.6258497837569097,-76.67884039649763,-18.13372928055941,-111.11037888057355,2200.0,20.0,20.0,109.09929466247559,-21.735152110963366
1288,12.88,-15.327381318301372,2.3017896877360142,3.679262025291664,-75.7921191576863,-37.50366907149283,-115.92987594965913,2200.0,20.0,20.0,109.09032440185547,-21.795162959659145
1289,12.89,-15.354045463729042,2.312024863007853,3.7328974978890535,-71.86831780536879,-56.816585592658704,-122.76297282658132,1591.84423828125,20.0,20.0,109.08383369445801,-21.71787071745153
1290,12.9,-15.380013169114987,2.3220405698412105,3.7866610976190858,-54.843487104844414,-75.32937152509987,-141.97256623968306,942.8596801757812,20.0,20.0,109.07998943328857,-21.615389081383167
1291,12.91,-15.405695169821733,2.331964432237007,3.8404712097939955,47.664788238843116,-79.62861116199775,113.89353429270098,191.24856567382812,20.0,20.0,109.07920932769775,-21.480375889615708
1292,12.92,-15.431369019044084,2.3418843240555383,3.894282426167702,78.13139989783564,-61.99222242272729,82.27295679938476,0.0,20.0,20.0,109.07920932769775,-21.434452072964167
1293,12.93,-15.45709119605934,2.351818936972833,3.948088704794894,84.40083980148606,-42.566503074729205,75.2895069751667,0.0,20.0,20.0,109.07920932769775,-21.406721925658903
1294,12.94,-15.482861723535127,2.3617686415599564,4.001891531663732,87.0702163418207,-22.87021702640344,72.36906347182615,0.0,20.0,20.0,109.07920932769775,-21.36965225467151
1295,12.950000000000001,-15.50868059611429,2.3717336842458443,4.055692164419159,88.72018715152687,-3.083733256779225,71.03236619538494,0.0,20.0,20.0,109.07920932769775,-21.33465680218333
1296,12.96,-15.534547777609065,2.3817143017451343,4.109491862008934,90.14955857725003,16.734600603264923,70.7399671349147,0.0,20.0,20.0,109.07920932769775,-21.312413627771736
1297,12.97,-15.560463201028712,2.391710720904862,4.163291883885318,91.94716403658407,36.544602591148625,71.58915997008764,0.0,20.0,20.0,109.07920932769775,-21.311582478118197
1298,12.98,-15.586336203759792,2.4016906116098538,4.217089679878004,95.38198996435054,56.27609765356644,74.64115182946385,308.1908264160156,20.0,20.0,109.07795238494873,-21.389609730664553
1299,12.99,-15.611663514076115,2.411471098627673,4.270852337948943,107.9369895933892,75.55747941184889,87.29553199332476,1716.8477783203125,20.0,20.0,109.07095241546631,-21.671422176245414
1300,13.0,-15.635892703866395,2.4208487365191176,4.324524874379868,-133.93350080451978,81.58900657331867,-154.00508493726176,2200.0,-8.351399302482605,20.0,109.06198215484619,-21.77898602833164
1301,13.01,-15.658887182620846,2.429766842679722,4.3780637122891,-106.20710831381119,63.14375433293994,-125.19207864939456,2200.0,-20.0,20.0,109.05301189422607,-21.81121709821957
1302,13.02,-15.680652736323559,2.4382205839644353,4.431435676866867,-101.99792014971707,43.57646863633719,-119.26533451318276,2200.0,-20.0,20.0,109.04404163360596,-21.857371806735546
1303,13.030000000000001,-15.701195806141286,2.4462056383276827,4.484608308858667,-101.03837459641106,23.942007188424245,-115.73673813665202,2200.0,-20.0,20.0,109.03507137298584,-21.908602554714406
1304,13.040000000000001,-15.720523604968497,2.4537179586770406,4.537549289808349,-101.52765273839238,4.376804906633011,-112.38452712163162,2200.0,-20.0,20.0,109.02610111236572,-21.955748174991875
1305,13.05,-15.73864411536507,2.460753780579782,4.590226471233968,-103.37248084014091,-15.016894501820927,-108.25364827909642,2200.0,-20.0,20.0,109.0171308517456,-21.99048035773362
1306,13.06,-15.755566093291929,2.4673096355392814,4.642607892116139,-107.37077554762337,-34.05436698871637,-102.1314584477584,2200.0,-20.0,20.0,109.00816059112549,-22.00630007814031
1307,13.07,-15.771299067149313,2.4733823602713403,4.694661795367547,-116.27408183471607,-52.224515078063604,-91.04409796234326,2200.0,-20.0,20.0,108.99919033050537,-21.999252348828026
1308,13.08,-15.78585333390749,2.478969101918986,4.7463566427893555,-140.20744031734333,-67.43875765621277,-64.70659243524878,2200.0,-20.0,20.0,108.99022006988525,-21.96828370780836
1309,13.09,-15.799239953044227,2.4840673195789655,4.797661129684052,165.3799694824945,-70.79783377135652,-7.517150103021079,2200.0,-20.0,20.0,108.98124980926514,-21.91521508239414
1310,13.1,-15.81147073916302,2.488674783087948,4.848544199778943,130.74422005860697,-58.45014252485601,30.450641729214688,2200.0,-20.0,20.0,108.97227954864502,-21.844353069243
1311,13.11,-15.822558253744736,2.4927895698933553,4.8989750609352445,119.023003987628,-41.286591907526024,46.31396877551871,2200.0,-20.0,20.0,108.9633092880249,-21.761808131694323
1312,13.120000000000001,-15.832515796187183,2.4964100606798434,4.9489232018113825,114.90578057531948,-23.092334118946376,55.78027167878309,2200.0,-20.0,20.0,108.95433902740479,-21.67462245068508
1313,13.13,-15.841357394091196,2.499534934267215,4.9983584095249975,114.29233181779622,-4.764896984911035,63.62603133817573,2200.0,-20.0,20.0,108.94536876678467,-21.58982952249215
1314,13.14,-15.84909779270617,2.5021631622586074,5.047250788294766,116.36877096879768,13.262082361920617,71.92449660216394,2200.0,-20.0,20.0,108.93639850616455,-21.513570087302952
1315,13.15,-15.855752439159827,2.504294007641794,5.09557078318178,121.81921535839405,30.48424065672914,82.5631779608484,2200.0,20.0,20.0,108.92742824554443,-21.450363472462705
1316,13.16,-15.861337468290655,2.5059269962663784,5.143289174811104,133.1369014062661,45.86552846003669,98.6546095932428,2200.0,20.0,20.0,108.91845798492432,-21.402671557299755
1317,13.17,-15.865869663589946,2.507061947915295,5.190377130307359,155.299244976863,56.79192480568715,125.56833602352933,2200.0,20.0,20.0,108.9094877243042,-21.370696957652036
1318,13.18,-15.86936647366576,2.507698969563082,5.236806226800648,-172.28354114470622,58.43724680077846,163.0263926596863,2200.0,20.0,20.0,108.90051746368408,-21.352535104793613
1319,13.19,-15.871845996650544,2.507838477533176,5.282548471216114,-146.84530871877234,49.880301872053295,-165.89200532496008,2200.0,20.0,20.0,108.89154720306396,-21.34455217436952
1320,13.200000000000001,-15.873326982152363,2.5074812025651947,5.327576320541593,-133.81009651257384,36.019666935557424,-146.22781362588762,2200.0,20.0,20.0,108.88257694244385,-21.34198608775204
1321,13.21,-15.873828820668008,2.506628191588399,5.371862696968527,-128.1888082805505,20.26024201657971,-132.45099208349436,2200.0,20.0,20.0,108.87360668182373,-21.33964595368958
1322,13.22,-15.873371533029081,2.505280807654205,5.4153810019168045,-126.958278663967,4.063959603588221,-120.69585289861794,2200.0,20.0,20.0,108.86463642120361,-21.332619535492544
1323,13.23,-15.871975759769864,2.503440728330895,5.458105129769858,-129.21891468642136,-11.737591984767542,-108.66303603266041,2200.0,20.0,20.0,108.8556661605835,-21.316894830841782
1324,13.24,-15.869662749965984,2.5011099424160497,5.500009481335826,-135.3719584179041,-26.299062367749066,-94.38098970300261,2200.0,20.0,20.0,108.84669589996338,-21.289818986014456
1325,13.25,-15.866454349133592,2.4982907449352,5.541068977131254,-146.79094521247166,-38.303332833372636,-75.60134960739393,2200.0,20.0,20.0,108.83772563934326,-21.25034429663431
1326,13.26,-15.862372985951938,2.494985730684907,5.5812590707029255,-164.6049295864168,-45.586578654927784,-50.6251505306603,2200.0,20.0,20.0,108.82875537872314,-21.199042828788023
1327,13.27,-15.857441657735489,2.491197786818248,5.620555762232781,174.18854425917047,-45.89167999471232,-22.007548787262795,2200.0,20.0,20.0,108.81978511810303,-21.137903658885918
1328,13.280000000000001,-15.851683914695082,2.486930085089756,5.658935612615903,156.62057813939302,-39.35746688272778,3.649327883553775,2200.0,20.0,20.0,108.81081485748291,-21.0699553956181
1329,13.290000000000001,-15.845123843103462,2.4821860743906496,5.696375758108489,145.74467768466292,-28.474150260444418,23.78356983428637,2200.0,20.0,20.0,108.8018445968628,-20.998777760271665
1330,13.3,-15.837786047543297,2.4769694741505894,5.732853925549241,140.4676003342285,-15.581869793355148,40.128680272350266,2200.0,20.0,20.0,108.79287433624268,-20.92797704637811
1331,13.31,-15.829695632476646,2.4712842690808596,5.768348448077856,139.40736009193475,-2.176903706382584,54.96245361564872,2200.0,20.0,20.0,108.78390407562256,-20.86070027701122
1332,13.32,-15.820878183427492,2.4651347055876065,5.802838281204223,141.98334564333157,10.672017819169112,70.130716550341,2200.0,20.0,20.0,108.77493381500244,-20.79925244711847
1333,13.33,-15.811359748096171,2.458525289989894,5.836303019013936,148.27213266523648,21.913359879761646,87.17880328479248,2200.0,20.0,20.0,108.76596355438232,-20.744862431092958
1334,13.34,-15.80116681771183,2.4514607884453485,5.868722910230935,158.48967362939385,30.27220386738665,107.25540994742146,2200.0,20.0,20.0,108.7569932937622,-20.697619079741663
1335,13.35,-15.790326308952796,2.4439462280558177,5.900078873848968,171.9116367752614,34.353737362648076,130.2963765029947,2200.0,10.672426223754883,20.0,108.74802303314209,-20.65657386237823
1336,13.36,-15.778865551903214,2.435986891711563,5.930352514106446,-174.05841428753442,33.36488087198353,154.2456999383065,2200.0,-20.0,20.0,108.73905277252197,-20.620000766833083
1337,13.370000000000001,-15.766812254803328,2.4275883537510348,5.959526141164148,-162.55683655081464,27.851022370029558,176.48450701516128,2200.0,-20.0,20.0,108.73008251190186,-20.585661842306074
1338,13.38,-15.754194526895374,2.4187564168526174,5.987582775169691,-155.06225359017628,19.306756611355283,-163.89909021145544,2200.0,-20.0,20.0,108.72111225128174,-20.55125599003139
1339,13.39,-15.741040827802761,2.4094971291408833,6.014506140194525,-151.52214468674052,9.285357619196926,-146.1803199875329,2200.0,-20.0,20.0,108.71214199066162,-20.514743009443595
1340,13.4,-15.727379950689489,2.3998167667703645,6.040280680262202,-151.49249292788775,-0.9391103753002691,-129.1135403668345,2200.0,-20.0,20.0,108.7031717300415,-20.474627024656858
1341,13.41,-15.713240999054866,2.3897218420704607,6.064891573306021,-154.65442729234195,-10.283505963790178,-111.52595911323887,2200.0,-20.0,20.0,108.69420146942139,-20.430127425874385
1342,13.42,-15.698653370609243,2.379219112021052,6.0883247486858245,-160.74196742537515,-17.721381047743172,-92.56966542623792,2200.0,-20.0,20.0,108.68523120880127,-20.381229813140795
1343,13.43,-15.68364674214199,2.368315584038115,6.1105668999911895,-169.15701173324913,-22.299240044752892,-72.0139149852152,2200.0,-20.0,20.0,108.67626094818115,-20.328615558127836
1344,13.44,-15.668251054887161,2.357018517846042,6.131605493205408,-178.60825514864794,-23.387224242479203,-50.48914963134031,2200.0,-20.0,20.0,108.66729068756104,-20.27348977403156
1345,13.450000000000001,-15.652496499522773,2.3453354232111363,6.151428771887503,172.66089788707586,-21.009976895444147,-29.16813482415143,2200.0,-20.0,20.0,108.65832042694092,-20.217342917794127
1346,13.46,-15.636413500937932,2.333274054895714,6.170025760916505,166.07823649560626,-15.87958991332877,-8.90891717380265,2200.0,-20.0,20.0,108.6493501663208,-20.161688100012306
1347,13.47,-15.62003270252266,2.320842405459798,6.1873862697662885,162.29421205066916,-9.072957261913942,10.227318898735408,2200.0,-20.0,20.0,108.64037990570068,-20.10781825772154
1348,13.48,-15.603384949810447,2.30804869648387,6.203500895606671,161.38182033109305,-1.709914365931478,28.763259891337853,2200.0,-20.0,20.0,108.63140964508057,-20.056620974575516
1349,13.49,-15.586501273257587,2.2949013685966215,6.218361026249811,163.15245649346213,5.173975945514787,47.3882014930273,2200.0,-20.0,20.0,108.62243938446045,-20.008477138421412
1350,13.5,-15.569412869946092,2.281409070686295,6.231958842899866,167.24305005560777,10.651688714273465,66.63303999818064,2200.0,-20.0,20.0,108.61346912384033,-19.963254360259004
1351,13.51,-15.552151084054996,2.2675806487648607,6.244287322742935,173.01070752709828,13.965277224576761,86.64253503639286,2200.0,-20.0,20.0,108.60449886322021,-19.920389821399404
1352,13.52,-15.534747386047007,2.2534251350502665,6.255340241517103,179.45354078220123,14.674252734897616,107.10187430876674,2200.0,-20.0,20.0,108.5955286026001,-19.879042604279476
1353,13.530000000000001,-15.517233350645855,2.2389517378639288,6.265112176256896,-174.61722393786988,12.80572423528455,127.44951884025808,2200.0,-20.0,20.0,108.58655834197998,-19.838284875280237
1354,13.540000000000001,-15.499640633291902,2.2241698334453313,6.273598508249555,-170.2131491472478,8.856968060040176,147.27777152018774,2200.0,0.37904679775238037,20.0,108.57758808135986,-19.797294256508643
1355,13.55,-15.482000947237958,2.209088962266658,6.280795423250652,-167.9353005714893,3.6358430542512115,166.5753967438093,2200.0,20.0,20.0,108.56861782073975,-19.755508598391934
1356,13.56,-15.464346038105768,2.193718805467639,6.286699922319161,-167.99333346534536,-1.9252416175993243,-174.33825568284405,2200.0,20.0,20.0,108.55964756011963,-19.712770284378813
1357,13.57,-15.446707656876475,2.1780692291549357,6.291309830829543,-170.2988242119156,-6.890921610462698,-155.04798684064895,2200.0,20.0,20.0,108.55067729949951,-19.669306760145226
1358,13.58,-15.429117535773418,2.162150271886875,6.2946238133115635,-174.47397646476432,-10.409960400826991,-135.292999217687,2200.0,20.0,20.0,108.5417070388794,-19.625679128265375
1359,13.59,-15.411607381526382,2.1459721506486793,6.296641376308166,-179.8021876148047,-11.834367260853215,-115.13646783718279,2200.0,20.0,20.0,108.53273677825928,-19.582678108482483
1360,13.6,-15.394208858521942,2.1295452497694365,6.2973628628531975,174.7197948567745,-10.87093277111189,-94.94003487930814,2200.0,20.0,20.0,108.52376651763916,-19.54115914567884
1361,13.61,-15.376953573030562,2.1128801103500585,6.296789447704594,170.140920684212,-7.671617292620228,-75.10715112381061,2200.0,20.0,20.0,108.51479625701904,-19.501864174918065
1362,13.620000000000001,-15.359873056743947,2.0959874188313874,6.294923133957677,167.28248440814554,-2.7831252755086124,-55.786783061319206,2200.0,20.0,20.0,108.50582599639893,-19.46526488526215
1363,13.63,-15.342998749365606,2.078877994899046,6.291766749718616,166.636961912286,2.9947555953779084,-36.77529184737041,2200.0,20.0,20.0,108.49685573577881,-19.431457248761845
1364,13.64,-15.326361980258222,2.061562778967834,6.287323944247254,168.4113817287153,8.734921733036186,-17.640099754146547,2200.0,20.0,20.0,108.48788547515869,-19.400128263774512
1365,13.65,-15.309993948910328,2.0440528196532224,6.281599183456895,172.5412363491593,13.463920018237136,2.0384838204700144,2200.0,20.0,20.0,108.47891521453857,-19.37060310046021
1366,13.66,-15.29392570420289,2.0263592617736936,6.274597745017399,178.58476086863953,16.26109813805909,22.38984784336485,2200.0,20.0,20.0,108.46994495391846,-19.34196664138592
1367,13.67,-15.278188122506016,2.008493335394032,6.266325713343023,-174.38533845804915,16.442826939481378,43.07558548404971,2200.0,20.0,20.0,108.46097469329834,-19.313239711715937
1368,13.68,-15.262811885029077,1.9904663463327337,6.256789974799409,-167.6345638507702,13.779834655364862,63.43506494414328,2200.0,10.138585567474365,20.0,108.45200443267822,-19.283580015343137
1369,13.69,-15.247827454162787,1.9722896684462383,6.245998214523875,-162.3474122277335,8.572688351902455,82.93988474171147,2200.0,-4.880357384681702,20.0,108.4430341720581,-19.252472167764026
1370,13.700000000000001,-15.233265051041073,1.9539747371953673,6.233958918905525,-159.32050164300458,1.5180513240017182,101.55414482694583,2200.0,-20.0,20.0,108.43406391143799,-19.219875678687192
1371,13.71,-15.219154610777636,1.9355330513281306,6.22068138407563,-159.00063978093564,-6.481534708294549,119.74521408534946,2200.0,-20.0,20.0,108.42509365081787,-19.186256751043352
1372,13.72,-15.205525806027556,1.9169761528454226,6.206175714230364,-161.66919571238708,-14.409273181834163,138.28102947915187,2200.0,-20.0,20.0,108.41612339019775,-19.152599474395487
1373,13.73,-15.19240801770523,1.8983156236836707,6.190452792249084,-167.4787779226268,-21.129309387563666,157.94346833934281,2200.0,-20.0,20.0,108.40715312957764,-19.120264079481036
1374,13.74,-15.179830317867022,1.8795630670781103,6.173524267988911,-176.1700066572528,-25.416978109129044,179.0932372489616,2200.0,-20.0,20.0,108.39818286895752,-19.090790535242284
1375,13.75,-15.167821445172821,1.8607301032970147,6.155402543320798,173.3996684685713,-26.211214435201892,-158.83544319655653,2200.0,-20.0,20.0,108.3892126083374,-19.065636929004295
1376,13.76,-15.156409777883937,1.8418283681254906,6.136100768693562,163.19677979926954,-23.07729289909196,-137.25094606936543,2200.0,-20.0,20.0,108.38024234771729,-19.045910065424493
1377,13.77,-15.145623308676603,1.8228695130161805,6.115632840414968,155.04173676329262,-16.42584923755353,-117.37818026071913,2200.0,-20.0,20.0,108.37127208709717,-19.03213045876244
1378,13.780000000000001,-15.135489622591553,1.8038652052700637,6.094013396782036,149.86155742430478,-7.206968774140277,-99.42736872353136,2200.0,-20.0,20.0,108.36230182647705,-19.02407381280737
1379,13.790000000000001,-15.126035878144853,1.7848271270430203,6.071257812504476,147.92962356106293,3.505824652898655,-82.71185121952917,2200.0,-20.0,16.597585678100586,108.35333156585693,-19.02072212895729
1380,13.8,-15.11728879072977,1.765766972683303,6.04738219101712,149.4434305859693,14.656850091578471,-66.06270638230629,2200.0,-20.0,-4.12838876247406,108.34436130523682,-19.020340961773037
1381,13.81,-15.109274621063058,1.7466964431954763,6.022403351265388,154.86816591009597,25.095163192554132,-48.054714781958424,2200.0,-20.0,-16.120434999465942,108.3353910446167,-19.020681291387415
1382,13.82,-15.1020191804474,1.727627244910825,5.996338804058127,164.82066625315775,33.35623188727728,-27.283237180143708,2200.0,-20.0,-17.75038719177246,108.32642078399658,-19.019291515640738
1383,13.83,-15.095361188325604,1.7085667409406193,5.96945457611981,179.0487970773211,37.62888375564265,-3.373067089618158,1207.147216796875,-20.0,-17.208198308944702,108.32149887084961,-18.810849175979104
1384,13.84,-15.088900509217149,1.6895104562944139,5.942309656764454,-165.10492192100332,36.472824938820715,21.544675316516017,0.0,-20.0,-17.157511711120605,108.32149887084961,-18.547002557989817
1385,13.85,-15.0824097827108,1.67045193603006,5.915205011402987,-151.57767548422905,29.969632507966637,44.027952967228295,0.0,-20.0,-18.88716697692871,108.32149887084961,-18.51659864422506
1386,13.86,-15.07588681411928,1.6513905767043187,5.88813890986658,-142.3439942359173,19.531165099263227,62.64828146477521,0.0,-20.0,-20.0,108.32149887084961,-18.478448654446627
1387,13.870000000000001,-15.069330720783931,1.6323259397616963,5.861110559195088,-137.3056864444242,6.719588544785361,78.21766372762244,0.0,-20.0,-20.0,108.32149887084961,-18.433970704589
1388,13.88,-15.06274064107762,1.6132575887256038,5.834119142689977,-135.97493879775527,-7.264671387437087,92.30511902767522,0.0,-20.0,-20.0,108.32149887084961,-18.38566255385033
1389,13.89,-15.05611573485496,1.594185089485883,5.807163820352221,-138.41023573048653,-21.44415629303427,106.67464295102201,0.0,-20.0,-20.0,108.32149887084961,-18.33683318556198
1390,13.9,-15.049455183970837,1.5751080106108308,5.780243729398884,-145.6255301563505,-34.699005873278665,123.51548826128244,0.0,-20.0,-20.0,108.32149887084961,-18.291188776058863
1391,13.91,-15.042758192793448,1.5560259236478355,5.753357984803356,-159.6678972176318,-45.21290912100831,145.66654792499259,0.0,-20.0,-20.0,108.32149887084961,-18.2523232738629
1392,13.92,-15.036023988712083,1.5369384034133526,5.726505679859909,178.67186344492194,-50.033553429640065,174.4775148014278,0.0,-20.0,-20.0,108.32149887084961,-18.223181744908327
1393,13.93,-15.029301479051488,1.5178514914979626,5.699644991060539,155.56787625583493,-46.791759078012184,-155.7904085591198,206.89044189453125,-15.229177474975586,-20.0,108.32065486907959,-18.249410480057524
1394,13.94,-15.022964510628935,1.4988167378502943,5.672480774121925,138.93963654031947,-36.754869725180754,-132.6616008021324,1533.2264404296875,-20.0,-20.0,108.31440353393555,-18.528202646372065
1395,13.950000000000001,-15.01750873670999,1.4799080337899952,5.64464315971201,129.3665194302662,-22.847286327763733,-116.27843724387361,2200.0,-20.0,-20.0,108.30543327331543,-18.695691649767433
1396,13.96,-15.013115422041942,1.4611592031894307,5.616030846728331,124.6677889586581,-7.03136641346317,-103.86437275180306,2200.0,-20.0,-20.0,108.29646301269531,-18.73926283142633
1397,13.97,-15.009802282302598,1.442580949247538,5.586670984340072,123.50477880110391,9.64144832465792,-93.09948222705725,2200.0,-20.0,-20.0,108.2874927520752,-18.78797718009562
1398,13.98,-15.007585816746984,1.4241837684838619,5.556590485074521,125.79257969644067,26.46997499384263,-81.99701763228865,2200.0,-20.0,-20.0,108.27852249145508,-18.83670955670685
1399,13.99,-15.006481837299336,1.4059780178005739,5.525816707129451,133.07505390396082,42.62136598190402,-67.84975203016823,2200.0,-20.0,-20.0,108.26955223083496,-18.880152257865234
1400,14.0,-15.00650545480396,1.3879739120007657,5.4943774400341665,150.05002862786415,56.26060635484027,-45.26921097565133,2200.0,-20.0,-13.255691528320312,108.26058197021484,-18.91354540553135
1401,14.01,-15.00767106497542,1.3701815210232087,5.46230088932192,-177.01387636220434,62.595376831393416,-7.54196928689375,2200.0,-20.0,3.1328922510147095,108.25161170959473,-18.933381057043817
1402,14.02,-15.009992332386476,1.3526107641909662,5.429615664781529,-143.00114025397417,56.761710099679966,30.767470266719098,2200.0,-20.0,20.0,108.24264144897461,-18.937991109141873
1403,14.030000000000001,-15.013482157470474,1.3352714113757016,5.396350768096615,-124.59408748766724,42.94845704843349,53.24622807826044,2200.0,-20.0,20.0,108.23367118835449,-18.927886085587023
1404,14.040000000000001,-15.018152697346826,1.3181730668989664,5.362535598047536,-115.95561975829344,26.075250350724975,66.01216690002543,2200.0,-20.0,20.0,108.22470092773438,-18.905874657128983
1405,14.05,-15.024015372629007,1.301325167444765,5.328199920017317,-111.96546677659286,7.997022831710912,74.55892343732808,2200.0,-20.0,20.0,108.21573066711426,-18.876834135684938
1406,14.06,-15.031080874921193,1.2847369631268526,5.293373843907093,-110.70066121663265,-10.605973042241915,81.43812224413587,2200.0,-20.0,20.0,108.20676040649414,-18.847205340741596
1407,14.07,-15.039359167538432,1.2684175103716335,5.258087797605742,-111.84688067285875,-29.383493622840707,88.28469842960345,2200.0,-20.0,20.0,108.19779014587402,-18.824228665144805
1408,14.08,-15.04885947750429,1.2523756635821781,5.222372504173346,-116.70259087224008,-47.97012603202466,97.34633165655374,2200.0,-20.0,20.0,108.1888198852539,-18.815031034011312
1409,14.09,-15.059590286872334,1.2366200685071258,5.186258958629457,-131.64582009190997,-65.3398482052758,115.51267557150355,2200.0,-20.0,20.0,108.17984962463379,-18.825672932003453
1410,14.1,-15.071559323821377,1.221159157281696,5.149778404711236,176.33523993718697,-75.28453935148583,170.0723151640255,2200.0,-20.0,20.0,108.17087936401367,-18.860281564577225
1411,14.11,-15.084773553430152,1.2060011449550512,5.112962311960919,123.53234940179138,-65.44268688161607,-135.0759764701125,2200.0,-20.0,20.0,108.16190910339355,-18.920392023684663
1412,14.120000000000001,-15.099239168170985,1.191154027294289,5.075842353622702,107.84022159550867,-47.866131780918685,-117.69556718778507,2200.0,-20.0,20.0,108.15293884277344,-19.004596643155825
1413,14.13,-15.114961578579335,1.1766255795085498,5.038450385560306,101.95064702979357,-28.858531508355796,-110.37667917464455,2200.0,-20.0,20.0,108.14396858215332,-19.108566333318564
1414,14.14,-15.1319454046985,1.1624233553825416,5.000818426227015,99.16125225953225,-9.405605995887068,-106.32228531838722,2200.0,-20.0,13.406383991241455,108.1349983215332,-19.225460877717747
1415,14.15,-15.150194469121105,1.1485546866750358,4.962978637682479,97.74988714535851,10.243169865887149,-103.69243614808568,2200.0,-20.0,5.83271324634552,108.12602806091309,-19.346693268495184
1416,14.16,-15.169338342214136,1.134925569858734,4.925010159423011,97.17978144110842,29.993622981965967,-101.73931404034558,952.89013671875,-20.0,-6.954213976860046,108.12214279174805,-19.179735112158262
1417,14.17,-15.188720001373028,1.1213601386990335,4.887013006508938,97.45235020378156,49.79690585578589,-99.8992003643733,0.0,-20.0,-14.348108768463133,108.12214279174805,-19.02959138467549
1418,14.18,-15.208054125299261,1.107780261935119,4.849021483915313,99.77120481970238,69.6048865430003,-96.69482137627622,0.0,-20.0,-19.776389598846436,108.12214279174805,-19.046068281176844
1419,14.19,-15.227340510902671,1.0941857528808572,4.811033107106677,171.69084823634205,88.00039073873982,-24.43661275745066,0.0,-20.0,-20.0,108.12214279174805,-19.034027101276727
1420,14.200000000000001,-15.246579166365143,1.0805763765175456,4.7730466419028055,-91.69301694860697,70.4535374290744,72.02506053439922,0.0,-20.0,-20.0,108.12214279174805,-18.992315620575383
1421,14.21,-15.265770129372834,1.0669519100018898,4.735060854796407,-88.66610643478877,50.632475252125026,74.39584757251366,0.0,-20.0,-20.0,108.12214279174805,-18.9234890043814
1422,14.22,-15.284913467519944,1.053312140207998,4.697074512119421,-87.37040532892136,30.798490651661357,74.45628400927612,0.0,-20.0,-20.0,108.12214279174805,-18.833658452693413
1423,14.23,-15.304009278270497,1.0396568637551726,4.659086380725328,-86.26013250326295,10.993386126688772,73.56830200078751,0.0,-20.0,-20.0,108.12214279174805,-18.73186883508433
1424,14.24,-15.323057688901722,1.0259858870749259,4.6210952287200655,-84.85615344582996,-8.751392252828099,71.81445784946945,0.0,-20.0,-20.0,108.12214279174805,-18.629068958296113
1425,14.25,-15.342058856426009,1.0122990265056764,4.583099826193583,-82.61126178050323,-28.382183949617517,68.81647090048838,0.0,-20.0,-20.0,108.12214279174805,-18.536791241815543
1426,14.26,-15.361012967491298,0.9985961084085294,4.545098945957688,-78.18776272387264,-47.76266905755823,63.28641780494386,0.0,-20.0,-20.0,108.12214279174805,-18.465700265623155
1427,14.27,-15.37992023826053,0.9848769692918931,4.5070913642981925,-66.1948989901451,-66.33976126719517,49.82871549502375,0.0,-20.0,-20.0,108.12214279174805,-18.424193016627488
1428,14.280000000000001,-15.398780914271287,0.9711414559314935,4.469075861740891,-10.77304788553114,-79.07058319281344,-7.459618136511161,0.0,-20.0,-20.0,108.12214279174805,-18.417233939832258
1429,14.290000000000001,-15.417595270276756,0.957389425477657,4.431051223824812,54.708315158013896,-68.64075751069942,-75.29345320719324,0.0,-20.0,-20.0,108.12214279174805,-18.445584256852342
1430,14.3,-15.436363610068863,0.9436207455476893,4.393016241875394,68.37303196260515,-50.49601478685575,-91.93864360817918,0.0,-20.0,-20.0,108.12214279174805,-18.505539735803456
1431,14.31,-15.45508626628418,0.9298352943048014,4.354969713772044,72.35635658882798,-31.532263239460868,-99.76791958037539,0.0,-20.0,-20.0,108.12214279174805,-18.589229378341074
1432,14.32,-15.473763600193072,0.9160329605267467,4.3169104447067745,73.20749566953423,-12.488357996949288,-105.74470278243132,0.0,-20.0,-20.0,108.12214279174805,-18.68545684477757
1433,14.33,-15.492396001472025,0.9022136436679112,4.2788372479328585,72.08909041898725,6.393978896894585,-111.80914302168496,0.0,-20.0,-20.0,108.12214279174805,-18.810212796047683
1434,14.34,-15.510983887958636,0.888377253917976,4.240748945504682,68.73797593279964,24.875812655159983,-119.31665508377216,0.0,-20.0,-20.0,108.12214279174805,-18.931075829713766
1435,14.35,-15.530134704949493,0.8747457695295523,4.202878701946575,61.48058860394745,42.47745727829382,-130.44812572318193,2200.0,-20.0,-20.0,108.11317253112793,-19.50895380958855
1436,14.36,-15.550449651049005,0.8615440154595164,4.165472507984264,45.26258018967692,57.79971392658829,-150.55705671040667,2200.0,-20.0,-20.0,108.10420227050781,-19.610308236839124
1437,14.370000000000001,-15.571914750899257,0.8487730133043772,4.128563541353755,10.0107165297067,66.17723959311203,170.0574113850716,2200.0,-20.0,-20.0,108.0952320098877,-19.669726494682624
1438,14.38,-15.594516090659754,0.8364340187782145,4.092181872323814,-29.69833729643336,61.070516817702085,125.75317593019481,2200.0,-20.0,-14.511344432830809,108.08626174926758,-19.686763067991016
1439,14.39,-15.618239040944744,0.8245280031276554,4.056357233361456,-49.3112233507489,47.27185275678787,100.82236683576983,2200.0,-20.0,9.827213883399963,108.07729148864746,-19.66886969224213
1440,14.4,-15.643068256324918,0.813055660107173,4.021118987759247,-57.286004658843915,30.791857729753414,86.4437442430805,2200.0,-20.0,20.0,108.06832122802734,-19.64487145513702
1441,14.41,-15.668987668122284,0.8020173654413179,3.9864961450800056,-60.003244496953805,13.624348711065768,75.67378312787143,2200.0,-20.0,20.0,108.05935096740723,-19.609264988554997
1442,14.42,-15.695980526762442,0.7914132316861145,3.9525173164361833,-59.459524910434205,-3.4717243511438736,65.56598950700435,2200.0,-20.0,20.0,108.05038070678711,-19.57719472815313
1443,14.43,-15.724029423710155,0.7812430342898972,3.9192107569957484,-55.81065986894152,-19.94159140847599,54.242344285403234,2200.0,-20.0,20.0,108.04141044616699,-19.564137217399754
1444,14.44,-15.753116322129928,0.7715062442333199,3.886604317486325,-47.925724579709865,-34.99659416142822,39.581462219131005,2200.0,-17.93597936630249,20.0,108.03244018554688,-19.58386089945848
1445,14.450000000000001,-15.78322256686983,0.7622020230353893,3.854725426743581,-33.28918905589023,-47.07576925001145,18.495589829286306,2200.0,-20.0,20.0,108.02346992492676,-19.646663854732974
1446,14.46,-15.814328893374356,0.7533292255878041,3.8236010667511535,-10.046499215013977,-53.24131011023367,-11.26834161916216,2200.0,-20.0,20.0,108.01449966430664,-19.757984343151506
1447,14.47,-15.84641543687347,0.7448864045916382,3.7932577491897654,15.370592901355446,-50.84132941776075,-43.61991098408636,2200.0,-20.0,20.0,108.00552940368652,-19.917583685974222
1448,14.48,-15.879461741940036,0.7368718160617334,3.763721494069582,33.116069690948514,-41.41640698455007,-69.07095533713465,2200.0,-20.0,20.0,107.9965591430664,-20.11942005121496
1449,14.49,-15.913446771367184,0.729283425144845,3.7350178093290856,42.62944319154751,-28.443769760604933,-87.50304468818587,2200.0,-20.0,20.0,107.98758888244629,-20.352243753819184
1450,14.5,-15.948348914831795,0.7221189120452317,3.7071716718399084,46.67582368733929,-14.13665520899155,-102.29318766527025,2200.0,-20.0,20.0,107.97861862182617,-20.600856188545524
1451,14.51,-15.984145997406872,0.715375677544533,3.6802075100172518,46.893983122274136,0.322642911348975,-115.98763220119821,2200.0,-20.0,20.0,107.96964836120605,-20.847889047307902
1452,14.52,-16.02058190805701,0.7089379279497596,3.653900389480003,43.726197629915276,14.09176404220596,-130.40656036610133,1050.150390625,-14.505212306976317,20.0,107.96536636352539,-20.79838015365066
1453,14.530000000000001,-16.05719837761234,0.7025869248485412,3.627786896943455,36.81253756408139,26.25042376777518,-147.1667293092724,0.0,-4.280019402503967,8.32522451877594,107.96536636352539,-20.691030498727034
1454,14.540000000000001,-16.093783414454368,0.696219008380977,3.6016389370352626,25.480225744880727,35.52308814381376,-167.7099552249847,0.0,6.689048409461975,-17.748425006866455,107.96536636352539,-20.74762958892571
1455,14.55,-16.130338765967785,0.6898347882704013,3.5754546705969523,10.051025876420743,40.30146633722434,167.74918831518053,0.0,14.151496887207031,-20.0,107.96536636352539,-20.752326704920144
1456,14.56,-16.166865363289176,0.6834344164617255,3.5492332914116766,-6.473504004341236,39.499491053155566,141.775246364467,0.0,15.560145378112791,-20.0,107.96536636352539,-20.705601770010322
1457,14.57,-16.203364155290675,0.6770180481176382,3.5229740186321576,-20.000605327596,33.67580435660083,118.04246422303538,0.0,17.579548358917236,-20.0,107.96536636352539,-20.614256565038044
1458,14.58,-16.239836108606607,0.670585852155474,3.4966760933747816,-28.822721236028382,24.567731069004076,97.79852332351295,0.0,20.0,-20.0,107.96536636352539,-20.490679772802697
1459,14.59,-16.276282205934585,0.6641380081015524,3.4703387811314714,-33.340637192454565,13.85533196106632,80.08893247918961,0.0,20.0,-20.0,107.96536636352539,-20.351413286846594
1460,14.6,-16.312703445560732,0.6576747055393017,3.4439613722265707,-34.32217907637276,2.769048680188283,63.45528251824144,0.0,20.0,-20.0,107.96536636352539,-20.215179869927578
1461,14.61,-16.34910084095455,0.651196143387981,3.4175431822444753,-32.22779610559107,-7.748868241686276,46.60758689386748,0.0,11.798007488250732,-20.0,107.96536636352539,-20.100610225247703
1462,14.620000000000001,-16.385475420109838,0.6447025296377752,3.391083552485271,-27.238522570272245,-16.839414320045346,28.529941663921168,0.0,0.028594136238098145,-20.0,107.96536636352539,-20.023948142924187
1463,14.63,-16.42182822633649,0.6381940773011213,3.364581850776536,-19.564339192785674,-23.634415061562517,8.611371027944854,0.0,-20.0,-20.0,107.96536636352539,-19.997025885109704
1464,14.64,-16.45816031527265,0.6316710226614858,3.3380374676067603,-9.906541318860437,-27.353957581193264,-13.045697607075418,0.0,-20.0,-20.0,107.96536636352539,-20.02571681261511
1465,14.65,-16.494472757467694,0.6251336006613593,3.31144982203235,0.2896572791822935,-27.610155013247784,-35.47406288381001,0.0,-20.0,-20.0,107.96536636352539,-20.109176610892508
1466,14.66,-16.530766631699144,0.618582056199602,3.284818362049206,9.314676467374612,-24.672202149768506,-57.384165160473486,0.0,-20.0,-20.0,107.96536636352539,-20.239853609945964
1467,14.67,-16.567043030745513,0.6120166423038361,3.2581425617459585,16.026634572451275,-19.35897011637842,-78.03290849882282,0.0,-20.0,-20.0,107.96536636352539,-20.404336696036555
1468,14.68,-16.603303058327416,0.6054376216128927,3.231421922543841,20.08695359059022,-12.673336928799436,-97.47368535260401,0.0,-20.0,-20.0,107.96536636352539,-20.584936835937864
1469,14.69,-16.639547828121486,0.5988452656475544,3.2046559738103526,21.633561182661563,-5.537464417133282,-116.21660765290525,0.0,-20.0,-20.0,107.96536636352539,-20.76181463242842
1470,14.700000000000001,-16.67587295770703,0.5923206529293376,3.178158009650766,20.962734362391842,1.2816159774078597,-134.857588301801,1079.8958740234375,-20.0,-20.0,107.96096324920654,-21.175978689669854
1471,14.71,-16.712457303649764,0.5860259953409546,3.1525716641983377,18.42076862172072,7.163733318973129,-153.867836673169,2200.0,-20.0,-20.0,107.95199298858643,-21.602078254144462
1472,14.72,-16.74936832010872,0.5800379728498034,3.128232602183915,14.431744309281632,11.635496506245754,-173.48833803409434,2200.0,-20.0,-20.0,107.94302272796631,-21.749535346597398
1473,14.73,-16.786574233730857,0.5743478035069288,3.1051509440743756,9.546308974648174,14.406497722093572,166.30768743181827,2200.0,-20.0,-20.0,107.93405246734619,-21.83639727145926
1474,14.74,-16.82404430166632,0.5689471966866427,3.083335469360971,4.416944315155756,15.418444572753009,145.76198139964373,2200.0,-20.0,15.902087688446043,107.92508220672607,-21.863753995809077
1475,14.75,-16.861747626159346,0.5638276740218948,3.062794140860595,-0.3254238055695414,14.856234946782395,125.187056197993,2200.0,-20.0,20.0,107.91611194610596,-21.839651662411725
1476,14.76,-16.89965315988544,0.5589805590567277,3.043534090744417,-4.218330523037928,13.091454195065923,104.81125435251566,2200.0,-20.0,20.0,107.90714168548584,-21.77813336270769
1477,14.77,-16.937729712572892,0.5543969824589184,3.0255616502766025,-7.040502154107088,10.579927666016813,84.7091177057395,2200.0,-4.147318601608276,20.0,107.89817142486572,-21.697556825014097
1478,14.780000000000001,-16.9759459847522,0.550067878755671,3.008882355954791,-8.790766492417642,7.760166102690132,64.83104054423094,2200.0,20.0,20.0,107.8892011642456,-21.618364847786662
1479,14.790000000000001,-17.014270582522666,0.5459839878855561,2.993500988708599,-9.619892408428557,4.982922209558477,45.07580145012019,2200.0,20.0,20.0,107.88023090362549,-21.56059383322792
1480,14.8,-17.052672072578883,0.5421358768548555,2.9794215644557065,-9.758279198528271,2.474990849497056,25.35128622995522,2200.0,20.0,20.0,107.87126064300537,-21.54141538275768
1481,14.81,-17.091118997960063,0.5385139401523611,2.9666473151447623,-9.453864249287484,0.3305274354694434,5.602728832587218,2200.0,20.0,20.0,107.86229038238525,-21.57303337181981
1482,14.82,-17.129579898563094,0.535108421621454,2.9551806714667577,-8.919672931811755,-1.4745470207590317,-14.187293495867944,2200.0,20.0,20.0,107.85332012176514,-21.661169225220696
1483,14.83,-17.1680233244516,0.5319094234671485,2.945023242412795,-8.29232548342849,-3.04795791049333,-34.013580118897806,2200.0,20.0,20.0,107.84434986114502,-21.80435606860098
1484,14.84,-17.206417849866376,0.5289069153761278,2.9361758090258996,-7.607761664926463,-4.531623232627105,-53.8653600515192,2200.0,20.0,20.0,107.8353796005249,-21.99411110025988
1485,14.85,-17.244732087399317,0.5260907419665246,2.9286383230232285,-6.800124649505427,-6.046595723225463,-73.73949341912316,2200.0,20.0,20.0,107.82640933990479,-22.215966134032193
1486,14.86,-17.282934702682866,0.5234506284150757,2.9224099078830084,-5.724855435809519,-7.6435284513442046,-93.64864333459684,2200.0,20.0,20.0,107.81743907928467,-22.451231583567246
1487,14.870000000000001,-17.320994429860967,0.5209761846330493,2.917488861464786,-4.201864695533498,-9.268639625334739,-113.62307711948543,2200.0,20.0,20.0,107.80846881866455,-22.679277074813275
1488,14.88,-17.35892805256229,0.5186190703483383,2.913542758313156,-2.0719514138277693,-10.752026754582658,-133.7014536625873,1126.349609375,20.0,20.0,107.80387592315674,-22.65452432245214
1489,14.89,-17.396817902539787,0.5162951981805469,2.909894248357665,0.7407528040542191,-11.822651709062418,-153.90598494994072,0.0,20.0,20.0,107.80387592315674,-22.566293719676647
1490,14.9,-17.434715638620602,0.5139645011951317,2.9061974431172644,4.171175347061495,-12.152011203959805,-174.20655886109049,0.0,20.0,20.0,107.80387592315674,-22.64996888412849
1491,14.91,-17.47262365651329,0.5116282049696232,2.902452605915616,7.980432693049748,-11.42300510592558,165.50482242323804,0.0,20.0,20.0,107.80387592315674,-22.674833270976023
1492,14.92,-17.51054309858923,0.5092867167862827,2.898659950780649,11.771239369060538,-9.410416599791803,145.3983249743332,0.0,20.0,20.0,107.80387592315674,-22.64260595820973
1493,14.93,-17.5484751004422,0.5069404474262384,2.89481972150226,15.056517362941626,-6.048068928894187,125.63648272501047,0.0,20.0,3.1208664178848267,107.80387592315674,-22.561934357620654
1494,14.94,-17.586420790133175,0.5045898137448608,2.890932191359321,17.348040952550477,-1.459722707990177,106.27929256508851,0.0,20.0,-19.22477960586548,107.80387592315674,-22.447304398895902
1495,14.950000000000001,-17.624381284761295,0.5022352271642713,2.886997662495676,18.21564083074167,4.046916587361128,87.21609497584426,0.0,20.0,-20.0,107.80387592315674,-22.317261767829617
1496,14.96,-17.662357692640818,0.49987710673593866,2.883016466372013,17.30049562858241,10.001151332993048,68.15689934343794,0.0,20.0,-20.0,107.80387592315674,-22.192125240583156
1497,14.97,-17.70035111517362,0.4975158737121756,2.8789889639505373,14.319138588816452,15.783491356780033,48.69063452812906,0.0,20.0,-20.0,107.80387592315674,-22.091499286930897
1498,14.98,-17.738362641173342,0.49515195209043056,2.874915544438486,9.128789735591473,20.637506936953745,28.424442198435667,0.0,20.0,-20.0,107.80387592315674,-22.03190343228958
1499,14.99,-17.77639334789975,0.4927857668663028,2.8707966254410366,1.9098503268833638,23.724726043809678,7.222855024233251,0.0,20.0,-20.0,107.80387592315674,-22.024789943981716
1500,15.0,-17.81444430073986,0.490417744255412,2.8666326527861052,-6.610870017457271,24.28924913941909,-14.540505742060414,0.0,20.0,-20.0,107.80387592315674,-22.075194003509246
1501,15.01,-17.852516552536414,0.48804831161296613,2.862424100246457,-15.19318461553429,21.91683171158339,-36.01367830907578,0.0,20.0,-20.0,107.80387592315674,-22.181179052044087
1502,15.02,-17.89061114730068,0.4856778949144503,2.85817147160497,-22.543092079553873,16.701837697270904,-56.3463618638372,0.0,-20.0,-20.0,107.80387592315674,-22.33414861741204
1503,15.030000000000001,-17.928729102165082,0.48330692697435085,2.8538752912369403,-27.785619525377793,9.162529459495111,-75.20623015463536,0.0,-20.0,-20.0,107.80387592315674,-22.519920292856057
1504,15.040000000000001,-17.966871439481267,0.48093583105590815,2.8495361204431697,-30.497382585421988,0.022423968374796332,-92.88309350758396,0.0,-20.0,-20.0,107.80387592315674,-22.720570336623034
1505,15.05,-18.00494480413648,0.47855934047106635,2.8453108197516865,-30.426754680838155,-9.928267837944643,-110.11334699835255,584.4324340820312,-20.0,-20.0,107.80149269104004,-23.03092980067983
1506,15.06,-18.042581963027747,0.47615124917443713,2.841779957597422,-27.221560756890415,-19.821803028551148,-127.9182978777738,2200.0,-20.0,-20.0,107.79252243041992,-23.514548989315532
1507,15.07,-18.079496861060168,0.47368610228445873,2.8393590772977664,-20.348662027742154,-28.593036798338836,-147.4708494016007,2200.0,-20.0,4.984996914863586,107.7835521697998,-23.632905410423003
1508,15.08,-18.115662601205706,0.47115117895002206,2.8380296559096476,-9.448998982943996,-34.858415443072836,-169.68103376913828,2200.0,-20.0,20.0,107.77458190917969,-23.698526787847566
1509,15.09,-18.151054287938315,0.46853503153156195,2.8377734081378345,4.600428928377203,-37.08976698284092,165.8558698266346,2200.0,-20.0,20.0,107.76561164855957,-23.706998574805557
1510,15.1,-18.185647520112067,0.4658262684787135,2.8385713452829777,18.980346030025856,-34.39355716428183,141.52900025290515,2200.0,-20.0,20.0,107.75664138793945,-23.660508745973207
1511,15.11,-18.219418404202298,0.4630135556788491,2.8404037959111212,30.678493442415427,-27.189230647128237,119.91315359629326,2200.0,-20.0,20.0,107.74767112731934,-23.567491185005583
1512,15.120000000000001,-18.252343556056548,0.46008560982782437,2.843250422434387,38.52234544365811,-16.735671028872122,101.66821339783249,2200.0,15.972604751586916,20.0,107.73870086669922,-23.441528871627092
1513,15.13,-18.284400093637274,0.45703119227716316,2.8470902574898242,42.689469085605,-4.294380298199603,85.92199750983583,2200.0,20.0,20.0,107.7297306060791,-23.299622500988487
1514,15.14,-18.315565650223377,0.45383910839908254,2.8519017547110956,43.49070639771323,9.139033541095984,71.29856001522023,2200.0,20.0,20.0,107.72076034545898,-23.160073263671386
1515,15.15,-18.34581838206477,0.45049821007029744,2.8576627924211833,40.727969844056446,22.693223030762873,56.21040584820518,2200.0,20.0,20.0,107.71179008483887,-23.04023847979076
1516,15.16,-18.375137030043653,0.44699740373238006,2.864350718596122,33.357210182599204,35.30962891458389,38.627552869514034,2200.0,20.0,20.0,107.70281982421875,-22.954490364898938
1517,15.17,-18.403500923484213,0.4433256814172904,2.871942331838086,19.471692047443483,45.25801774171917,15.956209839561417,2200.0,20.0,20.0,107.69384956359863,-22.91248878520529
1518,15.18,-18.43089000638729,0.4394721334856179,2.8804138848033944,-1.5141487703539438,49.79414538685162,-12.889295867219548,2200.0,20.0,20.0,107.68487930297852,-22.918123842647745
1519,15.19,-18.457284849177906,0.4354259611576155,2.889741092734394,-23.886845462559243,46.74294475719129,-42.59465655312356,2200.0,20.0,20.0,107.6759090423584,-22.96916851846575
1520,15.200000000000001,-18.48266665775114,0.4311764864403133,2.89989914384749,-40.31183433858611,37.18976654076497,-66.19265557310926,2200.0,20.0,20.0,107.66693878173828,-23.05768382581913
1521,15.21,-18.507017281549263,0.42671315993559666,2.9108627106298917,-50.00870134745119,23.80848262918371,-83.30938640733122,2200.0,20.0,20.0,107.65796852111816,-23.171112195953565
1522,15.22,-18.530319221190524,0.42202556666609564,2.92260596198833,-54.94219433965555,8.47306558357289,-96.45740141069129,2200.0,20.0,20.0,107.64899826049805,-23.29391106205
1523,15.23,-18.552555635803376,0.41710343013157863,2.9351025765129837,-56.424571596262915,-7.788202595566554,-107.8329688087237,2200.0,20.0,20.0,107.64002799987793,-23.409514612463855
1524,15.24,-18.573710350160383,0.41193661481633614,2.9483257570945742,-54.64339755416248,-24.301533621589247,-119.29331643422007,2200.0,20.0,20.0,107.63105773925781,-23.502375752471043
1525,15.25,-18.593767861724547,0.4065151275007892,2.9622482470459084,-48.36716039298651,-40.322446274048346,-133.23590665321373,2200.0,20.0,20.0,107.6220874786377,-23.559835722713235
1526,15.26,-18.61283468715265,0.40085837010776004,2.9767710357931576,-33.665163476579714,-54.33023653944939,-154.2886605470774,1739.989013671875,20.0,20.0,107.61499261856079,-23.492280924402053
1527,15.27,-18.631313380595692,0.39505882543046944,2.9916340285340537,-3.844655985268063,-62.298234521225986,170.4066146915437,639.1317138671875,20.0,20.0,107.61238670349121,-23.276380438107346
1528,15.280000000000001,-18.649663407313774,0.38922635905371233,3.006567978285578,31.635824952352515,-58.72175825828197,129.98849719381812,0.0,20.0,20.0,107.61238670349121,-23.125484718795974
1529,15.290000000000001,-18.66805628826262,0.3834033349508387,3.021479673493032,52.677811600446475,-46.15464912827571,104.29236252806108,0.0,20.0,20.0,107.61238670349121,-23.067622989497497
1530,15.3,-18.686492739642897,0.37759053637148693,3.036370871908575,62.69124363884521,-29.90945671065176,89.64501619949931,0.0,20.0,20.0,107.61238670349121,-22.986442692173636
1531,15.31,-18.704973180833754,0.3717883004004543,3.051242672447535,67.42875659769817,-12.223246439137538,79.96112545156743,0.0,20.0,20.0,107.61238670349121,-22.895912516616036
1532,15.32,-18.72349800398402,0.3659969576489686,3.066096185925694,69.24593751829343,6.101153399955032,72.35424698898419,0.0,20.0,20.0,107.61238670349121,-22.810723251271906
1533,15.33,-18.742067573775167,0.360216832046362,3.0809325343739116,68.74723951156797,24.68626770785348,65.16726092390824,0.0,20.0,20.0,107.61238670349121,-22.744477653846904
1534,15.34,-18.760682227200988,0.3544482406391731,3.0957528503484255,65.16091128890795,43.21188399726052,56.54479566372845,0.0,20.0,20.0,107.61238670349121,-22.708067559571898
1535,15.35,-18.77934227336258,0.34869149339808886,3.110558276234532,54.342903803634655,60.98140742553808,41.76732302143641,0.0,20.0,20.0,107.61238670349121,-22.70843281625442
1536,15.36,-18.797971043211223,0.34292435818015526,3.125372550021708,16.328308668515117,74.3287019711635,0.5365010542927092,266.5639953613281,20.0,20.0,107.61129999160767,-22.79362671772849
1537,15.370000000000001,-18.81612609909074,0.337015678373537,3.14031509933659,-47.345193208481035,69.66044305156437,-65.81858736378915,1525.46142578125,-20.0,20.0,107.60508012771606,-23.07757253728551
1538,15.38,-18.83324308539432,0.330795679164926,3.155519326437411,-69.3214525548262,53.17156565407818,-90.08326039737837,2200.0,-20.0,20.0,107.59610986709595,-23.25358152073859
1539,15.39,-18.849120656019437,0.32419858298560233,3.1710050583904548,-76.83518937193804,34.495759211524636,-99.59845163576213,2200.0,-20.0,20.0,107.58713960647583,-23.312487390632846
1540,15.4,-18.86375414981259,0.31721664352347545,3.1867397426011017,-80.23595803414995,15.219354058094801,-104.80710919983996,2200.0,-20.0,20.0,107.57816934585571,-23.377072986928223
1541,15.41,-18.877139769793523,0.3098427275273315,3.202691484522587,-81.95850793237203,-4.31000084351952,-108.24986200471722,2200.0,-20.0,20.0,107.5691990852356,-23.434842446619086
1542,15.42,-18.889274494281878,0.3020699349604088,3.2188282742596233,-82.75250344803197,-23.972815126706774,-110.84591565700255,2200.0,-20.0,20.0,107.56022882461548,-23.47441774685136
1543,15.43,-18.900156086120052,0.2938916073159638,3.2351180018276606,-82.7682864544161,-43.712668185500284,-113.14464823304455,2200.0,-20.0,20.0,107.55125856399536,-23.486905429126523
1544,15.44,-18.909783096546427,0.28530133679679276,3.251528471197946,-81.41268743326128,-63.487546264318034,-116.07332578291651,2200.0,-20.0,20.0,107.54228830337524,-23.466893618324686
1545,15.450000000000001,-18.91815486589528,0.27629297160031746,3.2680274146882105,-69.34804665283026,-83.11555057022605,-129.13678522356136,2200.0,-20.0,20.0,107.53331804275513,-23.41298088586787
1546,15.46,-18.925271522378992,0.26686061804215355,3.284582508243643,85.58058550126825,-76.59211550399421,75.43468615916211,2200.0,-20.0,20.0,107.52434778213501,-23.327789023745524
1547,15.47,-18.931133979952552,0.2569986405064683,3.3011613878313,90.68633722296906,-56.80736224939784,70.31721864423695,2200.0,-20.0,20.0,107.51537752151489,-23.21747794496286
1548,15.48,-18.93574393571577,0.24670165999250557,3.317731667016735,92.22254240211946,-36.96125674559218,69.3103510470356,2200.0,-20.0,20.0,107.50640726089478,-23.090842674655065
1549,15.49,-18.939103866933202,0.2359645517953338,3.3342609557479537,93.3236395243089,-17.12152134333607,69.42196296172173,2200.0,-20.0,20.0,107.49743700027466,-22.958121795214133
1550,15.5,-18.94121702751577,0.2247824426625507,3.350716881309314,94.58199135109021,2.6821519695913723,70.36886072744664,2200.0,6.345563530921936,20.0,107.48846673965454,-22.829677755208387
1551,15.51,-18.942087438289743,0.21315070935103847,3.36706711188062,96.46789579995635,22.407180719612185,72.37874721266428,2200.0,20.0,20.0,107.47949647903442,-22.71470964580846
1552,15.52,-18.94171986388129,0.2010649554692058,3.3832793590161363,99.94342788686248,41.9569234825161,76.33709768152816,2200.0,20.0,20.0,107.4705262184143,-22.620194107276745
1553,15.530000000000001,-18.940119803240364,0.18852103571047038,3.3993214444451367,108.34286403537112,60.997621066744365,85.56838338714599,2200.0,20.0,20.0,107.46155595779419,-22.55012711501315
1554,15.540000000000001,-18.937293507604217,0.17551505794417505,3.41516131156074,142.59415752094554,77.15142111684617,121.03180853927992,2200.0,20.0,20.0,107.45258569717407,-22.50518786145967
1555,15.55,-18.933247979720708,0.16204340764967387,3.430767047919922,-134.5998312250657,73.40097458541074,-154.49934868372839,2200.0,20.0,20.0,107.44361543655396,-22.482809856253613
1556,15.56,-18.92799098370202,0.1481027575830937,3.446106902082836,-113.56770211896962,55.85981682747521,-131.23153449411302,2200.0,20.0,20.0,107.43464517593384,-22.47767393127716
1557,15.57,-18.921531041341247,0.13369007286484144,3.461149298993797,-108.06007794988669,36.85463201749137,-122.7104771112266,2200.0,20.0,20.0,107.42567491531372,-22.48251438435341
1558,15.58,-18.91387742708171,0.11880261352601199,3.4758628547701433,-106.55809625994341,17.647683322950382,-117.06279683651881,2200.0,20.0,20.0,107.4167046546936,-22.48912703286319
1559,15.59,-18.90504016260929,0.10343793518752861,3.490216391495505,-107.15898667218757,-1.4703225755405493,-111.73025240159588,2200.0,20.0,20.0,107.40773439407349,-22.489442425766853
1560,15.6,-18.895030010978026,0.0875938879668257,3.5041789522690405,-109.82385018279878,-20.281632005280077,-105.33777432381817,2200.0,20.0,20.0,107.39876413345337,-22.476525378404904
1561,15.610000000000001,-18.88385846995348,0.07126861373111097,3.5177198167618133,-115.80129525346848,-38.40240769847621,-96.02650559989043,2200.0,20.0,20.0,107.38979387283325,-22.445377812079112
1562,15.620000000000001,-18.871537764421685,0.05446054200050338,3.5308085174822414,-129.1154334843049,-54.775855626569566,-79.43534773198148,2200.0,20.0,20.0,107.38082361221313,-22.39345310912706
1563,15.63,-18.858080837823326,0.037168384955955376,3.543414856917033,-159.98053108629693,-65.71329779823431,-45.11120008569637,2200.0,20.0,20.0,107.37185335159302,-22.320831782209996
1564,15.64,-18.84350134265861,0.019391132111310383,3.555508925630297,156.62880616392692,-63.55580097620411,2.1396668999512536,2200.0,20.0,20.0,107.3628830909729,-22.230054326868327
1565,15.65,-18.827813630163956,0.0011280452341596995,3.567061121307796,132.7386023418548,-50.58735970522948,30.543740837262007,2200.0,20.0,20.0,107.35391283035278,-22.125651514657584
1566,15.66,-18.811032739305254,-0.017621345932768314,3.578042168641961,123.1279957012105,-34.07041743180229,45.66664851686398,2200.0,20.0,20.0,107.34494256973267,-22.013449351382256
1567,15.67,-18.793174385275357,-0.03685724667595642,3.5884231398738726,119.66304753408576,-16.611549405596318,56.17304436172903,2200.0,20.0,20.0,107.33597230911255,-21.899750972322046
1568,15.68,-18.774254947720337,-0.05657959869011954,3.5981754757414697,119.70586279457504,0.901542754515846,65.5972022309126,2200.0,20.0,20.0,107.32700204849243,-21.790508150412066
1569,15.69,-18.7542914589335,-0.0767880796525309,3.6072710065282414,122.86705378437121,17.90274439860685,75.96778129425378,2200.0,20.0,20.0,107.31803178787231,-21.690590191682293
1570,15.700000000000001,-18.73330159223334,-0.09748210102958257,3.6156819728677156,130.16875186513263,33.640876942567054,89.43617412139163,2200.0,20.0,20.0,107.3090615272522,-21.603239183923876
1571,15.71,-18.711303650678104,-0.11866080439015117,3.623381045946145,144.22244475173562,46.61536969703401,109.24366782819327,2200.0,20.0,20.0,107.30009126663208,-21.529771034222385
1572,15.72,-18.68831655617862,-0.14032305671766013,3.6303413467716408,167.6769048565049,53.78712278439455,138.46492225141304,2200.0,20.0,20.0,107.29112100601196,-21.46954594355706
1573,15.73,-18.664359840776715,-0.16246745173335178,3.6365364661094555,-165.3916763247393,51.92810826394957,171.53368775071868,2200.0,-20.0,20.0,107.28215074539185,-21.420209112582924
1574,15.74,-18.639453632015282,-0.18509228046334567,3.6419404740369337,-146.4308357760649,42.34029404862772,-162.62504139659922,2200.0,-20.0,20.0,107.27318048477173,-21.3780816964432
1575,15.75,-18.613618645727513,-0.20819557768319075,3.6465279450972807,-136.44234775840852,28.863429692621946,-144.54852054555283,2200.0,-20.0,20.0,107.26421022415161,-21.338775266943998
1576,15.76,-18.58687616619768,-0.23177511111624613,3.6502739548907246,-132.28623441784083,13.936055420135565,-130.44006598019087,2200.0,-20.0,20.0,107.2552399635315,-21.297822513631587
1577,15.77,-18.559248025306182,-0.2558283888032341,3.653154107184023,-132.1545785444279,-1.1806849137765247,-117.4880003360408,2200.0,-20.0,20.0,107.24626970291138,-21.25125698228954
1578,15.780000000000001,-18.530756592180104,-0.2803526486146471,3.655144551539366,-135.6288966387809,-15.589059349518228,-103.68929864036933,2200.0,-20.0,20.0,107.23729944229126,-21.19609262965774
1579,15.790000000000001,-18.50142476421669,-0.305344850111987,3.6562220012002005,-143.23971020710098,-28.26235153781247,-87.19634457882493,2200.0,-20.0,20.0,107.22832918167114,-21.13063797037267
1580,15.8,-18.471275957488853,-0.3308016687853912,3.656363747015814,-155.8971143723948,-37.69211384401982,-66.30035048318611,2200.0,-20.0,20.0,107.21935892105103,-21.05461041747989
1581,15.81,-18.440334095806957,-0.3567194944889493,3.655547668575274,-173.09877765674594,-41.931841770980384,-40.942350060015144,2200.0,-20.0,20.0,107.21038866043091,-20.969051454112304
1582,15.82,-18.40862359879774,-0.38309443299837526,3.653752243683873,169.20823157843554,-39.832901984726504,-14.70428818090304,2200.0,-20.0,20.0,107.20141839981079,-20.876067602436994
1583,15.83,-18.37616936918286,-0.409922310107412,3.6509565573043403,155.71146323420575,-32.39198570126474,8.200423976566885,2200.0,-20.0,20.0,107.19244813919067,-20.778446055467253
1584,15.84,-18.34299677931982,-0.43719867756897196,3.647140310493762,147.63486143119488,-21.750339480178194,27.102703386117337,2200.0,-20.0,20.0,107.18347787857056,-20.67920743739954
1585,15.85,-18.309131656901236,-0.4649188204118573,3.64228382954562,144.1494294331257,-9.723229728805066,43.54647931010748,2200.0,-20.0,20.0,107.17450761795044,-20.581162732512208
1586,15.860000000000001,-18.274600269625356,-0.4930777652386579,3.636368075389639,144.44093626100886,2.404500724888364,59.29803408575718,2200.0,-20.0,20.0,107.16553735733032,-20.486536132729782
1587,15.870000000000001,-18.23942930868419,-0.5216702890586633,3.629374653288149,148.20567854978287,13.57526778431317,75.86165867701614,2200.0,-20.0,20.0,107.1565670967102,-20.396701841123168
1588,15.88,-18.203645871027184,-0.5506909281104719,3.621285822905842,155.4387978265786,22.695691586646824,94.41790040123982,2200.0,-20.0,20.0,107.14759683609009,-20.312063189307857
1589,15.89,-18.16727744019631,-0.5801339859293796,3.6120845089328455,165.82927596545824,28.57548083047723,115.47133026982148,2200.0,-8.833730816841125,20.0,107.13862657546997,-20.23207928810968
1590,15.9,-18.130351861544916,-0.6099935299500066,3.601754308700875,177.95344160616682,30.24697063030687,138.22159693843255,2200.0,20.0,20.0,107.12965631484985,-20.15539981760282
1591,15.91,-18.092897335222514,-0.6402634442626544,3.5902795065512128,-170.65107054623428,27.576163945696365,160.7518365651838,2200.0,20.0,20.0,107.12068605422974,-20.08021104965483
1592,15.92,-18.054942371329243,-0.6709373363829664,3.5776450816345995,-162.02967223113015,21.439408414051417,-178.43922128153238,2200.0,20.0,20.0,107.11171579360962,-20.00444980098134
1593,15.93,-18.016515782125442,-0.7020085708199378,3.5638367497691545,-156.9101926451632,13.188115282370859,-159.4831134696688,2200.0,20.0,20.0,107.1027455329895,-19.926132497284065
1594,15.94,-17.977646680797456,-0.7334702460435093,3.5488409608611424,-155.1852503165048,4.124613562305755,-141.6001108870724,2200.0,20.0,20.0,107.09377527236938,-19.84363815323662
1595,15.950000000000001,-17.9383644642077,-0.7653152069723059,3.5326449043656094,-156.5557455644201,-4.628654404830085,-123.78755163242464,2200.0,20.0,20.0,107.08480501174927,-19.755888525283645
1596,15.96,-17.8986987970473,-0.7975360553340326,3.5152365109754435,-160.7164023976488,-12.06832680502459,-105.20247840402949,2200.0,20.0,20.0,107.07583475112915,-19.66242377430346
1597,15.97,-17.858679595858433,-0.8301251597529005,3.4966044573989956,-167.1871371475372,-17.28773519857302,-85.41831313335152,2200.0,20.0,20.0,107.06686449050903,-19.563369669456833
1598,15.98,-17.81833701281934,-0.8630746656861463,3.476738172409093,-175.04115326619993,-19.606708288720327,-64.63724905863295,2200.0,20.0,20.0,107.05789422988892,-19.459309722751126
1599,15.99,-17.777701418902094,-0.8963765056153665,3.455627842768096,177.09807726582585,-18.813781477887357,-43.61605518094596,2200.0,20.0,20.0,107.0489239692688,-19.351089708004263
1600,16.0,-17.736803386072364,-0.9300224099784207,3.433264418395518,170.60095429230373,-15.293088301170345,-23.149047980303035,2200.0,20.0,20.0,107.03995370864868,-19.239591152182328
1601,16.01,-17.69567366812562,-0.9640039183787783,3.409639616783921,166.34388391283358,-9.875752769614682,-3.5448663216761642,2200.0,20.0,20.0,107.03098344802856,-19.125512609942
1602,16.02,-17.654343180214937,-0.9983123905452561,3.3847459271257208,164.64338959497636,-3.5677443481708364,15.434492438230226,2200.0,20.0,20.0,107.02201318740845,-19.00919410814129
1603,16.03,-17.61284297710955,-1.032939016280731,3.3585766145186313,165.4537936924183,2.6329026072937736,34.301043106417254,2200.0,20.0,20.0,107.01304292678833,-18.890510678661247
1604,16.04,-17.571204230517786,-1.0678748239056697,3.331125724483722,168.49596726053247,7.8120864403468495,53.5329682513948,2200.0,20.0,20.0,107.00407266616821,-18.76884814465501
1605,16.05,-17.52945820581389,-1.103110686890433,3.302388087839136,173.2320552017791,11.204911715476516,73.34056617294328,2200.0,20.0,20.0,106.9951024055481,-18.779137598838602
1606,16.06,-17.48763623857938,-1.1386373286008986,3.2723593258514194,178.81379572301447,12.314584990311847,93.56156445826456,2200.0,20.0,20.0,106.98613214492798,-18.808367128712405
1607,16.07,-17.445769711817498,-1.1744453258233583,3.2410358556177012,-175.8118468478959,11.046010327741666,113.77916470850444,2200.0,0.3652447462081909,20.0,106.97716188430786,-18.834241701951715
1608,16.080000000000002,-17.403890035349196,-1.2105251122152554,3.20841489707149,-171.62429471556987,7.742510468230015,133.6264474826515,2200.0,-20.0,20.0,106.96819162368774,-18.856334742784693
1609,16.09,-17.362028615385217,-1.246866965646662,3.1744944833291804,-169.29272018508345,3.0822330017360517,153.03235509731104,2200.0,-20.0,20.0,106.95922136306763,-18.874427988241845
1610,16.1,-17.320216854526763,-1.2834610424273394,3.139273460899039,-169.13021971775925,-2.081179877710728,172.23028738240785,2200.0,-20.0,20.0,106.95025110244751,-18.888647371583367
1611,16.11,-17.278486129755095,-1.3202973725609404,3.102751475529426,-171.14666800077438,-6.844469891605252,-168.41723645591495,2200.0,-20.0,20.0,106.94128084182739,-18.899480611655786
1612,16.12,-17.23686776649121,-1.3573658748107826,3.064928971813596,-175.05616410485908,-10.349817788050585,-148.6498013046826,2200.0,-20.0,20.0,106.93231058120728,-18.90772858432439
1613,16.13,-17.195393015108102,-1.39465635607027,3.025807193050489,179.77048312426768,-11.903111306292812,-128.49288696797186,2200.0,-20.0,20.0,106.92334032058716,-18.91439198489648
1614,16.14,-17.154093028539965,-1.4321585101760648,2.9853881860793496,174.27634529419672,-11.127558258109433,-108.27387290948377,2200.0,-20.0,20.0,106.91437005996704,-18.920517250473562
1615,16.15,-17.11299884203789,-1.46986191661423,2.943674804762349,169.50610329679486,-8.074402561218495,-88.4043496331773,2200.0,-20.0,20.0,106.90539979934692,-18.92702764438622
1616,16.16,-17.072141355107238,-1.5077560407412092,2.9006707111855015,166.3279321123826,-3.2019051069553566,-69.07847293114739,2200.0,-20.0,20.0,106.8964295387268,-18.934571761292684
1617,16.17,-17.031551315152498,-1.5458302359311107,2.856380374738694,165.30443058528078,2.750515547660936,-50.13275044131056,2200.0,-20.0,20.0,106.88745927810669,-18.94341852612398
1618,16.18,-16.9912593022611,-1.584073747781026,2.810809069576094,166.7270358476268,8.886392208627242,-31.129856072933364,2200.0,-20.0,18.516777753829956,106.87848901748657,-18.95342062551474
1619,16.19,-16.95129571446965,-1.6224757200704782,2.7639628706504156,170.6462440449782,14.226358397864361,-11.579922155833655,2200.0,-20.0,6.190648674964905,106.86951875686646,-18.964055772909035
1620,16.2,-16.911690754233508,-1.6610252031032837,2.7158486470013368,176.76658805203573,17.78511180994668,8.767239173759444,2200.0,-20.0,-2.177524119615555,106.86054849624634,-18.97454378449033
1621,16.21,-16.872474414526437,-1.6997111634041917,2.666474052064494,-175.72993095043918,18.74045934181306,29.66117124735437,2200.0,-20.0,-5.2811747789382935,106.85157823562622,-18.984023055663563
1622,16.22,-16.833676462779845,-1.7385224916919528,2.6158475149240683,-168.13883053760225,16.68730053156001,50.38439190494526,2200.0,-20.0,-5.087206959724426,106.8426079750061,-18.99175957041707
1623,16.23,-16.79532641265848,-1.77744800666777,2.5639782385456025,-161.80072964780905,11.790472048777474,70.21563023463376,2200.0,-20.0,-2.546359896659851,106.83363771438599,-18.99733328509757
1624,16.240000000000002,-16.75745351114255,-1.8164764617577516,2.510876201378379,-157.66002503360468,4.684776397437941,88.92765397454004,2200.0,-20.0,2.2393573820590973,106.82466745376587,-19.000796072651056
1625,16.25,-16.720086723203277,-1.8555965532047085,2.456552150090199,-156.22867805565153,-3.749880303976885,106.89353451721904,2200.0,-20.0,5.335348844528197,106.81569719314575,-19.0027487956608
1626,16.26,-16.683254722916047,-1.8947969422571873,2.4010175874123427,-157.8215456749572,-12.52344059581217,124.89954099976656,2200.0,-20.0,-6.697201728820801,106.80672693252563,-19.004344809739372
1627,16.27,-16.646985866973285,-1.934066263405589,2.344284760357109,-162.71428997918764,-20.529512877254,143.89003411128667,2200.0,-20.0,13.235058784484863,106.79775667190552,-19.00715056500695
1628,16.28,-16.611308198651805,-1.9733931335782555,2.2863666564248155,-170.97682302156778,-26.500736605983416,164.59424006376966,2200.0,-6.546934247016907,20.0,106.7887864112854,-19.012964599699785
1629,16.29,-16.576249377176264,-2.0127661179298384,2.2272769519447517,178.1019567718319,-29.138464614531046,-173.10460266185393,2200.0,20.0,20.0,106.77981615066528,-19.023432750959557
1630,16.3,-16.54183679292262,-2.052173989434913,2.167030117518936,166.43614482213053,-27.591853234500338,-150.57504950059942,2200.0,20.0,20.0,106.77084589004517,-19.040304177407705
1631,16.31,-16.508097267273506,-2.0916052110304806,2.1056412438730634,156.35280196663595,-21.953617969064844,-129.5940986686708,2200.0,20.0,20.0,106.76187562942505,-19.06421796826777
1632,16.32,-16.475057235504178,-2.1310483220936707,2.0431262422338117,149.26904848904948,-13.121441838135398,-110.9499023101185,2200.0,20.0,20.0,106.75290536880493,-19.095296462122285
1633,16.330000000000002,-16.442742661143377,-2.1704917476914747,1.9795017774299486,145.56363978328415,-2.2434514102094236,-94.20253026496412,2200.0,20.0,20.0,106.74393510818481,-19.132721610239543
1634,16.34,-16.411179072423913,-2.209923863646197,1.9147852504815261,145.29321769082756,9.595500607642284,-78.23171852363103,2200.0,20.0,20.0,106.7349648475647,-19.174863192183217
1635,16.35,-16.38039157403068,-2.24933302803912,1.8489947660956652,148.7674450590796,21.330385267104717,-61.583549987697005,2200.0,20.0,20.0,106.72599458694458,-19.219455017306956
1636,16.36,-16.35040484272669,-2.2887076102011625,1.7821491078536238,156.74263376685533,31.673864865011108,-42.57044777099893,2200.0,20.0,20.0,106.71702432632446,-19.263889204709773
1637,16.37,-16.321243112778927,-2.3280360147923758,1.714267720732507,169.91515514967531,38.84780169556373,-19.7850621087581,2200.0,18.702521324157715,20.0,106.70805406570435,-19.305596113196316
1638,16.38,-16.292930156157997,-2.367306700114014,1.6453706964626449,-172.9884474210888,40.814437665912294,6.05744624621964,2200.0,12.143704891204834,20.0,106.69908380508423,-19.34245378705416
1639,16.39,-16.2654892593221,-2.406508195228351,1.5754787596030564,-156.36868237013888,36.64424127642032,31.037786320397835,2200.0,9.30759847164154,20.0,106.69011354446411,-19.37317184420739
1640,16.4,-16.23894319838886,-2.445629110733496,1.504613256517533,-144.03341741774076,27.408502642339993,51.82893030701244,2200.0,1.6335290670394895,20.0,106.681143283844,-19.397580027736353
1641,16.41,-16.213314213450005,-2.4846581461869515,1.4327961449167994,-136.55897684370188,14.957768455364366,68.42907889163558,2200.0,-6.464225649833679,20.0,106.67217302322388,-19.41677031860555
1642,16.42,-16.18862397764003,-2.5235840986898617,1.3600499866049762,-133.162213422932,0.768020045438816,82.43791809653723,2200.0,-20.0,20.0,106.66320276260376,-19.43306464766333
1643,16.43,-16.164893585076385,-2.5623958654267707,1.2863979416681712,-133.38236338907558,-14.127205223023065,95.65575332140412,2200.0,-20.0,20.0,106.65423250198364,-19.44978977834802
1644,16.44,-16.142143543763748,-2.601082447868562,1.2118637497418097,-137.6648837689767,-28.805137668011774,110.07140204140835,2200.0,-20.0,20.0,106.64526224136353,-19.47089422665711
1645,16.45,-16.12039376504078,-2.6396329635476428,1.136471707922999,-147.77736970802223,-41.96854152835582,128.44569066028055,2200.0,-20.0,20.0,106.63629198074341,-19.500437231432578
1646,16.46,-16.099663552428293,-2.678036652268476,1.060246648202778,-166.5870506976525,-51.17443209700107,154.30330458978742,2200.0,-20.0,20.0,106.62732172012329,-19.542011947701468
1647,16.47,-16.079971585408828,-2.716282881809582,0.9832139185985566,167.2901417150655,-52.76033948911147,-173.26998597566777,2200.0,-20.0,20.0,106.61835145950317,-19.597965969052023
1648,16.48,-16.061335901664396,-2.7543611518322253,0.9053993659206552,144.62445106161175,-45.605849707675965,-144.66394842157197,2200.0,-20.0,20.0,106.60938119888306,-19.668875178297363
1649,16.490000000000002,-16.043773879294832,-2.792261096403371,0.8268293197038334,130.87397520117165,-32.780764359507444,-124.96838380069595,2200.0,-20.0,20.0,106.60041093826294,-19.754915859515698
1650,16.5,-16.027302220132597,-2.829972485683937,0.7475305770018131,123.66846581964286,-17.197437730379725,-111.37101376479804,2200.0,-20.0,20.0,106.59144067764282,-19.853602948519505
1651,16.51,-16.01193693483196,-2.8674852275148925,0.6675303876555123,120.57733192716552,-0.3380570900700471,-100.78444560249267,2200.0,-20.0,12.19508171081543,106.5824704170227,-19.960837994448916
1652,16.52,-15.997693330578318,-2.904789369105018,0.5868564396165626,120.65255143042147,17.032473295410863,-91.08163306803759,2200.0,-20.0,3.1133919954299927,106.57350015640259,-20.071346221742132
1653,16.53,-15.984586003410397,-2.941875099205785,0.5055368434311222,124.34377435751054,34.31905040840946,-80.19650929178856,2200.0,-20.0,3.0193883180618286,106.56452989578247,-20.179308761458685
1654,16.54,-15.972458151300303,-2.9787670468431267,0.42368902278036885,134.3693636334674,50.57110834802188,-64.51635631425061,1574.45947265625,-20.0,5.205029845237732,106.55811023712158,-20.137014814607745
1655,16.55,-15.9607165310993,-3.0155815779471977,0.3416402861584166,158.6456442004947,63.05452323604051,-35.59028498011753,0.0,-20.0,5.64920961856842,106.55811023712158,-19.848505894701802
1656,16.56,-15.94893192971503,-3.0524063418955265,0.2596146465435081,-159.34039543908528,64.71387775981226,10.41910450980619,0.0,-20.0,-0.554269105195999,106.55811023712158,-19.85736534993931
1657,16.57,-15.937102939518333,-3.089241765185223,0.1776091261865907,-129.66711801150652,53.79357958863684,43.692890297803665,0.0,-20.0,-9.437583088874817,106.55811023712158,-19.781482971011606
1658,16.580000000000002,-15.921925107926047,-3.1268045523951447,0.11130097247840746,-107.99782667558635,36.66332861220994,65.82138502622666,0.0,-20.0,-17.081422805786133,106.55811023712158,-19.275525844601137
1659,16.59,-15.906629745169457,-3.144584763092774,0.08007247942416237,-99.15012158228967,31.839632479245203,73.40657821667688,0.0,-20.0,4.255805611610413,106.55811023712158,-115.76478842507865
