Step,Time,X,Y,Z,Roll,Pitch,Yaw,Thrust,GimbalYaw,GimbalPitch,Mass,Reward
0,0,0.09537989187243616,-1.8720498645117893,11.0,5.57588890995849,0.7710248718869015,0.037547355704407585,0.0,0.0,0.0,110.0,0.0
1,0.01,0.09098712130534824,-1.8858049788904203,10.969170018104075,5.576050284438343,0.7716452546134743,0.03343676065570834,0.0,-20.0,-20.0,110.0,-8.283488928158562
2,0.02,0.08659370360440823,-1.8995594362302721,10.938340109103475,5.576045575452595,0.7732152649346488,0.019326503914382707,0.0,-20.0,-20.0,110.0,-8.25820732301801
3,0.03,0.08220027943426873,-1.9133138873376259,10.9075102007961,5.575911969233578,0.7741509626949628,0.009800331074242392,0.0,-20.0,-20.0,110.0,-8.231328956206962
4,0.04,0.07780678072862031,-1.9270682637224203,10.876680300794181,5.575738497954201,0.7748303821684042,0.0022199141285259073,0.0,-20.0,-20.0,110.0,-8.205205570750762
5,0.05,0.07341327079093872,-1.9408226313638932,10.84585040179775,5.575553416517898,0.775500565673335,-0.005412149499881668,0.0,-20.0,-20.0,110.0,-8.179329830343875
6,0.06,0.0690197730465943,-1.9545770159592089,10.815020500980857,5.575369992619583,0.7762333225498613,-0.013620194195057975,0.0,-20.0,-20.0,110.0,-8.153511029686312
7,0.07,0.0646262941885484,-1.968331423457817,10.784190597672266,5.57519489187703,0.7770278028436253,-0.02233210863396808,0.0,-20.0,-20.0,110.0,-8.127705333778524
8,0.08,0.06023283359877954,-1.9820858525930598,10.753360692004131,5.575030903122681,0.7778663491803843,-0.03136375073806835,0.0,-20.0,-20.0,110.0,-8.101918174883194
9,0.09,0.05583938821790889,-1.995840300135782,10.722530784333177,5.5748777907184195,0.7787326772680973,-0.04056769702947238,0.0,-20.0,-20.0,110.0,-8.076161881011293
10,0.1,0.05144595452383207,-2.009594761826008,10.691700875122972,5.574733605944197,0.779615539459706,-0.04985468830804069,0.0,-20.0,-20.0,110.0,-8.050446789642152
11,0.11,0.047052529334815095,-2.023349233560414,10.660870964817164,5.574596117099147,0.780508202849349,-0.0591788304366125,0.0,-20.0,-20.0,110.0,-8.024779571401645
12,0.12,0.042659110235543723,-2.0371037122691247,10.630041053748124,5.574463316749529,0.7814068832538426,-0.06851865656595489,0.0,-20.0,-20.0,110.0,-7.999163756813999
13,0.13,0.03826569559945108,-2.050858194735295,10.599211142251905,5.574333267234001,0.7823094628564479,-0.07786484713324111,0.0,-20.0,-20.0,110.0,-7.973601303127033
14,0.14,0.03387228420169982,-2.064612679438613,10.56838123049349,5.574204419707477,0.7832147044849175,-0.08721376365255858,0.0,-20.0,-20.0,110.0,-7.9480932193727085
15,0.15,0.02947887517150131,-2.078367164888904,10.537551318630138,5.574076040686474,0.7841218033735009,-0.09656402934099963,0.0,-20.0,-20.0,110.0,-7.922640239774221
16,0.16,0.02508546784831136,-2.0921216506531786,10.506721406713048,5.573947764242384,0.7850302153549376,-0.10591506838562566,0.0,-20.0,-20.0,110.0,-7.897242903967974
17,0.17,0.020692061765633582,-2.1058761364893086,10.47589149477217,5.573819400072462,0.7859395730576577,-0.1152666137386215,0.0,-20.0,-20.0,110.0,-7.8715199882633415
18,0.18,0.01629865661064785,-2.1196306222701553,10.445061582824145,5.573690846229567,0.7868496312561468,-0.12461852575098717,0.0,-20.0,-20.0,110.0,-7.8457405290516915
19,0.19,0.011905252173261842,-2.13338510793292,10.414231670877944,5.5735620547200835,0.7877602279181242,-0.13397072122657322,0.0,-20.0,-20.0,110.0,-7.820010500193082
20,0.2,0.007511848305039537,-2.1471395934703374,10.383401758936285,5.573433016163638,0.7886712477489621,-0.14332313926303264,0.0,-20.0,-20.0,110.0,-7.79433026671829
21,0.21,0.0031184448785019606,-2.1608940789169533,10.352571846997517,5.573303758651846,0.7895825938869827,-0.15267572477785246,0.0,-20.0,-20.0,110.0,-7.768700194654954
22,0.22,-0.0012749582474679074,-2.1746485643503424,10.321741935055975,5.573174342802829,0.7904941532479777,-0.16202841843160792,0.0,-20.0,-20.0,110.0,-7.743120650066792
23,0.23,-0.0056683611779635625,-2.188403049828554,10.290912023107417,5.573044818712429,0.7914058305860128,-0.17138117427609387,0.0,-20.0,-20.0,110.0,-7.717592006781671
24,0.24,-0.010061764001223796,-2.2021575353921627,10.26008211114907,5.572915206521236,0.7923175715120747,-0.18073396705111797,0.0,-20.0,-20.0,110.0,-7.69211464131106
25,0.25,-0.014455166756398602,-2.2159120210446743,10.229252199181122,5.5727855096766135,0.7932293447374147,-0.19008678306961552,0.0,-20.0,-20.0,110.0,-7.666688930453706
26,0.26,-0.01884856946609475,-2.2296665067785097,10.198422287204622,5.572655723127066,0.7941411323604898,-0.19943961491787202,0.0,-20.0,-20.0,110.0,-7.641315252925518
27,0.27,-0.02324197214325475,-2.2434209925814446,10.167592375220936,5.572525838173008,0.7950529241433739,-0.2087924585168067,0.0,-20.0,-20.0,110.0,-7.615993989672593
28,0.28,-0.027635374795442463,-2.2571754784402964,10.136762463231452,5.57239584528767,0.7959647140749475,-0.21814531153830527,0.0,-20.0,-20.0,110.0,-7.590725524055025
29,0.29,-0.032028777427409935,-2.270929964342929,10.105932551237421,5.572265735650585,0.7968764983582463,-0.22749817257209767,0.0,-20.0,-20.0,110.0,-7.5655102419501565
30,0.3,-0.036422180042526904,-2.284684450279148,10.075102639239883,5.572135501836874,0.7977882743008824,-0.23685104069604562,0.0,-20.0,-20.0,110.0,-7.540348531808255
31,0.31,-0.04081558264349563,-2.298438936240903,10.044272727239662,5.572005137972922,0.7987000397588582,-0.24620391525845997,0.0,-20.0,-20.0,110.0,-7.515240784681793
32,0.32,-0.04520898523265429,-2.3121934222220863,10.013442815237383,5.571874639595478,0.7996117928952142,-0.2555567957696212,0.0,-20.0,-20.0,110.0,-7.490187394240249
33,0.33,-0.04960238781207286,-2.3259479082181658,9.982612903233518,5.571744003386519,0.8005235320975257,-0.26490968184782604,0.0,-20.0,-20.0,110.0,-7.465188756777176
34,0.34,-0.05399579038356524,-2.3397023942257973,9.95178299122842,5.571613226892884,0.8014352559604772,-0.2742625731913707,0.0,-20.0,-20.0,110.0,-7.440245271213016
35,0.35000000000000003,-0.0583891929486835,-2.3534568802424918,9.92095307922235,5.571482308286055,0.8023469632840999,-0.2836154695619948,0.0,-20.0,-20.0,110.0,-7.415357339095526
36,0.36,-0.06278259550872144,-2.3672113662663636,9.890123167215512,5.571351246179802,0.8032586530669679,-0.2929683707731112,0.0,-20.0,-20.0,110.0,-7.39052536459872
37,0.37,-0.06717599806473327,-2.380965852295954,9.859293255208058,5.57122003950221,0.8041703244897407,-0.30232127668010883,0.0,-20.0,-20.0,110.0,-7.36574975452082
38,0.38,-0.07156940061756327,-2.3947203383301137,9.828463343200118,5.571088687409924,0.8050819768916193,-0.31167418717193696,0.0,-20.0,-20.0,110.0,-7.341030918281347
39,0.39,-0.07596280316787997,-2.408474824367926,9.797633431191786,5.570957189231503,0.8059936097440977,-0.3210271021639113,0.0,-20.0,-20.0,110.0,-7.316369267917326
40,0.4,-0.08035620571620972,-2.4222293104086563,9.766803519183144,5.5708255444291925,0.8069052226256449,-0.33038002159172597,0.0,-20.0,-20.0,110.0,-7.291765218078645
41,0.41000000000000003,-0.08474960826296632,-2.435983796451713,9.735973607174252,5.570693752571779,0.8078168151994694,-0.3397329454066888,0.0,-20.0,-20.0,110.0,-7.26721918602245
42,0.42,-0.08914301080847543,-2.4497382824966216,9.705143695165162,5.570561813314096,0.8087283871951545,-0.3490858735719902,0.0,-20.0,-20.0,110.0,-7.24273159160661
43,0.43,-0.09353641335299412,-2.463492768543003,9.674313783155915,5.5704297263807465,0.8096399383940842,-0.3584388060599049,0.0,-20.0,-20.0,110.0,-7.218302857282148
44,0.44,-0.0979298158967258,-2.477247254590554,9.643483871146543,5.570297491552767,0.8105514686181267,-0.36779174284968275,0.0,-20.0,-20.0,110.0,-7.193933408084649
45,0.45,-0.10232321843983185,-2.491001740639035,9.612653959137072,5.570165108656626,0.8114629777209243,-0.37714468392595546,0.0,-20.0,-20.0,110.0,-7.169623671624581
46,0.46,-0.10671662098244054,-2.5047562266882535,9.581824047127522,5.570032577555153,0.8123744655811823,-0.38649762927755366,0.0,-20.0,-20.0,110.0,-7.1453740780766255
47,0.47000000000000003,-0.11111002352465388,-2.518510712738058,9.55099413511791,5.569899898140169,0.8132859320974619,-0.39585057889660424,0.0,-20.0,-20.0,110.0,-7.121185060167803
48,0.48,-0.115503426066553,-2.532265198788328,9.520164223108248,5.569767070326515,0.8141973771841022,-0.405203532777822,0.0,-20.0,-20.0,110.0,-7.097057053164508
49,0.49,-0.11989682860820246,-2.546019684838967,9.489334311098547,5.569634094047305,0.8151088007680006,-0.4145564909179727,0.0,-20.0,-20.0,110.0,-7.072990494858402
50,0.5,-0.12429023114965357,-2.5597741708899004,9.458504399088815,5.569500969250133,0.8160202027860559,-0.42390945331545,0.0,-20.0,-20.0,110.0,-7.048985825551043
51,0.51,-0.1286836336909471,-2.573528656941068,9.427674487079058,5.5693676958940745,0.8169315831831311,-0.4332624199699375,0.0,-20.0,-20.0,110.0,-7.025043488037329
52,0.52,-0.13307703623211548,-2.58728314299242,9.39684457506928,5.56923427394731,0.8178429419104277,-0.44261539088214813,0.0,-20.0,-20.0,110.0,-7.00116392758763
53,0.53,-0.13747043877318438,-2.60103762904392,9.366014663059488,5.569100703385263,0.8187542789241858,-0.4519683660535886,0.0,-20.0,-20.0,110.0,-6.977347591928635
54,0.54,-0.14186384131417434,-2.6147921150955367,9.335184751049683,5.56896698418909,0.819665594184653,-0.4613213454864131,0.0,-20.0,-20.0,110.0,-6.953594931222827
55,0.55,-0.14625724385510155,-2.6285466011472467,9.304354839039867,5.568833116344521,0.8205768876552602,-0.4706743291832886,0.0,-20.0,-20.0,110.0,-6.929906398046538
56,0.56,-0.15065064639597894,-2.64230108719903,9.273524927030044,5.568699099840917,0.8214881593019677,-0.4800273171472838,0.0,-20.0,-20.0,110.0,-6.906282447366643
57,0.5700000000000001,-0.15504404893681673,-2.6560555732508724,9.242695015020214,5.568564934670523,0.8223994090927448,-0.4893803093817873,0.0,-20.0,-20.0,110.0,-6.882723536515645
58,0.58,-0.15943745147762306,-2.6698100593027614,9.211865103010378,5.568430620827875,0.8233106369971576,-0.4987333058904473,0.0,-20.0,-20.0,110.0,-6.859230125165352
59,0.59,-0.16383085401840441,-2.6835645453546872,9.18103519100054,5.568296158309338,0.8242218429860401,-0.508086306677117,0.0,-20.0,-20.0,110.0,-6.8358026752989165
60,0.6,-0.16822425655916592,-2.697319031406643,9.150205278990697,5.568161547112733,0.8251330270312339,-0.5174393117458039,0.0,-20.0,-20.0,110.0,-6.81244165118126
61,0.61,-0.1726176590999116,-2.711073517458621,9.119375366980853,5.568026787237023,0.8260441891053819,-0.5267923211006466,0.0,-20.0,-20.0,110.0,-6.789147519327814
62,0.62,-0.1770110616406448,-2.724828003510618,9.088545454971007,5.567891878682097,0.8269553291817623,-0.5361453347458719,0.0,-20.0,-20.0,110.0,-6.765920748471596
63,0.63,-0.18140446418136805,-2.7385824895626296,9.057715542961159,5.567756821448573,0.8278664472341595,-0.5454983526857976,0.0,-20.0,-20.0,110.0,-6.742761809528463
64,0.64,-0.18579786672208337,-2.752336975614653,9.026885630951309,5.567621615537643,0.8287775432367618,-0.5548513749248115,0.0,-20.0,-20.0,110.0,-6.7196711755605305
65,0.65,-0.19019126926279242,-2.7660914616666856,8.99605571894146,5.5674862609509725,0.8296886171640745,-0.5642044014673391,0.0,-20.0,-20.0,110.0,-6.696649321737785
66,0.66,-0.19458467180349648,-2.779845947718725,8.965225806931608,5.567350757690582,0.8305996689908589,-0.5735574323178504,0.0,-20.0,-20.0,110.0,-6.673696725297695
67,0.67,-0.19897807434419656,-2.7936004337707705,8.934395894921757,5.567215105758795,0.8315106986920763,-0.5829104674808407,0.0,-20.0,-20.0,110.0,-6.650813865502879
68,0.68,-0.20337147688489352,-2.8073549198228203,8.903565982911905,5.567079305158167,0.8324217062428491,-0.5922635069608266,0.0,-20.0,-20.0,110.0,-6.628001223596731
69,0.6900000000000001,-0.20776487942558797,-2.8211094058748736,8.872736070902052,5.566943355891439,0.8333326916184292,-0.6016165507623646,0.0,-20.0,-20.0,110.0,-6.605259282756923
70,0.7000000000000001,-0.21215828196628042,-2.83486389192693,8.841906158892199,5.5668072579614964,0.8342436547941694,-0.6109695988900175,0.0,-20.0,-20.0,110.0,-6.582588528046765
71,0.71,-0.21655168450697132,-2.848618377978988,8.811076246882346,5.566671011371353,0.8351545957455032,-0.6203226513483597,0.0,-20.0,-20.0,110.0,-6.559989446364368
72,0.72,-0.22094508704766094,-2.8623728640310486,8.780246334872492,5.566534616124107,0.8360655144479276,-0.6296757081419712,0.0,-20.0,-20.0,110.0,-6.537462526389498
73,0.73,-0.2253384895883496,-2.87612735008311,8.74941642286264,5.5663980722229445,0.8369764108769919,-0.639028769275444,0.0,-20.0,-20.0,110.0,-6.5150082585280895
74,0.74,-0.22973189212903747,-2.8898818361351726,8.718586510852786,5.566261379671108,0.8378872850082855,-0.648381834753371,0.0,-20.0,-20.0,110.0,-6.4926271348544
75,0.75,-0.23412529466972468,-2.9036363221872357,8.687756598842933,5.566124538471887,0.8387981368174316,-0.6577349045803624,0.0,-20.0,-20.0,110.0,-6.470319649050634
76,0.76,-0.23851869721041138,-2.917390808239299,8.65692668683308,5.565987548628615,0.8397089662800792,-0.6670879787610248,0.0,-20.0,-20.0,110.0,-6.448086296344068
77,0.77,-0.24291209975109768,-2.9311452942913636,8.626096774823226,5.56585041014466,0.8406197733718966,-0.6764410572999644,0.0,-20.0,-20.0,110.0,-6.4259275734415775
78,0.78,-0.2473055022917837,-2.944899780343428,8.595266862813373,5.565713123023407,0.84153055806857,-0.6857941402017877,0.0,-20.0,-20.0,110.0,-6.403843978461479
79,0.79,-0.25169890483246943,-2.9586542663954924,8.56443695080352,5.565575687268278,0.8424413203457981,-0.6951472274711064,0.0,-20.0,-20.0,110.0,-6.381836010862633
80,0.8,-0.25609230737315497,-2.9724087524475573,8.533607038793667,5.565438102882704,0.8433520601792908,-0.7045003191125356,0.0,-20.0,-20.0,110.0,-6.359904171370733
81,0.81,-0.26048570991384035,-2.986163238499622,8.502777126783814,5.5653003698701315,0.8442627775447666,-0.7138534151306887,0.0,-20.0,-20.0,110.0,-6.338048961901736
82,0.8200000000000001,-0.2648791124545256,-2.999917724551687,8.47194721477396,5.56516248823402,0.8451734724179503,-0.7232065155301742,0.0,-20.0,-20.0,110.0,-6.3162708854822975
83,0.8300000000000001,-0.26927251499521077,-3.013672210603752,8.441117302764107,5.565024457977849,0.8460841447745745,-0.7325596203156213,0.0,-20.0,-20.0,110.0,-6.294570446167215
84,0.84,-0.27366591753589586,-3.0274266966558168,8.410287390754254,5.564886279105092,0.8469947945903743,-0.7419127294916396,0.0,-20.0,-20.0,110.0,-6.272948148953716
85,0.85,-0.2780593200765809,-3.041181182707881,8.379457478744401,5.5647479516192435,0.8479054218410883,-0.7512658430628404,0.0,-20.0,-20.0,110.0,-6.251404499692626
86,0.86,-0.2824527226172659,-3.0549356687599456,8.348627566734548,5.564609475523802,0.8488160265024588,-0.7606189610338334,0.0,-20.0,-20.0,110.0,-6.229940004996196
87,0.87,-0.2868461251579508,-3.06869015481201,8.317797654724695,5.56447085082227,0.8497266085502311,-0.7699720834092305,0.0,-20.0,-20.0,110.0,-6.20855517214267
88,0.88,-0.29123952769863576,-3.0824446408640744,8.286967742714841,5.564332077518158,0.8506371679601522,-0.7793252101936483,0.0,-20.0,-20.0,110.0,-6.187250508977359
89,0.89,-0.29563293023932063,-3.0961991269161384,8.256137830704988,5.564193155614984,0.8515477047079718,-0.7886783413917048,0.0,-20.0,-20.0,110.0,-6.166026523810246
90,0.9,-0.3000263327800055,-3.1099536129682024,8.225307918695135,5.564054085116265,0.8524582187694404,-0.7980314770080136,0.0,-20.0,-20.0,110.0,-6.144883725310012
91,0.91,-0.30441973532069033,-3.123708099020266,8.194478006685282,5.563914866025533,0.8533687101203101,-0.8073846170471876,0.0,-20.0,-20.0,110.0,-6.123822622394343
92,0.92,-0.30881313786137515,-3.1374625850723294,8.163648094675429,5.563775498346314,0.854279178736334,-0.8167377615138434,0.0,-20.0,-20.0,110.0,-6.102843724116535
93,0.93,-0.31320654040206,-3.151217071124393,8.132818182665575,5.563635982082146,0.8551896245932664,-0.8260909104125934,0.0,-20.0,-20.0,110.0,-6.081947539548196
94,0.9400000000000001,-0.3175999429427448,-3.164971557176456,8.101988270655722,5.563496317236569,0.8561000476668631,-0.8354440637480476,0.0,-20.0,-20.0,110.0,-6.061134577658103
95,0.9500000000000001,-0.3219933454834296,-3.178726043228519,8.071158358645869,5.563356503813126,0.8570104479328794,-0.8447972215248132,0.0,-20.0,-20.0,110.0,-6.040405347186922
96,0.96,-0.32638674802411444,-3.192480529280582,8.040328446636016,5.563216541815367,0.8579208253670718,-0.8541503837474984,0.0,-20.0,-20.0,110.0,-6.019760356517923
97,0.97,-0.33078015056479926,-3.2062350153326444,8.009498534626163,5.5630764312468415,0.8588311799451985,-0.8635035504207168,0.0,-20.0,-20.0,110.0,-5.999200113543414
98,0.98,-0.3351735531054841,-3.219989501384707,7.978668622616309,5.562936172111109,0.8597415116430187,-0.8728567215490906,0.0,-20.0,-20.0,110.0,-5.978725125526947
99,0.99,-0.33956695564616884,-3.2337439874367693,7.9478387106064545,5.562795764411729,0.8606518204362918,-0.8822098971372293,0.0,-20.0,-20.0,110.0,-5.958335898961087
100,1.0,-0.3439603581868536,-3.2474984734888315,7.9170087985966004,5.562655208152263,0.8615621063007773,-0.8915630771897383,0.0,-20.0,-20.0,110.0,-5.938032939420723
101,1.01,-0.3483537607275384,-3.2612529595408932,7.886178886586746,5.562514503336282,0.862472369212236,-0.9009162617112296,0.0,-20.0,-20.0,110.0,-5.91781675141181
102,1.02,-0.35274716326822314,-3.275007445592955,7.855348974576892,5.562373649967358,0.8633826091464283,-0.910269450706306,0.0,-20.0,-20.0,110.0,-5.897687838215436
103,1.03,-0.3571405658089079,-3.2887619316450167,7.824519062567038,5.562232648049066,0.864292826079116,-0.9196226441795776,0.0,-20.0,-20.0,110.0,-5.877646701727124
104,1.04,-0.36153396834959267,-3.302516417697078,7.793689150557184,5.5620914975849844,0.865203019986061,-0.928975842135649,0.0,-20.0,-20.0,110.0,-5.857693842291255
105,1.05,-0.36592737089027744,-3.3162709037491394,7.76285923854733,5.561950198578697,0.8661131908430262,-0.9383290445791238,0.0,-20.0,-20.0,110.0,-5.837829758530553
106,1.06,-0.3703207734309622,-3.3300253898012,7.732029326537477,5.561808751033795,0.8670233386257755,-0.9476822515146166,0.0,-20.0,-20.0,110.0,-5.818054947170525
107,1.07,-0.37471417597164697,-3.343779875853261,7.701199414527624,5.561667154953867,0.8679334633100734,-0.9570354629467361,0.0,-20.0,-20.0,110.0,-5.798369902858693
108,1.08,-0.37910757851233173,-3.3575343619053215,7.6703695025177705,5.561525410342507,0.8688435648716841,-0.9663886788800842,0.0,-20.0,-20.0,110.0,-5.778775117978619
109,1.09,-0.3835009810530165,-3.371288847957382,7.639539590507917,5.561383517203314,0.8697536432863732,-0.975741899319267,0.0,-20.0,-20.0,110.0,-5.759271082458571
110,1.1,-0.38789438359370126,-3.3850433340094424,7.608709678498064,5.561241475539892,0.8706636985299078,-0.9850951242689023,0.0,-20.0,-20.0,110.0,-5.739858283574682
111,1.11,-0.39228778613438603,-3.3987978200615023,7.577879766488211,5.561099285355845,0.871573730578053,-0.9944483537335865,0.0,-20.0,-20.0,110.0,-5.720537205748624
112,1.12,-0.3966811886750708,-3.4125523061135623,7.547049854478358,5.5609569466547875,0.8724837394065754,-1.0038015877179183,0.0,-20.0,-20.0,110.0,-5.701308330339594
113,1.1300000000000001,-0.40107459121575556,-3.426306792165622,7.5162199424685046,5.560814459440329,0.8733937249912438,-1.01315482622651,0.0,-20.0,-20.0,110.0,-5.68217213543052
114,1.1400000000000001,-0.4054679937564403,-3.4400612782176814,7.485390030458651,5.56067182371609,0.8743036873078261,-1.022508069263962,0.0,-20.0,-20.0,110.0,-5.663129095608441
115,1.1500000000000001,-0.4098613962971251,-3.4538157642697405,7.454560118448798,5.560529039485689,0.8752136263320914,-1.0318613168348816,0.0,-20.0,-20.0,110.0,-5.644179681738943
116,1.16,-0.41425479883780986,-3.4675702503217996,7.423730206438945,5.560386106752754,0.8761235420398081,-1.0412145689438617,0.0,-20.0,-20.0,110.0,-5.625324360734488
117,1.17,-0.4186482013784946,-3.4813247363738586,7.392900294429092,5.560243025520913,0.8770334344067454,-1.0505678255954989,0.0,-20.0,-20.0,110.0,-5.606563595316605
118,1.18,-0.4230416039191794,-3.4950792224259173,7.362070382419239,5.560099795793802,0.8779433034086741,-1.059921086794396,0.0,-20.0,-20.0,110.0,-5.587897843771878
119,1.19,-0.42743500645986415,-3.508833708477976,7.331240470409385,5.5599564175750515,0.8788531490213661,-1.0692743525451636,0.0,-20.0,-20.0,110.0,-5.569327559701464
120,1.2,-0.4318284090005489,-3.522588194530034,7.300410558399532,5.559812890868307,0.8797629712205925,-1.0786276228523957,0.0,-20.0,-20.0,110.0,-5.5508531917642605
121,1.21,-0.4362218115412337,-3.5363426805820923,7.269580646389679,5.559669215677212,0.8806727699821254,-1.0879808977206944,0.0,-20.0,-20.0,110.0,-5.532475183413456
122,1.22,-0.44061521408191845,-3.55009716663415,7.238750734379826,5.559525392005411,0.8815825452817382,-1.0973341771546599,0.0,-20.0,-20.0,110.0,-5.514193972626456
123,1.23,-0.4450086166226032,-3.563851652686208,7.207920822369973,5.559381419856561,0.8824922970952049,-1.106687461158901,0.0,-20.0,-20.0,110.0,-5.496009991628058
124,1.24,-0.449402019163288,-3.5776061387382656,7.1770909103601195,5.559237299234303,0.8834020253982983,-1.1160407497380194,0.0,-20.0,-20.0,110.0,-5.477923666606749
125,1.25,-0.45379542170397275,-3.591360624790323,7.146260998350266,5.559093030142318,0.8843117301667951,-1.125394042896604,0.0,-20.0,-20.0,110.0,-5.459935417424137
126,1.26,-0.4581888242446575,-3.6051151108423802,7.115431086340413,5.55894861258426,0.8852214113764685,-1.1347473406392479,0.0,-20.0,-20.0,110.0,-5.442045657317258
127,1.27,-0.4625822267853423,-3.618869596894437,7.08460117433056,5.558804046563792,0.8861310690030942,-1.1441006429705471,0.0,-20.0,-20.0,110.0,-5.424254792593852
128,1.28,-0.46697562932602704,-3.632624082946494,7.053771262320707,5.558659332084591,0.8870407030224482,-1.1534539498950975,0.0,-20.0,-20.0,110.0,-5.4065632223203455
129,1.29,-0.4713690318667118,-3.646378568998551,7.0229413503108535,5.558514469150329,0.8879503134103074,-1.1628072614174947,0.0,-20.0,-20.0,110.0,-5.388971338002608
130,1.3,-0.4757624344073966,-3.6601330550506073,6.992111438301,5.558369457764683,0.8888599001424496,-1.1721605775423412,0.0,-20.0,-20.0,110.0,-5.371479523259256
131,1.31,-0.48015583694808134,-3.6738875411026637,6.961281526291147,5.558224297931336,0.8897694631946531,-1.1815138982742326,0.0,-20.0,-20.0,110.0,-5.3540881534875
132,1.32,-0.4845492394887661,-3.6876420271547197,6.930451614281294,5.558078989653975,0.8906790025426963,-1.1908672236177649,0.0,-20.0,-20.0,110.0,-5.336797595521497
133,1.33,-0.48894264202945087,-3.7013965132067757,6.899621702271441,5.557933532936286,0.8915885181623587,-1.2002205535775303,0.0,-20.0,-20.0,110.0,-5.319608207282994
134,1.34,-0.49333604457013563,-3.715150999258831,6.868791790261588,5.5577879277819635,0.8924980100294209,-1.2095738881581302,0.0,-20.0,-20.0,110.0,-5.3025203374242755
135,1.35,-0.4977294471108204,-3.7289054853108867,6.837961878251734,5.557642174194706,0.8934074781196627,-1.2189272273641547,0.0,-20.0,-20.0,110.0,-5.285534324963376
136,1.36,-0.5021228496515052,-3.7426599713629423,6.807131966241881,5.557496272178214,0.894316922408865,-1.228280571200195,0.0,-20.0,-20.0,110.0,-5.2686504989113745
137,1.37,-0.50651625219219,-3.7564144574149974,6.776302054232028,5.557350221736193,0.8952263428728097,-1.2376339196708495,0.0,-20.0,-20.0,110.0,-5.2518691778917725
138,1.3800000000000001,-0.5109096547328748,-3.7701689434670524,6.745472142222175,5.55720402287235,0.8961357394872789,-1.246987272780708,0.0,-20.0,-20.0,110.0,-5.2351906697519635
139,1.3900000000000001,-0.5153030572735595,-3.783923429519107,6.714642230212322,5.557057675590399,0.8970451122280539,-1.256340630534352,0.0,-20.0,-20.0,110.0,-5.218615271166484
140,1.4000000000000001,-0.5196964598142443,-3.7976779155711617,6.6838123182024685,5.556911179894054,0.8979544610709193,-1.2656939929363777,0.0,-20.0,-20.0,110.0,-5.202143267232369
141,1.41,-0.524089862354929,-3.811432401623216,6.652982406192615,5.556764535787036,0.8988637859916576,-1.2750473599913705,0.0,-20.0,-20.0,110.0,-5.185774931056105
142,1.42,-0.5284832648956138,-3.82518688767527,6.622152494182762,5.55661774327307,0.8997730869660554,-1.2844007317039305,0.0,-20.0,-20.0,110.0,-5.16951052333258
143,1.43,-0.5328766674362986,-3.8389413737273244,6.591322582172909,5.5564708023558795,0.9006823639698956,-1.2937541080786374,0.0,-20.0,-20.0,110.0,-5.153350291915619
144,1.44,-0.5372700699769833,-3.852695859779378,6.560492670163056,5.556323713039198,0.901591616978965,-1.3031074891200785,0.0,-20.0,-20.0,110.0,-5.137294471380304
145,1.45,-0.5416634725176681,-3.866450345831432,6.5296627581532025,5.556176475326759,0.9025008459690488,-1.3124608748328428,0.0,-20.0,-20.0,110.0,-5.121343282576906
146,1.46,-0.5460568750583529,-3.880204831883485,6.498832846143349,5.556029089222305,0.903410050915935,-1.3218142652215228,0.0,-20.0,-20.0,110.0,-5.1054969321764405
147,1.47,-0.5504502775990376,-3.8939593179355385,6.468002934133496,5.555881554729574,0.9043192317954107,-1.331167660290712,0.0,-20.0,-20.0,110.0,-5.089755612207853
148,1.48,-0.5548436801397224,-3.9077138039875914,6.437173022123643,5.555733871852314,0.9052283885832644,-1.340521060044992,0.0,-20.0,-20.0,110.0,-5.074119499586749
149,1.49,-0.5592370826804072,-3.9214682900396443,6.40634311011379,5.555586040594277,0.9061375212552837,-1.349874464488944,0.0,-20.0,-20.0,110.0,-5.058588755635663
150,1.5,-0.5636304852210919,-3.935222776091697,6.375513198103937,5.555438060959214,0.907046629787258,-1.3592278736271535,0.0,-20.0,-20.0,110.0,-5.043163525595942
151,1.51,-0.5680238877617767,-3.9489772621437496,6.344683286094083,5.555289932950872,0.9079557141549759,-1.3685812874642114,0.0,-20.0,-20.0,110.0,-5.027843938131065
152,1.52,-0.5724172903024615,-3.962731748195802,6.31385337408423,5.555141656573036,0.9088647743342313,-1.3779347060047062,0.0,-20.0,-20.0,110.0,-5.012630104821566
153,1.53,-0.5768106928431462,-3.976486234247854,6.283023462074377,5.55499323182946,0.9097738103008135,-1.3872881292532224,0.0,-20.0,-20.0,110.0,-4.997522119651508
154,1.54,-0.581204095383831,-3.990240720299906,6.252193550064524,5.554844658723914,0.9106828220305138,-1.3966415572143396,0.0,-20.0,-20.0,110.0,-4.982520058486429
155,1.55,-0.5855974979245158,-4.0039952063519575,6.221363638054671,5.554695937260167,0.9115918094991241,-1.4059949898926394,0.0,-20.0,-20.0,110.0,-4.967623978542978
156,1.56,-0.5899909004652005,-4.017749692404009,6.190533726044817,5.554547067441997,0.9125007726824385,-1.4153484272927135,0.0,-20.0,-20.0,110.0,-4.952833917850007
157,1.57,-0.5943843030058853,-4.031504178456061,6.159703814034964,5.554398049273186,0.9134097115562496,-1.424701869419141,0.0,-20.0,-20.0,110.0,-4.938149894701417
158,1.58,-0.5987777055465701,-4.045258664508112,6.128873902025111,5.554248882757516,0.9143186260963511,-1.434055316276499,0.0,-20.0,-20.0,110.0,-4.923571907100588
159,1.59,-0.6031711080872548,-4.059013150560163,6.098043990015258,5.554099567898777,0.9152275162785374,-1.4434087678693706,0.0,-20.0,-20.0,110.0,-4.90909993219654
160,1.6,-0.6075645106279396,-4.072767636612213,6.067214078005405,5.553950104700759,0.9161363820786049,-1.4527622242023448,0.0,-20.0,-20.0,110.0,-4.8947339257118525
161,1.61,-0.6119579131686244,-4.086522122664264,6.0363841659955515,5.553800493167259,0.9170452234723486,-1.4621156852799966,0.0,-20.0,-20.0,110.0,-4.880473821362426
162,1.62,-0.6163513157093091,-4.100276608716315,6.005554253985698,5.553650733302074,0.9179540404355652,-1.4714691511069053,0.0,-20.0,-20.0,110.0,-4.866319530269083
163,1.6300000000000001,-0.6207447182499939,-4.114031094768365,5.974724341975845,5.553500825109008,0.9188628329440516,-1.4808226216876528,0.0,-20.0,-20.0,110.0,-4.8522709403611834
164,1.6400000000000001,-0.6251381207906787,-4.127785580820415,5.943894429965992,5.553350768591866,0.9197716009736044,-1.4901760970268103,0.0,-20.0,-20.0,110.0,-4.8383279157722345
165,1.6500000000000001,-0.6295315233313634,-4.141540066872465,5.913064517956139,5.553200563754463,0.9206803445000219,-1.499529577128952,0.0,-20.0,-20.0,110.0,-4.824490296227688
166,1.6600000000000001,-0.6339249258720482,-4.155294552924515,5.8822346059462856,5.5530502106006105,0.9215890634991039,-1.50888306199867,0.0,-20.0,-20.0,110.0,-4.810757896424905
167,1.67,-0.638318328412733,-4.169049038976564,5.851404693936432,5.552899709134128,0.9224977579466493,-1.5182365516405416,0.0,-20.0,-20.0,110.0,-4.7971305054055025
168,1.68,-0.6427117309534177,-4.182803525028613,5.820574781926579,5.552749059358835,0.9234064278184594,-1.527590046059141,0.0,-20.0,-20.0,110.0,-4.7836078859201425
169,1.69,-0.6471051334941025,-4.196558011080662,5.789744869916726,5.552598261278555,0.9243150730903328,-1.5369435452590388,0.0,-20.0,-20.0,110.0,-4.7701897737858765
170,1.7,-0.6514985360347872,-4.210312497132711,5.758914957906873,5.5524473148971225,0.9252236937380713,-1.546297049244815,0.0,-20.0,-20.0,110.0,-4.756875877236192
171,1.71,-0.655891938575472,-4.22406698318476,5.72808504589702,5.55229622021837,0.9261322897374771,-1.555650558021041,0.0,-20.0,-20.0,110.0,-4.7436658762639174
172,1.72,-0.6602853411161568,-4.237821469236809,5.697255133887166,5.552144977246121,0.9270408610643497,-1.5650040715922846,0.0,-20.0,-20.0,110.0,-4.730559421957082
173,1.73,-0.6646787436568415,-4.251575955288857,5.666425221877313,5.55199358598424,0.9279494076944967,-1.5743575899631341,0.0,-20.0,-20.0,110.0,-4.717556135827933
174,1.74,-0.6690721461975263,-4.265330441340905,5.63559530986746,5.55184204643656,0.9288579296037208,-1.583711113138168,0.0,-20.0,-20.0,110.0,-4.704655609135241
175,1.75,-0.6734655487382111,-4.279084927392953,5.604765397857607,5.551690358606929,0.9297664267678262,-1.5930646411219587,0.0,-20.0,-20.0,110.0,-4.691857402200068
176,1.76,-0.6778589512788958,-4.292839413445001,5.573935485847754,5.551538522499198,0.9306748991626175,-1.6024181739190801,0.0,-20.0,-20.0,110.0,-4.679161043715211
177,1.77,-0.6822523538195806,-4.306593899497049,5.5431055738379005,5.551386538117227,0.9315833467638998,-1.611771711534101,0.0,-20.0,-20.0,110.0,-4.666566030048415
178,1.78,-0.6866457563602654,-4.320348385549096,5.512275661828047,5.5512344054648715,0.9324917695474786,-1.621125253971582,0.0,-20.0,-20.0,110.0,-4.654071824539672
179,1.79,-0.6910391589009501,-4.334102871601143,5.481445749818194,5.551082124545996,0.9334001674891609,-1.630478801236103,0.0,-20.0,-20.0,110.0,-4.641677856792716
180,1.8,-0.6954325614416349,-4.34785735765319,5.450615837808341,5.550929695364467,0.934308540564756,-1.6398323533322487,0.0,-20.0,-20.0,110.0,-4.629383521960926
181,1.81,-0.6998259639823197,-4.361611843705237,5.419785925798488,5.5507771179241585,0.9352168887500709,-1.6491859102645858,0.0,-20.0,-20.0,110.0,-4.617188180027911
182,1.82,-0.7042193665230044,-4.375366329757283,5.3889560137886345,5.550624392228941,0.9361252120209136,-1.6585394720376787,0.0,-20.0,-20.0,110.0,-4.605091155082945
183,1.83,-0.7086127690636892,-4.38912081580933,5.358126101778783,5.550471518282697,0.937033510353094,-1.6678930386561002,0.0,-20.0,-20.0,110.0,-4.593091734591506
184,1.84,-0.713006171604374,-4.402875301861376,5.327296189768931,5.550318496089307,0.9379417837224211,-1.6772466101244148,0.0,-20.0,-20.0,110.0,-4.5811891686610995
185,1.85,-0.7173995741450587,-4.416629787913422,5.2964662777590785,5.5501653256526575,0.9388500321047055,-1.6866001864471933,0.0,-20.0,-20.0,110.0,-4.569382669302748
186,1.86,-0.7217929766857435,-4.430384273965468,5.265636365749226,5.550012006976636,0.9397582554757585,-1.6959537676290088,0.0,-20.0,-20.0,110.0,-4.557671409688196
187,1.87,-0.7261863792264283,-4.4441387600175135,5.234806453739374,5.549858540065139,0.940666453811392,-1.7053073536744248,0.0,-20.0,-20.0,110.0,-4.546054523403245
188,1.8800000000000001,-0.730579781767113,-4.457893246069559,5.203976541729522,5.549704924922063,0.9415746270874178,-1.714660944588006,0.0,-20.0,-20.0,110.0,-4.534531103697404
189,1.8900000000000001,-0.7349731843077978,-4.471647732121604,5.173146629719669,5.549551161551308,0.9424827752796493,-1.724014540374324,0.0,-20.0,-20.0,110.0,-4.523100202730128
190,1.9000000000000001,-0.7393665868484826,-4.4854022181736495,5.142316717709817,5.5493972499567805,0.9433908983638981,-1.7333681410379338,0.0,-20.0,-20.0,110.0,-4.5117608308139205
191,1.9100000000000001,-0.7437599893891673,-4.499156704225695,5.111486805699965,5.54924319014239,0.94429899631598,-1.7427217465834075,0.0,-20.0,-20.0,110.0,-4.500511955654557
192,1.92,-0.7481533919298521,-4.512911190277739,5.080656893690112,5.549088982112047,0.945207069111709,-1.7520753570153096,0.0,-20.0,-20.0,110.0,-4.489352501588723
193,1.93,-0.7525467944705369,-4.526665676329784,5.04982698168026,5.548934625869669,0.9461151167269004,-1.7614289723382046,0.0,-20.0,-20.0,110.0,-4.478281348819333
194,1.94,-0.7569401970112216,-4.540420162381828,5.018997069670408,5.548780121419176,0.94702313913737,-1.7707825925566483,0.0,-20.0,-20.0,110.0,-4.467297332648803
195,1.95,-0.7613335995519064,-4.5541746484338725,4.9881671576605555,5.54862546876448,0.947931136318932,-1.7801362176751998,0.0,-20.0,-20.0,110.0,-4.456399242710581
196,1.96,-0.7657270020925911,-4.567929134485917,4.957337245650703,5.548470667909531,0.9488391082474082,-1.789489847698435,0.0,-20.0,-20.0,110.0,-4.445585822199206
197,1.97,-0.7701204046332759,-4.5816836205379605,4.926507333640851,5.548315718858251,0.949747054898614,-1.7988434826309103,0.0,-20.0,-20.0,110.0,-4.434855767099182
198,1.98,-0.7745138071739607,-4.595438106590004,4.895677421630999,5.548160621614573,0.9506549762483685,-1.8081971224771918,0.0,-20.0,-20.0,110.0,-4.424207725412946
199,1.99,-0.7789072097146454,-4.609192592642048,4.864847509621146,5.548005376182437,0.9515628722724896,-1.8175507672418336,0.0,-20.0,-20.0,110.0,-4.413640296388239
200,2.0,-0.7833006122553302,-4.622947078694091,4.834017597611294,5.547849982565788,0.952470742946798,-1.8269044169294029,0.0,-20.0,-20.0,110.0,-4.403152029745132
201,2.0100000000000002,-0.787694014796015,-4.636701564746134,4.803187685601442,5.54769444076857,0.9533785882471129,-1.836258071544451,0.0,-20.0,-20.0,110.0,-4.392741424903019
202,2.02,-0.7920874173366997,-4.6504560507981765,4.772357773591589,5.547538750794733,0.9542864081492559,-1.8456117310915425,0.0,-20.0,-20.0,110.0,-4.382406930207839
203,2.0300000000000002,-0.7964808198773845,-4.664210536850219,4.741527861581737,5.547382912648231,0.9551942026290493,-1.8549653955752405,0.0,-20.0,-20.0,110.0,-4.372146942159824
204,2.04,-0.8008742224180693,-4.677965022902262,4.710697949571885,5.547226926333022,0.9561019716623149,-1.8643190650001045,0.0,-20.0,-20.0,110.0,-4.361959804642006
205,2.05,-0.805267624958754,-4.6917195089543045,4.6798680375620325,5.547070791853069,0.9570097152248744,-1.8736727393706822,0.0,-20.0,-20.0,110.0,-4.351843808149829
206,2.06,-0.8096610274994388,-4.705473995006346,4.64903812555218,5.546914509212336,0.9579174332925525,-1.8830264186915395,0.0,-20.0,-20.0,110.0,-4.341797189022064
207,2.07,-0.8140544300401236,-4.719228481058388,4.618208213542328,5.546758078414791,0.9588251258411729,-1.8923801029672345,0.0,-20.0,-20.0,110.0,-4.331818128673269
208,2.08,-0.8184478325808083,-4.73298296711043,4.587378301532476,5.54660149946441,0.9597327928465603,-1.9017337922023223,0.0,-20.0,-20.0,110.0,-4.321904752828162
209,2.09,-0.8228412351214931,-4.7467374531624715,4.556548389522623,5.546444772365168,0.960640434284541,-1.9110874864013678,0.0,-20.0,-20.0,110.0,-4.3120551307580195
210,2.1,-0.8272346376621779,-4.760491939214513,4.525718477512771,5.5462878971210445,0.9615480501309411,-1.920441185568928,0.0,-20.0,-20.0,110.0,-4.302267274519409
211,2.11,-0.8316280402028626,-4.774246425266554,4.494888565502919,5.5461308737360255,0.9624556403615862,-1.9297948897095505,0.0,-20.0,-20.0,110.0,-4.292539138195505
212,2.12,-0.8360214427435474,-4.788000911318595,4.464058653493066,5.545973702214099,0.9633632049523041,-1.9391485988277928,0.0,-20.0,-20.0,110.0,-4.282868617140115
213,2.13,-0.8404148452842322,-4.801755397370636,4.433228741483214,5.5458163825592575,0.9642707438789221,-1.948502312928205,0.0,-20.0,-20.0,110.0,-4.27325354722472
214,2.14,-0.8448082478249169,-4.815509883422677,4.402398829473362,5.545658914775497,0.9651782571172682,-1.957856032015335,0.0,-20.0,-20.0,110.0,-4.263691704088704
215,2.15,-0.8492016503656017,-4.829264369474717,4.3715689174635095,5.545501298866813,0.9660857446431723,-1.9672097560937423,0.0,-20.0,-20.0,110.0,-4.254180802392914
216,2.16,-0.8535950529062865,-4.843018855526757,4.340739005453657,5.545343534837199,0.9669932064324616,-1.976563485167971,0.0,-20.0,-20.0,110.0,-4.244718495076761
217,2.17,-0.8579884554469712,-4.856773341578797,4.309909093443805,5.545185622690687,0.9679006424609707,-1.9859172192425847,0.0,-20.0,-20.0,110.0,-4.235302372619039
218,2.18,-0.862381857987656,-4.870527827630837,4.279079181433953,5.545027562431275,0.9688080527045294,-1.9952709583221346,0.0,-20.0,-20.0,110.0,-4.225929962302549
219,2.19,-0.8667752605283408,-4.884282313682877,4.2482492694241,5.5448693540629765,0.9697154371389691,-2.0046247024111725,0.0,-20.0,-20.0,110.0,-4.216598727482721
220,2.2,-0.8711686630690255,-4.898036799734916,4.217419357414248,5.544710997589812,0.9706227957401219,-2.013978451514246,0.0,-20.0,-20.0,110.0,-4.207306066860316
221,2.21,-0.8755620656097103,-4.911791285786955,4.186589445404396,5.544552493015801,0.9715301284838218,-2.023332205635912,0.0,-20.0,-20.0,110.0,-4.198049313758317
222,2.22,-0.879955468150395,-4.925545771838994,4.155759533394543,5.544393840344969,0.9724374353459024,-2.032685964780726,0.0,-20.0,-20.0,110.0,-4.188825735403032
223,2.23,-0.8843488706910798,-4.939300257891033,4.124929621384691,5.5442350395813484,0.9733447163021968,-2.0420397289532244,0.0,-20.0,-20.0,110.0,-4.1796325322096175
224,2.24,-0.8887422732317646,-4.953054743943072,4.094099709374839,5.544076090728971,0.97425197132854,-2.051393498157955,0.0,-20.0,-20.0,110.0,-4.170466837071903
225,2.25,-0.8931356757724493,-4.9668092299951105,4.0632697973649865,5.543916993791872,0.9751592004007675,-2.060747272399465,0.0,-20.0,-20.0,110.0,-4.161325714656654
226,2.2600000000000002,-0.8975290783131341,-4.980563716047149,4.032439885355134,5.543757748774096,0.9760664034947152,-2.0701010516823017,0.0,-20.0,-20.0,110.0,-4.152206160702194
227,2.27,-0.9019224808538189,-4.994318202099187,4.001609973345282,5.543598355679686,0.9769735805862197,-2.07945483601101,0.0,-20.0,-20.0,110.0,-4.143105101321488
228,2.2800000000000002,-0.9063158833945036,-5.008072688151225,3.9707800613354296,5.54343881451269,0.9778807316511181,-2.0888086253901306,0.0,-20.0,-20.0,110.0,-4.134019392309529
229,2.29,-0.9107092859351884,-5.0218271742032625,3.9399501493255773,5.543279125277161,0.9787878566652487,-2.0981624198242117,0.0,-20.0,-20.0,110.0,-4.124945818455039
230,2.3000000000000003,-0.9151026884758732,-5.0355816602553,3.909120237315725,5.543119287977157,0.9796949556044499,-2.1075162193178008,0.0,-20.0,-20.0,110.0,-4.115881092856405
231,2.31,-0.9194960910165579,-5.049336146307337,3.8782903253058727,5.542959302616735,0.980602028444561,-2.11687002387544,0.0,-20.0,-20.0,110.0,-4.106821856241745
232,2.32,-0.9238894935572427,-5.0630906323593745,3.8474604132960204,5.54279916919996,0.9815090751614236,-2.1262238335016828,0.0,-20.0,-20.0,110.0,-4.097764676292945
233,2.33,-0.9282828960979275,-5.076845118411412,3.816630501286168,5.542638887730898,0.9824160957308764,-2.1355776482010613,0.0,-20.0,-20.0,110.0,-4.088706046973597
234,2.34,-0.9326762986386122,-5.090599604463448,3.785800589276316,5.54247845821362,0.9833230901287617,-2.1449314679781244,0.0,-20.0,-20.0,110.0,-4.079642387860601
235,2.35,-0.937069701179297,-5.104354090515485,3.7549706772664635,5.542317880652203,0.9842300583309219,-2.1542852928374203,0.0,-20.0,-20.0,110.0,-4.07057004347927
236,2.36,-0.9414631037199818,-5.118108576567521,3.724140765256611,5.542157155050722,0.9851370003131992,-2.163639122783486,0.0,-20.0,-20.0,110.0,-4.061485282641741
237,2.37,-0.9458565062606665,-5.131863062619558,3.693310853246759,5.5419962814132635,0.9860439160514368,-2.172992957820867,0.0,-20.0,-20.0,110.0,-4.052384297788394
238,2.38,-0.9502499088013513,-5.145617548671594,3.6624809412369066,5.541835259743911,0.9869508055214788,-2.1823467979541067,0.0,-20.0,-20.0,110.0,-4.043263204332085
239,2.39,-0.9546433113420361,-5.15937203472363,3.6316510292270547,5.541674090046756,0.9878576686991704,-2.1917006431877453,0.0,-20.0,-20.0,110.0,-4.034118040004887
240,2.4,-0.9590367138827208,-5.173126520775665,3.600821117217203,5.541512772325892,0.9887645055603567,-2.2010544935263283,0.0,-20.0,-20.0,110.0,-4.024944764206972
241,2.41,-0.9634301164234056,-5.186881006827701,3.569991205207351,5.541351306585401,0.9896713160808802,-2.210408348974381,0.0,-20.0,-20.0,110.0,-4.028739344677034
242,2.42,-0.9678235189640904,-5.200635492879736,3.539161293197499,5.5411896928294135,0.9905781002365914,-2.219762209536446,0.0,-20.0,-20.0,110.0,-4.050330736448294
243,2.43,-0.9722169215047751,-5.214389978931772,3.5083313811876473,5.541027931062021,0.9914848580033357,-2.22911607521706,0.0,-20.0,-20.0,110.0,-4.071891834413526
244,2.44,-0.9766103240454599,-5.2281444649838065,3.4775014691777955,5.540866021287331,0.9923915893569608,-2.2384699460207607,0.0,-20.0,-20.0,110.0,-4.093425607428667
245,2.45,-0.9810037265861447,-5.241898951035841,3.4466715571679436,5.540703963509459,0.9932982942733153,-2.247823821952088,0.0,-20.0,-20.0,110.0,-4.1149349469993295
246,2.46,-0.9853971291268294,-5.255653437087876,3.4158416451580917,5.540541757732518,0.9942049727282479,-2.257177703015572,0.0,-20.0,-20.0,110.0,-4.136422668377657
247,2.47,-0.9897905316675142,-5.2694079231399105,3.38501173314824,5.540379403960631,0.9951116246976089,-2.2665315892157563,0.0,-20.0,-20.0,110.0,-4.15789151165994
248,2.48,-0.994183934208199,-5.283162409191944,3.354181821138388,5.54021690219792,0.9960182501572485,-2.2758854805571764,0.0,-20.0,-20.0,110.0,-4.179344142884877
249,2.49,-0.9985773367488837,-5.296916895243978,3.323351909128536,5.540054252448513,0.996924849083018,-2.2852393770443737,0.0,-20.0,-20.0,110.0,-4.200783155132459
250,2.5,-1.0029707392895686,-5.310671381296012,3.2925219971186843,5.539891454716544,0.9978314214507693,-2.294593278681881,0.0,-20.0,-20.0,110.0,-4.222211069623353
251,2.5100000000000002,-1.0073641418302535,-5.324425867348046,3.2616920851088325,5.539728509006148,0.9987379672363538,-2.303947185474221,0.0,-20.0,-20.0,110.0,-4.243630336818526
252,2.52,-1.0117575443709383,-5.338180353400079,3.2308621730989806,5.5395654153214595,0.9996444864156249,-2.3133010974259323,0.0,-20.0,-20.0,110.0,-4.26504333751911
253,2.5300000000000002,-1.0161509469116232,-5.351934839452112,3.2000322610891287,5.539402173666626,1.0005509789644362,-2.3226550145415503,0.0,-20.0,-20.0,110.0,-4.2864523839661715
254,2.54,-1.020544349452308,-5.365689325504145,3.169202349079277,5.539238784045793,1.0014574448586422,-2.332008936825608,0.0,-20.0,-20.0,110.0,-4.30785972094033
255,2.5500000000000003,-1.024937751992993,-5.379443811556178,3.138372437069425,5.539075246463106,1.0023638840740985,-2.341362864282639,0.0,-20.0,-20.0,110.0,-4.329267526860867
256,2.56,-1.0293311545336779,-5.393198297608211,3.107542525059573,5.538911560922727,1.003270296586661,-2.3507167969171823,0.0,-20.0,-20.0,110.0,-4.350677914884175
257,2.57,-1.0337245570743627,-5.406952783660244,3.0767126130497213,5.5387477274288095,1.0041766823721847,-2.3600707347337617,0.0,-20.0,-20.0,110.0,-4.372092934001347
258,2.58,-1.0381179596150476,-5.420707269712276,3.0458827010398695,5.538583745985514,1.0050830414065277,-2.3694246777369043,0.0,-20.0,-20.0,110.0,-4.393514570134441
259,2.59,-1.0425113621557325,-5.434461755764308,3.0150527890300176,5.538419616597008,1.005989373665547,-2.378778625931144,0.0,-20.0,-20.0,110.0,-4.414944747231427
260,2.6,-1.0469047646964174,-5.44821624181634,2.9842228770201658,5.5382553392674625,1.0068956791251007,-2.388132579321007,0.0,-20.0,-20.0,110.0,-4.43638532835921
261,2.61,-1.0512981672371022,-5.461970727868372,2.953392965010314,5.538090914001048,1.0078019577610473,-2.397486537911018,0.0,-20.0,-20.0,110.0,-4.457838116794731
262,2.62,-1.055691569777787,-5.475725213920403,2.922563053000462,5.537926340801943,1.0087082095492466,-2.4068405017057053,0.0,-20.0,-20.0,110.0,-4.4793048571136005
263,2.63,-1.060084972318472,-5.489479699972434,2.89173314099061,5.537761619674328,1.0096144344655589,-2.4161944707095997,0.0,-20.0,-20.0,110.0,-4.50078723627601
264,2.64,-1.0644783748591569,-5.503234186024465,2.8609032289807583,5.537596750622382,1.0105206324858447,-2.425548444927223,0.0,-20.0,-20.0,110.0,-4.522286884709678
265,2.65,-1.0688717773998417,-5.516988672076496,2.8300733169709065,5.537431733650301,1.0114268035859655,-2.4349024243630977,0.0,-20.0,-20.0,110.0,-4.543805377389337
266,2.66,-1.0732651799405266,-5.530743158128527,2.7992434049610546,5.537266568762262,1.0123329477417813,-2.444256409021751,0.0,-20.0,-20.0,110.0,-4.565344234912491
267,2.67,-1.0776585824812115,-5.544497644180558,2.7684134929512028,5.537101255962483,1.0132390649291603,-2.453610398907723,0.0,-20.0,-20.0,110.0,-4.586904924571098
268,2.68,-1.0820519850218964,-5.558252130232588,2.737583580941351,5.536935795255154,1.0141451551239633,-2.4629643940255286,0.0,-20.0,-20.0,110.0,-4.608488861418799
269,2.69,-1.0864453875625812,-5.572006616284618,2.706753668931499,5.5367701866444765,1.0150512183020544,-2.472318394379691,0.0,-20.0,-20.0,110.0,-4.630097409333289
270,2.7,-1.0908387901032661,-5.585761102336648,2.675923756921647,5.536604430134658,1.0159572544392992,-2.4816723999747423,0.0,-20.0,-20.0,110.0,-4.651731882073545
271,2.71,-1.095232192643951,-5.5995155883886785,2.6450938449117953,5.536438525729908,1.0168632635115629,-2.4910264108152,0.0,-20.0,-20.0,110.0,-4.673393544331403
272,2.72,-1.0996255951846359,-5.613270074440708,2.6142639329019435,5.536272473434443,1.0177692454947112,-2.5003804269055783,0.0,-20.0,-20.0,110.0,-4.695083612777315
273,2.73,-1.1040189977253207,-5.627024560492737,2.5834340208920916,5.5361062732524795,1.018675200364611,-2.509734448250403,0.0,-20.0,-20.0,110.0,-4.716803257099681
274,2.74,-1.1084124002660056,-5.6407790465447665,2.5526041088822398,5.5359399251882415,1.0195811280971285,-2.519088474854192,0.0,-20.0,-20.0,110.0,-4.738553601037562
275,2.75,-1.1128058028066905,-5.654533532596796,2.521774196872388,5.535773429245953,1.0204870286681338,-2.5284425067214666,0.0,-20.0,-20.0,110.0,-4.760335723406335
276,2.7600000000000002,-1.1171992053473754,-5.668288018648824,2.490944284862536,5.535606785429848,1.0213929020534949,-2.5377965438567482,0.0,-20.0,-20.0,110.0,-4.782150659115875
277,2.77,-1.1215926078880603,-5.682042504700853,2.460114372852684,5.535439993744155,1.0222987482290824,-2.547150586264564,0.0,-20.0,-20.0,110.0,-4.803999400180999
278,2.7800000000000002,-1.1259860104287451,-5.695796990752881,2.429284460842833,5.535273054193112,1.023204567170766,-2.556504633949432,0.0,-20.0,-20.0,110.0,-4.8258828967237495
279,2.79,-1.13037941296943,-5.70955147680491,2.3984545488329814,5.53510596678096,1.0241103588544163,-2.565858686915865,0.0,-20.0,-20.0,110.0,-4.847802057967132
280,2.8000000000000003,-1.1347728155101149,-5.723305962856938,2.36762463682313,5.534938731511945,1.025016123255905,-2.5752127451683817,0.0,-20.0,-20.0,110.0,-4.869757753220055
281,2.81,-1.1391662180507995,-5.737060448908966,2.3367947248132785,5.534771348390312,1.0259218603511047,-2.5845668087114975,0.0,-20.0,-20.0,110.0,-4.891750812853029
282,2.82,-1.1435596205914842,-5.750814934960993,2.305964812803427,5.534603817420319,1.0268275701158875,-2.5939208775497304,0.0,-20.0,-20.0,110.0,-4.91378202926434
283,2.83,-1.1479530231321688,-5.764569421013021,2.2751349007935757,5.534436138606218,1.0277332525261273,-2.6032749516875997,0.0,-20.0,-20.0,110.0,-4.935852157836386
284,2.84,-1.1523464256728537,-5.778323907065048,2.2443049887837243,5.534268311952258,1.0286389075576967,-2.61262903112962,0.0,-20.0,-20.0,110.0,-4.957961917881773
285,2.85,-1.1567398282135384,-5.792078393117076,2.213475076773873,5.534100337462728,1.0295445351864747,-2.6219831158803144,0.0,-20.0,-20.0,110.0,-4.9801119935789915
286,2.86,-1.1611332307542233,-5.8058328791691025,2.1826451647640215,5.533932215141881,1.0304501353883355,-2.631337205944195,0.0,-20.0,-20.0,110.0,-5.002303034897272
287,2.87,-1.1655266332949081,-5.819587365221129,2.15181525275417,5.533763944993988,1.0313557081391542,-2.640691301325773,0.0,-20.0,-20.0,110.0,-5.024535658510331
288,2.88,-1.1699200358355926,-5.833341851273156,2.1209853407443187,5.533595527023326,1.032261253414809,-2.6500454020295683,0.0,-20.0,-20.0,110.0,-5.046810448698847
289,2.89,-1.1743134383762772,-5.8470963373251825,2.0901554287344672,5.53342696123417,1.0331667711911794,-2.6593995080601034,0.0,-20.0,-20.0,110.0,-5.0691279582412125
290,2.9,-1.1787068409169619,-5.860850823377209,2.059325516724616,5.533258247630807,1.0340722614441422,-2.6687536194218895,0.0,-20.0,-20.0,110.0,-5.091488709292503
291,2.91,-1.1831002434576465,-5.874605309429235,2.0284956047147644,5.533089386217519,1.0349777241495761,-2.6781077361194345,0.0,-20.0,-20.0,110.0,-5.113893194251279
292,2.92,-1.1874936459983312,-5.888359795481261,1.997665692704913,5.5329203769986,1.0358831592833615,-2.687461858157248,0.0,-20.0,-20.0,110.0,-5.136341876614079
293,2.93,-1.1918870485390158,-5.9021142815332865,1.9668357806950616,5.5327512199783415,1.036788566821378,-2.6968159855398386,0.0,-20.0,-20.0,110.0,-5.158835191817329
294,2.94,-1.1962804510797005,-5.915868767585312,1.9360058686852102,5.532581915161041,1.0376939467395054,-2.7061701182717095,0.0,-20.0,-20.0,110.0,-5.1813735480665075
295,2.95,-1.2006738536203851,-5.929623253637337,1.9051759566753588,5.532412462551001,1.038599299013626,-2.7155242563573645,0.0,-20.0,-20.0,110.0,-5.2039573271523745
296,2.96,-1.2050672561610698,-5.943377739689362,1.8743460446655074,5.532242862152526,1.0395046236196224,-2.724878399801327,0.0,-20.0,-20.0,110.0,-5.226586885254084
297,2.97,-1.2094606587017545,-5.957132225741387,1.843516132655656,5.532073113969925,1.0404099205333779,-2.7342325486081016,0.0,-20.0,-20.0,110.0,-5.249262553728971
298,2.98,-1.213854061242439,-5.970886711793412,1.8126862206458045,5.531903218007508,1.0413151897307769,-2.7435867027821987,0.0,-20.0,-20.0,110.0,-5.271984639889002
299,2.99,-1.2182474637831238,-5.984641197845437,1.7818563086359531,5.531733174269594,1.0422204311877032,-2.7529408623281233,0.0,-20.0,-20.0,110.0,-5.294753427763588
300,3.0,-1.2226408663238084,-5.998395683897461,1.7510263966261017,5.531562982760506,1.0431256448800417,-2.7622950272503815,0.0,-20.0,-20.0,110.0,-5.317569178848784
301,3.0100000000000002,-1.227034268864493,-6.012150169949485,1.7201964846162503,5.531392643484563,1.0440308307836785,-2.771649197553481,0.0,-20.0,-20.0,110.0,-5.340432132842676
302,3.02,-1.2314276714051777,-6.025904656001509,1.6893665726063989,5.531222156446094,1.0449359888745007,-2.7810033732419304,0.0,-20.0,-20.0,110.0,-5.363342508366936
303,3.0300000000000002,-1.2358210739458624,-6.039659142053533,1.6585366605965475,5.531051521649431,1.0458411191283947,-2.7903575543202312,0.0,-20.0,-20.0,110.0,-5.386300503674419
304,3.04,-1.240214476486547,-6.053413628105557,1.627706748586696,5.530880739098907,1.0467462215212484,-2.7997117407928855,0.0,-20.0,-20.0,110.0,-5.4093062973427735
305,3.0500000000000003,-1.2446078790272317,-6.06716811415758,1.5968768365768446,5.530709808798864,1.0476512960289512,-2.8090659326644025,0.0,-20.0,-20.0,110.0,-5.43236004895402
306,3.06,-1.2490012815679163,-6.080922600209603,1.5660469245669932,5.530538730753646,1.0485563426273912,-2.818420129939284,0.0,-20.0,-20.0,110.0,-5.455461899760015
307,3.0700000000000003,-1.253394684108601,-6.094677086261626,1.535217012557142,5.530367504967596,1.0494613612924582,-2.8277743326220244,0.0,-20.0,-20.0,110.0,-5.4786119733338765
308,3.08,-1.2577880866492857,-6.108431572313649,1.5043871005472909,5.530196131445066,1.0503663520000426,-2.8371285407171274,0.0,-20.0,-20.0,110.0,-5.501810376207277
309,3.09,-1.2621814891899703,-6.1221860583656715,1.4735571885374397,5.53002461019041,1.0512713147260373,-2.8464827542291036,0.0,-20.0,-20.0,110.0,-5.525057198493624
310,3.1,-1.266574891730655,-6.135940544417694,1.4427272765275885,5.529852941207985,1.052176249446333,-2.8558369731624524,0.0,-20.0,-20.0,110.0,-5.548352514497228
311,3.11,-1.2709682942713396,-6.149695030469716,1.4118973645177373,5.529681124502154,1.0530811561368234,-2.8651911975216744,0.0,-20.0,-20.0,110.0,-5.57169638330838
312,3.12,-1.2753616968120243,-6.163449516521738,1.381067452507886,5.529509160077285,1.0539860347734016,-2.8745454273112703,0.0,-20.0,-20.0,110.0,-5.595088849384441
313,3.13,-1.279755099352709,-6.1772040025737605,1.350237540498035,5.52933704793774,1.054890885331962,-2.8838996625357423,0.0,-20.0,-20.0,110.0,-5.618529943117028
314,3.14,-1.2841485018933936,-6.190958488625782,1.3194076284881837,5.529164788087897,1.0557957077884002,-2.8932539031995943,0.0,-20.0,-20.0,110.0,-5.642019681385281
315,3.15,-1.2885419044340782,-6.204712974677803,1.2885777164783325,5.528992380532132,1.0567005021186102,-2.90260814930732,0.0,-20.0,-20.0,110.0,-5.6655580680954
316,3.16,-1.2929353069747629,-6.2184674607298245,1.2577478044684813,5.528819825274823,1.0576052682984889,-2.911962400863415,0.0,-20.0,-20.0,110.0,-5.689145094706421
317,3.17,-1.2973287095154475,-6.232221946781846,1.2269178924586301,5.528647122320358,1.058510006303933,-2.9213166578723775,0.0,-20.0,-20.0,110.0,-5.712780740742426
318,3.18,-1.3017221120561322,-6.245976432833867,1.196087980448779,5.528474271673124,1.0594147161108398,-2.930670920338706,0.0,-20.0,-20.0,110.0,-5.736464974291279
319,3.19,-1.3061155145968169,-6.259730918885888,1.1652580684389278,5.528301273337512,1.0603193976951086,-2.9400251882668975,0.0,-20.0,-20.0,110.0,-5.760197752489949
320,3.2,-1.3105089171375015,-6.273485404937908,1.1344281564290766,5.528128127317917,1.0612240510326374,-2.9493794616614433,0.0,-20.0,-20.0,110.0,-5.78397902199663
321,3.21,-1.3149023196781862,-6.2872398909899285,1.1035982444192254,5.527954833618728,1.0621286760993232,-2.9587337405268324,0.0,-20.0,-20.0,110.0,-5.807808719449773
322,3.22,-1.3192957222188708,-6.300994377041949,1.0727683324093742,5.527781392244372,1.0630332728710725,-2.968088024867583,0.0,-20.0,-20.0,110.0,-5.831686771914077
323,3.23,-1.3236891247595555,-6.314748863093969,1.041938420399523,5.527607803199244,1.0639378413237834,-2.977442314688174,0.0,-20.0,-20.0,110.0,-5.8556130973138005
324,3.24,-1.3280825273002401,-6.328503349145989,1.0111085083896718,5.527434066487753,1.0648423814333567,-2.986796609993096,0.0,-20.0,-20.0,110.0,-5.879587604853343
325,3.25,-1.3324759298409248,-6.342257835198009,0.9802785963798207,5.527260182114314,1.0657468931756962,-2.996150910786845,0.0,-20.0,-20.0,110.0,-5.900913207833134
326,3.2600000000000002,-1.3368693323816094,-6.356012321250028,0.9494486843699697,5.527086150083345,1.0666513765267034,-3.005505217073913,0.0,-20.0,-20.0,110.0,-5.920820573088464
327,3.27,-1.341262734922294,-6.369766807302048,0.9186187723601186,5.526911970399269,1.067555831462284,-3.0148595288587945,0.0,-20.0,-20.0,110.0,-5.940839483263029
328,3.2800000000000002,-1.3456561374629787,-6.383521293354066,0.8877888603502675,5.526737643066512,1.0684602579583415,-3.0242138461459813,0.0,-20.0,-20.0,110.0,-5.960968842490782
329,3.29,-1.3500495400036634,-6.397275779406085,0.8569589483404164,5.526563168089501,1.0693646559907817,-3.0335681689399565,0.0,-20.0,-20.0,110.0,-5.981207563006674
330,3.3000000000000003,-1.354442942544348,-6.411030265458104,0.8261290363305653,5.526388545472672,1.0702690255355103,-3.0429224972452165,0.0,-20.0,-20.0,110.0,-6.001554565267223
331,3.31,-1.3588363450850327,-6.424784751510122,0.7952991243207144,5.52621377522046,1.0711733665684333,-3.052276831066248,0.0,-20.0,-20.0,110.0,-6.022008778063196
332,3.3200000000000003,-1.3632297476257174,-6.438539237562141,0.7644692123108634,5.526038857337307,1.072077679065459,-3.061631170407534,0.0,-20.0,-20.0,110.0,-6.042569138624582
333,3.33,-1.367623150166402,-6.452293723614159,0.7336393003010124,5.525863791827658,1.0729819630024937,-3.070985515273563,0.0,-20.0,-20.0,110.0,-6.063234592718079
334,3.34,-1.3720165527070867,-6.466048209666177,0.7028093882911615,5.52568857869596,1.0738862183554476,-3.0803398656688254,0.0,-20.0,-20.0,110.0,-6.084004094737078
335,3.35,-1.3764099552477713,-6.4798026957181944,0.6719794762813105,5.525513217946666,1.074790445100231,-3.0896942215978176,0.0,-20.0,-20.0,110.0,-6.104876607784497
336,3.36,-1.380803357788456,-6.493557181770212,0.6411495642714595,5.525337709584233,1.075694643212754,-3.099048583065027,0.0,-20.0,-20.0,110.0,-6.1258511037485155
337,3.37,-1.3851967603291406,-6.50731166782223,0.6103196522616086,5.525162053613118,1.076598812668927,-3.108402950074937,0.0,-20.0,-20.0,110.0,-6.146926563371403
338,3.38,-1.3895901628698253,-6.521066153874247,0.5794897402517576,5.524986250037774,1.0775029534446599,-3.117757322632026,0.0,-20.0,-20.0,110.0,-6.168101976311633
339,3.39,-1.39398356541051,-6.534820639926264,0.5486598282419066,5.524810298862692,1.0784070655158684,-3.1271117007407865,0.0,-20.0,-20.0,110.0,-6.189376341199417
340,3.4,-1.3983769679511946,-6.548575125978281,0.5178299162320558,5.524634200092332,1.079311148858463,-3.136466084405694,0.0,-20.0,-20.0,110.0,-6.210748665685901
341,3.41,-1.4027703704918792,-6.562329612030298,0.48700000422220485,5.524457953731166,1.0802152034483592,-3.145820473631241,0.0,-20.0,-20.0,110.0,-6.147342472471047
342,3.42,-1.4070773209389507,-6.577495747386943,0.4699904126715632,6.4088433176067054,1.0530837288539732,-2.9076458061417623,0.0,-20.0,-20.0,110.0,-5.906997522530256
343,3.43,-1.411289625759532,-6.594416210195875,0.4688793334372652,8.070772586449134,0.7764452415578534,-1.3159886778635588,0.0,-20.0,-20.0,110.0,-6.397252703933946
344,3.44,-1.4155661317119064,-6.611930502753354,0.47164083712192323,10.0102056491813,0.0592699866240912,1.8485092637817586,0.0,-20.0,-20.0,110.0,-6.758324965509417
345,3.45,-1.419867730425719,-6.629606973979717,0.4750625111068764,11.946480170932112,-1.1193312860426263,5.9471276025352235,0.0,-20.0,-20.0,110.0,-6.894688267140384
346,3.46,-1.4241885728305805,-6.647230853514044,0.47797398569617866,13.7577812542354,-2.608051717463103,10.090827131938275,0.0,-20.0,-20.0,110.0,-6.878966422744169
347,3.47,-1.428500897054715,-6.664806603459059,0.48069531334453,15.410715072815583,-4.363027061340168,14.155921963082612,0.0,-20.0,-20.0,110.0,-6.9050782968439925
348,3.48,-1.4328123062438873,-6.682355723641334,0.48332362418669883,16.88116799860726,-6.364862040539123,18.141891188002234,0.0,-20.0,-20.0,110.0,-6.934220830842882
349,3.49,-1.4371223881734607,-6.699874982035056,0.4858599102664288,18.14745200348564,-8.592318521814539,22.05324125359231,0.0,-20.0,-20.0,110.0,-6.966264851584857
350,3.5,-1.4414307326734201,-6.71736118635193,0.4883052766145276,19.189646198449676,-11.022761628481906,25.899552824471765,0.0,-20.0,-20.0,110.0,-7.001058677340109
351,3.5100000000000002,-1.4457369343882125,-6.734811180415401,0.4906609429192242,19.988744418204423,-13.632471008471304,29.69542727985441,0.0,-20.0,-20.0,110.0,-7.038419565778338
352,3.52,-1.4500405887007723,-6.752221856701884,0.4929282381016852,20.525694612625582,-16.396802044769466,33.4604382442387,0.0,-20.0,-20.0,110.0,-7.078151184489206
353,3.5300000000000002,-1.4543412899476686,-6.769590162898747,0.4951085979217002,20.780291001513795,-19.290233451243175,37.21928167619522,0.0,-20.0,-20.0,110.0,-7.120054086401141
354,3.54,-1.458638638650704,-6.7869130934908455,0.4972035674924154,20.73002503221746,-22.286202237971036,41.00192688223813,0.0,-10.054476261138916,-20.0,110.0,-7.163903050260149
355,3.5500000000000003,-1.4629322408628807,-6.804187697651984,0.49921479839114,20.348916167879885,-25.356753644332247,44.843898719777634,0.0,13.4779691696167,-20.0,110.0,-7.209455230261533
356,3.56,-1.4672217107517929,-6.8214110828952705,0.5011440466041255,19.606375923667404,-28.471995696871335,48.786652354386604,0.0,20.0,-20.0,110.0,-7.2564471049152734
357,3.5700000000000003,-1.471506655773537,-6.838580429382433,0.5029931639965651,18.466145251729817,-31.599385151324416,52.87808222258586,0.0,20.0,-20.0,110.0,-7.304641351582252
358,3.58,-1.475786690789517,-6.855692980509586,0.5047641036227534,16.88540253286023,-34.70281809056685,57.17297986184999,0.0,20.0,-20.0,110.0,-7.353790357941208
359,3.59,-1.4800614467028086,-6.872746042255596,0.5064589195621245,14.814697092369604,-37.74139835152287,61.73261480792991,0.0,20.0,-20.0,110.0,-7.40361248114573
360,3.6,-1.4843305576832075,-6.889736997853128,0.5080797582741967,12.199012594892514,-40.66813169173088,66.62340794632459,0.0,20.0,-20.0,110.0,-7.453836092313743
361,3.61,-1.4885936644578326,-6.906663308008677,0.5096288573276453,8.980966744791994,-43.428629688514974,71.91354018731617,0.0,20.0,-20.0,110.0,-7.50419275721703
362,3.62,-1.4928504146440715,-6.923522513589648,0.5111085429353367,5.107467382088265,-45.96015246503419,77.66615847025807,0.0,20.0,-20.0,110.0,-7.554419983964644
363,3.63,-1.497100463666959,-6.940312238559282,0.5125212271174848,0.5411971681853206,-48.19159897598742,83.92779627020595,0.0,20.0,-20.0,110.0,-7.6042624376299255
364,3.64,-1.5013434750476407,-6.957030192810987,0.5138694048247111,-4.722568980054623,-50.04535485929274,90.71149286693215,0.0,20.0,-20.0,110.0,-7.653474651441002
365,3.65,-1.5055791210401521,-6.973674175017075,0.5151556508305254,-10.63599232290845,-51.44201675916676,97.97678052248918,0.0,20.0,-20.0,110.0,-7.701822719828241
366,3.66,-1.5098070830242214,-6.990242075357287,0.5163826165460894,-17.082333321469946,-52.308503562807445,105.61332077018277,0.0,20.0,-20.0,110.0,-7.7490864272560485
367,3.67,-1.5140270519293895,-7.006731878133544,0.5175530267351591,-23.8740321908473,-52.58858230511624,113.43896635873588,0.0,20.0,-20.0,110.0,-7.795061087979277
368,3.68,-1.5182387286073786,-7.023141664267949,0.5186696761407763,-30.773845838786745,-52.25278984779318,121.22088230920724,0.0,20.0,-20.0,110.0,-7.839559296651971
369,3.69,-1.5224418242018292,-7.039469613679145,0.5197354260260645,-37.536271989020804,-51.30370880402507,128.7169522866318,0.0,20.0,-20.0,110.0,-7.8824124419610815
370,3.7,-1.52663606050486,-7.0557140075354825,0.5207532006331568,-43.952811494729005,-49.7741134510207,135.7210173329563,0.0,20.0,-20.0,110.0,-7.923471996039638
371,3.71,-1.5308211703002979,-7.071873230382419,0.5217259835645851,-49.8817648420773,-47.718972755552315,142.09263937561096,0.0,20.0,-20.0,110.0,-7.962610567317451
372,3.72,-1.5349968976933774,-7.087945772141714,0.522656814091513,-55.254277433249165,-45.20494430534352,147.76310065038086,0.0,20.0,-20.0,110.0,-7.999722707415067
373,3.73,-1.5391629984266255,-7.103930229980073,0.5235487833932561,-60.062018321272475,-42.301023310041124,152.72302016933233,0.0,20.0,-20.0,110.0,-8.034725465848975
374,3.74,-1.5433192401815679,-7.119825310045035,0.5244050307326383,-64.33750817256681,-39.07222446974636,157.0025991546914,0.0,20.0,-20.0,110.0,-8.067558689530102
375,3.75,-1.5474654028658454,-7.135629829065989,0.5252287395718457,-68.13568607386823,-35.57637007237439,160.65308065673787,0.0,20.0,-20.0,110.0,-8.098185067186561
376,3.7600000000000002,-1.5516012788853288,-7.1513427158183624,0.5260231336335546,-71.52043217798635,-31.86315276698547,163.73313516002096,0.0,20.0,-20.0,110.0,-8.126589921873107
377,3.77,-1.5557266734008426,-7.166963012449164,0.5267914729122116,-74.55628241297156,-27.9745240276511,166.30040214507744,0.0,20.0,-20.0,110.0,-8.15278075763734
378,3.7800000000000002,-1.5598414045691407,-7.182489875662226,0.5275370496404128,-77.30412381773434,-23.945695201908695,168.40696853292638,0.0,20.0,-20.0,110.0,-8.176786569201019
379,3.79,-1.56394530376782,-7.197922577761693,0.5282631842153924,-79.81947769085066,-19.806321589309768,170.0973818357995,0.0,20.0,-20.0,110.0,-8.198656926176389
380,3.8000000000000003,-1.5680382158038837,-7.213260507552451,0.5289732210906705,-82.15228350246498,-15.581653146642855,171.40809949461095,0.0,20.0,-20.0,110.0,-8.218460845853635
381,3.81,-1.572119999105694,-7.228503171096391,0.5296705246379513,-84.34747039231223,-11.293565609950875,172.36764727372633,0.0,20.0,-20.0,110.0,-8.236285470935838
382,3.8200000000000003,-1.5761905258980782,-7.2436501923235825,0.5303584749843926,-86.44589768436975,-6.961455194755835,172.99705140836815,0.0,20.0,-20.0,110.0,-8.252234570734226
383,3.83,-1.5802496823603727,-7.258701313497587,0.5310404638303948,-88.48544150911697,-2.6030128023963592,173.31030201527284,0.0,20.0,-20.0,110.0,-8.266426886235292
384,3.84,-1.5842973687672097,-7.273656395534371,0.5317198902530806,-90.50212258815355,1.7650929450284802,173.31472088754435,0.0,20.0,-20.0,110.0,-8.278994341091352
385,3.85,-1.58833349961187,-7.288515418174387,0.5324001565006569,-92.53123618186822,6.126590187669786,173.01117203733057,0.0,20.0,-20.0,110.0,-8.290080141944395
386,3.86,-1.5923580037120515,-7.303278480007648,0.5330846637828578,-94.60847824858999,10.46500137061677,172.3940896220435,0.0,20.0,-20.0,110.0,-8.2998367925545
387,3.87,-1.5963708242979178,-7.317945798351735,0.5337768080626766,-96.771073165883,14.763029465616691,171.45132064074534,0.0,20.0,-20.0,110.0,-8.30842404695758
388,3.88,-1.6003719190823211,-7.332517708982924,0.5344799758545922,-99.05890204227836,19.001898578933424,170.16380097250132,0.0,20.0,-20.0,110.0,-8.316006827315569
389,3.89,-1.6043612603131092,-7.346994665720723,0.5351975400344872,-101.51560442314641,23.16061523364916,168.5051144554358,0.0,20.0,-20.0,110.0,-8.32275313224115
390,3.9,-1.608338834807451,-7.3613772398663695,0.535932855666443,-104.18957104036575,27.215119750559182,166.44103990496828,0.0,20.0,-20.0,110.0,-8.3288319611805
391,3.91,-1.6123046439681374,-7.3756661194959685,0.5366892558515727,-107.13464442874466,31.137307376956507,163.9292897139219,0.0,20.0,-20.0,110.0,-8.334411279924263
392,3.92,-1.6162587037818408,-7.389862108609142,0.5374700476040297,-110.41017361034183,34.89392477630429,160.91981149199506,0.0,20.0,-20.0,110.0,-8.339656051498855
393,3.93,-1.6202010447993282,-7.403966126134253,0.5382785077592935,-114.07980432769914,38.44540409341185,157.35628607463167,0.0,20.0,-20.0,110.0,-8.34472635557778
394,3.94,-1.6241317120976577,-7.417979204791429,0.5391178789197941,-118.20803008344267,41.7448062060619,153.17980887026067,0.0,20.0,-20.0,110.0,-8.349775618161376
395,3.95,-1.6280507652244036,-7.431902489814792,0.5399913654428935,-122.85318081909107,44.73723094473524,148.3360877273197,0.0,20.0,-20.0,110.0,-8.354948971624912
396,3.96,-1.6319582781239756,-7.44573723753548,0.5409021294761865,-128.05551140576978,47.36031684094467,142.78750333883545,0.0,20.0,-20.0,110.0,-8.360381763345528
397,3.97,-1.6358543390461284,-7.459484813827199,0.5418532870450267,-133.82005094019868,49.54671727300631,136.5303779217153,0.0,20.0,-20.0,110.0,-8.366198229020897
398,3.98,-1.6397390504367704,-7.473146692416262,0.5428479041971188,-140.09673618461773,51.229458534520816,129.6149344287536,0.0,20.0,-20.0,110.0,-8.372510344506308
399,3.99,-1.6436125288112085,-7.486724453058157,0.5438889932089472,-146.76502703518705,52.35044355014021,122.16075316029229,0.0,20.0,-20.0,110.0,-8.37941686755932
400,4.0,-1.6474749050426925,-7.500219779526582,0.5449795088561857,-153.63384932482245,52.87079569206432,114.35688525311504,0.0,6.596466898918152,-20.0,110.0,-8.38700143658412
401,4.01,-1.6513263251231756,-7.513634457527485,0.54612234493529,-160.4647589333268,52.77981971207684,106.43873665258042,0.0,-6.3627707958221436,-20.0,110.0,-8.395329560454005
402,4.0200000000000005,-1.6551669379271012,-7.5269703720087175,0.5473203274805346,-167.01427978275302,52.09874227841195,98.6457735345825,0.0,-17.874345779418945,-20.0,110.0,-8.404480941193256
403,4.03,-1.658996942936053,-7.540229509068183,0.5485762273637411,-173.07836281498737,50.87734320176623,91.17707472625627,0.0,-20.0,-20.0,110.0,-8.41441893789603
404,4.04,-1.6628164854915537,-7.553413943290615,0.5498927208114404,-178.52015350701086,49.18500948532514,84.16355762187587,0.0,-20.0,-20.0,110.0,-8.425274555821654
405,4.05,-1.666625778924765,-7.566525846441469,0.5512724269869491,176.72611774033655,47.10007322149182,77.66415889851793,0.0,-20.0,-20.0,110.0,-8.437015132398917
406,4.0600000000000005,-1.670425034364578,-7.579567478831869,0.5527178819783983,172.6684451892222,44.700958404687526,71.67919273193635,0.0,-20.0,-20.0,110.0,-8.449634215254529
407,4.07,-1.6742144747421088,-7.592541187596249,0.5542315402639578,169.27674998816062,42.06058735143958,66.17010427978477,0.0,-20.0,-20.0,110.0,-8.4631135257475
408,4.08,-1.6779943348006652,-7.605449403872435,0.5558157718594987,166.5008752387448,39.24385125106264,61.077541861028465,0.0,-20.0,-20.0,110.0,-8.47742301558698
409,4.09,-1.6817648610742397,-7.618294639825535,0.5574728594642891,164.28354400952648,36.3072021189962,56.33442537750489,0.0,-20.0,-20.0,110.0,-8.492521141235574
410,4.1,-1.6855263115587833,-7.631079485554781,0.5592049956459318,162.56822815334388,33.29940486449531,51.87396995350939,0.0,-20.0,-20.0,110.0,-8.508356050137996
411,4.11,-1.6892789555378647,-7.643806605892432,0.5610142801436656,161.30317263252087,30.262762839264852,47.63392162025902,0.0,-20.0,-20.0,110.0,-8.524866446316008
412,4.12,-1.6930230732364642,-7.656478737105236,0.5629027172604598,160.4429389894914,27.23441753791821,43.55838170385303,0.0,-20.0,-19.094207286834717,110.0,-8.541982988591812
413,4.13,-1.6967589555026739,-7.669098683509171,0.564872213381808,159.9485151234966,24.247527128553497,39.59828111484775,0.0,-20.0,-16.358599662780758,110.0,-8.559629655969587
414,4.14,-1.7004869033971213,-7.681669313985958,0.5669245746003035,159.78667284298254,21.33224662124831,35.711198423930185,0.0,-20.0,-14.61161136627197,110.0,-8.577725380051724
415,4.15,-1.7042072277606015,-7.694193558420044,0.5690615044669632,159.92897388765485,18.516491582681763,31.86093080171048,0.0,-20.0,-13.637471199035645,110.0,-8.59618576363209
416,4.16,-1.7079202488903287,-7.706674404089256,0.5712846019014456,160.3506437999219,15.826493031810882,28.017040516927437,0.0,-20.0,-13.078582286834717,110.0,-8.614924482917107
417,4.17,-1.7116262961816653,-7.719114891968718,0.5735953592156753,161.02942625551438,13.287158012160615,24.154481221926584,0.0,-20.0,-12.600350379943846,110.0,-8.633854748232084
418,4.18,-1.7153257077135018,-7.731518112963545,0.5759951602633392,161.9444761578754,10.922250399860852,20.253337445180254,0.0,-20.0,-12.029280662536621,110.0,-8.652890855477978
419,4.19,-1.719018829823622,-7.743887204083019,0.5784852787262031,163.0753275706465,8.754405348522294,16.298667516516836,0.0,-20.0,-11.407136917114258,110.0,-8.671949689865746
420,4.2,-1.7227060166499408,-7.756225344559338,0.5810668765363574,164.40096861104857,6.804991425136287,12.280412734364457,0.0,-20.0,-10.839428901672363,110.0,-8.690952223829969
421,4.21,-1.7263876296945724,-7.768535751916558,0.5837410024401888,165.8990599926114,5.0938379837191565,8.193317182097799,0.0,-20.0,-10.306591987609863,110.0,-8.709824838826997
422,4.22,-1.7300640373822205,-7.7808216779893975,0.5865085907011451,167.54533989075966,3.6388519999851052,4.036791911593525,0.0,-20.0,-9.693445563316345,110.0,-8.7285005287714
423,4.23,-1.733735614607357,-7.793086404898787,0.5893704599436996,169.31325922134337,2.4555577051012767,-0.1853444086713559,0.0,-20.0,-8.93777072429657,110.0,-8.746919984768914
424,4.24,-1.7374027422679437,-7.8053332409907625,0.5923273121405563,171.1738835450316,1.5566021167321615,-4.465306562077251,0.0,-20.0,-8.074285387992859,110.0,-8.765032553746519
425,4.25,-1.7410658068042795,-7.817565516740519,0.5953797317439739,173.09607812495395,0.951277223587922,-8.792001521988377,0.0,-20.0,-7.1791404485702515,110.0,-8.782797010618781
426,4.26,-1.7447251996858848,-7.829786580645728,0.5985281849637317,175.0469621678898,0.6451121583818143,-13.151907738320949,0.0,-20.0,-6.3206809759140015,110.0,-8.800182287398753
427,4.2700000000000005,-1.7483813169555558,-7.841999795071053,0.60177301918834,176.99258202615775,0.6395837815429544,-17.53013928814922,0.0,-20.0,-5.546998381614685,110.0,-8.817167856730313
428,4.28,-1.7520345587230246,-7.8542085320994115,0.6051144625562778,178.89871947602268,0.9319809936028116,-21.911623303492615,0.0,-20.0,-4.888090491294861,110.0,-8.833744057545566
429,4.29,-1.7556853286913705,-7.866416169347939,0.6085526236726125,-179.26827079807126,1.5154381759545534,-26.282295553968382,0.0,-20.0,-4.350687861442566,110.0,-8.849912132831545
430,4.3,-1.7593340336534353,-7.878626085786915,0.6120874914749823,-177.54070407878842,2.3791301879252162,-30.630214006807268,0.0,-20.0,-3.9146703481674194,110.0,-8.865684152373024
431,4.3100000000000005,-1.7629810829947823,-7.8908416575542155,0.6157189352480582,-175.94898245832408,3.5085998623472254,-34.946504569214596,0.0,-20.0,-3.551144003868103,110.0,-8.881082725325937
432,4.32,-1.7666268881782654,-7.903066253784866,0.6194467047858593,-174.52124792676875,4.886173074157553,-39.22608269346907,0.0,-20.0,-3.2531899213790894,110.0,-8.896140576692614
433,4.33,-1.7702718622265672,-7.9153032324506425,0.6232704307005258,-173.28329540761507,6.491408640842398,-43.46813047536134,0.0,-20.0,-3.05031955242157,110.0,-8.910899950781964
434,4.34,-1.7739164192191352,-7.927555936198808,0.6271896248795431,-172.25873234855513,8.301530763921658,-47.67634198982912,0.0,-20.0,-2.9950922727584834,110.0,-8.925411803804707
435,4.3500000000000005,-1.7775609737661653,-7.939827688230716,0.631203681087597,-171.46934224885166,10.291798773741196,-51.85897277287461,0.0,-20.0,-3.137750029563904,110.0,-8.939734907176915
436,4.36,-1.7812059405229896,-7.952121788161964,0.6353118757195882,-170.9355905983309,12.435779995663959,-56.028738994022504,0.0,-20.0,-3.507944941520691,110.0,-8.953934695062744
437,4.37,-1.7848517336555503,-7.964441507962003,0.6395133686933648,-170.677201640079,14.705504066198303,-60.20260735226666,0.0,-20.0,-4.098970293998718,110.0,-8.968082127109001
438,4.38,-1.7884987663365035,-7.976790087895658,0.6438072044906646,-170.71372901815383,17.07148906963033,-64.40149970852879,0.0,-20.0,-4.837865233421325,110.0,-8.982252360232437
439,4.39,-1.7921474502342132,-7.9891707325099,0.648192313341332,-171.06503765180906,19.502641109177794,-68.6499097707603,0.0,-20.0,-5.553788542747498,110.0,-8.996523355952489
440,4.4,-1.7957981950015605,-8.001586606665326,0.6526675125495995,-171.75160328465245,21.966040017048485,-72.97539417806259,0.0,-20.0,-5.998911261558533,110.0,-9.010974426772899
441,4.41,-1.799451407765063,-8.014040831621283,0.6572315079590841,-172.79451699210264,24.426636695224744,-77.40785876118053,0.0,-20.0,-5.952147841453552,110.0,-9.025684743682813
442,4.42,-1.8031074926182857,-8.026536481182164,0.6618828955521112,-174.21505467017204,26.846904681501456,-81.97851524624973,0.0,-20.0,-5.338405966758727,110.0,-9.040731818997052
443,4.43,-1.8067668501179281,-8.039076577886327,0.6666201631933807,-176.03364235874835,29.186512792807054,-86.71834120987695,0.0,-20.0,-4.26956832408905,110.0,-9.05618998026586
444,4.44,-1.8104298767946547,-8.05166408927835,0.6714416924962352,-178.26803368390128,31.402118846675435,-91.65585290018059,0.0,-20.0,-2.9960745573043823,110.0,-9.072128855643559
445,4.45,-1.81409696469561,-8.064301924285054,0.6763457607813905,179.06945275780035,33.447424786971716,-96.81402709739763,0.0,-20.0,-1.8082375824451444,110.0,-9.088611859542924
446,4.46,-1.8177685008849382,-8.076992929662751,0.681330543179921,175.97566229955567,35.27367257806367,-102.20633226684647,0.0,-20.0,-0.9398122131824493,110.0,-9.105694798401762
447,4.47,-1.8214448669309664,-8.089739886237904,0.6863941150389183,172.46105234517458,36.830775746945974,-107.83210253956676,0.0,-20.0,-0.5583520233631134,110.0,-9.123424589469764
448,4.48,-1.8251264384698522,-8.102545505733131,0.6915344541316276,168.5541780256338,38.069239437922334,-113.67192307501153,0.0,-20.0,-0.8766765892505646,110.0,-9.141838056828378
449,4.49,-1.8288135846787608,-8.115412427091403,0.6967494433772257,164.3050282090138,38.94288583612661,-119.68420205706036,0.0,-20.0,-2.172369509935379,110.0,-9.160960922728496
450,4.5,-1.8325066678973723,-8.128343213490615,0.7020368732757281,159.7857048618749,39.41215916742077,-125.80442628592668,0.0,-20.0,-4.376148581504822,110.0,-9.180806722601886
451,4.51,-1.8362060431504856,-8.141340349079023,0.7073944447043629,155.08717485401638,39.44748851104137,-131.9483628777319,0.0,-20.0,-6.779136061668396,110.0,-9.201376084954594
452,4.5200000000000005,-1.839912057697111,-8.15440623589479,0.7128197717710523,150.3118384627257,39.031974835026375,-138.01945562414937,0.0,-20.0,-8.646265864372253,110.0,-9.222656166578814
453,4.53,-1.84362505055247,-8.167543190882814,0.7183103847923331,145.5631866413918,38.16270021172125,-143.91913796168336,0.0,-20.0,-9.499632716178894,110.0,-9.244620328502677
454,4.54,-1.8473453519817675,-8.180753443126326,0.7238637332474669,140.9350699607409,36.85029126544716,-149.55753452303563,0.0,-20.0,-9.100462794303894,110.0,-9.267228203012248
455,4.55,-1.851073283580708,-8.194039130916483,0.7294771890899654,136.50328128996708,35.116880929653924,-154.86184199625941,0.0,-20.0,-7.654632925987243,110.0,-9.29042425048902
456,4.5600000000000005,-1.8548091572732768,-8.20740229930279,0.7351480498121902,132.32113080546767,32.99304004823631,-159.78070965459088,0.0,-20.0,-5.599409937858581,110.0,-9.314139682068005
457,4.57,-1.8585532751737133,-8.22084489746566,0.740873541894936,128.41915144159893,30.514415608368758,-164.28447551388388,0.0,-20.0,-3.1126588582992554,110.0,-9.338292078696965
458,4.58,-1.8623059292353825,-8.234368776270511,0.7466508242760979,124.80786831070425,27.718698986476184,-168.36231853482596,0.0,-20.0,0.13914868235588074,110.0,-9.362785915383231
459,4.59,-1.8660674019545929,-8.247975686252513,0.7524769912271129,121.48212139049643,24.64328208244782,-172.01783096391776,0.0,-20.0,4.540026783943176,110.0,-9.387510620058144
460,4.6000000000000005,-1.8698379616282284,-8.261667274389964,0.7583490784316164,118.42563202456968,21.3236864498117,-175.26431631589716,0.0,-20.0,9.260697960853577,110.0,-9.412352948358322
461,4.61,-1.873617870739697,-8.275445084166908,0.7642640617153321,115.6149966256395,17.792683837070737,-178.12061772711843,0.0,-20.0,13.541972637176514,110.0,-9.437175311838702
462,4.62,-1.877407375810632,-8.289310551406778,0.7702188662115417,113.02275715633945,14.079933544723138,179.3921783717788,0.0,-20.0,18.25294256210327,110.0,-9.461842974575042
463,4.63,-1.8812067127763465,-8.303265003765727,0.7762103670931918,110.61952027958144,10.211986647007071,177.2531589489994,0.0,-20.0,20.0,110.0,-9.486210509120793
464,4.64,-1.885016105561115,-8.317309658790126,0.7822353941497806,108.37524700892537,6.212515659101291,175.44325999800242,0.0,-13.930745124816893,20.0,110.0,-9.51012642836803
465,4.65,-1.8888357655707477,-8.331445622311993,0.7882907360752127,106.25988485272572,2.1026642242130276,173.94639863815607,0.0,-4.860332608222961,20.0,110.0,-9.533435533639391
466,4.66,-1.892665891425918,-8.345673887142407,0.7943731444749411,104.24350117255717,-2.09854507584185,172.75025804453313,0.0,3.508116602897644,20.0,110.0,-9.55598077621118
467,4.67,-1.8965066694881196,-8.359995332904415,0.8004793336637378,102.2960362666296,-6.373773288834093,171.84689506893994,0.0,10.517120361328125,20.0,110.0,-9.577603281123386
468,4.68,-1.9003525070569645,-8.374362455704084,0.8065963628912315,100.38673639198257,-10.706909344897305,171.2332909641119,158.57472229003906,16.062753200531006,20.0,109.99935340881348,-9.623916638431652
469,4.69,-1.9041792366565344,-8.3885732162718,0.8126875405345564,98.48327044687453,-15.082603569919018,170.91196645008174,661.9840087890625,20.0,20.0,109.99665451049805,-9.719307889760511
470,4.7,-1.9079527001331698,-8.402344442754726,0.8187163802811674,96.55059853834766,-19.485787889685195,170.89187362950256,1078.822265625,20.0,20.0,109.99225521087646,-9.780739397606153
471,4.71,-1.9116438777206997,-8.415439949370429,0.8246727068729632,94.54950309668054,-23.901124730949377,171.18962902441507,1421.9071044921875,20.0,20.0,109.98645782470703,-9.813551059988448
472,4.72,-1.9152274986460847,-8.427657689507328,0.8305657696762532,92.43459191461602,-28.312336106149754,171.8311595926133,1725.4111328125,20.0,20.0,109.9794225692749,-9.826144313821281
473,4.73,-1.9186797029658529,-8.438810049226849,0.8364197297379398,90.15164452311659,-32.70136202372294,172.85401107066772,2022.2542724609375,20.0,20.0,109.97117710113525,-9.825564840857016
474,4.74,-1.9219812577489206,-8.448749282613045,0.8422713941273313,87.63410035300075,-37.0472484018828,174.3105688800225,2200.0,20.0,20.0,109.96220684051514,-9.793664157652024
475,4.75,-1.925124307071266,-8.457421081435395,0.8481648335817585,84.79843422236011,-41.32461409527221,176.27243773712,2200.0,20.0,20.0,109.95323657989502,-9.724835679209287
476,4.76,-1.92810795155868,-8.464827845857094,0.8541452764605646,81.53823260682292,-45.50148634015636,178.83611010506974,2200.0,20.0,20.0,109.9442663192749,-9.654758184822233
477,4.7700000000000005,-1.9309314965548388,-8.470973546387611,0.8602575190903762,77.7171903791386,-49.536219849621155,-177.8702554403601,2200.0,20.0,20.0,109.93529605865479,-9.583606894027112
478,4.78,-1.9335944257936746,-8.475863713317127,0.866546194525177,73.1624239984963,-53.37316277944809,-173.68031275932586,2200.0,20.0,20.0,109.92632579803467,-9.511602756851437
479,4.79,-1.9360964022878697,-8.479505429926487,0.8730557166842607,67.66257084287835,-56.936873685491754,-168.38776536302035,2200.0,20.0,20.0,109.91735553741455,-9.438995112972702
480,4.8,-1.9384372690168648,-8.481907323617346,0.8798302248047297,60.98184554619494,-60.12543502695163,-161.76053601284505,2200.0,20.0,20.0,109.90838527679443,-9.366018655936678
481,4.8100000000000005,-1.9406170494187633,-8.483079554994918,0.8869135282825715,52.91189429494473,-62.805621394570366,-153.59271235917635,2200.0,20.0,20.0,109.89941501617432,-9.292835261897885
482,4.82,-1.9426359476911725,-8.48303380493789,0.8943490519759262,43.38779490788706,-64.81719894775614,-143.82061894879436,2200.0,20.0,20.0,109.8904447555542,-9.219497756891556
483,4.83,-1.944494348905394,-8.481783259689312,0.9021797820439534,32.656570463831706,-65.99799821657511,-132.69138568607502,2200.0,20.0,20.0,109.88147449493408,-9.145966911009914
484,4.84,-1.94619281893728,-8.479342594001528,0.9104482123944,21.37436381413592,-66.23429769071429,-120.86016226324894,2200.0,20.0,20.0,109.87250423431396,-9.072167638745185
485,4.8500000000000005,-1.9477321042169427,-8.475727952368254,0.9191962918123169,10.447114576329119,-65.51263315934605,-109.230822264731,2200.0,20.0,20.0,109.86353397369385,-8.998043584749073
486,4.86,-1.949113131298579,-8.47095692837803,0.9284653718413122,0.6570619983593048,-63.929122104884826,-98.58248246908536,2200.0,20.0,20.0,109.85456371307373,-8.923587030552385
487,4.87,-1.9503370062509748,-8.465048542225038,0.9382961554872596,-7.599506567749428,-61.64666018213549,-89.30725936841941,2200.0,20.0,20.0,109.84559345245361,-8.848846560112092
488,4.88,-1.9514050138687535,-8.458023216415723,0.9487286468125784,-14.291384501483785,-58.83904168493463,-81.43114256561327,2200.0,20.0,20.0,109.8366231918335,-8.7739232443535
489,4.89,-1.9523186167040865,-8.449902749711978,0.9598021014871274,-19.588387894916735,-55.6568309674712,-74.77805227644252,2200.0,20.0,20.0,109.82765293121338,-8.698963233159818
490,4.9,-1.9530794539183218,-8.44071028935425,0.9715549783595011,-23.720485568204595,-52.217823205082645,-69.11070982248279,2200.0,20.0,20.0,109.81868267059326,-8.624150361295904
491,4.91,-1.9536893399528064,-8.430470301610237,0.9840248921100911,-26.90513159286037,-48.61042192621564,-64.20331140138258,2200.0,20.0,20.0,109.80971240997314,-8.549699847618466
492,4.92,-1.9541502630180407,-8.419208540697017,0.9972485670447574,-29.322566465588967,-44.90062708501858,-59.866245058788444,2200.0,20.0,20.0,109.80074214935303,-8.4758531263543
493,4.93,-1.9544643834002116,-8.40695201612652,1.011261792085332,-31.113675405804557,-41.13856478102772,-55.94827012849174,2200.0,20.0,20.0,109.79177188873291,-8.405000023045442
494,4.94,-1.95463403158409,-8.393728958526019,1.0260993770104911,-32.38567367595997,-37.363506519740845,-52.33089904482502,2200.0,20.0,20.0,109.7828016281128,-8.335750301667362
495,4.95,-1.9546617061912672,-8.379568783986993,1.0417951099977987,-33.21922828948773,-33.60745364182267,-48.921384404800556,2200.0,20.0,20.0,109.77383136749268,-8.267844831850796
496,4.96,-1.9545500717327005,-8.364502056997104,1.0583817165149385,-33.6748082165476,-29.897629313201207,-45.64653413577103,2200.0,20.0,20.0,109.76486110687256,-8.201580185098654
497,4.97,-1.9543019561745918,-8.34856045201131,1.0758908196053878,-33.797770717257734,-26.258200309917886,-42.44786489409545,2200.0,20.0,20.0,109.75589084625244,-8.137262922572841
498,4.98,-1.9539203483166832,-8.331776713719174,1.0943529016109774,-33.622285515554495,-22.711467558072904,-39.278012174232366,2200.0,20.0,20.0,109.74692058563232,-8.075206731381858
499,4.99,-1.9534083949821455,-8.314184616066306,1.1137972673710432,-33.174349468288135,-19.278686551692008,-36.09816605178969,2200.0,20.0,20.0,109.7379503250122,-8.015729556670852
500,5.0,-1.952769398018354,-8.29581892008855,1.134252008935135,-32.474140975996356,-15.980620292857457,-32.87630416028009,2200.0,20.0,20.0,109.72898006439209,-7.959150722121839
501,5.01,-1.9520068111079805,-8.276715330618067,1.155743971823593,-31.537916462625873,-12.837886579852169,-29.58603609599672,2200.0,20.0,20.0,109.72000980377197,-7.905788045923181
502,5.0200000000000005,-1.9511242363899894,-8.256910451920872,1.178298722867684,-30.37959871397349,-9.871133880644756,-26.205916244455683,2200.0,20.0,20.0,109.71103954315186,-7.855954969028117
503,5.03,-1.9501254208903078,-8.236441742325473,1.2019405196584825,-29.012158873958406,-7.10106208229003,-22.71911296376985,2200.0,20.0,20.0,109.70206928253174,-7.809957718891956
504,5.04,-1.9490142527621297,-8.215347467902523,1.2266922816312376,-27.448851190201655,-4.548293961133645,-19.11333903459718,2200.0,20.0,20.0,109.69309902191162,-7.768092535742512
505,5.05,-1.9477947573360472,-8.19366665525519,1.2525755628096384,-25.704320783178474,-2.233099335539113,-15.380952828409596,2200.0,20.0,20.0,109.6841287612915,-7.730642990416869
506,5.0600000000000005,-1.9464710929804299,-8.171439043479912,1.2796105262321629,-23.795569315883938,-0.17497630516066925,-11.519135191277954,2200.0,20.0,20.0,109.67515850067139,-7.697877423321048
507,5.07,-1.9450475467727415,-8.148705035356954,1.3078159200805708,-21.742733257696187,1.6078974194120275,-7.530038791630027,2200.0,20.0,20.0,109.66618824005127,-7.6700465334468975
508,5.08,-1.9435285299827616,-8.125505647829813,1.3372090555286122,-19.569608823084977,3.099316152870496,-3.4208016093180875,2200.0,20.0,20.0,109.65721797943115,-7.6473811448635844
509,5.09,-1.941918573368989,-8.101882461832226,1.3678057863271196,-17.30385266485272,4.285756743246065,0.7966777064507216,2200.0,20.0,20.0,109.64824771881104,-7.630090175869986
510,5.1000000000000005,-1.9402223222898214,-8.07787757152109,1.399620490139894,-14.976803480756818,5.157087256120579,5.106280891872164,2200.0,20.0,20.0,109.63927745819092,-7.618358833216439
511,5.11,-1.9384445316314631,-8.053533532973145,1.4326660516431302,-12.62290845492841,5.707202085557729,9.488561327904533,2200.0,20.0,20.0,109.6303071975708,-7.6123470506075215
512,5.12,-1.9365900605548771,-8.028893312402811,1.466953847399577,-10.278794638901404,5.934511192050848,13.92195888978444,2200.0,20.0,20.0,109.62133693695068,-7.612188187211387
513,5.13,-1.9346638670644927,-8.004000233958173,1.502493732517189,-7.982086146336763,5.842224120104961,18.38424778645364,2200.0,20.0,20.0,109.61236667633057,-7.617987998214564
514,5.14,-1.9326710024017963,-7.978897927151565,1.5392940291006783,-5.770116056590348,5.438395224152999,22.854076176040877,2200.0,20.0,20.0,109.60339641571045,-7.629823885688845
515,5.15,-1.9306166052376075,-7.953630274101061,1.5773615165065136,-3.6786996436038044,4.735729372446827,27.312434635700193,2200.0,13.56764554977417,20.0,109.59442615509033,-7.647745442470551
516,5.16,-1.928505895565856,-7.92824135697743,1.6167014225155019,-1.7411039032666236,3.7511728403146463,31.743905736018075,2200.0,-2.3273813724517822,20.0,109.58545589447021,-7.671778755628657
517,5.17,-1.9263441673502424,-7.902775406231245,1.6573174102313886,0.012752030199609464,2.505334633416994,36.13760105186367,2200.0,-15.505473613739012,20.0,109.5764856338501,-7.7019373298245055
518,5.18,-1.924136790074073,-7.877276739191239,1.699211554269503,1.556673460966339,1.021868743160395,40.48765193381417,2200.0,-20.0,20.0,109.56751537322998,-7.738155107126704
519,5.19,-1.9218891849072213,-7.851789731228619,1.7423843454709584,2.8678450606963106,-0.6730714456809833,44.79338128652012,2200.0,-20.0,20.0,109.55854511260986,-7.780378975799574
520,5.2,-1.9196068203941736,-7.826358753672523,1.7868347002988234,3.926458109234907,-2.551381194594754,49.05920070329834,2200.0,-20.0,20.0,109.54957485198975,-7.828498022468249
521,5.21,-1.9172951993138725,-7.801028123202038,1.8325599672700232,4.71527548934527,-4.583436645201467,53.29426808662636,2200.0,-20.0,20.0,109.54060459136963,-7.882392927395953
522,5.22,-1.9149598508988999,-7.775842046725906,1.8795559374730682,5.219109101010614,-6.7383883783379614,57.51196392065762,2200.0,-20.0,20.0,109.53163433074951,-7.941921497629755
523,5.23,-1.912606323124285,-7.750844567001099,1.9278168489697192,5.424279708901586,-8.984318855193866,61.72925869659923,2200.0,-20.0,20.0,109.5226640701294,-8.00691865655549
524,5.24,-1.910240175280441,-7.7260795080810265,1.9773353923835317,5.318169322958799,-11.288277898208662,65.96599698462965,2200.0,-20.0,20.0,109.51369380950928,-8.077197881946367
525,5.25,-1.9078669705891542,-7.701590420915947,2.028102718387057,4.888957864186008,-13.616219860604591,70.24409219828316,2200.0,-20.0,20.0,109.50472354888916,-8.152553087593446
526,5.26,-1.9054922687812983,-7.677420529240014,2.08010844724713,4.125625790418821,-15.932877388348945,74.58659654604342,2200.0,-20.0,20.0,109.49575328826904,-8.232760714606702
527,5.2700000000000005,-1.903121618633385,-7.653612675829138,2.133340680431364,3.0182985889703655,-18.20161872776389,79.01658714238806,2200.0,-20.0,20.0,109.48678302764893,-8.31758193839692
528,5.28,-1.9007605504899656,-7.630209269198506,2.18778601424088,1.5590010845607662,-20.384348957947033,83.55579756071602,2200.0,-20.0,20.0,109.47781276702881,-8.406764947062069
529,5.29,-1.8984145688050966,-7.607252230806376,2.243429555432885,-0.2571308028025405,-22.441529950508787,88.22293279826208,2200.0,-20.0,20.0,109.46884250640869,-8.500047265393654
530,5.3,-1.896089144732495,-7.584782942832493,2.3002549388030835,-2.4301794472070473,-24.332406638383677,93.03164624806097,2200.0,-20.0,20.0,109.45987224578857,-8.597158104470882
531,5.3100000000000005,-1.8937897087880045,-7.562842196601296,2.358244346702432,-4.953400726860337,-26.01553228716998,97.98824182653438,2200.0,-20.0,20.0,109.45090198516846,-8.697820717279214
532,5.32,-1.8915216436028885,-7.541470141720856,2.4173785304634867,-7.81102204521631,-27.449673199155225,103.08929767804223,2200.0,-20.0,20.0,109.44193172454834,-8.801754739410768
533,5.33,-1.8892902767831457,-7.520706236007972,2.477636833709274,-10.976264213947768,-28.595132144715844,108.3195741822784,2200.0,-20.0,20.0,109.43296146392822,-8.908678492515937
534,5.34,-1.8871008738882518,-7.500589196268761,2.5389972175138036,-14.410114636668466,-29.415452129068814,113.65071811168644,2200.0,-20.0,20.0,109.4239912033081,-9.018311227620973
535,5.3500000000000005,-1.8849586315419002,-7.481156950002607,2.6014362873792605,-18.061422679421863,-29.87935317142824,119.04132096714432,2200.0,-20.0,20.0,109.41502094268799,-9.130375285865979
536,5.36,-1.8828686706868982,-7.462446588095978,2.6649293219912162,-21.86873787445817,-29.962641192425497,124.43874175001072,2200.0,-20.0,20.0,109.40605068206787,-9.244598155424724
537,5.37,-1.880836029996075,-7.444494318571302,2.729450303710035,-25.763936237203026,-29.649756139265996,129.7827311460973,2200.0,-20.0,20.0,109.39708042144775,-9.360714405034365
538,5.38,-1.8788656594506516,-7.427335421454838,2.7949719507539283,-29.67717028790328,-28.934643076818368,135.0103860724573,2200.0,-20.0,20.0,109.38811016082764,-9.478467476426394
539,5.39,-1.876962414097018,-7.41100420482618,2.8614657510266266,-33.542241458279534,-27.82075192056593,140.06152787924506,2200.0,-20.0,20.0,109.37913990020752,-9.597611319884154
540,5.4,-1.8751310479922139,-7.395533962110539,2.9289019975402195,-37.301344900794646,-26.320164801669584,144.88344970367748,2200.0,-20.0,20.0,109.3701696395874,-9.717911859103841
541,5.41,-1.8733762083476893,-7.380956930673244,2.997249825381356,-40.908355173262606,-24.452041704362372,149.4341974367504,2200.0,-20.0,20.0,109.36119937896729,-9.83914827350814
542,5.42,-1.871702429880125,-7.367304251773947,3.0664772501666224,-44.33029136289597,-22.24069367588051,153.6840190188043,2200.0,-20.0,20.0,109.35222911834717,-9.961114088159038
543,5.43,-1.8701141293772654,-7.35460593193582,3.1365512079305655,-47.54709592193863,-19.713608037294815,157.61511230224008,2200.0,-20.0,20.0,109.34325885772705,-10.083618063482499
544,5.44,-1.8686156004858643,-7.342890805782555,3.207437596387573,-50.55019351416909,-16.89968045410771,161.2201331772208,2200.0,-20.0,20.0,109.33428859710693,-10.206484879114397
545,5.45,-1.867211008727977,-7.33218650039339,3.2791013175066617,-53.34040109056896,-13.827800701630133,164.50002954884414,2200.0,-20.0,20.0,109.32531833648682,-10.32955560834938
546,5.46,-1.865904386750969,-7.322519401223547,3.3515063213362004,-55.92568776128744,-10.525836438199745,167.46169249182248,2200.0,-20.0,20.0,109.3163480758667,-10.452687981878956
547,5.47,-1.864699629815735,-7.3139146196345335,3.4246156510137817,-58.3191270371706,-7.019986884500708,170.11575750993416,2200.0,-20.0,20.0,109.30737781524658,-10.575756441739307
548,5.48,-1.863600491526767,-7.306395962075696,3.4983914888947725,-60.537224378980596,-3.334440613706855,172.47472566339292,2200.0,-20.0,20.0,109.29840755462646,-10.69865198865356
549,5.49,-1.8626105798068555,-7.299985900955259,3.5727952037316526,-62.59868203861447,0.5087385968656777,174.5514482005058,2200.0,-20.0,20.0,109.28943729400635,-10.821281828189605
550,5.5,-1.861733353118369,-7.294705547235861,3.6477873988349976,-64.5235910162325,4.489567427063956,176.35793853009383,2200.0,-20.0,20.0,109.28046703338623,-10.94356882339243
551,5.51,-1.8609721169322466,-7.290574624786348,3.7233279611459427,-66.33300929112974,8.589995666611143,177.90443328178958,2200.0,-20.0,20.0,109.27149677276611,-11.065450763723886
552,5.5200000000000005,-1.8603300204450357,-7.287611446518272,3.799376111149164,-68.0488841375455,12.793695476305764,179.19860550354866,2200.0,-20.0,20.0,109.262526512146,-11.186879462245958
553,5.53,-1.8598100535435549,-7.285832892332254,3.875890453554825,-69.6942942322071,17.08581211638711,-179.75517589505435,2200.0,-20.0,20.0,109.25355625152588,-11.307819694997045
554,5.54,-1.8594150440160147,-7.285254388896103,3.9528290286775487,-71.29401913239315,21.452688097230933,-178.95665682443362,2200.0,-20.0,20.0,109.24458599090576,-11.428247998381718
555,5.55,-1.8591476550077441,-7.2858898912733085,4.0301493644403354,-72.87548991234306,25.88156105453879,-178.41071730931878,2200.0,-20.0,20.0,109.23561573028564,-11.54815134212053
556,5.5600000000000005,-1.8590103827190083,-7.287751866417353,4.107808528931348,-74.47024218415731,30.36022365635381,-178.12878334782997,2200.0,-20.0,20.0,109.22664546966553,-11.667525696828156
557,5.57,-1.8590055543417858,-7.290851278544161,4.1857631834417415,-76.11609746747426,34.87661879121414,-178.13090198063216,2200.0,-20.0,20.0,109.21767520904541,-11.786374516611776
558,5.58,-1.8591353262318133,-7.295197576391945,4.263969635913098,-77.86047262258941,39.41832046191927,-178.44891006876983,2200.0,-20.0,20.0,109.2087049484253,-11.904707158143053
559,5.59,-1.8594016823116801,-7.300798682374785,4.342383894723616,-79.76552127248524,43.97181139379209,-179.13142124818063,2200.0,-20.0,20.0,109.19973468780518,-12.022537258455987
560,5.6000000000000005,-1.8598064327002857,-7.307660983633433,4.420961722742931,-81.91636644734847,48.521394502144105,179.74809646488808,2200.0,-20.0,20.0,109.19076442718506,-12.139881094238627
561,5.61,-1.8603512125635644,-7.315789324984129,4.499658691586292,-84.43472919391432,53.047428734584734,178.07783950175912,2200.0,-20.0,20.0,109.18179416656494,-12.25675594558371
562,5.62,-1.8610374811810175,-7.325187003763616,4.578430235999851,-87.50225771092889,57.52327446921731,175.68447469987916,2200.0,-20.0,20.0,109.17282390594482,-12.373178487054522
563,5.63,-1.8618665212222856,-7.335855766566112,4.657231708309868,-91.40161363573911,61.90967161517912,172.29217329527933,2200.0,-20.0,20.0,109.1638536453247,-12.489163228487065
564,5.64,-1.862839438227756,-7.34779580786569,4.7360184328698836,-96.58953860103178,66.14380585165428,167.4496488206052,2200.0,-20.0,20.0,109.15488338470459,-12.604721027194138
565,5.65,-1.863957160287001,-7.361005770515319,4.814745760441105,-103.82019869686782,70.11718369711375,160.40690117903011,2200.0,-20.0,20.0,109.14591312408447,-12.71985769217172
566,5.66,-1.8652204379087174,-7.375482748111859,4.893369122442635,-114.29801980894547,73.6314068563565,149.9624543815769,2200.0,-20.0,20.0,109.13694286346436,-12.834572699535292
567,5.67,-1.8666298440757547,-7.391222289214371,4.971844085009482,-129.5519747700533,76.32587698539518,134.58912779253893,2200.0,-20.0,20.0,109.12797260284424,-12.948858036773506
568,5.68,-1.8681857744788097,-7.408218403401388,5.050126402797684,-149.88932887291782,77.65724379547859,113.98033530371156,2200.0,-20.0,20.0,109.11900234222412,-13.062697191489676
569,5.69,-1.8698884479223838,-7.426463569151223,5.128172072477284,-171.5727865597372,77.20558806634035,91.87297071039,2200.0,-20.0,20.0,109.110032081604,-13.176064298183116
570,5.7,-1.8717379068967008,-7.445948743527861,5.20593738585523,170.71277992945443,75.14956996839145,73.58069969800071,2200.0,-20.0,20.0,109.10106182098389,-13.28892345428094
571,5.71,-1.8737340183094064,-7.4666633736536925,5.28337898257166,158.38524260745658,72.05115312596507,60.518882416077815,2200.0,-20.0,20.0,109.09209156036377,-13.401228214159001
572,5.72,-1.8758764743710605,-7.488595409949078,5.360453902314348,150.16706350442144,68.3741107003006,51.4064211634257,2200.0,-20.0,20.0,109.08312129974365,-13.512921267280229
573,5.73,-1.878164793628656,-7.511731321117608,5.43711963649733,144.63583351154972,64.3877690712583,44.81629434829049,2200.0,-20.0,20.0,109.07415103912354,-13.623934303896549
574,5.74,-1.8805983221156561,-7.5360561108676185,5.5133341793707835,140.84049598348844,60.23826948265018,39.79177113335893,2200.0,-18.002469539642334,20.0,109.06518077850342,-13.734187956816447
575,5.75,-1.8831762341533582,-7.561553336813909,5.589056078880653,138.20500508799395,56.008159330936024,35.7500730802287,2200.0,2.7877730131149288,20.0,109.0562105178833,-13.84358899290761
576,5.76,-1.885897531062385,-7.588205136394513,5.6642444851129135,136.38060461776013,51.74776185930478,32.3347861266534,2200.0,20.0,20.0,109.04724025726318,-13.952033462272885
577,5.7700000000000005,-1.8887610607369196,-7.615992259963576,5.738859182978234,135.15056533200922,47.49059355975828,29.32076963191237,2200.0,20.0,20.0,109.03826999664307,-14.059401937894126
578,5.78,-1.8917654816552922,-7.644894106836316,5.812860661415146,134.3763631888287,43.261078571191554,26.559920030829176,2200.0,20.0,20.0,109.02929973602295,-14.165554245982735
579,5.79,-1.8949092739702285,-7.674888741635518,5.886210155564805,133.96714473292815,39.078628885758306,23.95053630635854,2200.0,20.0,20.0,109.02032947540283,-14.270389786949568
580,5.8,-1.8981907375952232,-7.705952921391553,5.958869698729964,133.86203143682576,34.95992640320734,21.419779589018212,2200.0,20.0,20.0,109.01135921478271,-14.373781688771295
581,5.8100000000000005,-1.9016079961568662,-7.738062115893156,6.030802171720901,134.0196126006926,30.920266141209943,18.91336332954817,2200.0,20.0,20.0,109.0023889541626,-14.475594522576548
582,5.82,-1.905159001809019,-7.771190536398535,6.10197134785902,134.4114793098692,26.97438461759821,16.389295352690706,2200.0,20.0,20.0,108.99341869354248,-14.575686937474586
583,5.83,-1.908841540138878,-7.80531116676782,6.172341935938081,135.01807819721262,23.136994639231997,13.813994157560698,2200.0,20.0,20.0,108.98444843292236,-14.673913699575026
584,5.84,-1.9126532349177718,-7.840395796556517,6.241879621508435,135.82592494060742,19.42313809204198,11.159855938090066,2200.0,20.0,20.0,108.97547817230225,-14.770127520457441
585,5.8500000000000005,-1.916591552636017,-7.876415055793922,6.310551106717018,136.82562324127167,15.84841338786504,8.403749987904733,2200.0,20.0,20.0,108.96650791168213,-14.86418078681766
586,5.86,-1.920653806910566,-7.91333845117846,6.378324148842017,138.01035856568313,12.429103825496249,5.526138437674571,2200.0,20.0,20.0,108.95753765106201,-14.955927169681217
587,5.87,-1.9248371628291834,-7.95113440355398,6.445167597589873,139.37466388359437,9.18221515995414,2.5106378418795203,2200.0,20.0,20.0,108.9485673904419,-15.045223187536537
588,5.88,-1.9291386413042195,-7.989770286553084,6.511051431168204,140.9133329522075,6.125419562866811,-0.6560929771097758,2200.0,20.0,20.0,108.93959712982178,-15.131929693932227
589,5.89,-1.933555123484018,-8.02921246633669,6.575946791112289,142.6204099761389,3.276896621405539,-3.9842208125778136,2200.0,20.0,20.0,108.93062686920166,-15.215913290984268
590,5.9,-1.9380833552499248,-8.069426342383473,6.639826015820826,144.48822590439116,0.6550595106871011,-7.480431836457956,2200.0,20.0,20.0,108.92165660858154,-15.297047666661788
591,5.91,-1.9427199518111447,-8.110376389293341,6.702662672748427,146.50648805374448,-1.721843635755885,-11.147524423338284,2200.0,20.0,20.0,108.91268634796143,-15.37521484790758
592,5.92,-1.9474614023990835,-8.152026199570795,6.764431589202992,148.66146336437677,-3.8362561247359532,-14.983986439107804,2200.0,20.0,20.0,108.90371608734131,-15.450306356997022
593,5.93,-1.9523040750565723,-8.194338527351734,6.825108881701188,150.93532451504998,-5.6719572891798355,-18.983657322804156,2200.0,20.0,20.0,108.89474582672119,-15.522224256189235
594,5.94,-1.9572442215142185,-8.23727533303381,6.884671983841535,153.3057469360718,-7.214798189312535,-23.135584741213275,2200.0,20.0,20.0,108.88577556610107,-15.5908820654877
595,5.95,-1.9622779821448786,-8.280797828767348,6.9430996726603675,155.74584598680647,-8.453481229852727,-27.424180408179296,2200.0,20.0,20.0,108.87680530548096,-15.656205539606558
596,5.96,-1.9674013909870132,-8.32486652476158,7.00037209344056,158.22452066666355,-9.380317983669462,-31.829752226043432,2200.0,20.0,20.0,108.86783504486084,-15.718133292366172
597,5.97,-1.972610380827913,-8.369441276359552,7.056470782946395,160.70722169818416,-9.991888232524758,-36.32943802970361,2200.0,20.0,20.0,108.85886478424072,-15.776617259312314
598,5.98,-1.9779007883381896,-8.414481331834079,7.111378691060534,163.1570947176309,-10.289524513863329,-40.898496489549984,2200.0,20.0,20.0,108.8498945236206,-15.831622991987077
599,5.99,-1.9832683592493898,-8.459945380856642,7.165080200801063,165.53637967509175,-10.27956305903711,-45.51183887046583,2200.0,20.0,20.0,108.84092426300049,-15.883129779950503
600,6.0,-1.9887087535670689,-8.505791603590671,7.21756114669828,167.80789604463394,-9.973332245378273,-50.145631760370875,2200.0,20.0,20.0,108.83195400238037,-15.931130599216809
601,6.01,-1.994217550812147,-8.55197772036034,7.268808831512372,169.9364272790502,-9.386887211274976,-54.77878256880871,2200.0,20.0,20.0,108.82298374176025,-15.975631888289689
602,6.0200000000000005,-1.9997902552838804,-8.59846104184562,7.318812041274466,171.88984309671,-8.540534991096948,-59.39414235257749,2200.0,20.0,20.0,108.81401348114014,-16.016653155417266
603,6.03,-2.0054223013382915,-8.645198519754064,7.367561058634855,173.63985659535456,-7.458219865686333,-63.97931611710456,2200.0,20.0,20.0,108.80504322052002,-16.05422642307205
604,6.04,-2.011109058676423,-8.692146797919223,7.415047674503377,175.162386632835,-6.166848646509099,-68.52704080205872,2200.0,20.0,20.0,108.7960729598999,-16.088395517935833
605,6.05,-2.0168458376373124,-8.73926226377536,7.461265197968048,176.43756419566253,-4.6956302392674605,-73.03515537465445,2200.0,20.0,20.0,108.78710269927979,-16.119215216842534
606,6.0600000000000005,-2.0226278944910883,-8.78650110015748,7.506208464479167,177.4494700738152,-3.0754869797138005,-77.50623127849722,2200.0,20.0,20.0,108.77813243865967,-16.146750261175345
607,6.07,-2.0284504367281087,-8.833819337375166,7.549873842287113,178.18571477548346,-1.3385726139323793,-81.94694975604844,2200.0,20.0,20.0,108.76916217803955,-16.171074254062393
608,6.08,-2.0343086283405225,-8.881172905508167,7.59225923712312,178.6369730521535,0.4820913018456665,-86.36730850311307,2200.0,20.0,20.0,108.76019191741943,-16.19226845640493
609,6.09,-2.0401975950931153,-8.928517686870913,7.63336409511334,178.79657177065926,2.3528688515073117,-90.77972171175371,2200.0,20.0,20.0,108.75122165679932,-16.2104204992142
610,6.1000000000000005,-2.046112429780712,-8.975809568592453,7.673189403917584,178.66020860535022,4.23967680368594,-95.19805380887999,2200.0,20.0,20.0,108.7422513961792,-16.225623030969103
611,6.11,-2.052048197469821,-9.023004495257528,7.711737692085232,178.2258553178713,6.10809987226223,-99.63660572831292,2200.0,20.0,20.0,108.73328113555908,-16.23797231965398
612,6.12,-2.057999940722564,-9.070058521553594,7.7490130266220145,177.49387530038922,7.923495728503795,-104.10905883321355,2200.0,20.0,20.0,108.72431087493896,-16.247566829864713
613,6.13,-2.063962684801269,-9.1169278648678,7.78502100876261,176.46735993594294,9.651134770343146,-108.62737912455471,2200.0,20.0,20.0,108.71534061431885,-16.254505795774605
614,6.140000000000001,-2.0699314428524,-9.163568957776935,7.819768767945383,175.15266006525627,11.256419543126572,-113.20069496806202,2200.0,20.0,20.0,108.70637035369873,-16.2588878109221
615,6.15,-2.0759012210687486,-9.209938500372555,7.8532649539870425,173.5600555907197,12.705224013530756,-117.83418526078033,2200.0,20.0,20.0,108.69740009307861,-16.26080945562475
616,6.16,-2.0818670238290458,-9.255993512362407,7.88551972745659,171.7044684462189,13.964381958057743,-122.52804900978728,2200.0,20.0,20.0,108.6884298324585,-16.260363982429013
617,6.17,-2.087823858814313,-9.301691384888505,7.916544748249638,169.60608657557302,15.00233490199279,-127.2766648666804,2200.0,20.0,20.0,108.67945957183838,-16.257640079286492
618,6.18,-2.093766742100438,-9.346989932001216,7.9463531623660115,167.29073935717818,15.789922921836633,-132.06807846002403,2200.0,20.0,20.0,108.67048931121826,-16.252720729200156
619,6.19,-2.0996907032265284,-9.391847441727931,7.974959586895494,164.78986243489757,16.30126845776371,-136.88396090953023,2200.0,20.0,20.0,108.66151905059814,-16.245682183850263
620,6.2,-2.1055907902387014,-9.436222726674051,8.002380093218717,162.13992590978313,16.51466999233204,-141.7001492252816,2200.0,20.0,20.0,108.65254878997803,-16.23659306724169
621,6.21,-2.111462074708951,-9.48007517409339,8.028632188432374,159.38127953228323,16.41339818685429,-146.48780276526335,2200.0,20.0,20.0,108.64357852935791,-16.22551362373096
622,6.22,-2.1172996567287554,-9.523364795364358,8.053734795010339,156.55648098036423,15.986281615502888,-151.21510027740715,2200.0,20.0,20.0,108.6346082687378,-16.212495122884345
623,6.23,-2.1230986698770122,-9.566052274807946,8.077708228714716,153.70828986980052,15.227988725508457,-155.84928786969516,2200.0,20.0,20.0,108.62563800811768,-16.19757943155291
624,6.24,-2.1288542861618183,-9.608099017782964,8.100574174773454,150.87759312780454,14.138955558063024,-160.35880723733624,2200.0,20.0,20.0,108.61666774749756,-16.18079876131528
625,6.25,-2.1345617209354955,-9.649467197993934,8.122355662343892,148.10154670865865,12.724964945318854,-164.715215744477,2200.0,20.0,20.0,108.60769748687744,-16.162175597096116
626,6.26,-2.1402162377821004,-9.690119803946802,8.14307703728433,145.41216726433635,10.996436978879583,-168.8946626574692,2200.0,20.0,20.0,108.59872722625732,-16.141722810318203
627,6.2700000000000005,-2.1458131533764915,-9.730020684487837,8.16276393325868,142.83550503047672,8.967528203036245,-172.8787893116923,2200.0,20.0,20.0,108.5897569656372,-16.119443957449402
628,6.28,-2.1513478423138164,-9.769134593361256,8.18144324120214,140.3914119628922,6.655150590959687,-176.65503923522473,2200.0,20.0,20.0,108.58078670501709,-16.095333762276976
629,6.29,-2.1568157419080487,-9.80742723272167,8.199143077178892,138.09382211911088,4.078011922926002,179.78353771443972,2200.0,20.0,20.0,108.57181644439697,-16.069378777729796
630,6.3,-2.162212356957964,-9.844865295538005,8.215892748665791,135.95140483648814,1.2557541825701108,176.43884562611547,2200.0,20.0,20.0,108.56284618377686,-16.041558220594624
631,6.3100000000000005,-2.1675332644786542,-9.88141650682652,8.231722719299194,133.96843768413478,-1.7917642959867015,173.3085107802908,2200.0,20.0,20.0,108.55387592315674,-16.01184497009193
632,6.32,-2.172774118396423,-9.917049663651516,8.246664572124992,132.14576481725925,-5.04502585528241,170.38671837282618,2200.0,20.0,20.0,108.54490566253662,-15.980206719007773
633,6.33,-2.177930654204576,-9.951734673833707,8.260750971395101,130.48174204802646,-8.485254390530011,167.66501152764303,2200.0,20.0,20.0,108.5359354019165,-15.946607263974675
634,6.34,-2.182998693577335,-9.985442593307697,8.274015622956552,128.97310953102908,-12.09467827077847,165.13298249070814,2200.0,20.0,20.0,108.52696514129639,-15.911007919571903
635,6.3500000000000005,-2.187974148960225,-10.01814566214116,8.286493233171182,127.61577081525355,-15.856679108686683,162.77881513312698,2200.0,12.979815006256104,20.0,108.51799488067627,-15.873368007341524
636,6.36,-2.1928530281611858,-10.049817338382676,8.298219465725683,126.40550436618268,-19.755845490837697,160.58965063169097,2200.0,-0.9223645925521851,20.0,108.50902462005615,-15.833642358955343
637,6.37,-2.1976314400746513,-10.080432326148983,8.309230892212238,125.3387098618705,-23.777940342112142,158.55176514027653,2200.0,-14.577128887176514,20.0,108.50005435943604,-15.791766742353824
638,6.38,-2.2023055886281377,-10.109966581435026,8.319564944839705,124.41311573078846,-27.90987438372084,156.6505430737908,2200.0,-20.0,20.0,108.49108409881592,-15.747737272230404
639,6.390000000000001,-2.2068717958822637,-10.138397360747119,8.329259848261076,123.62809367694123,-32.139656381613435,154.87026317906188,2200.0,-20.0,20.0,108.4821138381958,-15.701506003606655
640,6.4,-2.2113265028859073,-10.165703254445758,8.338354588510963,122.98541375372206,-36.45627041437399,153.19356471668235,2200.0,-20.0,20.0,108.47314357757568,-15.65307837684523
641,6.41,-2.215666281081052,-10.191864218416011,8.34688886410394,122.49045157253171,-40.849542054669456,151.60050480526402,2200.0,-20.0,20.0,108.46417331695557,-15.602446929795803
642,6.42,-2.2198878377827596,-10.216861606326656,8.354903043962205,122.15399715677057,-45.31000067254937,150.06693085549736,2200.0,-20.0,10.926339626312256,108.45520305633545,-15.549613322406737
643,6.43,-2.2239880211932923,-10.240678192488556,8.362438118822508,121.99515226134362,-49.82871606697027,148.561687259629,2200.0,-20.0,-1.7001242935657501,108.44623279571533,-15.49459256757856
644,6.44,-2.227963825515453,-10.263298195199203,8.369535653868175,122.0463489597705,-54.39710736892184,147.04167083667085,2200.0,-20.0,-13.304855823516846,108.43726253509521,-15.437426379690796
645,6.45,-2.2318123960226735,-10.284707311591578,8.376237739567483,122.36293797950327,-59.00662522926977,145.44220200728498,2200.0,-20.0,-20.0,108.4282922744751,-15.378155627905482
646,6.46,-2.235531047254619,-10.304892728712083,8.382586955019669,123.04338583632388,-63.6479181026434,143.65666244358496,2200.0,-20.0,-20.0,108.41932201385498,-15.316854922966824
647,6.47,-2.239117262312177,-10.323843134912568,8.388626312171079,124.27523200420055,-68.30934719486604,141.49052060337945,2200.0,-20.0,-20.0,108.41035175323486,-15.253586732897402
648,6.48,-2.2425686972365977,-10.341548727507021,8.394399207682925,126.45545226700504,-72.97330679537495,138.54096710627465,2200.0,-20.0,-20.0,108.40138149261475,-15.188445334890314
649,6.49,-2.245883181383882,-10.358001216288894,8.399949368270201,130.5736309045977,-77.60442298136557,133.81372625994481,2200.0,-20.0,-20.0,108.39241123199463,-15.121550157229622
650,6.5,-2.2490587185762303,-10.373193831165695,8.405320797698508,139.8372634206461,-82.09736458665172,124.0977264868383,2200.0,-20.0,-20.0,108.38344097137451,-15.053045561299175
651,6.51,-2.2520934882343826,-10.387121329942865,8.410557723639322,169.46316468922058,-85.89434301906985,94.17366826751685,2200.0,-20.0,-20.0,108.3744707107544,-14.983101857067917
652,6.5200000000000005,-2.2549858464886574,-10.399780005220695,8.415704544295826,-119.48212654440471,-85.85052441545015,22.97360395750601,2200.0,-20.0,-20.0,108.36550045013428,-14.911917257260985
653,6.53,-2.2577343271922836,-10.411167689847376,8.420805774802544,-90.32290124143418,-82.0185625501997,-6.178514116219033,2200.0,-20.0,-20.0,108.35653018951416,-14.839720913466076
654,6.54,-2.2603376427769715,-10.421283760650523,8.425905993436514,-80.94824994977311,-77.4982941486256,-15.3928583441101,2200.0,-20.0,-20.0,108.34755992889404,-14.766777418282658
655,6.55,-2.262794684915644,-10.430129140323567,8.431049787690904,-76.50973363212466,-72.83086158127139,-19.516038385776564,2200.0,-20.0,-20.0,108.33858966827393,-14.693393283988868
656,6.5600000000000005,-2.2651045249755866,-10.437706297422869,8.436281700267152,-73.86052921144757,-68.11930149122179,-21.69192768717038,2200.0,-20.0,-20.0,108.32961940765381,-14.619925655146051
657,6.57,-2.267268082939752,-10.444033434042542,8.441644434772522,-72.02193448866832,-63.39826131258997,-22.895123129464267,2153.941650390625,-20.0,-20.0,108.32083702087402,-14.53871672883295
658,6.58,-2.26932660674227,-10.449468911435202,8.447126457522025,-70.59694335692716,-58.68492457247401,-23.517403043591422,1049.1202392578125,-20.0,-20.0,108.31655883789062,-14.272555751337844
659,6.59,-2.2713578074622562,-10.454676125668186,8.452644995951093,-69.39403143478255,-53.990615639055775,-23.743874538201815,0.0,-20.0,-20.0,108.31655883789062,-14.041434782081707
660,6.6000000000000005,-2.273399638874736,-10.459976168550545,8.458145705487476,-68.30817208854988,-49.32437308652224,-23.67173511799456,0.0,-20.0,-20.0,108.31655883789062,-14.019800334869302
661,6.61,-2.2754522310474905,-10.465367992245527,8.46362346838884,-67.27570241924366,-44.694376547651395,-23.355332383856968,0.0,-20.0,-20.0,108.31655883789062,-13.998035898060701
662,6.62,-2.277515574225868,-10.47085073548973,8.469075075773656,-66.25469716842042,-40.108656868730705,-22.825777448724136,0.0,-20.0,-20.0,108.31655883789062,-13.976358893882603
663,6.63,-2.2795896455909004,-10.476423426313628,8.474497350608004,-65.21528503088979,-35.575476162155624,-22.100545186454134,0.0,-20.0,-20.0,108.31655883789062,-13.9549932312135
664,6.640000000000001,-2.2816744092870596,-10.482084983225072,8.479887151573946,-64.13454976301037,-31.10358085236463,-21.18849658231506,0.0,-20.0,-20.0,108.31655883789062,-13.93416713179536
665,6.65,-2.283769816465866,-10.487834216526124,8.485241376894352,-62.99367176791882,-26.702398368374077,-20.092678012993876,0.0,-20.0,-20.0,108.31655883789062,-13.914110864989338
666,6.66,-2.285875805345319,-10.49366982976166,8.490556968109631,-61.77625042238788,-22.38220907630955,-18.81197230975082,0.0,-20.0,-20.0,108.31655883789062,-13.895054415816933
667,6.67,-2.2879923012850814,-10.499590421297942,8.495830913801669,-60.46729630112577,-18.15430770994903,-17.34213367698329,0.0,-20.0,-20.0,108.31655883789062,-13.877225112094669
668,6.68,-2.2901192168773252,-10.505594486029242,8.501060253260507,-59.05263723569844,-14.03115947892793,-15.676491581796263,0.0,-20.0,-20.0,108.31655883789062,-13.860845237236996
669,6.69,-2.29225645205314,-10.511680417210487,8.506242080089272,-57.518609810143836,-10.026549995508123,-13.806490622425867,0.0,-20.0,-20.0,108.31655883789062,-13.846129655736918
670,6.7,-2.294403894204356,-10.51784650841361,8.511373545742982,-55.85197685622966,-6.155722873222975,-11.722175294377205,0.0,-20.0,-20.0,108.31655883789062,-13.833283478459471
671,6.71,-2.296561418320643,-10.524090955605303,8.516451862996904,-54.040051376836836,-2.4354931891584615,-9.41269966001433,0.0,-20.0,-20.0,108.31655883789062,-13.822499794672483
672,6.72,-2.2987288871417166,-10.530411859343602,8.521474309340253,-52.07103092173862,1.1156815755510097,-6.8669267703965815,0.0,-20.0,-20.0,108.31655883789062,-13.813957497209262
673,6.73,-2.300906151324456,-10.53680722709064,8.526438230291097,-49.93455840702876,4.47769905826883,-4.074172043232559,0.0,-20.0,-20.0,108.31655883789062,-13.80781922631657
674,6.74,-2.303093049624741,-10.543274975638752,8.531341042628434,-47.62252570530271,7.628911918922195,-1.0251315314182945,0.0,-20.0,-20.0,108.31655883789062,-13.804229456587615
675,6.75,-2.3052894090937763,-10.549812933646981,8.536180237537499,-45.13012217314986,10.546370979562193,2.2869865527153745,0.0,-20.0,-20.0,108.31655883789062,-13.80331274993147
676,6.76,-2.307495045288675,-10.55641884428489,8.540953383664478,-42.45709757433158,13.206255674777953,5.865146717983646,0.0,-20.0,-20.0,108.31655883789062,-13.805172195809138
677,6.7700000000000005,-2.309709762497029,-10.563090367980463,8.545658130076909,-39.60915502219243,15.584531438994066,9.707064399088974,0.0,-20.0,-20.0,108.31655883789062,-13.809888057978192
678,6.78,-2.3119333539752103,-10.569825085268759,8.550292209126148,-36.599317669878644,17.657856857353995,13.80382852871338,0.0,-20.0,-20.0,108.31655883789062,-13.817516644768476
679,6.79,-2.3141656022000965,-10.576620499737837,8.554853439208458,-33.44903662466968,19.40473051634229,18.1387972208727,0.0,-20.0,-20.0,108.31655883789062,-13.828089417479942
680,6.8,-2.316406279133931,-10.58347404106837,8.559339727421303,-30.188754242338174,20.80681859898425,22.687049545924552,0.0,-20.0,-20.0,108.31655883789062,-13.8416123488754
681,6.8100000000000005,-2.3186551465019756,-10.590383068163256,8.563749072111657,-26.857643412667652,21.85034659282641,27.415670452844324,0.0,-20.0,-20.0,108.31655883789062,-13.858065540973742
682,6.82,-2.3209119560826363,-10.597344872363395,8.568079565313202,-23.502340979016108,22.527387827222313,32.28504858967719,0.0,-20.0,-20.0,108.31655883789062,-13.877403108459673
683,6.83,-2.3231764500315664,-10.604356680709131,8.572329395053178,-20.174684545434204,22.836859058441853,37.25117554844059,0.0,-17.471959590911865,-20.0,108.31655883789062,-13.899553260079237
684,6.84,-2.325448361670521,-10.611415658644384,8.576496847289702,-16.928704572262564,22.78505577504485,42.268690272101956,0.0,3.897225260734558,-20.0,108.31655883789062,-13.924417177964921
685,6.8500000000000005,-2.327727422244906,-10.61851891074477,8.580580307356202,-13.817349379133988,22.385618677590045,47.294150299080016,0.0,20.0,-20.0,108.31655883789062,-13.951852621492861
686,6.86,-2.3300133343080667,-10.625663499375836,8.58457826641739,-10.889358761439965,21.65901730308067,52.28925975624984,0.0,20.0,-20.0,108.31655883789062,-13.981746578108122
687,6.87,-2.332305805664835,-10.632846429273705,8.58848931800089,-8.186931540828168,20.63153378563351,57.223253244699755,0.0,20.0,-20.0,108.31655883789062,-14.013931265615675
688,6.88,-2.3346045371313378,-10.640064655907866,8.592312159510206,-5.744395150409634,19.333981650914442,62.074186199735294,0.0,20.0,-20.0,108.31655883789062,-14.048210460290369
689,6.890000000000001,-2.336909221209127,-10.647315093747315,8.596045597066597,-3.58785069097992,17.80038716062634,66.82924768447779,0.0,20.0,-20.0,108.31655883789062,-14.084372258442905
690,6.9,-2.339219542389264,-10.654594618324602,8.5996885457013,-1.735634069394552,16.066776480315724,71.48425638256198,0.0,20.0,-20.0,108.31655883789062,-14.122189127111566
691,6.91,-2.3415351780414837,-10.66190006983437,8.603240030627253,-0.19932862948845348,14.170167662481257,76.04254717490862,0.0,20.0,-20.0,108.31655883789062,-14.161418688529999
692,6.92,-2.343855798954706,-10.669228256964082,8.606699188422205,1.0149681445456713,12.14781863871598,80.51353097332805,0.0,20.0,-15.382807254791258,108.31655883789062,-14.201805605962825
693,6.93,-2.3461810698652283,-10.676575960771574,8.610065268089231,1.905372196309773,10.036729807333716,84.91115588103551,0.0,20.0,-12.484211921691895,108.31655883789062,-14.243083674775242
694,6.94,-2.3485106496582535,-10.683939938407228,8.61333763191248,2.4731078885175313,7.873364514841667,89.25241961421384,0.0,20.0,-10.56333065032959,108.31655883789062,-14.284978798121793
695,6.95,-2.350844192018344,-10.691316927134404,8.616515756282103,2.7216696250523658,5.693532724765212,93.55600349906355,0.0,20.0,-8.94978940486908,108.31655883789062,-14.327211005398139
696,6.96,-2.3531813458974145,-10.698703648393574,8.61959923235474,2.6562925972330933,3.532377426789103,97.84104446049207,0.0,20.0,-7.123069167137146,108.31655883789062,-14.369497018402429
697,6.97,-2.355521755958218,-10.706096811904334,8.622587766550668,2.2837351496717733,1.4244042790449924,102.12602834734464,0.0,20.0,-4.5940059423446655,108.31655883789062,-14.411552921568926
698,6.98,-2.357865062894657,-10.713493119638455,8.625481180881039,1.6123485001354025,-0.5965002524680536,106.42777513164873,0.0,20.0,-0.9401603043079376,108.31655883789062,-14.453097143602344
699,6.99,-2.3602109037131,-10.7208892697779,8.628279413143956,0.6523901321604273,-2.497110050120569,110.76049132708047,0.0,20.0,3.9008384943008423,108.31655883789062,-14.493853520162983
700,7.0,-2.3625589130097264,-10.72828195981486,8.630982517156434,-0.5834801042957595,-4.244999087858007,115.13487235218288,0.0,20.0,9.442530274391174,108.31655883789062,-14.533551668723529
701,7.01,-2.36490872212628,-10.735667891907976,8.633590662423009,-2.079600756910301,-5.808811736728453,119.55728583181552,0.0,20.0,15.020275115966797,108.31655883789062,-14.571932639636843
702,7.0200000000000005,-2.3672599604835347,-10.743043777117371,8.63610413416341,-3.8167078766630964,-7.158674871485374,124.02908408984561,0.0,20.0,20.0,108.31655883789062,-14.608750022915757
703,7.03,-2.369612255803255,-10.750406338320351,8.638523332831513,-5.771451339959971,-8.266748865365667,128.54612195475428,0.0,20.0,20.0,108.31655883789062,-14.643771956025223
704,7.04,-2.3719652346233002,-10.757752314529155,8.640848773676169,-7.9161537346578426,-9.107890497873914,133.0985762003675,0.0,20.0,20.0,108.31655883789062,-14.676783353153871
705,7.05,-2.3743185225469854,-10.76507846503585,8.643081086094469,-10.218926282923437,-9.660373141420916,137.67116584764324,0.0,20.0,20.0,108.31655883789062,-14.707588525242475
706,7.0600000000000005,-2.3766717447857117,-10.772381573257439,8.645221012873511,-12.644215163692554,-9.906588017727902,142.24382871896285,0.0,20.0,20.0,108.31655883789062,-14.736012688051153
707,7.07,-2.379024526654232,-10.779658450643646,8.647269409291601,-15.153784739149902,-9.833638026775049,146.7928510902156,0.0,20.0,20.0,108.31655883789062,-14.761903422559618
708,7.08,-2.3813764940434323,-10.786905940568785,8.649227242077473,-17.708062063483997,-9.433738302109328,151.2923699017009,0.0,20.0,20.0,108.31655883789062,-14.78513196121694
709,7.09,-2.3837272738767377,-10.794120922183573,8.651095588231842,-20.267689835352424,-8.704358578181358,155.71609260152638,0.0,20.0,20.0,108.31655883789062,-14.805594265933278
710,7.1000000000000005,-2.386076494559701,-10.80130031421875,8.652875633714809,-22.795086384883138,-7.648078519195513,160.03903339118526,0.0,20.0,20.0,108.31655883789062,-14.823211861001804
711,7.11,-2.3884237864275915,-10.808441078737511,8.654568672001222,-25.2558075122899,-6.272170061349272,164.23906290357644,0.0,20.0,20.0,108.31655883789062,-14.837932399867556
712,7.12,-2.390768782192148,-10.815540224834022,8.656176102505619,-27.619546874456034,-4.587959778101518,168.29811224042976,0.0,20.0,20.0,108.31655883789062,-14.849729956724488
713,7.13,-2.393111117387003,-10.822594812274472,8.657699428878441,-29.86068423292275,-2.6100501114651995,172.20294712435165,0.0,20.0,20.0,108.31655883789062,-14.858605041091062
714,7.140000000000001,-2.395450430810741,-10.829601955076642,8.659140257175372,-31.958370695316244,-0.3554866732962155,175.94551039890555,0.0,20.0,20.0,108.31655883789062,-14.864584337892001
715,7.15,-2.3977863649665583,-10.836558825023639,8.660500293901949,-33.89620517691748,2.1570489852042125,179.52289964731426,0.0,20.0,20.0,108.31655883789062,-14.867720178675414
716,7.16,-2.4001185664976483,-10.843462655107468,8.661781343935797,-35.66159389121643,4.907960336789959,-177.0629110274348,0.0,20.0,20.0,108.31655883789062,-14.868089752209213
717,7.17,-2.4024466866175884,-10.85031074289817,8.662985308329038,-37.24489288115043,7.877332447976003,-173.80548120184477,0.0,20.0,20.0,108.31655883789062,-14.865794065198438
718,7.18,-2.4047703815351325,-10.857100453834352,8.664114181993574,-38.638418396162045,11.045387072360864,-170.694328101243,0.0,20.0,20.0,108.31655883789062,-14.86095666634311
719,7.19,-2.407089312872874,-10.86382922443106,8.66517005127206,-39.83538014936992,14.39279508922998,-167.71526182039688,0.0,20.0,20.0,108.31655883789062,-14.853722149395935
720,7.2,-2.409403148079283,-10.870494565401104,8.666155091397584,-40.82875569811687,17.90085455353678,-164.8505449567009,0.0,20.0,20.0,108.31655883789062,-14.844254453222606
721,7.21,-2.411711560833631,-10.877094064686021,8.667071563845088,-41.61008431490357,21.551545762646143,-162.07879749756572,0.0,20.0,20.0,108.31655883789062,-14.83273497903723
722,7.22,-2.414014231443316,-10.883625390392979,8.667921813577808,-42.168115315822014,25.32747230534238,-159.3745612459256,0.0,20.0,20.0,108.31655883789062,-14.819360546936023
723,7.23,-2.416310847233116,-10.890086293634084,8.668708266192063,-42.487193881792315,29.21168951727481,-156.70741109949503,0.0,20.0,20.0,108.31655883789062,-14.804341215534464
724,7.24,-2.4186011029259,-10.896474611264612,8.66943342496386,-42.545196691394764,33.18740864468984,-154.0404443713288,0.0,20.0,20.0,108.31655883789062,-14.78789798991795
725,7.25,-2.4208926120040877,-10.902881026271325,8.67017018810365,-42.3107421974256,37.23751976215876,-151.3278526186511,373.338623046875,20.0,20.0,108.31503677368164,-14.857724755703966
726,7.26,-2.4232042903349,-10.909523670871849,8.671077140414242,-41.739172824143175,41.34391030912589,-148.51118047671167,865.52294921875,20.0,20.0,108.31150722503662,-14.967519595324854
727,7.2700000000000005,-2.4255610235583074,-10.916681331312049,8.67233105536541,-40.766550576978524,45.4864614004037,-145.51355567064067,1431.95654296875,20.0,20.0,108.30566883087158,-15.111496260300262
728,7.28,-2.4279928598773317,-10.924682001339482,8.674112429862138,-39.30046832330276,49.641449812410926,-142.2306316856168,2064.48974609375,20.0,20.0,108.29725074768066,-15.2908581341955
729,7.29,-2.430521132719157,-10.933748820130287,8.676514151960154,-37.20564911823359,53.77899121895105,-138.51632304573369,2200.0,20.0,20.0,108.28828048706055,-15.376385992782337
730,7.3,-2.433152508900056,-10.943939904926763,8.679518341892376,-34.28125761612284,57.85868705007117,-134.16017104825866,2200.0,20.0,20.0,108.27931022644043,-15.43590177105121
731,7.3100000000000005,-2.435890226326438,-10.955275503537441,8.683085071258898,-30.225926336216943,61.82201839803755,-128.85232290125387,2200.0,20.0,20.0,108.27033996582031,-15.496614079452524
732,7.32,-2.438737370872924,-10.967774345325116,8.687173942101596,-24.589049027858344,65.57904615850521,-122.13480479123,2200.0,20.0,20.0,108.2613697052002,-15.558633037746521
733,7.33,-2.441696878846026,-10.981453747722194,8.691743926694496,-16.726775856951456,68.98589017864512,-113.35750345600562,2200.0,20.0,20.0,108.25239944458008,-15.62206548923645
734,7.34,-2.4447715339788143,-10.996329595393984,8.696753418059624,-5.861122858009764,71.81267919687129,-101.7372591676469,2200.0,20.0,20.0,108.24342918395996,-15.687010423794835
735,7.3500000000000005,-2.4479639646793463,-11.012416321224707,8.702160281157711,8.47409651547447,73.72488060626605,-86.8037820089331,2200.0,20.0,20.0,108.23445892333984,-15.753555706245741
736,7.36,-2.451276641532486,-11.029726889146131,8.707921904681081,25.393134166017823,74.35921417278568,-69.43977810240698,2200.0,20.0,20.0,108.22548866271973,-15.821775629844886
737,7.37,-2.4547118750539982,-11.04827277882548,8.713995253375765,42.24146833881079,73.55038941976494,-52.297784292577866,2200.0,20.0,20.0,108.21651840209961,-15.891729042229075
738,7.38,-2.458271813695101,-11.068063972225852,8.720336920819891,56.47257250424436,71.47684168852307,-37.923403501897184,2200.0,20.0,20.0,108.20754814147949,-15.963457907255924
739,7.390000000000001,-2.4619584421808445,-11.089108942041712,8.726903182575565,67.35975123410708,68.49729208104665,-27.043484839135765,2200.0,15.228266716003418,20.0,108.19857788085938,-16.03698598993435
740,7.4,-2.4657735803359357,-11.111414642014921,8.73365004957765,75.43229531458334,64.93280001679074,-19.13001152937942,2200.0,3.571217656135559,20.0,108.18960762023926,-16.11231739968171
741,7.41,-2.4697188824416907,-11.134986498727546,8.740533321315203,81.46939228896899,61.001462331208145,-13.406303355640425,2200.0,-8.98952841758728,20.0,108.18063735961914,-16.18943933878186
742,7.42,-2.4737958338011934,-11.159828399467786,8.747508640815274,86.1026341192811,56.83913596216864,-9.244700309685651,2200.0,-20.0,20.0,108.17166709899902,-16.26832722703434
743,7.43,-2.478005757102973,-11.185942675728004,8.754531547131586,89.77360674623868,52.53026672631986,-6.208860792114348,2200.0,-20.0,20.0,108.1626968383789,-16.34894955823286
744,7.44,-2.482349826657889,-11.213330103806763,8.7615575221571,92.78008057421408,48.129288234486445,-4.007392883630107,2200.0,-20.0,20.0,108.15372657775879,-16.431220234346746
745,7.45,-2.4868290637910926,-11.24198990378087,8.768542044607656,95.3239106235971,43.67316864897329,-2.4461637179588984,2200.0,-20.0,20.0,108.14475631713867,-16.51504238946956
746,7.46,-2.4914443369479375,-11.271919747475696,8.775440643077676,97.5449486532355,39.188554799716364,-1.3945759185073694,2200.0,-20.0,20.0,108.13578605651855,-16.60030451759538
747,7.47,-2.4961963604799293,-11.303115763691624,8.782208949154683,99.54294509014143,34.69590769182348,-0.7638324545600912,2200.0,-20.0,20.0,108.12681579589844,-16.68687966764711
748,7.48,-2.501085693077965,-11.335572543661742,8.788802750591884,101.39142553065632,30.211978216835117,-0.49322591409288175,2200.0,-20.0,20.0,108.11784553527832,-16.77462574559551
749,7.49,-2.506112736275581,-11.369283147540708,8.795178044419607,103.14654520925373,25.751355935510176,-0.5414557319477904,2200.0,-20.0,20.0,108.1088752746582,-16.8633864059768
750,7.5,-2.511277733130204,-11.404239112384383,8.801291089869526,104.85283903787727,21.327490009173626,-0.8810545825505344,2200.0,-20.0,20.0,108.09990501403809,-16.952992311796997
751,7.51,-2.5165807671073424,-11.440430461846656,8.807098461019187,106.54703507377339,16.95340409193981,-1.4947482867443838,2200.0,-20.0,20.0,108.09093475341797,-17.043262645192797
752,7.5200000000000005,-2.522021761166412,-11.477845717681747,8.812557099087709,108.26063475078126,12.642231691544756,-2.373030830361765,2200.0,-20.0,20.0,108.08196449279785,-17.13400679005218
753,7.53,-2.5276004770404232,-11.516471913066253,8.817624364327026,110.02168263152,8.407645717354242,-3.51250722129112,2200.0,-20.0,20.0,108.07299423217773,-17.225026129169816
754,7.54,-2.5333165147018515,-11.556294607722174,8.822258087458826,111.85597731796865,4.264225206533163,-4.914715206298539,2200.0,-20.0,20.0,108.06402397155762,-17.316115912777313
755,7.55,-2.5391693120087484,-11.59729790481252,8.826416620608178,113.78786725071515,0.22778274461931197,-6.585227567559101,2200.0,-20.0,20.0,108.0550537109375,-17.40706716522109
756,7.5600000000000005,-2.5451581445267806,-11.639464469582444,8.83005888768306,115.8407032576461,-3.6843381128062815,-8.532886408724538,2200.0,-20.0,20.0,108.04608345031738,-17.497668602842538
757,7.57,-2.551282125524252,-11.682775549723225,8.833144434146497,118.03696852370689,-7.452998619265171,-10.76904535283074,2200.0,-20.0,20.0,108.03711318969727,-17.587708539502565
758,7.58,-2.557540206138312,-11.72721099744015,8.835633476125729,120.39806844714246,-11.05705009056649,-13.306705366881404,2200.0,-20.0,20.0,108.02814292907715,-17.676976757612355
759,7.59,-2.563931175711616,-11.77274929320691,8.837486948801358,122.94373577674065,-14.473199880873345,-16.159433835965206,2200.0,-20.0,20.0,108.01917266845703,-17.765266323045303
760,7.6000000000000005,-2.5704536622997165,-11.819367571188877,8.83866655401851,125.69099417310528,-17.676006459248274,-19.339964594241714,2200.0,-20.0,20.0,108.01020240783691,-17.852375322677993
761,7.61,-2.577106133350431,-11.867041646315943,8.839134807061791,128.6526353160603,-20.63806973653596,-22.85840215947907,2200.0,-20.0,20.0,108.0012321472168,-17.938108503951003
762,7.62,-2.5838868965572446,-11.915746042983443,8.838855082535895,131.83521517325937,-23.330496891742126,-26.72001307904167,2200.0,-20.0,20.0,107.99226188659668,-18.022278796902476
763,7.63,-2.5907941008894957,-11.965454025356983,8.837791659293737,135.2366787861255,-25.72372626996419,-30.922697305155207,2200.0,-20.0,20.0,107.98329162597656,-18.104708700606484
764,7.640000000000001,-2.597825737802596,-12.016137629254523,8.835909764354383,138.84388422988232,-27.788770785530186,-35.4543981357444,2200.0,-20.0,20.0,107.97432136535645,-18.185231517740974
765,7.65,-2.60497964263189,-12.06776769557638,8.83317561575314,142.6304914443778,-29.498885615325175,-40.29090727362715,2200.0,-20.0,20.0,107.96535110473633,-18.263692423072065
766,7.66,-2.612253496173952,-12.120313905251361,8.82955646426654,146.55584160598437,-30.831568172989428,-45.39468356084755,2200.0,-20.0,20.0,107.95638084411621,-18.339949353876413
767,7.67,-2.6196448264591767,-12.173744815664572,8.825020633955331,150.56546759010178,-31.770675194117885,-50.71532016483348,2200.0,-20.0,20.0,107.9474105834961,-18.413873712698578
768,7.68,-2.6271510107194733,-12.228027898529964,8.819537561468977,154.59364190776554,-32.3083314963681,-56.19206164268018,2200.0,-20.0,20.0,107.93844032287598,-18.48535087531642
769,7.69,-2.6347692775547213,-12.283129579168037,8.813077834055877,158.56787452384208,-32.44626397837612,-61.75827872747528,2200.0,-20.0,20.0,107.92947006225586,-18.554280499342095
770,7.7,-2.642496709301407,-12.339015277146435,8.805613226224215,162.41466933491637,-32.196266989023265,-67.34720508374332,2200.0,-20.0,20.0,107.92049980163574,-18.62057663146861
771,7.71,-2.6503302446065486,-12.395649448238597,8.797116734999314,166.06540713021488,-31.57968776424827,-72.8977990281784,2200.0,-20.0,20.0,107.91152954101562,-18.684167613983824
772,7.72,-2.6582666812096454,-12.452995627652813,8.78756261372448,169.46117733561897,-30.626050046783607,-78.35954707858532,2200.0,-20.0,20.0,107.90255928039551,-18.744995793757163
773,7.73,-2.6663026789349322,-12.511016474481506,8.776926404353679,172.55575617785706,-29.37111856977799,-83.69540061476613,2200.0,-20.0,20.0,107.89358901977539,-18.803017039447766
774,7.74,-2.6744347628957406,-12.569673817317776,8.76518496818581,175.31652381635857,-27.854780703439314,-88.88263063535334,2200.0,-20.0,20.0,107.88461875915527,-18.858200075151235
775,7.75,-2.682659326912223,-12.628928700983687,8.752316514992195,177.7236473939535,-26.11907789892621,-93.91191852727577,2200.0,-20.0,20.0,107.87564849853516,-18.910525641065984
776,7.76,-2.690972637143101,-12.688741434312204,8.73830063049063,179.7681481226741,-24.20660294454674,-98.78529027320398,2200.0,-20.0,20.0,107.86667823791504,-18.959985493971963
777,7.7700000000000005,-2.699370835931489,-12.749071638922205,8.723118302121618,-178.55050036430345,-22.15934828137939,-103.5135289430954,2200.0,-20.0,20.0,107.85770797729492,-19.006581262416262
778,7.78,-2.707849945864191,-12.809878298923598,8.706751943084601,-177.226735600482,-20.017987590502084,-108.1135584054833,2200.0,-20.0,20.0,107.8487377166748,-19.050323173359242
779,7.79,-2.7164058740431747,-12.871119811487278,8.689185414594505,-176.2509210602019,-17.821512534085425,-112.60609431331348,2200.0,-20.0,20.0,107.83976745605469,-19.091228668732196
780,7.8,-2.725034416567233,-12.932754038212549,8.67040404632163,-175.61087488847656,-15.607123955632916,-117.0136852997595,2200.0,-20.0,20.0,107.83079719543457,-19.129320931841683
781,7.8100000000000005,-2.7337312632211304,-12.994738357222602,8.650394654980685,-175.2928951637544,-13.41027895305789,-121.35914998976938,2200.0,-20.0,20.0,107.82182693481445,-19.16462734476187
782,7.82,-2.7424920023687753,-13.057029715916817,8.629145561037785,-175.28233150264393,-11.26480941703394,-125.66435378039752,2200.0,-20.0,20.0,107.81285667419434,-19.197177898868475
783,7.83,-2.7513121260462587,-13.11958468430699,8.606646603507397,-175.56378244626364,-9.203045309486308,-129.94924949147503,2200.0,-20.0,20.0,107.80388641357422,-19.22700358139601
784,7.84,-2.7601870352498183,-13.1823595088631,8.582889152814419,-176.1210065309301,-7.255892842161514,-134.2311124047362,2200.0,-20.0,20.0,107.7949161529541,-19.254134761379625
785,7.8500000000000005,-2.769112045413076,-13.24531016679302,8.557866121700021,-176.93663465067752,-5.45283259322133,-138.52392072342747,2200.0,-20.0,20.0,107.78594589233398,-19.278599598558877
786,7.86,-2.7780823920671613,-13.308392420679418,8.531571974153335,-177.99176944587487,-3.82181599423129,-142.8378588526081,2200.0,-20.0,20.0,107.77697563171387,-19.300422498801904
787,7.87,-2.787093236676597,-13.371561873396358,8.504002732354612,-179.26555655166604,-2.389051685008548,-147.1789475279695,2200.0,-20.0,20.0,107.76800537109375,-19.319622639299936
788,7.88,-2.7961396726431467,-13.434774023227428,8.475155981619148,179.2651883826011,-1.1786869428819353,-151.54882726813508,2200.0,-20.0,20.0,107.75903511047363,-19.33621258626447
789,7.890000000000001,-2.805216731469113,-13.497984319106877,8.44503087333486,177.6262172643841,-0.2124039534497243,-155.944735727044,2200.0,-20.0,20.0,107.75006484985352,-19.35019702708937
790,7.9,-2.814319389070939,-13.561148215905092,8.413628125890193,175.84588391185218,0.49103481602511273,-160.35972146943163,2200.0,-20.0,20.0,107.7410945892334,-19.36157163794566
791,7.91,-2.8234425722333145,-13.62422122967981,8.380950023592574,173.95493005547988,0.9162455327411095,-164.78312405337633,2200.0,-20.0,20.0,107.73212432861328,-19.370322106587484
792,7.92,-2.832581165193413,-13.687158992814798,8.347000413581448,171.98601180202752,1.0516322293707694,-169.2013235587761,2200.0,-20.0,20.0,107.72315406799316,-19.37642332873067
793,7.930000000000001,-2.841730016344292,-13.74991730896831,8.31178470074348,169.97299685568953,0.8896926926015262,-173.59872641154172,2200.0,-20.0,20.0,107.71418380737305,-19.379838794801827
794,7.94,-2.850883945045987,-13.812452207754337,8.27530984064109,167.95010400953942,0.42717679763975797,-177.95891697973423,2200.0,-20.0,20.0,107.70521354675293,-19.380520182097207
795,7.95,-2.8600377485323385,-13.874719999080705,8.237584330469018,165.95098762771485,-0.3349290846409642,177.7341237616754,2200.0,-20.0,20.0,107.69624328613281,-19.37840716546401
796,7.96,-2.869186208901139,-13.936677327069269,8.198618198057027,164.00788282753,-1.3915948644001956,173.49484155828438,2200.0,-20.0,20.0,107.6872730255127,-19.37342745758374
797,7.97,-2.8783241001748046,-13.998281223484842,8.1584229889401,162.15091853916118,-2.734096276448506,169.3350721439807,2200.0,-20.0,20.0,107.67830276489258,-19.365497087713617
798,7.98,-2.887446195418417,-14.05948916060103,8.117011751520737,160.40767865188,-4.3504813857079405,165.26321259061456,2200.0,-20.0,20.0,107.66933250427246,-19.35452092542664
799,7.99,-2.8965472739016933,-14.120259103433018,8.074399020350954,158.8030542969783,-6.226102557395373,161.2836283331344,2200.0,-20.0,20.0,107.66036224365234,-19.34039345342707
800,8.0,-2.905622128291173,-14.180549561269089,8.030600797564466,157.35939314702236,-8.344159453064991,157.3962820434277,2200.0,-20.0,20.0,107.65139198303223,-19.32299979093994
801,8.01,-2.9146655718587375,-14.240319638434878,7.985634532492293,156.09692300195732,-10.686203142836385,153.59653646878647,2200.0,-20.0,20.0,107.64242172241211,-19.30221696646253
802,8.02,-2.923672445692403,-14.299529084226384,7.939519099497549,155.0344116074056,-13.232560606590065,149.8750610120208,2200.0,-20.0,20.0,107.63345146179199,-19.277915435845923
803,8.03,-2.932637625895255,-14.358138341950164,7.892274774067575,154.1900231397886,-15.962649455064808,146.21776138050984,2200.0,-20.0,20.0,107.62448120117188,-19.249960838713367
804,8.040000000000001,-2.9415560307583357,-14.416108597011402,7.84392320720374,153.58234154395433,-18.85516178072457,142.60565028059847,2200.0,-20.0,20.0,107.61551094055176,-19.21821598314911
805,8.05,-2.9504226278933077,-14.47340182399304,7.794487398151251,153.2315478634843,-21.888101655824677,139.01458099504487,2200.0,-20.0,20.0,107.60654067993164,-19.182543045396905
806,8.06,-2.9592324413107667,-14.52998083267162,7.743991665513126,153.16075843472245,-25.03866181768311,135.41477156040523,2200.0,-20.0,20.0,107.59757041931152,-19.14280596797515
807,8.07,-2.967980558430198,-14.585809312917993,7.692461616794093,153.39754864645957,-28.282921057627874,131.77005418986838,2200.0,-20.0,20.0,107.5886001586914,-19.09887303621486
808,8.08,-2.9766621370077075,-14.640851878433597,7.639924116421622,153.97569670077556,-31.595334724236572,128.03679551615824,2200.0,-20.0,20.0,107.57962989807129,-19.05061960967652
809,8.09,-2.9852724118397007,-14.695074109268658,7.5864072523123385,154.93717127122824,-34.94797663545648,124.16245626729122,2200.0,-13.135502338409424,20.0,107.57065963745117,-18.997931468073794
810,8.1,-2.9938067012072844,-14.748442593162428,7.531940301146694,156.33432694380295,-38.30947063983202,120.08381402150849,2200.0,-2.252989411354065,20.0,107.56168937683105,-18.940708908168734
811,8.11,-3.0022604123426864,-14.800924965736126,7.476553692805301,158.23211095884741,-41.64353910963715,115.72501349368066,2200.0,8.624131083488464,20.0,107.55271911621094,-18.87887614067978
812,8.120000000000001,-3.0106290517834293,-14.852489953225433,7.420278975230036,160.7097731970911,-44.90712979659189,110.9959998749206,2200.0,19.183671474456787,20.0,107.54374885559082,-18.81236287031858
813,8.13,-3.0189082181339733,-14.903107412414663,7.363148777833209,163.86139808485268,-48.04807608954468,105.7924805267621,2200.0,20.0,20.0,107.5347785949707,-18.741110574915467
814,8.14,-3.0270935952959404,-14.952748358654945,7.305196770192447,167.79300854130776,-51.00238785523218,99.99913083527176,2200.0,20.0,20.0,107.52580833435059,-18.665101739375427
815,8.15,-3.035180961212133,-15.001385000568193,7.246457615811894,172.61187689388888,-53.69161068664739,93.50023901450065,2200.0,20.0,20.0,107.51683807373047,-18.584344610018437
816,8.16,-3.0431661924683255,-15.048990770831008,7.186966927415664,178.4032524639824,-56.02160268109592,86.20298501659055,2200.0,20.0,20.0,107.50786781311035,-18.498877871644677
817,8.17,-3.051045270471717,-15.09554035800009,7.126761222762083,-174.80963942154014,-57.88505162860095,78.07746096932397,2200.0,20.0,20.0,107.49889755249023,-18.408773196348356
818,8.18,-3.0588142878545885,-15.141009737131021,7.065877879757094,-167.1176190305936,-59.17082099844969,69.20871381035805,2200.0,20.0,20.0,107.48992729187012,-18.314137285991503
819,8.19,-3.066469454736886,-15.185376198782016,7.004355090651562,-158.76556851664915,-59.78178616483491,59.836781708117854,2200.0,20.0,20.0,107.48095703125,-18.215113698908702
820,8.2,-3.0740071047213755,-15.228618376210848,6.9422318152632805,-150.14030248337696,-59.65739768303575,50.344584828245644,2200.0,20.0,20.0,107.47198677062988,-18.1118843835872
821,8.21,-3.0814237005914893,-15.270716270708693,6.87954773325368,-141.68562611302616,-58.790402118834535,41.17300596612326,2200.0,20.0,20.0,107.46301651000977,-18.00467083381161
822,8.22,-3.088715839724399,-15.311651275076818,6.816343195530821,-133.7826280096684,-57.227269655411384,32.70121084510766,2200.0,20.0,20.0,107.45404624938965,-17.922513350431068
823,8.23,-3.095880259245628,-15.35140619527196,6.752659174864327,-126.66753827091068,-55.05222115013697,25.164541391886672,2200.0,20.0,20.0,107.44507598876953,-17.917830119902938
824,8.24,-3.1029138409504213,-15.389965270243998,6.688537215797714,-120.42257476557535,-52.36510896032375,18.645407859843765,2200.0,20.0,20.0,107.43610572814941,-17.90671264983021
825,8.25,-3.109813616009948,-15.427314189979114,6.624019383938273,-115.0172407321418,-49.26363111300748,13.114645936667836,2200.0,20.0,20.0,107.4271354675293,-17.889690636023964
826,8.26,-3.116576769472272,-15.463440111751202,6.5591482146989595,-110.36012757898328,-45.83372133436247,8.483395945051935,2200.0,20.0,20.0,107.41816520690918,-17.867275744529618
827,8.27,-3.123200644561318,-15.498331674577395,6.493966661562624,-106.33814248480775,-42.14662098702326,4.642427278206969,2200.0,20.0,20.0,107.40919494628906,-17.83996347294888
828,8.28,-3.1296827467723602,-15.531979011870405,6.428518043936266,-102.83904843802918,-38.25967801881915,1.4847996971256137,2200.0,20.0,20.0,107.40022468566895,-17.80823459199297
829,8.290000000000001,-3.1360207477597286,-15.564373762280308,6.362845994661556,-99.76160474076129,-34.218606536934026,-1.0838459130439817,2200.0,20.0,20.0,107.39125442504883,-17.77255619124376
830,8.3,-3.142212489010909,-15.595509078720173,6.296994407246875,-97.01853688830015,-30.059980543859194,-3.1421331275344566,2200.0,20.0,20.0,107.38228416442871,-17.73338235492071
831,8.31,-3.1482559853005263,-15.625379635572527,6.231007382885425,-94.53602701829844,-25.813455590246043,-4.753234597623759,2200.0,20.0,20.0,107.3733139038086,-17.69115449527373
832,8.32,-3.1541494279174627,-15.653981634076466,6.164929177323159,-92.25181871934747,-21.50358504847451,-5.9664949159090135,2200.0,20.0,20.0,107.36434364318848,-17.64630137294699
833,8.33,-3.1598911876583635,-15.681312805897978,6.098804147639425,-90.11296891136071,-17.15125455549035,-6.81935122048862,2200.0,20.0,20.0,107.35537338256836,-17.5992388352134
834,8.34,-3.165479817580893,-15.707372414888537,6.032676699002227,-88.07369118437578,-12.774808278024558,-7.339098841398308,2200.0,20.0,20.0,107.34640312194824,-17.550369304249436
835,8.35,-3.170914055510287,-15.732161257039273,5.96659123145895,-86.0934427891056,-8.390946104736159,-7.544341676084261,2200.0,20.0,20.0,107.33743286132812,-17.500081048582445
836,8.36,-3.1761928262930006,-15.75568165864006,5.9005920868222415,-84.13527612205333,-4.015461174078443,-7.446099938373509,2200.0,20.0,20.0,107.32846260070801,-17.448747271479274
837,8.370000000000001,-3.181315243791535,-15.77793747265473,5.834723495709602,-82.16442505543759,0.33612541121471384,-7.048602667694369,2200.0,20.0,20.0,107.31949234008789,-17.396725050365276
838,8.38,-3.1862806126148877,-15.79893407332522,5.769029524793995,-80.14708514161673,4.647986965860077,-6.349812649594948,2200.0,20.0,20.0,107.31052207946777,-17.34435416133762
839,8.39,-3.1910884295794593,-15.818678349019086,5.7035540243216305,-78.04935509554682,8.903433856695553,-5.341740007849796,2200.0,20.0,20.0,107.30155181884766,-17.291955822556385
840,8.4,-3.1957383848956975,-15.83717869333603,5.63834057595189,-75.83632773495482,13.084346826198562,-4.010610251478679,2200.0,20.0,20.0,107.29258155822754,-17.239831389671547
841,8.41,-3.2002303630762268,-15.854444994490485,5.573432440973186,-73.47135130791294,17.17057864535297,-2.336971358278632,2200.0,20.0,20.0,107.28361129760742,-17.188261035567177
842,8.42,-3.2045644435617144,-15.870488622988285,5.508872508947465,-70.91553060444957,21.139311252542573,-0.2958598390864376,2200.0,20.0,20.0,107.2746410369873,-17.137502445541053
843,8.43,-3.2087409010612555,-15.885322417616514,5.4447032468350045,-68.12760746299747,24.964370970856496,2.1427951488039048,2200.0,20.0,20.0,107.26567077636719,-17.08778955760318
844,8.44,-3.2127602056046007,-15.8989606697665,5.3809666486501495,-65.06445749919845,28.61553102969262,5.0132622765057135,2200.0,20.0,20.0,107.25670051574707,-17.039331375909292
845,8.45,-3.2166230223041152,-15.911419106110788,5.317704185697712,-61.68256149003616,32.05787544255388,8.352211124830143,2200.0,20.0,20.0,107.24773025512695,-16.992310883417847
846,8.46,-3.220330210824935,-15.922714869655623,5.25495675743893,-57.94093028964263,35.25136850264909,12.195530832963035,2200.0,20.0,20.0,107.23875999450684,-16.946884077736293
847,8.47,-3.2238828245623696,-15.932866499191274,5.192764643035075,-53.806007164320974,38.15087176848968,16.573226378271496,2200.0,20.0,20.0,107.22978973388672,-16.903179151786347
848,8.48,-3.2272821095262163,-15.941893907163122,5.131167453616149,-49.25888923293129,40.706959969685684,21.502039873320946,2200.0,20.0,20.0,107.2208194732666,-16.861295838412747
849,8.49,-3.230529502932232,-15.949818355987198,5.07020408532146,-44.30457762173044,42.86795620485291,26.976078693690372,2200.0,20.0,20.0,107.21184921264648,-16.821304935408907
850,8.5,-3.2336266315016693,-15.956662432834465,5.009912673158374,-38.98171878767249,44.58353048461416,32.956981155578056,2200.0,20.0,20.0,107.20287895202637,-16.783248024642468
851,8.51,-3.2365753094703558,-15.96245002290884,4.950330545725052,-33.369658833035196,45.80985375982765,39.36679236971245,2200.0,20.0,20.0,107.19390869140625,-16.74713739611119
852,8.52,-3.239377536309479,-15.96720628124471,4.891494180842585,-27.58858251295809,46.51563124776018,46.087773912032574,2200.0,20.0,20.0,107.18493843078613,-16.712956184801456
853,8.53,-3.242035494160835,-15.970957603050403,4.833439162141658,-21.789584332780766,46.68757937101011,52.97229582652061,2200.0,20.0,20.0,107.17596817016602,-16.68065872527836
854,8.540000000000001,-3.2445515449899567,-15.973731592624928,4.776200136648529,-16.13539641623423,46.333582224200924,59.86208247704588,2200.0,20.0,20.0,107.1669979095459,-16.650171125962228
855,8.55,-3.2469282274611757,-15.975557030876205,4.7198107734149195,-10.777342392650981,45.482327680296315,66.61123921793526,2200.0,20.0,20.0,107.15802764892578,-16.621392062123594
856,8.56,-3.249168253539308,-15.976463841469906,4.664303723236183,-5.83628673887769,44.17953220397942,73.10528642340698,2200.0,20.0,20.0,107.14905738830566,-16.594193783781915
857,8.57,-3.251274504823287,-15.97648305563913,4.609710579501943,-1.3930256149215925,42.48211596139105,79.27075030055616,2200.0,20.0,20.0,107.14008712768555,-16.568423331949194
858,8.58,-3.253250028617716,-15.975646775686286,4.556061840223193,2.5113012685694476,40.452129408752306,85.07472561418582,2200.0,20.0,20.0,107.13111686706543,-16.543903954049107
859,8.59,-3.2550980336750213,-15.97398813722866,4.503386871284006,5.8680069292319725,38.15179661706186,90.51763208472032,2200.0,15.720145702362062,20.0,107.12214660644531,-16.52043708331749
860,8.6,-3.2568218855117195,-15.971541270319488,4.451713870813402,8.691094866435915,35.640234378148264,95.62338055782419,2200.0,5.613005757331848,20.0,107.1131763458252,-16.49780534770167
861,8.61,-3.258425101538242,-15.968341259608037,4.4010698342446615,11.008086753118718,32.97174779078814,100.43006640479297,2200.0,-2.746654450893402,20.0,107.10420608520508,-16.47577377454077
862,8.620000000000001,-3.2599113500532857,-15.964424103278375,4.351480521994138,12.852949150488103,30.195314992763866,104.98265733165236,2200.0,-10.121583938598633,20.0,107.09523582458496,-16.454071441544396
863,8.63,-3.2612844217494947,-15.959826669093497,4.302970430969863,14.261084317637152,27.354879857076323,109.32792881600238,2200.0,-16.699724197387695,20.0,107.08626556396484,-16.43245521372849
864,8.64,-3.262548249033303,-15.954586648457923,4.255562770223154,15.266472361599149,24.489995405091182,113.51135915196758,2200.0,-20.0,20.0,107.07729530334473,-16.410601536600403
865,8.65,-3.263706860547205,-15.94874250907268,4.2092794304209855,15.900122165300928,21.636580860221223,117.57542410234902,2200.0,-20.0,20.0,107.06832504272461,-16.388237814038135
866,8.66,-3.264764393593882,-15.942333447492251,4.164140958160908,16.18972611305236,18.827650633212755,121.55870070464888,2200.0,-20.0,20.0,107.05935478210449,-16.365068831775446
867,8.67,-3.265725085012848,-15.935399342542464,4.120166527904571,16.15985778718024,16.09396069470523,125.49546044049987,2200.0,-20.0,20.0,107.05038452148438,-16.34079429581409
868,8.68,-3.2665932664010673,-15.927980707229771,4.077373917040506,15.832520287398275,13.464528051080638,129.41550835364959,2200.0,-20.0,20.0,107.04141426086426,-16.31511103559524
869,8.69,-3.2673733593552714,-15.920118639690337,4.035779483191094,15.22789591797031,10.967001463206365,133.3441096359843,2200.0,-20.0,20.0,107.03244400024414,-16.287715759233926
870,8.700000000000001,-3.2680698706165483,-15.911854773242808,3.9953981437822303,14.365199799697704,8.627874939247539,137.3019189985039,2200.0,-20.0,20.0,107.02347373962402,-16.258307710195876
871,8.71,-3.2686873870865405,-15.903231225688351,3.9562433577047194,13.263568104025563,6.472542152588757,141.3048813479221,2200.0,-20.0,20.0,107.0145034790039,-16.2265912064791
872,8.72,-3.2692305707259726,-15.894290547973464,3.918327108954928,11.942922127634516,4.52519478169945,145.36411182732937,2200.0,-20.0,20.0,107.00553321838379,-16.19227806304981
873,8.73,-3.269704153356977,-15.88507567231048,3.881659892197143,10.424749007145056,2.8085739231170064,149.48579313951285,2200.0,-20.0,20.0,106.99656295776367,-16.15508990296896
874,8.74,-3.2701129313903725,-15.875629859838211,3.846250700227562,8.732735292622497,1.3435926699358507,153.67114920830358,2200.0,-20.0,20.0,106.98759269714355,-16.11476036177515
875,8.75,-3.2704617604958095,-15.865996647898898,3.8121070133402926,6.893187714446961,0.1488597027774926,157.91656494019782,2200.0,-20.0,20.0,106.97862243652344,-16.071037187281053
876,8.76,-3.270755550229533,-15.856219797005098,3.779234790603567,4.935182657407631,-0.7598531457155365,162.21391902058798,2200.0,-20.0,20.0,106.96965217590332,-16.079450407996262
877,8.77,-3.2709992586322603,-15.846343237569434,3.7476384630546637,2.8904065689553793,-1.3701447290961037,166.55117784037205,2200.0,-20.0,20.0,106.9606819152832,-16.124552164158384
878,8.78,-3.271197886808075,-15.836411016470107,3.7173209288187232,0.7926844573413272,-1.6734586090634813,170.91326430697197,2200.0,-20.0,20.0,106.95171165466309,-16.167462654953038
879,8.790000000000001,-3.2713564734940492,-15.826467243525034,3.6882835501522453,-1.3227617418860163,-1.6654378667330116,175.28317066593067,2200.0,-20.0,20.0,106.94274139404297,-16.20810649915413
880,8.8,-3.2714800896292884,-15.816556037947286,3.660526152407825,-3.4202382882422255,-1.34611329441817,179.64323939596312,2200.0,-20.0,20.0,106.93377113342285,-16.24644739070009
881,8.81,-3.2715738329310646,-15.806721474854083,3.6340470249129684,-5.464568261616547,-0.7198987729740968,-176.0234972748933,2200.0,-20.0,20.0,106.92480087280273,-16.28248720637435
882,8.82,-3.27164282248473,-15.79700753190083,3.6088429237526607,-7.422011641402506,0.20460568085551006,-171.7320407808635,2200.0,-20.0,20.0,106.91583061218262,-16.31626480162524
883,8.83,-3.271692193353143,-15.787458036110854,3.5849090764425338,-9.260997705992652,1.414976138803122,-167.494321047137,2200.0,-20.0,20.0,106.9068603515625,-16.347854518355327
884,8.84,-3.271727091210455,-15.778116610970379,3.5622391884768327,-10.952584531811175,2.895444265228061,-163.31833701643185,2200.0,-20.0,20.0,106.89789009094238,-16.37736442966287
885,8.85,-3.2717526670043013,-15.769026623857044,3.54082545173287,-12.470605357889893,4.627434486384805,-159.2075718178762,2200.0,-20.0,20.0,106.88891983032227,-16.404934347712853
886,8.86,-3.2717740716497237,-15.760231133868842,3.5206585547111695,-13.791505887428796,6.590097724751569,-155.16066702263726,2200.0,-20.0,20.0,106.87994956970215,-16.430733622376945
887,8.870000000000001,-3.2717964507575275,-15.751772840118798,3.501727694588117,-14.893910914161676,8.760787429820878,-151.17130646224828,2200.0,-20.0,20.0,106.87097930908203,-16.454958760296186
888,8.88,-3.2718249393992243,-15.743694030558995,3.4840205910556388,-15.757978664723264,11.115435401859536,-147.22824166060082,2200.0,-20.0,20.0,106.86200904846191,-16.477830897070586
889,8.89,-3.2718646569102376,-15.736036531395797,3.467523501920236,-16.364607792183197,13.628797999569837,-143.3153883839346,2200.0,-20.0,20.0,106.8530387878418,-16.49959316012341
890,8.9,-3.2719207017326335,-15.728841657156146,3.452221240431682,-16.69455962217509,16.274554963993396,-139.4119345698943,2200.0,-20.0,20.0,106.84406852722168,-16.520507967876572
891,8.91,-3.2719981462982775,-15.722150161462878,3.4380971943097953,-16.72755348211821,19.025251832090582,-135.49242082311898,2200.0,-20.0,20.0,106.83509826660156,-16.5408543248621
892,8.92,-3.272102031953032,-15.716002188575002,3.425133346436003,-16.4413927096997,21.852082714415463,-131.5267840707547,2200.0,-20.0,20.0,106.82612800598145,-16.56092519765089
893,8.93,-3.2722373639223363,-15.710437225746762,3.413310297174847,-15.81119030965912,24.724514329070935,-127.48039386413697,2200.0,-20.0,20.0,106.81715774536133,-16.581025104050877
894,8.94,-3.272409106318335,-15.705494056457278,3.4026072882892255,-14.808793568487605,27.60975714098375,-123.31416334238952,2200.0,-20.0,20.0,106.80818748474121,-16.6014681418772
895,8.950000000000001,-3.272622177188552,-15.701210714560496,3.3930022284119334,-13.402563918787415,30.47209925102128,-118.9848897718425,2200.0,-20.0,20.0,106.7992172241211,-16.622576878444598
896,8.96,-3.2728814436060163,-15.697624439403096,3.384471720035014,-11.557758295417612,33.27213922341552,-114.44607965026843,2200.0,-20.0,20.0,106.79024696350098,-16.644682949578282
897,8.97,-3.2731917168006786,-15.69477163195601,3.3769910879775287,-9.237880069176635,35.96599342682251,-109.6496406954356,2200.0,-20.0,20.0,106.78127670288086,-16.668131211881082
898,8.98,-3.2735577473319637,-15.692687812003221,3.3705344092915714,-6.407498274392867,38.50462096948146,-104.54895582283528,2200.0,-20.0,20.0,106.77230644226074,-16.693291736796965
899,8.99,-3.2739842203023257,-15.691407576429645,3.365074544565721,-3.03710120958625,40.83351068582387,-99.10392157284076,2200.0,-20.0,20.0,106.76333618164062,-16.720590106644657
900,9.0,-3.2744757506117637,-15.69096455864799,3.3605831705845803,0.8895998771202832,42.89309995162555,-93.28838182874101,2200.0,-20.0,20.0,106.75436592102051,-16.750580626964815
901,9.01,-3.2750368782533816,-15.691391389202785,3.3570308143026395,5.366109342161755,44.62039695433672,-87.09977778992418,2200.0,-20.0,20.0,106.74539566040039,-16.784098394023463
902,9.02,-3.275672063650235,-15.692719657588084,3.3543868880903407,10.352792451787533,45.952249541179796,-80.56956097432996,2200.0,-20.0,20.0,106.73642539978027,-16.82236767367971
903,9.03,-3.2763856830339275,-15.694979875313729,3.352619726209951,15.76895887158876,46.83039347918663,-73.77114719405026,2200.0,-20.0,20.0,106.72745513916016,-16.866361528577116
904,9.040000000000001,-3.277182023865659,-15.698201440253637,3.3516966224786398,21.49189091290858,47.20773575853874,-66.82091263084784,2200.0,-20.0,20.0,106.71848487854004,-16.91578877830264
905,9.05,-3.2780652803007126,-15.702412602308097,3.3515838690759683,27.366426014071227,47.05446820372999,-59.86862884593813,2200.0,-20.0,20.0,106.70951461791992,-16.96980985031945
906,9.06,-3.2790395486976847,-15.707640430410866,3.3522467964528504,33.224716439257755,46.36210530367829,-53.07771897155976,2200.0,-20.0,20.0,106.7005443572998,-17.02791754748203
907,9.07,-3.2801088231741184,-15.713910780910528,3.3536498142988997,38.91049197305898,45.143967344050665,-46.601013751507246,2200.0,-20.0,20.0,106.69157409667969,-17.08991879958302
908,9.08,-3.281276991210563,-15.721248267354587,3.3557564535249225,44.2994910652412,43.43195199309709,-40.56034591619577,2200.0,-20.0,20.0,106.68260383605957,-17.15576277980133
909,9.09,-3.2825478293054986,-15.729676231703623,3.358529409217157,49.310002390721586,41.270847684412736,-35.036044626633576,2200.0,-20.0,20.0,106.67363357543945,-17.225448358012983
910,9.1,-3.2839249986087884,-15.739216716948292,3.361930584653683,53.90269014681894,38.712057874164145,-30.067157923036742,2200.0,-12.56873369216919,20.0,106.66466331481934,-17.298982330698585
911,9.11,-3.2854120404856735,-15.749890442086379,3.3659211370933564,58.07306333732758,35.80825162228558,-25.65902645063195,2200.0,5.619982481002807,20.0,106.65569305419922,-17.376357816106182
912,9.120000000000001,-3.287012369505545,-15.761716784567982,3.3704615298897447,61.84101509670604,32.60963647189459,-21.793633104361625,2200.0,20.0,20.0,106.6467227935791,-17.457532870809107
913,9.13,-3.288729288120555,-15.774713792876849,3.3755115766692265,65.2410260794871,29.162022706151042,-18.43935163311861,2200.0,20.0,20.0,106.63775253295898,-17.54248322475687
914,9.14,-3.2905659461152625,-15.78889814706748,3.381030523379063,68.31519306804684,25.505989055239905,-15.558625311285054,2200.0,20.0,20.0,106.62878227233887,-17.631102149253266
915,9.15,-3.292525345741149,-15.804285131776252,3.3869770786195454,71.10825578935916,21.676801592782112,-13.113274231830932,2200.0,20.0,20.0,106.61981201171875,-17.72334576159533
916,9.16,-3.294610336875812,-15.820888611124074,3.393309465454156,73.664443896233,17.704862320298226,-11.06774862179117,2200.0,20.0,20.0,106.61084175109863,-17.819109156438138
917,9.17,-3.2968236161993296,-15.838720997937427,3.3999854637396663,76.02589292944418,13.61639955844257,-9.390908140104246,2200.0,20.0,20.0,106.60187149047852,-17.91825912845853
918,9.18,-3.299167727312463,-15.857793238286613,3.406962458585724,78.23212449433044,9.434202286955284,-8.056886637851644,2200.0,20.0,20.0,106.5929012298584,-18.02063783652562
919,9.19,-3.301645060579512,-15.878114800365912,3.4141974896461567,80.32017584403063,5.178328057103454,-7.045446048333239,2200.0,20.0,20.0,106.58393096923828,-18.126065600885433
920,9.200000000000001,-3.304257852334204,-15.899693666153656,3.421647301068511,82.32512005489652,0.8667583515493549,-6.342095231743858,2200.0,20.0,20.0,106.57496070861816,-18.234343343564323
921,9.21,-3.30700818358517,-15.922536324932292,3.4292683918612203,84.28082391889032,-3.4839985167956,-5.938152234966349,2200.0,20.0,20.0,106.56599044799805,-18.34525489116478
922,9.22,-3.3098979784458775,-15.946647768263915,3.437017066569878,86.22086612022122,-7.858341675019284,-5.830867313782953,2200.0,20.0,20.0,106.55702018737793,-18.458569030027
923,9.23,-3.312929002478897,-15.972031486198414,3.444849486111452,88.17959235250551,-12.241026418626126,-6.023689560285319,2200.0,20.0,20.0,106.54804992675781,-18.574041463144916
924,9.24,-3.3161028610530527,-15.998689464791653,3.4527217187634918,90.19331828067094,-16.616598316785197,-6.5267409738512905,2200.0,20.0,20.0,106.5390796661377,-18.691416861950657
925,9.25,-3.31942099779088,-16.026622184998917,3.4605897912386974,92.3017124674485,-20.968776916501326,-7.357552234959739,2200.0,20.0,20.0,106.53010940551758,-18.810430953229982
926,9.26,-3.322884693143646,-16.055828623022485,3.468409739787991,94.5494008835905,-25.27974506815882,-8.542106846322477,2200.0,20.0,20.0,106.52113914489746,-18.930812633305827
927,9.27,-3.326495063110151,-16.086306252183782,3.4761376612761596,96.98782622364288,-29.529289445645947,-10.11622311576377,2200.0,20.0,20.0,106.51216888427734,-19.052286089357366
928,9.28,-3.3302530581034677,-16.118051046372255,3.4837297641748086,99.67735191845989,-33.693725730795045,-12.127256127824243,2200.0,20.0,20.0,106.50319862365723,-19.174572901014454
929,9.290000000000001,-3.334159461963824,-16.151057485104204,3.4911424194184026,102.68948538494347,-37.74453177093793,-14.635985156545827,2200.0,20.0,20.0,106.49422836303711,-19.29739409303021
930,9.3,-3.338214891113581,-16.18531856020948,3.4983322110703154,106.10883568407145,-41.6466143804798,-17.7182926447635,2200.0,20.0,20.0,106.48525810241699,-19.420472110292202
931,9.31,-3.3424197938499605,-16.22082578415331,3.5052559867469597,110.03389327066392,-45.3561761114932,-21.465714088808554,2200.0,20.0,20.0,106.47628784179688,-19.543532688366437
932,9.32,-3.346774449771755,-16.257569199993632,3.511870907748959,114.57475357116286,-48.81828234129725,-25.982973175535083,2200.0,20.0,20.0,106.46731758117676,-19.666306595280986
933,9.33,-3.351278969337076,-16.295537392970438,3.518134498849001,119.8444054474289,-51.96455621671655,-31.379116832375477,2200.0,20.0,20.0,106.45834732055664,-19.788531222826144
934,9.34,-3.3559332935500996,-16.334717503720782,3.5240046976864416,125.93860610719067,-54.71207909027826,-37.747266272381005,2200.0,20.0,20.0,106.44937705993652,-19.90995200811325
935,9.35,-3.360737193775552,-16.37509524311163,3.5294399037190662,132.8996861488579,-56.96556305180974,-45.128323036890684,2200.0,20.0,20.0,106.4404067993164,-20.03032366844432
936,9.36,-3.3656902716804327,-16.41665490868101,3.5343990266826064,140.66643169329,-58.6256670867071,-53.46077295097532,2200.0,20.0,20.0,106.43143653869629,-20.14941123478957
937,9.370000000000001,-3.37079195930315,-16.459379402676515,3.5388415345087894,149.02943417221027,-59.60535597016523,-62.535975018882056,2200.0,20.0,20.0,106.42246627807617,-20.266990871401557
938,9.38,-3.3760415192508857,-16.50325025167882,3.5427275006527985,157.62990478122674,-59.85155812988811,-71.99692906570866,2200.0,20.0,20.0,106.41349601745605,-20.38285047137385
939,9.39,-3.3814380450265875,-16.548247627796304,3.5460176507810925,166.02997152547866,-59.362647337986175,-81.40853703633141,2200.0,20.0,20.0,106.40452575683594,-20.496790020269763
940,9.4,-3.38698046148756,-16.594350371415402,3.5486734087705285,173.82945116869178,-58.19093048131238,-90.37434726945742,2200.0,20.0,20.0,106.39555549621582,-20.60862172230894
941,9.41,-3.392667525438123,-16.641536015489883,3.5506569419697116,-179.24058614808723,-56.42825022913117,-98.63009637470826,2200.0,20.0,20.0,106.3865852355957,-20.718169885972856
942,9.42,-3.398497826359266,-16.689780811350538,3.5519312056734,-173.29408860266267,-54.18386356621928,-106.06741626153838,2200.0,20.0,20.0,106.37761497497559,-20.825270568247525
943,9.43,-3.4044697872786376,-16.739059756015415,3.5524599867606894,-168.3236761812926,-51.5656348492009,-112.70015684710661,2200.0,20.0,20.0,106.36864471435547,-20.929770979022898
944,9.44,-3.4105816657845565,-16.789346620978915,3.552207946447582,-164.25220677275598,-48.66942794045855,-118.61278889274669,2200.0,20.0,20.0,106.35967445373535,-21.031528649400286
945,9.450000000000001,-3.416831555188018,-16.84061398245649,3.55114066210444,-160.97500375002846,-45.575680729565214,-123.91813237025274,2200.0,20.0,20.0,106.35070419311523,-21.130410369784233
946,9.46,-3.4232173858369075,-16.89283325305988,3.549224668088717,-158.3854884966688,-42.350148059000965,-128.7316599747533,2200.0,20.0,20.0,106.34173393249512,-21.22629090563153
947,9.47,-3.4297369265868087,-16.94597471487595,3.5464274955433597,-156.38744166944053,-39.04633072039467,-133.15914364263452,2200.0,20.0,20.0,106.332763671875,-21.319051500591133
948,9.48,-3.436387786432885,-17.000007553920216,3.5427177111112584,-154.89915946218485,-35.708197075956484,-137.29236788481356,2200.0,20.0,20.0,106.32379341125488,-21.408578178461443
949,9.49,-3.443167416307383,-17.054899895934195,3.538064954516268,-153.85351176999137,-32.3726041741414,-141.20889151633293,2200.0,20.0,20.0,106.31482315063477,-21.494759856924418
950,9.5,-3.450073111047284,-17.110618843493487,3.532439974961505,-153.19626720692509,-29.07125027707832,-144.9734799241769,2200.0,20.0,20.0,106.30585289001465,-21.57748628736025
951,9.51,-3.4571020115365503,-17.167130514391367,3.5258146662959704,-152.88388705836232,-25.832171142359268,-148.63999208406986,2200.0,20.0,20.0,106.29688262939453,-21.65664583621703
952,9.52,-3.464251107027285,-17.22440008126038,3.5181621009009807,-152.8813237621343,-22.680849338446716,-152.25317335088698,2200.0,20.0,20.0,106.28791236877441,-21.73212312441422
953,9.53,-3.4715172376439267,-17.28239181239209,3.509456562248492,-153.16002100902378,-19.64101045384378,-155.85014575629071,2200.0,20.0,20.0,106.2789421081543,-21.803796542064703
954,9.540000000000001,-3.4788970970743347,-17.341069113712738,3.499673576084153,-153.6961575270332,-16.735166726331126,-159.46154758238106,2200.0,20.0,20.0,106.26997184753418,-21.871535656489367
955,9.55,-3.4863872354513212,-17.40039457187032,3.4887899401888247,-154.4691157327268,-13.98495208263435,-163.11234367239183,2200.0,20.0,20.0,106.26100158691406,-21.935198532014947
956,9.56,-3.4939840624278107,-17.460329998385863,3.4767837526733834,-155.46014140439763,-11.411278457933786,-166.8223564178155,2200.0,20.0,20.0,106.25203132629395,-21.994628980486045
957,9.57,-3.5016838504483796,-17.520836474819685,3.4636344387628952,-156.65116697832352,-9.034333442212917,-170.60657927522843,2200.0,20.0,20.0,106.24306106567383,-22.049653761751156
958,9.58,-3.5094827382194773,-17.581874398900606,3.4493227760276803,-158.0237868811255,-6.873434287576547,-174.4753412708252,2200.0,20.0,20.0,106.23409080505371,-22.100079753696093
959,9.59,-3.5173767343800746,-17.643403531564037,3.4338309180204134,-159.5583919248415,-4.946753104119218,-178.43439621726375,2200.0,20.0,20.0,106.2251205444336,-22.145691111711614
960,9.6,-3.525361721373966,-17.70538304484241,3.4171424162802273,-161.2334866498187,-3.2709322963419125,177.51498587832276,2200.0,20.0,20.0,106.21615028381348,-22.18624643781738
961,9.61,-3.5334334595243115,-17.76777157054923,3.3992422406667693,-163.02522450021664,-1.8606170326397378,173.37584804770864,2200.0,20.0,20.0,106.20718002319336,-22.22147598014578
962,9.620000000000001,-3.5415875913103902,-17.830527249695834,3.3801167979893556,-164.9071970304913,-0.7279411259160375,169.1552269593104,2200.0,20.0,20.0,106.19820976257324,-22.251078884092678
963,9.63,-3.549819645845859,-17.893607782578044,3.359753948898701,-166.85050224994407,0.11798833867817704,164.8636339700286,2200.0,20.0,20.0,106.18923950195312,-22.274720517276766
964,9.64,-3.5581250435571095,-17.956970479467817,3.33814302301125,-168.82409347669508,0.6715569310073537,160.514315143208,2200.0,20.0,20.0,106.18026924133301,-22.292029891557615
965,9.65,-3.5664991010596228,-18.020572311843377,3.3152748322387895,-170.79537708979532,0.9310096467910723,156.12230618785736,2200.0,20.0,20.0,106.17129898071289,-22.30259720678934
966,9.66,-3.574937036229452,-18.08436996408963,3.2911416822988775,-172.7309924284488,0.8986777248701608,151.7033369878853,2200.0,20.0,20.0,106.16232872009277,-22.305971542814284
967,9.67,-3.5834339734662635,-18.148319885599243,3.2657373823845703,-174.59767896572413,0.5810411480531299,147.27267150864478,2200.0,20.0,20.0,106.15335845947266,-22.30165872843034
968,9.68,-3.591984949143578,-18.212378343203543,3.239057252975035,-176.36312306262943,-0.011376195489584002,142.84398440157057,2200.0,20.0,20.0,106.14438819885254,-22.289119418784377
969,9.69,-3.600584917241141,-18.276501473861273,3.2110981317718243,-177.99668335830788,-0.8642596668944855,138.42837159964515,2200.0,20.0,20.0,106.13541793823242,-22.41674851724953
970,9.700000000000001,-3.6092287551535778,-18.340645337532482,3.1818583777488714,-179.46991875100483,-1.9598680612116444,134.03357035137878,2200.0,20.0,20.0,106.1264476776123,-22.5443436085508
971,9.71,-3.617911269668775,-18.40476597016408,3.1513378733076403,179.2431204719447,-3.277460423916692,129.66343129915487,2200.0,20.0,20.0,106.11747741699219,-22.664960158372722
972,9.72,-3.626627203108707,-18.46881943671324,3.1195380245322655,178.16583829244982,-4.793734472018865,125.31765062764151,2200.0,20.0,20.0,106.10850715637207,-22.77877518672788
973,9.73,-3.6353712396247184,-18.53276188413465,3.08646175954298,177.31924085000225,-6.483230672859023,120.99174244880527,2200.0,20.0,20.0,106.09953689575195,-22.885963209902773
974,9.74,-3.644138011638621,-18.596549594257507,3.0521135249496,176.72222719704507,-8.318666619516343,116.67721577178442,2200.0,20.0,20.0,106.09056663513184,-22.986694743611366
975,9.75,-3.6529221064202897,-18.660139036478576,3.0164992804102955,176.39194926239995,-10.271179801442097,112.3619181127657,2200.0,20.0,20.0,106.08159637451172,-23.081135237133243
976,9.76,-3.6617180727918557,-18.723486920197992,2.979626491304336,176.34416141120573,-12.310471029569463,108.03051739874006,2200.0,20.0,20.0,106.0726261138916,-23.169444410288282
977,9.77,-3.6705204282176616,-18.786550247057942,2.9415041194848253,176.59348333785505,-14.404851952242325,103.6651137562911,2200.0,9.530903697013855,20.0,106.06365585327148,-23.251773788497434
978,9.78,-3.679323666062736,-18.849286362233922,2.9021426107440202,177.15352143513584,-16.52120111506049,99.24599706484103,2200.0,-3.4026044607162476,20.0,106.05468559265137,-23.328265002734735
979,9.790000000000001,-3.6881222655824173,-18.91165300368094,2.861553876854533,178.03682560692795,-18.62486103589653,94.75260273924118,2200.0,-15.618932247161863,20.0,106.04571533203125,-23.399043003340932
980,9.8,-3.696910685036393,-18.97360835263865,2.819751274919915,179.2544871110021,-20.679589879853538,90.16455999919616,2200.0,-20.0,20.0,106.03674507141113,-23.464280527840714
981,9.81,-3.7056834120547486,-19.03511108814511,2.7767495983885264,-179.18514586543267,-22.647584493588383,85.46314861756262,2200.0,-20.0,20.0,106.02777481079102,-23.524104355858476
982,9.82,-3.7144349567638897,-19.096120437703572,2.73256506501643,-177.27782691592213,-24.489607240208066,80.63310450424026,2200.0,-20.0,20.0,106.0188045501709,-23.578648338852812
983,9.83,-3.7231598676352027,-19.156596224035443,2.6872153013948403,-175.02503718544253,-26.165342970620955,75.66470801495232,2200.0,-20.0,20.0,106.00983428955078,-23.62803663645615
984,9.84,-3.731852736935912,-19.216498912806394,2.6407193226536956,-172.4358918018883,-27.63406937981009,70.55603442645867,2200.0,-20.0,20.0,106.00086402893066,-23.672393642312514
985,9.85,-3.740508206637459,-19.275789658357656,2.5930975084635737,-169.52910587932377,-28.855686418043298,65.31515299750909,2200.0,-20.0,20.0,105.99189376831055,-23.711844754511713
986,9.86,-3.7491223186659215,-19.334450139076235,2.5444039129508957,-166.33460072900377,-29.792133760841466,59.96187410669948,2078.611328125,-20.0,20.0,105.98341846466064,-23.72372539410054
987,9.870000000000001,-3.757693438056139,-19.392493982689555,2.4947391513446564,-162.89419393587863,-30.40910749266795,54.528540746607405,1902.7047119140625,-20.0,20.0,105.97566032409668,-23.722701202431967
988,9.88,-3.7662198828188664,-19.449929860636768,2.444186820055648,-159.26086128789257,-30.677876877647225,49.05939369654261,1840.2869873046875,-20.0,20.0,105.9681568145752,-23.741360157448494
989,9.89,-3.774698644818302,-19.50674450847438,2.392791013725064,-155.49634734218233,-30.57698404039864,43.60823614772408,1812.727294921875,-20.0,20.0,105.96076536178589,-23.76370566571791
990,9.9,-3.7831273273187835,-19.56293084342381,2.3406000705557006,-151.66724359286152,-30.093531120857957,38.23451668306077,1731.49072265625,-20.0,20.0,105.95370531082153,-23.773154992679103
991,9.91,-3.791506590823905,-19.618517580158613,2.28770077361741,-147.8400880795617,-29.223762762984038,32.99842976730137,1539.7266845703125,-20.0,20.0,105.94742727279663,-23.760734668627897
992,9.92,-3.7998416873179655,-19.673584580312724,2.234227716313995,-144.07639679055092,-27.972812951145656,27.955956126270234,1238.751953125,-20.0,20.0,105.94237613677979,-23.729483339177975
993,9.93,-3.8081418985354207,-19.728252795477378,2.180343145344488,-140.42856250338423,-26.353672206868772,23.1547869098894,895.3889770507812,-20.0,20.0,105.93872499465942,-23.694515582302166
994,9.94,-3.8164183176791076,-19.782656798580806,2.1262036568493095,-136.93726829115022,-24.3855975102338,18.63177638177017,578.8675537109375,-20.0,20.0,105.93636465072632,-23.670029723826485
995,9.950000000000001,-3.8246821233502253,-19.836925374737984,2.0719416789049445,-133.63060511225822,-22.09227071108411,14.412101571485477,303.7606506347656,-20.0,20.0,105.93512630462646,-23.658840869476865
996,9.96,-3.832944358299125,-19.891180093504513,2.01766697910829,-130.52465685219107,-19.499990665829902,10.509892202981739,53.45549774169922,-20.0,20.0,105.93490839004517,-23.657763948932015
997,9.97,-3.8412119215231364,-19.945494615173786,1.96343898680696,-127.62505856126172,-16.636089180265724,6.929876739682333,0.0,-20.0,20.0,105.93490839004517,-23.69707804044679
998,9.98,-3.8494863911615202,-19.99988403327879,1.9092653396848036,-124.92902904637734,-13.5276978432394,3.669512219319663,0.0,-20.0,20.0,105.93490839004517,-23.746991497851816
999,9.99,-3.8577680831748653,-20.054350210047062,1.8551433410937612,-122.4274593853016,-10.200891883069259,0.7211699613326118,0.0,-20.0,20.0,105.93490839004517,-23.79693806189058
1000,10.0,-3.8660572899838406,-20.10889485731892,1.8010703071199603,-120.1067570324124,-6.680152337294978,-1.9258593096129548,0.0,-20.0,20.0,105.93490839004517,-23.847050446026337
1001,10.01,-3.8743542951158156,-20.16351959381197,1.747043495744636,-117.95031513082664,-2.9880900645327078,-4.28366921094437,0.0,-20.0,20.0,105.93490839004517,-23.89746795144358
1002,10.02,-3.882659372868354,-20.218225943200167,1.6930601100980829,-115.93957224573856,0.8546332425845697,-6.364373262379552,0.0,-20.0,20.0,105.93490839004517,-23.948334978365963
1003,10.03,-3.8909727879836593,-20.27301533230566,1.6391173017786893,-114.05467950486151,4.829247417711096,-8.179027490675686,0.0,-20.0,20.0,105.93490839004517,-23.99979942373273
1004,10.040000000000001,-3.899294795334375,-20.32788908940563,1.5852121742331113,-112.27481303803829,8.918726746827518,-9.73676231553838,0.0,-20.0,20.0,105.93490839004517,-24.05201098390524
1005,10.05,-3.907625639613495,-20.382848442656222,1.5313417861957734,-110.57816620946667,13.10758651037327,-11.044031045396771,0.0,-20.0,19.420442581176758,105.93490839004517,-24.105119401163577
1006,10.06,-3.9159655550404437,-20.437894518635513,1.4775031551785958,-108.94163649312033,17.38164308772162,-12.10387364675643,0.0,-20.0,18.504433631896973,105.93490839004517,-24.159272650962016
1007,10.07,-3.9243147651175776,-20.493028341006863,1.4236932609993376,-107.34018939694225,21.72774533722089,-12.91508210579744,0.0,-20.0,18.383350372314453,105.93490839004517,-24.2146149949543
1008,10.08,-3.93267348237516,-20.548250829300386,1.369909049370668,-105.74583520048157,26.133474324276992,-13.471128992339908,0.0,-20.0,19.02533531188965,105.93490839004517,-24.27128508377616
1009,10.09,-3.941041908077236,-20.60356279782138,1.3161474355400575,-104.12608589423492,30.58679720866611,-13.758671853158427,0.0,-20.0,20.0,105.93490839004517,-24.32941421768951
1010,10.1,-3.9494202319509424,-20.658964954690287,1.2624053079472242,-102.44165264842975,35.07564453418623,-13.755354522988071,0.0,-20.0,20.0,105.93490839004517,-24.38912462027349
1011,10.11,-3.9578086319728523,-20.71445790100422,1.2086795319062604,-100.64296665935666,39.58735473301799,-13.426461038006106,0.0,-20.0,20.0,105.93490839004517,-24.4505276656441
1012,10.120000000000001,-3.9662072742157464,-20.770042130117723,1.1549669533202962,-98.66479803976564,44.10788544425738,-12.719678750290525,0.0,-20.0,20.0,105.93490839004517,-24.51372205779335
1013,10.13,-3.974616312632286,-20.82571802705723,1.1012644024301785,-96.41769408929277,48.62061178633292,-11.556680501251698,0.0,-20.0,20.0,105.93490839004517,-24.578792325036385
1014,10.14,-3.98303588886592,-20.88148586806449,1.0475686975783594,-93.7739414700273,53.10437160915318,-9.819223098345011,0.0,-20.0,20.0,105.93490839004517,-24.645807408155704
1015,10.15,-3.9914661320794105,-20.937345820269194,0.993876648985161,-90.54389063593727,57.530091173378665,-7.325596187265578,0.0,-20.0,20.0,105.93490839004517,-24.714551486422717
1016,10.16,-3.9999071588002475,-20.993297941491022,0.940185062533855,-86.43524406130729,61.85463687038564,-3.7900208179279593,0.0,-20.0,20.0,105.93490839004517,-24.78328036243282
1017,10.17,-4.008359072782199,-21.0493421801712,0.8864907435606662,-80.9836093374814,66.0090861374501,1.2467021779554297,0.0,-20.0,20.0,105.93490839004517,-24.854117676274992
1018,10.18,-4.016821964880939,-21.105478375433723,0.8327905006442224,-73.44487728969679,69.87580114867154,8.524733988307979,0.0,-20.0,19.852852821350098,105.93490839004517,-24.92705830293202
1019,10.19,-4.02529591294381,-21.161706257275995,0.7790811493895017,-62.69612776575954,73.24550378610435,19.16422681345793,0.0,-20.0,19.37605857849121,105.93490839004517,-25.00207696388472
1020,10.200000000000001,-4.03378098173402,-21.218025446889726,0.7253595162213399,-47.48273733435416,75.75694120395326,34.418165199846975,0.0,-20.0,20.0,105.93490839004517,-25.079127875789865
1021,10.21,-4.042277222852684,-21.274435457109522,0.6716224421505037,-27.927839104604477,76.90913906453513,54.16286865034743,0.0,-20.0,20.0,105.93490839004517,-25.158144671005008
1022,10.22,-4.050784674636806,-21.330935692993357,0.6178667864870672,-7.572665848023362,76.3623774348982,74.85762358696925,0.0,-20.0,20.0,105.93490839004517,-25.239040655260332
1023,10.23,-4.059303362219745,-21.387525452524493,0.5640894306234387,9.14154557900697,74.3066886918155,92.06276565820343,0.0,-16.067054271697998,20.0,105.93490839004517,-25.32170891299078
1024,10.24,-4.067833297582183,-21.444203927446658,0.5102872817597668,21.02926977245104,71.24783394084201,104.59539219929052,0.0,-10.551869869232178,20.0,105.93490839004517,-25.40602269517274
1025,10.25,-4.076374479417185,-21.500970204240996,0.4564572765559137,29.129372963895587,67.61093885005835,113.49804859609074,0.0,-5.078890919685364,20.0,105.93490839004517,-25.49183658055211
1026,10.26,-4.084926893216139,-21.55782326519717,0.4025963847387256,34.67492787188233,63.65327279151038,120.00855722543409,0.0,0.21418750286102295,20.0,105.93490839004517,-25.578987309483626
1027,10.27,-4.093490508466976,-21.614761989635163,0.34870161179916,38.530264341967694,59.519530759540835,124.9970879718552,0.0,5.019277930259705,20.0,105.93490839004517,-25.667302487558224
1028,10.28,-4.10206528827602,-21.671785155014295,0.29477000545541315,41.23691792428966,55.29348427609644,129.012135659001,0.0,9.22973096370697,20.0,105.93490839004517,-25.75657708001269
1029,10.290000000000001,-4.0951536931481085,-21.720057299219476,0.27632713604539605,41.96979588374637,49.77553733866722,130.98594211598638,0.0,13.010051250457764,20.0,105.93490839004517,-24.82344800898241
1030,10.3,-4.090125204201778,-21.767283297991,0.2501618597797273,42.78958482373733,41.69721578552086,132.34201050064053,1378.1719970703125,-1.346622109413147,20.0,105.92928886413574,-24.906256349904627
1031,10.31,-4.072755524943503,-21.801089439076456,0.2625655790270843,43.107178509721614,36.380548556324655,133.0118924655802,2200.0,-5.485377907752991,20.0,105.92031860351562,-23.906863280102247
1032,10.32,-4.058156891246195,-21.825579398081487,0.2797179917601424,42.15553181030354,33.896941900010624,131.6697638875895,2005.2552490234375,8.032922148704529,20.0,105.91214227676392,-23.5560101719438
1033,10.33,-4.0432994567666105,-21.847994822946664,0.2982098294849501,40.82366271458122,32.49994661510281,129.18272086819087,1706.099853515625,15.762243270874023,20.0,105.90518569946289,-23.47805875825528
1034,10.34,-4.0278391620842,-21.869789938095792,0.31696190858671763,39.44534421019338,31.00966261465139,126.7370516002715,1642.3358154296875,16.97683572769165,20.0,105.89848899841309,-23.462933370296028
1035,10.35,-4.012230571780287,-21.89129163796126,0.3360634257611608,38.05904522978974,29.432444485408276,124.34724742624087,1538.9547119140625,19.821937084197998,20.0,105.89221382141113,-23.435670535409105
1036,10.36,-3.9963966038631455,-21.912275914228406,0.3556958553272084,36.70373479140154,27.777013632401044,122.0219026671868,1463.9974365234375,20.0,20.0,105.88624429702759,-23.414406219736215
1037,10.370000000000001,-3.980337015892253,-21.932796559641332,0.3758465058833621,35.40802433035041,26.052034342881875,119.76467892790792,1396.62890625,20.0,20.0,105.88054943084717,-23.39515250177783
1038,10.38,-3.96405279615986,-21.95290355567466,0.39650271985457286,34.19083993010486,24.265841667315993,117.57561532900958,1337.0032958984375,20.0,20.0,105.87509775161743,-23.378161352552475
1039,10.39,-3.9475454931591547,-21.972642600454808,0.4176526011189868,33.063558725227445,22.42621054448829,115.45233853013366,1284.859619140625,20.0,20.0,105.86985874176025,-23.36356322307211
1040,10.4,-3.9308167846782425,-21.99205524475821,0.43928538164764813,32.03234532526549,20.5401845401076,113.39101514221842,1239.535400390625,20.0,20.0,105.86480474472046,-23.351352548622508
1041,10.41,-3.913868336589294,-22.011179423249903,0.46139134001595633,31.09994482939768,18.614023032986314,111.38690108889745,1199.6932373046875,20.0,20.0,105.85991287231445,-23.341362346027378
1042,10.42,-3.896701960578456,-22.03005023409609,0.48396119785458835,30.266968648501457,16.653249500982046,109.43470515391998,1163.1514892578125,20.0,20.0,105.85517024993896,-23.33324190086858
1043,10.43,-3.8793200557735807,-22.04870078850437,0.5069850228852795,29.532805369583023,14.662761389230527,107.52884532028213,1127.1024169921875,20.0,20.0,105.8505744934082,-23.326499439509817
1044,10.44,-3.861726218703889,-22.067162893383056,0.5304508714594419,28.896225973714895,12.646953920623591,105.6636101026589,1088.7708740234375,20.0,20.0,105.84613513946533,-23.32062886992647
1045,10.450000000000001,-3.843925825393351,-22.085467364579333,0.5543435626355991,28.355762528783643,10.609828228038417,103.83325425278676,1046.158935546875,20.0,20.0,105.84186935424805,-23.31525089076063
1046,10.46,-3.82592641006868,-22.103643916112375,0.5786439259628867,27.9099416877108,8.555079874269778,102.0320526785605,998.4076538085938,20.0,20.0,105.83779859542847,-23.31017878146338
1047,10.47,-3.8077377836705995,-22.121720739262802,0.6033286115665552,27.55743006696914,6.486172536863928,100.25432736886708,945.5711059570312,20.0,20.0,105.83394289016724,-23.305371404708
1048,10.48,-3.7893719956278824,-22.139723968447047,0.6283702286838274,27.297127247343692,4.406400001509418,98.49445651858166,887.855224609375,20.0,20.0,105.83032274246216,-23.300783995919
1049,10.49,-3.77084335589245,-22.157677183338237,0.6537373649435315,27.12822697350045,2.318938674707144,96.74687082623024,824.7155151367188,20.0,20.0,105.82696008682251,-23.296188047810357
1050,10.5,-3.7521687013782756,-22.17560094854659,0.6793941254874226,27.050257502860998,0.2268930270023625,95.00604040316337,754.4775390625,20.0,20.0,105.82388353347778,-23.291088580990273
1051,10.51,-3.7333678721083485,-22.193512261214867,0.7052992780616623,27.06310826869742,-1.8666665392098702,93.26645533584175,675.0379638671875,20.0,20.0,105.82113122940063,-23.28485336683094
1052,10.52,-3.714464062342628,-22.211423804021926,0.7314056717876932,27.16704778502906,-3.9586724785662573,91.522601831507,585.5242309570312,20.0,20.0,105.81874370574951,-23.277041861962548
1053,10.53,-3.6954835577448284,-22.22934311447881,0.7576608682989658,27.362736684527956,-6.046033791719909,89.76893596312222,487.96295166015625,20.0,20.0,105.81675386428833,-23.26775962757875
1054,10.540000000000001,-3.676454547130318,-22.247272026277944,0.7840095418527167,27.65123858381137,-8.125612575925206,87.99985716924209,387.6750793457031,20.0,20.0,105.81517314910889,-23.25778359908361
1055,10.55,-3.6574051315004996,-22.26520678607512,0.8103973492394775,28.034028202638602,-10.19419947398811,86.20968152036211,292.0357971191406,20.0,20.0,105.81398248672485,-23.248370072296446
1056,10.56,-3.6383610314235724,-22.283139031014205,0.8367752651588849,28.51299604433376,-12.248486259619495,84.3926160586065,208.4203338623047,20.0,20.0,105.81313276290894,-23.2408894368715
1057,10.57,-3.6193435796264324,-22.301057488205146,0.8631032557982995,29.09044894190573,-14.28503635041694,82.54273752573829,142.4539031982422,20.0,20.0,105.81255197525024,-23.236495909702725
1058,10.58,-3.600368420553378,-22.318950021495866,0.8893525219212498,29.769106542412178,-16.3002536714287,80.65397622335328,97.05792999267578,20.0,20.0,105.81215620040894,-23.23592789225295
1059,10.59,-3.5814450753263753,-22.336805590822703,0.9155060647540774,30.55209255875399,-18.29035020057207,78.72010648424016,72.37771606445312,20.0,20.0,105.81186103820801,-23.239462286240943
1060,10.6,-3.562577250145182,-22.354615817457454,0.9415578571763754,31.4429187368504,-20.251312615316383,76.7347457836486,66.63113403320312,20.0,20.0,105.81158924102783,-23.247047575111782
1061,10.61,-3.543763498279965,-22.372376157529875,0.9675113811968183,32.445458654769844,-22.178868616129268,74.69136509368468,77.86400604248047,20.0,20.0,105.81127166748047,-23.258638966094463
1062,10.620000000000001,-3.5249976262858054,-22.39008714557019,0.9933786550324681,33.56390768250982,-24.068453766914956,72.58331367240139,106.503173828125,20.0,20.0,105.81083726882935,-23.27474587594253
1063,10.63,-3.5062680446353283,-22.407756790223797,1.0191811554313024,34.80272467564407,-25.915180084589434,70.40386202945278,158.93624877929688,20.0,20.0,105.81018924713135,-23.29932892885541
1064,10.64,-3.4875550228128125,-22.42540609699614,1.044954381059905,36.16655025946149,-27.713808160587398,68.1462672050512,252.73611450195312,20.0,20.0,105.80915880203247,-23.33566525001562
1065,10.65,-3.4688251409984057,-22.44308005015977,1.0707571027274667,37.660096311123496,-29.458724886227273,65.80386491502234,419.0730895996094,20.0,20.0,105.80744981765747,-23.39130437490887
1066,10.66,-3.4500255081461817,-22.460862010020275,1.0966805770691939,39.28800261919722,-31.143927376274565,63.37019486869427,683.0335083007812,20.0,20.0,105.8046646118164,-23.474148005934996
1067,10.67,-3.431084200996175,-22.478881405605247,1.122846581461771,41.05465813509793,-32.76301191883321,60.83916818337982,1031.791259765625,20.0,20.0,105.80045747756958,-23.58444153567407
1068,10.68,-3.411917041748142,-22.497311170458396,1.149394556834253,42.963981117727386,-34.30917143049274,58.205282847860325,1440.4949951171875,20.0,20.0,105.79458379745483,-23.71954178381815
1069,10.69,-3.39243477204619,-22.5163617269457,1.176468478346588,45.0191518523343,-35.77520924289748,55.46388778779534,1890.0350341796875,20.0,20.0,105.78687715530396,-23.87752304330488
1070,10.700000000000001,-3.372566236279838,-22.536235879396276,1.204178094005545,47.22230407544559,-37.15356419842688,52.61150815250231,2200.0,20.0,20.0,105.77790689468384,-24.019089547204352
1071,10.71,-3.3522943500397138,-22.55704058104548,1.2325414146083435,49.57417544419054,-38.43635485285171,49.64623060054895,2200.0,20.0,20.0,105.76893663406372,-24.10160539263783
1072,10.72,-3.331637471935746,-22.57881072474183,1.2615176724159944,52.07370549415002,-39.6154897436918,46.568079992505155,2200.0,20.0,20.0,105.7599663734436,-24.187028103469164
1073,10.73,-3.3106145792454473,-22.601578610131714,1.2910652764681787,54.71762836579775,-40.68282165988474,43.37938154506861,2200.0,20.0,20.0,105.75099611282349,-24.275310092415715
1074,10.74,-3.289245447795014,-22.625374392396772,1.3211414093565559,57.500109367202704,-41.63031740604143,40.08511933026486,2200.0,20.0,20.0,105.74202585220337,-24.366392240535877
1075,10.75,-3.267550609651619,-22.65022601669581,1.3517021190823915,60.41245294611681,-42.450261730684545,36.693223897066474,2200.0,20.0,20.0,105.73305559158325,-24.46020408541081
1076,10.76,-3.245551309162185,-22.67615915734744,1.3827024134144594,63.44293038158684,-43.13548887966091,33.21474067396978,2200.0,20.0,20.0,105.72408533096313,-24.556664064812377
1077,10.77,-3.2232694574325116,-22.703197161888067,1.4140963565434501,66.57677480815599,-43.679630168762294,29.66383151133176,2200.0,20.0,20.0,105.71511507034302,-24.655679810029984
1078,10.78,-3.2007275853441013,-22.73136100012933,1.4458371678241728,69.79638135674509,-44.077361082324025,26.05757155449688,2200.0,20.0,20.0,105.7061448097229,-24.75714848353484
1079,10.790000000000001,-3.1779487952093737,-22.760669218328513,1.4778773223922803,73.08173023986087,-44.324627794717955,22.415523598435282,2200.0,20.0,20.0,105.69717454910278,-24.860957156105535
1080,10.8,-3.154956711169003,-22.791137898574515,1.5101686534381173,76.41102224973105,-44.418831825881945,18.759100436901363,2200.0,20.0,20.0,105.68820428848267,-24.966983218930253
1081,10.81,-3.131775428438,-22.822780623480735,1.5426624559165838,79.76148421416279,-44.35895360878997,15.110757646125824,2200.0,20.0,20.0,105.67923402786255,-25.075094826542436
1082,10.82,-3.1084294615097714,-22.855608446264792,1.5753095914686686,83.11027356809741,-44.14560120679293,11.493087633051632,2200.0,20.0,20.0,105.67026376724243,-25.18515136674379
1083,10.83,-3.084943691429784,-22.889629866283475,1.6080605943275215,86.43539362391955,-43.78097852893345,7.927903356188231,2200.0,20.0,20.0,105.66129350662231,-25.297003953924303
1084,10.84,-3.0613433122525993,-22.92485081007939,1.6408657779796396,89.71652921562651,-43.26877663775775,4.435402038257247,2200.0,20.0,20.0,105.6523232460022,-25.410495942414098
1085,10.85,-3.037653776797943,-22.961274617983896,1.6736753423499258,92.93572669266361,-42.614000264972496,1.0334848922654483,2200.0,20.0,20.0,105.64335298538208,-25.525463456698265
1086,10.86,-3.0139007418231207,-22.998902036308802,1.706439481278071,96.07786875914962,-41.82274780673057,-2.262717634066472,2200.0,20.0,20.0,105.63438272476196,-25.641735935500115
1087,10.870000000000001,-2.9901100127304585,-23.037731215147243,1.7391084900528972,99.13092644667898,-40.90196592224299,-5.441097379767187,2200.0,20.0,20.0,105.62541246414185,-25.759136686899446
1088,10.88,-2.966307487929588,-23.077757711791797,1.7716328727709985,102.08600021390733,-39.859199354776145,-8.492608743836412,2200.0,20.0,20.0,105.61644220352173,-25.87748345179811
1089,10.89,-2.9425191029752393,-23.11897449976573,1.8039634492862193,104.93718430546647,-38.70235343469645,-11.411131831878219,2200.0,20.0,20.0,105.60747194290161,-25.996588973189603
1090,10.9,-2.918770774601809,-23.16137198345097,1.8360514615172379,107.68130063810192,-37.4394820197618,-14.193204729397848,2200.0,20.0,20.0,105.5985016822815,-26.116261568830602
1091,10.91,-2.8950883447762825,-23.204938018284174,1.8678486788817397,110.31755107140961,-36.078608514246966,-16.8376737405065,2200.0,20.0,20.0,105.58953142166138,-26.23630570505415
1092,10.92,-2.871497524891164,-23.24965793648007,1.899307502627419,112.84713231566867,-34.62758297121509,-19.34530582161187,2200.0,20.0,20.0,105.58056116104126,-26.35652256961756
1093,10.93,-2.8480238402188354,-23.295514578229074,1.9303810688322869,115.27284895557132,-33.09397463951387,-21.71839866133614,2200.0,20.0,20.0,105.57159090042114,-26.476710641634643
1094,10.94,-2.824692574748297,-23.342488328304267,1.9610233498495089,117.59874987422731,-31.484996839792792,-23.960413658424624,2200.0,20.0,20.0,105.56262063980103,-26.596666256816434
1095,10.950000000000001,-2.801528716524493,-23.390557158000853,1.9911892539752605,119.82980372089774,-29.80745966226231,-26.075647402941588,2200.0,20.0,20.0,105.55365037918091,-26.716184166428974
1096,10.96,-2.7785569036094016,-23.439696672319528,2.020834723121809,121.97162108583433,-28.06774545709671,-28.06894927986479,2200.0,20.0,20.0,105.54468011856079,-26.835058088581086
1097,10.97,-2.7558013707828004,-23.489880162293673,2.049916828282264,124.03022511888831,-26.271802178886183,-29.945486880721546,2200.0,20.0,20.0,105.53570985794067,-26.953081250673925
1098,10.98,-2.7332858970990657,-23.541078662348895,2.0783938625781357,126.01186837386584,-24.42515011149942,-31.71055694672352,2200.0,20.0,20.0,105.52673959732056,-27.070046922084313
1099,10.99,-2.7110337544145735,-23.59326101257237,2.1062254316860005,127.9228913496164,-22.53289815024862,-33.36943724752365,2200.0,20.0,20.0,105.51776933670044,-27.185748936409983
1100,11.0,-2.6890676569982093,-23.646393925758684,2.13337254144519,129.7696171229946,-20.599766521190844,-34.927273714576934,2200.0,20.0,20.0,105.50879907608032,-27.299982202882603
1101,11.01,-2.66740971233519,-23.70044205908818,2.1597976824544847,131.5582762399449,-18.63011348931615,-36.38899690882934,2200.0,20.0,20.0,105.4998288154602,-27.41254320684711
1102,11.02,-2.6460813732318518,-23.75536809028371,2.1854649114722693,133.29495632870984,-16.62796420333824,-37.75926218864909,2200.0,20.0,20.0,105.49085855484009,-27.523230499517073
1103,11.03,-2.625103391326268,-23.811132798081754,2.210339929441524,134.98557148380561,-14.597040326661446,-39.04240851568501,2200.0,20.0,20.0,105.48188829421997,-27.6318451775407
1104,11.040000000000001,-2.604495772106534,-23.86769514684421,2.2343901559683137,136.63584717548488,-12.540789510512273,-40.24243152809993,2200.0,20.0,20.0,105.47291803359985,-27.738191353245167
1105,11.05,-2.5842777315353023,-23.92501237512822,2.2575848000901364,138.25131716149383,-10.46241408421913,-41.36296721685601,2200.0,20.0,20.0,105.46394777297974,-27.842076616772285
1106,11.06,-2.5644676543756897,-23.983040088022403,2.279894927178534,139.83732955502325,-8.364898581528081,-42.407283200339315,2200.0,20.0,20.0,105.45497751235962,-27.943312491658773
1107,11.07,-2.545083054309981,-24.041732353049586,2.301293521828782,141.39905980439988,-6.2510359040760894,-43.37827517509592,2200.0,20.0,20.0,105.4460072517395,-28.041714885753535
1108,11.08,-2.526140535938668,-24.101041799428316,2.3217555465981974,142.9415288554587,-4.1234520565099,-44.278466615060836,2200.0,20.0,20.0,105.43703699111938,-28.137104539686785
1109,11.09,-2.5076557587432844,-24.16091972047773,2.3412579964636535,144.4696251975533,-1.984629483469476,-45.11001019937846,2200.0,20.0,20.0,105.42806673049927,-28.229307475407783
1110,11.1,-2.489643403092219,-24.22131617894366,2.3597799488782316,145.98812984590631,0.16307089378192743,-45.87468977718327,2200.0,20.0,20.0,105.41909646987915,-28.318155447569282
1111,11.11,-2.472117138364233,-24.282180115017134,2.377302609316535,147.50174359626916,2.31738879626569,-46.57392193685453,2200.0,20.0,20.0,105.41012620925903,-28.4034864007538
1112,11.120000000000001,-2.455089593259805,-24.343459456810486,2.393809352208061,149.0151161129603,4.476144684353739,-47.208756448518535,2200.0,20.0,20.0,105.40115594863892,-28.485144935686204
1113,11.13,-2.4385723283656424,-24.405101233050864,2.4092857571680946,150.5328765878252,6.63722063284023,-47.77987500290533,2200.0,20.0,20.0,105.3921856880188,-28.562982787646128
1114,11.14,-2.422575811032775,-24.467051687745954,2.423719640445896,152.05966584362184,8.798541767313196,-48.287587787349096,2200.0,20.0,20.0,105.38321542739868,-28.636859320260758
1115,11.15,-2.4071093926235894,-24.529256396572215,2.4371010815204057,153.6001698570539,10.958058032127955,-48.7318275302157,2200.0,20.0,20.0,105.37424516677856,-28.706642037708534
1116,11.16,-2.3921812881779903,-24.591660384732275,2.4494224447843376,155.15915474840168,13.113726048909996,-49.112140717245495,2200.0,20.0,20.0,105.36527490615845,-28.772207118069826
1117,11.17,-2.3777985585435593,-24.654208246024556,2.4606783962682903,156.74150332847145,15.263490813430751,-49.42767574589335,2200.0,20.0,20.0,105.35630464553833,-28.833439970108667
1118,11.18,-2.3639670950092024,-24.71684426286578,2.4708659153673724,158.35225330898555,17.405266967087915,-49.67716784577013,2200.0,20.0,20.0,105.34733438491821,-28.890235815140322
1119,11.19,-2.350691606476284,-24.779512527004556,2.4799843015438303,159.99663726635666,19.536919366789043,-49.85892066477073,2200.0,20.0,20.0,105.3383641242981,-28.942500294806376
1120,11.200000000000001,-2.337975609195675,-24.842157060662814,2.4880351759901562,161.68012439450533,21.656242664039443,-49.97078451330769,2200.0,20.0,20.0,105.32939386367798,-28.990150104548526
1121,11.21,-2.3258214190935265,-24.90472193784091,2.495022478248246,163.40846397939347,23.760939591410235,-50.01013138802226,2200.0,20.0,20.0,105.32042360305786,-29.033113651317848
1122,11.22,-2.3142301467028914,-24.967151405521637,2.500952457791243,165.1877303605943,25.848597644145638,-49.97382708029974,2200.0,20.0,20.0,105.31145334243774,-29.07133173258942
1123,11.23,-2.303201694712601,-25.029390004508674,2.5058336605857683,167.02436889149868,27.91666383953272,-49.858200938345945,2200.0,20.0,20.0,105.30248308181763,-29.104758232078368
1124,11.24,-2.2927347581390447,-25.091382689635783,2.5096769106632597,168.92524203980489,29.962417241598498,-49.65901422624247,2200.0,20.0,20.0,105.29351282119751,-29.13336082568992
1125,11.25,-2.282826827120773,-25.153074949084257,2.512495286740129,170.8976742444504,31.982938960945226,-49.37142854999064,2200.0,20.0,20.0,105.28454256057739,-29.15712168922044
1126,11.26,-2.2734741923300295,-25.214412922548277,2.514304093937301,172.94949341397864,33.975079389626856,-48.98997655032527,2200.0,20.0,20.0,105.27557229995728,-29.17603819719553
1127,11.27,-2.264671952989634,-25.275343517990088,2.5151208306604875,175.08906595309443,35.9354225239871,-48.50853805719718,2200.0,20.0,20.0,105.26660203933716,-29.190123600054132
1128,11.28,-2.256414027477854,-25.335814526730157,2.5149651507131776,177.3253208679339,37.860247385323284,-47.92032623280236,2200.0,20.0,20.0,105.25763177871704,-29.199407664731414
1129,11.290000000000001,-2.2486931664982546,-25.395774736621075,2.5138588207248076,179.66775675198247,39.745486797572404,-47.217889973693374,2200.0,20.0,20.0,105.24866151809692,-29.203937261653444
1130,11.3,-2.2415009687858687,-25.455174043058058,2.5118256729868573,-177.87357677010917,41.586684160191346,-46.39314106186722,2200.0,20.0,20.0,105.2396912574768,-29.203776879327982
1131,11.31,-2.2348278993154573,-25.513963557583835,2.5088915537997267,-175.2881342902482,43.37894940946503,-45.43741727593501,2200.0,20.0,20.0,105.23072099685669,-29.19900904621626
1132,11.32,-2.2286633099721307,-25.572095713850818,2.505084267443103,-172.56498087439033,45.116916146506206,-44.34159583678995,2200.0,20.0,20.0,105.22175073623657,-29.189734638514913
1133,11.33,-2.2229954626391955,-25.629524370709298,2.5004335158921345,-169.6929670362874,46.794702980377785,-43.09627494507084,2200.0,20.0,20.0,105.21278047561646,-29.176073051985234
1134,11.34,-2.2178115546527857,-25.68620491219687,2.4949708344110806,-166.66099324349656,48.40588353270657,-41.69204427202865,2200.0,20.0,20.0,105.20381021499634,-29.15816221615446
1135,11.35,-2.213097746567634,-25.74209434421082,2.4887295231651514,-163.4583866825301,49.94347128003482,-40.11986717127978,2200.0,20.0,20.0,105.19483995437622,-29.13615843018044
1136,11.36,-2.208839192173271,-25.79715138765284,2.481744574999993,-160.07541222758692,51.399927395063656,-38.371596591733805,2200.0,20.0,20.0,105.1858696937561,-29.11023600150776
1137,11.370000000000001,-2.205020070694999,-25.851336567842914,2.474052599546671,-156.50393392449556,52.76720176865006,-36.44064103464584,2200.0,20.0,20.0,105.17689943313599,-29.080586671198294
1138,11.38,-2.2016236211091966,-25.904612300007646,2.4656917438180725,-152.7382301219519,54.03681901600745,-34.32278371392489,2200.0,20.0,20.0,105.16792917251587,-29.047418813518213
1139,11.39,-2.1986321784978746,-25.956942970656772,2.456701609470324,-148.77594197886694,55.20002178099337,-32.01713467151359,2200.0,20.0,20.0,105.15895891189575,-29.01095640199115
1140,11.4,-2.1960272123629334,-26.008295014670825,2.4471231669101217,-144.6191000365302,56.24798206515535,-29.527160555725985,2200.0,20.0,20.0,105.14998865127563,-28.971437739609886
1141,11.41,-2.193789366816286,-26.05863698793219,2.4369986664357888,-140.2751287334414,57.172086510076134,-26.861691955975406,2200.0,20.0,20.0,105.14101839065552,-28.929113957125715
1142,11.42,-2.1918985025578985,-26.107939635341786,2.426371546606317,-135.75768166236503,57.96429269001716,-24.03576110562022,2200.0,20.0,20.0,105.1320481300354,-28.884247290139566
1143,11.43,-2.1903337405498995,-26.156175954073593,2.415286340038746,-131.08712554398912,58.617540538717556,-21.071087936278307,2200.0,20.0,20.0,105.12307786941528,-28.83710915288507
1144,11.44,-2.189073507291199,-26.203321251929893,2.4037885768397955,-126.29048809554725,59.12618763153777,-17.996029667922585,2200.0,20.0,20.0,105.11410760879517,-28.787978033864533
1145,11.450000000000001,-2.188095581593566,-26.24935320067076,2.3919246858828473,-121.40073245335081,59.486422716110695,-14.844856596821009,2200.0,20.0,20.0,105.10513734817505,-28.737137245593278
1146,11.46,-2.1873771427568487,-26.294251884202463,2.379741894146016,-116.45532419766623,59.696603607632824,-11.656320130233699,2200.0,20.0,20.0,105.09616708755493,-28.684872567298594
1147,11.47,-2.1868948200379705,-26.337999841520748,2.367288124331283,-111.49419925499255,59.75746803766456,-8.471621340948712,2200.0,20.0,20.0,105.08719682693481,-28.631469825212143
1148,11.48,-2.1866247433055284,-26.38058210431651,2.354611890988345,-106.55738160199925,59.67218126218887,-5.332028961702073,2200.0,20.0,20.0,105.0782265663147,-28.57721245977038
1149,11.49,-2.1865425947692536,-26.421986229163092,2.341762195370063,-101.68258910405513,59.446209681485364,-2.2764851461850264,2200.0,20.0,20.0,105.06925630569458,-28.522379132330077
1150,11.5,-2.1866236616712675,-26.462202324216413,2.3287884192490917,-96.90316898000135,59.08703864403897,0.6604595196982935,2200.0,20.0,20.0,105.06028604507446,-28.467241425686787
1151,11.51,-2.1868428898239984,-26.501223070371097,2.3157402179274906,-92.24662001594437,58.60377664252603,3.450124643009818,2200.0,20.0,20.0,105.05131578445435,-28.4120616925961
1152,11.52,-2.1871749378778067,-26.539043736828095,2.302667412672776,-87.7338199309073,58.00670093736979,6.070473893163569,2200.0,20.0,20.0,105.04234552383423,-28.357091104552833
1153,11.53,-2.187594232199808,-26.575662191041438,2.289619882815066,-83.37893269014572,57.3067994233469,8.506209331085898,2200.0,20.0,20.0,105.03337526321411,-28.302567949293003
1154,11.540000000000001,-2.1880750222441048,-26.6110789030242,2.276647457740611,-79.1898637175117,56.515352929736075,10.748318258469368,2200.0,20.0,20.0,105.024405002594,-28.24871621994952
1155,11.55,-2.188591436292576,-26.645296944006038,2.263799809017124,-75.16907966127881,55.64358622582323,12.79325594423334,2200.0,20.0,20.0,105.01543474197388,-28.1957445317009
1156,11.56,-2.189117537444665,-26.67832197944719,2.2511263428859456,-71.31460926255461,54.702399877118694,14.641947689834698,2200.0,20.0,20.0,105.00646448135376,-28.143845393400536
1157,11.57,-2.1896273797340657,-26.710162256426056,2.2386760933551564,-67.62107518968644,53.70218217587689,16.298760379376482,2200.0,20.0,20.0,104.99749422073364,-28.093194852405965
1158,11.58,-2.1900950642500177,-26.740828585429867,2.226497616126324,-64.08065348807375,52.65269199356062,17.7705468722908,2200.0,20.0,20.0,104.98852396011353,-28.04395252107485
1159,11.59,-2.190494795140967,-26.770334316590265,2.2146388835856317,-60.68390257168717,51.562999326471775,19.06582131648137,2200.0,20.0,20.0,104.97955369949341,-27.99626198360241
1160,11.6,-2.1908009353786584,-26.798695310417653,2.203147181087678,-57.42043949336046,50.441469467761664,20.19408764511626,2200.0,20.0,20.0,104.97058343887329,-27.950251572504243
1161,11.61,-2.190988062161326,-26.825929903100278,2.1920690047572906,-54.27946540082273,49.295777906570024,21.165319345412467,2200.0,20.0,20.0,104.96161317825317,-27.906035495540344
1162,11.620000000000001,-2.191031021835504,-26.85205886644587,2.18144996103124,-51.25015587705989,48.1329451905812,21.98957479009498,2200.0,20.0,20.0,104.95264291763306,-27.863715286566343
1163,11.63,-2.1909049842171013,-26.877105362555334,2.171334668157806,-48.32193791647268,46.95938337498823,22.676726362138304,2200.0,20.0,20.0,104.94367265701294,-27.823381547923297
1164,11.64,-2.1905854961937674,-26.901094893329507,2.16176665986773,-45.48467632154496,45.78094790372031,23.23628056175977,2200.0,20.0,20.0,104.93470239639282,-27.78511594750954
1165,11.65,-2.1900485344922305,-26.9240552449212,2.1527882914252072,-42.72879051927944,44.60299063745118,23.677268060483993,2200.0,20.0,20.0,104.9257321357727,-27.748993430250387
1166,11.66,-2.1892705574961764,-26.946016427255827,2.1444406482622247,-40.045319730620726,43.43041120907835,24.008185722351776,2200.0,20.0,20.0,104.91676187515259,-27.715084600327806
1167,11.67,-2.1882285560024077,-26.96701060875449,2.136763457393767,-37.425951033664006,42.2677049791946,24.23697599286972,2200.0,20.0,20.0,104.90779161453247,-27.683458225438436
1168,11.68,-2.186900102805398,-26.987072046404005,2.129795001805203,-34.86302166451603,41.11900664246049,24.371032240362194,2200.0,20.0,20.0,104.89882135391235,-27.654183804377865
1169,11.69,-2.1852634010030134,-27.006237011328235,2.123572037996522,-32.34950413559844,39.988129068750325,24.417221384819936,2200.0,20.0,20.0,104.88985109329224,-27.627334119559343
1170,11.700000000000001,-2.183297330919038,-27.024543710024982,2.1181297168610524,-29.87898048810834,38.87859731289348,24.381917398283495,2200.0,20.0,20.0,104.88088083267212,-27.60298765994996
1171,11.71,-2.1809814955412365,-27.04203220144198,2.1135015080688966,-27.44561021149795,37.793677945499006,24.27104103038215,2200.0,20.0,20.0,104.871910572052,-27.581230739659
1172,11.72,-2.178296264377017,-27.05874431007447,2.109719128117491,-25.044094996010507,36.73640398504239,24.090102465520875,2200.0,20.0,20.0,104.86294031143188,-27.562159048111113
1173,11.73,-2.175222815632283,-27.074723535275552,2.106812472203596,-22.669642460398922,35.709595778112806,23.844244629005928,2200.0,20.0,20.0,104.85397005081177,-27.54587825605656
1174,11.74,-2.1717431766227993,-27.09001495697843,2.1048095500625243,-20.31793024453839,34.71587820208012,23.53828560015735,2200.0,20.0,20.0,104.84499979019165,-27.5325032018007
1175,11.75,-2.1678402623313464,-27.104665138037515,2.1037364259116442,-17.985071313555725,33.757694567529235,23.176759124008104,2200.0,20.0,20.0,104.83602952957153,-27.522155173800027
1176,11.76,-2.1634979120280344,-27.118722023402526,2.1036171626261155,-15.66758093526259,32.83731758688346,22.763952591334316,2200.0,20.0,20.0,104.82705926895142,-27.514957013953943
1177,11.77,-2.1587009238754655,-27.132234836346402,2.104473770265458,-13.362345525780418,31.956857757428015,22.303942120527687,2200.0,20.0,20.0,104.8180890083313,-27.511026300719926
1178,11.78,-2.153435087444896,-27.1452539719742,2.106326159059966,-11.06659337825123,31.1182694857278,21.800624555964774,2200.0,20.0,20.0,104.80911874771118,-27.510467686629884
1179,11.790000000000001,-2.1476872140741645,-27.157830888245826,2.1091920969561344,-8.77786717308284,30.323355258736356,21.25774632003657,2200.0,20.0,20.0,104.80014848709106,-27.51336621868829
1180,11.8,-2.141445165002937,-27.17001799475069,2.1130871718102466,-6.493998097920451,29.573768146081974,20.678929137753553,2200.0,20.0,20.0,104.79117822647095,-27.519783606607305
1181,11.81,-2.134697877225717,-27.18186853947703,2.1180247583090224,-4.2130813687010455,28.87101289867313,20.067692706976246,2200.0,20.0,20.0,104.78220796585083,-27.52975858248444
1182,11.82,-2.1274353870081066,-27.19343649382289,2.1240159896858732,-1.9334529304173036,28.21644589095495,19.427474423280202,2200.0,20.0,20.0,104.77323770523071,-27.543311032982547
1183,11.83,-2.1196488510169527,-27.204776436099284,2.131069734290763,0.34633287922845923,27.61127413763124,18.76164629295516,2200.0,20.0,20.0,104.7642674446106,-27.56044832390032
1184,11.84,-2.111330565020256,-27.21594343377909,2.1391925770610505,2.627524903274167,27.056553600026984,18.073529185259595,2200.0,20.0,20.0,104.75529718399048,-27.58117184822419
1185,11.85,-2.1024739801180665,-27.226992924747837,2.1483888059299523,4.911196150686385,26.553186982012917,17.366404588804997,2200.0,20.0,20.0,104.74632692337036,-27.60548230540559
1186,11.86,-2.093073716471002,-27.237980597814325,2.1586604031984784,7.198264336895191,26.101921200058783,16.643524048653727,2200.0,20.0,20.0,104.73735666275024,-27.633383056803073
1187,11.870000000000001,-2.083125574498518,-27.248962272740503,2.1700070418858433,9.489512088848354,25.70334469608851,15.908116471308393,2200.0,20.0,20.0,104.72838640213013,-27.664881606508896
1188,11.88,-2.072626543524587,-27.259993780050713,2.1824260870625074,11.785606887755621,25.357884745035395,15.163393494508648,2200.0,20.0,20.0,104.71941614151001,-27.69998962824059
1189,11.89,-2.0615748078540332,-27.271130840880694,2.1959126021591424,14.087120786668123,25.065804891114553,14.4125531274297,2200.0,20.0,20.0,104.71044588088989,-27.738722043359047
1190,11.9,-2.0499697502683745,-27.282428947126345,2.210459360234002,16.39454990529598,24.82720262775682,13.658781873968492,2200.0,20.0,20.0,104.70147562026978,-27.781095582297
1191,11.91,-2.0378119529356544,-27.29394324215134,2.2260568601703885,18.70833367210672,24.642007415937986,12.905255556593904,2200.0,20.0,20.0,104.69250535964966,-27.82712713953894
1192,11.92,-2.0251031957343724,-27.30572840231116,2.2426933477652424,21.028873754658758,24.50997911448627,12.155139059941318,2200.0,20.0,20.0,104.68353509902954,-27.87683211871844
1193,11.93,-2.011846451997249,-27.317838519549127,2.2603548416592543,23.35655259396718,24.43070687418353,11.411585211170175,2200.0,20.0,20.0,104.67456483840942,-27.930222879282876
1194,11.94,-1.998045881686164,-27.330326985317278,2.279025164048458,25.691751437891195,24.40360852552594,10.677733007394568,2200.0,20.0,20.0,104.6655945777893,-27.987307339812556
1195,11.950000000000001,-1.9837068220151715,-27.343246376071928,2.298685976106916,28.034867752218997,24.427930468396127,9.956705388701947,2200.0,20.0,20.0,104.65662431716919,-28.048087758923366
1196,11.96,-1.968835775544027,-27.35664834058991,2.3193168180399817,30.38633187617059,24.50274805119753,9.251606738036806,2200.0,20.0,20.0,104.64765405654907,-28.11255969552764
1197,11.97,-1.9534403957701254,-27.370583489347332,2.3408951536776192,32.746622781035626,24.626966407804677,8.565520266399957,2200.0,20.0,20.0,104.63868379592896,-28.18071114039046
1198,11.98,-1.9375294702521453,-27.385101286197898,2.363396419507561,35.11628278592313,24.799321703595428,7.901505413416899,2200.0,20.0,20.0,104.62971353530884,-28.252521806508817
1199,11.99,-1.9211129013040193,-27.400249942582597,2.3867940780385206,37.49593108222484,25.0183827273997,7.262595359607073,2200.0,20.0,20.0,104.62074327468872,-28.32796256441131
1200,12.0,-1.9042016843030658,-27.41607631449676,2.4110596753744455,39.88627591727372,25.282552754951823,6.651794707969227,2200.0,20.0,20.0,104.6117730140686,-28.40699500858016
1201,12.01,-1.886807883661247,-27.43262580243422,2.436162902871795,42.2881252866008,25.590071601799448,6.072077349282367,2200.0,20.0,20.0,104.60280275344849,-28.48957114201556
1202,12.02,-1.8689446065135178,-27.449942254521652,2.462071662743134,44.702395981867795,25.939017779983818,5.526384478325054,2200.0,20.0,20.0,104.59383249282837,-28.57563316705553
1203,12.030000000000001,-1.8506259741821154,-27.468067873048945,2.488752137461959,47.13012083672287,26.327310673466343,5.017622677612812,2200.0,20.0,20.0,104.58486223220825,-28.665113371706504
1204,12.040000000000001,-1.8318670914803796,-27.487043124593807,2.5161688628156074,49.572454004338844,26.75271265247561,4.548661931833939,2200.0,20.0,20.0,104.57589197158813,-28.7579341018269
1205,12.05,-1.8126840139242926,-27.50690665393087,2.5442848044454127,52.0306740872894,27.21283105688999,4.122333380526875,2200.0,20.0,20.0,104.56692171096802,-28.854007810492405
1206,12.06,-1.7930937129243696,-27.527695201906983,2.5730614377059116,54.506184922047204,27.70511999361798,3.741426559350696,2200.0,20.0,20.0,104.5579514503479,-28.953237176748832
1207,12.07,-1.7731140390348081,-27.549443527455725,2.602458830667956,57.00051379649837,28.226881912837523,3.4086858223295002,2200.0,20.0,20.0,104.54898118972778,-29.055515286728063
1208,12.08,-1.7527636833409,-27.572184333914834,2.6324357300840084,59.51530684974918,28.775268953064746,3.1268055796868897,2200.0,20.0,20.0,104.54001092910767,-29.160725870771863
1209,12.09,-1.7320621370696319,-27.595948199800855,2.6629496501277425,62.05232137012443,29.347284075471165,2.898423929701697,2200.0,20.0,20.0,104.53104066848755,-29.268743590792873
1210,12.1,-1.7110296495121289,-27.62076351418534,2.693956963714315,64.61341467144463,29.93978204377544,2.726114210328983,2200.0,20.0,20.0,104.52207040786743,-29.37943437260729
1211,12.11,-1.6896871843501124,-27.64665641680695,2.725412996202382,67.2005291922808,30.549470347472976,2.612373949841028,2200.0,20.0,20.0,104.51310014724731,-29.492655778411468
1212,12.120000000000001,-1.6680563744818773,-27.67365074304321,2.7572721212740383,69.81567343204735,31.172910213066746,2.559610659208559,2200.0,20.0,20.0,104.5041298866272,-29.608257414952625
1213,12.13,-1.6461594754463857,-27.701767973855222,2.78948785878447,72.46089831709516,31.80651790004776,2.5701238874194527,2200.0,20.0,20.0,104.49515962600708,-29.72608137327344
1214,12.14,-1.6240193175469761,-27.731027190807513,2.8220129743691165,75.13826858665475,32.446566535035885,2.6460829610167815,2200.0,20.0,20.0,104.48618936538696,-29.84596269618878
1215,12.15,-1.601659256778835,-27.761445036254322,2.854799580592683,77.8498288115714,33.08918879758926,2.7894998591411695,2200.0,20.0,20.0,104.47721910476685,-29.96772986990113
1216,12.16,-1.5791031246668163,-27.793035678772227,2.887799239421303,80.59756371901378,33.730380832848596,3.0021967453018745,2200.0,20.0,20.0,104.46824884414673,-30.09120533636682
1217,12.17,-1.5563751771223873,-27.825810783907585,2.920963065796624,83.38335260588097,34.36600782660912,3.28576779841546,2200.0,20.0,20.0,104.45927858352661,-30.21620602321328
1218,12.18,-1.5335000424304324,-27.859779490295846,2.9542418320885413,86.20891779538815,34.99181173357591,3.6415351705845294,2200.0,20.0,20.0,104.4503083229065,-30.34254388816382
1219,12.19,-1.5105026684783607,-27.89494839119795,2.987586073201732,89.07576733767996,35.60342169408307,4.070499159442463,2200.0,20.0,20.0,104.44133806228638,-30.470026475071645
1220,12.200000000000001,-1.4874082693414215,-27.931321521487472,3.020946192110073,91.98513248635139,36.19636770153963,4.5732830281832175,2200.0,20.0,20.0,104.43236780166626,-30.59845747878954
1221,12.21,-1.4642422713393561,-27.968900350110303,3.054272565592448,94.93790090345945,36.76609808400189,5.150073341208528,2200.0,20.0,20.0,104.42339754104614,-30.727637316223035
1222,12.22,-1.4410302586804693,-28.00768377802683,3.087515649943342,97.93454705265641,37.308001329143565,5.800557203967024,2200.0,20.0,20.0,104.41442728042603,-30.85736370102314
1223,12.23,-1.417797918809918,-28.04766814163491,3.1206260864320376,100.97506181792983,37.81743270268415,6.523858386232954,2200.0,20.0,20.0,104.40545701980591,-30.987432219482873
1224,12.24,-1.394570987579472,-28.08884722165999,3.1535548062851064,104.0588840026564,38.289745977042706,7.318474937135079,2200.0,20.0,20.0,104.39648675918579,-31.117636905309354
1225,12.25,-1.371375194356204,-28.13121225748712,3.186253134968254,107.18483697008038,38.72033039288352,8.182221517390984,2200.0,20.0,20.0,104.38751649856567,-31.247770811050007
1226,12.26,-1.3482362071875094,-28.174751966897954,3.2186728955454464,110.35107421240654,39.10465271917626,9.112180209853099,2200.0,20.0,20.0,104.37854623794556,-31.377626574063996
1227,12.27,-1.3251795781395623,-28.219452571164233,3.250766510895553,113.55503799553429,39.43830396178883,10.104663937689445,2200.0,20.0,20.0,104.36957597732544,-31.506996975047358
1228,12.280000000000001,-1.3022306889257445,-28.26529782543788,3.28248710456956,116.79343532547578,39.71704990964233,11.15519672574996,2200.0,20.0,20.0,104.36060571670532,-31.635675487243958
1229,12.290000000000001,-1.2794146969407878,-28.312269054366578,3.3137886000746484,120.06223523054433,39.936884324181584,12.258514794801203,2200.0,20.0,20.0,104.3516354560852,-31.763456814606762
1230,12.3,-1.2567564818153087,-28.360345192852613,3.3446258183751594,123.35669068241378,40.094083205256105,13.408591812364866,2200.0,20.0,20.0,104.34266519546509,-31.890137417315756
1231,12.31,-1.234280592604119,-28.40950283186185,3.374954573404615,126.67138736306329,40.185258245109544,14.598690511880719,2200.0,20.0,20.0,104.33369493484497,-32.01551602320682
1232,12.32,-1.21201119572015,-28.459716269179125,3.4047317653875684,130.00031995705257,40.20740735601917,15.82144136755046,2200.0,20.0,20.0,104.32472467422485,-32.13939412383119
1233,12.33,-1.1899720237258742,-28.51095756499475,3.433915471774341,133.33699484842904,40.15796008743726,17.068947176339346,2200.0,19.8758864402771,20.0,104.31575441360474,-32.26157648523377
1234,12.34,-1.16818632511952,-28.56319660216304,3.4624650355948714,136.6745569983847,40.034816284513994,18.332910363685812,2200.0,17.119972705841064,20.0,104.30678415298462,-32.38187224536161
1235,12.35,-1.146676815029642,-28.61640115077641,3.490341151286368,140.00593870305823,39.83637701742929,19.604777189059593,2200.0,14.307947158813475,20.0,104.2978138923645,-32.5000949693938
1236,12.36,-1.1254656270009693,-28.670536936697932,3.5175059480004465,143.32402050212247,39.56156405705278,20.875892753061365,2200.0,11.466653347015379,20.0,104.28884363174438,-32.61606404596755
1237,12.370000000000001,-1.1045742663259368,-28.7255677140537,3.5439230699210063,146.6217939971687,39.209826775327684,22.137662220909053,2200.0,8.640884757041931,20.0,104.27987337112427,-32.72960405180818
1238,12.38,-1.0840235645264962,-28.781455341511823,3.5695577538785015,149.89252420023342,38.78113781216655,23.38170769749431,2200.0,5.882197022438049,20.0,104.27090311050415,-32.84054556151376
1239,12.39,-1.0638336353650257,-28.838159862020262,3.594376904130653,153.1298986039254,38.275974456962786,24.600012484123756,2200.0,3.2337886095046993,20.0,104.26193284988403,-32.94872553490171
1240,12.4,-1.0440238326724725,-28.89563958630041,3.618349163684899,156.3281485931864,37.69528563725262,25.785047972046687,2200.0,0.7211345434188842,20.0,104.25296258926392,-33.05398515084839
1241,12.41,-1.0246127103148526,-28.95385118039168,3.641444981267252,159.48213065181093,37.040450045838135,26.92987515995419,2200.0,-1.6507321596145628,20.0,104.2439923286438,-33.15616630257524
1242,12.42,-1.0056179851104652,-29.012749757707255,3.663636671910886,162.58737111177712,36.313235991115484,28.028218634620156,2200.0,-3.894544243812561,20.0,104.23502206802368,-33.25511371042926
1243,12.43,-0.9870564998725532,-29.072288977902062,3.6848984730972907,165.6401242507598,35.51576111852675,29.07451366281572,2200.0,-6.035404801368713,20.0,104.22605180740356,-33.350688836618126
1244,12.44,-0.9689441895075314,-29.132421143807946,3.705206597703299,168.63740633654416,34.65044834739552,30.06392563706666,2200.0,-8.104632496833801,20.0,104.21708154678345,-33.442754259490165
1245,12.450000000000001,-0.9512960467933383,-29.193097304451317,3.724539283477677,171.57701010881001,33.7199782090657,30.992344675729637,2200.0,-10.13463020324707,20.0,104.20811128616333,-33.531184438176204
1246,12.46,-0.9341260907245098,-29.254267358016623,3.7428768391948326,174.45748591485173,32.727241606100975,31.85636108858347,2200.0,-12.155179977416992,20.0,104.19914102554321,-33.615861539503655
1247,12.47,-0.9174473366965529,-29.315880157489673,3.760201686636082,177.27810286853764,31.67529519755239,32.6532243466288,2200.0,-14.191486835479736,20.0,104.1901707649231,-33.69667539531242
1248,12.48,-0.9012717689193042,-29.377883618599206,3.776498397997882,-179.96120318758142,30.56732068327206,33.380789494675575,2200.0,-16.263978481292725,20.0,104.18120050430298,-33.77352376583687
1249,12.49,-0.8856103151585799,-29.440224829991376,3.791753728717407,-177.2598894962242,29.406588697202174,34.03745538588594,2200.0,-18.388736248016357,20.0,104.17223024368286,-33.846312805153126
1250,12.5,-0.8704728235972092,-29.502850164278666,3.8059566449285005,-174.61687360766416,28.19643411390861,34.622097387114515,2200.0,-20.0,20.0,104.16325998306274,-33.91495543313771
1251,12.51,-0.8558680428020632,-29.565705393072783,3.8190983472759763,-172.0305938348682,26.940219046758223,35.13399874572837,2200.0,-20.0,20.0,104.15428972244263,-33.97937620915183
1252,12.52,-0.8418036028751725,-29.628735800073986,3.831172289315782,-169.4990792887484,25.641316159625735,35.57278224185327,2200.0,-20.0,20.0,104.14531946182251,-34.03950719393811
1253,12.530000000000001,-0.8282860001667504,-29.691886297558522,3.8421741908251685,-167.02001286097763,24.30309206646517,35.938346119413055,2200.0,-20.0,20.0,104.13634920120239,-34.0952893656667
1254,12.540000000000001,-0.8153205838149028,-29.755101542831603,3.8521020465642812,-164.59078724481535,22.92889516776762,36.23080363142307,2200.0,-20.0,20.0,104.12737894058228,-34.14667379554467
1255,12.55,-0.8029115448226356,-29.81832605543373,3.860956130124365,-162.2085544604265,21.522045815854604,36.45042733751063,2200.0,-20.0,20.0,104.11840867996216,-34.19362202493169
1256,12.56,-0.7910619074207434,-29.881504334615766,3.868738993256891,-159.87027010138462,20.085829803808803,36.59759878238114,2200.0,-20.0,20.0,104.10943841934204,-34.23610621398809
1257,12.57,-0.7797735227235024,-29.94458097674928,3.875455460590884,-157.5727339534658,18.62349926276012,36.67276622293036,2200.0,-20.0,20.0,104.10046815872192,-34.27410596868628
1258,12.58,-0.7690470656769706,-30.00750079313079,3.881112618603132,-155.31262287821636,17.138269751967393,36.67640442191422,2200.0,-20.0,20.0,104.0914978981018,-34.30762163187379
1259,12.59,-0.7588820324395714,-30.070208925827785,3.8857198022832,-153.0865199508508,15.6333214908827,36.6089803112793,2200.0,-20.0,20.0,104.08252763748169,-34.33665236462012
1260,12.6,-0.7492767423691787,-30.132650965475207,3.8892885751436412,-150.89093660028186,14.11179661115597,36.47092319956979,2200.0,-20.0,20.0,104.07355737686157,-34.36121719913737
1261,12.61,-0.7402283407249546,-30.19477306573851,3.8918327057811557,-148.72233667162837,12.576812356793118,36.262604416574455,2200.0,-20.0,20.0,104.06458711624146,-34.3813434757924
1262,12.620000000000001,-0.731732804656694,-30.256522057616444,3.893368139010401,-146.57715463428116,11.031469994076547,35.9843200975414,2200.0,-20.0,20.0,104.05561685562134,-34.39707006199876
1263,12.63,-0.7237849516894965,-30.31784556210998,3.8939129621960333,-144.45181021787587,9.4788635265396,35.63627781347679,2200.0,-20.0,20.0,104.04664659500122,-34.408447720773225
1264,12.64,-0.7163784506699745,-30.378692101237675,3.8934873670386447,-142.34272056630667,7.922088687189898,35.2185868796958,2200.0,-20.0,20.0,104.0376763343811,-34.41553934214403
1265,12.65,-0.709505835132866,-30.439011207172914,3.892113606927861,-140.2463107915314,6.364252368901636,34.731252222582945,2200.0,-20.0,20.0,104.02870607376099,-34.418420085884456
1266,12.66,-0.7031585190593916,-30.498753529272115,3.889815949950241,-138.1590236542033,4.808482457584092,34.17417170710339,2200.0,-20.0,20.0,104.01973581314087,-34.41717746216756
1267,12.67,-0.6973268150001274,-30.55787093876209,3.88662062763769,-136.07732900814213,3.2579379264279593,33.54713685704681,2200.0,-20.0,20.0,104.01076555252075,-34.411911358504526
1268,12.68,-0.6919999545307838,-30.616316630857643,3.8825557795513683,-133.99773360188138,1.7158190009342507,32.84983694544137,2200.0,-20.0,20.0,104.00179529190063,-34.4027340095897
1269,12.69,-0.6871661110026663,-30.674045224086605,3.8776513938090167,-131.9167918129038,0.18537718453691726,32.08186649078139,2200.0,-20.0,20.0,103.99282479286194,-34.389769900619285
1270,12.700000000000001,-0.6828124245427161,-30.731012856606583,3.8719392436764353,-129.83111788383604,-1.3300750768565424,31.242736257784557,2200.0,-20.0,20.0,103.98385429382324,-34.37315559247681
1271,12.71,-0.6789250292516715,-30.787177279305652,3.865452820355296,-127.73740022480477,-2.8271553274913153,30.331887921020535,2200.0,-20.0,20.0,103.97488379478455,-34.35303945729279
1272,12.72,-0.6754799077881599,-30.84251579893686,3.858242170667321,-125.63242538052576,-4.302407266764375,29.348706882702686,2119.98779296875,-20.0,20.0,103.96623969078064,-34.316082692339826
1273,12.73,-0.6724402007393766,-30.897033844964874,3.8503777474326584,-123.51310010396551,-5.7522944741773445,28.292542258198885,2009.6898193359375,-20.0,20.0,103.95804524421692,-34.27356781241585
1274,12.74,-0.6697676908267856,-30.95074668814524,3.8419310887706635,-121.37646646881053,-7.1731892193167015,27.162740152253637,1910.7650146484375,-20.0,20.0,103.95025420188904,-34.23387223959003
1275,12.75,-0.667427625913253,-31.003669661808097,3.8329670355286103,-119.2197260370414,-8.561366550976091,25.958678329035717,1823.197265625,-20.0,20.0,103.94282007217407,-34.196987168366626
1276,12.76,-0.6653885356723946,-31.055817259678417,3.8235442273137306,-117.04027220854124,-9.91300297678955,24.679802617526327,1746.9622802734375,-20.0,20.0,103.93569684028625,-34.162855644322036
1277,12.77,-0.6636220403839933,-31.10720236092901,3.813715593109729,-114.83572717983004,-11.224177840927792,23.325668116860598,1682.0518798828125,-20.0,20.0,103.92883825302124,-34.13138148207978
1278,12.780000000000001,-0.6621026332662595,-31.157835497274274,3.803528887458831,-112.60398350523506,-12.490877883066455,21.895985101461548,1628.50927734375,-20.0,20.0,103.92219805717468,-34.10243966015033
1279,12.790000000000001,-0.6608074443097391,-31.207724138283428,3.79302726053858,-110.34325000618185,-13.709005480599446,20.390669303340538,1586.487060546875,-20.0,20.0,103.9157292842865,-34.07588929420586
1280,12.8,-0.6597159906407584,-31.256871967822754,3.7822498566982232,-108.05210146716948,-14.874391075731456,18.809895958144658,1556.2830810546875,-20.0,20.0,103.90938353538513,-34.051580652211584
1281,12.81,-0.6588099123422115,-31.30527813279617,3.7712324465486575,-105.72953119002193,-15.982810260904673,17.154156642137448,1538.3621826171875,-20.0,20.0,103.90311098098755,-34.029358871641364
1282,12.82,-0.6580726864236122,-31.352936463087257,3.760008106970224,-103.37500505687092,-17.030005930124634,15.424317507840257,1533.3328857421875,-20.0,20.0,103.89685893058777,-34.00905958665591
1283,12.83,-0.6574893052784039,-31.399834693908463,3.748607970555273,-100.98851529503801,-18.011715791760807,13.621677062363611,1541.8695068359375,-20.0,20.0,103.89057207107544,-33.9904967149891
1284,12.84,-0.6570459039658905,-31.445953756689107,3.7370620642725108,-98.57063166978423,-18.923705371764683,11.748021157613344,1564.58935546875,-20.0,20.0,103.88419246673584,-33.97344617579761
1285,12.85,-0.6567293262351372,-31.491267221337942,3.725400243617256,-96.12254739289693,-19.76180641087735,9.80567242463933,1601.937744140625,-20.0,20.0,103.8776605129242,-33.95763561978078
1286,12.86,-0.656526630522124,-31.535740961800425,3.7136532082927673,-93.6461166814107,-20.521960278777538,7.797531043560529,1654.1114501953125,-20.0,20.0,103.87091588973999,-33.942744656287275
1287,12.870000000000001,-0.6564245492653967,-31.579333080183368,3.701853567841395,-91.14388069746538,-21.200265703681122,5.727103559440659,1721.0604248046875,-20.0,20.0,103.86389827728271,-33.928420474506446
1288,12.88,-0.6564089225202739,-31.6219940800271,3.6900369180161543,-88.61907861724274,-21.79302976689834,3.5985164941447567,1802.542236328125,-20.0,20.0,103.85654854774475,-33.914301365000824
1289,12.89,-0.6564641267529202,-31.663667255767468,3.6782428926679764,-86.07564087657664,-22.296820763715722,1.4165118137201296,1898.181396484375,-20.0,20.0,103.84880876541138,-33.90003816322351
1290,12.9,-0.6565725150480866,-31.704289273791083,3.666516163590468,-83.51816226113677,-22.708521214627,-0.813578075308591,2007.481201171875,-20.0,20.0,103.84062337875366,-33.88530456139213
1291,12.91,-0.6567138813760284,-31.74379094344267,3.6549073640053926,-80.95185345087434,-23.025379058699578,-3.0858771988735407,2129.797607421875,-20.0,20.0,103.83193922042847,-33.86979895198045
1292,12.92,-0.6568650080346213,-31.78211800737362,3.643470594280795,-78.38247440605956,-23.245053935124425,-5.394041141570964,2200.0,-20.0,20.0,103.82296872138977,-33.842419828296165
1293,12.93,-0.6570006002950772,-31.81925689722284,3.632257420656918,-75.81624842070464,-23.36565595436847,-7.73135427718341,2200.0,-20.0,20.0,103.81399822235107,-33.801954714814265
1294,12.94,-0.6570949753279021,-31.855218348473098,3.621316247642089,-73.25975134899187,-23.385778210187006,-10.09083161614717,2200.0,-20.0,20.0,103.80502772331238,-33.762608850649855
1295,12.950000000000001,-0.6571226259277634,-31.89001557727849,3.6106947595250904,-70.71978622487943,-23.30452113017629,-12.465333085265037,2200.0,-20.0,20.0,103.79605722427368,-33.724538718648255
1296,12.96,-0.6570581981580493,-31.923664267597605,3.6004399685593045,-68.20325322086687,-23.12150506794618,-14.847693498391056,2200.0,-20.0,20.0,103.78708672523499,-33.687892903611804
1297,12.97,-0.6568765450768025,-31.956182537783032,3.590598115336903,-65.71701708099462,-22.8368714085757,-17.230855426849473,2200.0,-20.0,20.0,103.77811622619629,-33.65281256917271
1298,12.98,-0.6565527800150835,-31.987590902001482,3.5812145708146845,-63.26777818201548,-22.451272145819527,-19.60799883510234,2200.0,-20.0,20.0,103.76914572715759,-33.619432092039226
1299,12.99,-0.6560623292941146,-32.01791222656778,3.5723337402003903,-60.861953085540364,-21.965848510097256,-21.97266164202297,2200.0,-20.0,20.0,103.7601752281189,-33.58787983597612
1300,13.0,-0.6553809842687881,-32.047171681287026,3.5639989689042917,-58.50556966751357,-21.38219979003018,-24.31884614888029,2200.0,-20.0,20.0,103.7512047290802,-33.55827904376606
1301,13.01,-0.6544849525866078,-32.075396685909865,3.556252450756332,-56.20418075273486,-20.702343946881147,-26.64110743875307,2200.0,-20.0,20.0,103.7422342300415,-33.53074882079509
1302,13.02,-0.6533509085528455,-32.10261685181619,3.549135138684191,-53.96279878825461,-19.92867193573211,-28.934621251714297,2200.0,-20.0,20.0,103.73326373100281,-33.50540517820975
1303,13.030000000000001,-0.6519560424946537,-32.12886391905302,3.5426866580422836,-51.785852624640206,-19.063897803791736,-31.195230311564604,2200.0,-20.0,20.0,103.72429323196411,-33.48236209593557
1304,13.040000000000001,-0.6502781090190605,-32.15417168886207,3.5369452227759415,-49.677166093138354,-18.111006638297834,-33.41946946848164,2200.0,-20.0,20.0,103.71532273292542,-33.46173255521716
1305,13.05,-0.648295474062188,-32.17857595184209,3.5319475545988848,-47.63995689317665,-17.07320230391702,-35.60457120433931,2200.0,-20.0,20.0,103.70635223388672,-33.443629475771814
1306,13.06,-0.6459871606296672,-32.202114411900695,3.527728805355531,-45.67685341795904,-15.953856673359988,-37.74845394432523,2200.0,-20.0,20.0,103.69738173484802,-33.4281664737453
1307,13.07,-0.6433328931310766,-32.22482660615905,3.524322482732808,-43.78992657851413,-14.756461751505476,-39.849696197703196,2200.0,-20.0,20.0,103.68841123580933,-33.41545833454253
1308,13.08,-0.6403131402142876,-32.24675382098152,3.521760379478851,-41.980733429059235,-13.484585758792068,-41.90749982180856,2200.0,-20.0,20.0,103.67944073677063,-33.40562107333463
1309,13.09,-0.6369091560088637,-32.267939004310726,3.5200725062783853,-40.250369408386774,-12.141833905720333,-43.92164570755241,2200.0,-20.0,20.0,103.67047023773193,-33.398771444337406
1310,13.1,-0.6331030196911127,-32.288426674496165,3.5192870284266693,-38.59952623422564,-10.731814281625175,-45.892444981202544,2200.0,-20.0,20.0,103.66149973869324,-33.39502577209045
1311,13.11,-0.6288776732870425,-32.30826282581204,3.5194302064356635,-37.02855285486066,-9.25810901404509,-47.820688471828,2200.0,-20.0,20.0,103.65252923965454,-33.39449803200099
1312,13.120000000000001,-0.6242169576332826,-32.32749483086694,3.520526340697569,-35.537517312545546,-7.7242506389711965,-49.70759676933196,2200.0,-20.0,20.0,103.64355874061584,-33.39729721796489
1313,13.13,-0.6191056464200368,-32.34617134011469,3.522597720322135,-34.1262678536596,-6.1337034594438995,-51.55477274793696,2200.0,-20.0,20.0,103.63458824157715,-33.40352419966493
1314,13.14,-0.6135294782442803,-32.36434217868155,3.5256645762550956,-32.79449209084251,-4.489849558008719,-53.364157995520394,2200.0,-20.0,20.0,103.62561774253845,-33.41326845727976
1315,13.15,-0.6074751866057247,-32.38205824073082,3.5297450387758684,-31.54177345518404,-2.795979061899759,-55.137994198690485,2200.0,-20.0,20.0,103.61664724349976,-33.426605218429835
1316,13.16,-0.6009305277825246,-32.39937138159099,3.534855099463203,-30.36764455638606,-1.0552842313314768,-56.878790203803106,2200.0,-20.0,20.0,103.60767674446106,-33.44359353173388
1317,13.17,-0.5938843065282803,-32.416334307878124,3.5410085777078195,-29.271637389690085,0.7291430566929807,-58.589295212738236,2200.0,-20.0,20.0,103.59870624542236,-33.46427565039549
1318,13.18,-0.5863263995365992,-32.43300046584755,3.5482170918413063,-28.25333059143331,2.5543108313323124,-60.27247837986336,2200.0,-20.0,20.0,103.58973574638367,-33.48867780315915
1319,13.19,-0.5782477766242964,-32.449423928213314,3.5564900349405817,-27.312394156310837,4.4173239175896,-61.931514949454865,2200.0,-20.0,20.0,103.58076524734497,-33.51681210777507
1320,13.200000000000001,-0.5696405195892351,-32.46565927967726,3.565834555357191,-26.448632197565995,6.31537849850772,-63.56977900475931,2200.0,-20.0,20.0,103.57179474830627,-33.54867915772172
1321,13.21,-0.5604978387038171,-32.481761501411945,3.5762555420105406,-25.66202446651093,8.245754593400324,-65.19084288377682,2200.0,-20.0,20.0,103.56282424926758,-33.58427075476004
1322,13.22,-0.550814086810228,-32.497785854743874,3.58775561447394,-24.952767460387754,10.205806627845766,-66.79848334594284,2200.0,-20.0,20.0,103.55385375022888,-33.62357235274793
1323,13.23,-0.5405847709886996,-32.51378776428497,3.6003351178720497,-24.3213160476119,12.192952199229246,-68.39669464220472,2200.0,-20.0,20.0,103.54488325119019,-33.66656495069758
1324,13.24,-0.5298065617752687,-32.529822700761216,3.6139921225979976,-23.768426636107282,14.204659065830489,-69.98970874386634,2200.0,-20.0,20.0,103.53591275215149,-33.71322634817192
1325,13.25,-0.5184772999107761,-32.54594606378797,3.6287224288481252,-23.295203011957813,16.23843030718206,-71.58202311959786,2200.0,-20.0,20.0,103.5269422531128,-33.763531805539564
1326,13.26,-0.5065960006081467,-32.56221306484112,3.6445195759619975,-22.903146088994717,18.291787517139703,-73.17843661290944,2200.0,-20.0,20.0,103.5179717540741,-33.81745422222432
1327,13.27,-0.49416285533031223,-32.57867861067304,3.6613748565450495,-22.594208940841753,20.362251796433835,-74.78409416259542,2200.0,-20.0,20.0,103.5090012550354,-33.87496396787819
1328,13.280000000000001,-0.48117923107646915,-32.595397187420744,3.679277335341014,-22.370858639082623,22.447322205216363,-76.40454132451381,2200.0,-20.0,20.0,103.5000307559967,-33.93602849247745
1329,13.290000000000001,-0.46764766717969514,-32.612422745652275,3.698213872811169,-22.236146595553574,24.544451214207385,-78.04578979167785,2200.0,-20.0,20.0,103.49106025695801,-34.00061181809281
1330,13.3,-0.45357186962426854,-32.62980858659489,3.718169153367379,-22.193789299814075,26.651016550539442,-79.71439536486724,2200.0,-20.0,20.0,103.48208975791931,-34.06867398858294
1331,13.31,-0.4389567028963281,-32.64760724978622,3.7391257181960347,-22.24826154385246,28.76428866546654,-81.41755008536069,2200.0,-20.0,20.0,103.47311925888062,-34.140170529574156
1332,13.32,-0.42380817938677195,-32.665870402385835,3.7610640026002087,-22.404904412221747,30.88139284917,-83.1631904811386,2200.0,-20.0,20.0,103.46414875984192,-34.21505195204364
1333,13.33,-0.4081334463705079,-32.68464873038152,3.7839623777777773,-22.67005044437058,32.999264775982354,-84.96012405483775,2200.0,-20.0,20.0,103.45517826080322,-34.29326331880385
1334,13.34,-0.3919407705913234,-32.70399183191962,3.807797196943841,-23.051168371698527,35.114597974983724,-86.81817618050754,2200.0,-20.0,20.0,103.44620776176453,-34.37474388346569
1335,13.35,-0.37523952048672904,-32.723948112984715,3.8325428456965898,-23.55702956707003,37.2237813818888,-88.7483593492221,2200.0,-20.0,20.0,103.43723726272583,-34.45942680504361
1336,13.36,-0.3580401460921391,-32.744564685648186,3.8581717965167854,-24.197897607688773,39.322824739978685,-90.76306599965653,2200.0,-20.0,20.0,103.42826676368713,-34.54723893735183
1337,13.370000000000001,-0.3403541566686646,-32.765887269099764,3.884654667282331,-24.985740800751,41.40726919420616,-92.87628464662676,2200.0,-20.0,20.0,103.41929626464844,-34.63810068996775
1338,13.38,-0.3221940961036133,-32.78796009367,3.911960283670917,-25.934464611587718,43.47208000066584,-95.10383613516456,2200.0,-20.0,20.0,103.41032576560974,-34.73192595624994
1339,13.39,-0.30357351613749217,-32.81082580804498,3.9400557453155964,-27.06015582420138,45.51151793348082,-97.4636217585501,2200.0,-20.0,20.0,103.40135526657104,-34.82862210331769
1340,13.4,-0.2845069474758892,-32.83452538986748,3.968906495570238,-28.38132169024987,47.518985868313976,-99.97586642231056,2200.0,-20.0,20.0,103.39238476753235,-34.928090018732775
1341,13.41,-0.2650098688490637,-32.85909805991166,3.9984763947342867,-29.919093470545665,49.486847438459044,-102.66332619886052,2200.0,-20.0,20.0,103.38341426849365,-35.03022420872076
1342,13.42,-0.2450986740191134,-32.88458119998893,4.028727796573159,-31.697342313302737,51.40621602006688,-105.5514066865429,2200.0,-15.991599559783934,20.0,103.37444376945496,-35.134912199024626
1343,13.43,-0.22479063678914735,-32.91101027509975,4.059621628162194,-33.74262588378362,53.26671399997055,-108.66810319821016,2200.0,-10.760650634765625,20.0,103.36547327041626,-35.242034266613025
1344,13.44,-0.20410387382433526,-32.93841876054376,4.091117473179442,-36.08383981869316,55.05620883819322,-112.04363642891536,2200.0,-5.5549269914627075,20.0,103.35650277137756,-35.351463577040434
1345,13.450000000000001,-0.1830573047900809,-32.96683807386924,4.1231736581431875,-38.751382639400674,56.76055076603991,-115.7095983868647,2200.0,-0.37991344928741455,20.0,103.34753227233887,-35.46306655406445
1346,13.46,-0.16167061244209796,-32.99629751186923,4.155747341902798,-41.775610125492165,58.36334995125297,-119.6973780597687,2200.0,4.733938574790955,20.0,103.33856177330017,-35.57670871546685
1347,13.47,-0.139964188190087,-33.026824187731876,4.188794602310464,-45.1841745341362,59.845852189023,-124.03561249418013,2200.0,9.742020964622498,20.0,103.32959127426147,-35.6922581201082
1348,13.48,-0.11795910276076553,-33.058442973913294,4.222270530754701,-48.99812596786966,61.18699686024498,-128.7462884020654,2200.0,14.59824562072754,20.0,103.32062077522278,-35.80957145621417
1349,13.49,-0.09567704181266155,-33.091176445588935,4.256129319255504,-53.22652621799477,62.363807409199545,-133.83942778369405,2200.0,19.26465511322021,20.0,103.31165027618408,-35.92850594312772
1350,13.5,-0.07314026954087134,-33.125044833694936,4.29032435838968,-57.860209992231816,63.35221346864257,-139.30678504125208,2200.0,20.0,20.0,103.30267977714539,-36.04890976844282
1351,13.51,-0.050371579108477095,-33.16006598212602,4.324808333956727,-62.86556978334072,64.12842657444234,-145.11561869861944,2200.0,20.0,20.0,103.29370927810669,-36.17062710597855
1352,13.52,-0.027394243631080617,-33.196255311635696,4.3595333260766465,-68.18029113466952,64.6708637197996,-151.2044306636903,2200.0,20.0,20.0,103.284738779068,-36.29349825923784
1353,13.530000000000001,-0.004231966589427901,-33.233625789094646,4.394450909756907,-73.71343714473309,64.96239689996581,-157.4830523276745,2200.0,20.0,20.0,103.2757682800293,-36.41736077851259
1354,13.540000000000001,0.01909116844344226,-33.27218790198513,4.429512256573905,-79.35161031094982,64.99247720899739,-163.83880581447747,2200.0,20.0,20.0,103.2667977809906,-36.54205024533445
1355,13.55,0.042550748680993566,-33.3119496379509,4.4646682371556965,-84.97092534329246,64.7585675783049,-170.14847611820406,2200.0,20.0,20.0,103.2578272819519,-36.667400747102946
1356,13.56,0.06612208354473678,-33.35291646938109,4.499869524217032,-90.45198415157019,64.26643994815994,-176.29328598521244,2200.0,20.0,20.0,103.24885678291321,-36.7932452304348
1357,13.57,0.08978025657225451,-33.39509134309664,4.535066695925376,-95.69355338994444,63.52924284926838,177.82742609647957,2200.0,20.0,20.0,103.23988628387451,-36.91941582880286
1358,13.58,0.11350017773817041,-33.43847467521955,4.570210339384183,-100.62130392712979,62.56564649077165,172.28746564351025,2200.0,20.0,20.0,103.23091578483582,-37.04574421000335
1359,13.59,0.13725663609718736,-33.48306435128308,4.605251154020017,-105.19028468824321,61.39760596877684,167.13130742689876,2200.0,20.0,20.0,103.22194528579712,-37.17206195234882
1360,13.6,0.16102435264633705,-33.52885573161025,4.640140054659483,-109.38218138929727,60.04826193496947,162.37683586369369,2200.0,20.0,20.0,103.21297478675842,-37.298200942012286
1361,13.61,0.18477803329726797,-33.57584166196032,4.674828274082227,-113.19962315124249,58.54030286468119,158.02103766423193,2200.0,20.0,20.0,103.20400428771973,-37.423993780262286
1362,13.620000000000001,0.20849242184703803,-33.62401248942102,4.709267464837646,-116.65972707517894,56.89488810177825,154.04645670833688,2200.0,20.0,20.0,103.19503378868103,-37.54927419110829
1363,13.63,0.23214235283568774,-33.67335608350841,4.743409800114853,-119.78831680669916,55.131073270404244,150.42697514868917,2200.0,20.0,20.0,103.18606328964233,-37.673877422932435
1364,13.64,0.2557028041796358,-33.723857862423415,4.777208073457818,-122.6154398469688,53.265610473227234,147.13229599541918,2200.0,20.0,20.0,103.17709279060364,-37.79764064026855
1365,13.65,0.27914894947104246,-33.775500824403856,4.8106157971202075,-125.1722475917601,51.312990453599575,144.1310632074428,2200.0,20.0,20.0,103.16812229156494,-37.920403303581125
1366,13.66,0.3024562098344824,-33.82826558410022,4.843587298857384,-127.48902465146581,49.28561940344641,141.39283274478112,2200.0,20.0,20.0,103.15915179252625,-38.04200753582779
1367,13.67,0.3256003052335341,-33.88213041389445,4.8760778169564,-129.5940740081616,47.194055793415814,138.88918803617628,2200.0,20.0,20.0,103.15018129348755,-38.162298475013834
1368,13.68,0.34855730512125394,-33.93707129007082,4.908043593308552,-131.51318645770516,45.04726096814423,136.5942714284661,2200.0,20.0,20.0,103.14121079444885,-38.28112461210017
1369,13.69,0.3713036783300192,-33.99306194373868,4.939441964333269,-133.2694813092945,42.8528378948094,134.48494466410733,2200.0,20.0,20.0,103.13224029541016,-38.39833811368535
1370,13.700000000000001,0.3938163420979277,-34.05007391639698,4.9702314495667475,-134.88346652814235,40.617245899160814,132.54073022449384,2200.0,20.0,20.0,103.12326979637146,-38.513795128913145
1371,13.71,0.416072710130843,-34.10807662002134,5.00037183773376,-136.373217081383,38.34598724626842,130.7436348070033,2200.0,20.0,20.0,103.11429929733276,-38.62735608011721
1372,13.72,0.4380507396012885,-34.167037401545,5.029824270126484,-137.75460749025808,36.04376580996387,129.07791896598445,2200.0,20.0,20.0,103.10532879829407,-38.73888593679662
1373,13.73,0.4597289769877074,-34.22692161159626,5.058551321119977,-139.04156016048574,33.71462021012249,127.52985138493413,2200.0,20.0,20.0,103.09635829925537,-38.84825447262938
1374,13.74,0.4810866026601168,-34.2876926773462,5.086517075660032,-140.2462877742913,31.36203462746428,126.08746954236061,2200.0,20.0,20.0,103.08738780021667,-38.95533650535418
1375,13.75,0.5021034741208849,-34.34931217931225,5.113687203565597,-141.37951852692115,28.98903063062327,124.7403580424615,2200.0,20.0,20.0,103.07841730117798,-39.06001211948815
1376,13.76,0.522760167812244,-34.41173993195527,5.140029030494685,-142.45069934631604,26.598243127804366,123.47944953526395,2200.0,20.0,20.0,103.06944680213928,-39.16216687198157
1377,13.77,0.5430380194052089,-34.474934067899994,5.165511605429745,-143.46817592499312,24.191983188579815,122.2968494716008,2200.0,20.0,20.0,103.06047630310059,-39.26169198105707
1378,13.780000000000001,0.5629191624877979,-34.53885112560166,5.1901057645458115,-144.4393504187633,21.77229007938674,121.18568392585796,2200.0,20.0,20.0,103.05150580406189,-39.358484498604334
1379,13.790000000000001,0.5823865655738403,-34.60344614027454,5.213784191332321,-145.3708186813275,19.34097447322469,120.13996872066322,2200.0,20.0,20.0,103.0425353050232,-39.452447466644216
1380,13.8,0.601424067357201,-34.668672737891725,5.236521472847352,-146.26848932297477,16.89965445340115,119.15449768719547,2200.0,20.0,20.0,103.0335648059845,-39.543490058494875
1381,13.81,0.6200164101399417,-34.73448323205939,5.258294151991109,-147.13768696457993,14.449785640002737,118.22474783422015,2200.0,20.0,20.0,103.0245943069458,-39.631527705393346
1382,13.82,0.6381492713667664,-34.80082872356305,5.27908077569379,-147.9832419629729,11.9926865249247,117.34679932104208,2200.0,20.0,20.0,103.0156238079071,-39.71648220943515
1383,13.83,0.6558092932020683,-34.867659202378036,5.29886193892147,-148.80956870504426,9.529559902005857,116.51726834084438,2200.0,20.0,20.0,103.00665330886841,-39.79828184379243
1384,13.84,0.6729841100899756,-34.93492365193166,5.317620324412325,-149.62073436072785,7.061511117087922,115.7332512676176,2200.0,20.0,20.0,102.99768280982971,-39.87686144125271
1385,13.85,0.6896623742420007,-35.002570155400015,5.3353407380643665,-150.4205197803479,4.589563732707141,114.99227867264372,2200.0,20.0,20.0,102.98871231079102,-39.95216247218689
1386,13.86,0.7058337790012021,-35.070546003818514,5.35201013990487,-151.2124740364788,2.114673098205659,114.29227806070827,2200.0,20.0,20.0,102.97974181175232,-40.02413311309869
1387,13.870000000000001,0.7214890800361808,-35.138797805781735,5.367617670580806,-151.9999639529764,-0.3622617662235712,113.63154440598807,2200.0,20.0,20.0,102.97077131271362,-40.09272830692755
1388,13.88,0.7366201143227228,-35.2072715985051,5.3821546733188335,-152.78621983819667,-2.840387627479353,113.00871778242161,2200.0,20.0,20.0,102.96180081367493,-40.15790981626627
1389,13.89,0.7512198168754808,-35.27591296001828,5.395614711312728,-153.57437854748113,-5.318887544956614,112.42276758587205,2200.0,20.0,20.0,102.95283031463623,-40.219646270616096
1390,13.9,0.7652822351967309,-35.344667122258286,5.407993580505557,-154.3675249429241,-7.7969721658587785,111.8729830401702,2200.0,20.0,20.0,102.94385981559753,-40.277913208719504
1391,13.91,0.7788025414139498,-35.41347908482844,5.419289317743364,-155.16873279769334,-10.273871578884297,111.35896987219554,2200.0,20.0,20.0,102.93488931655884,-40.33269311689668
1392,13.92,0.791777042082716,-35.48229372918822,5.429502204286619,-155.98110621022968,-12.748827510882428,110.88065323984111,2200.0,20.0,20.0,102.92591881752014,-40.383975464148484
1393,13.93,0.8042031856362379,-35.5510559330386,5.438634764675205,-156.80782265457785,-15.221085657808567,110.43828720978752,2200.0,20.0,20.0,102.91694831848145,-40.431756734585036
1394,13.94,0.8160795674676502,-35.619710684666806,5.446691760952252,-157.65217890324996,-17.689887938547972,110.03247132004934,2200.0,20.0,20.0,102.90797781944275,-40.476040457481545
1395,13.950000000000001,0.8274059326360683,-35.68820319701535,5.453680182261579,-158.51764122775933,-20.154464447243992,109.66417503845243,2200.0,20.0,20.0,102.89900732040405,-40.5168372349746
1396,13.96,0.8381831761922657,-35.75647902124024,5.459609229842992,-159.40790152263713,-22.614024855172286,109.33477125910538,2200.0,20.0,20.0,102.89003682136536,-40.55416476705833
1397,13.97,0.8484133411247063,-35.824484159525156,5.464490297459063,-160.32694133006476,-25.06774897460212,109.04608038608934,2200.0,20.0,20.0,102.88106632232666,-40.5880478731685
1398,13.98,0.858099613931531,-35.89216517691972,5.468336947296307,-161.27910619007278,-27.514776140868825,108.80042706518095,2200.0,20.0,20.0,102.87209582328796,-40.61851850922101
1399,13.99,0.867246317828945,-35.959469311972114,5.471164881392947,-162.26919334112628,-29.954192989823298,108.60071227800094,2200.0,20.0,20.0,102.86312532424927,-40.645615778534996
1400,14.0,0.8758589036112748,-36.02634458592932,5.472991908654494,-163.30255659654924,-32.3850190983986,108.45050435891555,2200.0,20.0,20.0,102.85415482521057,-40.66938593462053
1401,14.01,0.8839439381827505,-36.09273991028094,5.473837907527378,-164.38523329023738,-34.80618980547136,108.35415360127934,2200.0,20.0,20.0,102.84518432617188,-40.68988237336135
1402,14.02,0.8915090907858102,-36.15860519242624,5.473724784409672,-165.52409961135422,-37.21653532310428,108.31693657826105,2200.0,20.0,20.0,102.83621382713318,-40.707165611696
1403,14.030000000000001,0.8985631169554108,-36.2238914392483,5.4726764278866025,-166.72706255559078,-39.61475496249696,108.34523823885357,2200.0,20.0,20.0,102.82724332809448,-40.7213032495138
1404,14.040000000000001,0.9051158402334489,-36.288550858383026,5.470718658886995,-168.0032992764696,-41.99938490267113,108.44678241895313,2200.0,20.0,20.0,102.81827282905579,-40.73236991116019
1405,14.05,0.9111781316819507,-36.35253695697626,5.467879176865083,-169.3635580447805,-44.36875737682742,108.63092485191574,2200.0,20.0,20.0,102.80930233001709,-40.74044716270054
1406,14.06,0.9167618872381517,-36.415804637727,5.464187502120129,-170.82053960254757,-46.720948374261845,108.90902735834645,2200.0,20.0,20.0,102.8003318309784,-40.74562340097096
1407,14.07,0.9218800029589671,-36.4783102920206,5.459674914374146,-172.38938377872375,-49.05370985688305,109.29493799027873,2200.0,20.0,20.0,102.7913613319397,-40.747993710443176
1408,14.08,0.9265463482066298,-36.54001188996196,5.454374387735534,-174.08829419856997,-51.364380926690636,109.80560988221478,2200.0,20.0,20.0,102.782390832901,-40.74765968408481
1409,14.09,0.9307757368314424,-36.600869067124854,5.448320522183779,-175.93934407081463,-53.64977014972543,110.46190172447912,2200.0,20.0,20.0,102.7734203338623,-40.7447292047293
1410,14.1,0.9345838964116414,-36.66084320784083,5.441549471717342,-177.96951830050693,-55.90599805532393,111.28961504754955,2200.0,20.0,20.0,102.76444983482361,-40.73931618397113
1411,14.11,0.937987435614302,-36.71989752485765,5.434098869313623,179.78793964212048,-58.12828429993556,112.32083669660477,2200.0,20.0,20.0,102.75547933578491,-40.73154025630351
1412,14.120000000000001,0.9410038097450097,-36.77799713520535,5.426007748856299,177.29179758846232,-60.31065764094055,113.595664960679,2200.0,20.0,20.0,102.74650883674622,-40.72152642709689
1413,14.13,0.9436512845576799,-36.8351091321153,5.417316464191408,174.49064646795355,-62.44555827208635,115.16439412485133,2200.0,20.0,20.0,102.73753833770752,-40.70940467407131
1414,14.14,0.9459488983994205,-36.89120265284613,5.408066605479381,171.32022225173654,-64.5232912442729,117.09018919574052,2200.0,20.0,20.0,102.72856783866882,-40.69530950313434
1415,14.15,0.947916422768691,-36.94624894227856,5.398300913015592,167.700345726735,-66.53127827950846,119.45214309002766,2200.0,20.0,20.0,102.71959733963013,-40.67937946078256
1416,14.16,0.9495743213682066,-37.00022141214999,5.3880631886971395,163.53194319571853,-68.45304954687052,122.34825316774514,2200.0,20.0,20.0,102.71062684059143,-40.6617566066991
1417,14.17,0.9509437077370724,-37.05309569580858,5.377398205318231,158.69540939345663,-70.26693463105963,125.89705580158557,2200.0,20.0,20.0,102.70165634155273,-40.642585951626806
1418,14.18,0.9520463015494893,-37.10484969837576,5.366351613880953,153.05316927008798,-71.94449557796015,130.2350623161349,2200.0,20.0,20.0,102.69268584251404,-40.62201486705002
1419,14.19,0.9529043836700587,-37.15546364221544,5.354969849112124,146.46197978055557,-73.44898028662956,135.50445514660225,2200.0,20.0,20.0,102.68371534347534,-40.600192474577895
1420,14.200000000000001,0.9535407500582102,-37.20492010761787,5.3433000333805545,138.80357450900652,-74.7345854291935,141.8224413797413,2200.0,20.0,20.0,102.67474484443665,-40.57726902415922
1421,14.21,0.9539786646165905,-37.25320406861586,5.331389879212201,130.04152726644364,-75.74813052711629,149.22438753324235,2200.0,20.0,20.0,102.66577434539795,-40.55339527129396
1422,14.22,0.9542418110803736,-37.300302923860905,5.319287590603519,120.297838157263,-76.43533752682052,157.5872320753673,2200.0,20.0,20.0,102.65680384635925,-40.528721864198374
1423,14.23,0.9543542440463699,-37.34620652249696,5.307041763335669,109.90821814263685,-76.75269645727289,166.5741996569936,2200.0,20.0,20.0,102.64783334732056,-40.50339875237252
1424,14.24,0.954340339242544,-37.390907184979845,5.2947012844942565,99.3885257511945,-76.68144167194852,175.66836340837736,2200.0,20.0,20.0,102.63886284828186,-40.477574628194134
1425,14.25,0.9542247431400656,-37.43439971880026,5.282315231400799,89.29080642919452,-76.23541336865864,-175.68339518622022,2200.0,20.0,20.0,102.62989234924316,-40.45139641297846
1426,14.26,0.9540323220113349,-37.47668142907932,5.269932770163312,80.03399408087755,-75.4567904107216,-167.9010883788727,2200.0,20.0,20.0,102.62092185020447,-40.42500879842039
1427,14.27,0.9537881105385285,-37.51775212401535,5.257603054054096,71.82277559947455,-74.40286040391932,-161.19048700342282,2200.0,20.0,20.0,102.61195135116577,-40.398553853470865
1428,14.280000000000001,0.9535172600781083,-37.557614115171575,5.245375121923146,64.67494953073565,-73.13246899466284,-155.57047920507966,2200.0,20.0,20.0,102.60298085212708,-40.372170705531836
1429,14.290000000000001,0.9532449866874155,-37.596272212604795,5.233297796855477,58.49670589403658,-71.69769664144958,-150.94835006402542,2200.0,20.0,20.0,102.59401035308838,-40.34599530343518
1430,14.3,0.9529965190199434,-37.633733714845356,5.2214195852801435,53.14973305064642,-70.1409470052182,-147.18688798504124,2200.0,20.0,20.0,102.58503985404968,-40.32016026804352
1431,14.31,0.9527970461961339,-37.670008393749654,5.209788576737787,48.491817225258856,-68.49526303879496,-144.1449834393843,2200.0,20.0,20.0,102.57606935501099,-40.29479483456662
1432,14.32,0.9526716657565816,-37.70510847425637,5.198452344512168,44.395358087255204,-66.78590390290051,-141.6961434433113,2200.0,20.0,20.0,102.56709885597229,-40.27002488886136
1433,14.33,0.9526453318043544,-37.739048609088336,5.187457847329378,40.75299519900581,-65.0321041477421,-139.73411655641743,2200.0,20.0,20.0,102.5581283569336,-40.24597309815811
1434,14.34,0.9527428034427449,-37.77184584845214,5.176851332326237,37.47719107434512,-63.248592826655084,-138.17247411690195,2200.0,20.0,20.0,102.5491578578949,-40.22275913484204
1435,14.35,0.9529885936141641,-37.80351960479756,5.166678239486779,34.49757457384189,-61.446778329829556,-136.94195141272354,2200.0,20.0,20.0,102.5401873588562,-40.20049999009888
1436,14.36,0.9534069184450692,-37.83409161270934,5.15698310774277,31.757828549585856,-59.63563054800679,-135.98733267239646,2200.0,20.0,20.0,102.5312168598175,-40.179310372347594
1437,14.370000000000001,0.9540216472007865,-37.86358588401329,5.1478094829307555,29.212834987478413,-57.82232437959979,-135.26459309354712,2200.0,20.0,20.0,102.52224636077881,-40.15930318319527
1438,14.38,0.9548562529528558,-37.89202865818883,5.139199827794442,26.82629239505662,-56.01270596598618,-134.73851262702243,2200.0,20.0,20.0,102.51327586174011,-40.14059006088608
1439,14.39,0.9559337640600704,-37.91944834818933,5.131195434216978,24.568813253566663,-54.21163073619927,-134.38076930530693,2200.0,20.0,20.0,102.50430536270142,-40.12328197729739
1440,14.4,0.9572767165627449,-37.94587548178125,5.123836337863244,22.41643707481986,-52.42320970613611,-134.16844762689502,2200.0,20.0,20.0,102.49533486366272,-40.10748986875172
1441,14.41,0.9589071075878882,-37.97134263852186,5.117161235407326,20.349479447001038,-50.6509901991524,-134.08288235392274,2200.0,20.0,20.0,102.48636436462402,-40.09332527225475
1442,14.42,0.9608463498609128,-37.995884382504606,5.111207404515126,18.35164386262983,-48.89808950413911,-134.10876449253954,2200.0,20.0,20.0,102.47739386558533,-40.08090092610308
1443,14.43,0.9631152274172746,-38.019537191009476,5.106010626746468,16.409335796656887,-47.16729451566198,-134.2334489047353,2200.0,20.0,20.0,102.46842336654663,-40.07033127613278
1444,14.44,0.9657338526050061,-38.042339379204265,5.101605113535152,14.511131385283203,-45.46113655761921,-134.44641588888848,2200.0,20.0,20.0,102.45945286750793,-40.06173280596601
1445,14.450000000000001,0.968721624466495,-38.064331021050634,5.098023435399143,12.647364106156013,-43.78194791012253,-134.7388501240079,2200.0,20.0,20.0,102.45048236846924,-40.05522408315524
1446,14.46,0.9720971885850697,-38.08555386657671,5.095296454526578,10.809801680259866,-42.131904688246955,-135.1033092018029,2200.0,20.0,20.0,102.44151186943054,-40.05092538851592
1447,14.47,0.9758783984789904,-38.106051255685145,5.093453260876395,8.991392209347971,-40.51305941119625,-135.53346077577308,2200.0,20.0,20.0,102.43254137039185,-40.04895778412944
1448,14.48,0.9800822786223107,-38.12586802867303,5.092521111925271,7.186063700862027,-38.92736567793788,-136.0238725082966,2200.0,20.0,20.0,102.42357087135315,-40.04944149384682
1449,14.49,0.9847249891687863,-38.14505043364649,5.092525376185193,5.388564983750675,-37.37669671146791,-136.56984286405893,2200.0,20.0,20.0,102.41460037231445,-40.05249353920055
1450,14.5,0.9898217924515577,-38.16364603101918,5.093489480608304,3.594338895398766,-35.86285906715409,-137.16726369309976,2200.0,20.0,20.0,102.40562987327576,-40.05822470750569
1451,14.51,0.9953870213277402,-38.1817035952902,5.095434861987808,1.7994207680539898,-34.38760246532828,-137.81250771519913,2200.0,20.0,20.0,102.39665937423706,-40.066736118324975
1452,14.52,1.001434049433319,-38.19927301430214,5.0983809224556085,0.00035684992284217574,-32.95262646614676,-138.50233564630045,2200.0,20.0,20.0,102.38768887519836,-40.07811585126934
1453,14.530000000000001,1.0079752634098786,-38.21640518618541,5.102344989169036,-1.8058614985183328,-31.55958452921746,-139.23381893681568,2200.0,20.0,20.0,102.37871837615967,-40.09243621817677
1454,14.540000000000001,1.0150220371607004,-38.233151914199745,5.107342278270539,-3.621851084879778,-30.210085873184276,-140.00427502408704,2200.0,20.0,20.0,102.36974787712097,-40.109752221521276
1455,14.55,1.022584708189649,-38.24956579968819,5.113385863195504,-5.449880207531475,-28.905695458428525,-140.81121271275535,2200.0,20.0,20.0,102.36077737808228,-40.130101511612104
1456,14.56,1.030672556072048,-38.26570013336268,5.120486647394581,-7.291904064868263,-27.647932350142185,-141.65228584294903,2200.0,20.0,20.0,102.35180687904358,-40.153505805636094
1457,14.57,1.0392937831024172,-38.28160878514389,5.1286533415278965,-9.14959389715153,-26.438266672676846,-142.52525382775258,2200.0,20.0,20.0,102.34283638000488,-40.17997339896029
1458,14.58,1.0484554971595295,-38.29734609278115,5.137892445179439,-11.024361200545552,-25.278115334503326,-143.42794796832592,2200.0,20.0,20.0,102.33386588096619,-40.20950221025282
1459,14.59,1.0581636968247468,-38.31296674948067,5.148208233130739,-12.91737811526139,-24.168836682768408,-144.35824270918607,2200.0,20.0,20.0,102.32489538192749,-40.242082802562386
1460,14.6,1.0684232587850064,-38.32852569077256,5.159602746223659,-14.829594903057194,-23.11172423459844,-145.31403119373903,2200.0,20.0,20.0,102.3159248828888,-40.277700967417125
1461,14.61,1.079237927547202,-38.344077980848716,5.172075786832787,-16.76175528038444,-22.107999626826103,-146.29320463302145,2200.0,20.0,20.0,102.3069543838501,-40.316339659029154
1462,14.620000000000001,1.0906103074859885,-38.35967869860497,5.185624918958503,-18.714410252011664,-21.15880492494603,-147.29363511758197,2200.0,20.0,20.0,102.2979838848114,-40.357980243167574
1463,14.63,1.102541857242302,-38.37538282362143,5.200245472942426,-20.687930988205387,-20.265194434327423,-148.3131615900678,2200.0,20.0,20.0,102.2890133857727,-40.40260314187107
1464,14.64,1.1150328864850927,-38.39124512231547,5.215930554797445,-22.682521200555474,-19.428126160708157,-149.34957875941745,2200.0,20.0,20.0,102.28004288673401,-40.450188008744384
1465,14.65,1.1280825550439595,-38.407320034501254,5.232671060135171,-24.698229392875522,-18.64845307154922,-150.40062878044745,2200.0,20.0,20.0,102.27107238769531,-40.500713577038994
1466,14.66,1.1416888744155318,-38.423661560589444,5.250455692664236,-26.734961291042197,-17.92691431386429,-151.46399554834184,2200.0,20.0,20.0,102.26210188865662,-40.554157304590056
1467,14.67,1.1558487116416103,-38.4403231496591,5.269270987223496,-28.792492686989515,-17.264126546661924,-152.53730146884,2200.0,20.0,20.0,102.25313138961792,-40.61049491194612
1468,14.68,1.1705577955522237,-38.4573575886325,5.289101337304952,-30.870482866034052,-16.6605755462889,-153.61810656436413,2200.0,20.0,20.0,102.24416089057922,-40.6696998823372
1469,14.69,1.1858107253619279,-38.47481689278143,5.309929027011946,-32.96848872272644,-16.11660824004303,-154.70390976644097,2200.0,20.0,20.0,102.23519039154053,-40.73174296887261
1470,14.700000000000001,1.2016009816028637,-38.49275219779073,5.331734267389161,-35.08597960861363,-15.63242531688146,-155.79215222800198,2200.0,20.0,20.0,102.22621989250183,-40.79659173673813
1471,14.71,1.21792093937329,-38.511213653602184,5.354495237051898,-37.2223528962562,-15.208074553583888,-156.88022246805411,2200.0,20.0,20.0,102.21724939346313,-40.86421015572685
1472,14.72,1.2347618838755738,-38.53025032025812,5.378188127033335,-39.37695018857714,-14.843444980243932,-157.96546313830206,2200.0,20.0,20.0,102.20827889442444,-40.93455825015073
1473,14.73,1.2521140282129117,-38.5499100659602,5.402787189759723,-41.549074052356026,-14.538261990603738,-159.04517917901853,2200.0,20.0,20.0,102.19930839538574,-41.00759180794465
1474,14.74,1.2699665334094152,-38.57023946755469,5.428264792055028,-43.73800511072703,-14.292083480947376,-160.11664711216403,2200.0,20.0,20.0,102.19033789634705,-41.083262147653556
1475,14.75,1.2883075306136198,-38.59128371365041,5.45459147206815,-45.94301929313408,-14.10429707664973,-161.17712520548358,2200.0,20.0,20.0,102.18136739730835,-41.161515940276345
1476,14.76,1.3071241454409757,-38.613086510570554,5.481736000007769,-48.1634050133597,-13.974118478879547,-162.22386423378495,2200.0,20.0,20.0,102.17239689826965,-41.24229508211192
1477,14.77,1.3264025244064646,-38.63568999133395,5.509665442561992,-50.398480027654905,-13.90059093637936,-163.2541185641081,2200.0,20.0,20.0,102.16342639923096,-41.325536614472206
1478,14.780000000000001,1.3461278633941678,-38.65913462785511,5.538345230872288,-52.64760771590838,-13.882585819783696,-164.26515730079151,2200.0,20.0,20.0,102.15445590019226,-41.41117268615708
1479,14.790000000000001,1.3662844381063932,-38.683459146546205,5.567739231923849,-54.91021252898796,-13.918804249684868,-165.2542752447155,2200.0,20.0,20.0,102.14548540115356,-41.499130554787
1480,14.8,1.3868556364308635,-38.70870044749709,5.597809823207367,-57.18579435415185,-14.00777970572648,-166.218803447966,2200.0,20.0,20.0,102.13651490211487,-41.5893326233676
1481,14.81,1.407823992660486,-38.734893527402484,5.628517970500401,-59.473941566624596,-14.147881523342724,-167.1561191799516,2200.0,20.0,20.0,102.12754440307617,-41.68169650876558
1482,14.82,1.4291712234963603,-38.76207140639789,5.659823308609967,-61.77434255754741,-14.337319168234183,-168.06365516241897,2200.0,20.0,20.0,102.11857390403748,-41.77613513906896
1483,14.83,1.4508782657609687,-38.79026505895778,5.691684224911757,-64.08679555479034,-14.574147166856516,-168.9389079772525,2200.0,20.0,20.0,102.10960340499878,-41.87255687708374
1484,14.84,1.4729253157449096,-38.81950334900164,5.72405794551553,-66.41121658166199,-14.856270564554933,-169.77944560069545,2200.0,20.0,20.0,102.10063290596008,-41.970865667462306
1485,14.85,1.4952918701071127,-38.84981296934484,5.756900623880621,-68.74764542750177,-15.181450781695975,-170.58291406887187,2200.0,20.0,20.0,102.09166240692139,-42.07096120517648
1486,14.86,1.5179567682452086,-38.881218385622425,5.790167431700357,-71.09624953176466,-15.547311742164707,-171.347043330407,2200.0,20.0,20.0,102.08269190788269,-42.172739123228666
1487,14.870000000000001,1.5408982360496175,-38.91374178480523,5.823812651869292,-73.45732570804053,-15.951346157758248,-172.06965239092034,2200.0,20.0,20.0,102.073721408844,-42.27609119765849
1488,14.88,1.5640939309520019,-38.94740302841785,5.857789773342729,-75.83129965538753,-16.39092186590145,-172.74865389969509,2200.0,20.0,20.0,102.0647509098053,-42.380905568027
1489,14.89,1.5875209881759653,-38.982219610559014,5.892051587693892,-78.21872322072937,-16.86328813627488,-173.38205836966142,2200.0,20.0,20.0,102.0557804107666,-42.48706697167727
1490,14.9,1.6111560680953185,-39.01820662081478,5.9265502871704445,-80.62026938767355,-17.365581883816358,-173.96797825691283,2200.0,20.0,20.0,102.0468099117279,-42.594456990165156
1491,14.91,1.6349754046028555,-39.05537671214516,5.961237564048718,-83.03672497426105,-17.89483375048463,-174.5046321543959,2200.0,20.0,20.0,102.03783941268921,-42.70295430632975
1492,14.92,1.6589548543903898,-39.093740073814615,5.996064711081159,-85.4689810256636,-18.447974045559977,-174.99034937540492,2200.0,20.0,20.0,102.02886891365051,-42.81243497054727
1493,14.93,1.6830699470388295,-39.13330440942654,6.0309827228299975,-87.91802088900256,-19.02183856340757,-175.4235752153007,2200.0,20.0,20.0,102.01989841461182,-42.92277267476686
1494,14.94,1.7072959358152757,-39.17407492011147,6.065942397678105,-90.38490595803076,-19.613174327930395,-175.80287718365147,2200.0,20.0,20.0,102.01092791557312,-43.03383903298592
1495,14.950000000000001,1.7316078490725644,-39.216054292908176,6.100894440306369,-92.87075907757249,-20.218645343650444,-176.12695249280415,2200.0,20.0,20.0,102.00195741653442,-43.14550386686919
1496,14.96,1.7559805421453043,-39.25924269436606,6.135789564425698,-95.37674560390177,-20.83483846381695,-176.39463707160317,2200.0,20.0,20.0,101.99298703670502,-43.2576354952624
1497,14.97,1.7803887496353201,-39.303637769386775,6.170578595550999,-97.90405213048106,-21.458269515278253,-176.60491634320877,2200.0,20.0,20.0,101.98401665687561,-43.37010102639966
1498,14.98,1.8048071379784745,-39.34923464531197,6.205212573604145,-100.4538629116943,-22.085389847185606,-176.75693796216586,2200.0,20.0,20.0,101.9750462770462,-43.48276665164784
1499,14.99,1.8292103581841357,-39.396025941253306,6.239642855133021,-103.02733405343403,-22.712593494799837,-176.85002664634163,2200.0,20.0,20.0,101.9660758972168,-43.595497939677834
1500,15.0,1.8535730986380674,-39.44400178265033,6.2738212149342765,-105.62556559151545,-23.33622516944732,-176.88370116242774,2200.0,20.0,20.0,101.95710551738739,-43.70816013000345
1501,15.01,1.877870137859247,-39.493149821030535,6.30769994686838,-108.24957164931736,-23.952589299502346,-176.85769342799938,2200.0,20.0,20.0,101.94813513755798,-43.82061842487852
1502,15.02,1.9020763971010821,-39.54345525893554,6.341231963656979,-110.90024895642739,-24.55796035336076,-176.77196957787285,2200.0,20.0,20.0,101.93916475772858,-43.93273827859333
1503,15.030000000000001,1.9261669926876708,-39.594900879966495,6.374370895454388,-113.57834412079458,-25.148594671784533,-176.62675270797024,2200.0,20.0,20.0,101.93019437789917,-44.04438568327603
1504,15.040000000000001,1.9501172879761586,-39.64746708389106,6.407071186987296,-116.2844201766573,-25.72074402165964,-176.42254685789257,2200.0,20.0,20.0,101.92122399806976,-44.15542745035673
1505,15.05,1.9739029448368823,-39.70113192674393,6.439288193059476,-119.01882307575201,-26.270671054035475,-176.16016162783836,2200.0,20.0,20.0,101.91225361824036,-44.26573148691873
1506,15.06,1.9974999745438309,-39.755871165842464,6.470978272221408,-121.78164894374163,-26.794666804547077,-175.8407366528406,2200.0,20.0,20.0,101.90328323841095,-44.37516706622609
1507,15.07,2.0208847879690466,-39.81165830962847,6.502098878408205,-124.57271307808634,-27.289070312644853,-175.46576498697672,2200.0,20.0,20.0,101.89431285858154,-44.48360509178948
1508,15.08,2.044034244975872,-39.868464672237444,6.532608650353248,-127.39152180518492,-27.75029035700009,-175.03711429475163,2200.0,20.0,20.0,101.88534247875214,-44.59091835439442
1509,15.09,2.066925702907474,-39.926259432686365,6.562467498589196,-130.23724842819107,-28.174829208861055,-174.55704462151883,2200.0,20.0,20.0,101.87637209892273,-44.69698178160091
1510,15.1,2.0895370640687956,-39.98500969856152,6.5916366898528365,-133.10871456501707,-28.559308195256783,-174.0282214369093,2200.0,20.0,20.0,101.86740171909332,-94.80167267929171
