Step,Time,X,Y,Z,Roll,Pitch,Yaw,Thrust,GimbalYaw,GimbalPitch,Mass,Reward
0,0,0.9567951429867684,1.3529482355206965,11.0,-0.29877193180697365,-3.2045587164324933,0.008357369754204834,0.0,0.0,0.0,110.0,0.0
1,0.01,0.9636182527530943,1.352896457066805,10.975787696209657,-0.2983227259145621,-3.204362224063629,0.004197687967414318,0.0,-20.0,-20.0,110.0,-8.446867812113863
2,0.02,0.9704407169139566,1.3528453392727353,10.951575352828149,-0.2973418122910814,-3.204244067657918,-0.010033588362372645,0.0,-20.0,-20.0,110.0,-8.424854579826567
3,0.03,0.9772631743163781,1.3527942276674938,10.927363009033277,-0.2968094717498701,-3.2042873862015417,-0.01964942504864088,0.0,-20.0,-20.0,110.0,-8.401206783570563
4,0.04,0.9840855576510745,1.3527431915393282,10.903150660700557,-0.29645302759652725,-3.2043864473101507,-0.02730099691629307,0.0,-20.0,-20.0,110.0,-8.378270996534084
5,0.05,0.9909079294575778,1.352692164135598,10.878938311676926,-0.2961051077600073,-3.204500104863255,-0.03499484405663699,0.0,-20.0,-20.0,110.0,-8.35554253870234
6,0.06,0.9977303129580865,1.3526411197238928,10.854725963396282,-0.29571559933216585,-3.2046106863712556,-0.043260611862868004,0.0,-20.0,-20.0,110.0,-8.33283169474057
7,0.07,1.0045527149437956,1.3525900521071663,10.830513616271245,-0.29528256009102527,-3.2047116043216306,-0.05203018739296216,0.0,-20.0,-20.0,110.0,-8.310094627494239
8,0.08,1.011375134930719,1.3525389626312616,10.806301270267848,-0.29481585129660104,-3.2048014251272043,-0.06112151653948812,0.0,-20.0,-20.0,110.0,-8.287336167059038
9,0.09,1.018197570077285,1.3524878545537558,10.782088925210104,-0.2943259703162573,-3.204881148452681,-0.07038700669711857,0.0,-20.0,-20.0,110.0,-8.264567929720247
10,0.1,1.0250200169477677,1.352436732202586,10.757876580883146,-0.2938211345893716,-3.204952773725216,-0.07973665186251219,0.0,-20.0,-20.0,110.0,-8.24179983424605
11,0.11,1.031842472393115,1.3523855997287966,10.733664237089043,-0.29330682237176686,-3.205018287193378,-0.08912398000064936,0.0,-20.0,-20.0,110.0,-8.219038197068237
12,0.12,1.0386649339888179,1.3523344603610432,10.709451893675231,-0.2927865848007273,-3.205079259856368,-0.09852722193681246,0.0,-20.0,-20.0,110.0,-8.19628622111866
13,0.13,1.0454874000816519,1.3522833169957995,10.68523955053405,-0.2922629175704186,-3.2051368765129276,-0.10793688163736244,0.0,-20.0,-20.0,110.0,-8.173545462893706
14,0.14,1.0523098694254733,1.352232171304754,10.661027207587015,-0.2917376452991374,-3.205191998254007,-0.11734922825189202,0.0,-20.0,-20.0,110.0,-8.150816594191829
15,0.15,1.0591323411670992,1.352181024861396,10.63681486477815,-0.2912116418316726,-3.205245276995372,-0.1267628936294699,0.0,-20.0,-20.0,110.0,-8.128099973589075
16,0.16,1.0659548146455995,1.3521298781058653,10.612602522068162,-0.29068531944404297,-3.205297194040222,-0.13617732103991306,0.0,-20.0,-20.0,110.0,-8.105395757813753
17,0.17,1.072777289389643,1.3520787312751417,10.588390179429421,-0.2901588904236386,-3.2053480952296365,-0.14559225429775072,0.0,-20.0,-20.0,110.0,-8.082704064939172
18,0.18,1.0795997650726017,1.3520275845041216,10.564177836842937,-0.289632471480352,-3.2053982206083886,-0.1550075595269118,0.0,-20.0,-20.0,110.0,-8.060024999196235
19,0.19,1.0864222414748836,1.3519764378653363,10.53996549429604,-0.2891061237058756,-3.205447730387054,-0.16442315833068627,0.0,-20.0,-20.0,110.0,-8.037358659315089
20,0.2,1.093244718446634,1.351925291380197,10.515753151780222,-0.2885798696713877,-3.2054967337867035,-0.1738389959437104,0.0,-20.0,-20.0,110.0,-8.014705140540825
21,0.21,1.1000671958731836,1.3518741450260792,10.491540809289186,-0.28805369382913143,-3.2055453142868267,-0.18325502422990236,0.0,-20.0,-20.0,110.0,-7.991968705190381
22,0.22,1.106889673624412,1.351822998730687,10.467328466816022,-0.28752754988465257,-3.2055935585906057,-0.19267118953619894,0.0,-20.0,-20.0,110.0,-7.969064564018039
23,0.23,1.113712151609334,1.3517718524369242,10.443116124355935,-0.2870013815134397,-3.2056415626949537,-0.20208743609751775,0.0,-20.0,-20.0,110.0,-7.946170158415695
24,0.24,1.1205346297172807,1.3517207060810343,10.418903781903062,-0.2864751588348059,-3.205689387420036,-0.2115037295696238,0.0,-20.0,-20.0,110.0,-7.9232855495084085
25,0.25,1.1273571079017901,1.3516695596487154,10.39469143945487,-0.285948871879767,-3.2057370681655497,-0.2209200507962854,0.0,-20.0,-20.0,110.0,-7.900410795353386
26,0.26,1.1341795861357276,1.3516184131410744,10.370479097009841,-0.2854225216199866,-3.2057846253755424,-0.23033638922145708,0.0,-20.0,-20.0,110.0,-7.877545953426034
27,0.27,1.1410020644035723,1.351567266566675,10.346266754567058,-0.28489611439083173,-3.2058320707097603,-0.2397527390362666,0.0,-20.0,-20.0,110.0,-7.854691081017232
28,0.28,1.147824542696468,1.3515161199368197,10.322054412125967,-0.28436965850152296,-3.205879410842488,-0.2491690969853291,0.0,-20.0,-20.0,110.0,-7.831846235485146
29,0.29,1.1546470210091437,1.3514649732628454,10.297842069686212,-0.28384316227042655,-3.205926649769721,-0.2585854611556213,0.0,-20.0,-20.0,110.0,-7.809011474409671
30,0.3,1.1614694993381234,1.3514138265547382,10.273629727247547,-0.28331663302059495,-3.205973790136079,-0.26800183033003994,0.0,-20.0,-20.0,110.0,-7.786186855684724
31,0.31,1.1682919776807814,1.3513626798206166,10.249417384809787,-0.28279007671079087,-3.206020833933687,-0.2774182036557771,0.0,-20.0,-20.0,110.0,-7.763372437572014
32,0.32,1.1751144560349085,1.3513115330667422,10.225205042372771,-0.28226349794811156,-3.2060677828256328,-0.2868345804823414,0.0,-20.0,-20.0,110.0,-7.740568278731606
33,0.33,1.1819369343985553,1.3512603862977928,10.200992699936366,-0.28173690018815967,-3.206114638267883,-0.29625096028664744,0.0,-20.0,-20.0,110.0,-7.717774438238836
34,0.34,1.1887594127699965,1.351209239517218,10.176780357500457,-0.2812102859912638,-3.2061614015397937,-0.3056673426393946,0.0,-20.0,-20.0,110.0,-7.694990975593579
35,0.35000000000000003,1.1955818911477372,1.3511580927275681,10.15256801506495,-0.28068365726065425,-3.206208073745129,-0.31508372718863614,0.0,-20.0,-20.0,110.0,-7.67221795072571
36,0.36,1.2024043695305155,1.351106945930758,10.12835567262976,-0.280157015431945,-3.2062546558125793,-0.324500113649072,0.0,-20.0,-20.0,110.0,-7.649455423998973
37,0.37,1.2092268479172945,1.3510557991282541,10.104143330194827,-0.27963036161000215,-3.206301148505077,-0.3339165017925741,0.0,-20.0,-20.0,110.0,-7.62670345621452
38,0.38,1.2160493263072374,1.3510046523212047,10.079930987760093,-0.2791036966620074,-3.2063475524374287,-0.3433328914388648,0.0,-20.0,-20.0,110.0,-7.603962108614583
39,0.39,1.2228718046996787,1.3509535055105202,10.055718645325518,-0.2785770212789901,-3.2063938680984423,-0.3527492824465933,0.0,-20.0,-20.0,110.0,-7.5812314428864624
40,0.4,1.2296942830940942,1.3509023586969309,10.031506302891067,-0.2780503360168009,-3.2064400958736963,-0.3621656747053118,0.0,-20.0,-20.0,110.0,-7.558511521166778
41,0.41000000000000003,1.2365167614900718,1.3508512118810234,10.007293960456716,-0.2775236413245121,-3.2064862360663473,-0.37158206812867783,0.0,-20.0,-20.0,110.0,-7.5358024060458755
42,0.42,1.2433392398872876,1.3508000650632694,9.983081618022444,-0.27699693756532423,-3.206532288914743,-0.38099846264896686,0.0,-20.0,-20.0,110.0,-7.513104160572331
43,0.43,1.2501617182854854,1.3507489182440464,9.958869275588237,-0.27647022503288005,-3.206578254606618,-0.3904148582127906,0.0,-20.0,-20.0,110.0,-7.49041684825748
44,0.44,1.2569841966844637,1.3506977714236559,9.934656933154077,-0.2759435039644908,-3.206624133290189,-0.3998312547778248,0.0,-20.0,-20.0,110.0,-7.467740533079988
45,0.45,1.2638066750840624,1.350646624602338,9.910444590719957,-0.2754167745520339,-3.206669925082718,-0.4092476523103309,0.0,-20.0,-20.0,110.0,-7.445075279490401
46,0.46,1.270629153484154,1.350595477780284,9.88623224828587,-0.2748900369509426,-3.2067156300770963,-0.41866405078327695,0.0,-20.0,-20.0,110.0,-7.422421152415731
47,0.47000000000000003,1.2774516318846378,1.3505443309576453,9.862019905851806,-0.27436329128756237,-3.2067612483469397,-0.4280804501749017,0.0,-20.0,-20.0,110.0,-7.399778217264053
48,0.48,1.284274110285433,1.3504931841345422,9.837807563417762,-0.27383653766510324,-3.2068067799505577,-0.4374968504676073,0.0,-20.0,-20.0,110.0,-7.377146539929156
49,0.49,1.2910965886864758,1.3504420373110702,9.813595220983736,-0.2733097761684213,-3.206852224934082,-0.4469132516470943,0.0,-20.0,-20.0,110.0,-7.354526186795199
50,0.5,1.2979190670877154,1.3503908904873052,9.789382878549722,-0.27278300686782053,-3.2068975833339484,-0.4563296537016815,0.0,-20.0,-20.0,110.0,-7.331917224741441
51,0.51,1.3047415454891114,1.3503397436633073,9.765170536115718,-0.2722562298220672,-3.2069428551788692,-0.46574605662176727,0.0,-20.0,-20.0,110.0,-7.309319721147008
52,0.52,1.3115640238906314,1.3502885968391245,9.740958193681722,-0.271729445080781,-3.2069880404914097,-0.4751624603994022,0.0,-20.0,-20.0,110.0,-7.286733743895713
53,0.53,1.31838650229225,1.3502374500147944,9.716745851247731,-0.27120265268631943,-3.207033139289244,-0.4845788650279482,0.0,-20.0,-20.0,110.0,-7.264159361380905
54,0.54,1.325208980693947,1.3501863031903478,9.692533508813746,-0.27067585267527333,-3.2070781515861575,-0.4939952705018091,0.0,-20.0,-20.0,110.0,-7.241596642510425
55,0.55,1.3320314590957065,1.3501351563658082,9.668321166379764,-0.27014904507965365,-3.207123077392848,-0.5034116768162159,0.0,-20.0,-20.0,110.0,-7.219045656711548
56,0.56,1.3388539374975152,1.350084009541195,9.644108823945786,-0.2696222299278291,-3.20716791671756,-0.5128280839670555,0.0,-20.0,-20.0,110.0,-7.196506473936037
57,0.5700000000000001,1.3456764158993633,1.3500328627165232,9.619896481511809,-0.2690954072452751,-3.2072126695665886,-0.5222444919507357,0.0,-20.0,-20.0,110.0,-7.173979164665219
58,0.58,1.3524988943012424,1.349981715891805,9.595684139077836,-0.26856857705516723,-3.207257335944682,-0.5316609007640789,0.0,-20.0,-20.0,110.0,-7.15146379991513
59,0.59,1.3593213727031463,1.34993056906705,9.571471796643863,-0.2680417393788533,-3.2073019158553597,-0.541077310404235,0.0,-20.0,-20.0,110.0,-7.1289604512417295
60,0.6,1.3661438511050699,1.3498794222422656,9.547259454209891,-0.26751489423622665,-3.2073464093011634,-0.5504937208686143,0.0,-20.0,-20.0,110.0,-7.106469190746142
61,0.61,1.3729663295070091,1.3498282754174582,9.523047111775922,-0.2669880416460282,-3.2073908162838625,-0.5599101321548354,0.0,-20.0,-20.0,110.0,-7.083990091079992
62,0.62,1.3797888079089606,1.349777128592632,9.498834769341952,-0.2664611816260813,-3.207435136804609,-0.5693265442606806,0.0,-20.0,-20.0,110.0,-7.061523225450776
63,0.63,1.3866112863109223,1.3497259817677916,9.474622426907985,-0.26593431419347874,-3.2074793708640685,-0.5787429571840633,0.0,-20.0,-20.0,110.0,-7.039068667627317
64,0.64,1.3934337647128918,1.3496748349429395,9.450410084474017,-0.26540743936473565,-3.2075235184625166,-0.5881593709230004,0.0,-20.0,-20.0,110.0,-7.016626491945254
65,0.65,1.4002562431148673,1.349623688118078,9.42619774204005,-0.26488055715590747,-3.2075675795999246,-0.5975757854755918,0.0,-20.0,-20.0,110.0,-6.9941967733126065
66,0.66,1.4070787215168479,1.3495725412932094,9.401985399606081,-0.26435366758268286,-3.207611554276017,-0.6069922008400023,0.0,-20.0,-20.0,110.0,-6.971779587215414
67,0.67,1.4139011999188325,1.3495213944683353,9.377773057172114,-0.26382677066046173,-3.2076554424903243,-0.6164086170144492,0.0,-20.0,-20.0,110.0,-6.949375009723412
68,0.68,1.4207236783208201,1.3494702476434564,9.353560714738146,-0.2632998664044129,-3.2076992442422276,-0.6258250339971911,0.0,-20.0,-20.0,110.0,-6.926983117495809
69,0.6900000000000001,1.4275461567228105,1.349419100818574,9.32934837230418,-0.2627729548295198,-3.207742959530983,-0.635241451786519,0.0,-20.0,-20.0,110.0,-6.904603987787082
70,0.7000000000000001,1.4343686351248026,1.3493679539936891,9.305136029870214,-0.26224603595062135,-3.207786588355755,-0.6446578703807501,0.0,-20.0,-20.0,110.0,-6.882237698452866
71,0.71,1.4411911135267963,1.3493168071688018,9.280923687436248,-0.2617191097824415,-3.207830130715628,-0.6540742897782222,0.0,-20.0,-20.0,110.0,-6.859884327955926
72,0.72,1.448013591928791,1.3492656603439126,9.256711345002282,-0.261192176339613,-3.207873586609629,-0.6634907099772906,0.0,-20.0,-20.0,110.0,-6.837543955372138
73,0.73,1.454836070330787,1.3492145135190223,9.232499002568316,-0.26066523563669486,-3.2079169560367373,-0.672907130976322,0.0,-20.0,-20.0,110.0,-6.815216660396613
74,0.74,1.4616585487327836,1.3491633666941312,9.20828666013435,-0.2601382876881877,-3.2079602389958977,-0.6823235527736945,0.0,-20.0,-20.0,110.0,-6.792902523349809
75,0.75,1.4684810271347808,1.3491122198692391,9.184074317700384,-0.259611332508547,-3.208003435486021,-0.691739975367794,0.0,-20.0,-20.0,110.0,-6.770601625183775
76,0.76,1.4753035055367785,1.3490610730443466,9.159861975266418,-0.25908437011219004,-3.208046545506002,-0.7011563987570129,0.0,-20.0,-20.0,110.0,-6.748314047488433
77,0.77,1.4821259839387766,1.3490099262194537,9.135649632832452,-0.25855740051350673,-3.2080895690547147,-0.710572822939749,0.0,-20.0,-20.0,110.0,-6.726039872497922
78,0.78,1.4889484623407752,1.3489587793945605,9.111437290398486,-0.25803042372686474,-3.2081325061310193,-0.7199892479144038,0.0,-20.0,-20.0,110.0,-6.703779183097042
79,0.79,1.495770940742774,1.3489076325696672,9.08722494796452,-0.257503439766612,-3.2081753567337676,-0.7294056736793821,0.0,-20.0,-20.0,110.0,-6.681532062827735
80,0.8,1.502593419144773,1.3488564857447736,9.063012605530554,-0.25697644864708236,-3.2082181208618032,-0.7388221002330915,0.0,-20.0,-20.0,110.0,-6.659298595895656
81,0.81,1.509415897546772,1.34880533891988,9.038800263096588,-0.2564494503825982,-3.2082607985139657,-0.7482385275739413,0.0,-20.0,-20.0,110.0,-6.637078867176809
82,0.8200000000000001,1.5162383759487712,1.3487541920949864,9.014587920662622,-0.25592244498747324,-3.2083033896890876,-0.7576549557003426,0.0,-20.0,-20.0,110.0,-6.614872962224255
83,0.8300000000000001,1.5230608543507704,1.3487030452700928,8.990375578228656,-0.2553954324760143,-3.208345894386002,-0.7670713846107076,0.0,-20.0,-20.0,110.0,-6.59268096727489
84,0.84,1.5298833327527699,1.3486518984451994,8.96616323579469,-0.2548684128625219,-3.208388312603539,-0.7764878143034494,0.0,-20.0,-20.0,110.0,-6.570502969256299
85,0.85,1.5367058111547693,1.348600751620306,8.941950893360724,-0.25434138616129154,-3.2084306443405266,-0.7859042447769817,0.0,-20.0,-20.0,110.0,-6.548339055793675
86,0.86,1.5435282895567688,1.3485496047954129,8.917738550926758,-0.2538143523866171,-3.2084728895957957,-0.7953206760297195,0.0,-20.0,-20.0,110.0,-6.526189315216824
87,0.87,1.5503507679587682,1.3484984579705197,8.893526208492792,-0.25328731155278905,-3.2085150483681746,-0.8047371080600775,0.0,-20.0,-20.0,110.0,-6.504053836567218
88,0.88,1.557173246360768,1.3484473111456268,8.869313866058826,-0.25276026367409515,-3.2085571206564945,-0.814153540866471,0.0,-20.0,-20.0,110.0,-6.48193270960517
89,0.89,1.5639957247627676,1.3483961643207338,8.84510152362486,-0.25223320876482097,-3.208599106459588,-0.8235699744473154,0.0,-20.0,-20.0,110.0,-6.459826024817013
90,0.9,1.5708182031647673,1.3483450174958411,8.820889181190894,-0.2517061468392519,-3.2086410057762866,-0.8329864088010264,0.0,-20.0,-20.0,110.0,-6.437733873422416
91,0.91,1.577640681566767,1.3482938706709486,8.796676838756929,-0.2511790779116726,-3.208682818605427,-0.8424028439260199,0.0,-20.0,-20.0,110.0,-6.415656347381748
92,0.92,1.5844631599687666,1.3482427238460564,8.772464496322963,-0.25065200199636634,-3.208724544945842,-0.8518192798207119,0.0,-20.0,-20.0,110.0,-6.393593539403509
93,0.93,1.5912856383707663,1.348191577021164,8.748252153888997,-0.2501249191076158,-3.208766184796372,-0.861235716483518,0.0,-20.0,-20.0,110.0,-6.371545542951854
94,0.9400000000000001,1.598108116772766,1.348140430196272,8.72403981145503,-0.2495978292597034,-3.2088077381558566,-0.8706521539128543,0.0,-20.0,-20.0,110.0,-6.34951245225418
95,0.9500000000000001,1.6049305951747657,1.3480892833713802,8.699827469021065,-0.24907073246691117,-3.2088492050231388,-0.8800685921071367,0.0,-20.0,-20.0,110.0,-6.327494362308787
96,0.96,1.6117530735767653,1.3480381365464886,8.675615126587099,-0.24854362874352146,-3.2088905853970613,-0.8894850310647813,0.0,-20.0,-20.0,110.0,-6.305491368892624
97,0.97,1.618575551978765,1.3479869897215973,8.651402784153133,-0.24801651810381736,-3.208931879276471,-0.898901470784204,0.0,-20.0,-20.0,110.0,-6.2835035685691105
98,0.98,1.6253980303807647,1.347935842896706,8.627190441719167,-0.24748940056208005,-3.2089730866602157,-0.9083179112638207,0.0,-20.0,-20.0,110.0,-6.261531058696016
99,0.99,1.6322205087827644,1.347884696071815,8.6029780992852,-0.24696227613259145,-3.2090142075471473,-0.9177343525020465,0.0,-20.0,-20.0,110.0,-6.239573937433431
100,1.0,1.639042987184764,1.347833549246924,8.578765756851235,-0.24643514482963386,-3.209055241936118,-0.9271507944972978,0.0,-20.0,-20.0,110.0,-6.217632303751815
101,1.01,1.6458654655867637,1.3477824024220333,8.554553414417269,-0.24590800666748902,-3.2090961898259835,-0.9365672372479907,0.0,-20.0,-20.0,110.0,-6.195706257440107
102,1.02,1.6526879439887634,1.3477312555971428,8.530341071983303,-0.24538086166043896,-3.209137051215602,-0.9459836807525402,0.0,-20.0,-20.0,110.0,-6.173795899113918
103,1.03,1.659510422390763,1.3476801087722525,8.506128729549337,-0.24485370982276639,-3.2091778261038324,-0.955400125009362,0.0,-20.0,-20.0,110.0,-6.151901330223806
104,1.04,1.6663329007927628,1.3476289619473625,8.48191638711537,-0.24432655116875418,-3.209218514489538,-0.9648165700168715,0.0,-20.0,-20.0,110.0,-6.1300226530636115
105,1.05,1.6731553791947624,1.3475778151224724,8.457704044681405,-0.24379938571268472,-3.2092591163715816,-0.9742330157734844,0.0,-20.0,-20.0,110.0,-6.108159970778874
106,1.06,1.679977857596762,1.3475266682975826,8.433491702247439,-0.24327221346883982,-3.209299631748831,-0.9836494622776156,0.0,-20.0,-20.0,110.0,-6.086313387375327
107,1.07,1.6868003359987618,1.347475521472693,8.409279359813473,-0.24274503445150394,-3.209340060620155,-0.9930659095276808,0.0,-20.0,-20.0,110.0,-6.064483007727465
108,1.08,1.6936228144007615,1.3474243746478036,8.385067017379507,-0.24221784867495944,-3.2093804029844257,-1.0024823575220947,0.0,-20.0,-20.0,110.0,-6.042668937587171
109,1.09,1.7004452928027611,1.3473732278229145,8.360854674945541,-0.24169065615349014,-3.209420658840516,-1.0118988062592729,0.0,-20.0,-20.0,110.0,-6.020871283592441
110,1.1,1.7072677712047608,1.3473220809980255,8.336642332511575,-0.24116345690137878,-3.2094608281873027,-1.0213152557376302,0.0,-20.0,-20.0,110.0,-5.999090153276155
111,1.11,1.7140902496067605,1.3472709341731368,8.312429990077609,-0.24063625093290986,-3.2095009110236647,-1.0307317059555816,0.0,-20.0,-20.0,110.0,-5.977325655074943
112,1.12,1.7209127280087602,1.347219787348248,8.288217647643643,-0.24010903826236696,-3.2095409073484826,-1.040148156911542,0.0,-20.0,-20.0,110.0,-5.9555778983381025
113,1.1300000000000001,1.7277352064107598,1.3471686405233596,8.264005305209677,-0.2395818189040335,-3.2095808171606395,-1.0495646086039256,0.0,-20.0,-20.0,110.0,-5.933846993336608
114,1.1400000000000001,1.7345576848127595,1.3471174936984713,8.239792962775711,-0.23905459287219397,-3.2096206404590206,-1.0589810610311476,0.0,-20.0,-20.0,110.0,-5.912133051272153
115,1.1500000000000001,1.7413801632147592,1.3470663468735833,8.215580620341745,-0.23852736018113335,-3.209660377242515,-1.068397514191623,0.0,-20.0,-20.0,110.0,-5.890436184286309
116,1.16,1.7482026416167589,1.3470152000486955,8.19136827790778,-0.23800012084513694,-3.2097000275100105,-1.077813968083766,0.0,-20.0,-20.0,110.0,-5.868756505469721
117,1.17,1.7550251200187585,1.3469640532238079,8.167155935473813,-0.23747287487848873,-3.209739591260402,-1.0872304227059912,0.0,-20.0,-20.0,110.0,-5.847094128871365
118,1.18,1.7618475984207582,1.3469129063989203,8.142943593039847,-0.2369456222954738,-3.2097790684925838,-1.096646878056713,0.0,-20.0,-20.0,110.0,-5.825449169507892
119,1.19,1.768670076822758,1.3468617595740329,8.118731250605881,-0.23641836311037778,-3.209818459205452,-1.1060633341343449,0.0,-20.0,-20.0,110.0,-5.803821743373022
120,1.2,1.7754925552247576,1.3468106127491457,8.094518908171915,-0.2358910973374852,-3.2098577633979075,-1.1154797909373022,0.0,-20.0,-20.0,110.0,-5.78221196744701
121,1.21,1.7823150336267573,1.3467594659242588,8.07030656573795,-0.2353638249910823,-3.2098969810688542,-1.1248962484639986,0.0,-20.0,-20.0,110.0,-5.760619959706156
122,1.22,1.789137512028757,1.346708319099372,8.046094223303983,-0.23483654608545448,-3.2099361122171928,-1.1343127067128482,0.0,-20.0,-20.0,110.0,-5.739045839132397
123,1.23,1.7959599904307566,1.3466571722744856,8.021881880870017,-0.2343092606348875,-3.2099751568418324,-1.143729165682265,0.0,-20.0,-20.0,110.0,-5.717489725722943
124,1.24,1.8027824688327563,1.3466060254495993,7.9976695384360506,-0.2337819686536679,-3.210014114941681,-1.153145625370663,0.0,-20.0,-20.0,110.0,-5.695951740499967
125,1.25,1.809604947234756,1.346554878624713,7.973457196002084,-0.2332546701560825,-3.21005298651565,-1.1625620857764563,0.0,-20.0,-20.0,110.0,-5.674432005520362
126,1.26,1.8164274256367556,1.346503731799827,7.949244853568117,-0.23272736515641776,-3.210091771562654,-1.171978546898058,0.0,-20.0,-20.0,110.0,-5.652930643885539
127,1.27,1.8232499040387553,1.3464525849749411,7.92503251113415,-0.23220005366895954,-3.2101304700816087,-1.1813950087338825,0.0,-20.0,-20.0,110.0,-5.63144777975128
128,1.28,1.830072382440755,1.3464014381500555,7.900820168700183,-0.23167273570799501,-3.2101690820714324,-1.1908114712823423,0.0,-20.0,-20.0,110.0,-5.609983538337637
129,1.29,1.8368948608427547,1.3463502913251701,7.876607826266216,-0.23114541128781155,-3.2102076075310455,-1.2002279345418518,0.0,-20.0,-20.0,110.0,-5.5885380459388765
130,1.3,1.8437173392447543,1.346299144500285,7.852395483832249,-0.23061808042269605,-3.2102460464593716,-1.209644398510824,0.0,-20.0,-20.0,110.0,-5.567111429933467
131,1.31,1.850539817646754,1.3462479976754,7.8281831413982825,-0.23009074312693656,-3.210284398855336,-1.2190608631876731,0.0,-20.0,-20.0,110.0,-5.545703818794111
132,1.32,1.8573622960487537,1.346196850850515,7.803970798964316,-0.22956339941482168,-3.2103226647178675,-1.2284773285708113,0.0,-20.0,-20.0,110.0,-5.5243153420978075
133,1.33,1.8641847744507534,1.3461457040256304,7.779758456530349,-0.22903604930063823,-3.210360844045895,-1.2378937946586523,0.0,-20.0,-20.0,110.0,-5.502946130535949
134,1.34,1.871007252852753,1.346094557200746,7.755546114096382,-0.2285086927986742,-3.2103989368383523,-1.2473102614496092,0.0,-20.0,-20.0,110.0,-5.481596315924455
135,1.35,1.8778297312547527,1.3460434103758616,7.731333771662415,-0.22798132992321735,-3.2104369430941726,-1.2567267289420947,0.0,-20.0,-20.0,110.0,-5.460266031213935
136,1.36,1.8846522096567524,1.3459922635509776,7.707121429228448,-0.22745396068855675,-3.210474862812296,-1.2661431971345223,0.0,-20.0,-20.0,110.0,-5.438955410499855
137,1.37,1.891474688058752,1.3459411167260937,7.682909086794481,-0.22692658510898148,-3.210512695991658,-1.2755596660253041,0.0,-20.0,-20.0,110.0,-5.417664589032764
138,1.3800000000000001,1.8982971664607518,1.3458899699012101,7.6586967443605145,-0.22639920319877943,-3.210550442631205,-1.2849761356128537,0.0,-20.0,-20.0,110.0,-5.396393703228491
139,1.3900000000000001,1.9051196448627514,1.3458388230763265,7.634484401926548,-0.22587181497223974,-3.210588102729878,-1.2943926058955835,0.0,-20.0,-20.0,110.0,-5.37514289067839
140,1.4000000000000001,1.911942123264751,1.3457876762514431,7.610272059492581,-0.22534442044365163,-3.2106256762866248,-1.3038090768719064,0.0,-20.0,-20.0,110.0,-5.353912290159574
141,1.41,1.9187646016667508,1.34573652942656,7.586059717058614,-0.2248170196273047,-3.2106631633003957,-1.3132255485402349,0.0,-20.0,-20.0,110.0,-5.332702041645162
142,1.42,1.9255870800687505,1.345685382601677,7.561847374624647,-0.2242896125374885,-3.2107005637701405,-1.3226420208989813,0.0,-20.0,-20.0,110.0,-5.311512286314521
143,1.43,1.9324095584707501,1.3456342357767943,7.53763503219068,-0.2237621991884923,-3.2107378776948137,-1.3320584939465578,0.0,-20.0,-20.0,110.0,-5.2903431665634955
144,1.44,1.9392320368727498,1.3455830889519118,7.513422689756713,-0.2232347795946068,-3.2107751050733704,-1.341474967681378,0.0,-20.0,-20.0,110.0,-5.269194826014635
145,1.45,1.9460545152747495,1.3455319421270293,7.4892103473227465,-0.2227073537701213,-3.21081224590477,-1.3508914421018525,0.0,-20.0,-20.0,110.0,-5.248067409527412
146,1.46,1.9528769936767492,1.345480795302147,7.46499800488878,-0.22217992172932688,-3.210849300187973,-1.3603079172063945,0.0,-20.0,-20.0,110.0,-5.22696106320839
147,1.47,1.9596994720787488,1.345429648477265,7.440785662454813,-0.2216524834865127,-3.210886267921943,-1.3697243929934158,0.0,-20.0,-20.0,110.0,-5.20587593442139
148,1.48,1.9665219504807485,1.3453785016523832,7.416573320020846,-0.22112503905597045,-3.2109231491056445,-1.3791408694613283,0.0,-20.0,-20.0,110.0,-5.1848121717976055
149,1.49,1.9733444288827482,1.3453273548275015,7.392360977586879,-0.22059758845199084,-3.2109599437380463,-1.3885573466085444,0.0,-20.0,-20.0,110.0,-5.163769925245697
150,1.5,1.9801669072847479,1.3452762080026202,7.368148635152912,-0.2200701316888651,-3.210996651818118,-1.3979738244334763,0.0,-20.0,-20.0,110.0,-5.142749345961798
151,1.51,1.9869893856867475,1.345225061177739,7.343936292718945,-0.21954266878088308,-3.211033273344833,-1.4073903029345347,0.0,-20.0,-20.0,110.0,-5.121750586439517
152,1.52,1.9938118640887472,1.3451739143528578,7.3197239502849785,-0.21901519974233724,-3.211069808317165,-1.4168067821101324,0.0,-20.0,-20.0,110.0,-5.100773800479835
153,1.53,2.000634342490747,1.3451227675279769,7.295511607851012,-0.21848772458751908,-3.211106256734092,-1.426223261958681,0.0,-20.0,-20.0,110.0,-5.079819143200954
154,1.54,2.007456820892747,1.3450716207030962,7.271299265417045,-0.2179602433307201,-3.2111426185945935,-1.4356397424785914,0.0,-20.0,-20.0,110.0,-5.058886771048056
155,1.55,2.014279299294747,1.3450204738782157,7.247086922983078,-0.21743275598623166,-3.2111788938976513,-1.4450562236682756,0.0,-20.0,-20.0,110.0,-5.037976841802989
156,1.56,2.021101777696747,1.3449693270533354,7.222874580549111,-0.21690526256834639,-3.21121508264225,-1.4544727055261453,0.0,-20.0,-20.0,110.0,-5.017089514593836
157,1.57,2.0279242560987467,1.3449181802284553,7.198662238115144,-0.21637776309135662,-3.211251184827377,-1.4638891880506113,0.0,-20.0,-20.0,110.0,-4.9962249499044
158,1.58,2.0347467345007466,1.3448670334035755,7.174449895681177,-0.21585025756955492,-3.211287200452019,-1.4733056712400854,0.0,-20.0,-20.0,110.0,-4.975383309583558
159,1.59,2.0415692129027465,1.3448158865786957,7.15023755324721,-0.2153227460172335,-3.2113231295151685,-1.4827221550929781,0.0,-20.0,-20.0,110.0,-4.954564756854498
160,1.6,2.0483916913047464,1.344764739753816,7.126025210813244,-0.21479522844868507,-3.2113589720158213,-1.4921386396077017,0.0,-20.0,-20.0,110.0,-4.933769456323821
161,1.61,2.0552141697067463,1.3447135929289367,7.101812868379277,-0.21426770487820265,-3.21139472795297,-1.5015551247826664,0.0,-20.0,-20.0,110.0,-4.9129975739904985
162,1.62,2.062036648108746,1.3446624461040575,7.07760052594531,-0.2137401753200803,-3.2114303973256155,-1.5109716106162834,0.0,-20.0,-20.0,110.0,-4.892249277254659
163,1.6300000000000001,2.068859126510746,1.3446112992791786,7.053388183511343,-0.2132126397886103,-3.211465980132757,-1.5203880971069637,0.0,-20.0,-20.0,110.0,-4.871524734926231
164,1.6400000000000001,2.075681604912746,1.3445601524542998,7.029175841077376,-0.2126850982980859,-3.2115014763734,-1.5298045842531183,0.0,-20.0,-20.0,110.0,-4.850824117233378
165,1.6500000000000001,2.082504083314746,1.3445090056294213,7.004963498643409,-0.21215755086280128,-3.2115368860465474,-1.5392210720531576,0.0,-20.0,-20.0,110.0,-4.830147595830757
166,1.6600000000000001,2.089326561716746,1.3444578588045428,6.980751156209442,-0.2116299974970503,-3.211572209151208,-1.548637560505493,0.0,-20.0,-20.0,110.0,-4.8094953438075745
167,1.67,2.0961490401187457,1.3444067119796645,6.956538813775476,-0.211102438215126,-3.2116074456863926,-1.5580540496085349,0.0,-20.0,-20.0,110.0,-4.788867535695394
168,1.68,2.1029715185207456,1.3443555651547865,6.932326471341509,-0.2105748730313235,-3.211642595651113,-1.5674705393606934,0.0,-20.0,-20.0,110.0,-4.768264347475744
169,1.69,2.1097939969227455,1.3443044183299087,6.908114128907542,-0.21004730195993734,-3.2116776590443843,-1.5768870297603794,0.0,-20.0,-20.0,110.0,-4.747685956587455
170,1.7,2.1166164753247454,1.344253271505031,6.883901786473575,-0.20951972501526153,-3.2117126358652244,-1.5863035208060035,0.0,-20.0,-20.0,110.0,-4.727132541933742
171,1.71,2.1234389537267453,1.3442021246801537,6.859689444039608,-0.20899214221159015,-3.211747526112651,-1.595720012495976,0.0,-20.0,-20.0,110.0,-4.706604283888998
172,1.72,2.130261432128745,1.3441509778552763,6.835477101605641,-0.20846455356321897,-3.2117823297856885,-1.6051365048287067,0.0,-20.0,-20.0,110.0,-4.686101364305298
173,1.73,2.137083910530745,1.344099831030399,6.811264759171674,-0.20793695908444276,-3.2118170468833602,-1.6145529978026065,0.0,-20.0,-20.0,110.0,-4.665623966518591
174,1.74,2.143906388932745,1.3440486842055221,6.7870524167377075,-0.20740935878955713,-3.2118516774046917,-1.6239694914160854,0.0,-20.0,-20.0,110.0,-4.645172275354548
175,1.75,2.150728867334745,1.3439975373806454,6.762840074303741,-0.2068817526928568,-3.211886221348714,-1.6333859856675532,0.0,-20.0,-20.0,110.0,-4.624746477134079
176,1.76,2.157551345736745,1.343946390555769,6.738627731869774,-0.20635414080863768,-3.2119206787144563,-1.64280248055542,0.0,-20.0,-20.0,110.0,-4.604346759678465
177,1.77,2.1643738241387447,1.3438952437308926,6.714415389435807,-0.2058265231511957,-3.211955049500954,-1.6522189760780963,0.0,-20.0,-20.0,110.0,-4.5839733123141135
178,1.78,2.1711963025407446,1.3438440969060166,6.69020304700184,-0.20529889973482632,-3.211989333707243,-1.661635472233991,0.0,-20.0,-20.0,110.0,-4.563626325876898
179,1.79,2.1780187809427445,1.3437929500811405,6.665990704567873,-0.20477127057382594,-3.2120235313323606,-1.6710519690215146,0.0,-20.0,-20.0,110.0,-4.5433059927160695
180,1.8,2.1848412593447444,1.3437418032562647,6.641778362133906,-0.20424363568249068,-3.212057642375348,-1.6804684664390768,0.0,-20.0,-20.0,110.0,-4.523012506697723
181,1.81,2.1916637377467443,1.343690656431389,6.6175660196999395,-0.20371599507511606,-3.2120916668352497,-1.6898849644850862,0.0,-20.0,-20.0,110.0,-4.50274606320778
182,1.82,2.198486216148744,1.3436395096065137,6.593353677265973,-0.20318834876599925,-3.2121256047111095,-1.6993014631579537,0.0,-20.0,-20.0,110.0,-4.48250685915448
183,1.83,2.205308694550744,1.3435883627816385,6.569141334832006,-0.20266069676943646,-3.2121594560019764,-1.7087179624560882,0.0,-20.0,-20.0,110.0,-4.462295092970352
184,1.84,2.212131172952744,1.3435372159567636,6.544928992398039,-0.20213303909972571,-3.212193220706899,-1.7181344623778994,0.0,-20.0,-20.0,110.0,-4.442110964613634
185,1.85,2.218953651354744,1.3434860691318888,6.520716649964072,-0.20160537577116444,-3.212226898824932,-1.7275509629217969,0.0,-20.0,-20.0,110.0,-4.42195467556912
186,1.86,2.2257761297567438,1.3434349223070141,6.496504307530105,-0.2010777067980489,-3.2122604903551286,-1.7369674640861892,0.0,-20.0,-20.0,110.0,-4.401826428848423
187,1.87,2.2325986081587437,1.3433837754821396,6.472291965096138,-0.20055003219467613,-3.2122939952965472,-1.7463839658694869,0.0,-20.0,-20.0,110.0,-4.381726428989586
188,1.8800000000000001,2.2394210865607436,1.3433326286572653,6.4480796226621715,-0.20002235197534424,-3.212327413648247,-1.7558004682700978,0.0,-20.0,-20.0,110.0,-4.361654882056059
189,1.8900000000000001,2.2462435649627435,1.3432814818323913,6.423867280228205,-0.19949466615435,-3.212360745409289,-1.7652169712864314,0.0,-20.0,-20.0,110.0,-4.341611995634983
190,1.9000000000000001,2.2530660433647434,1.3432303350075174,6.399654937794238,-0.19896697474599254,-3.2123939905787395,-1.7746334749168975,0.0,-20.0,-20.0,110.0,-4.321597978834756
191,1.9100000000000001,2.2598885217667433,1.3431791881826438,6.375442595360271,-0.19843927776456968,-3.2124271491556633,-1.784049979159904,0.0,-20.0,-20.0,110.0,-4.301613042281862
192,1.92,2.266711000168743,1.3431280413577704,6.351230252926303,-0.19791157522437813,-3.2124602211391307,-1.7934664840138606,0.0,-20.0,-20.0,110.0,-4.281657398116911
193,1.93,2.273533478570743,1.343076894532897,6.327017910492335,-0.1973838671397177,-3.2124932065282135,-1.8028829894771758,0.0,-20.0,-20.0,110.0,-4.2617312599898725
194,1.94,2.280355956972743,1.3430257477080239,6.302805568058368,-0.19685615352488706,-3.2125261053219836,-1.8122994955482585,0.0,-20.0,-20.0,110.0,-4.2418348430544555
195,1.95,2.287178435374743,1.342974600883151,6.2785932256244,-0.19632843439418415,-3.212558917519518,-1.8217160022255166,0.0,-20.0,-20.0,110.0,-4.22196836396162
196,1.96,2.2940009137767428,1.3429234540582782,6.254380883190432,-0.19580070976190805,-3.212591643119895,-1.83113250950736,0.0,-20.0,-20.0,110.0,-4.20213204085215
197,1.97,2.3008233921787427,1.3428723072334057,6.230168540756464,-0.195272979642358,-3.212624282122196,-1.8405490173921975,0.0,-20.0,-20.0,110.0,-4.1823260933482755
198,1.98,2.3076458705807426,1.3428211604085334,6.205956198322497,-0.19474524404983248,-3.2126568345255033,-1.8499655258784358,0.0,-20.0,-20.0,110.0,-4.162550742544313
199,1.99,2.3144683489827425,1.342770013583661,6.181743855888529,-0.19421750299863166,-3.2126893003289028,-1.8593820349644847,0.0,-20.0,-20.0,110.0,-4.142806210996242
200,2.0,2.3212908273847424,1.342718866758789,6.157531513454561,-0.19368975650305495,-3.2127216795314824,-1.8687985446487523,0.0,-20.0,-20.0,110.0,-4.123092722710224
201,2.0100000000000002,2.3281133057867422,1.3426677199339172,6.133319171020593,-0.1931620045774021,-3.212753972132332,-1.8782150549296468,0.0,-20.0,-20.0,110.0,-4.1034105031299895
202,2.02,2.334935784188742,1.3426165731090456,6.109106828586626,-0.19263424723597253,-3.2127861781305445,-1.8876315658055771,0.0,-20.0,-20.0,110.0,-4.083759779123068
203,2.0300000000000002,2.341758262590742,1.3425654262841742,6.084894486152658,-0.19210648449306572,-3.212818297525215,-1.8970480772749505,0.0,-20.0,-20.0,110.0,-4.06414077896579
204,2.04,2.348580740992742,1.342514279459303,6.06068214371869,-0.19157871636298232,-3.2128503303154408,-1.9064645893361758,0.0,-20.0,-20.0,110.0,-4.044553732327057
205,2.05,2.355403219394742,1.342463132634432,6.036469801284722,-0.19105094286002253,-3.2128822765003204,-1.9158811019876603,0.0,-20.0,-20.0,110.0,-4.024998870250774
206,2.06,2.3622256977967417,1.3424119858095611,6.012257458850755,-0.19052316399848698,-3.2129141360789566,-1.9252976152278125,0.0,-20.0,-20.0,110.0,-4.005476425136961
207,2.07,2.3690481761987416,1.3423608389846904,5.988045116416787,-0.18999537979267664,-3.2129459090504544,-1.9347141290550403,0.0,-20.0,-20.0,110.0,-3.985986630721427
208,2.08,2.3758706546007415,1.3423096921598199,5.963832773982819,-0.18946759025689194,-3.212977595413919,-1.9441306434677514,0.0,-20.0,-20.0,110.0,-3.9665297220539997
209,2.09,2.3826931330027414,1.3422585453349496,5.939620431548851,-0.18893979540543324,-3.2130091951684614,-1.9535471584643533,0.0,-20.0,-20.0,110.0,-3.9471059354752485
210,2.1,2.3895156114047413,1.3422073985100795,5.915408089114884,-0.1884119952526024,-3.2130407083131907,-1.9629636740432543,0.0,-20.0,-20.0,110.0,-3.927715508591626
211,2.11,2.3963380898067412,1.3421562516852097,5.891195746680916,-0.18788418981270055,-3.2130721348472218,-1.972380190202861,0.0,-20.0,-20.0,110.0,-3.9083586802489854
212,2.12,2.403160568208741,1.34210510486034,5.866983404246948,-0.18735637910002842,-3.213103474769671,-1.981796706941583,0.0,-20.0,-20.0,110.0,-3.889035690504429
213,2.13,2.409983046610741,1.3420539580354705,5.8427710618129804,-0.1868285631288878,-3.2131347280796567,-1.9912132242578253,0.0,-20.0,-20.0,110.0,-3.8697467805963957
214,2.14,2.416805525012741,1.342002811210601,5.818558719379013,-0.18630074191358012,-3.2131658947763,-2.000629742149997,0.0,-20.0,-20.0,110.0,-3.850492192912952
215,2.15,2.423628003414741,1.3419516643857319,5.794346376945045,-0.1857729154684075,-3.213196974858723,-2.0100462606165053,0.0,-20.0,-20.0,110.0,-3.831272170958216
216,2.16,2.4304504818167407,1.341900517560863,5.770134034511077,-0.18524508380767282,-3.2132279683260516,-2.019462779655757,0.0,-20.0,-20.0,110.0,-3.8120869593168356
217,2.17,2.4372729602187406,1.3418493707359942,5.7459216920771095,-0.18471724694567698,-3.2132588751774143,-2.02887929926616,0.0,-20.0,-20.0,110.0,-3.792936803616489
218,2.18,2.4440954386207405,1.3417982239111257,5.721709349643142,-0.18418940489672264,-3.21328969541194,-2.038295819446121,0.0,-20.0,-20.0,110.0,-3.773821950488288
219,2.19,2.4509179170227404,1.3417470770862574,5.697497007209174,-0.1836615576751131,-3.2133204290287636,-2.047712340194048,0.0,-20.0,-20.0,110.0,-3.7547426475250707
220,2.2,2.4577403954247403,1.3416959302613891,5.673284664775206,-0.18313370529515005,-3.2133510760270183,-2.0571288615083465,0.0,-20.0,-20.0,110.0,-3.7356991432374653
221,2.21,2.46456287382674,1.341644783436521,5.6490723223412385,-0.1826058477711364,-3.213381636405841,-2.0665453833874254,0.0,-20.0,-20.0,110.0,-3.7166916870076743
222,2.22,2.47138535222874,1.3415936366116532,5.624859979907271,-0.18207798511737475,-3.213412110164373,-2.0759619058296903,0.0,-20.0,-20.0,110.0,-3.697720529040906
223,2.23,2.47820783063074,1.3415424897867856,5.600647637473303,-0.18155011734816898,-3.213442497301754,-2.085378428833549,0.0,-20.0,-20.0,110.0,-3.678785920314366
224,2.24,2.48503030903274,1.3414913429619182,5.576435295039335,-0.1810222444778218,-3.213472797817131,-2.094794952397408,0.0,-20.0,-20.0,110.0,-3.659888112523721
225,2.25,2.49185278743474,1.341440196137051,5.5522229526053675,-0.18049436652063686,-3.213503011709649,-2.1042114765196733,0.0,-20.0,-20.0,110.0,-3.641027358026996
226,2.2600000000000002,2.4986752658367397,1.341389049312184,5.5280106101714,-0.17996648349091648,-3.2135331389784576,-2.113628001198752,0.0,-20.0,-20.0,110.0,-3.62220390978576
227,2.27,2.5054977442387396,1.341337902487317,5.503798267737432,-0.17943859540296556,-3.2135631796227084,-2.1230445264330515,0.0,-20.0,-20.0,110.0,-3.603418021303574
228,2.2800000000000002,2.5123202226407395,1.3412867556624504,5.479585925303464,-0.17891070227108805,-3.213593133641554,-2.1324610522209784,0.0,-20.0,-20.0,110.0,-3.5846699465615766
229,2.29,2.5191427010427394,1.3412356088375839,5.4553735828694965,-0.17838280410958676,-3.213623001034152,-2.141877578560938,0.0,-20.0,-20.0,110.0,-3.5659599399511333
230,2.3000000000000003,2.5259651794447393,1.3411844620127176,5.431161240435529,-0.17785490093276635,-3.2136527817996594,-2.151294105451338,0.0,-20.0,-20.0,110.0,-3.5472882562034638
231,2.31,2.532787657846739,1.3411333151878515,5.406948898001561,-0.17732699275493227,-3.213682475937239,-2.160710632890584,0.0,-20.0,-20.0,110.0,-3.5286551503161503
232,2.32,2.539610136248739,1.3410821683629857,5.382736555567593,-0.17679907959038707,-3.2137120834460524,-2.170127160877083,0.0,-20.0,-20.0,110.0,-3.5100608774764197
233,2.33,2.546432614650739,1.3410310215381198,5.3585242131336255,-0.17627116145343577,-3.213741604325266,-2.17954368940924,0.0,-20.0,-20.0,110.0,-3.491505692981138
234,2.34,2.553255093052739,1.3409798747132542,5.334311870699658,-0.17574323835838349,-3.213771038574047,-2.1889602184854633,0.0,-20.0,-20.0,110.0,-3.4729898521533853
235,2.35,2.560077571454739,1.3409287278883888,5.31009952826569,-0.17521531031953536,-3.2138003861915663,-2.1983767481041583,0.0,-20.0,-20.0,110.0,-3.454513610255523
236,2.36,2.5669000498567387,1.3408775810635236,5.285887185831722,-0.1746873773511958,-3.2138296471769956,-2.2077932782637304,0.0,-20.0,-20.0,110.0,-3.4360772223986626
237,2.37,2.5737225282587386,1.3408264342386587,5.2616748433977545,-0.17415943946767062,-3.2138588215295107,-2.217209808962586,0.0,-20.0,-20.0,110.0,-3.4176809434484245
238,2.38,2.5805450066607385,1.340775287413794,5.237462500963787,-0.17363149668326408,-3.2138879092482884,-2.2266263401991306,0.0,-20.0,-20.0,110.0,-3.399325027926879
239,2.39,2.5873674850627384,1.3407241405889294,5.213250158529819,-0.1731035490122821,-3.213916910332509,-2.2360428719717707,0.0,-20.0,-20.0,110.0,-3.381009729910558
240,2.4,2.5941899634647383,1.340672993764065,5.189037816095851,-0.17257559646903073,-3.2139458247813537,-2.245459404278912,0.0,-20.0,-20.0,110.0,-3.3627353029244627
241,2.41,2.601012441866738,1.3406218469392006,5.1648254736618835,-0.17204763906781442,-3.2139746525940076,-2.25487593711896,0.0,-20.0,-20.0,110.0,-3.3445019998318997
242,2.42,2.607834920268738,1.3405707001143365,5.140613131227916,-0.17151967682294025,-3.2140033937696564,-2.2642924704903216,0.0,-20.0,-20.0,110.0,-3.3263100727200947
243,2.43,2.614657398670738,1.3405195532894727,5.116400788793948,-0.17099170974871383,-3.2140320483074905,-2.2737090043914012,0.0,-20.0,-20.0,110.0,-3.3081597727814205
244,2.44,2.621479877072738,1.340468406464609,5.09218844635998,-0.17046373785944077,-3.2140606162067007,-2.283125538820604,0.0,-20.0,-20.0,110.0,-3.2900513501901547
245,2.45,2.628302355474738,1.3404172596397457,5.0679761039260125,-0.16993576116942788,-3.214089097466481,-2.2925420737763376,0.0,-20.0,-20.0,110.0,-3.271985053974644
246,2.46,2.6351248338767377,1.3403661128148825,5.043763761492045,-0.16940777969298168,-3.214117492086028,-2.301958609257006,0.0,-20.0,-20.0,110.0,-3.2539611318847466
247,2.47,2.6419473122787376,1.3403149659900193,5.019551419058077,-0.16887979344440845,-3.2141458000645393,-2.311375145261015,0.0,-20.0,-20.0,110.0,-3.2359798302544474
248,2.48,2.6487697906807375,1.3402638191651564,4.995339076624109,-0.168351802438015,-3.214174021401216,-2.320791681786771,0.0,-20.0,-20.0,110.0,-3.218041393859509
249,2.49,2.6555922690827374,1.3402126723402936,4.9711267341901415,-0.16782380668810765,-3.214202156095262,-2.330208218832678,0.0,-20.0,-20.0,110.0,-3.2001460657700576
250,2.5,2.6624147474847373,1.340161525515431,4.946914391756174,-0.1672958062089943,-3.2142302041458817,-2.3396247563971415,0.0,-20.0,-20.0,110.0,-3.182294087197962
251,2.5100000000000002,2.669237225886737,1.3401103786905688,4.922702049322206,-0.16676780101498112,-3.2142581655522844,-2.349041294478567,0.0,-20.0,-20.0,110.0,-3.16448569733888
252,2.52,2.676059704288737,1.3400592318657067,4.898489706888238,-0.16623979112037612,-3.214286040313679,-2.3584578330753603,0.0,-20.0,-20.0,110.0,-3.1467211332088723
253,2.5300000000000002,2.682882182690737,1.340008085040845,4.8742773644542705,-0.1657117765394863,-3.2143138284292787,-2.367874372185925,0.0,-20.0,-20.0,110.0,-3.1290006294754136
254,2.54,2.689704661092737,1.339956938215983,4.850065022020303,-0.16518375728661938,-3.214341529898299,-2.3772909118086663,0.0,-20.0,-20.0,110.0,-3.111324418282724
255,2.5500000000000003,2.6965271394947368,1.3399057913911214,4.825852679586335,-0.16465573337608258,-3.214369144719956,-2.386707451941991,0.0,-20.0,-20.0,110.0,-3.093692729071248
256,2.56,2.7033496178967367,1.33985464456626,4.801640337152367,-0.1641277048221837,-3.214396672893471,-2.3961239925843016,0.0,-20.0,-20.0,110.0,-3.0761057883911764
257,2.57,2.7101720962987366,1.3398034977413988,4.7774279947183995,-0.16359967163923145,-3.214424114418065,-2.4055405337340052,0.0,-20.0,-20.0,110.0,-3.058563819709879
258,2.58,2.7169945747007365,1.3397523509165379,4.753215652284432,-0.16307163384153325,-3.2144514692929627,-2.4149570753895047,0.0,-20.0,-20.0,110.0,-3.041067043213109
259,2.59,2.7238170531027364,1.3397012040916771,4.729003309850464,-0.16254359144339778,-3.2144787375173913,-2.4243736175492065,0.0,-20.0,-20.0,110.0,-3.023615675599865
260,2.6,2.7306395315047363,1.3396500572668164,4.704790967416496,-0.162015544459134,-3.2145059190905787,-2.433790160211514,0.0,-20.0,-20.0,110.0,-3.006209929870752
261,2.61,2.737462009906736,1.339598910441956,4.6805786249825285,-0.16148749290304912,-3.214533014011758,-2.4432067033748335,0.0,-20.0,-20.0,110.0,-2.9888500151097532
262,2.62,2.744284488308736,1.3395477636170956,4.656366282548561,-0.16095943678945238,-3.2145600222801614,-2.4526232470375677,0.0,-20.0,-20.0,110.0,-2.9715361362592385
263,2.63,2.751106966710736,1.3394966167922355,4.632153940114593,-0.16043137613265224,-3.2145869438950254,-2.4620397911981224,0.0,-20.0,-20.0,110.0,-2.954268493888114
264,2.64,2.757929445112736,1.3394454699673757,4.607941597680625,-0.15990331094695814,-3.2146137788555897,-2.471456335854902,0.0,-20.0,-20.0,110.0,-2.937047283952961
265,2.65,2.7647519235147358,1.339394323142516,4.5837292552466575,-0.15937524124667848,-3.2146405271610945,-2.4808728810063103,0.0,-20.0,-20.0,110.0,-2.9198726975520506
266,2.66,2.7715744019167357,1.3393431763176566,4.55951691281269,-0.15884716704612242,-3.2146671888107834,-2.490289426650752,0.0,-20.0,-20.0,110.0,-2.9027449206721028
267,2.67,2.7783968803187356,1.3392920294927972,4.535304570378722,-0.1583190883595994,-3.2146937638039015,-2.4997059727866318,0.0,-20.0,-20.0,110.0,-2.8856641339276567
268,2.68,2.7852193587207354,1.339240882667938,4.511092227944754,-0.1577910052014186,-3.214720252139697,-2.509122519412353,0.0,-20.0,-20.0,110.0,-2.868630512292942
269,2.69,2.7920418371227353,1.339189735843079,4.4868798855107865,-0.15726291758589,-3.214746653817421,-2.5185390665263214,0.0,-20.0,-20.0,110.0,-2.8516442248261056
270,2.7,2.7988643155247352,1.3391385890182204,4.462667543076819,-0.1567348255273234,-3.214772968836325,-2.5279556141269395,0.0,-20.0,-20.0,110.0,-2.834705434385706
271,2.71,2.805686793926735,1.3390874421933618,4.438455200642851,-0.15620672904002805,-3.214799197195664,-2.537372162212612,0.0,-20.0,-20.0,110.0,-2.8178142973393214
272,2.72,2.812509272328735,1.3390362953685035,4.414242858208883,-0.155678628138314,-3.214825338894697,-2.5467887107817435,0.0,-20.0,-20.0,110.0,-2.80097096326418
273,2.73,2.819331750730735,1.3389851485436455,4.3900305157749155,-0.15515052283649186,-3.214851393932681,-2.556205259832737,0.0,-20.0,-20.0,110.0,-2.7841755746396784
274,2.74,2.826154229132735,1.3389340017187874,4.365818173340948,-0.15462241314887207,-3.2148773623088793,-2.5656218093639978,0.0,-20.0,-20.0,110.0,-2.767428266531711
275,2.75,2.8329767075347347,1.3388828548939296,4.34160583090698,-0.15409429908976413,-3.2149032440225582,-2.575038359373929,0.0,-20.0,-20.0,110.0,-2.750729166268647
276,2.7600000000000002,2.8397991859367346,1.338831708069072,4.317393488473012,-0.15356618067347824,-3.2149290390729823,-2.5844549098609337,0.0,-20.0,-20.0,110.0,-2.734078393108914
277,2.77,2.8466216643387345,1.3387805612442145,4.2931811460390445,-0.15303805791432568,-3.214954747459422,-2.593871460823417,0.0,-20.0,-20.0,110.0,-2.717476057900037
278,2.7800000000000002,2.8534441427407344,1.3387294144193573,4.268968803605077,-0.152509930826617,-3.2149803691811485,-2.603288012259782,0.0,-20.0,-20.0,110.0,-2.700922262729075
279,2.79,2.8602666211427343,1.3386782675945004,4.244756461171109,-0.15198179942466375,-3.215005904237435,-2.612704564168432,0.0,-20.0,-20.0,110.0,-2.6844171005643243
280,2.8000000000000003,2.8670890995447342,1.3386271207696436,4.220544118737141,-0.15145366372277602,-3.2150313526275576,-2.622121116547771,0.0,-20.0,-20.0,110.0,-2.6679606548882364
281,2.81,2.873911577946734,1.338575973944787,4.1963317763031736,-0.15092552373526505,-3.2150567143507964,-2.631537669396203,0.0,-20.0,-20.0,110.0,-2.651552999321464
282,2.82,2.880734056348734,1.3385248271199304,4.172119433869206,-0.15039737947644194,-3.2150819894064315,-2.6409542227121308,0.0,-20.0,-20.0,110.0,-2.635194197237925
283,2.83,2.887556534750734,1.338473680295074,4.147907091435238,-0.14986923096061797,-3.215107177793745,-2.6503707764939586,0.0,-20.0,-20.0,110.0,-2.618884301370861
284,2.84,2.894379013152734,1.338422533470218,4.12369474900127,-0.14934107820210574,-3.215132279512025,-2.6597873307400897,0.0,-20.0,-20.0,110.0,-2.602623353409797
285,2.85,2.9012014915547337,1.3383713866453621,4.099482406567303,-0.1488129212152157,-3.215157294560558,-2.669203885448927,0.0,-20.0,-20.0,110.0,-2.5864113835883535
286,2.86,2.9080239699567336,1.3383202398205065,4.075270064133335,-0.14828476001425997,-3.215182222938634,-2.678620440618874,0.0,-20.0,-20.0,110.0,-2.570248410262856
287,2.87,2.9148464483587335,1.3382690929956509,4.051057721699367,-0.14775659461355092,-3.2152070646455466,-2.688036996248335,0.0,-20.0,-20.0,110.0,-2.5541344394817
288,2.88,2.9216689267607334,1.3382179461707955,4.026845379265399,-0.1472284250274,-3.215231819680591,-2.697453552335711,0.0,-20.0,-20.0,110.0,-2.538069464545452
289,2.89,2.9284914051627333,1.3381667993459403,4.002633036831432,-0.1467002512701187,-3.2152564880430643,-2.7068701088794076,0.0,-20.0,-20.0,110.0,-2.5220534655576303
290,2.9,2.935313883564733,1.3381156525210853,3.9784206943974634,-0.1461720733560199,-3.2152810697322667,-2.716286665877827,0.0,-20.0,-20.0,110.0,-2.5060864089661665
291,2.91,2.942136361966733,1.3380645056962306,3.954208351963495,-0.14564389129941577,-3.2153055647474997,-2.72570322332937,0.0,-20.0,-20.0,110.0,-2.490168247095535
292,2.92,2.948958840368733,1.338013358871376,3.929996009529527,-0.14511570511461874,-3.2153299730880676,-2.7351197812324437,0.0,-20.0,-20.0,110.0,-2.474298917669548
293,2.93,2.955781318770733,1.3379622120465218,3.905783667095559,-0.14458751481594215,-3.2153542947532783,-2.7445363395854483,0.0,-20.0,-20.0,110.0,-2.458478343324827
294,2.94,2.962603797172733,1.3379110652216675,3.8815713246615906,-0.1440593204176983,-3.2153785297424395,-2.753952898386787,0.0,-20.0,-20.0,110.0,-2.442706431114963
295,2.95,2.9694262755747327,1.3378599183968134,3.8573589822276224,-0.14353112193419953,-3.2154026780548643,-2.7633694576348633,0.0,-20.0,-20.0,110.0,-2.4269830720054073
296,2.96,2.9762487539767326,1.3378087715719595,3.833146639793654,-0.14300291937976004,-3.2154267396898657,-2.7727860173280794,0.0,-20.0,-20.0,110.0,-2.4113081403591288
297,2.97,2.9830712323787325,1.337757624747106,3.808934297359686,-0.1424747127686915,-3.2154507146467606,-2.78220257746484,0.0,-20.0,-20.0,110.0,-2.3956814934130826
298,2.98,2.9898937107807324,1.3377064779222525,3.784721954925718,-0.14194650211530727,-3.215474602924867,-2.791619138043545,0.0,-20.0,-20.0,110.0,-2.380102970745568
299,2.99,2.9967161891827323,1.3376553310973993,3.7605096124917496,-0.1414182874339214,-3.215498404523507,-2.8010356990625995,0.0,-20.0,-20.0,110.0,-2.364572393734539
300,3.0,3.003538667584732,1.3376041842725463,3.7362972700577814,-0.14089006873884713,-3.2155221194420025,-2.8104522605204036,0.0,-20.0,-20.0,110.0,-2.349089565006963
301,3.0100000000000002,3.010361145986732,1.3375530374476934,3.7120849276238133,-0.14036184604439753,-3.21554574767968,-2.8198688224153607,0.0,-20.0,-20.0,110.0,-2.333654267879332
302,3.02,3.017183624388732,1.3375018906228406,3.687872585189845,-0.1398336193648865,-3.2155692892358676,-2.829285384745875,0.0,-20.0,-20.0,110.0,-2.318266265789426
303,3.0300000000000002,3.024006102790732,1.3374507437979881,3.663660242755877,-0.13930538871462902,-3.2155927441098955,-2.838701947510348,0.0,-20.0,-20.0,110.0,-2.3029253017194784
304,3.04,3.030828581192732,1.3373995969731358,3.6394479003219087,-0.13877715410793812,-3.2156161123010967,-2.848118510707181,0.0,-20.0,-20.0,110.0,-2.287631097610866
305,3.0500000000000003,3.0376510595947317,1.3373484501482837,3.6152355578879405,-0.13824891555912705,-3.2156393938088055,-2.8575350743347783,0.0,-20.0,-20.0,110.0,-2.272383353770486
306,3.06,3.0444735379967316,1.3372973033234319,3.5910232154539723,-0.1377206730825101,-3.2156625886323607,-2.8669516383915403,0.0,-20.0,-20.0,110.0,-2.2571817482690086
307,3.0700000000000003,3.0512960163987315,1.3372461564985803,3.566810873020004,-0.13719242669240297,-3.2156856967711014,-2.876368202875871,0.0,-20.0,-20.0,110.0,-2.242025936331149
308,3.08,3.0581184948007314,1.3371950096737286,3.542598530586036,-0.13666417640311926,-3.21570871822437,-2.8857847677861717,0.0,-20.0,-20.0,110.0,-2.2269155497182003
309,3.09,3.0649409732027313,1.3371438628488772,3.5183861881520677,-0.13613592222897242,-3.2157316529915105,-2.8952013331208435,0.0,-20.0,-20.0,110.0,-2.2118501961030215
310,3.1,3.071763451604731,1.337092716024026,3.4941738457180995,-0.1356076641842779,-3.2157545010718707,-2.904617898878291,0.0,-20.0,-20.0,110.0,-2.1968294584377217
311,3.11,3.078585930006731,1.337041569199175,3.4699615032841313,-0.13507940228335105,-3.2157772624647993,-2.914034465056915,0.0,-20.0,-20.0,110.0,-2.181852894314266
312,3.12,3.085408408408731,1.3369904223743243,3.445749160850163,-0.13455113654050616,-3.2157999371696486,-2.923451031655118,0.0,-20.0,-20.0,110.0,-2.1669200353182965
313,3.13,3.092230886810731,1.3369392755494738,3.421536818416195,-0.134022866970058,-3.2158225251857724,-2.9328675986713013,0.0,-20.0,-20.0,110.0,-2.1520303863764165
314,3.14,3.099053365212731,1.3368881287246233,3.3973244759822268,-0.13349459358632232,-3.2158450265125267,-2.942284166103867,0.0,-20.0,-20.0,110.0,-2.1371834250972523
315,3.15,3.1058758436147307,1.336836981899773,3.3731121335482586,-0.13296631640361384,-3.215867441149269,-2.9517007339512173,0.0,-20.0,-20.0,110.0,-2.1223786011065946
316,3.16,3.1126983220167306,1.3367858350749229,3.3488997911142904,-0.13243803543624746,-3.215889769095363,-2.961117302211755,0.0,-20.0,-20.0,110.0,-2.107615335376934
317,3.17,3.1195208004187305,1.336734688250073,3.3246874486803217,-0.13190975069853916,-3.2159120103501704,-2.9705338708838793,0.0,-20.0,-20.0,110.0,-2.092893019551752
318,3.18,3.1263432788207304,1.3366835414252234,3.3004751062463535,-0.13138146220480484,-3.215934164913057,-2.9799504399659944,0.0,-20.0,-20.0,110.0,-2.0782110152649094
319,3.19,3.1331657572227303,1.336632394600374,3.276262763812385,-0.13085316996935953,-3.2159562327833915,-2.9893670094564997,0.0,-20.0,-20.0,110.0,-2.063568653455512
320,3.2,3.13998823562473,1.3365812477755248,3.2520504213784163,-0.13032487400651907,-3.2159782139605433,-2.998783579353799,0.0,-20.0,-20.0,110.0,-2.0489652336786386
321,3.21,3.14681071402673,1.3365301009506756,3.2278380789444476,-0.12979657433059927,-3.2160001084438874,-3.008200149656294,0.0,-20.0,-20.0,110.0,-2.034400023412329
322,3.22,3.15363319242873,1.3364789541258266,3.203625736510479,-0.1292682709559163,-3.2160219162327963,-3.0176167203623847,0.0,-20.0,-20.0,110.0,-2.019872257361269
323,3.23,3.16045567083073,1.3364278073009779,3.1794133940765104,-0.1287399638967853,-3.216043637326649,-3.0270332914704743,0.0,-20.0,-20.0,110.0,-2.005381136757579
324,3.24,3.1672781492327298,1.3363766604761294,3.1552010516425417,-0.12821165316752328,-3.2160652717248266,-3.036449862978963,0.0,-20.0,-20.0,110.0,-1.990925828659174
325,3.25,3.1741006276347297,1.336325513651281,3.130988709208573,-0.12768333878244698,-3.2160868194267094,-3.045866434886253,0.0,-20.0,-20.0,110.0,-1.9765054652461518
326,3.2600000000000002,3.1809231060367296,1.336274366826433,3.1067763667746044,-0.12715502075587215,-3.216108280431683,-3.0552830071907455,0.0,-20.0,-20.0,110.0,-1.962119143115678
327,3.27,3.1877455844387295,1.336223220001585,3.082564024340636,-0.12662669910211477,-3.2161296547391336,-3.0646995798908416,0.0,-20.0,-20.0,110.0,-1.9477659225758561
328,3.2800000000000002,3.1945680628407294,1.3361720731767373,3.058351681906667,-0.12609837383549266,-3.2161509423484516,-3.0741161529849426,0.0,-20.0,-20.0,110.0,-1.9334448269390925
329,3.29,3.2013905412427293,1.3361209263518896,3.0341393394726985,-0.12557004497032165,-3.2161721432590276,-3.0835327264714505,0.0,-20.0,-20.0,110.0,-1.9191548418154545
330,3.3000000000000003,3.208213019644729,1.3360697795270422,3.00992699703873,-0.12504171252091847,-3.2161932574702563,-3.092949300348766,0.0,-20.0,-20.0,110.0,-1.9048949144065568
331,3.31,3.215035498046729,1.336018632702195,2.9857146546047613,-0.1245133765016004,-3.2162142849815347,-3.10236587461529,0.0,-20.0,-20.0,110.0,-1.8906639528004985
332,3.3200000000000003,3.221857976448729,1.335967485877348,2.9615023121707926,-0.12398503692668587,-3.2162352257922597,-3.1117824492694237,0.0,-20.0,-20.0,110.0,-1.8764608252683947
333,3.33,3.228680454850729,1.3359163390525013,2.937289969736824,-0.12345669381049126,-3.2162560799018336,-3.121199024309568,0.0,-20.0,-20.0,110.0,-1.8622843595630667
334,3.34,3.2355029332527288,1.3358651922276548,2.9130776273028554,-0.12292834716733322,-3.2162768473096595,-3.1306155997341243,0.0,-20.0,-20.0,110.0,-1.8562899809253952
335,3.35,3.2423254116547287,1.3358140454028082,2.8888652848688867,-0.1223999970115289,-3.216297528015144,-3.140032175541495,0.0,-20.0,-20.0,110.0,-1.8663768895172528
336,3.36,3.2491478900567285,1.335762898577962,2.864652942434918,-0.12187164335739602,-3.2163181220176944,-3.149448751730078,0.0,-20.0,-20.0,110.0,-1.8764914373549813
337,3.37,3.2559703684587284,1.3357117517531159,2.8404406000009494,-0.1213432862192519,-3.216338629316722,-3.1588653282982766,0.0,-20.0,-20.0,110.0,-1.8866358326560815
338,3.38,3.2627928468607283,1.33566060492827,2.816228257566981,-0.12081492561141473,-3.2163590499116466,-3.168281905244499,0.0,-20.0,-20.0,110.0,-1.8968122408806947
339,3.39,3.2696153252627282,1.3356094581034244,2.792015915133012,-0.12028656154820198,-3.2163793838018693,-3.1776984825671306,0.0,-20.0,-20.0,110.0,-1.9070227845755086
340,3.4,3.276437803664728,1.335558311278579,2.7678035726990435,-0.11975819404393197,-3.216399630986814,-3.18711506026458,0.0,-20.0,-20.0,110.0,-1.9172695432240547
341,3.41,3.283260282066728,1.3355071644537337,2.743591230265075,-0.11922982311292207,-3.216419791465902,-3.196531638335248,0.0,-20.0,-20.0,110.0,-1.9275545531041085
342,3.42,3.290082760468728,1.3354560176288885,2.7193788878311063,-0.11870144876949128,-3.216439865238554,-3.2059482167775335,0.0,-20.0,-20.0,110.0,-1.9378798071527936
343,3.43,3.296905238870728,1.3354048708040436,2.6951665453971376,-0.11817307102795692,-3.2164598523041965,-3.2153647955898395,0.0,-20.0,-20.0,110.0,-1.9482472548400933
344,3.44,3.3037277172727277,1.3353537239791988,2.670954202963169,-0.11764468990263799,-3.216479752662255,-3.2247813747705663,0.0,-20.0,-20.0,110.0,-1.9586588020513855
345,3.45,3.3105501956747276,1.3353025771543543,2.6467418605292004,-0.11711630540785234,-3.2164995663121605,-3.2341979543181134,0.0,-20.0,-20.0,110.0,-1.9691163109796572
346,3.46,3.3173726740767275,1.33525143032951,2.6225295180952317,-0.11658791755791867,-3.2165192932533424,-3.2436145342308826,0.0,-20.0,-20.0,110.0,-1.9796216000280409
347,3.47,3.3241951524787274,1.335200283504666,2.598317175661263,-0.11605952636715625,-3.216538933485238,-3.253031114507274,0.0,-20.0,-20.0,110.0,-1.9901764437232972
348,3.48,3.3310176308807273,1.3351491366798218,2.5741048332272944,-0.11553113184988326,-3.2165584870072808,-3.262447695145687,0.0,-20.0,-20.0,110.0,-2.0007825726408535
349,3.49,3.3378401092827272,1.335097989854978,2.549892490793326,-0.11500273402041745,-3.216577953818911,-3.271864276144523,0.0,-20.0,-20.0,110.0,-2.011441673342023
350,3.5,3.344662587684727,1.3350468430301343,2.525680148359357,-0.1144743328930784,-3.2165973339195704,-3.2812808575021837,0.0,-20.0,-20.0,110.0,-2.022155388323982
351,3.5100000000000002,3.351485066086727,1.334995696205291,2.5014678059253885,-0.1139459284821856,-3.2166166273087016,-3.290697439217066,0.0,-20.0,-20.0,110.0,-2.0329253159830984
352,3.52,3.358307544488727,1.3349445493804477,2.47725546349142,-0.11341752080205743,-3.2166358339857504,-3.300114021287573,0.0,-20.0,-20.0,110.0,-2.0437530105921673
353,3.5300000000000002,3.365130022890727,1.3348934025556047,2.4530431210574513,-0.11288910986701335,-3.2166549539501657,-3.3095306037121035,0.0,-20.0,-20.0,110.0,-2.054639982292096
354,3.54,3.3719525012927267,1.334842255730762,2.4288307786234826,-0.11236069569137307,-3.216673987201397,-3.3189471864890594,0.0,-20.0,-20.0,110.0,-2.065587697098571
355,3.5500000000000003,3.3787749796947266,1.3347911089059192,2.404618436189514,-0.11183227828945573,-3.216692933738899,-3.32836376961684,0.0,-20.0,-20.0,110.0,-2.076597576924221
356,3.56,3.3855974580967265,1.3347399620810767,2.3804060937555453,-0.111303857675581,-3.2167117935621254,-3.3377803530938452,0.0,-20.0,-20.0,110.0,-2.0876709996167335
357,3.5700000000000003,3.3924199364987264,1.3346888152562344,2.3561937513215767,-0.11077543386406755,-3.216730566670535,-3.347196936918474,0.0,-20.0,-20.0,110.0,-2.0988092990134186
358,3.58,3.3992424149007263,1.3346376684313923,2.331981408887608,-0.11024700686923562,-3.216749253063587,-3.35661352108913,0.0,-20.0,-20.0,110.0,-2.1100137650126274
359,3.59,3.406064893302726,1.3345865216065504,2.3077690664536394,-0.1097185767054054,-3.2167678527407437,-3.3660301056042092,0.0,-20.0,-20.0,110.0,-2.1212856436624516
360,3.6,3.412887371704726,1.3345353747817088,2.283556724019671,-0.10919014338689642,-3.216786365701471,-3.3754466904621143,0.0,-20.0,-20.0,110.0,-2.1326261372670716
361,3.61,3.419709850106726,1.3344842279568674,2.259344381585702,-0.10866170692802844,-3.2168047919452345,-3.3848632756612447,0.0,-20.0,-20.0,110.0,-2.144036404511126
362,3.62,3.426532328508726,1.334433081132026,2.2351320391517335,-0.1081332673431219,-3.2168231314715054,-3.3942798612,0.0,-20.0,-20.0,110.0,-2.155517560602398
363,3.63,3.433354806910726,1.3343819343071848,2.210919696717765,-0.10760482464649662,-3.2168413842797543,-3.4036964470767788,0.0,-20.0,-20.0,110.0,-2.1670706774331276
364,3.64,3.4401772853127257,1.3343307874823438,2.1867073542837963,-0.10707637885247256,-3.216859550369456,-3.4131130332899837,0.0,-20.0,-20.0,110.0,-2.1786967837602065
365,3.65,3.4469997637147256,1.334279640657503,2.1624950118498276,-0.10654792997537127,-3.2168776297400865,-3.422529619838012,0.0,-20.0,-20.0,110.0,-2.1903968654044683
366,3.66,3.4538222421167255,1.3342284938326625,2.138282669415859,-0.10601947802951253,-3.2168956223911254,-3.4319462067192648,0.0,-20.0,-20.0,110.0,-2.202171865469283
367,3.67,3.4606447205187254,1.3341773470078222,2.11407032698189,-0.10549102302921638,-3.216913528322053,-3.4413627939321416,0.0,-20.0,-20.0,110.0,-2.21402268457859
368,3.68,3.4674671989207253,1.3341262001829821,2.0898579845479213,-0.10496256498880342,-3.216931347532354,-3.4507793814750416,0.0,-20.0,-20.0,110.0,-2.2259501811345044
369,3.69,3.474289677322725,1.334075053358142,2.065645642113952,-0.10443410392259486,-3.2169490800215144,-3.460195969346366,0.0,-20.0,-20.0,110.0,-2.2379551715945762
370,3.7,3.481112155724725,1.3340239065333022,2.041433299679983,-0.10390563984491133,-3.216966725789022,-3.469612557544513,0.0,-20.0,-20.0,110.0,-2.250038430768735
371,3.71,3.487934634126725,1.3339727597084625,2.017220957246014,-0.10337717277007354,-3.2169842848343655,-3.479029146067881,0.0,-20.0,-20.0,110.0,-2.2622006921359454
372,3.72,3.494757112528725,1.333921612883623,1.9930086148120452,-0.1028487027124029,-3.217001757157041,-3.488445734914872,0.0,-20.0,-20.0,110.0,-2.274442648180531
373,3.73,3.501579590930725,1.333870466058784,1.9687962723780763,-0.10232022968622043,-3.217019142756543,-3.497862324083884,0.0,-20.0,-20.0,110.0,-2.2867649507480943
374,3.74,3.5084020693327247,1.333819319233945,1.9445839299441074,-0.10179175370584612,-3.2170364416323696,-3.5072789135733187,0.0,-20.0,-20.0,110.0,-2.2991682114209424
375,3.75,3.5152245477347246,1.333768172409106,1.9203715875101386,-0.10126327478560158,-3.2170536537840198,-3.5166955033815728,0.0,-20.0,-20.0,110.0,-2.311653001912847
376,3.7600000000000002,3.5220470261367245,1.3337170255842672,1.8961592450761697,-0.1007347929398099,-3.2170707792109963,-3.526112093507047,0.0,-20.0,-20.0,110.0,-2.324219854482975
377,3.77,3.5288695045387244,1.3336658787594287,1.8719469026422009,-0.1002063081827913,-3.2170878179128057,-3.535528683948141,0.0,-20.0,-20.0,110.0,-2.336869262368753
378,3.7800000000000002,3.5356919829407243,1.3336147319345903,1.847734560208232,-0.09967782052886741,-3.217104769888952,-3.544945274703253,0.0,-20.0,-20.0,110.0,-2.3496016802374142
379,3.79,3.542514461342724,1.3335635851097523,1.8235222177742632,-0.09914932999235855,-3.2171216351389478,-3.5543618657707836,0.0,-20.0,-20.0,110.0,-2.3624175246559203
380,3.8000000000000003,3.549336939744724,1.3335124382849144,1.799309875340294,-0.09862083658758711,-3.2171384136623042,-3.5637784571491316,0.0,-20.0,-20.0,110.0,-2.3753171745789294
381,3.81,3.556159418146724,1.3334612914600767,1.775097532906325,-0.09809234032887597,-3.2171551054585343,-3.5731950488366953,0.0,-20.0,-20.0,110.0,-2.388300971854431
382,3.8200000000000003,3.562981896548724,1.333410144635239,1.750885190472356,-0.09756384123054665,-3.217171710527156,-3.5826116408318747,0.0,-20.0,-20.0,110.0,-2.4013692217466494
383,3.83,3.569804374950724,1.3333589978104017,1.7266728480383868,-0.09703533930691995,-3.217188228867687,-3.5920282331330693,0.0,-20.0,-20.0,110.0,-2.414522193475764
384,3.84,3.5766268533527237,1.3333078509855645,1.7024605056044178,-0.09650683457231904,-3.2172046604796494,-3.601444825738678,0.0,-20.0,-20.0,110.0,-2.4277601207739767
385,3.85,3.5834493317547236,1.3332567041607275,1.6782481631704487,-0.09597832704106594,-3.2172210053625667,-3.6108614186470986,0.0,-20.0,-20.0,110.0,-2.4410832024574103
386,3.86,3.5902718101567235,1.3332055573358907,1.6540358207364796,-0.09544981672748201,-3.2172372635159654,-3.620278011856731,0.0,-20.0,-20.0,110.0,-2.4544916030133153
387,3.87,3.5970942885587234,1.3331544105110542,1.6298234783025105,-0.09492130364588999,-3.2172534349393733,-3.6296946053659753,0.0,-20.0,-20.0,110.0,-2.4679854532019876
388,3.88,3.6039167669607233,1.333103263686218,1.6056111358685414,-0.09439278781061218,-3.2172695196323216,-3.6391111991732283,0.0,-20.0,-20.0,110.0,-2.481564850672824
389,3.89,3.610739245362723,1.3330521168613816,1.5813987934345723,-0.09386426923597088,-3.2172855175943433,-3.6485277932768905,0.0,-20.0,-20.0,110.0,-2.4952298605938736
390,3.9,3.617561723764723,1.3330009700365455,1.5571864510006033,-0.09333574793628907,-3.2173014288249737,-3.657944387675361,0.0,-20.0,-20.0,110.0,-2.5089805162942453
391,3.91,3.624384202166723,1.3329498232117096,1.5329741085666342,-0.09280722392588858,-3.217317253323752,-3.667360982367039,0.0,-20.0,-20.0,110.0,-2.5228168199186802
392,3.92,3.631206680568723,1.332898676386874,1.508761766132665,-0.09227869721909372,-3.2173329910902164,-3.676777577350323,0.0,-20.0,-20.0,110.0,-2.5367387430936095
393,3.93,3.6380291589707228,1.3328475295620386,1.484549423698696,-0.09175016783022581,-3.2173486421239095,-3.68619417262361,0.0,-20.0,-20.0,110.0,-2.5507462276039656
394,3.94,3.6448516373727227,1.3327963827372034,1.460337081264727,-0.09122163577360874,-3.2173642064243775,-3.695610768185301,0.0,-20.0,-20.0,110.0,-2.564839186080014
395,3.95,3.6516741157747226,1.3327452359123684,1.4361247388307579,-0.09069310106356401,-3.217379683991167,-3.7050273640337945,0.0,-20.0,-20.0,110.0,-2.5790175026934588
396,3.96,3.6584965941767225,1.3326940890875334,1.4119123963967888,-0.09016456371441495,-3.2173950748238287,-3.7144439601674883,0.0,-20.0,-20.0,110.0,-2.593281033862033
397,3.97,3.6653190725787224,1.3326429422626986,1.3877000539628197,-0.08963602374048535,-3.2174103789219135,-3.7238605565847815,0.0,-20.0,-20.0,110.0,-2.6076296089618256
398,3.98,3.6721415509807223,1.332591795437864,1.3634877115288506,-0.0891074811560984,-3.2174255962849756,-3.733277153284072,0.0,-20.0,-20.0,110.0,-2.622063031046518
399,3.99,3.678964029382722,1.3325406486130298,1.3392753690948815,-0.08857893597557717,-3.2174407269125718,-3.742693750263761,0.0,-20.0,-20.0,110.0,-2.63658107757275
400,4.0,3.685786507784722,1.3324895017881957,1.3150630266609125,-0.08805038821324457,-3.217455770804261,-3.7521103475222444,0.0,-20.0,-20.0,110.0,-2.6511835011308076
401,4.01,3.692608986186722,1.3324383549633618,1.2908506842269434,-0.08752183788342392,-3.217470727959606,-3.761526945057921,0.0,-20.0,-20.0,110.0,-2.665870030179798
402,4.0200000000000005,3.699431464588722,1.332387208138528,1.2666383417929743,-0.0869932850004393,-3.2174855983781696,-3.7709435428691904,0.0,-20.0,-20.0,110.0,-2.6806403697865315
403,4.03,3.7062539429907218,1.3323360613136943,1.2424259993590052,-0.0864647295786138,-3.217500382059517,-3.7803601409544503,0.0,-20.0,-20.0,110.0,-2.6954942023672586
404,4.04,3.7130764213927216,1.3322849144888609,1.2182136569250361,-0.08593617163227114,-3.2175150790032188,-3.7897767393121002,0.0,-20.0,-20.0,110.0,-2.7104311884314725
405,4.05,3.7198988997947215,1.3322337676640277,1.1940013144910668,-0.08540761117573525,-3.217529689208844,-3.7991933379405376,0.0,-20.0,-20.0,110.0,-2.7254509673269514
406,4.0600000000000005,3.7267213781967214,1.3321826208391947,1.1697889720570975,-0.08487904822333046,-3.217544212675966,-3.8086099368381614,0.0,-20.0,-20.0,110.0,-2.740553157985239
407,4.07,3.7335438565987213,1.332131474014362,1.1455766296231282,-0.08435048278937997,-3.217558649404162,-3.8180265360033707,0.0,-20.0,-20.0,110.0,-2.7557373596667563
408,4.08,3.7403663350007212,1.3320803271895294,1.121364287189159,-0.08382191488820781,-3.2175729993930076,-3.8274431354345615,0.0,-20.0,-20.0,110.0,-2.7710031527047723
409,4.09,3.747188813402721,1.3320291803646969,1.0971519447551896,-0.08329334453413827,-3.2175872626420845,-3.836859735130135,0.0,-20.0,-20.0,110.0,-2.786350099247426
410,4.1,3.754011291804721,1.3319780335398645,1.0729396023212203,-0.082764771741495,-3.2176014391509753,-3.8462763350884877,0.0,-20.0,-20.0,110.0,-2.801777743997051
411,4.11,3.760833770206721,1.3319268867150325,1.048727259887251,-0.08223619652460204,-3.2176155289192643,-3.8556929353080176,0.0,-20.0,-20.0,110.0,-2.8172856149460483
412,4.12,3.767656248608721,1.3318757398902006,1.0245149174532817,-0.08170761889778372,-3.2176295319465402,-3.8651095357871235,0.0,-20.0,-20.0,110.0,-2.8328732241085604
413,4.13,3.7744787270107207,1.331824593065369,1.0003025750193124,-0.08117903887536458,-3.217643448232392,-3.874526136524205,0.0,-20.0,-20.0,110.0,-2.8485400682472206
414,4.14,3.7813012054127206,1.3317734462405375,0.9760902325853431,-0.08065045647166949,-3.217657277776411,-3.8839427375176583,0.0,-20.0,-20.0,110.0,-2.8597382494951615
415,4.15,3.7881236838147205,1.3317222994157063,0.9518778901513738,-0.08012187170102143,-3.217671020578193,-3.8933593387658822,0.0,-20.0,-20.0,110.0,-2.8710121369547825
416,4.16,3.7949461622167204,1.331671152590875,0.9276655477174045,-0.07959328457774609,-3.2176846766373335,-3.902775940267274,0.0,-20.0,-20.0,110.0,-2.88241841465602
417,4.17,3.8017686406187203,1.3316200057660441,0.9034532052834352,-0.07906469511616841,-3.2176982459534327,-3.9121925420202346,0.0,-20.0,-20.0,110.0,-2.8939558666919667
418,4.18,3.8085911190207202,1.3315688589412134,0.8792408628494659,-0.07853610333061238,-3.217711728526091,-3.9216091440231584,0.0,-20.0,-20.0,110.0,-2.905623273367957
419,4.19,3.81541359742272,1.3315177121163828,0.8550285204154966,-0.07800750923540242,-3.2177251243549128,-3.9310257462744462,0.0,-20.0,-20.0,110.0,-2.917419411789422
420,4.2,3.82223607582472,1.3314665652915525,0.8308161779815273,-0.07747891284486365,-3.2177384334395045,-3.9404423487724936,0.0,-20.0,-20.0,110.0,-2.929343056441519
421,4.21,3.82905855422672,1.3314154184667224,0.806603835547558,-0.07695031417332138,-3.217751655779475,-3.9498589515157017,0.0,-20.0,-20.0,110.0,-2.9413929797599767
422,4.22,3.83588103262872,1.3313642716418925,0.7823914931135887,-0.07642171323510046,-3.217764791374434,-3.9592755545024656,0.0,-20.0,-20.0,110.0,-2.9535679526926435
423,4.23,3.8427035110307197,1.3313131248170627,0.7581791506796194,-0.0758931100445258,-3.217777840223996,-3.9686921577311844,0.0,-20.0,-20.0,110.0,-2.965866745251229
424,4.24,3.8495259894327196,1.331261977992233,0.73396680824565,-0.07536450461592287,-3.2177908023277753,-3.9781087612002564,0.0,-20.0,-20.0,110.0,-2.978288127052772
425,4.25,3.8563484678347195,1.3312108311674036,0.7097544658116806,-0.07483589696361588,-3.2178036776853918,-3.9875253649080777,0.0,-20.0,-20.0,110.0,-2.990830867850392
426,4.26,3.8631709462367194,1.3311596843425744,0.6855421233777111,-0.07430728710193091,-3.217816466296465,-3.9969419688530494,0.0,-20.0,-20.0,110.0,-3.0034937380529225
427,4.2700000000000005,3.8699934246387193,1.3311085375177454,0.6613297809437417,-0.07377867504519287,-3.217829168160618,-4.006358573033566,0.0,-20.0,-20.0,110.0,-3.016275509233019
428,4.28,3.876815903040719,1.3310573906929166,0.6371174385097723,-0.07325006080772675,-3.217841783277475,-4.015775177448026,0.0,-20.0,-20.0,110.0,-3.0291749546234206
429,4.29,3.883638381442719,1.3310062438680879,0.6129050960758029,-0.07272144440385805,-3.2178543116466627,-4.025191782094828,0.0,-20.0,-20.0,110.0,-3.0421908496010013
430,4.3,3.890460859844719,1.3309550970432593,0.5886927536418335,-0.07219282584791255,-3.2178667532678142,-4.034608386972369,0.0,-20.0,-20.0,110.0,-3.0553219721583558
431,4.3100000000000005,3.897283338246719,1.330903950218431,0.5644804112078641,-0.07166420515421609,-3.2178791081405578,-4.0440249920790485,0.0,-20.0,-20.0,110.0,-3.068567103362617
432,4.32,3.904105816648719,1.330852803393603,0.5402680687738947,-0.07113558233709384,-3.21789137626453,-4.053441597413261,0.0,-20.0,-20.0,110.0,-3.0819250278013053
433,4.33,3.9109282950507187,1.330801656568775,0.5160557263399252,-0.07060695741087283,-3.2179035576393678,-4.062858202973407,0.0,-20.0,-20.0,110.0,-3.0953945340149507
434,4.34,3.9177507734527186,1.3307505097439474,0.4918433839059558,-0.07007833038987746,-3.21791565226471,-4.072274808757883,0.0,-20.0,-20.0,110.0,-2.978027191703029
435,4.3500000000000005,3.9240226216680854,1.3307739304702515,0.47887411146177783,-0.10259656601410111,-3.083038611175869,-4.079079934262065,0.0,-20.0,-20.0,110.0,-2.4360966603635346
436,4.36,3.929661125664106,1.3308472294725817,0.47907007813303404,-0.1679831512181311,-2.737656867579825,-4.083945749752976,0.0,-20.0,-20.0,110.0,-2.709970159693723
437,4.37,3.935258001803768,1.3309334532845154,0.4825142885016666,-0.24910857996151198,-2.234883070780223,-4.09155359734729,0.0,-20.0,-20.0,110.0,-2.8077648656388328
438,4.38,3.940883560252933,1.3310078168231987,0.48664505194332386,-0.3365610471057019,-1.6365829797037725,-4.046907210693471,0.0,-20.0,-20.0,110.0,-2.834945461058588
439,4.39,3.946541922991706,1.3310720681550898,0.4906931264487226,-0.42166668470496643,-1.0070899595848894,-3.8519232531052094,0.0,-20.0,-20.0,110.0,-2.84124793636034
440,4.4,3.952209010363161,1.3311355524914745,0.49457480437636814,-0.5024235692444404,-0.3770317805786889,-3.6579716509724065,0.0,-20.0,-20.0,110.0,-2.8490454940058725
441,4.41,3.9578730061002036,1.331199694226293,0.4984428346473153,-0.5788674973995372,0.2535603785659577,-3.465045846034071,0.0,-20.0,-20.0,110.0,-2.8542035300753623
442,4.42,3.963536954756644,1.3312637396946052,0.5023013195121269,-0.6510272178560306,0.884658229661853,-3.2730141957494507,0.0,-20.0,-20.0,110.0,-2.8594220321602464
443,4.43,3.969200743448488,1.331327706877581,0.5061502599481447,-0.7189109822097157,1.5162400261037432,-3.081745562983927,0.0,-20.0,-20.0,110.0,-2.864709612234828
444,4.44,3.974864270253254,1.331391573527651,0.5099896585781788,-0.7825288896141914,2.148283813876734,-2.8911545023085656,0.0,-20.0,-20.0,110.0,-2.8700607267215084
445,4.45,3.9805274312964367,1.3314553327674004,0.5138195189501715,-0.8418904113484543,2.7807679400468266,-2.701168041978282,0.0,-20.0,-20.0,110.0,-2.8754751366231672
446,4.46,3.986190122291623,1.3315189782424808,0.517639845719915,-0.8970038992494161,3.4136714032923967,-2.511717797488101,0.0,-20.0,-20.0,110.0,-2.8809527301135396
447,4.47,3.9918522403046603,1.3315825045455356,0.5214506445935332,-0.9478760964017208,4.046972932367667,-2.322734888611645,0.0,-20.0,-20.0,110.0,-2.8864934067356485
448,4.48,3.9975136742285042,1.3316459058006498,0.5252519230303014,-0.994511358274445,4.6806463634590925,-2.1341389336976313,0.0,-20.0,-20.0,110.0,-2.892096015747591
449,4.49,4.003174318205746,1.3317091761230964,0.5290436893277913,-1.036910478866188,5.314670347210222,-1.9458532593178968,0.0,-20.0,-20.0,110.0,-2.8977621739439257
450,4.5,4.008834071068599,1.331772308089769,0.5328259526778257,-1.07507295074811,5.949024790770093,-1.757810096187073,0.0,-20.0,-20.0,110.0,-2.9034908648045463
451,4.51,4.014492828789661,1.331835295250032,0.5365987235199603,-1.1089972715973466,6.583688857252102,-1.569943885998557,0.0,-20.0,-20.0,110.0,-2.909281796177939
452,4.5200000000000005,4.020150487280923,1.3318981317162628,0.5403620134436629,-1.1386803115046327,7.218641348010049,-1.3821879783506184,0.0,-20.0,-20.0,110.0,-2.9151347891475554
453,4.53,4.025806942263656,1.3319608118076944,0.5441158352119672,-1.164116824860832,7.853860865732616,-1.1944739463121472,0.0,-20.0,-20.0,110.0,-2.921049719736766
454,4.54,4.031462089370585,1.332023329627248,0.5478602027698695,-1.1852994405122173,8.489325934655636,-1.006732178761427,0.0,-20.0,-20.0,110.0,-2.9270264215233053
455,4.55,4.037115824302321,1.3320856792314506,0.551595131231496,-1.20221868169182,9.125015045574228,-0.8188922343638475,0.0,-20.0,-20.0,110.0,-2.9330647104416556
456,4.5600000000000005,4.042768042928137,1.3321478546809906,0.5553206368677821,-1.21486298853761,9.760906668356954,-0.6308830456531918,0.0,-20.0,-20.0,110.0,-2.9391643970431964
457,4.57,4.0484186412798655,1.3322098500363524,0.5590367371070075,-1.2232187344701406,10.39697928084818,-0.44263294553753535,0.0,-20.0,-20.0,110.0,-2.945325287302222
458,4.58,4.054067515628481,1.332271659401469,0.562743450521977,-1.2272701849551482,11.033211351307758,-0.2540695453138052,0.0,-20.0,-20.0,110.0,-2.951547180494259
459,4.59,4.059714562466179,1.3323332769057195,0.5664407968314543,-1.2269994519302647,11.669581316530003,-0.06511963670587488,0.0,-20.0,-20.0,110.0,-2.9578298674131527
460,4.6000000000000005,4.065359678514956,1.3323946967021048,0.5701287968981018,-1.2223864491063081,12.306067561434554,0.1242908891772792,0.0,-20.0,-20.0,110.0,-2.964173130084402
461,4.61,4.0710027607367,1.3324559129665778,0.5738074727261794,-1.2134088470079691,12.942648399276147,0.3142371143436323,0.0,-20.0,-20.0,110.0,-2.970576741652288
462,4.62,4.076643706344228,1.332516919898091,0.5774768474590286,-1.2000420269313647,13.57930205207128,0.5047951630164066,0.0,-20.0,-20.0,110.0,-2.9770404663845746
463,4.63,4.082282412812902,1.3325777117191093,0.5811369453763549,-1.18225903313202,14.216006631018459,0.6960422706627221,0.0,-20.0,-20.0,110.0,-2.983564059753987
464,4.64,4.087918777892637,1.3326382826764147,0.5847877918913219,-1.1600305226246466,14.852740116761954,0.888056855151952,0.0,-20.0,-20.0,110.0,-2.990147268564257
465,4.65,4.093552699620092,1.3326986270420695,0.5884294135474726,-1.1333247120473509,15.489480339381732,1.08091859141436,0.0,-20.0,-20.0,110.0,-2.9967898310946284
466,4.66,4.0991840763309915,1.332758739114433,0.5920618380154903,-1.102107321135798,16.126204958011005,1.2747084903419212,0.0,-20.0,-20.0,110.0,-3.0034914772437507
467,4.67,4.1048128066724425,1.3328186132191642,0.595685094089811,-1.0663415124525772,16.76289143999673,1.4695089822338114,0.0,-20.0,-20.0,110.0,-3.0102519286615124
468,4.68,4.110438789615268,1.3328782437101787,0.5992992116850965,-1.0259878271022902,17.399517039529115,1.665404004830417,0.0,-20.0,-20.0,110.0,-3.017070898864256
469,4.69,4.116061924466298,1.3329376249705442,0.6029042218325719,-0.9810041162208905,18.0360587756745,1.8624790958696658,0.0,-20.0,-20.0,110.0,-3.0239480933335234
470,4.7,4.121682110880627,1.33299675141332,0.6065001566762287,-0.9313454680570296,18.672493409750903,2.060821490090565,0.0,-20.0,-20.0,110.0,-3.0308832096010683
471,4.71,4.127299248873825,1.3330556174823507,0.6100870494688959,-0.8769641304694494,19.30879742198739,2.2605202206547306,0.0,-20.0,-20.0,110.0,-3.037875937323591
472,4.72,4.132913238834118,1.3331142176530244,0.613664934568178,-0.8178094286561032,19.944946987408205,2.461666225022466,0.0,-20.0,-20.0,110.0,-3.044925958350437
473,4.73,4.138523981534519,1.3331725464330073,0.6172338474322577,-0.7538276779148121,20.58091795088048,2.664352455385093,0.0,-20.0,-20.0,110.0,-3.05203294678676
474,4.74,4.144131378144924,1.3332305983629558,0.6207938246155664,-0.6849620912168555,21.21668580126138,2.8686739938102965,0.0,-20.0,-20.0,110.0,-3.059196569053939
475,4.75,4.149735330244164,1.3332883680172178,0.62434490376432,-0.6111526813563392,21.852225644576947,3.074728172300836,0.0,-20.0,-20.0,110.0,-3.0664164839484225
476,4.76,4.155335739832006,1.3333458500045225,0.6278871236119208,-0.5323361574204174,22.487512176161133,3.28261469800087,0.0,-20.0,-20.0,110.0,-3.0736923426997613
477,4.7700000000000005,4.160932509341119,1.33340303896866,0.6314205239742274,-0.44844581530825794,23.12251965167926,3.492435783811482,0.0,-20.0,-20.0,110.0,-3.081023789028339
478,4.78,4.166525541648974,1.3334599295891512,0.634945145744691,-0.35941142200976905,23.757221856955937,3.7042962847003444,0.0,-20.0,-20.0,110.0,-3.088410459203077
479,4.79,4.172114740089707,1.3335165165819134,0.6384610308893593,-0.26515909333790105,24.39159207652258,3.918303840012076,0.0,-20.0,-20.0,110.0,-3.0958519820994352
480,4.8,4.177700008465925,1.3335727946999167,0.6419682224417518,-0.16561116479055757,25.025603060795028,4.13456902210678,0.0,-20.0,-20.0,110.0,-3.103347979257831
481,4.8100000000000005,4.183281251060444,1.3336287587338325,0.6454667644976007,-0.06068605519958253,25.65922699178595,4.353205491675211,0.0,-20.0,-20.0,110.0,-3.110898064942678
482,4.82,4.188858372647988,1.3336844035126778,0.648956702209465,0.04970187719519659,26.29243544725126,4.574330160100301,0.0,-20.0,-20.0,110.0,-3.118501846202128
483,4.83,4.194431278506818,1.3337397239044537,0.6524380817812143,0.16564248662930794,26.92519936316325,4.798063359256735,0.0,-20.0,-20.0,110.0,-3.1261589229286644
484,4.84,4.199999874430302,1.3337947148167748,0.655910950462383,0.287230000058192,27.557488994396504,5.024529019162646,0.0,-20.0,-20.0,110.0,-3.1338688879205963
485,4.8500000000000005,4.205564066738422,1.3338493711974966,0.6593753565423986,0.414563186189046,28.189273873505247,5.253854853920599,0.0,-20.0,-20.0,110.0,-3.1416313269445246
486,4.86,4.211123762289219,1.333903688035334,0.6628313493446815,0.5477455337492306,28.82052276746303,5.48617255640868,0.0,-20.0,-20.0,110.0,-3.149445818798844
487,4.87,4.216678868490173,1.3339576603604775,0.6662789792206185,0.6868854394645193,29.451203632227088,5.721618002206952,0.0,-20.0,-20.0,110.0,-3.1573119353783006
488,4.88,4.222229293309515,1.3340112832452005,0.6697182975434116,0.8320964062453132,30.08128356498069,5.960331463269412,0.0,-20.0,-20.0,110.0,-3.1652292417396386
489,4.89,4.227774945287469,1.3340645518044638,0.6731493567018008,0.9834972521045551,30.710728753897023,6.202457831877366,0.0,-20.0,-20.0,110.0,-3.173197296168353
490,4.9,4.2333157335474265,1.3341174611965134,0.6765722100936629,1.1412123303573218,31.33950442525779,6.448146855436218,0.0,-20.0,-20.0,110.0,-3.18121565024657
491,4.91,4.238851567807052,1.3341700066234727,0.679986912119488,1.3053717616789775,31.967574787748013,6.697553382704507,0.0,-20.0,-20.0,110.0,-3.189283848922041
492,4.92,4.244382358389313,1.3342221833319292,0.6833935181757326,1.476111678626077,32.59490297373737,6.9508376220711385,0.0,-20.0,-20.0,110.0,-3.197401430578285
493,4.93,4.249908016233431,1.3342739866135167,0.6867920846480507,1.6535744832517933,33.22145097734433,7.2081654125240835,0.0,-20.0,-20.0,110.0,-3.205567927105834
494,4.94,4.2554284529057735,1.3343254118054901,0.6901826689044048,1.837909118475325,33.8471795890666,7.469708507981292,0.0,-20.0,-20.0,110.0,-3.2137828639746324
495,4.95,4.260943580610648,1.3343764542912957,0.6935653292880567,2.02927135389226,34.47204832674579,7.735644875681825,0.0,-20.0,-20.0,110.0,-3.2220457603075343
496,4.96,4.266453312201036,1.3344271095011357,0.6969401251104382,2.2278240867398558,35.09601536261883,8.00615900936184,0.0,-20.0,-20.0,110.0,-3.230356128954934
497,4.97,4.27195756118924,1.334477372912527,0.7003071166439054,2.4337376587572432,35.71903744619134,8.281442257965951,0.0,-20.0,-20.0,110.0,-3.2387134765704952
498,4.98,4.27745624175745,1.3345272400508537,0.7036663651143733,2.6471901897053147,36.34106982265045,8.561693170668807,0.0,-20.0,-20.0,110.0,-3.2471173036879692
499,4.99,4.282949268768226,1.3345767064899132,0.7070179326938358,2.868367928333789,36.962066146514886,8.847117859004268,0.0,-20.0,-20.0,110.0,-3.2555671047991153
500,5.0,4.2884365577749035,1.3346257678524587,0.7103618824927688,3.0974656216029985,37.58197839019978,9.137930376919275,0.0,-20.0,-20.0,110.0,-3.2640623684326964
501,5.01,4.293918025031912,1.3346744198107328,0.7136982785524193,3.334686902984579,38.200756747151345,9.434353119585875,0.0,-20.0,-20.0,110.0,-3.2726025772345197
502,5.0200000000000005,4.299393587505008,1.3347226580869964,0.717027185836981,3.580244700677367,38.818349529183855,9.73661724181672,0.0,-20.0,-20.0,110.0,-3.2811872080485585
503,5.03,4.304863162881416,1.3347704784540526,0.7203486702256557,3.83436166658123,39.43470305762559,10.044963096935401,0.0,-20.0,-20.0,110.0,-3.289815731999089
504,5.04,4.310326669579889,1.3348178767357621,0.7236627985046052,4.097270626870961,40.04976154785545,10.359640696952301,0.0,-20.0,-20.0,110.0,-3.2984876145738666
505,5.05,4.315784026760676,1.334864848807554,0.7269696383587901,4.3692150550030915,40.66346698678268,10.68091019488688,0.0,-20.0,-20.0,110.0,-3.307202315708312
506,5.0600000000000005,4.321235154335401,1.3349113905969292,0.7302692583637003,4.65044956796845,41.27575900279409,11.009042390057257,0.0,-20.0,-20.0,110.0,-3.3159592898706944
507,5.07,4.326679972976843,1.3349574980839591,0.7335617279769759,4.941240446570393,41.88657472766146,11.344319257124543,0.0,-20.0,-20.0,110.0,-3.3247579861482977
508,5.08,4.332118404128636,1.3350031673017757,0.7368471175299213,5.241866180460018,42.49584864987005,11.687034499630789,0.0,-20.0,-20.0,110.0,-3.333597848334566
509,5.09,4.337550370014861,1.3350483943370568,0.7401254982189103,5.55261803859237,43.10351245879478,12.03749412870161,0.0,-20.0,-20.0,110.0,-3.342478315017185
510,5.1000000000000005,4.342975793649553,1.335093175330504,0.7433969420966889,5.873800665677712,43.70949487911609,12.39601706749463,0.0,-20.0,-20.0,110.0,-3.3513988196671285
511,5.11,4.348394598846106,1.3351375064773143,0.7466615220635704,6.20573270508534,44.31372149483092,12.762935781857864,0.0,-20.0,-20.0,110.0,-3.3603587907285997
512,5.12,4.353806710226579,1.3351813840276454,0.7499193118585284,6.548747448509058,44.916114562176716,13.138596937513666,0.0,-20.0,-20.0,110.0,-3.369357651709907
513,5.13,4.359212053230913,1.3352248042870736,0.7531703860501875,6.903193512517304,45.51659281074883,13.52336208389764,0.0,-20.0,-20.0,110.0,-3.3783948212752204
514,5.14,4.364610554126035,1.3352677636170442,0.7564148200277112,7.269435541880678,46.115071232053076,13.917608364551171,0.0,-20.0,-20.0,110.0,-3.387469713337204
515,5.15,4.370002140014865,1.3353102584353183,0.759652689991592,7.647854939287127,46.711460854697016,14.321729253683971,0.0,-20.0,-20.0,110.0,-3.396581737150506
516,5.16,4.375386738845233,1.335352285216408,0.7628840729443396,8.03885062071146,47.30566850538595,14.73613531817874,0.0,-20.0,-20.0,110.0,-3.405730297406111
517,5.17,4.380764279418673,1.335393840492009,0.7661090466810728,8.442839795290853,47.89759655485435,15.161255003895413,0.0,-20.0,-20.0,110.0,-3.4149147943264913
518,5.18,4.386134691399126,1.3354349208514236,0.7693276897800151,8.86025876805962,48.4871426478291,15.597535444633381,0.0,-20.0,-20.0,110.0,-3.4241346237615873
519,5.19,4.391497905321532,1.3354755229419775,0.7725400815928921,9.291563763301383,49.07419941609184,16.045443291515124,0.0,-20.0,-20.0,110.0,-3.4333891772855774
520,5.2,4.39685385260032,1.3355156434694297,0.7757463022352373,9.737231765569172,49.65865417368334,16.50546555984677,0.0,-20.0,-20.0,110.0,-3.442677842294424
521,5.21,4.40220246553779,1.3355552791983742,0.7789464325766028,10.197761374586424,50.24038859327396,16.978110489673334,0.0,-20.0,-20.0,110.0,-3.452000002104168
522,5.22,4.407543677332376,1.335594426952637,0.7821405542306777,10.673673669254942,50.819278362717604,17.463908415259475,0.0,-20.0,-20.0,110.0,-3.461355036049985
523,5.23,4.41287742208682,1.335633083615662,0.7853287495453177,11.165513074836538,51.39519282080787,17.963412637566947,0.0,-20.0,-20.0,110.0,-3.4707423195859435
524,5.24,4.418203634816211,1.3356712461308935,0.7885111015924818,11.673848226019343,51.9679945712747,18.4772002924442,0.0,-20.0,-20.0,110.0,-3.480161224385479
525,5.25,4.423522251455937,1.335708911502149,0.7916876941580837,12.199272816999322,52.537539074095214,19.005873205662812,0.0,-20.0,-20.0,110.0,-3.4896111184425482
526,5.26,4.428833208869504,1.3357460767939848,0.7948586117317535,12.742406427872753,53.10367421325335,19.55005872410076,0.0,-20.0,-20.0,110.0,-3.4990913661734653
527,5.2700000000000005,4.434136444856255,1.3357827391320563,0.7980239394965148,13.303895314512753,53.66623984016991,20.11041051024943,0.0,-20.0,-20.0,110.0,-3.508601328519372
528,5.28,4.439431898158965,1.335818895703467,0.8011837633183767,13.884413146657476,54.225067292148275,20.687609284775995,0.0,-20.0,-20.0,110.0,-3.5181403630493473
529,5.29,4.444719508471334,1.3358545437571137,0.8043381697358424,14.484661676131955,54.77997888534472,21.282363499066797,0.0,-20.0,-20.0,110.0,-3.527707824064135
530,5.3,4.449999216445346,1.3358896806040226,0.8074872459493354,15.105371313920747,55.33078738198729,21.89540991647239,0.0,-20.0,-20.0,110.0,-3.5373030627004542
531,5.3100000000000005,4.455270963698529,1.3359243036176771,0.8106310798105448,15.747301591166295,55.877295431842114,22.52751407733296,0.0,-20.0,-20.0,110.0,-3.5469254270358928
532,5.32,4.4605346928210805,1.3359584102343391,0.8137697598116922,16.411241475050645,56.419294988271375,23.179470618744723,0.0,-20.0,-20.0,110.0,-3.5565742621943586
533,5.33,4.465790347382888,1.3359919979533623,0.816903375074718,17.09800950589182,56.95656669965718,23.852103415402215,0.0,-20.0,-20.0,110.0,-3.5662489104520527
534,5.34,4.47103787194042,1.3360250643374978,0.8200320153403933,17.808453716624346,57.48887927749382,24.546265502689014,0.0,-20.0,-20.0,110.0,-3.575948711343985
535,5.3500000000000005,4.476277212043505,1.3360576070131918,0.8231557709573539,18.543451290118156,58.01598884309191,25.262838737474112,0.0,-20.0,-20.0,110.0,-3.585673001770966
536,5.36,4.481508314241978,1.3360896236708752,0.8262747328710622,19.303907903521974,58.53763825561265,26.002733145803155,0.0,-20.0,-20.0,110.0,-3.5954211161070857
537,5.37,4.4867311260922165,1.336121112065247,0.8293889926126949,20.090756702015913,59.05355642507432,26.766885899872108,0.0,-20.0,-20.0,110.0,-3.6051923863076474
538,5.38,4.4919455961635455,1.3361520700155467,0.8324986422879584,20.90495683707599,59.56345761506694,27.55625985938865,0.0,-20.0,-20.0,110.0,-3.6149861420175444
539,5.39,4.497151674044524,1.336182495405823,0.8356037745658362,21.74749149668178,60.06704074119863,28.37184160475562,0.0,-20.0,-20.0,110.0,-3.6248017106800607
540,5.4,4.5023493103491,1.3362123861851904,0.8387044826672655,22.619365346982534,60.563988672793144,29.214638881594023,0.0,-20.0,-20.0,110.0,-3.634638417646048
541,5.41,4.507538456722651,1.3362417403680813,0.8418008603537471,23.521601296986784,61.053967547087176,30.0856773681734,0.0,-20.0,-20.0,110.0,-3.644495586283512
542,5.42,4.512719065847888,1.336270556034487,0.84489300191589,24.455236490151492,61.536626107150795,30.985996669628022,0.0,-20.0,-20.0,110.0,-3.654372538087536
543,5.43,4.517891091450634,1.3362988313301942,0.8479810021618893,25.42131741971233,62.01159507698824,31.91664543580281,0.0,-20.0,-20.0,110.0,-3.6642685927905396
544,5.44,4.523054488305488,1.33632656446701,0.8510649564059434,26.420894058733495,62.47848658977173,32.878675493709736,0.0,-20.0,-20.0,110.0,-3.674183068472879
545,5.45,4.5282092122413395,1.3363537537229808,0.8541449604566074,27.45501289181622,62.93689368791242,33.873134881536124,0.0,-20.0,-20.0,110.0,-3.684115281673719
546,5.46,4.533355220146773,1.3363803974426034,0.8572211106050869,28.52470873400175,63.38638991665726,34.901059669742615,0.0,-20.0,-20.0,110.0,-3.6940645475021894
547,5.47,4.538492469975331,1.3364064940370262,0.860293503613473,29.630995224612278,63.82652903607644,35.96346445699667,0.0,-20.0,-20.0,110.0,-3.7040301797488033
548,5.48,4.543620920750656,1.3364320419842441,0.8633622367029193,30.774853890744552,64.25684487960758,37.061331435658026,0.0,-20.0,-20.0,110.0,-3.7140114909971085
549,5.49,4.548740532571493,1.336457039829284,0.8664274075417635,31.957221688175057,64.67685139065027,38.19559793457723,0.0,-20.0,-20.0,110.0,-3.7240077927355473
550,5.5,4.553851266616565,1.3364814861843832,0.8694891142335929,33.17897694799678,65.08604287192288,39.36714236752904,0.0,-20.0,-20.0,110.0,-3.7340183954695103
551,5.51,4.558953085149319,1.3365053797291584,0.8725474553052587,34.440923686904256,65.48389448522242,40.5767685451993,0.0,-20.0,-20.0,110.0,-3.7440426088335705
552,5.5200000000000005,4.564045951522539,1.3365287192107669,0.875602529694837,35.743774279181636,65.86986304164044,41.8251883487817,0.0,-20.0,-20.0,110.0,-3.7540797417038707
553,5.53,4.569129830182814,1.33655150344406,0.8786544367395405,37.08813054048138,66.24338812390417,43.11300281527394,0.0,-20.0,-20.0,110.0,-3.764129102310619
554,5.54,4.574204686674893,1.3365737313117283,0.8817032761635808,38.474463338440344,66.60389358300364,44.44068174952177,0.0,-20.0,-20.0,110.0,-3.7741899983507268
555,5.55,4.5792704876458865,1.3365954017644368,0.8847491480659839,39.90309092353325,66.95078945025809,45.808542056412264,0.0,-20.0,-20.0,110.0,-3.784261737100507
556,5.5600000000000005,4.5843272008493505,1.3366165138209547,0.8877921529083596,41.374156264950905,67.28347430306894,47.21672507800548,0.0,-20.0,-20.0,110.0,-3.7943436255284615
557,5.57,4.589374795149215,1.3366370665682745,0.8908323915026266,42.88760377921108,67.60133811738551,48.66517332331426,0.0,-20.0,-20.0,110.0,-3.804434970408098
558,5.58,4.5944132405236,1.3366570591617233,0.8938699649986952,44.44315595072106,67.90376563199266,50.15360708995194,0.0,-20.0,-20.0,110.0,-3.8145350784307808
559,5.59,4.599442508068474,1.3366764908250666,0.8969049748721082,46.04029045894509,68.19014023879151,51.68150159230349,0.0,-20.0,-20.0,110.0,-3.8246432563185855
560,5.6000000000000005,4.604462570001195,1.336695360850603,0.8999375229116418,47.67821853963692,68.45984839909286,53.24806532368118,0.0,-20.0,-20.0,110.0,-3.8347588109371427
561,5.61,4.609473399663896,1.3367136685992502,0.9029677112068695,49.35586540931164,68.71228456855951,54.85222048164042,0.0,-20.0,-20.0,110.0,-3.844881049408416
562,5.62,4.6144749715267475,1.3367314135006239,0.9059956421356876,51.07185366261974,68.94685659304972,56.49258636612042,0.0,-20.0,-20.0,110.0,-3.855009279223465
563,5.63,4.619467261191076,1.3367485950531064,0.9090214183518069,52.82449060026908,69.1629915147599,58.16746670805615,0.0,-20.0,-20.0,110.0,-3.8651428083550856
564,5.64,4.624450245392344,1.3367652128239094,0.9120451427722097,54.61176044908448,69.36014170361504,59.87484189005297,0.0,-20.0,-20.0,110.0,-3.875280945370374
565,5.65,4.629423902002995,1.336781266449125,0.9150669185645746,56.43132238513154,69.53779120403532,61.61236697005174,0.0,-20.0,-20.0,110.0,-3.8854229995431573
566,5.66,4.634388210035152,1.3367967556337719,0.9180868491346719,58.28051515745836,69.69546216357087,63.377376305539144,0.0,-20.0,-20.0,110.0,-3.8955682809662866
567,5.67,4.63934314964319,1.3368116801518306,0.9211050381137283,60.15636892989012,69.83272118923642,65.16689539573957,0.0,-20.0,-20.0,110.0,-3.905716100663757
568,5.68,4.64428870212615,1.3368260398462712,0.9241215893457657,62.05562471298597,69.9491854616076,66.97766031389921,0.0,-20.0,-20.0,110.0,-3.9158657707026454
569,5.69,4.649224849930036,1.3368398346290717,0.9271366068749121,63.97476145591892,70.04452842770473,68.80614479942389,0.0,-20.0,-20.0,110.0,-3.9260166043048454
570,5.7,4.6541515766499515,1.336853064481231,0.9301501949326897,65.91003052391123,70.11848489295883,70.64859473550464,0.0,-20.0,-20.0,110.0,-3.9361679159585656
571,5.71,4.659068867032106,1.3368657294527684,0.9331624579252794,67.85749692268043,70.17085534119505,72.50106937368727,0.0,-20.0,-20.0,110.0,-3.9463190215295776
572,5.72,4.663976706975679,1.3368778296627195,0.9361735004207636,69.81308627378507,70.20150932997741,74.35948830927563,0.0,-20.0,-20.0,110.0,-3.9564692383722107
573,5.73,4.668875083534544,1.3368893652991212,0.9391834271363506,71.77263622278677,70.21038783638954,76.21968288948675,0.0,-20.0,-20.0,110.0,-3.9666178854400296
574,5.74,4.673763984918848,1.3369003366189884,0.9421923429255786,73.73195070386586,70.19750446409532,78.07745047799602,0.0,-20.0,-20.0,110.0,-3.976764283396221
575,5.75,4.678643400496454,1.3369107439482826,0.9452003527655054,75.68685531364586,70.16294546424501,79.9286098286288,0.0,-20.0,-20.0,110.0,-3.986907754723639
576,5.76,4.6835133207942405,1.3369205876818726,0.9482075617438811,77.63325197971571,70.10686856777066,81.76905575368794,0.0,-20.0,-20.0,110.0,-3.997047623834496
577,5.7700000000000005,4.688373737499256,1.3369298682834851,0.9512140750463084,79.56717115217278,70.02950067181227,83.59481131524204,0.0,-20.0,-20.0,110.0,-4.007183217179679
578,5.78,4.693224643459735,1.33693858628565,0.9542199979433904,81.48481989530715,69.93113446536445,85.40207591649546,0.0,-20.0,-20.0,110.0,-4.017313863357676
579,5.79,4.698066032685979,1.336946742289633,0.9572254357778687,83.38262449711887,69.81212411596586,87.18726791093263,0.0,-20.0,-20.0,110.0,-4.027438893223082
580,5.8,4.702897900351077,1.336954336965364,0.9602304939517515,85.25726652442523,69.67288016817542,88.94706065699538,0.0,-20.0,-20.0,110.0,-4.037557639994674
581,5.8100000000000005,4.707720242791506,1.3369613710513546,0.9632352779134358,87.10571160346012,69.51386382427035,90.67841129819557,0.0,-20.0,-20.0,110.0,-4.047669439363028
582,5.82,4.712533057507569,1.336967845354607,0.9662398931448225,88.92523057100934,69.33558078749489,92.37858191370853,0.0,-20.0,-20.0,110.0,-4.0577736295976505
583,5.83,4.717336343163708,1.3369737607505172,0.9692444451484291,90.71341299183104,69.13857484855959,94.0451530351972,0.0,-20.0,-20.0,110.0,-4.0678695516536365
584,5.84,4.722130099588663,1.3369791181827666,0.9722490394344986,92.46817335137206,68.92342138792684,95.67602983887862,0.0,-20.0,-20.0,110.0,-4.0779565492777845
585,5.8500000000000005,4.726914327775495,1.3369839186632069,0.9752537815081074,94.18775049183074,68.69072095123661,97.26944158088466,0.0,-20.0,-20.0,110.0,-4.0880339691141945
586,5.86,4.731689029881461,1.3369881632717366,0.978258776856275,95.870701054673,68.44109303486125,98.82393503902463,0.0,-20.0,-20.0,110.0,-4.098101160809298
587,5.87,4.736454209227759,1.3369918531561702,0.9812641309350748,97.5158878208357,68.17517019495814,100.33836285218483,0.0,-20.0,-20.0,110.0,-4.108157477116321
588,5.88,4.7412098702991115,1.3369949895320956,0.9842699491567488,99.12246390395327,67.89359256835127,101.81186771270184,0.0,-20.0,-20.0,110.0,-4.118202273999151
589,5.89,4.745956018743224,1.3369975736827282,0.9872763368768286,100.68985375935861,67.59700286872652,103.24386337446242,0.0,-20.0,-20.0,110.0,-4.128234910735575
590,5.9,4.750692661370095,1.336999606958751,0.9902833993812619,102.21773193248633,67.28604189825816,104.63401340035777,0.0,-20.0,-20.0,110.0,-4.1382547500199065
591,5.91,4.7554198061511785,1.3370010907781535,0.9932912418735486,103.70600039608237,66.96134459382627,105.98220849849862,0.0,-20.0,-20.0,110.0,-4.148261158064938
592,5.92,4.760137462218418,1.3370020266260547,0.9962999694618867,105.15476522772738,66.6235366090234,107.28854319869872,0.0,-20.0,-20.0,110.0,-4.158253504703238
593,5.93,4.764845639863124,1.337002416054524,0.9993096871463295,106.56431326805429,66.27323141845038,108.55329250960895,0.0,-20.0,-20.0,110.0,-4.16823116348774
594,5.94,4.76954435053472,1.3370022606823906,1.0023204998059565,107.93508928455739,65.91102791937885,109.77688908139973,0.0,-20.0,-20.0,110.0,-4.178970356811917
595,5.95,4.774233606839343,1.3370015621950457,1.0053325121860583,109.26767405303022,65.53750849753527,110.95990128603098,0.0,-20.0,-20.0,110.0,-4.189923666990441
596,5.96,4.778913422538303,1.3370003223442373,1.00834582888534,110.56276366351653,65.15323751822062,112.1030125219946,0.0,-20.0,-20.0,110.0,-4.200859212458966
597,5.97,4.783583812546401,1.3369985429478555,1.0113605543431383,111.82115026351474,64.75876020083744,113.20700195627118,0.0,-20.0,-20.0,110.0,-4.211776402235565
598,5.98,4.788244792930108,1.3369962258897103,1.014376792826663,113.04370436984024,64.35460183373245,114.27272683490682,0.0,-20.0,-20.0,110.0,-4.222674649349286
599,5.99,4.7928963809056,1.3369933731193018,1.0173946484182559,114.23135881261317,63.94126728666586,115.30110642567837,0.0,-20.0,-20.0,110.0,-4.233553370934706
600,6.0,4.797538594836656,1.336989986651582,1.0204142250026749,115.38509431998718,63.51924077980481,116.29310760146487,0.0,-20.0,-20.0,110.0,-4.2444119883257185
601,6.01,4.802171454232414,1.336986068566708,1.0234356262543987,116.50592670954659,63.08898587056203,117.249732030253,0.0,-20.0,-20.0,110.0,-4.255249927148524
602,6.0200000000000005,4.806794979744987,1.3369816210097891,1.026458955624962,117.5948956204729,62.65094562258027,118.17200490587945,0.0,-20.0,-20.0,110.0,-4.266066617413772
603,6.03,4.8114091931669405,1.3369766461906234,1.0294843163303136,118.65305469813202,62.20554292445042,119.06096513116299,0.0,-20.0,-20.0,110.0,-4.276861493607894
604,6.04,4.816014117428629,1.3369711463834284,1.032511811338206,119.68146312813869,61.75318092916595,119.91765685048412,0.0,-20.0,-20.0,110.0,-4.28763399478358
605,6.05,4.820609776595392,1.3369651239265627,1.0355415433556137,120.68117840874292,61.294243588710216,120.74312222065844,0.0,-20.0,-20.0,110.0,-4.298383564649384
606,6.0600000000000005,4.825196195864619,1.3369585812222415,1.0385736148161844,121.65325024721656,60.829096261446374,121.53839530578429,0.0,-20.0,-20.0,110.0,-4.309109651658441
607,6.07,4.829773401562666,1.3369515207362417,1.0416081278677232,122.59871546660546,60.358086373056636,122.30449698243059,0.0,-20.0,-20.0,110.0,-4.3198117090963
608,6.08,4.834341421141641,1.3369439449976006,1.0446451843597122,123.51859381273725,59.88154411461872,123.04243074505803,0.0,-20.0,-20.0,110.0,-4.330489195167817
609,6.09,4.8389002831760495,1.3369358565983083,1.0476848858308654,124.41388455689399,59.3997831639849,123.7531793070831,0.0,-20.0,-20.0,110.0,-4.341141573083153
610,6.1000000000000005,4.843450017359303,1.3369272581929896,1.0507273334967226,125.2855637963782,58.9131014189363,124.43770189981664,0.0,-20.0,-20.0,110.0,-4.35176831114279
611,6.11,4.84799065450009,1.336918152498581,1.0537726282372821,126.13458236278426,58.42178173262692,125.09693217909053,0.0,-20.0,-20.0,110.0,-4.362368882821618
612,6.12,4.852522226518614,1.3369085422939964,1.056820870584676,126.96186425570644,57.92609264361664,125.7317766573052,0.0,-20.0,-20.0,110.0,-4.372942766852029
613,6.13,4.857044766442692,1.3368984304197904,1.0598721607108852,127.76830552755925,57.42628909433978,126.34311358657627,0.0,-20.0,-20.0,110.0,-4.383489447306019
614,6.140000000000001,4.861558308403717,1.3368878197778098,1.0629265984155014,128.55477355292734,56.922613133183404,126.93179222640003,0.0,-20.0,-20.0,110.0,-4.394008413676311
615,6.15,4.866062887632492,1.3368767133308384,1.0659842831135313,129.3221066232407,56.41529459647911,127.49863243663484,0.0,-20.0,-20.0,110.0,-4.404499160956424
616,6.16,4.870558540454922,1.336865114102236,1.0690453138232523,130.07111381448513,55.90455176766488,128.04442454351167,0.0,-20.0,-20.0,110.0,-4.414961189719739
617,6.17,4.8750453042875765,1.3368530251755693,1.0721097891541116,130.80257508204832,55.3905920116708,128.56992943277652,0.0,-20.0,-20.0,110.0,-4.425394006197521
618,6.18,4.879523217633118,1.3368404496942339,1.075177807294679,131.51724154264224,54.873612383242644,129.0758788299068,0.0,-20.0,-20.0,110.0,-4.435797122355842
619,6.19,4.883992320075597,1.3368273908610713,1.0782494660006494,132.21583590852492,54.3538002084598,129.56297573262947,0.0,-20.0,-20.0,110.0,-4.446170055971495
620,6.2,4.8884526522756175,1.3368138519379769,1.0813248625828993,132.8990530439919,53.83133363914484,130.03189496571204,0.0,-20.0,-20.0,110.0,-4.456512330706763
621,6.21,4.892904255965365,1.3367998362455018,1.084404093895596,133.5675606183325,53.30638218021561,130.48328383222577,0.0,-20.0,-20.0,110.0,-4.466823476183128
622,6.22,4.897347173943514,1.3367853471624471,1.0874872563243643,134.22199983319462,52.77910719031159,130.91776283922718,0.0,-20.0,-20.0,110.0,-4.4771030280538575
623,6.23,4.901781450069989,1.336770388125451,1.0905744457745083,134.86298620559867,52.249662356244215,131.3359264791016,0.0,-20.0,-20.0,110.0,-4.487350528075457
624,6.24,4.906207129260615,1.3367549626285682,1.0936657576592959,135.49111039073418,51.71819414198735,131.73834405070625,0.0,-20.0,-20.0,110.0,-4.497565524178006
625,6.25,4.910624257481623,1.3367390742228449,1.096761286888298,136.1069390311945,51.18484221304803,132.12556050697074,0.0,-20.0,-20.0,110.0,-4.507747570534333
626,6.26,4.9150328817440405,1.3367227265158823,1.0998611278557946,136.7110156214976,50.64973983714489,132.4980973178072,0.0,-20.0,-20.0,110.0,-4.517896227628044
627,6.2700000000000005,4.919433050097938,1.3367059231713982,1.1029653744292391,137.30386137863604,50.11301426218039,132.85645333907675,0.0,-20.0,-20.0,110.0,-4.528011062320355
628,6.28,4.923824811626566,1.3366886679087777,1.1060741199377913,137.88597611103515,49.574787072528714,133.2011056799948,0.0,-20.0,-20.0,110.0,-4.538091647915779
629,6.29,4.928208216440354,1.3366709645026196,1.1091874571609115,138.4578390797003,49.03517452467601,133.5325105627609,0.0,-20.0,-20.0,110.0,-4.54813756422658
630,6.3,4.932583315670791,1.3366528167822749,1.1123054783170268,139.0199098465372,48.49428786325159,133.8511041694,0.0,-20.0,-20.0,110.0,-4.55814839763606
631,6.3100000000000005,4.936950161464175,1.3366342286313788,1.1154282750522624,139.5726291058503,47.952233618476754,134.15730347182637,0.0,-20.0,-20.0,110.0,-4.568123741160603
632,6.32,4.941308806975239,1.3366152039873769,1.118555938429244,140.1164194958956,47.409113886037694,134.45150704200884,0.0,-20.0,-20.0,110.0,-4.578063194510507
633,6.33,4.945659306360666,1.3365957468410434,1.1216885589159713,140.65168638809777,46.865026590362014,134.73409583985418,0.0,-20.0,-20.0,110.0,-4.587966364149574
634,6.34,4.95000171477246,1.3365758612359933,1.124826226374764,141.1788186521611,46.32006573224495,135.0054339770416,0.0,-20.0,-20.0,110.0,-4.597832863353472
635,6.3500000000000005,4.954336088351218,1.3365555512681888,1.1279690300512826,141.6981893958226,45.7743216217363,135.26586945556193,0.0,-20.0,-20.0,110.0,-4.607662312266808
636,6.36,4.958662484219262,1.3365348210854389,1.131117058563624,142.2101566784271,45.22788109715931,135.5157348801479,0.0,-20.0,-20.0,110.0,-4.617454337958969
637,6.37,4.962980960473665,1.3365136748868927,1.134270399891494,142.7150641978647,44.680827731093615,135.75534814413996,0.0,-20.0,-20.0,110.0,-4.627208574478672
638,6.38,4.967291576179148,1.3364921169225255,1.137429141365456,143.2132419507044,44.133242024112974,135.98501308862777,0.0,-20.0,-20.0,110.0,-4.636924662907237
639,6.390000000000001,4.9715943913608704,1.3364701514926203,1.140593369656263,143.70500686559967,43.585201587028045,136.2050201349497,0.0,-20.0,-20.0,110.0,-4.6466022514105605
640,6.4,4.975889466997088,1.3364477829472423,1.1437631707642657,144.1906634102375,43.03678131234421,136.41564689082745,0.0,-20.0,-20.0,110.0,-4.656240995289801
641,6.41,4.980176865011704,1.3364250156857074,1.146938630008906,144.67050417225778,42.488053535604564,136.61715873056932,0.0,-20.0,-20.0,110.0,-4.665840557030736
642,6.42,4.98445664826671,1.3364018541560443,1.1501198320182915,145.1448104146943,41.93908818725007,136.80980934990038,0.0,-20.0,-20.0,110.0,-4.675400606351829
643,6.43,4.988728880554497,1.336378302854451,1.153306860718856,145.6138526065825,41.389952935592156,136.99384129607157,0.0,-20.0,-20.0,110.0,-4.684920820250942
644,6.44,4.992993626590062,1.3363543663247461,1.1564997993251045,146.0778909294531,40.84071332145632,137.16948647397405,0.0,-20.0,-20.0,110.0,-4.6944008830507356
645,6.45,4.997250952003106,1.3363300491578134,1.1596987303294461,146.53717576048143,40.29143288502252,137.33696662903648,0.0,-20.0,-20.0,110.0,-4.703840486442727
646,6.46,5.001500923330009,1.3363053559910398,1.162903735492114,146.9919481330995,39.74217328535471,137.49649380772004,0.0,-20.0,-20.0,110.0,-4.713239329529984
647,6.47,5.005743608005706,1.3362802915077512,1.1661148958311767,147.4424401759002,39.19299441308135,137.64827079644863,0.0,-20.0,-20.0,110.0,-4.722597118868491
648,6.48,5.009979074355443,1.3362548604366373,1.1693322916126383,147.88887553067457,38.643954496659696,137.79249153982377,0.0,-20.0,-20.0,110.0,-4.731913568507125
649,6.49,5.014207391586431,1.3362290675511759,1.1725560023406314,148.3314697504254,38.09511020262861,137.9293415389764,0.0,-20.0,-20.0,110.0,-4.741188400026292
650,6.5,5.018428629779388,1.3362029176690486,1.175786106747703,148.77043067819523,37.54651673022894,138.05899823090257,0.0,-20.0,-20.0,110.0,-4.750421342575164
651,6.51,5.022642859880483,1.336176415650093,1.1790226827856325,149.2059588102975,36.99822790390783,138.1816313526515,0.0,-20.0,-19.880995750427243,110.0,-4.7596121323679
652,6.5200000000000005,5.026850153700318,1.336149566374091,1.1822658076224883,149.63824768595714,36.450296308309525,138.29740334237698,0.0,-20.0,-17.976112365722656,110.0,-4.768760505043368
653,6.53,5.0310505839050315,1.3361223747500208,1.18551555763359,150.06748428579994,35.902773409216984,138.4064698278681,0.0,-20.0,-16.13036870956421,110.0,-4.7778662034466635
654,6.54,5.035244223982614,1.336094845779441,1.1887720083688942,150.4938492140603,35.355709519323916,138.50897974981507,0.0,-20.0,-14.34352159500122,110.0,-4.786928990927947
655,6.55,5.03943114824811,1.3360669845141548,1.1920352345576257,150.9175169322077,34.80915382819047,138.6050755302441,0.0,-20.0,-12.614268064498901,110.0,-4.795948641041571
656,6.5600000000000005,5.043611431835262,1.3360387960506581,1.1953053100995885,151.3386560527305,34.263154487512836,138.69489335546365,0.0,-20.0,-10.94023585319519,110.0,-4.8049249357129575
657,6.57,5.04778515070837,1.336010285464753,1.198582308073475,151.75742965865382,33.7177587165889,138.77856353235865,0.0,-20.0,-9.318096041679382,110.0,-4.813857648617
658,6.58,5.051952381617426,1.335981457921802,1.2018663006982937,152.17399556296147,33.173012861374254,138.85621077333454,0.0,-20.0,-7.743664383888245,110.0,-4.822746574812199
659,6.59,5.056113202101928,1.335952318628367,1.205157359335778,152.58850650375672,32.62896240810142,138.9279543639499,0.0,-20.0,-6.21215283870697,110.0,-4.8315915190795975
660,6.6000000000000005,5.060267690478171,1.335922872837377,1.2084555544794306,153.00111033425392,32.08565200677717,138.9939083035748,0.0,-20.0,-4.71815288066864,110.0,-4.84039229616012
661,6.61,5.064415925838058,1.3358931258260354,1.211760955752716,153.41195026065054,31.543125546880887,139.0541815374516,0.0,-20.0,-3.2559281587600704,110.0,-4.849148724555795
662,6.62,5.06855798804567,1.3358630828907516,1.2150736319053217,153.82116510179438,31.001426259412238,139.10887826063092,0.0,-20.0,-1.819511204957962,110.0,-4.857860625053036
663,6.63,5.072693957714494,1.3358327493667221,1.2183936507943764,154.2288895242645,30.460596785355694,139.15809820266688,0.0,-20.0,-0.40287330746650696,110.0,-4.86652782762775
664,6.640000000000001,5.07682391612498,1.3358021306760817,1.2217210793203817,154.63525420190064,29.920679161694054,139.20193676327486,0.0,-20.0,1.0000602900981903,110.0,-4.875150179343142
665,6.65,5.080947945602172,1.3357712320359234,1.2250559837218276,155.04038600093975,29.381714904935674,139.24048521188365,0.0,-20.0,2.395157068967819,110.0,-4.883727482425246
666,6.66,5.085066128656843,1.3357400591375992,1.2283984289009804,155.44440809098685,28.843745056148556,139.27383076341178,0.0,-20.0,3.788087964057922,110.0,-4.8922596570137875
667,6.67,5.089178549005949,1.3357086173051498,1.2317484792242315,155.84744024936205,28.306810320136346,139.30205702996696,0.0,-20.0,5.1842182874679565,110.0,-4.900746520944998
668,6.68,5.093285290905686,1.3356769120376755,1.2351061979973856,156.24959898904544,27.77095100799877,139.32524413407538,0.0,-20.0,6.588459610939026,110.0,-4.9091879430144685
669,6.69,5.097386439290777,1.3356449488783695,1.238471647577962,156.65099764097482,27.23620703996514,139.34346873479015,0.0,-20.0,8.005290627479553,110.0,-4.9175838028261705
670,6.7,5.101482079773881,1.3356127334050483,1.2418448893752838,157.0517464683431,26.702617970443463,139.35680412145632,0.0,-20.0,9.438557028770447,110.0,-4.925933988553717
671,6.71,5.105572298640113,1.335580271225264,1.2452259838466302,157.451952794597,26.170223022583105,139.36532034265417,0.0,-20.0,10.891549587249756,110.0,-4.934238395928157
672,6.72,5.109657182838518,1.3355475679743363,1.2486149904911519,157.85172113274487,25.6390611244555,139.3690843469565,0.0,-20.0,12.366758584976196,110.0,-4.942496927969543
673,6.73,5.11373681997188,1.335514629314985,1.2520119678427648,158.25115330931445,25.109170942794382,139.36816012133164,0.0,-20.0,13.866043090820312,110.0,-4.9507094951290505
674,6.74,5.117811298285737,1.3354814609374743,1.2554169734626883,158.650348580618,24.58059091313187,139.36260882106706,0.0,-20.0,15.390498638153076,110.0,-4.958876015554446
675,6.75,5.121890316713675,1.3354485003287995,1.2588145485807711,159.04940830537677,24.05336243251213,139.3524875232699,58.4178581237793,-20.0,16.94048285484314,109.9997615814209,-4.978472244141218
676,6.76,5.126025285076929,1.3354180413452583,1.2621198768909998,159.44845121843693,23.52754272673849,139.33784403291597,317.4682312011719,-20.0,18.507957458496094,109.99846744537354,-5.037089041256089
677,6.7700000000000005,5.130297235055753,1.3353936624930947,1.2651950819232514,159.8476077606573,23.003204693607184,139.31871755289959,570.3012084960938,-20.0,20.0,109.99614238739014,-5.09316150843447
678,6.78,5.134781965678672,1.3353786486895929,1.2679040259090373,160.247004087275,22.48042614014609,139.29514359541253,816.067138671875,-20.0,20.0,109.9928150177002,-5.1463185386948025
679,6.79,5.139549976976263,1.3353759912046548,1.2701129442273986,160.64676314114888,21.959288067490903,139.26715490415393,1053.954833984375,-20.0,20.0,109.98851776123047,-5.196182111191629
680,6.8,5.144666342152739,1.3353883829830215,1.2716909962082736,161.04700610721756,21.439872008890774,139.23478267655005,1283.2203369140625,-20.0,20.0,109.98328590393066,-5.2423474585136836
681,6.8100000000000005,5.150190622248353,1.3354182157155738,1.272510784102904,161.44785298955125,20.922258370314623,139.1980572700162,1503.1962890625,-20.0,20.0,109.97715663909912,-5.2843358894170605
682,6.82,5.156176825113192,1.3354675787540153,1.2724488314135887,161.84942232944266,20.40652581600881,139.15700845237046,1713.3082275390625,-20.0,20.0,109.97017097473145,-5.321539196961459
683,6.83,5.162673408007586,1.335538259858189,1.271386015968959,162.25183048422676,19.892751299921706,139.11166542386135,1913.0684814453125,-20.0,20.0,109.96237087249756,-5.353178845852946
684,6.84,5.169723321648904,1.3356317479563213,1.2692079506619678,162.65518306860713,19.381024600275893,139.0620521257726,2102.09716796875,-20.0,20.0,109.9537992477417,-5.3783029690464055
685,6.8500000000000005,5.177353342565968,1.3357488036828697,1.2658279116228501,163.0595792299948,18.871423733123958,139.00819553653724,2200.0,-20.0,20.0,109.94482898712158,-5.380758269427721
686,6.86,5.1855632821914215,1.3358890470666915,1.2612119121886942,163.46510850197075,18.3639987818697,138.95013066841642,2200.0,-20.0,20.0,109.93585872650146,-5.359635343241327
687,6.87,5.194339429985596,1.3360515313250334,1.2553535916280993,163.87185293559023,17.858786154892545,138.88789533344027,2200.0,-20.0,20.0,109.92688846588135,-5.334062559193164
688,6.88,5.203668058249424,1.3362352965867996,1.2482467666312227,164.27989153568694,17.355822012310078,138.82152574936043,2200.0,-20.0,20.0,109.91791820526123,-5.328651590850439
689,6.890000000000001,5.213535373187678,1.3364393668521832,1.2398854069627212,164.68929950880258,16.855143867525175,138.7510561691687,2200.0,-20.0,20.0,109.90894794464111,-5.427079416888882
690,6.9,5.223927516488006,1.33666275010465,1.2302636360464896,165.10014863543807,16.35679075920365,138.67651897472376,2200.0,-20.0,20.0,109.899977684021,-5.522207907409468
691,6.91,5.234830566946188,1.3369044384326187,1.2193757315723093,165.51250795518672,15.860802900625437,138.59794490786675,2200.0,-20.0,20.0,109.89100742340088,-5.614160517359848
692,6.92,5.246230542120036,1.3371634081559645,1.2072161261223988,165.92644438268215,15.367221257382907,138.51536329573077,2200.0,-20.0,20.0,109.88203716278076,-5.703070180579109
693,6.93,5.258113399999566,1.3374386199548747,1.1937794078067774,166.34202313715704,14.876087226647835,138.428802225799,2200.0,-20.0,20.0,109.87306690216064,-5.789076548752974
694,6.94,5.27046504068625,1.3377290189999538,1.1790603208963457,166.75930799511377,14.387442446992075,138.338288671286,2200.0,-20.0,20.0,109.86409664154053,-5.872323992864275
695,6.95,5.28327130807794,1.3380335350832198,1.1630537664457097,167.17836141769686,13.901328710083767,138.24384858181986,2200.0,-20.0,20.0,109.85512638092041,-5.952960103922199
696,6.96,5.2965179915582565,1.3383510827499847,1.1457548029011067,167.5992446050013,13.417787934342073,138.14550695450038,2200.0,-20.0,20.0,109.8461561203003,-6.031134528812765
697,6.97,5.310190827690381,1.3386805614317665,1.1271586466912444,168.02201751536316,12.93686216853339,138.0432878958373,2200.0,-20.0,20.0,109.83718585968018,-6.106998037646756
698,6.98,5.324275501915482,1.3390208555804026,1.1072606728003174,168.44673887214722,12.45859360538976,137.9372146803966,2200.0,-20.0,20.0,109.82821559906006,-6.180701756468414
699,6.99,5.338757650256101,1.339370834803526,1.0860564153231618,168.87346616883337,11.983024595311766,137.82730980870826,2200.0,-20.0,20.0,109.81924533843994,-6.252396522631901
700,7.0,5.353622861024634,1.3397293540015225,1.0635415680027533,169.302255676099,11.5101976565555,137.71359506517032,2200.0,-20.0,20.0,109.81027507781982,-6.322232334879194
701,7.01,5.368856676536975,1.34009525350607,1.0397119847502523,169.73316245109038,11.040155481539283,137.59609157589375,2200.0,-20.0,20.0,109.8013048171997,-6.390357879412424
702,7.0200000000000005,5.384444594831241,1.340467359220325,1.0145636801477407,170.1662403478158,10.572940940127632,137.47481986621807,2200.0,-20.0,20.0,109.79233455657959,-6.456920119078045
703,7.03,5.400372071391493,1.3408444827608075,0.9880928299337134,170.60154202746747,10.108597080918686,137.34979991766357,2200.0,-20.0,20.0,109.78336429595947,-6.5201011802649615
704,7.04,5.416624520876254,1.341225421601021,0.9602957714713268,171.0391189677816,9.647167131313763,137.2210512241936,2200.0,-20.0,20.0,109.77439403533936,-6.579849827252062
705,7.05,5.433187318851708,1.3416089592168317,0.9311690041993783,171.47902147091395,9.188694496827022,137.08859284775414,2200.0,-20.0,20.0,109.76542377471924,-6.638870197966598
706,7.0600000000000005,5.450045803529394,1.3419938652336239,0.9007091900659694,171.92129866959297,8.733222759839613,136.9524434731212,2200.0,-20.0,20.0,109.75645351409912,-6.697280495403825
707,7.07,5.467185277508231,1.3423788955752463,0.8689131539448052,172.36599853148732,8.280795677846664,136.81262146211245,2200.0,-20.0,20.0,109.747483253479,-6.755195099297267
708,7.08,5.484591009520735,1.342762792614753,0.8357778840340779,172.8131678618162,7.831457181168969,136.66914490722965,2200.0,-20.0,20.0,109.73851299285889,-6.812724644626122
709,7.09,5.502248236183263,1.3431442853269409,0.8013005322378901,173.26285230426373,7.3852513700756885,136.52203168479537,2200.0,-20.0,20.0,109.72954273223877,-6.869976101708348
710,7.1000000000000005,5.5201421637501324,1.3435220894426863,0.7654784145301721,173.7150963402656,6.942222511264521,136.37129950763799,2200.0,-20.0,20.0,109.72057247161865,-6.9270528566177605
711,7.11,5.538257969871467,1.3438949076050732,0.7283090113010544,174.16994328673263,6.502415033655453,136.21696597737306,2200.0,-20.0,20.0,109.71160221099854,-6.984054790930719
712,7.12,5.556580805354617,1.3442614295273125,0.6897899676856524,174.62743529226864,6.0658735234653625,136.05904863632023,2200.0,-20.0,20.0,109.70263195037842,-7.041078360018402
713,7.13,5.5750957959290055,1.3446203321524395,0.6499190938752274,175.08761333193561,5.632642718539112,135.89756501908874,2200.0,-20.0,20.0,109.6936616897583,-7.098216669273481
714,7.140000000000001,5.593788044014239,1.344970279814786,0.6086943654106857,175.550517200617,5.2027675019185455,135.73253270385885,2200.0,-20.0,20.0,109.68469142913818,-7.155559547799728
715,7.15,5.612642630491349,1.3453099244032167,0.5661139234583783,176.01618550502974,4.7762928946341,135.56396936338186,2200.0,-20.0,20.0,109.67572116851807,-7.2131936192124835
716,7.16,5.631644616476993,1.3456379055261154,0.522176075068168,176.48465565443595,4.353264047705383,135.39189281571606,2200.0,-20.0,20.0,109.66675090789795,-7.271202369297231
717,7.17,5.650779045100469,1.3459528506781142,0.4768792934137258,176.95596385010793,3.9337262333381844,135.21632107471248,2200.0,-20.0,20.0,109.65778064727783,-7.329666210360199
718,7.18,5.670030943283402,1.3462533754085524,0.4302222180150255,177.4301450736002,3.517724835305936,135.03727240025802,2200.0,-20.0,20.0,109.64881038665771,-7.388662542179734
719,7.19,5.689385323521925,1.3465380834916503,0.38220365494300135,177.9072330738858,3.105305338504051,134.85476534828192,2200.0,-20.0,20.0,109.6398401260376,-7.448265809533036
720,7.2,5.705894157552792,1.3470717224451207,0.36029448607515846,178.69510754287947,2.4443586730339737,135.1043160162388,2200.0,-20.0,20.0,109.63086986541748,-6.890173698293521
721,7.21,5.722946225621835,1.3475588627464161,0.33558155503082104,-179.91460904200554,1.239975262364771,136.21612024066357,2200.0,-20.0,20.0,109.62189960479736,-6.616531479966369
722,7.22,5.737323874154329,1.3483066779180561,0.3386592466940004,-178.34777854376475,-0.2195430857019371,137.5938827255817,2200.0,-20.0,20.0,109.61292934417725,-6.8572858242533865
723,7.23,5.751620317593846,1.3490612233644512,0.3443887578575269,-176.76368457940526,-1.834329165154596,139.02932268830966,2200.0,-20.0,20.0,109.60395908355713,-6.9099335162438225
724,7.24,5.765886730662239,1.3497925221815654,0.3497954119837831,-175.23455500690176,-3.547053020934139,140.4266478155353,2200.0,-20.0,20.0,109.59498882293701,-6.889501576540554
725,7.25,5.780055127042077,1.3504923156101303,0.35401906143352785,-173.78420021959386,-5.335976762247992,141.77170774027738,2200.0,-20.0,20.0,109.5860185623169,-6.852492286054049
726,7.26,5.79404979234023,1.3511541946587196,0.35675863665486535,-172.4150255803644,-7.196884083344991,143.07129307465186,2200.0,-20.0,20.0,109.57704830169678,-6.810921684391674
727,7.2700000000000005,5.807820831141616,1.3517772498330796,0.35826659016867773,-171.1267509197495,-9.125516165023521,144.3267971186092,2200.0,-20.0,20.0,109.56807804107666,-6.7638506640485705
728,7.28,5.821319811107596,1.3523576987921757,0.35855282814108275,-169.91897512170854,-11.11773586148514,145.53999596189888,2200.0,-20.0,20.0,109.55910778045654,-6.711267015428005
729,7.29,5.834498727825992,1.3528918111361428,0.35762917011796963,-168.79124566490637,-13.16953996094064,146.71301359163292,2200.0,-20.0,20.0,109.55013751983643,-6.653177799508702
730,7.3,5.847310080126608,1.353375914317774,0.3555093303130582,-167.74312652987092,-15.277066936178986,147.8482959619418,2200.0,-20.0,20.0,109.54116725921631,-6.589609969443298
731,7.3100000000000005,5.859706944589969,1.353806399464651,0.3522088958924308,-166.77426529574333,-17.436600566859582,148.94859508914155,2200.0,-20.0,20.0,109.53219699859619,-6.520610945634546
732,7.32,5.871643049131337,1.3541797271036995,0.34774530230227335,-165.88446070053456,-19.64456986353311,150.0169642677266,2200.0,-20.0,20.0,109.52322673797607,-6.450154888145913
733,7.33,5.883072845541378,1.354492432779694,0.34213780568119384,-165.07373241433373,-21.897545710246376,151.0567656705829,2200.0,-20.0,20.0,109.51425647735596,-6.483955812050751
734,7.34,5.893951580865602,1.3547411325590992,0.3354074523996635,-164.34239532515394,-24.19223458073335,152.07169193330495,2200.0,-20.0,20.0,109.50528621673584,-6.510768512900991
735,7.3500000000000005,5.9042353675064865,1.3549225284106894,0.32757704577354674,-163.69114131551447,-26.525469584007492,153.06580386750667,2200.0,-20.0,20.0,109.49631595611572,-6.530869382124811
736,7.36,5.91388125193461,1.355033413454545,0.31867111000424786,-163.1211323858892,-28.89419896552129,154.04358725920895,2200.0,-20.0,20.0,109.4873456954956,-6.535540182484655
737,7.37,5.924069689249777,1.3551912554702248,0.31064620656289116,-162.439089015564,-31.110346964110896,154.5836793879999,2200.0,-20.0,20.0,109.47837543487549,-6.436583803848167
738,7.38,5.935053409832859,1.3554174963297707,0.3039506006086003,-161.69934485222103,-33.23121845940279,154.88024620142733,2200.0,-20.0,20.0,109.46940517425537,-6.423033152889145
739,7.390000000000001,5.946065524222853,1.355646390536113,0.2973791622298679,-160.94553690622945,-35.3164603434894,155.06595677845377,2200.0,-20.0,20.0,109.46043491363525,-6.415394690074026
740,7.4,5.956852571865672,1.3558511642932591,0.29060395386884463,-160.1887494439948,-37.381044050543295,155.17863675027695,2200.0,-20.0,20.0,109.45146465301514,-6.407507526783854
741,7.41,5.967284950924717,1.3560148051990544,0.2835560543540793,-159.32617341115633,-39.40709484681201,155.0820533518738,2200.0,-20.0,20.0,109.44249439239502,-6.388726797535439
742,7.42,5.977071089544761,1.3561094737419075,0.2759155746123123,-158.27197542535367,-41.38433117442527,154.68548152212279,2200.0,-20.0,20.0,109.4335241317749,-6.380940097067156
743,7.43,5.986075745403495,1.356121446098358,0.2675999653464448,-157.17792622241544,-43.36070884232982,154.22371656485748,2200.0,-20.0,20.0,109.42455387115479,-6.368516413567046
744,7.44,5.9945683743393365,1.356053151726441,0.2594814047141665,-155.3989856283489,-45.18485844034791,152.85839188684986,2200.0,-20.0,20.0,109.41558361053467,-6.379542273979698
745,7.45,6.001893065618019,1.3558831682941985,0.2500565878728211,-152.82181357747396,-46.79468312068125,150.52350073078145,2200.0,-20.0,20.0,109.40661334991455,-6.354555553538605
746,7.46,6.008470245496351,1.355623872766917,0.24042723705483218,-150.04758096726206,-48.316139936404014,148.0197853279825,2200.0,-20.0,20.0,109.39764308929443,-6.3286170540113105
747,7.47,6.014034832049757,1.355264052096952,0.23008049442559816,-147.06881130285836,-49.739991499850696,145.33977817897215,2200.0,-20.0,20.0,109.38867282867432,-6.29781720470397
748,7.48,6.018558541533075,1.3548010864750142,0.21905840628542786,-143.88058476110783,-51.05642505480683,142.47862269817657,2200.0,-20.0,20.0,109.3797025680542,-6.262389199283565
749,7.49,6.022404698089663,1.3542177529559918,0.2092309432040576,-138.8744520543594,-51.652121448963975,137.58483566701864,2200.0,-20.0,20.0,109.37073230743408,-6.463639957273789
750,7.5,6.025042812167986,1.3535471459429749,0.19797626871219012,-132.21146341089835,-51.20079249316349,130.93343023181754,2200.0,-20.0,20.0,109.36176204681396,-6.461589862232603
751,7.51,6.026812487473588,1.352762011238494,0.18712969939381183,-125.71474606991775,-50.22148469051001,124.61705030864788,2200.0,-20.0,20.0,109.35279178619385,-6.415654877798526
752,7.5200000000000005,6.0275064752683765,1.3518699685584985,0.1758478809659328,-119.53568147194369,-48.75464297593692,118.78875359805735,2200.0,-20.0,20.0,109.34382152557373,-6.366255529861849
753,7.53,6.027103836274132,1.350868559021972,0.1641873176660097,-113.77090277622254,-46.855294794402425,113.54806514863478,2200.0,-20.0,20.0,109.33485126495361,-6.313715565485047
754,7.54,6.025586572987958,1.3497556125543333,0.15220552902421844,-108.46260453850532,-44.5852894994347,108.94131256898277,2200.0,-12.304344177246094,20.0,109.3258810043335,-6.258337690328082
755,7.55,6.022939676151281,1.3485292536450102,0.13996089509948284,-103.6093558100947,-42.006922247670616,104.97245141724164,2200.0,1.3307929039001465,20.0,109.31691074371338,-6.200400011761313
756,7.5600000000000005,6.019226387106776,1.3467469278882638,0.128092606768228,-103.72035172651053,-56.76516078126957,107.18693350108792,2200.0,9.796821475028992,20.0,109.30794048309326,-8.377120332940011
757,7.57,6.0109069166575875,1.3465785608673424,0.12160481977034732,-116.39185117303775,-72.02835551382603,122.02725773840868,2200.0,-20.0,20.0,109.29897022247314,-5.377679690448472
758,7.58,6.005452505199333,1.3486060939167002,0.1215847579705462,-129.45659983651834,-74.14368451633946,136.54558936264425,2200.0,-20.0,20.0,109.28999996185303,-5.540682542646618
759,7.59,5.996170335407954,1.3506027488702315,0.12348884320372094,-133.26177241478868,-72.72201293353613,141.10618589094335,2200.0,-20.0,20.0,109.28102970123291,-5.728771669265771
760,7.6000000000000005,5.988992238595055,1.3542757573174946,0.1316941370009061,-131.39386479435615,-70.2576808043278,139.7734230652701,2200.0,-20.0,20.0,109.2720594406128,-5.852357906697658
761,7.61,5.980736464927088,1.357685358393405,0.14047884618642356,-127.45145184318372,-67.10591446752645,136.25506083831672,2200.0,-20.0,20.0,109.26308917999268,-5.930670597467084
762,7.62,5.971107983448317,1.3607197487139169,0.14903703353976347,-123.72041909651917,-63.49536569475464,132.8576128467056,2200.0,-20.0,20.0,109.25411891937256,-5.861946337767525
763,7.63,5.960204024818983,1.3634810227477412,0.15725222963135194,-120.95570399446771,-59.78910833301974,130.37655665348947,2200.0,-20.0,20.0,109.24514865875244,-5.815873920159024
764,7.640000000000001,5.948026522748896,1.3659507526264671,0.16507211180979434,-118.86341936628646,-56.01841438150078,128.5156997075761,2200.0,-20.0,20.0,109.23617839813232,-5.751283538864042
765,7.65,5.934593292505128,1.3681084138720572,0.17252957306281216,-117.25688453842234,-52.20286243718389,127.08578425388433,2200.0,-20.0,20.0,109.2272081375122,-5.685992406985736
766,7.66,5.919913947691213,1.3699336072289796,0.17961001183218822,-116.01372702387879,-48.355382548819385,125.9614906034639,2200.0,-20.0,20.0,109.21823787689209,-5.619844837813975
767,7.67,5.903998602090364,1.3714060480553325,0.18629897686581734,-115.05137151789214,-44.48495390078038,125.05687665346306,2200.0,-20.0,20.0,109.20926761627197,-5.552688717095613
768,7.68,5.886857866274227,1.3725055753413458,0.19258217423169066,-114.31271804456269,-40.59812241558762,124.310998352253,2200.0,-20.0,20.0,109.20029735565186,-5.484375678306783
769,7.69,5.86850284389431,1.3732121605355687,0.19844547426895234,-113.75752739429538,-36.699894753905255,123.67922774564643,2200.0,-20.0,20.0,109.19132709503174,-5.4147612265329315
770,7.7,5.848945127673524,1.3735059162320216,0.20387491843804084,-113.35708624982902,-32.79428885500877,123.12783913248084,2200.0,-20.0,20.0,109.18235683441162,-5.3437048827678435
771,7.71,5.828196795110484,1.3733671047431024,0.2088567260532338,-113.09081464931208,-28.88468825195075,122.6305235511902,2200.0,-20.0,20.0,109.1733865737915,-5.27107039931709
772,7.72,5.806270403904761,1.3727761465736317,0.21337730088840448,-112.94406005060556,-24.974080914193888,122.16607285051762,2200.0,-20.0,20.0,109.16441631317139,-5.196726061130969
773,7.73,5.783178987108526,1.3717136288053289,0.217423237651952,-112.90663915048053,-21.06522880353427,121.71679082286012,2200.0,-20.0,20.0,109.15544605255127,-5.12054506809605
774,7.74,5.758936048009087,1.3701603133975044,0.22098132832964662,-112.9718659508839,-17.160795722009993,121.26736542191519,2200.0,-20.0,20.0,109.14647579193115,-5.042405983467873
775,7.75,5.733555554746709,1.368097145407767,0.22403856839501218,-113.13590669105963,-13.263450731732974,120.80403723989319,2200.0,-20.0,20.0,109.13750553131104,-4.9621932297560125
776,7.76,5.707051934672628,1.3655052611352472,0.22658216288651817,-113.397362827008,-9.375958632533356,120.31395879225609,2200.0,-20.0,20.0,109.12853527069092,-4.879797612949427
777,7.7700000000000005,5.679440068452572,1.3623659961877317,0.22859953234988356,-113.75702024942265,-5.501265741882504,119.78467473175358,2200.0,-20.0,20.0,109.1195650100708,-4.795116857360977
778,7.78,5.650735283921448,1.3586608934729774,0.2300783186426751,-114.21772626904702,-1.6425875062977366,119.20367475947836,2200.0,-20.0,20.0,109.11059474945068,-4.708056135548406
779,7.79,5.620953349695019,1.3543717111133446,0.2310063905973864,-114.78437110858705,2.196496261273031,118.55798429105727,2200.0,-20.0,20.0,109.10162448883057,-4.618528580128398
780,7.8,5.590110468544489,1.3494804302817969,0.231371849538448,-115.46396087579016,6.011932763587647,117.83376612950963,2200.0,-20.0,20.0,109.09265422821045,-4.526455766545202
781,7.8100000000000005,5.558223270540067,1.3439692629563351,0.231163034648169,-116.26577601702803,9.799067952124119,117.01591151387781,2200.0,-20.0,20.0,109.08368396759033,-4.431768157859331
782,7.82,5.525308805969668,1.3378206595891233,0.2303685281764174,-117.2016139358344,13.552491333351092,116.08760236764222,2200.0,-20.0,20.0,109.07471370697021,-4.334405504383431
783,7.83,5.49138453803917,1.3310173166859032,0.22897716048886335,-118.28611697862954,17.265845088650302,115.02982959809647,2200.0,-20.0,20.0,109.0657434463501,-4.234317192533229
784,7.84,5.456468335360891,1.323542184290815,0.22697801494878342,-119.53718678651063,20.93158682215757,113.82085633470116,2200.0,-20.0,20.0,109.05677318572998,-4.131462538630555
785,7.8500000000000005,5.420578464237264,1.315378473371388,0.22436043262771072,-120.97648156613714,24.54069298339992,112.43562212708052,2200.0,-20.0,20.0,109.04780292510986,-4.025811024633536
786,7.86,5.383733580746998,1.3065096630982325,0.2211140168405878,-122.62998115924748,28.082287700762496,110.84509770388098,2200.0,-20.0,20.0,109.03883266448975,-3.9173424739020564
787,7.87,5.345952722641359,1.2969195080138454,0.2172286375015058,-124.52858063469246,31.54318012555621,109.01562541876875,2200.0,-20.0,20.0,109.02986240386963,-3.806047166163509
788,7.88,5.307255301058485,1.28659204508488,0.2126944352965864,-126.70862787340326,34.90729397178672,106.90832675706754,2200.0,-20.0,20.0,109.02089214324951,-3.804959068260001
789,7.890000000000001,5.267891882600968,1.2756311722418818,0.2131784243491958,-128.54987685845714,42.07419211750422,103.18765016263124,2200.0,-20.0,20.0,109.0119218826294,-4.181272694294777
790,7.9,5.227675712373527,1.2638741773844246,0.21410221047416525,-131.3480672808873,49.650525397413325,98.64947970269603,2200.0,-4.520717263221741,20.0,109.00295162200928,-4.503001029109461
791,7.91,5.186670196201529,1.251411784382507,0.21451310066543103,-136.09701237071025,57.03488429390921,92.58207427088259,2200.0,17.56350040435791,20.0,108.99398136138916,-4.392295454509049
792,7.92,5.144846951543821,1.238169851028216,0.21444285293741594,-144.15158966233307,63.975852036252405,83.58956709646678,2200.0,20.0,20.0,108.98501110076904,-4.276916507329047
793,7.930000000000001,5.102208708861907,1.2241198002503877,0.2139362104359119,-158.1280292035855,69.92464756250972,69.02458192308482,2200.0,20.0,20.0,108.97604084014893,-4.156833790937349
794,7.94,5.0587597419866555,1.2092345734155237,0.21303873396204798,178.62578569851019,73.68414875093774,45.51631561481143,2200.0,20.0,20.0,108.96707057952881,-4.032102689801707
795,7.95,5.014505853284248,1.1934886832455405,0.21179673038636093,149.3846233971575,73.62554637391821,16.32401801167859,2200.0,20.0,20.0,108.95810031890869,-3.902948806873607
796,7.96,4.96945436067175,1.176858260783276,0.21025716416969564,126.13578156924873,69.7700340331344,-6.57368702642782,2200.0,20.0,19.87307071685791,108.94913005828857,-3.769760320547135
797,7.97,4.923614078876614,1.1593210994133103,0.20846756970372288,111.87391620503051,63.74521456299357,-20.1842474159177,2200.0,20.0,9.157479405403137,108.94015979766846,-3.633086715676138
798,7.98,4.876995297564828,1.1408566957378865,0.20647596260049,103.20985706770338,56.7240552808759,-27.892320327705445,2200.0,20.0,-2.73920476436615,108.93118953704834,-3.4936330937041444
799,7.99,4.829609758096481,1.1214462856996676,0.2043307477714515,97.54299202054085,49.2396888476485,-32.286968397913704,2200.0,20.0,-15.4691481590271,108.92221927642822,-3.3522366006019326
800,8.0,4.781470617197375,1.1010728736565032,0.20208063527071451,93.51247645342012,41.53254924240364,-34.70974289214754,2200.0,20.0,-20.0,108.9132490158081,-3.20992516068196
801,8.01,4.732707782943315,1.0798765885420527,0.19977947918228595,90.40843423483763,33.72458560791662,-35.84261289897237,1580.696533203125,20.0,-20.0,108.90680408477783,-2.9574444022397595
802,8.02,4.683717894810889,1.0583750802361211,0.1974683623164357,87.83287835009868,25.887172774126462,-36.045551920844375,108.70117950439453,20.0,-20.0,108.9063606262207,-2.5820172648950352
803,8.03,4.6358060079633,1.0387383528296745,0.1946457486125863,90.18847037516417,19.706653543393553,-36.13332207713359,0.0,20.0,-20.0,108.9063606262207,-2.385281644260447
804,8.040000000000001,4.589306801205881,1.021593266866127,0.1910436144147979,95.33496326490237,14.713782838409388,-36.97638165191507,0.0,20.0,-20.0,108.9063606262207,-2.486312689098504
805,8.05,4.54340344219202,1.0052593916459323,0.18734035399023302,100.82515440084295,10.33763772654307,-38.67659358669577,0.0,20.0,-20.0,108.9063606262207,-2.4687133083620307
806,8.06,4.497991523392894,0.9894448748774531,0.1838462895140458,106.2169954198187,6.246273076953309,-41.219480506700634,0.0,20.0,-20.0,108.9063606262207,-2.4906097593853302
807,8.07,4.453121401629641,0.9741975358015683,0.18060778441186837,111.58371877622436,2.5551240326416895,-44.54633977900051,0.0,20.0,-20.0,108.9063606262207,-2.520152133561614
808,8.08,4.409243640618968,0.9595076243702023,0.188004133521315,115.10699014046044,-7.387840347800871,-51.37609529895863,0.0,20.0,-20.0,108.9063606262207,-4.766708346451561
809,8.09,4.365256822641215,0.9448500950248605,0.19200143530686684,117.99716133689704,-27.634708985420577,-64.1733593525943,0.0,20.0,-14.434854984283445,108.9063606262207,-6.062476409697464
810,8.1,4.32184409158381,0.93036590446385,0.20616855172262408,127.2074172859542,-49.133491340742495,-82.57643437549905,0.0,20.0,19.15475368499756,108.9063606262207,-6.059477941380774
811,8.11,4.278501650647791,0.9159722642136157,0.21909963650248895,157.284625219093,-66.03330667734092,-120.44753674110274,0.0,20.0,-7.488079667091369,108.9063606262207,-6.02600600014259
812,8.120000000000001,4.235278576367078,0.9016635086622413,0.23208769559609782,-145.2847188995008,-64.56432312047568,175.13795682935663,0.0,20.0,-20.0,108.9063606262207,-6.015963701446669
813,8.13,4.192179236930246,0.8874354727313939,0.2451293111092718,-118.54265273315056,-46.19662112613737,141.7996168175544,0.0,20.0,-20.0,108.9063606262207,-6.0260631582635895
814,8.14,4.149207756000592,0.873283835924532,0.2582209701504276,-109.62489029570432,-23.5803632077641,126.25496069150066,0.0,20.0,-20.0,108.9063606262207,-6.049337837867407
815,8.15,4.106368008888977,0.8592041235867639,0.2713590676184742,-106.51902021905926,0.21205304174490652,115.87797040755679,0.0,20.0,-20.0,108.9063606262207,-6.075982880017787
816,8.16,4.063663612671912,0.8451917247273347,0.2845399088102151,-106.61463580173164,24.43283480977795,106.73959838983046,0.0,20.0,-20.0,108.9063606262207,-6.094750066470709
817,8.17,4.021097920608512,0.831241897888972,0.2977597174955903,-110.91266204569698,48.643368389667074,95.63425396107311,0.0,20.0,-20.0,108.9063606262207,-6.094745247656459
818,8.18,3.9786740156461713,0.8173497799633961,0.31101464378932164,-131.4023290003546,71.39964363726305,69.64248341926488,0.0,20.0,-9.888004660606384,108.9063606262207,-6.067360291519079
819,8.19,3.936394704348395,0.8035103958146025,0.32430077205726693,134.33062930191988,74.59197273545541,-29.281493497007837,0.0,20.0,-0.12431100010871887,108.9063606262207,-6.008000443963224
820,8.2,3.8942625104996456,0.7897186714997866,0.33761412986664735,105.23832453140679,52.48567681292594,-62.442799434038626,0.0,20.0,20.0,108.9063606262207,-5.917268342843242
821,8.21,3.8522796736838836,0.7759694328728985,0.3509506884776991,98.72110342003184,27.763960034489156,-72.60343283802013,0.0,20.0,20.0,108.9063606262207,-5.80134314288872
822,8.22,3.809789305175281,0.7621150827533031,0.36422282379343063,96.20885729642539,2.537549636065275,-78.45666432692794,2173.52294921875,20.0,20.0,108.89749813079834,-6.041175737314361
823,8.23,3.766121089098307,0.7480228203815111,0.3773611244969366,95.09083868489454,-22.90766658646058,-82.75094997012486,2200.0,20.0,20.0,108.88852787017822,-5.850274623680436
824,8.24,3.721254973077484,0.733737336754214,0.3903981578451216,94.7855456721517,-48.48523624001807,-86.37761980544018,2200.0,17.935609817504883,20.0,108.8795576095581,-5.669177053569701
825,8.25,3.675182704526108,0.7193008846604774,0.40336614206276394,96.04943133239264,-74.14999326665293,-90.63358053967723,2200.0,20.0,20.0,108.87058734893799,-5.517159519934076
826,8.26,3.6278983532728644,0.7047559921467611,0.4162973587898042,-90.74866801500941,-80.06233075424852,93.90407072810781,2200.0,20.0,20.0,108.86161708831787,-5.403896380661351
827,8.27,3.579398304092712,0.6901454381708154,0.4292241051123599,-87.62092807705767,-54.28317905027961,89.21236671837502,2200.0,20.0,20.0,108.85264682769775,-5.332709248043448
828,8.28,3.5296812656509657,0.6755121677097268,0.4421786296739389,-86.69875810818097,-28.456519531966993,87.54372318655987,2200.0,20.0,20.0,108.84367656707764,-5.29953737832239
829,8.290000000000001,3.4787482807801724,0.6608992050879148,0.45519307083957633,-85.5861153754392,-2.624658040993856,86.88283632556268,2200.0,20.0,20.0,108.83470630645752,-5.293200765589822
830,8.3,3.42660273681333,0.6463495658335356,0.4682993971624019,-83.57171413131974,23.15454476173533,87.58029781252479,2200.0,20.0,20.0,108.8257360458374,-5.297001970972375
831,8.31,3.3732503738963984,0.6319061680782628,0.4815293493202455,-78.74791770564396,48.70709056019175,91.49182288950054,2200.0,20.0,20.0,108.81676578521729,-5.291462462291524
832,8.32,3.318699287797947,0.6176117446335638,0.49491438268945553,-58.4150515309673,72.86555511467287,111.3587497644806,2200.0,20.0,20.0,108.80779552459717,-5.2577558863670975
833,8.33,3.2629599243307967,0.6035087568257629,0.5084856098579351,47.203963680800165,74.67802878609825,-142.92701628196374,2200.0,20.0,20.0,108.79882526397705,-5.181236240514239
834,8.34,3.2060450641331046,0.5896393108084879,0.5222737427336865,71.07301947742498,50.94559459841831,-118.17948151875912,2200.0,20.0,20.0,108.78985500335693,-5.054399786070504
835,8.35,3.147969798074857,0.5760450766725249,0.536309034257353,75.30996450750068,25.549941583006,-111.84876942794727,2200.0,20.0,20.0,108.78088474273682,-4.8786853396730345
836,8.36,3.088751494181366,0.5627672104368789,0.5506212199554282,75.3598682036925,0.043723657450903036,-107.5647394166918,2200.0,20.0,20.0,108.7719144821167,-4.664703929534139
837,8.370000000000001,3.0284097568811172,0.5498462788891584,0.5652394596866444,72.23177126114382,-25.172342893281108,-101.97649007878076,2200.0,20.0,20.0,108.76294422149658,-4.430766480885484
838,8.38,2.9669663793073284,0.5373221870571979,0.5801922799967155,62.685585131242554,-49.32813984842123,-90.5646001692894,2200.0,20.0,20.0,108.75397396087646,-4.199897738393739
839,8.39,2.9044452897759974,0.5252341077163284,0.5955075175121126,29.191829119930592,-68.40367114672053,-55.20798780729628,2200.0,20.0,20.0,108.74500370025635,-3.995825485708472
840,8.4,2.8409656224314657,0.5135761194888513,0.6111761790296982,-36.32161374607349,-64.81092106019031,12.593952096560411,1850.379638671875,20.0,20.0,108.73745918273926,-3.7748525623625824
841,8.41,2.777125394556142,0.5020871513387766,0.6269826117181511,-59.78796757370346,-43.698646288792894,39.26025692820289,0.0,20.0,20.0,108.73745918273926,-3.343251126903295
842,8.42,2.713415311887781,0.4905328403008013,0.6427308633641642,-65.9543863232051,-19.5561531275818,50.30991260992402,0.0,20.0,20.0,108.73745918273926,-3.3418864666779493
843,8.43,2.6498291491834416,0.47890482528323114,0.6584168760102368,-66.1181213384521,4.967376936530667,58.58595565460804,0.0,20.0,20.0,108.73745918273926,-3.3921803163029103
844,8.44,2.5863625329462634,0.4671986783757078,0.6740376142040658,-61.19886508462623,28.87181180109954,68.79797833040085,0.0,20.0,20.0,108.73745918273926,-3.475963807689008
845,8.45,2.5230108585223014,0.45541012378382295,0.6895901715078807,-46.46683478857912,50.340611738736655,87.60648226473963,0.0,20.0,20.0,108.73745918273926,-3.5684572845983404
846,8.46,2.459769299181348,0.4435350461147372,0.7050717761394112,-7.987370812289378,62.55620448000652,129.88459730593388,0.0,20.0,20.0,108.73745918273926,-3.642672500678947
847,8.47,2.3966328156235526,0.4315694983654244,0.7204797962883013,35.89323927345389,54.33740340330603,177.95741095937288,0.0,20.0,20.0,108.73745918273926,-3.6743685593501385
848,8.48,2.3335961658561466,0.41950970955430555,0.7358117451155397,53.86134498555679,34.288787356754,-158.7524228476433,0.0,20.0,20.0,108.73745918273926,-3.6466395688593276
849,8.49,2.270545242291019,0.4074719780971391,0.751156824426376,59.25956621334577,11.313586916996973,-145.75022975311288,594.9172973632812,20.0,20.0,108.73503303527832,-3.6690349852165713
850,8.5,2.2070964946949485,0.3959092254205355,0.766861309618458,58.28653119936595,-12.00083947671043,-134.52951851100465,2200.0,20.0,20.0,108.7260627746582,-3.8282308138011634
851,8.51,2.142999795426329,0.38516680186118046,0.7831899914247135,50.56134978788786,-34.08472597600799,-119.90806230878475,2200.0,20.0,20.0,108.71709251403809,-3.627277553177569
852,8.52,2.0783041315525996,0.3752705719368796,0.8001575279894645,29.958128600594193,-51.69701795329862,-93.80596837247832,2200.0,20.0,20.0,108.70812225341797,-3.413076652168017
853,8.53,2.013056790151231,0.3662422511838364,0.8177771425606453,-8.766981936869943,-56.40800218221774,-49.92029941871415,2200.0,20.0,20.0,108.69915199279785,-3.215348443282995
854,8.540000000000001,1.9473061237429008,0.3581019175538268,0.8360607527267827,-39.29105650021426,-44.128962635223715,-13.747944131782058,2200.0,20.0,20.0,108.69018173217773,-3.0623098154654183
855,8.55,1.8811014509905706,0.35086798060465063,0.8550189488475131,-51.95386825276526,-23.98139834069798,6.021844481771178,2200.0,20.0,20.0,108.68121147155762,-2.9755408123036804
856,8.56,1.814492957561332,0.34455714875978505,0.8746609740709906,-55.26505535379783,-1.658247410600557,19.500052491765175,2200.0,20.0,20.0,108.6722412109375,-2.9660341846373175
857,8.57,1.7475315978266008,0.3391843934053269,0.8949947055912428,-52.11417824253317,20.594933289867342,32.90961387983601,2200.0,20.0,20.0,108.66327095031738,-3.0321915057472517
858,8.58,1.6802689973529927,0.33476291044154194,0.916026637276317,-40.30211550059784,40.606915584967524,52.03501961649861,2200.0,20.0,20.0,108.65430068969727,-3.1601684279066355
859,8.59,1.6127573555423618,0.33130408179168125,0.9377618643091172,-12.993439107935059,53.324474787124274,85.39138234310471,2200.0,20.0,20.0,108.64533042907715,-3.326528650726091
860,8.6,1.545049347576814,0.32881744031496946,0.9602040707066075,23.295983359429314,50.53174825957848,127.49124745741724,2200.0,20.0,20.0,108.63636016845703,-3.5027261024128906
861,8.61,1.4771980250659515,0.3273106411003444,0.9833555203784521,44.75809922097424,34.59823343747825,155.4340095933097,2200.0,20.0,20.0,108.62738990783691,-3.660582740538093
862,8.620000000000001,1.4092567152634576,0.32678944074995786,1.007217051938573,53.063765033715555,13.617513466246272,172.08381533391287,2200.0,20.0,20.0,108.6184196472168,-3.7785697674673386
863,8.63,1.3412789191143508,0.3272576850006768,1.031788077135207,53.90490928726771,-8.667746131358797,-174.71188112199087,2200.0,20.0,20.0,108.60944938659668,-3.8455450005263683
864,8.64,1.2733182084892503,0.32871730451072556,1.057066582615364,47.846570447055335,-30.271868167000026,-159.5445341260143,2200.0,13.135776519775389,20.0,108.60047912597656,-3.860027864375643
865,8.65,1.205428117825783,0.33116832014534325,1.0830491342735868,30.283668190006004,-48.19275965860858,-135.22451930690448,2200.0,-20.0,20.0,108.59150886535645,-3.835368479009938
866,8.66,1.1376620718479573,0.3346088707857795,1.10973091090833,-4.604190768590508,-55.08206708635668,-94.5883699135976,2200.0,-20.0,20.0,108.58253860473633,-3.7954102008913497
867,8.67,1.0700732206283592,0.33903528013259654,1.1371057098863033,-36.72012171488589,-45.25065810998945,-56.811219169632786,2200.0,-20.0,20.0,108.57356834411621,-3.770346960537172
868,8.68,1.002607396275192,0.3440338616216034,1.1648817365434008,-51.68553256649657,-26.062910547128766,-35.346042907895985,572.0288696289062,-20.0,20.0,108.57123565673828,-3.424123234194361
869,8.69,0.9351463328897429,0.3490522291648451,1.192667708163073,-56.655481440977766,-3.824268105322597,-21.65891829832191,0.0,-20.0,20.0,108.57123565673828,-3.340269578475267
870,8.700000000000001,0.8676433997796947,0.3539484045180773,1.220365300536179,-55.255029071420495,19.00177896083946,-9.323241525217812,0.0,-20.0,20.0,108.57123565673828,-3.4526520675108974
871,8.71,0.8000907894286403,0.3587237420065556,1.247976592943732,-45.93963689306425,40.57418245891203,7.281107566515743,0.0,-20.0,20.0,108.57123565673828,-3.651891297880431
872,8.72,0.7324820301559946,0.3633799221783552,1.2755032643140192,-20.167915981231467,56.61652050152576,38.53949579958013,0.0,-14.687771797180176,20.0,108.57123565673828,-3.9300264654888024
873,8.73,0.664810755381701,0.36791885756404125,1.3029471603106915,23.016420020410784,56.81585743618648,86.43321620063195,0.0,19.07248020172119,20.0,108.57123565673828,-4.267672300265189
874,8.74,0.5970707280703302,0.37234268571040274,1.3303102816168315,49.64945169458937,40.81564988855379,117.76585856333217,0.0,20.0,20.0,108.57123565673828,-4.63754394388423
875,8.75,0.529255861115725,0.37665375377455335,1.357594793356819,59.85143586131974,18.859699077664107,133.51511337781062,0.0,20.0,20.0,108.57123565673828,-5.009375551986932
876,8.76,0.46136018958523334,0.38085464293236604,1.3848030058300076,62.534706226435695,-4.7940670726215995,144.02526127739503,0.0,20.0,20.0,108.57123565673828,-5.355161324739067
877,8.77,0.3935367057007765,0.3851394611534594,1.4120624300304938,59.692719612160296,-28.61546288995029,154.6160166308646,890.6019287109375,20.0,20.0,108.5676040649414,-5.8565680352060285
878,8.78,0.3260691030721976,0.3898312749542468,1.4395855733154197,47.50887646328572,-50.953776431921675,171.89322827330713,1535.93994140625,20.0,20.0,108.56134128570557,-6.2656046916749455
879,8.790000000000001,0.2592230985035641,0.3951750071272433,1.4675285044925594,9.160053522533127,-65.64214063766673,-146.04022633498906,2146.04931640625,20.0,20.0,108.55259037017822,-6.619975121792869
880,8.8,0.19316561310041136,0.40128231997349717,1.495959316780275,-42.36132100718021,-58.32454438514236,-91.44693895851928,2200.0,20.0,20.0,108.5436201095581,-6.809643942223107
881,8.81,0.12794785524695007,0.4081358994226013,1.5248608355215385,-62.39842120712651,-37.40531381994,-68.42075884556222,2200.0,20.0,20.0,108.53464984893799,-6.9517984670074755
882,8.82,0.0636077419468778,0.41570646249856014,1.5542086324297624,-69.08891716888643,-13.319025521502317,-58.167370604080055,2200.0,20.0,20.0,108.52567958831787,-7.079886068731902
883,8.83,0.00018142769477292076,0.4239634353814548,1.5839774572752077,-70.56851817545699,11.605771274018064,-51.372823277874204,2200.0,20.0,20.0,108.51670932769775,-7.216361303973784
884,8.84,-0.062296676955731704,0.4328749803409479,1.614141202782919,-67.76950883741054,36.59135343119166,-43.99682230043102,2200.0,20.0,20.0,108.50773906707764,-7.379049497121324
885,8.85,-0.12379398016059043,0.4424080525344212,1.644672955527506,-55.16520951601871,60.52808356124749,-28.700487250801455,2200.0,20.0,20.0,108.49876880645752,-7.577826435568767
886,8.86,-0.18427978381228563,0.45252845449072915,1.6755450488724142,5.380393605181386,74.9968762588141,33.470087334657784,2200.0,20.0,20.0,108.4897985458374,-7.812976097583292
887,8.870000000000001,-0.24372535615275384,0.4632008907206431,1.7067291177323067,62.63972443779139,59.40597398726415,91.73282318812645,2200.0,20.0,20.0,108.48082828521729,-8.075451166912039
888,8.88,-0.30210399906115115,0.47438902503768593,1.7381961547976699,75.14317223370215,35.165778636569904,104.92506745875363,2200.0,20.0,20.0,108.47185802459717,-8.348890478517763
889,8.89,-0.35939110741125857,0.4860555431034597,1.7699165628145854,79.18723031945657,9.764919175790041,109.64924611860465,2200.0,-20.0,20.0,108.46288776397705,-8.612940691603578
890,8.9,-0.41556424596875974,0.49816220602239236,1.8018602258027958,80.43535422503273,-15.943095902408608,112.06851931261158,2200.0,-20.0,20.0,108.45391750335693,-8.847132854860336
891,8.91,-0.47060317621436226,0.5106699409837,1.833996537878779,79.63282046562794,-41.726037415141214,114.29294960222997,2200.0,-20.0,-5.8632296323776245,108.44494724273682,-9.034670005386234
892,8.92,-0.5244898439619412,0.5235389218360728,1.8662944777588728,73.62983459424743,-67.34825986519107,120.46691185572998,2200.0,-20.0,-20.0,108.4359769821167,-9.165363264420549
893,8.93,-0.5772083597861195,0.5367286812466626,1.8987226534219956,-40.85730560603179,-83.73453871719808,-125.71157146276656,2200.0,-20.0,-20.0,108.42700672149658,-9.237271848259345
894,8.94,-0.6287450496655341,0.5501981933830535,1.931249394854373,-83.55500956811436,-59.859058593884335,-84.34530706403072,2200.0,-20.0,-20.0,108.41803646087646,-9.25675201288023
895,8.950000000000001,-0.6790885260348639,0.5639059342214132,1.9638428067975868,-87.91758401383858,-34.17713301942719,-81.95539985742637,2200.0,-20.0,-20.0,108.40906620025635,-9.237042667961108
896,8.96,-0.7282297418583594,0.5778099415404484,1.9964708424240452,-89.78640808356215,-8.42611652214277,-82.83167140851594,2200.0,-20.0,-20.0,108.40009593963623,-9.19572551500182
897,8.97,-0.7767094223702077,0.5918077433843785,2.0291077666020527,-91.36325440125157,17.284604608738082,-85.21914565467632,437.6493225097656,-20.0,-20.0,108.39831161499023,-8.825994308668102
898,8.98,-0.8252082193980023,0.6058051021250406,2.0617418315770832,-93.84293887168447,42.88706719916028,-89.446149490774,0.0,-20.0,-20.0,108.39831161499023,-8.74734626865917
899,8.99,-0.8738627515794782,0.619794709549559,2.0943808039420992,-101.69263023151274,68.148292319741,-99.72044026122552,0.0,-20.0,-20.0,108.39831161499023,-8.788006159871209
900,9.0,-0.9226730159817467,0.6337826392296869,2.1270296556764627,144.91532954227398,82.86488001570096,143.83336750464454,0.0,-20.0,-20.0,108.39831161499023,-8.866046732342515
901,9.01,-0.9716386441442355,0.6477743859109922,2.1596924759417613,104.60113837243685,59.56856864011152,99.75269538855461,0.0,-20.0,-20.0,108.39831161499023,-8.980372202064013
902,9.02,-1.0207589674736,0.6617754344853785,2.1923733270870374,100.73055628310264,34.463648016113936,91.16750316733479,0.0,-20.0,-20.0,108.39831161499023,-9.123869199077065
903,9.03,-1.070033018662338,0.6757912493898106,2.2250762367529,100.4573585729747,9.389447476546303,84.70953419275811,0.0,-20.0,-20.0,108.39831161499023,-9.285050110013765
904,9.040000000000001,-1.1194595327547432,0.6898272609716277,2.2578051955146434,102.2381680572998,-15.449004313948274,77.59811377604606,0.0,20.0,-20.0,108.39831161499023,-9.450280404652881
905,9.05,-1.1690369535530483,0.7038888682116453,2.2905641265988583,107.34481409959761,-39.75335797471868,67.50938188306321,0.0,20.0,-20.0,108.39831161499023,-9.606263030567598
906,9.06,-1.2187634292806266,0.7179814036912591,2.3233569217938173,123.11181723570071,-62.33152834277792,46.66865377838666,0.0,20.0,-20.0,108.39831161499023,-9.742062256308925
907,9.07,-1.2686368261690122,0.7321101526498494,2.3561873766390997,-174.98579157051986,-73.81494428200111,-20.691438470915156,0.0,20.0,-3.2368868589401245,108.39831161499023,-9.850854470506759
908,9.08,-1.3186547231128765,0.7462803185464181,2.3890592382104257,-125.23983173672184,-58.53552029903746,-76.57939545124913,0.0,20.0,3.9927345514297485,108.39831161499023,-9.930499270533085
909,9.09,-1.3688144217825935,0.760497023897665,2.4219761676800204,-113.61513624724566,-35.98941396234956,-95.4564758287674,0.0,20.0,0.7585076987743378,108.39831161499023,-9.983565734366897
910,9.1,-1.4191129512719391,0.7747652998545851,2.4549417380163367,-110.79357313526849,-12.575962282775357,-107.38674418732307,0.0,20.0,-2.8514164686203003,108.39831161499023,-10.016485417870639
911,9.11,-1.4695470728262665,0.7890900757883076,2.4879594293304628,-112.0052457464313,10.678202899070454,-118.6818902011859,0.0,20.0,-7.186781764030456,108.39831161499023,-10.038193935637283
912,9.120000000000001,-1.5201132881292154,0.8034761702335373,2.521032618724548,-117.68371065980006,33.089818402088646,-132.7096360354712,0.0,20.0,-20.0,108.39831161499023,-10.058512918115527
913,9.13,-1.570807843735343,0.8179282809695246,2.5541645791110494,-132.92258765958948,53.029844316175485,-155.70896617009976,0.0,20.0,-20.0,108.39831161499023,-10.086560379203378
914,9.14,-1.6212285409571443,0.8322189282546564,2.5871442563289406,-171.35350326780352,64.27498866267491,158.06961180126413,1626.322021484375,20.0,-20.0,108.39168071746826,-10.401473844598948
915,9.15,-1.6708492107918265,0.8460194666162573,2.6196764530404972,145.02880335891186,56.86739825623138,106.15502421787724,2200.0,20.0,-20.0,108.38271045684814,-10.50440771205575
916,9.16,-1.719565500901741,0.8592127672154609,2.6516616420566996,126.62074162803799,38.65547367528351,78.41682051630062,2200.0,-8.417871594429016,-20.0,108.37374019622803,-10.510844545903305
917,9.17,-1.7674147824212758,0.8717658852048114,2.683077004620219,120.46872954452799,17.758871514815308,61.12375710314621,2200.0,-20.0,-20.0,108.36476993560791,-10.533822179715502
918,9.18,-1.814549079207317,0.8837441743305051,2.713986246877079,120.00216017540312,-3.5220737471224974,46.303543064407144,1651.4053955078125,-20.0,-20.0,108.35803604125977,-10.477832685897061
919,9.19,-1.8613016836304208,0.8953901326515044,2.7446043171914893,124.29873111761452,-24.11084165408782,30.09525551633423,714.8562622070312,-20.0,-20.0,108.35512161254883,-10.38248514023354
920,9.200000000000001,-1.9078878829016228,0.9068728996020089,2.775078524268801,135.822813223093,-42.514362500199226,8.124680439631739,659.05224609375,-20.0,-20.0,108.3524341583252,-10.466277368387344
921,9.21,-1.95426911905584,0.9181335582301684,2.8053605314781507,160.78004110168473,-54.97399056475848,-26.774726542134573,984.9561767578125,-20.0,-20.0,108.34841823577881,-10.610742624980837
922,9.22,-2.000361667530895,0.9290519363211126,2.8353508063139277,-163.7524070733983,-54.738357982560025,-72.30910139860607,1223.20458984375,-20.0,-20.0,108.343430519104,-10.71990571615662
923,9.23,-2.0460980214061872,0.9395017763924183,2.8649457132253526,-139.8710121171092,-42.301023376489,-106.94601142161248,1543.526611328125,-20.0,-20.0,108.33713722229004,-10.821799912101943
924,9.24,-2.09148197973315,0.9494420025075725,2.8941141739456415,-129.29201043009695,-24.6204798999583,-129.66142321418508,1361.0843505859375,-20.0,-20.0,108.33158779144287,-10.814192493523022
925,9.25,-2.136722168244809,0.9591628348315336,2.9230987560708286,-125.97213795697077,-5.372251459838062,-147.58050841602858,160.69024658203125,-20.0,-20.0,108.3309326171875,-10.626335811989138
926,9.26,-2.182004621930985,0.9689598224021432,2.9521418540781177,-127.63621384428512,13.874585796047633,-164.97195605745668,0.0,-20.0,-20.0,108.3309326171875,-10.639067270069138
927,9.27,-2.227341365154248,0.9788710873332763,2.981274954060244,-134.90043331566662,31.82804630895969,174.71200122912208,0.0,-20.0,-20.0,108.3309326171875,-10.674885331196847
928,9.28,-2.2727256329822074,0.9888986550072622,3.0104992933785453,-151.0333175255031,46.20299195699417,146.81611498275848,0.0,-20.0,-20.0,108.3309326171875,-10.705700406304965
929,9.290000000000001,-2.3181509054802465,0.9990442712405793,3.039815759701551,-178.5970639600578,52.3844018406541,107.96725322783863,0.0,-20.0,-20.0,108.3309326171875,-10.735850308188803
930,9.3,-2.3636105855847305,1.009309453501139,3.0692250646469317,153.57715211581893,46.742524980724305,68.7314738140703,0.0,-20.0,-20.0,108.3309326171875,-10.769486311596605
931,9.31,-2.4090980053711513,1.0196954815208494,3.098727750958049,137.15449899299924,32.83477166355095,40.17060133452913,0.0,20.0,-20.0,108.3309326171875,-10.810133349761736
932,9.32,-2.45460645812374,1.030203420629491,3.1283241598050258,129.81168081645865,15.404213635809004,19.1554263194257,0.0,20.0,-20.0,108.3309326171875,-10.860439638148327
933,9.33,-2.5001291995231547,1.0408340808607546,3.1580144729059705,128.18978729233942,-3.1703111908660935,0.988184530531296,0.0,20.0,-20.0,108.3309326171875,-10.921885967965489
934,9.34,-2.545659444380593,1.05158804570333,3.1877986873568953,131.49317610440335,-21.548562353233127,-17.706990430001483,0.0,20.0,-20.0,108.3309326171875,-10.994633236457252
935,9.35,-2.591190402827283,1.0624656560467312,3.2176766232716707,141.3768190705064,-38.1988832414042,-40.627531537066105,0.0,20.0,-13.745174407958984,108.3309326171875,-11.077547684356508
936,9.36,-2.6367152859158383,1.0734670151779182,3.2476479209786606,161.86724508499546,-50.02274387239831,-72.90818575761554,0.0,20.0,-20.0,108.3309326171875,-11.168287681105367
937,9.370000000000001,-2.682227317812502,1.0845919883690258,3.277712042260455,-168.14670116360327,-51.73921043094486,-114.14942491147889,0.0,20.0,-20.0,108.3309326171875,-11.26349824442322
938,9.38,-2.727719749443165,1.0958402028582752,3.307868271767201,-143.99432111035915,-42.08534363053984,-149.6047177257353,0.0,20.0,-20.0,108.3309326171875,-11.359114703852908
939,9.39,-2.773185870669598,1.1072110484893762,3.3381157186190173,-131.3418581266375,-26.024572537627673,-174.25282178498466,0.0,20.0,-20.0,108.3309326171875,-11.450754865435375
940,9.4,-2.8186190234407564,1.118703678746123,3.368453318384685,-126.19510332822489,-7.3574378900465325,166.96307182007982,0.0,20.0,-20.0,108.3309326171875,-11.534185523474706
941,9.41,-2.8640126147370655,1.1303170125218018,3.398879835143773,-126.14699914376162,12.13333329160772,149.89589981649206,0.0,20.0,-20.0,108.3309326171875,-11.605827649975666
942,9.42,-2.9093601292430042,1.1420497362761122,3.4293938639527437,-131.48913375134515,31.207558979347436,131.06890681683478,0.0,20.0,-20.0,108.3309326171875,-11.663250607755627
943,9.43,-2.9546551418820144,1.153900306759125,3.4599938335082503,-145.8716977297009,47.8511190278287,105.2346089390095,0.0,20.0,-20.0,108.3309326171875,-11.70559492290562
944,9.44,-2.9998913300816974,1.1658669540706688,3.490678009227117,-175.76771208963237,56.9876050366245,65.01189321055904,0.0,20.0,-20.0,108.3309326171875,-11.733854289548216
945,9.450000000000001,-3.04506248584078,1.177947685162589,3.521444496612166,149.62728054216655,52.08401427664901,20.58193715559716,0.0,20.0,-20.0,108.3309326171875,-11.750951888415555
946,9.46,-3.0901625275319073,1.1901402878462852,3.5522912447795942,130.03758510794876,36.66415354961133,-8.891778215334503,0.0,10.45534610748291,-20.0,108.3309326171875,-11.761561036093548
947,9.47,-3.135185509869986,1.2024423379517453,3.58321604518738,121.59906558717883,17.064417870670475,-27.972420454190846,0.0,-20.0,-20.0,108.3309326171875,-11.771666320593237
948,9.48,-3.180391734874364,1.2145295562994478,3.613978815326032,119.08313342725752,-4.044490190140101,-43.06785925223124,1537.227783203125,-20.0,-6.368033289909363,108.32466506958008,-12.088151099530773
949,9.49,-3.2261779849607652,1.2259481936176155,3.6442497966783303,121.22460471964895,-25.488277940453454,-58.00452967725362,2200.0,-20.0,9.88906443119049,108.31569480895996,-12.242387405130936
950,9.5,-3.2727038435495963,1.2365838387009083,3.673948019141788,130.42971139285285,-46.0413110052951,-77.4138891541914,2200.0,-20.0,19.26779270172119,108.30672454833984,-12.284820117597297
951,9.51,-3.3200122894170767,1.2464627456023902,3.703095266290329,157.1503368820789,-62.075308941196155,-112.85696157605244,2200.0,-20.0,20.0,108.29775428771973,-12.350738068936389
952,9.52,-3.368143546773219,1.25561171937132,3.7317141846673176,-153.41165499123102,-62.55327174708943,-170.1877916192741,2200.0,-20.0,20.0,108.28878402709961,-12.439956525372986
953,9.53,-3.4171362635723797,1.2640589869527281,3.7598283768236316,-124.76920799362536,-46.56950609196632,153.62517853899078,2200.0,-20.0,20.0,108.27981376647949,-12.54905632547018
954,9.540000000000001,-3.46702743052716,1.2718341451404807,3.7874623666382647,-114.21791769357944,-25.189358235418105,135.38732095846964,2200.0,-20.0,20.0,108.27084350585938,-12.671590719906044
955,9.55,-3.517852299213358,1.2789681089196714,3.81464156505015,-110.48326963790481,-2.2189364853408557,123.09978653557789,2200.0,-18.325636386871338,20.0,108.26187324523926,-12.79882460259457
956,9.56,-3.5696443049808684,1.285493053659462,3.8413922253129433,-110.57947195811714,21.297571229154034,112.26543456862596,2200.0,20.0,20.0,108.25290298461914,-12.920964538671443
957,9.57,-3.6224350467037016,1.2914423479783068,3.8677414126190954,-115.40318237759338,44.73538767274436,99.34476221793625,2200.0,20.0,20.0,108.24393272399902,-13.028653515711191
958,9.58,-3.6762542237942464,1.2968504591541214,3.8937168677863094,-134.67156072000216,66.40332505657965,73.48173835414381,2200.0,20.0,20.0,108.2349624633789,-13.114750264764494
959,9.59,-3.731129609181821,1.3017529131525845,3.9193470493470075,152.7257766966211,73.15216972496577,-4.7942085128135234,2200.0,20.0,20.0,108.22599220275879,-13.17561452918809
960,9.6,-3.7870869374284926,1.3061862080720081,3.9446609967125337,113.71045227491322,54.53236185331619,-48.91316554960939,2200.0,20.0,20.0,108.21702194213867,-13.212264090924783
961,9.61,-3.844149839431696,1.3101877662973296,3.969688347981776,104.06137117872359,30.837565761696816,-63.365651907046,2200.0,20.0,20.0,108.20805168151855,-13.230532462700667
962,9.620000000000001,-3.9023397806314097,1.3137958744585763,3.9944592816849025,100.63713211781314,6.173702774193375,-71.59032060459585,2200.0,20.0,20.0,108.19908142089844,-13.240535372027262
963,9.63,-3.961676039489831,1.317049609819376,4.019004451730285,99.61668367022533,-18.854550693007333,-77.92917432679944,2200.0,20.0,20.0,108.19011116027832,-13.255277400894458
964,9.64,-4.021956261248774,1.3200438533914507,4.043388571011813,100.61425850204317,-44.04892819049552,-84.25107509944269,1468.0166015625,20.0,20.0,108.18412494659424,-13.127776160312694
965,9.65,-4.082528576027492,1.322963950439302,4.067726012856555,107.4123731099304,-69.1584102975204,-95.18315094638405,0.0,20.0,20.0,108.18412494659424,-12.851774117304634
966,9.66,-4.142951708604064,1.325918247514385,4.092078971099869,-129.652414936132,-82.76414721319316,138.57018978856615,0.0,20.0,20.0,108.18412494659424,-12.904585495230458
967,9.67,-4.203223368847775,1.3288983456113725,4.116442398076006,-95.98041516745701,-58.67836756640675,102.25390783259381,0.0,20.0,20.0,108.18412494659424,-12.995318774873391
968,9.68,-4.263342544597317,1.3318989638946794,4.140812254918543,-91.9081316139934,-33.149960001524875,96.18557129566086,0.0,20.0,20.0,108.18412494659424,-13.120032639718659
969,9.69,-4.3233085146103765,1.334914782930007,4.165184492808521,-90.09091983486779,-7.459394636138397,93.15718453870204,0.0,20.0,20.0,108.18412494659424,-13.268349988346795
970,9.700000000000001,-4.3831208498302825,1.337940454813577,4.189555060694908,-88.50924011212315,18.29242891785938,91.6158062922173,0.0,20.0,20.0,108.18412494659424,-13.424881379265818
971,9.71,-4.442779414098574,1.3409706133618449,4.213919913057945,-85.94023929909208,44.036447550829735,91.9708519099839,0.0,20.0,20.0,108.18412494659424,-13.571682596268548
972,9.72,-4.502284364312037,1.343999884413653,4.238275017826125,-77.29905622362281,69.51021832531015,99.05955907649788,0.0,20.0,20.0,108.18412494659424,-13.69136418943321
973,9.73,-4.5616361499811635,1.347022895864201,4.262616363093118,44.77078076480072,81.67036075642024,-139.8043126079247,0.0,20.0,20.0,108.18412494659424,-13.770316403712409
974,9.74,-4.620835512243605,1.3500342887703989,4.28693996695179,76.20627710629988,57.38702629567902,-108.59226661689664,0.0,20.0,20.0,108.18412494659424,-13.80144690962994
975,9.75,-4.6804050342164665,1.3531022266044892,4.311316003186159,79.58037056767152,31.692818039592662,-104.47059945348803,1702.09326171875,20.0,20.0,108.17718505859375,-14.177958221929638
976,9.76,-4.741014165223061,1.3563346102623157,4.335854691813477,79.63489007930161,5.944659656985321,-102.09952260604864,2200.0,20.0,20.0,108.16821479797363,-14.294055146574845
977,9.77,-4.802802527568533,1.3597969319298442,4.360609790979803,77.51117260349993,-19.651857951290765,-98.8367943678496,2200.0,20.0,20.0,108.15924453735352,-14.292873277364086
978,9.78,-4.865755024498203,1.3635316457056468,4.385611783240077,71.2879169450699,-44.724206437715985,-91.79632610811625,2200.0,20.0,20.0,108.1502742767334,-14.295151196515095
979,9.790000000000001,-4.9298545365878335,1.3675796133553728,4.410890300961289,49.097383420034895,-67.3877858965109,-68.68537082622842,2200.0,20.0,20.0,108.14130401611328,-14.322831307271224
980,9.8,-4.99508177389323,1.3719811424083366,4.436474408324256,-28.21455552385403,-71.81146267219343,9.958753256958692,2200.0,20.0,20.0,108.13233375549316,-14.394599390802096
981,9.81,-5.061415322166367,1.3767759132814146,4.462392544211549,-61.57460255001345,-51.27399241975977,45.418066388401485,2200.0,20.0,20.0,108.12336349487305,-14.522248691040861
982,9.82,-5.128831688657732,1.3820029046818996,4.488672466728174,-69.00262950521504,-26.77048469548237,56.27660287572987,2200.0,20.0,20.0,108.11439323425293,-14.708160259093459
983,9.83,-5.1973053460672265,1.3877003166186481,4.5153411994665955,-70.02803445049516,-1.7885544942648532,63.17273354090911,2200.0,20.0,20.0,108.10542297363281,-14.944431701008975
984,9.84,-5.266808774891714,1.3939054914432034,4.542424979518956,-66.85394779817025,22.868866871379208,70.95501903275296,2200.0,20.0,20.0,108.0964527130127,-15.213896259529
985,9.85,-5.3373125061122435,1.4006548341350893,4.569949207796413,-56.542668737363634,46.106326781581174,84.64636086878849,2200.0,20.0,20.0,108.08748245239258,-15.492918938677205
986,9.86,-5.408785166726269,1.4079837347400836,4.597938400158146,-25.525716149226024,63.57829770690274,118.73269120016623,2200.0,20.0,20.0,108.07851219177246,-15.755521411046956
987,9.870000000000001,-5.481193530358932,1.415926493472157,4.626416141663156,28.64622615993025,61.40344225843238,176.26246242150057,2200.0,20.0,20.0,108.06954193115234,-15.97809473423707
988,9.88,-5.554502574428099,1.4245162512656275,4.655405042353732,53.66146678822681,42.37653652828043,-154.47014331649382,2200.0,20.0,20.0,108.06057167053223,-16.143836552668116
989,9.89,-5.6286755444098695,1.4337849260490052,4.684926695102976,61.22131064819726,19.228611501132217,-140.87127839194642,2200.0,20.0,20.0,108.05160140991211,-16.246058085963433
990,9.9,-5.703674024642603,1.4437631548151115,4.715001635436104,61.833413222933544,-4.607112951927016,-130.72355423408194,2200.0,20.0,20.0,108.04263114929199,-16.289696683698285
991,9.91,-5.779458014964452,1.4544802412731952,4.745649303398759,56.71894818118715,-27.772963050014802,-118.79776399958055,2200.0,20.0,20.0,108.03366088867188,-16.290691374861773
992,9.92,-5.85598601255611,1.4659641086960253,4.77688800765019,41.551163346736374,-48.119012106726544,-98.44234167558909,2200.0,20.0,20.0,108.02469062805176,-16.273277488757515
993,9.93,-5.9332150981648635,1.4782412570925931,4.808734891930237,6.0535991064822126,-58.9656564730529,-58.247906737417445,2200.0,20.0,20.0,108.01572036743164,-16.265656201103383
994,9.94,-6.011101025440064,1.4913367231024932,4.841205903856648,-32.93938851991786,-51.299101593342954,-14.261217680920005,2200.0,20.0,20.0,108.00675010681152,-16.294817950769808
995,9.950000000000001,-6.089267085429363,1.5047934544260755,4.87395246856939,-50.67619831993298,-32.27819876886456,9.595787744492666,0.0,20.0,20.0,108.00675010681152,-15.8782995867402
996,9.96,-6.1673579904443745,1.5181460889189764,4.9066146831815445,-56.34738541803161,-9.991995482734124,23.773649678228143,0.0,20.0,20.0,108.00675010681152,-15.970385587332325
997,9.97,-6.2453838607436385,1.531388868319663,4.93919100768903,-55.3417132930667,12.750790687721912,36.1346847113951,0.0,20.0,20.0,108.00675010681152,-16.129291046300747
998,9.98,-6.32335084035672,1.5445194479831206,4.971680081606271,-47.182417800315,34.149656337796934,51.99625061779929,0.0,20.0,20.0,108.00675010681152,-16.34097613640414
999,9.99,-6.401265183767368,1.557535696677148,5.00408071224922,-26.09381268641694,50.66987620875205,79.19549240826929,0.0,20.0,20.0,108.00675010681152,-16.581593948201302
1000,10.0,-6.479133243904351,1.5704357005670448,5.0363918769770475,10.714896651915922,54.19790998087718,121.65826696181342,0.0,20.0,20.0,108.00675010681152,-16.821801452002124
1001,10.01,-6.556961459951289,1.5832177668076077,5.068612725051799,38.99555899141237,41.81323387571778,156.0193865029739,0.0,20.0,20.0,108.00675010681152,-17.032145958725014
1002,10.02,-6.634756345047756,1.5958804267098676,5.100742579133115,51.091982844811476,21.936517412065598,175.65169474975247,0.0,20.0,20.0,108.00675010681152,-17.188522384911217
1003,10.03,-6.71252447390753,1.6084224384555816,5.1327809364593895,54.211311687687264,-0.13319543551798588,-170.54553684838686,0.0,20.0,20.0,108.00675010681152,-17.27667319595367
1004,10.040000000000001,-6.79032775679685,1.6212464003186642,5.165020139221728,50.76865173349399,-22.1325725532967,-156.6246852029516,1605.193359375,20.0,20.0,108.00020503997803,-17.64752844606241
1005,10.05,-6.868222141553766,1.6349050008755703,5.197864373164917,38.26568912879824,-41.750471063052565,-136.6371514652733,2200.0,20.0,20.0,107.99123477935791,-17.767030563106946
1006,10.06,-6.946172805866176,1.6495525715604524,5.231422255024017,9.892680135684673,-53.60525817561789,-102.11439270317575,2200.0,20.0,20.0,107.9822645187378,-17.728669553737614
1007,10.07,-7.024125262370914,1.6651921236190053,5.265691906552914,-25.86365463332489,-49.689030765826985,-60.51570455605182,2200.0,20.0,20.0,107.97329425811768,-17.680122092822558
1008,10.08,-7.102026313015682,1.6818243899393375,5.300670387657832,-46.248267236578094,-33.20782647130684,-33.68696772311523,2200.0,20.0,20.0,107.96432399749756,-17.65157986832058
1009,10.09,-7.179822857465412,1.6994482702760496,5.336353372247422,-54.07470529226364,-11.993257872050037,-17.61409495251099,2200.0,20.0,20.0,107.95535373687744,-17.669127503873494
1010,10.1,-7.257461995866494,1.7180608384970562,5.372735157926209,-54.70930586918596,10.465703509888332,-4.731631337786558,2200.0,20.0,20.0,107.94638347625732,-17.749948394835833
1011,10.11,-7.3348911316961605,1.7376573465975265,5.409808676884455,-48.419375712972105,32.266055232595335,10.314016208370496,2200.0,20.0,20.0,107.9374132156372,-17.899211863683988
1012,10.120000000000001,-7.412058074501167,1.7582312256719053,5.447565507968072,-29.9194329741873,50.3408755378291,35.25544584554591,2200.0,20.0,20.0,107.92844295501709,-18.109211778042354
1013,10.13,-7.488911142055918,1.7797740860414804,5.4859958904286765,7.440234427783704,56.723794672663175,78.01797608073494,2200.0,20.0,20.0,107.91947269439697,-18.360897446367737
1014,10.14,-7.565399261234661,1.8022757199147659,5.525088740118899,40.106379871338625,45.730490756354406,115.91987130030712,2200.0,20.0,20.0,107.91050243377686,-18.627485558261974
1015,10.15,-7.641472066874111,1.825724109708781,5.5648316687512525,54.52210234033897,25.765083908591304,136.27257968769607,2200.0,20.0,20.0,107.90153217315674,-18.879454013686768
1016,10.16,-7.717079998088775,1.8501054438486733,5.605211006418427,59.257965879794014,3.006617862045669,148.94244106079097,2200.0,20.0,20.0,107.89256191253662,-19.089968191314508
1017,10.17,-7.792174391771917,1.8754041407123871,5.6462118268816575,57.97575609234072,-20.326693779400998,160.27921685170597,2200.0,5.064626336097717,20.0,107.8835916519165,-19.23972498714069
1018,10.18,-7.866707577487824,1.9016028834780672,5.687817973457807,48.97858777774742,-42.60814458556417,175.85767370751796,2200.0,-20.0,20.0,107.87462139129639,-19.32033838898085
1019,10.19,-7.9406329324520115,1.9286826610411087,5.7300121118346485,22.051545081899164,-59.6782724639053,-152.38590378512805,2200.0,-20.0,20.0,107.86565113067627,-19.33557074712392
1020,10.200000000000001,-8.013904986947052,1.9566228623913045,5.772775754138452,-26.34625887430629,-59.72002541686333,-99.97275385943682,2200.0,-20.0,20.0,107.85668087005615,-19.300446358077
1021,10.21,-8.086479487650678,1.9854013106603658,5.816089295519031,-53.84611326076254,-42.51060560370396,-68.59193819313198,2200.0,-20.0,20.0,107.84771060943604,-19.238261594573373
1022,10.22,-8.158313498585805,2.014994309256287,5.8599320609141365,-63.69325147220774,-19.7640483229684,-54.26682999028771,2200.0,-20.0,20.0,107.83874034881592,-19.176112039126448
1023,10.23,-8.229816959827234,2.0449395765408482,5.904003355493263,-66.44353200467121,4.472467358258449,-45.24358510778748,0.0,-20.0,10.67049503326416,107.83874034881592,-18.713555253818846
1024,10.24,-8.301419939659484,2.0747894559076534,5.948008355178358,-64.33435276562322,28.945256174936056,-36.4686627771243,0.0,-20.0,-14.832602739334108,107.83874034881592,-18.740176625352127
1025,10.25,-8.373130997858011,2.104548789047693,5.99195339642328,-53.942823044099555,52.43468383334452,-21.89878185574422,0.0,-20.0,-12.578752040863037,107.83874034881592,-18.82678449143526
1026,10.26,-8.444954729054375,2.1342212854012463,6.035841573268823,-14.53340980489024,69.56557198805164,20.360272012611375,0.0,-20.0,1.6760902106761932,107.83874034881592,-18.973251479330692
1027,10.27,-8.516895523128891,2.1638108223103596,6.079676099622711,47.22162705300753,62.232593457018694,84.2660120380796,0.0,-20.0,12.455497980117798,107.83874034881592,-19.16889617616487
1028,10.28,-8.588957537957322,2.193321429898192,6.123460279664851,67.34951088535355,40.18046665649271,106.29281793429448,0.0,-4.056342244148254,20.0,107.83874034881592,-19.39482561924503
1029,10.290000000000001,-8.661144701902257,2.222757287681629,6.167197513542206,73.63894471500856,15.488735415071407,114.69855092088069,0.0,12.275736331939697,20.0,107.83874034881592,-19.62759356030758
1030,10.3,-8.733052735617989,2.2523412367956404,6.211014765118079,75.41185156159516,-9.86204879396281,119.5836700537384,1532.8531494140625,20.0,20.0,107.83248996734619,-20.125883000410596
1031,10.31,-8.80415386319199,2.2823381650734667,6.255063176514596,74.03510434934432,-35.349380443984465,124.30652284381225,1952.13330078125,20.0,20.0,107.8245301246643,-20.355467515205557
1032,10.32,-8.874243541026667,2.312805256730382,6.299365929452777,66.0715716901232,-60.44191773991954,133.91507371355303,2200.0,20.0,20.0,107.81555986404419,-20.494544482087278
1033,10.33,-8.943230418721054,2.34373774275708,6.34391153136817,7.127585098467773,-79.81795107648082,-166.50902720223732,2200.0,20.0,20.0,107.80658960342407,-20.528794314095638
1034,10.34,-9.011092909522628,2.375097039206331,6.388669367031123,-70.06479906548739,-63.832509814668,-89.35863389428296,2200.0,20.0,20.0,107.79761934280396,-20.51392826367199
1035,10.35,-9.077811806929185,2.4068440369332755,6.433608823418234,-80.76862083707026,-38.8265527345994,-79.18829920931486,2200.0,20.0,20.0,107.78864908218384,-20.463848149200466
1036,10.36,-9.143370038881912,2.438938932555008,6.478698889890947,-84.14659924004772,-13.163832856066657,-76.7352342107631,2200.0,20.0,20.0,107.77967882156372,-20.39739210256905
1037,10.370000000000001,-9.207752688271874,2.4713413159855664,6.523908215289242,-85.68613539022492,12.64289568051255,-76.46730036146513,2200.0,20.0,20.0,107.7707085609436,-20.334790391257968
1038,10.38,-9.270947023177696,2.504010251168018,6.569205167938978,-86.5351614094356,38.48161388108502,-77.26103146801262,2200.0,20.0,20.0,107.76173830032349,-20.294077634104703
1039,10.39,-9.332942533257672,2.536904351844784,6.614557899178988,-87.21005441197636,64.30846073517651,-78.90242046036612,2200.0,20.0,20.0,107.75276803970337,-20.288101548536446
1040,10.4,-9.393730967774067,2.5699818541546158,6.659934409231119,164.02801202952793,89.6917901640152,170.61700818170502,2200.0,20.0,20.0,107.74379777908325,-20.32262144403522
1041,10.41,-9.453306370264722,2.603200688525716,6.705302614216693,94.13842587350815,64.15913507147448,98.32259794159913,2200.0,20.0,20.0,107.73482751846313,-20.395761949319734
1042,10.42,-9.51166510600926,2.636518552323063,6.750630412978752,94.2277619884946,38.496685126893254,95.23719985426435,2200.0,20.0,20.0,107.72585725784302,-20.4988264483975
1043,10.43,-9.568805880535413,2.6698929843367294,6.795885747875831,94.93541178172724,12.933829143752233,91.71099688667984,2200.0,-20.0,20.0,107.7168869972229,-20.618245790297223
1044,10.44,-9.624729773815595,2.703281438890199,6.841036683468773,96.46132962539198,-12.482009760462306,87.19477893361172,2200.0,-20.0,11.956346035003662,107.70791673660278,-20.738205117064464
1045,10.450000000000001,-9.679440240404487,2.7366413788615813,6.886051452766207,99.86843122762939,-37.63185455301439,80.51669798600922,2200.0,-20.0,-20.0,107.69894647598267,-20.84341790131769
1046,10.46,-9.73294299580195,2.769930330372855,6.9308984718406705,110.11143284995703,-62.011032386963564,66.63191303171821,2200.0,-20.0,-20.0,107.68997621536255,-20.921737612025527
1047,10.47,-9.785245949264008,2.8031059931702584,6.975546409388965,174.00564009307078,-79.17851177555693,-1.391693158784429,2200.0,-20.0,-20.0,107.68100595474243,-20.965939130460974
1048,10.48,-9.836359241483612,2.836126338681697,7.019964266685547,-117.8755802949755,-63.07273393146756,-74.3078692821327,2200.0,-20.0,-20.0,107.67203569412231,-20.974546171237275
1049,10.49,-9.886295258040798,2.8689496710407134,7.0641214581434575,-107.75219676986973,-39.178009731275516,-90.20495657304501,2200.0,-20.0,-20.0,107.6630654335022,-20.951608324294174
1050,10.5,-9.935068667743641,2.9015347037971067,7.107987885045124,-105.6332411408347,-14.800531550498446,-99.65721518961425,2200.0,-20.0,-20.0,107.65409517288208,-20.90561204014899
1051,10.51,-9.982696399636554,2.9338406342247048,7.151533994217877,-106.74496547997344,9.401243138011404,-108.69469872076499,2200.0,-20.0,-20.0,107.64512491226196,-20.847754456653263
1052,10.52,-10.02928094864981,2.9658525180365447,7.19475801779268,-111.5013874013825,32.98887553707047,-120.1527218502528,1908.0009765625,-20.0,-20.0,107.63734531402588,-20.741243288334132
1053,10.53,-10.075459311508219,2.997743394397122,7.237851341851314,-124.9141329205916,54.7819707405554,-139.93810657565686,0.0,-20.0,-20.0,107.63734531402588,-20.386334255252464
1054,10.540000000000001,-10.121775018974951,3.0296833804078767,7.2809898327678475,-166.72513275920264,68.79078428077948,171.72228852076748,0.0,-20.0,-20.0,107.63734531402588,-20.433201659898568
1055,10.55,-10.168223105227723,3.0616795352287562,7.324180297515953,139.90319311429607,60.77253764920209,111.2747785236687,0.0,-20.0,-20.0,107.63734531402588,-20.504238361656547
1056,10.56,-10.214800124043714,3.0937365182939907,7.367426002971235,121.39421997820435,40.81645080861855,84.68316421516475,0.0,-20.0,-20.0,107.63734531402588,-20.59942088200596
1057,10.57,-10.26150238602206,3.125858871675702,7.410730111750128,115.92355004970597,18.636028502130127,69.41034540817286,0.0,-20.0,-20.0,107.63734531402588,-20.715098663092043
1058,10.58,-10.308325963781819,3.158051007746122,7.454095682947312,115.74943607804576,-3.7497760575152026,56.3737040757899,0.0,20.0,-20.0,107.63734531402588,-20.844876166861933
1059,10.59,-10.35526670498076,3.190317216288144,7.497525643105979,120.03913134662615,-25.461025988302456,41.77192318743136,0.0,20.0,-20.0,107.63734531402588,-20.98089914101874
1060,10.6,-10.40232023713137,3.2226616312109995,7.541022807905626,131.73363472357818,-45.13183891841056,20.933436608884772,0.0,20.0,-20.0,107.63734531402588,-21.115091899082813
1061,10.61,-10.44948197089696,3.255088246011679,7.584589866644323,159.38097521650644,-58.68871195602206,-15.545505064568113,0.0,20.0,-20.0,107.63734531402588,-21.240347571242545
1062,10.620000000000001,-10.496747115426404,3.2876008917609734,7.628229377339869,-159.77537577764744,-57.63609242572884,-65.48023807211828,0.0,20.0,-20.0,107.63734531402588,-21.351438356231156
1063,10.63,-10.544110686125657,3.3202032354366793,7.671943759985706,-135.29778767564093,-43.301911685244015,-99.84683626198078,0.0,20.0,-20.0,107.63734531402588,-21.44554689173747
1064,10.64,-10.591567513450162,3.3528987729326807,7.715735293230566,-125.62776574794317,-24.208506031716432,-120.90041271826098,0.0,20.0,-20.0,107.63734531402588,-21.52238798493576
1065,10.65,-10.63911225269328,3.3856908222507003,7.759606110379399,-123.06783670432111,-3.941461028771106,-137.47616776353448,0.0,20.0,-20.0,107.63734531402588,-21.583973175636604
1066,10.66,-10.68673939419909,3.418582517135008,7.803558195471463,-125.38571877323076,16.090260738994456,-153.99001631813414,0.0,20.0,-20.0,107.63734531402588,-21.63410110814984
1067,10.67,-10.734443273855032,3.4515768011420276,7.84759337962503,-133.5818663190324,34.60558318036055,-174.11027064998024,0.0,20.0,-20.0,107.63734531402588,-21.677682271319913
1068,10.68,-10.782218083943626,3.484676422117757,7.891713337569517,-151.7551718547975,49.04580494520125,156.78845393845927,0.0,20.0,-20.0,107.63734531402588,-21.72001126979721
1069,10.69,-10.830057884200196,3.51788392708241,7.935919584527297,177.6802776932656,54.06824557942066,115.53637306942792,0.0,20.0,-20.0,107.63734531402588,-21.766084972672097
1070,10.700000000000001,-10.877898215296268,3.5510866875681697,7.980118660217443,149.6420122432835,46.47980439418988,76.46415401459464,512.169677734375,20.0,-20.0,107.63525676727295,-21.908026435807614
1071,10.71,-10.925629972063795,3.5840566612855187,8.024124540416913,134.65439257299246,31.23514922561496,49.47357224857699,1005.1768798828125,-20.0,-20.0,107.6311583518982,-22.043542831559705
1072,10.72,-10.97321612207878,3.616675882597381,8.067842698578668,128.5238414643409,13.10908753966348,29.499168254778628,1008.3281860351562,-20.0,-20.0,107.62704706192017,-22.0935154411211
1073,10.73,-11.020587500190775,3.6486573136727842,8.111041806214876,127.89689404160974,-5.742729476812082,11.69858830802368,2200.0,-20.0,-14.858191013336182,107.61807680130005,-22.36314158728531
1074,10.74,-11.06768752818337,3.679711020782815,8.153493174673887,132.29146065110126,-24.026997682162104,-7.306552576333994,2200.0,-20.0,-8.91447365283966,107.60910654067993,-22.406029094840303
1075,10.75,-11.114570735872789,3.7098266602398624,8.195191479748004,143.7157658634794,-40.06494451999923,-31.376588553151755,2200.0,-20.0,-2.719842791557312,107.60013628005981,-22.458001441334453
1076,10.76,-11.161289465280419,3.738995822360373,8.236133833318323,165.94730397624724,-50.418975483177306,-65.303586296561,2200.0,-20.0,-3.0904144048690796,107.5911660194397,-22.51569670450069
1077,10.77,-11.207896359781447,3.7672119139907747,8.276318724277257,-164.6954560312887,-50.142616507894516,-106.08012956767482,2200.0,-20.0,-12.82175064086914,107.58219575881958,-22.575275608991273
1078,10.78,-11.2544442679572,3.7944701793177478,8.315746036689418,-143.00788105643113,-39.41498794804704,-139.49450176948076,2200.0,-20.0,-20.0,107.57322549819946,-22.632828950147008
1079,10.790000000000001,-11.300986144909198,3.820767716798731,8.354417063240373,-131.99296697525043,-23.22163653831788,-163.22720968588837,2200.0,-20.0,-20.0,107.56425523757935,-22.68478291722427
1080,10.8,-11.347574954316798,3.846103488658682,8.392334512991575,-127.85830277112336,-4.889257286614376,177.88988658546847,2200.0,-20.0,-20.0,107.55528497695923,-22.728272155491144
1081,10.81,-11.39426357182402,3.8704783220994057,8.42950250755055,-128.71378840641364,13.947892498475417,160.05600110783482,2200.0,-20.0,-20.0,107.54631471633911,-22.76146939074232
1082,10.82,-11.441104688551485,3.893894902585579,8.465926565508369,-135.15625387092186,31.98597138295003,139.87146474446445,2200.0,-20.0,-20.0,107.537344455719,-22.78384234418434
1083,10.83,-11.488150714896049,3.916357759849681,8.501613579072176,-150.66901626009536,46.99017301474208,112.40539374077134,2200.0,-20.0,-3.0881112813949585,107.52837419509888,-22.796302130384603
1084,10.84,-11.535453666292323,3.937873241220566,8.536571793996885,-179.171801354294,54.059706310880316,72.8838938955181,2200.0,8.438716530799866,20.0,107.51940393447876,-22.80117438293259
1085,10.85,-11.583065150800053,3.958449499913288,8.570810724454315,150.7118111093051,48.49322893564163,32.067257923782314,2200.0,20.0,20.0,107.51043367385864,-22.802195926576843
1086,10.86,-11.631036135699542,3.9780964166021513,8.604341227017054,133.12259998246083,33.801062864665205,3.5067370220105545,2200.0,20.0,20.0,107.50146341323853,-22.804099661943198
1087,10.870000000000001,-11.67941690077215,3.9968257147811315,8.6371755278677,125.25201220372546,15.20193259910126,-16.376062529174895,2200.0,20.0,20.0,107.49249315261841,-22.812093514823186
1088,10.88,-11.728256935174802,4.014650906936328,8.669327214039205,123.1503487405063,-4.843354020744697,-32.84436079972169,2200.0,20.0,20.0,107.48352289199829,-22.831318405463644
1089,10.89,-11.777596456139939,4.031601179219938,8.70082161620169,125.95171037866378,-25.073350326964135,-49.53293400067319,2138.199462890625,20.0,20.0,107.4748044013977,-22.85411434398863
1090,10.9,-11.827157500514142,4.04817876258167,8.732036897001102,136.06563053760294,-44.03766948057162,-70.96504632096868,0.0,20.0,20.0,107.4748044013977,-22.48775874990348
1091,10.91,-11.876647752673755,4.064867133420125,8.763329506626464,161.40508641203985,-57.971169360541815,-106.16261681050999,0.0,20.0,2.7427291870117188,107.4748044013977,-22.56530988060874
1092,10.92,-11.926057152184248,4.081661260054347,8.794697024073773,-157.76412545635276,-58.27713076001344,-156.077290624903,0.0,20.0,-20.0,107.4748044013977,-22.65756086007465
1093,10.93,-11.975380156604494,4.098558411784319,8.826136993523214,-131.0490100061694,-44.31620930413895,168.3610016511637,0.0,20.0,-20.0,107.4748044013977,-22.760574960985192
1094,10.94,-12.024611392851016,4.115555661866939,8.857646830027017,-119.80276912815006,-24.52575277310199,147.92631268155668,0.0,20.0,-18.261137008666992,107.4748044013977,-22.868270952653997
1095,10.950000000000001,-12.073745662791449,4.132649887429263,8.889223827201898,-115.73215008493115,-2.780468202465923,133.44650543390108,0.0,20.0,-20.0,107.4748044013977,-22.97311858460836
1096,10.96,-12.122777954543569,4.149837786056407,8.920865150740198,-116.09352888768781,19.602183142617054,120.3794298307473,0.0,20.0,-20.0,107.4748044013977,-23.067203246031013
1097,10.97,-12.171703449712522,4.167115879226227,8.952567845112975,-121.89379649754795,41.73170675638782,104.8580844567894,0.0,20.0,-20.0,107.4748044013977,-23.143448280773473
1098,10.98,-12.220517532441153,4.184480517855005,8.984328840351342,-141.41346137897733,61.4550336268221,77.30002132297882,0.0,20.0,-20.0,107.4748044013977,-23.196860901958157
1099,10.99,-12.269215798362028,4.201927888903654,9.016144958612601,164.05514944912807,68.52092818010833,15.715367118752742,0.0,20.0,-4.0808409452438354,107.4748044013977,-23.22558909151506
1100,11.0,-12.317794065346586,4.219454025923709,9.048012922409072,124.05705191711519,53.895470578095136,-30.805396676841507,0.0,20.0,20.0,107.4748044013977,-23.23157122278242
1101,11.01,-12.366576132267458,4.236870416651809,9.079802070718108,111.2436478827685,31.985805690231686,-50.00356324460752,1270.464599609375,20.0,20.0,107.46962404251099,-23.490245891340916
1102,11.02,-12.41614030699869,4.253869397324824,9.11130523522792,106.68746807459354,8.36827829761878,-61.30249669189791,2200.0,16.114635467529297,20.0,107.46065378189087,-23.687633723749574
1103,11.03,-12.466754847045014,4.2703508601937585,9.142458996007276,105.70136170917351,-15.840292297540731,-70.32028597953376,2200.0,1.6461509466171265,20.0,107.45168352127075,-23.70605495096018
1104,11.040000000000001,-12.518446879973986,4.2863527181664995,9.1732929088254,108.01071271160112,-40.207231580101684,-79.8917183635164,2200.0,-4.6918147802352905,20.0,107.44271326065063,-23.742907284112896
1105,11.05,-12.571240325261542,4.30191206966743,9.203836578867417,118.88007356608641,-64.02697795658382,-96.49555967073276,2200.0,-1.1269217729568481,20.0,107.43374300003052,-23.808025188949074
1106,11.06,-12.625157086435971,4.317066869427796,9.23412008890048,-168.4631018837161,-79.02422439921291,-173.92706017135077,2200.0,0.5447930097579955,20.0,107.4247727394104,-23.90772414796264
1107,11.07,-12.680216991721158,4.33185585838776,9.264173942078886,-109.42862070061206,-60.99905075879341,122.92139110513628,2200.0,9.850041270256042,20.0,107.41580247879028,-24.043357705189567
1108,11.08,-12.73643773221741,4.3463184875176974,9.294029016686721,-99.72970784135671,-36.570886475483334,109.58436256607257,2200.0,20.0,20.0,107.40683221817017,-24.210610103682807
1109,11.09,-12.793834810754428,4.360494854965217,9.323716510900107,-96.44163353852348,-11.412624777365654,103.01863237316863,2200.0,20.0,20.0,107.39786195755005,-24.39979940308719
1110,11.1,-12.852421509277793,4.374425626445139,9.353267892957748,-94.96946443477474,14.004836489794446,98.53190111760821,2200.0,20.0,20.0,107.38889169692993,-24.597160108607522
1111,11.11,-12.912208862009056,4.388151957523942,9.382714839788546,-94.31530874457019,39.56710558014727,94.99224443438997,2200.0,20.0,20.0,107.37992143630981,-24.78699122316157
1112,11.120000000000001,-12.973205629858278,4.401715412736941,9.412089182165378,-94.36386050558689,65.22744208432977,91.7926628104378,2200.0,20.0,20.0,107.3709511756897,-24.954328175474863
1113,11.13,-13.035418277977689,4.4151578863511105,9.441422851012577,108.40978662671985,88.96044575932599,-67.82186864486987,2200.0,20.0,20.0,107.36198091506958,-25.087696841615465
1114,11.14,-13.09885095418075,4.428521522875928,9.470747817688242,87.40168182605386,63.2423386210193,-90.53455939854446,2200.0,20.0,20.0,107.35301065444946,-25.181447907941575
1115,11.15,-13.16350547735553,4.441848638358631,9.500096038656396,86.64427849670813,37.41899331094645,-92.24315818737283,2200.0,20.0,20.0,107.34404039382935,-25.23717767832678
1116,11.16,-13.229381334945211,4.4551816427712145,9.529499395571717,85.75820353444936,11.583804538090279,-93.05047444739525,2200.0,20.0,20.0,107.33507013320923,-25.263917101965987
1117,11.17,-13.296475691425734,4.468562963105763,9.558989633857019,84.18164705328226,-14.218746471465247,-92.76715663270771,2200.0,20.0,20.0,107.32609987258911,-25.276951900383104
1118,11.18,-13.3647834048476,4.4820349673008,9.588598300199449,80.71183052764088,-39.87387089373244,-90.23112785938876,2200.0,20.0,20.0,107.317129611969,-25.295399444750927
1119,11.19,-13.434297049329297,4.495639888692075,9.618356679749764,69.45637708107073,-64.83846832112489,-79.5105074986805,2200.0,20.0,20.0,107.30815935134888,-25.338914567800977
1120,11.200000000000001,-13.505006941571201,4.50941975041706,9.648295733749466,-12.892867117676163,-79.70456305692227,2.801570406678018,2200.0,20.0,20.0,107.29918909072876,-25.424089447985274
1121,11.21,-13.576263612547637,4.5232875216845985,9.678323784532447,-66.92123632333227,-59.51409285044943,57.47435545399704,82.17799377441406,20.0,20.0,107.29885387420654,-25.069535105838867
1122,11.22,-13.647398289536467,4.537134308767894,9.708325887480225,-74.31811472624715,-34.3665462905331,66.54198567847597,0.0,20.0,20.0,107.29885387420654,-25.170967258447426
1123,11.23,-13.718389190851644,4.55094559196128,9.73829213751639,-75.52880340565058,-8.870067895267443,71.15338953378767,0.0,20.0,20.0,107.29885387420654,-25.332800475857468
1124,11.24,-13.789238684397858,4.5647161615217975,9.768218859523568,-73.63436300804341,16.47548080639038,76.05069219083295,0.0,20.0,20.0,107.29885387420654,-25.52270820607944
1125,11.25,-13.859949359747404,4.578441065418362,9.798102508653185,-67.10952622108793,41.13735317367031,84.64068871104864,0.0,20.0,20.0,107.29885387420654,-25.718940946593612
1126,11.26,-13.930524067531415,4.5921154381854565,9.827939623518693,-46.01385245797413,63.016347920063154,107.61234343858028,0.0,20.0,20.0,107.29885387420654,-25.897658645181593
1127,11.27,-14.000965913933415,4.605734510124376,9.857726832701815,17.172117770032308,69.36833425095337,172.944773156925,0.0,20.0,20.0,107.29885387420654,-26.03726397144471
1128,11.28,-14.071396867916464,4.619352882804119,9.887509643088524,54.799764329094195,51.6669071606295,-146.56396834702954,452.1123352050781,20.0,20.0,107.29701042175293,-26.228141586140843
1129,11.290000000000001,-14.1422819455946,4.633218557264295,9.917492068004702,64.65543861502958,28.074201558579283,-132.48958038754745,1809.3753662109375,20.0,20.0,107.28963279724121,-26.585726156135934
1130,11.3,-14.21405008557613,4.6475932404772795,9.947888694198195,66.5526907209595,3.5795779203225866,-123.83401054004756,2200.0,20.0,20.0,107.2806625366211,-26.70881891691343
1131,11.31,-14.286767151249423,4.662567887824604,9.97876887212293,63.62008346245823,-20.644453604746193,-114.7679414565483,2200.0,20.0,20.0,107.27169227600098,-26.714940670582923
1132,11.32,-14.360398304063786,4.678176706344896,10.010155551547621,53.41512982299469,-43.31746197028229,-100.15030908860255,2200.0,20.0,20.0,107.26272201538086,-26.70523583379232
1133,11.33,-14.434907463545501,4.694451977719268,10.042070522669077,24.944484792838598,-60.19857330254426,-67.82566799622853,2200.0,20.0,20.0,107.25375175476074,-26.7064834419812
1134,11.34,-14.510256901675954,4.71142477070526,10.074534540394149,-23.585922667638368,-59.38347269147207,-15.280231781349011,2200.0,20.0,20.0,107.24478149414062,-26.744334651343763
1135,11.35,-14.58640732221585,4.729124889990222,10.107567285694454,-49.61439399888517,-41.94330342070714,15.604046897342357,2200.0,20.0,20.0,107.23581123352051,-26.838491574060757
1136,11.36,-14.66331794014461,4.747580823602777,10.141187328570652,-58.22559370103345,-19.56506501794016,30.86175376492768,2200.0,20.0,20.0,107.22684097290039,-26.998868060118873
1137,11.370000000000001,-14.740946559859921,4.766819687704906,10.17541209215597,-59.299574228322705,3.785374790011408,42.131537648038055,2200.0,20.0,20.0,107.21787071228027,-27.22348821779406
1138,11.38,-14.819249652032148,4.786867167683224,10.210257819473313,-54.338302439635925,26.50988348975962,54.904706258177576,2200.0,20.0,20.0,107.20890045166016,-27.498559176245248
1139,11.39,-14.898182430020512,4.807747460865593,10.24573953940674,-39.476166565046185,46.33455187412443,75.64935804706599,2200.0,20.0,20.0,107.19993019104004,-27.800771541873914
1140,11.4,-14.977698927769325,4.829483218155754,10.281871037521785,-6.142679824311892,56.88654561597342,114.20244397507864,2200.0,20.0,20.0,107.19095993041992,-28.10142063218513
1141,11.41,-15.057752080054257,4.852095491249426,10.318664828293164,30.85347052780873,49.95591764974529,156.6148914809851,2200.0,20.0,20.0,107.1819896697998,-28.371620418423298
1142,11.42,-15.138293806159746,4.875603685761452,10.356132130874968,48.82053591519891,31.660648767208993,-178.93007896004747,2200.0,20.0,20.0,107.17301940917969,-28.587638136466936
1143,11.43,-15.21927509772918,4.900025522297294,10.394282848114061,54.84051005577101,9.80046276712485,-164.05595699469598,2200.0,20.0,20.0,107.16404914855957,-28.73534503259326
1144,11.44,-15.300646110368373,4.925377005307519,10.433125548759977,54.00971472287204,-12.651664669272508,-151.16579166198673,2200.0,20.0,20.0,107.15507888793945,-28.812929349127515
1145,11.450000000000001,-15.382356258331932,4.951672399160604,10.472667452689997,45.91447007502431,-33.79119275878492,-134.9068228249371,2200.0,20.0,20.0,107.14610862731934,-28.83133749940526
1146,11.46,-15.464354311746325,4.978924210805799,10.512914419132958,25.04392144329386,-50.03731740025302,-107.62138684575889,2200.0,20.0,20.0,107.13713836669922,-28.81232984044064
1147,11.47,-15.546588496098432,5.007143178010402,10.553870937913414,-10.913267579195718,-53.47041868264082,-65.81604128904176,2200.0,11.607561111450195,20.0,107.1281681060791,-28.78451175590888
1148,11.48,-15.629006594287588,5.036338262084014,10.59554012549778,-38.778172111074845,-41.27380408391097,-31.763583064341734,2200.0,-6.015053391456604,20.0,107.11919784545898,-28.77806961731484
1149,11.49,-15.711553676000701,5.066494407370936,10.637907620167587,-50.93245664152622,-21.547423164999834,-12.045335330827536,2111.779541015625,3.607830405235291,20.0,107.11058712005615,-28.7997158206689
1150,11.5,-15.794147443839389,5.097059803909145,10.680572194320472,-54.171499984041574,0.46473070398993416,1.8229292858087711,0.0,18.949377536773678,20.0,107.11058712005615,-28.441048504073315
1151,11.51,-15.876733581013445,5.127504682036411,10.723144513697976,-50.84880631652923,22.488356041815464,15.72467689871016,0.0,20.0,20.0,107.11058712005615,-28.576603685735382
1152,11.52,-15.959323274467062,5.1578273753939445,10.765626147438837,-38.41437237942466,42.22225754127464,35.66028483213567,0.0,20.0,20.0,107.11058712005615,-28.77622364804592
1153,11.53,-16.04192310888078,5.188027917414192,10.808017577854033,-9.699118871927926,54.24234576137343,70.46169082067331,0.0,20.0,20.0,107.11058712005615,-29.020562567842017
1154,11.540000000000001,-16.12453965256216,5.2181065691536945,10.850319459851313,26.785597539319607,50.26468611284326,112.63822304007547,0.0,20.0,20.0,107.11058712005615,-29.282294771331205
1155,11.55,-16.207179440517976,5.2480638200405325,10.89253261860635,47.38080057181354,33.56934016608227,139.4177873458116,0.0,20.0,20.0,107.11058712005615,-29.531201950773166
1156,11.56,-16.289799215567452,5.278085211543371,10.934786922807433,55.29325427237322,12.142508706481687,155.1607857246054,738.3884887695312,20.0,20.0,107.10757637023926,-29.8957600200154
1157,11.57,-16.37224668449488,5.308664705978145,10.977427466437758,56.11905299385564,-10.568928752023767,167.5743243820493,1989.972900390625,20.0,20.0,107.09946250915527,-30.31430767956419
1158,11.58,-16.45437316737711,5.340157738088983,11.020700971605443,50.19641950124955,-32.76165005879333,-178.03067949505206,2200.0,20.0,20.0,107.09049224853516,-30.455199631150492
1159,11.59,-16.53610900932557,5.372605306184453,11.064630940924161,31.980567476322328,-51.5375726098557,-153.6835479023854,2200.0,20.0,20.0,107.08152198791504,-30.486753413029646
1160,11.6,-16.617404004545694,5.405994528450403,11.10920400085578,-7.193416221265595,-58.67215370071517,-109.47421995860904,2200.0,20.0,20.0,107.07255172729492,-30.466784418880465
1161,11.61,-16.69820921588712,5.440310763262832,11.154405744248077,-41.892313321832894,-47.48277722519238,-70.0068256812904,2200.0,20.0,20.0,107.0635814666748,-30.419769815189373
1162,11.620000000000001,-16.77847662192866,5.4755376660294415,11.200220538618465,-56.662632219880095,-27.07995910888725,-49.93615956860332,2200.0,20.0,20.0,107.05461120605469,-30.37422375486502
1163,11.63,-16.85815920480038,5.5116572304599405,11.246631557422804,-61.59356269915131,-3.934062458968097,-38.009549402599724,2200.0,20.0,20.0,107.04564094543457,-30.35741479866456
1164,11.64,-16.937211038208773,5.5486498284467975,11.293620813153856,-60.79580768011282,19.843694757754236,-27.7097249914971,2200.0,20.0,20.0,107.03667068481445,-30.390422801800447
1165,11.65,-17.015587376251407,5.5864942469647625,11.34116919191712,-52.87571384548708,42.861099976715835,-13.729559940653907,2200.0,20.0,20.0,107.02770042419434,-30.484442571259613
1166,11.66,-17.093244742907594,5.6251677218654175,11.389256489345607,-27.038315539183152,61.50124440055617,16.409645935364566,2200.0,20.0,20.0,107.01873016357422,-30.63898738196558
1167,11.67,-17.17014102109551,5.664645970220784,11.43786144800963,26.59014856487737,62.94397615534175,73.46909818045104,2200.0,20.0,20.0,107.0097599029541,-30.842274585849957
1168,11.68,-17.246235539432952,5.704903224077993,11.486961796643229,56.55510641285544,45.29125035627048,106.60530375478423,2200.0,20.0,20.0,107.00078964233398,-31.07366169421446
1169,11.69,-17.321489154808226,5.745912268473278,11.536534291429936,66.60760426373398,22.064721091462495,120.1852197741285,2200.0,20.0,20.0,106.99181938171387,-31.3076241327686
1170,11.700000000000001,-17.39586432951122,5.78764448547984,11.586554759333598,69.64701865608266,-2.5561421863795624,128.06751828970255,2200.0,20.0,20.0,106.98284912109375,-31.518495651786182
1171,11.71,-17.469325203360917,5.830069907951592,11.636998139645737,68.42100592565093,-27.480271753689582,135.20538765588708,2200.0,-16.95399761199951,20.0,106.97387886047363,-31.68509289504742
1172,11.72,-17.541837656565765,5.873157260517446,11.687838547186017,60.46642676692305,-51.85415370535074,146.65728999976136,2200.0,-20.0,20.0,106.96490859985352,-31.794284463737057
1173,11.73,-17.613369351990897,5.916874075065189,11.73904927972879,25.256653325518833,-71.82945986446451,-175.9508845375349,2200.0,-20.0,20.0,106.9559383392334,-31.84317644191823
1174,11.74,-17.683889764066947,5.961186731452059,11.79060293261559,-49.56484319912847,-66.46050170976304,-99.69657669198288,2200.0,-20.0,20.0,106.94696807861328,-31.839001723199974
1175,11.75,-17.75337023179141,6.006060582962198,11.842471389616156,-70.96022553372643,-43.78562522192954,-77.2537143247841,2200.0,-20.0,-4.396906495094299,106.93799781799316,-31.797692218599146
1176,11.76,-17.82178402605215,6.051459989071678,11.89462591336993,-77.0926463209617,-18.744254228700566,-70.13153751943071,2200.0,-20.0,-13.468254804611204,106.92902755737305,-31.740511439135673
1177,11.77,-17.88910645378926,6.0973483650788545,11.947037187415356,-79.1365122377023,6.828101987121572,-66.68579077529441,2200.0,-20.0,-14.475629329681396,106.92005729675293,-31.69014270733344
1178,11.78,-17.955314930408676,6.143688195492476,11.999675380137353,-78.89381674751156,32.55026598469894,-64.01633856561074,2200.0,-20.0,-18.981688022613525,106.91108703613281,-31.666546964058853
1179,11.790000000000001,-18.020389030551797,6.190441114137133,12.052510198816615,-74.90516695371649,58.18760433528145,-59.17133863455264,2200.0,-20.0,-20.0,106.9021167755127,-31.683612895410572
1180,11.8,-18.084310507568023,6.237567972256823,12.105510939136167,-37.370764316163324,81.90632354399825,-21.749262640069087,2200.0,-20.0,-16.031956672668457,106.89314651489258,-31.74703649459373
1181,11.81,-18.147063293047946,6.28502893245889,12.15864654217518,76.41756159094902,68.45167463345194,91.22543396131843,2200.0,-20.0,-2.102421075105667,106.88417625427246,-31.853746725166648
1182,11.82,-18.20863350677066,6.332783554571855,12.21188564976324,85.25966980683481,43.023482904175815,98.65362695397341,2200.0,-20.0,18.830466270446777,106.87520599365234,-31.9929076594113
1183,11.83,-18.269009485919632,6.380790887592037,12.26519665516967,87.93382944766755,17.283351432317144,99.28654449535225,2200.0,-20.0,20.0,106.86623573303223,-32.14827161014109
1184,11.84,-18.328181814877333,6.429009520323123,12.318547776229831,89.5173028807513,-8.481258990140722,97.98488867776673,2200.0,-1.9422411918640137,20.0,106.85726547241211,-32.301270458398164
1185,11.85,-18.38614335423601,6.477397669467662,12.371907113023411,91.2342675039112,-34.19884241159173,95.23455298191527,2200.0,20.0,20.0,106.84829521179199,-32.434338678100005
1186,11.86,-18.442889251514785,6.5259132670609645,12.425242689322967,95.01151427835848,-59.78104940486526,89.60859039846565,2200.0,20.0,20.0,106.83932495117188,-32.533955698394465
1187,11.870000000000001,-18.498416950043275,6.57451401381343,12.478522541327964,131.8099897566253,-83.96660926436606,50.29946983189813,2200.0,20.0,20.0,106.83035469055176,-32.59262719976203
1188,11.88,-18.552726204687833,6.62315747924075,12.531714767978134,-105.03506429368805,-68.25976789202369,-76.03655075656646,2200.0,20.0,20.0,106.82138442993164,-32.609771154977985
1189,11.89,-18.60581907437982,6.671801170699537,12.584787584829677,-99.60287412576984,-43.020404873535725,-85.46762609289344,2200.0,20.0,20.0,106.81241416931152,-32.59136349687396
1190,11.9,-18.657699897157208,6.720402623655404,12.63770937615617,-98.91938317512334,-17.759834875654942,-91.32924965904866,2200.0,20.0,20.0,106.8034439086914,-32.548477673796654
1191,11.91,-18.708375264887774,6.768919487638712,12.690448748938257,-100.05191132805082,7.330357406170147,-97.39734348563442,2200.0,20.0,20.0,106.79447364807129,-32.495070801990735
1192,11.92,-18.757854004049207,6.81730961023597,12.742974590535216,-103.5314730713832,32.065502463427926,-105.43065698050746,2200.0,20.0,20.0,106.78550338745117,-32.44545887443748
1193,11.93,-18.806147162909237,6.865531118899846,12.79525613094349,-113.41442951628632,55.84318742585816,-119.93155968721416,2200.0,20.0,20.0,106.77653312683105,-32.411938137407574
1194,11.94,-18.85326800274757,6.913542500463788,12.84726300861578,-155.5640594791868,74.22251948457289,-167.03083661689797,2200.0,20.0,20.0,106.76756286621094,-32.40294311923082
1195,11.950000000000001,-18.899231988709335,6.961302678814597,12.898965337615369,131.61684387167722,65.86747548733123,114.61280747623033,2200.0,20.0,20.0,106.75859260559082,-32.42200419507417
1196,11.96,-18.944056776001965,7.008771090954004,12.950333773723653,114.10360244919798,43.74454583289111,90.62787686213596,2200.0,20.0,20.0,106.7496223449707,-32.467604443806124
1197,11.97,-18.987762191954566,7.055907762274591,13.001339567644896,109.79735857212275,20.136198047620283,78.32967835940923,2200.0,-20.0,10.129806995391846,106.74065208435059,-32.53390161386648
1198,11.98,-19.03037022103831,7.102673386713666,13.051954674793695,109.93895112804827,-3.4931497045511244,67.79239169380232,2200.0,-20.0,7.032395005226135,106.73168182373047,-32.61196371690509
1199,11.99,-19.071904966757625,7.149029404455684,13.10215172505761,113.88406621355732,-26.554349026075826,55.61782023008662,2200.0,-20.0,-9.893128275871277,106.72271156311035,-32.69156403139422
1200,12.0,-19.11239253885963,7.194938037117788,13.151904088234794,124.93117239766559,-47.974955493924185,37.1115884750961,2200.0,-20.0,-20.0,106.71374130249023,-32.76283981382929
1201,12.01,-19.15186097797427,7.24036238182688,13.201185896230328,155.43335130237566,-63.64226846768815,-0.7608339023431885,2200.0,-20.0,-20.0,106.70477104187012,-32.81782436555574
1202,12.02,-19.19034020597936,7.285266474621967,13.249972099126888,-154.1123538092286,-61.91709414610537,-58.97010948740655,2200.0,-20.0,-20.0,106.69580078125,-32.85147973198962
1203,12.030000000000001,-19.227861989558598,7.329615367329667,13.298238536598586,-128.832290720889,-45.11991015894928,-92.86892222728572,2200.0,-20.0,-20.0,106.68683052062988,-32.86216649897128
1204,12.040000000000001,-19.264459910248203,7.37337520059963,13.345962005055844,-120.3453900951311,-24.26172946586187,-111.50292467603025,2200.0,-20.0,-20.0,106.67786026000977,-32.85155768599801
1205,12.05,-19.30016931592894,7.416513269323578,13.393120312962138,-118.5802276110969,-2.654477471215921,-126.09389217981521,2200.0,-20.0,-20.0,106.66888999938965,-32.8240699698503
1206,12.06,-19.335027257307065,7.4589980822318065,13.439692323947403,-121.42386890059369,18.54797108732277,-141.10038390605177,2200.0,-20.0,-20.0,106.65991973876953,-32.78596175635689
1207,12.07,-19.369072414703943,7.500799417093078,13.48565799138847,-130.406043346065,38.14326707898481,-160.4519674968379,2200.0,-20.0,-20.0,106.65094947814941,-32.74427348913337
1208,12.08,-19.40234501920395,7.541888373173195,13.530998387279215,-151.22734889614688,53.25718116485429,169.0326421913746,2200.0,-20.0,-20.0,106.6419792175293,-32.70578686334682
1209,12.09,-19.434886770030534,7.582237421387874,13.575695727171631,172.96144917247867,57.175093356662146,123.52673039554938,2200.0,-20.0,-20.0,106.63300895690918,-32.67614888558435
1210,12.1,-19.46674074885214,7.62182045209081,13.619733392236984,143.911351543246,47.04765738229057,84.22380580891836,2200.0,-20.0,-20.0,106.62403869628906,-32.659259382939
1211,12.11,-19.497951331581493,7.660612820497293,13.663095949622022,130.44997725543914,29.92554226022412,59.31439267998773,2200.0,-20.0,-20.0,106.61506843566895,-32.6569662951859
1212,12.120000000000001,-19.528564095053678,7.69859138430718,13.705769181727877,125.65609112858877,10.632181299565604,40.92937740263165,2200.0,20.0,-20.0,106.60609817504883,-32.669025346609914
1213,12.13,-19.558625727168575,7.7357345528663926,13.747740057892418,126.1327122925605,-8.945704849987361,23.979854453871305,2200.0,20.0,-8.954423069953918,106.59712791442871,-32.69346996376919
1214,12.14,-19.588183941009408,7.772022307712472,13.788996848369575,131.81221277376076,-27.57103689651704,4.987911216734764,2200.0,20.0,20.0,106.5881576538086,-32.72694783162919
1215,12.15,-19.617287406332185,7.807436335589174,13.82952919326058,145.36887708640714,-43.34542805163323,-20.367107818792128,2200.0,20.0,20.0,106.57918739318848,-32.76523631260231
1216,12.16,-19.646052272932092,7.842117255827685,13.869457370803431,170.67476164967175,-52.20844557867788,-56.86760884854425,1514.7052001953125,20.0,20.0,106.57301139831543,-32.68610980040999
1217,12.17,-19.67468109927591,7.876467761491017,13.909113066099943,-159.53542137123426,-49.3844784305023,-97.88125369024326,410.16510009765625,20.0,6.6634756326675415,106.57133913040161,-32.549247402723026
1218,12.18,-19.703315732925418,7.910838117108577,13.948781134176054,-140.1344276771177,-36.877279221440496,-129.12446032251415,0.0,20.0,-15.58452606201172,106.57133913040161,-32.55406134277167
1219,12.19,-19.731982836178545,7.945325889861668,13.988540471881135,-131.02013143686182,-19.949743514587993,-151.4384016852245,0.0,20.0,-20.0,106.57133913040161,-32.6301134340622
1220,12.200000000000001,-19.760664370060127,7.979874495426647,14.028345446753505,-128.24160311710727,-1.502003434346928,-169.94549018648334,239.7471466064453,20.0,-20.0,106.5703616142273,-32.736017269071695
1221,12.21,-19.78931319274443,8.0141711358985,14.06794624231711,-130.3718317049271,16.99451504369383,171.74806890075135,1290.7655029296875,20.0,-20.0,106.5650987625122,-32.96733891766726
1222,12.22,-19.81789400947165,8.04775076461115,14.106975929091142,-138.41964417852532,34.15214481565955,150.21075810417693,2139.217529296875,20.0,-20.0,106.5563759803772,-33.12887528918098
1223,12.23,-19.84643189951492,8.080387441749552,14.145259401484005,-155.86194135456586,47.418288814328285,120.69550631803165,2200.0,20.0,-20.0,106.54740571975708,-33.124485986725205
1224,12.24,-19.874980572324613,8.112064045140025,14.18278631310754,175.91050905137004,51.947889819153396,81.03307839943227,2200.0,20.0,-20.0,106.53843545913696,-33.10438621894042
1225,12.25,-19.90359315155253,8.142780025449763,14.219559847884721,149.52963482681446,44.85188048316793,43.25672113114754,2200.0,20.0,-20.0,106.52946519851685,-33.084832543650116
1226,12.26,-19.932322499861225,8.172536644572702,14.255584560910469,134.49828545415505,30.14092855630514,16.252089254372734,2200.0,-20.0,-5.129913687705994,106.52049493789673,-33.07017027471595
1227,12.27,-19.961221250835006,8.20133703384841,14.290866423206298,127.87123721243458,12.159240317317133,-3.77786289535485,2200.0,-20.0,19.69266653060913,106.51152467727661,-33.064492356599985
1228,12.280000000000001,-19.990341656832232,8.229186263088025,14.325412809330434,126.68557815116569,-6.959408471139887,-21.27269433107949,2200.0,-20.0,20.0,106.5025544166565,-33.071159232115235
1229,12.290000000000001,-20.019735618378913,8.256091268701729,14.359232454055057,130.56688172592126,-25.9313674738953,-39.63349724620515,2200.0,-20.0,20.0,106.49358415603638,-33.092512078286916
1230,12.3,-20.04945452391272,8.282060793154876,14.39233537883406,142.00856223728505,-43.07807844951831,-63.22773367152666,2200.0,-20.0,20.0,106.48461389541626,-33.129377849742035
1231,12.31,-20.079549180531167,8.307105344865484,14.424732836718452,166.7622914749075,-54.49003430023586,-98.84217434545172,2200.0,-20.0,20.0,106.47564363479614,-33.18091393063767
1232,12.32,-20.11006971008238,8.3312371601448,14.456437286089011,-158.93632856097537,-53.57018684686869,-143.3906897597562,2200.0,-20.0,20.0,106.46667337417603,-33.24453728288885
1233,12.33,-20.141065438245626,8.354470199748375,14.487462398073053,-135.66121326565968,-40.74012353349278,-176.86994697479864,2200.0,-20.0,20.0,106.45770311355591,-33.31608884948527
1234,12.34,-20.17258478468308,8.376820144177843,14.5178230676103,-124.87789209962574,-22.40371995922972,161.5281603905361,2200.0,-20.0,20.0,106.44873285293579,-33.390234152934255
1235,12.35,-20.20467516013008,8.398304379600509,14.547535414700537,-120.9829020855571,-2.0145677365779093,145.1728874701261,2200.0,-20.0,20.0,106.43976259231567,-33.46108838347131
1236,12.36,-20.237382872122083,8.418941972020667,14.576616771390054,-121.87198811866568,18.980196293013325,129.89886472797536,2200.0,-15.710937976837158,20.0,106.43079233169556,-33.52301107671427
1237,12.370000000000001,-20.270753033678265,8.438753628858791,14.605085649454098,-128.73236113972595,39.43417361470371,111.75482898055546,2200.0,20.0,20.0,106.42182207107544,-33.5714862667414
1238,12.38,-20.30482954630979,8.45776163556298,14.632961703542072,-148.35875173128514,56.78897511244336,82.59783945271971,2200.0,20.0,20.0,106.41285181045532,-33.60389987868454
1239,12.39,-20.339654966621882,8.475989764535313,14.6602656026351,168.90768137759972,62.80290248041561,31.321243475419152,2200.0,20.0,20.0,106.4038815498352,-33.620298280210015
1240,12.4,-20.375270500832777,8.493463282037318,14.687019095369887,133.33129744419742,51.20842432283272,-12.34526076771406,2200.0,20.0,20.0,106.39491128921509,-33.623572745674885
1241,12.41,-20.4117158159526,8.510208878049248,14.713244902779538,118.77848005822423,31.49380800996133,-35.03823510540891,2200.0,20.0,20.0,106.38594102859497,-33.619443936968544
1242,12.42,-20.449028987312875,8.52625465640049,14.738966753591134,113.3033955505492,9.341164902578528,-49.38026157719248,2200.0,20.0,20.0,106.37697076797485,-33.61580448122782
1243,12.43,-20.487246417730965,8.541630092259794,14.764209333671335,112.34699547552056,-13.64652900204668,-61.208158554573416,2200.0,20.0,20.0,106.36800050735474,-33.62170938875321
1244,12.44,-20.5264027940947,8.556365967029132,14.788998220286354,115.72902753329004,-36.72812908277172,-73.99407365704113,2200.0,20.0,20.0,106.35903024673462,-33.64601442194841
1245,12.450000000000001,-20.5665310494332,8.570494299324817,14.813359810782671,128.79543157359544,-58.67164282175935,-94.60813224039016,2200.0,20.0,20.0,106.3500599861145,-33.6958761609757
1246,12.46,-20.607474199631977,8.584151199577912,14.83739275207291,178.9536119005696,-72.35802251010537,-151.21261469207656,1476.649658203125,20.0,20.0,106.34403896331787,-33.62224876258752
1247,12.47,-20.648918268688877,8.59754478546643,14.861242402779968,-124.81225581315762,-60.65919033076468,146.76343861394767,912.1609497070312,20.0,20.0,106.34031963348389,-33.60138845715319
1248,12.48,-20.69047557708009,8.610881071484132,14.88505043112971,-109.08400120774355,-38.47461040114317,125.57098292857499,0.0,20.0,20.0,106.34031963348389,-33.520750682437566
1249,12.49,-20.731899532253152,8.62427881515517,14.908895922205813,-103.84484276724002,-14.42651267082843,114.84507034458143,0.0,20.0,20.0,106.34031963348389,-33.63530227883522
1250,12.5,-20.773186160581346,8.637731629695146,14.932774669912067,-102.14925105358056,10.210148121269139,107.0778351350814,0.0,20.0,20.0,106.34031963348389,-33.75089691123049
1251,12.51,-20.814332837923008,8.65123479104509,14.956682935939602,-102.86138637511154,35.08508276005959,99.7392031981227,0.0,20.0,20.0,106.34031963348389,-33.85457457740938
1252,12.52,-20.855337203534933,8.664783480996547,14.980616928832049,-108.22543960436757,59.89808277297243,89.28598640860862,0.0,20.0,20.0,106.34031963348389,-33.934309744275964
1253,12.530000000000001,-20.896205867064765,8.678370612992028,15.004571487370383,-155.8992252944989,81.72934366992594,37.49735285660958,29.02206802368164,20.0,20.0,106.34020137786865,-33.987637978158666
1254,12.540000000000001,-20.93736957969226,8.691898564801072,15.028489144688145,105.75525932432303,67.1263990769122,-64.25765859742883,1425.9915771484375,20.0,20.0,106.33438682556152,-34.30843153663994
1255,12.55,-20.979491025643007,8.705240415010383,15.052303172700395,96.16741597592677,42.188190596808376,-76.66956804990683,2200.0,20.0,20.0,106.3254165649414,-34.490191999222525
1256,12.56,-21.022815853565785,8.718387640870095,15.076017593056255,93.20450775460782,16.728791310411207,-81.88130952674197,2200.0,20.0,20.0,106.31644630432129,-34.49453099798607
1257,12.57,-21.06735258357018,8.731383451713093,15.099664841196565,91.58855664907516,-8.895295331049475,-85.03062559892525,2200.0,20.0,20.0,106.30747604370117,-34.48979618590973
1258,12.58,-21.113107004695337,8.744269700562047,15.123276898425907,90.08473202512708,-34.60264636966938,-86.81226009249677,2200.0,20.0,20.0,106.29850578308105,-34.49259961171717
1259,12.59,-21.160082621743058,8.757088481731572,15.146885774659593,87.11383152544681,-60.32722539534058,-86.23683653085625,2200.0,20.0,20.0,106.28953552246094,-34.51981250619391
1260,12.6,-21.208280660819007,8.769882053972394,15.170523443584885,52.635104404153154,-85.1805077309276,-53.463307575454856,2200.0,20.0,20.0,106.28056526184082,-34.58549842140719
1261,12.61,-21.25770007765694,8.782692762578517,15.19422177837726,-78.37604302143377,-67.55817797858646,76.51231862820953,2200.0,20.0,20.0,106.2715950012207,-34.69814472750153
1262,12.620000000000001,-21.308337566149735,8.795562960002911,15.21801248885865,-82.08601876530793,-41.78934100855681,79.98307801852704,2200.0,20.0,20.0,106.26262474060059,-34.858736244879736
1263,12.63,-21.360187565114977,8.808534924663409,15.241927060691818,-82.33939661084526,-15.960823091581444,81.14378821997433,2200.0,20.0,20.0,106.25365447998047,-35.06009432459396
1264,12.64,-21.413242262867975,8.821650778014131,15.26599669677873,-81.04469141656897,9.802158363455737,82.77084817730803,2200.0,20.0,20.0,106.24468421936035,-35.287692571071354
1265,12.65,-21.467491601153434,8.834952400544692,15.290252260612274,-77.37702398556199,35.32821125669556,86.568114840823,2200.0,20.0,20.0,106.23571395874023,-35.52189180727429
1266,12.66,-21.522923281456574,8.848481347884531,15.314724221056188,-66.11074671873477,59.94441824696589,98.10020239742424,2200.0,20.0,20.0,106.22674369812012,-35.741260880390186
1267,12.67,-21.57952277687573,8.862278768331281,15.339442597981158,-7.260930148029151,76.7745153697744,157.5827455077615,2200.0,20.0,20.0,106.2177734375,-35.9264203456314
1268,12.68,-21.63727335164668,8.876385322844834,15.36443690833852,58.05881618574559,61.72374128131898,-135.8405267874042,2200.0,20.0,20.0,106.20880317687988,-36.06371127490771
1269,12.69,-21.696156088961995,8.89084110810427,15.389736112488746,69.83625394861569,37.409616004197105,-121.78584471689747,2200.0,20.0,20.0,106.19983291625977,-36.14798423809798
1270,12.700000000000001,-21.75614992681439,8.905685582892911,15.415368560813082,72.3418142492893,12.235434678624683,-115.23853446035062,2200.0,20.0,20.0,106.19086265563965,-36.18393324172011
1271,12.71,-21.81723170137631,8.920957497909797,15.44136194079081,70.93031557587899,-12.868457849429902,-109.1785660478328,2200.0,20.0,20.0,106.18189239501953,-36.185648325304705
1272,12.72,-21.879376197428805,8.936694828934119,15.467743224831446,64.71951039611477,-37.24562966129905,-99.8669753821441,2200.0,20.0,20.0,106.17292213439941,-36.174385941672135
1273,12.73,-21.942556205060193,8.952934712914706,15.494538619200858,45.77287497355152,-58.85780120088027,-78.29763626697658,2200.0,20.0,20.0,106.1639518737793,-36.17489816418318
1274,12.74,-22.006742581201415,8.969713386017501,15.521773514340913,-7.670463745261098,-67.40457057811372,-22.112626693752432,2200.0,20.0,20.0,106.15498161315918,-36.21095395084268
1275,12.75,-22.071904313904103,8.987066122143334,15.549472436752554,-48.731844429118446,-52.657434324954124,22.326329702137336,2200.0,20.0,20.0,106.14601135253906,-36.300868491118656
1276,12.76,-22.13800858706586,9.005027170236449,15.57765900245365,-61.08209709352042,-30.03959471971566,39.36614032741824,2200.0,20.0,20.0,106.13704109191895,-36.45388914500051
1277,12.77,-22.204520585162967,9.02325985420155,15.606063232101503,-63.979003022888,-6.000205293950363,49.45454129542567,0.0,20.0,20.0,106.13704109191895,-36.15433926256311
1278,12.780000000000001,-22.270921628387647,9.041414754258273,15.634400192998113,-61.56280705955682,17.902192029718524,59.33097242843354,0.0,20.0,20.0,106.13704109191895,-36.342240928835025
1279,12.790000000000001,-22.337219505903846,9.059483995500948,15.66266658884127,-52.04706433022703,40.29320495730628,74.10236626491759,0.0,20.0,20.0,106.13704109191895,-36.555687029087714
1280,12.8,-22.403419119818576,9.077463940437289,15.690860009292836,-26.41742476171719,57.27564813520369,104.18093172877884,0.0,20.0,20.0,106.13704109191895,-36.76753303697517
1281,12.81,-22.469529125708622,9.095354900790479,15.718981101501775,18.483718488248954,58.307792604992805,153.54927495256223,19.084430694580078,20.0,20.0,106.13696336746216,-36.954743106993405
1282,12.82,-22.53570747328314,9.113331061672369,15.747164029456776,46.07875615368966,42.50346079795249,-173.6398566250053,866.9100341796875,20.0,20.0,106.1334285736084,-37.28280519447205
1283,12.83,-22.60231990720852,9.131847749840821,15.775759406225985,55.929245924132886,20.842599004767038,-156.85826785599508,2200.0,20.0,20.0,106.12445831298828,-37.68409286430283
1284,12.84,-22.669557084656834,9.15119982447365,15.804993378041535,57.65069724747457,-2.131751081992031,-144.76498884267946,2200.0,20.0,20.0,106.11548805236816,-37.75155222559439
1285,12.85,-22.737370491215238,9.171411488569866,15.834879649666895,53.18044605323155,-24.615910244062835,-131.62779767193572,2200.0,20.0,20.0,106.10651779174805,-37.762253427198594
1286,12.86,-22.805712901494392,9.192503322809069,15.865430572146318,39.23255384552483,-44.34865318483165,-111.25591769878372,2200.0,20.0,20.0,106.09754753112793,-37.73726630648849
1287,12.870000000000001,-22.87453609442919,9.214494287754885,15.896657208780939,8.094355125606956,-55.41977617257668,-74.53935495776014,2200.0,20.0,20.0,106.08857727050781,-37.704505248906926
1288,12.88,-22.943790949106592,9.237401699966355,15.928569316502712,-28.29529887735091,-49.7592906195712,-32.49904273786339,2200.0,20.0,20.0,106.0796070098877,-37.69362005225376
1289,12.89,-23.013427542112833,9.261241209761115,15.961175329587817,-47.19660967836909,-32.256963137023334,-6.980377249749216,2200.0,20.0,20.0,106.07063674926758,-37.73049514827196
1290,12.9,-23.083395245259855,9.286026778078734,15.994482345146064,-53.867745025981066,-10.752595303352306,8.552922974010077,2200.0,20.0,20.0,106.06166648864746,-37.83239063015223
1291,12.91,-23.15364282284042,9.311770650492933,16.028496109876013,-53.494444377039834,11.549420885359396,21.703859213308064,2200.0,20.0,20.0,106.05269622802734,-38.004648741886314
1292,12.92,-23.22411852807424,9.338483327934537,16.06322100793347,-45.9328911547137,32.69801514337442,37.83035383437202,2200.0,20.0,20.0,106.04372596740723,-38.23960089697846
1293,12.93,-23.294770198931545,9.366173535666125,16.098660050290142,-26.010968408094364,49.25485323372599,64.38116592496128,2200.0,20.0,20.0,106.03475570678711,-38.517897076385495
1294,12.94,-23.365545353839384,9.394848193594104,16.134814866362028,9.323446423994657,53.51499553430001,105.64436102604917,2200.0,20.0,20.0,106.02578544616699,-38.81202068110529
1295,12.950000000000001,-23.436391287772224,9.424512391286473,16.171685698704426,37.98262055175563,41.99330616273744,140.45115127069974,2200.0,20.0,20.0,106.01681518554688,-39.09133596060604
1296,12.96,-23.50725516896487,9.455169370073587,16.20927140121617,50.8134925578954,22.503577814051642,160.6639595290012,2200.0,20.0,20.0,106.00784492492676,-39.32772248787198
1297,12.97,-23.578084136161568,9.486820513187146,16.247569440861664,54.509354865443264,0.5080718791940806,174.59289446909725,2200.0,20.0,20.0,105.99887466430664,-39.50073875769054
1298,12.98,-23.648825396104595,9.519465343922022,16.28657590270143,51.680469192354565,-21.664703475795655,-171.79691269001438,2200.0,20.0,20.0,105.98990440368652,-39.601346860889414
1299,12.99,-23.71942632091404,9.553101531479587,16.32628549807396,40.006304566732005,-41.81985538048175,-152.5881330512062,2200.0,20.0,20.0,105.9809341430664,-39.6335048075071
1300,13.0,-23.789834551394634,9.587724905773632,16.366691576090755,11.90205205682828,-54.77939029886338,-118.48339989115101,2200.0,-20.0,20.0,105.97196388244629,-39.61334278474275
1301,13.01,-23.8599980544071,9.623329497075146,16.407786158579714,-26.01174529814213,-51.7223085425269,-75.07748615325508,2200.0,-20.0,20.0,105.96299362182617,-39.566051644554406
1302,13.02,-23.929865290397167,9.65990760707682,16.449559968248955,-47.87044324204945,-35.21558242347146,-47.376951850375946,2200.0,-20.0,20.0,105.95402336120605,-39.52123175911841
1303,13.030000000000001,-23.999385216515936,9.697449772332716,16.492002442727852,-56.354909768550286,-13.686714794000574,-31.624102502913946,2200.0,-20.0,20.0,105.94505310058594,-39.50732673291639
1304,13.040000000000001,-24.068507494451058,9.735944788472775,16.535101741018952,-57.688178516711574,9.259343155359247,-19.662835070510383,2200.0,-20.0,20.0,105.93608283996582,-39.54646680481508
1305,13.05,-24.13718253541881,9.775379679206925,16.578844768148972,-52.585514962492375,31.900998881426624,-6.214364596063884,2200.0,-20.0,20.0,105.9271125793457,-39.650448834678514
1306,13.06,-24.205361614932595,9.815739695139104,16.623217174533046,-35.77962778572513,51.675620751324864,16.499409869349098,2200.0,-14.83360767364502,20.0,105.91814231872559,-39.81877207473268
1307,13.07,-24.27299695923,9.857008344811403,16.66820339157899,3.9954335380694315,60.6208600020468,60.998380660935986,2200.0,3.8712340593338013,20.0,105.90917205810547,-40.03891638001543
1308,13.08,-24.34004182970251,9.899167431888698,16.71378666304601,42.156986731148265,50.17429827038842,103.50181431623093,2200.0,12.88870334625244,20.0,105.90020179748535,-40.28884097745801
1309,13.09,-24.406450575864547,9.942197114392435,16.75994908712903,58.101480869236944,29.645593412919105,124.13799404348087,2200.0,16.290791034698486,20.0,105.89123153686523,-40.541177661662715
1310,13.1,-24.472178735455987,9.986075962606838,16.806671664401982,63.54520403150466,6.247672722463262,135.63928908139638,2200.0,16.854407787322998,20.0,105.88226127624512,-40.7683443463523
1311,13.11,-24.537183133210064,10.03078097352234,16.85393431586244,63.43634303994848,-17.87777477075387,145.00067027085564,2200.0,20.0,20.0,105.873291015625,-40.947497337164705
1312,13.120000000000001,-24.60142196274285,10.076287600765305,16.901715918748696,57.00958068257182,-41.54320725019611,157.14852342899488,2200.0,20.0,20.0,105.86432075500488,-41.064541026639866
1313,13.13,-24.664854867584456,10.122569794561885,16.949994334986396,34.341150618727205,-61.91842944927013,-176.27282630017748,2200.0,20.0,20.0,105.85535049438477,-41.11642877137097
1314,13.14,-24.72744300643711,10.169600064022713,16.998746452989167,-23.340108083663306,-66.29982761405235,-115.62166651912752,2200.0,20.0,20.0,105.84638023376465,-41.11137977997672
1315,13.15,-24.789149113200402,10.217349545294347,17.04794823179486,-57.92608206902927,-48.9522350243245,-78.44255923529664,2200.0,20.0,20.0,105.83740997314453,-41.06704255077077
1316,13.16,-24.849937555903036,10.265788070680117,17.097574746564558,-68.71777253528394,-25.477268919455398,-64.91356286738483,2200.0,20.0,20.0,105.82843971252441,-41.007008803640126
1317,13.17,-24.909774396162582,10.314884236329716,17.147600235581162,-72.18251174689631,-0.6171360622940555,-57.8182531887001,2200.0,20.0,20.0,105.8194694519043,-40.95637382290059
1318,13.18,-24.96862745022009,10.364605467080484,17.197998148960533,-71.82181455171002,24.59924033912447,-52.02028098475823,2200.0,20.0,20.0,105.81049919128418,-40.93718930796236
1319,13.19,-25.026466351972523,10.414918077844625,17.24874119920179,-66.28790309281068,49.57194194482864,-43.46803079228279,2200.0,20.0,20.0,105.80152893066406,-40.96464170187244
1320,13.200000000000001,-25.08326261751508,10.465787331861872,17.299801413535185,-39.669130814686746,72.03660184934465,-15.158922675911658,2200.0,20.0,20.0,105.79255867004395,-41.04462141791211
1321,13.21,-25.13898970947426,10.517177497209497,17.35115018786734,48.90150114364414,71.04375483652927,74.30558678054716,2200.0,20.0,20.0,105.78358840942383,-41.17306444153184
1322,13.22,-25.193623098411155,10.569051903758929,17.402758341991017,73.5211200511305,48.14767166447803,99.33147484792694,2200.0,20.0,20.0,105.77461814880371,-41.33710594742215
1323,13.23,-25.247140318501486,10.621373002794872,17.454596175639573,79.70543869024628,22.908647910489638,105.66373477083549,2200.0,20.0,20.0,105.7656478881836,-41.51775248327785
1324,13.24,-25.299521015653017,10.674102430735273,17.50663352494447,81.96376038931413,-2.769957106371167,108.06764912044457,2200.0,20.0,20.0,105.75667762756348,-41.693516676748416
1325,13.25,-25.350746988083216,10.727201080208609,17.558839815447023,82.5163629497469,-28.579374506564374,109.25669580373935,2200.0,-20.0,20.0,105.74770736694336,-41.84432680517015
1326,13.26,-25.40080222092159,10.780629158659519,17.611184132692493,81.21867533565452,-54.402583287315494,110.8173280497152,2200.0,-20.0,20.0,105.73873710632324,-41.95491461455672
1327,13.27,-25.449672891463464,10.834346298176094,17.663635240323554,68.81200020952285,-79.93802721234184,122.55633828556759,2200.0,-20.0,20.0,105.72976684570312,-42.01730356662097
1328,13.280000000000001,-25.497347360692288,10.888311619330379,17.71616167631843,-82.49126929543664,-73.42780708411593,-87.51778024038452,2200.0,-20.0,1.7356948554515836,105.72079658508301,-42.03166526235409
1329,13.290000000000001,-25.543816173957072,10.94248384541419,17.76873176677814,-89.03672241389542,-47.77769808944443,-83.00839121479945,2200.0,-20.0,-12.436800003051758,105.71182632446289,-42.00598359061083
1330,13.3,-25.58907209563999,10.996821368762085,17.82131371447149,-90.90978060833486,-22.05022325484142,-83.92775117529679,2200.0,-20.0,-13.386607170104979,105.70285606384277,-41.95413974009723
1331,13.31,-25.633110173278883,11.051282306387987,17.873875672095416,-92.33823678395345,3.6218502657631126,-86.39172849639996,2200.0,-20.0,-12.663235664367676,105.69388580322266,-41.89318778632058
1332,13.32,-25.675927777241448,11.10582456601229,17.92638581086528,-94.37871684391266,29.179632679166243,-90.36001168439442,2200.0,-20.0,-17.052640914916992,105.68491554260254,-41.840209482552446
1333,13.33,-25.717524610983325,11.160405915589513,17.97881237499641,-99.16101866949762,54.478290937030586,-97.68393562216409,2200.0,-20.0,-7.596191763877869,105.67594528198242,-41.809451496068725
1334,13.34,-25.757902690885256,11.21498406583016,18.031123734539097,-125.37303550143038,78.21809835732695,-126.99894243602787,2200.0,-20.0,-4.2084842920303345,105.6669750213623,-41.810110410743064
1335,13.35,-25.797066319438816,11.269516752663794,18.083288437232095,118.04844900797205,72.20338265004823,112.69395633870428,2200.0,-20.0,-11.387983560562134,105.65800476074219,-41.845150915411146
1336,13.36,-25.835022068864202,11.323961819167977,18.13527526398564,104.58157261258292,47.834457523690794,94.68980802794131,2200.0,-20.0,-8.874602913856506,105.64903450012207,-41.911267857570806
1337,13.370000000000001,-25.87177876329163,11.378277295660705,18.187053283302316,102.16068969945006,22.933113218794297,86.54007189577902,2200.0,-20.0,4.817281365394592,105.64006423950195,-41.999899255572075
1338,13.38,-25.907347461757585,11.432421489312432,18.2385918989566,102.63859050420957,-1.8585072943937704,79.26846807901748,2200.0,-17.05911636352539,20.0,105.63109397888184,-42.099093976762596
1339,13.39,-25.9417414533163,11.486353037460972,18.289860940470042,105.72407509942441,-26.279525247153042,70.50224105893359,2200.0,20.0,20.0,105.62212371826172,-42.195595180715195
1340,13.4,-25.974976232169997,11.540031046628002,18.340830648485035,114.38906962609194,-49.73535582852882,56.420787931462854,2200.0,20.0,20.0,105.6131534576416,-42.27745765304547
1341,13.41,-26.007069485748325,11.5934150878638,18.39147182422963,144.47497145937493,-69.10180793593841,20.761391656772513,2200.0,20.0,20.0,105.60418319702148,-42.33551948095776
1342,13.42,-26.038041068253253,11.646465322365163,18.441755840366856,-146.58238381901273,-67.95861247392666,-54.23415209207291,2200.0,20.0,20.0,105.59521293640137,-42.36481648830204
1343,13.43,-26.067912942065288,11.699142553787595,18.491654690549943,-120.28803041249081,-48.28332161766106,-87.42906678603214,2200.0,20.0,20.0,105.58624267578125,-42.36498902307729
1344,13.44,-26.096709116392063,11.751408305671609,18.541141027954538,-113.3284625388621,-25.50322112355206,-102.6980732139109,2200.0,20.0,20.0,105.57727241516113,-42.33993591254478
1345,13.450000000000001,-26.124455586126665,11.803224893917744,18.590188206592885,-112.2663387707415,-2.365857479412882,-114.51874456892271,2200.0,20.0,20.0,105.56830215454102,-42.29682502442114
1346,13.46,-26.15118027560865,11.854555499665448,18.6387703274654,-115.19077915798648,20.339850601862416,-127.08259740322866,2200.0,20.0,20.0,105.5593318939209,-42.24469446815019
1347,13.47,-26.176912988056326,11.905364241523229,18.686862290775583,-124.09786444671852,41.651636542811325,-144.37432186172816,2200.0,20.0,20.0,105.55036163330078,-42.19290970130263
1348,13.48,-26.201685358358404,11.955616246991196,18.734439852798594,-147.26468816283608,58.62707563599415,-175.56948730026576,2200.0,20.0,20.0,105.54139137268066,-42.149737379615694
1349,13.49,-26.22553080635147,12.00527772201023,18.781479684600964,167.75020360537266,62.173807836152044,131.2150950331046,2200.0,20.0,20.0,105.53242111206055,-42.12124367063677
1350,13.5,-26.248484486822868,12.054316018152178,18.82795942919711,136.26370271934158,49.047312238839496,90.80049260313415,2200.0,20.0,-1.0044141113758087,105.52345085144043,-42.11064744572969
1351,13.51,-26.27058324710831,12.102699687174319,18.873857738987972,124.31499603752906,29.610797033657654,68.60837346720542,2200.0,-20.0,-20.0,105.51448059082031,-42.118188400266575
1352,13.52,-26.291865507179796,12.150398579840989,18.919154379922798,120.77515029606084,8.694447055733304,52.52033032600488,2200.0,-20.0,-6.237794756889343,105.5055103302002,-42.141397571847634
1353,13.530000000000001,-26.312371292958456,12.197383835473635,18.963830158035503,122.1753017839995,-12.158760143856831,37.18054111216435,2200.0,-20.0,3.220532536506653,105.49654006958008,-42.175624533877105
1354,13.540000000000001,-26.332142003168517,12.243627964929134,19.007866943486672,128.9699447875123,-31.816124553094493,18.93351835242418,2200.0,-20.0,1.0003356635570526,105.48756980895996,-42.21515254185599
1355,13.55,-26.351220376397205,12.28910488939512,19.05124770849941,145.0777668418446,-48.125382768068796,-7.563657339038937,2200.0,-20.0,-4.679827094078064,105.47859954833984,-42.253927901219605
1356,13.56,-26.36965041840873,12.333789999458313,19.09395657977317,175.5868225648883,-55.883968982703905,-48.196488545425716,2200.0,-20.0,-6.635240912437439,105.46962928771973,-42.2864289973816
1357,13.57,-26.387477333093273,12.377660209862281,19.135978889596636,-152.53944380309426,-50.02266108708164,-90.51791604385113,2200.0,-20.0,1.2497620284557343,105.46065902709961,-42.30833950355368
1358,13.58,-26.404747446205263,12.420694004850711,19.177301220287372,-135.09196838864045,-35.03008164111954,-119.33715467556654,2200.0,-20.0,-2.5466400384902954,105.45168876647949,-42.31697793957693
1359,13.59,-26.42150812203123,12.462871477497087,19.217911441397394,-127.9201611837193,-16.670063091719097,-139.62071746040417,2200.0,-20.0,-14.710795879364014,105.44271850585938,-42.31146155435125
1360,13.6,-26.437807682032773,12.504174370063296,19.25779873964621,-126.6582283422229,2.547997229067009,-157.10126360650514,2200.0,-20.0,-20.0,105.43374824523926,-42.29267314731203
1361,13.61,-26.453695318519767,12.544586109762568,19.29695364817204,-130.33832411865797,21.30121802791335,-175.37863966432514,2200.0,-20.0,-20.0,105.42477798461914,-42.263002970151135
1362,13.620000000000001,-26.46922100752666,12.584091837157334,19.335368063881084,-140.61265254341157,38.05078357857337,161.80745119861254,2200.0,-20.0,-20.0,105.41580772399902,-42.22596580011175
1363,13.63,-26.48443541516854,12.62267842503934,19.373035249477468,-161.34216956572837,49.68071341701956,129.49730464889532,2200.0,-20.0,-20.0,105.4068374633789,-42.1857495311533
1364,13.64,-26.49938979947888,12.660334489826646,19.4099498257284,169.15147301732443,51.12799899127536,88.66552363442923,2200.0,-20.0,2.2321896255016327,105.39786720275879,-42.146741257778864
1365,13.65,-26.514135895781862,12.697050393650883,19.446107778292685,145.7427487855393,41.546935969402625,53.600288091904346,2200.0,20.0,20.0,105.38889694213867,-42.113012481610646
1366,13.66,-26.52872584648183,12.732818229706412,19.481506334436997,133.529828319055,25.88161139733171,28.73939895310284,2200.0,20.0,20.0,105.37992668151855,-42.08809856346065
1367,13.67,-26.543212058677515,12.767631806324527,19.5161441506272,128.71248127766793,7.840084917249358,9.311174243332353,2200.0,20.0,20.0,105.37095642089844,-42.07459760239197
1368,13.68,-26.557647106677614,12.801486821351682,19.550021357369143,129.00947566517283,-10.788595623439896,-8.693045763635308,2200.0,20.0,20.0,105.36198616027832,-42.07381738168423
1369,13.69,-26.572083687718102,12.83438082629992,19.583139587235973,134.6106271475482,-28.71253677089339,-28.56217723645177,2200.0,20.0,20.0,105.3530158996582,-42.08576943779193
1370,13.700000000000001,-26.58657452542839,12.866313233832802,19.61550192959338,148.28147552438426,-43.95010147024926,-54.636610966417614,2200.0,20.0,20.0,105.34404563903809,-42.10915057840097
1371,13.71,-26.6011722727527,12.897285271530558,19.64711285303591,173.8065681071458,-52.31246780547488,-91.61075599555325,2200.0,20.0,20.0,105.33507537841797,-42.14144480213006
1372,13.72,-26.615929413589786,12.927299949964302,19.677978143881294,-156.52940311194337,-48.9762694602694,-132.40843612303263,2200.0,20.0,20.0,105.32610511779785,-42.17914242873817
1373,13.73,-26.63089816295608,12.956362046935633,19.708104869075598,-137.35266281364693,-35.9726799740072,-162.99260981038404,2200.0,20.0,0.9858404099941254,105.31713485717773,-42.21807662356535
1374,13.74,-26.64613035971996,12.98447810866295,19.737501365258144,-128.25829501636287,-18.44274001867238,175.49497474655814,2200.0,20.0,5.755959749221801,105.30816459655762,-42.25385881657404
1375,13.75,-26.661677360752513,13.011656459652249,19.766177241499385,-125.34850163019874,0.8170754015911166,157.95899171401948,2200.0,20.0,16.06900930404663,105.2991943359375,-42.282392604118414
1376,13.76,-26.67758994365947,13.037907191506319,19.794143374987133,-127.34257396423735,20.400132445152874,140.74429026685706,2200.0,20.0,20.0,105.29022407531738,-42.30040688988466
1377,13.77,-26.69391820718911,13.063242151600837,19.82141190152857,-135.7856686460039,38.93016047537853,119.93075993924494,2200.0,20.0,20.0,105.28125381469727,-42.30598257601885
1378,13.780000000000001,-26.710711469425537,13.087674924310475,19.847996205826323,-156.28631412332737,53.42419854934546,88.66642063734422,2200.0,20.0,18.698298931121826,105.27228355407715,-42.29895915235989
1379,13.790000000000001,-26.728018169063848,13.111220813079457,19.873910914562614,168.0758741305037,57.0201556479571,43.11498494410287,2200.0,20.0,20.0,105.26331329345703,-42.28116342168842
1380,13.8,-26.745885770158594,13.133896819707672,19.899171884301367,138.89767762851926,46.504852842235195,4.2985367243018064,2200.0,20.0,20.0,105.25434303283691,-42.25639891149512
1381,13.81,-26.764360673070044,13.155721616046131,19.92379617891415,125.01731166117212,28.608789638906394,-19.535580860477772,2200.0,20.0,20.0,105.2453727722168,-42.230151341846685
1382,13.82,-26.783488129943994,13.176715508561914,19.94780203421752,119.52449268270433,8.032562207481421,-36.14057276145627,2200.0,-14.716885089874268,20.0,105.23640251159668,-42.20900783499002
1383,13.83,-26.803312176652508,13.196900391606324,19.97120882023788,118.98573770841995,-13.462651886048944,-50.54628201519231,2200.0,-20.0,20.0,105.22743225097656,-42.1998126349155
1384,13.84,-26.823875564778835,13.216299680100285,19.99403697724538,123.56936904938475,-34.85402434540555,-66.44791974692318,2200.0,-20.0,20.0,105.21846199035645,-42.20860088603933
1385,13.85,-26.845219701170617,13.234938276742007,20.016307943553702,138.37085943456887,-54.37027901374342,-90.55446455185962,2200.0,-20.0,20.0,105.20949172973633,-42.23971284610682
1386,13.86,-26.86738456280816,13.252842505378123,20.038044118212035,178.37671111794316,-65.38599070582383,-138.70894341427754,2200.0,-20.0,20.0,105.20052146911621,-42.29482118317766
1387,13.870000000000001,-26.890408607847988,13.27004007579388,20.0592688347157,-136.67677919536106,-56.97325793458064,168.80402017791607,2200.0,-20.0,20.0,105.1915512084961,-42.372384724906105
1388,13.88,-26.914328690043064,13.286560039812912,20.0800063314322,-118.3055051825684,-37.54213142364808,143.04143205029615,2200.0,-20.0,20.0,105.18258094787598,-42.46755321895795
1389,13.89,-26.939179979184747,13.302432742234192,20.100281715190178,-111.56199428209196,-15.127523690995405,128.50741217046198,2200.0,12.796685695648193,20.0,105.17361068725586,-42.5726222590054
1390,13.9,-26.96499589957454,13.317689755631958,20.1201209340117,-109.65969246048715,8.258860720859936,117.46696507862268,2200.0,20.0,20.0,105.16464042663574,-42.67797119592234
1391,13.91,-26.991808090596923,13.332363831931305,20.139550677992755,-111.45965413011005,31.917821575587904,106.48491043991693,2200.0,20.0,20.0,105.15567016601562,-42.77363604581816
1392,13.92,-27.019646355377034,13.346488798191391,20.158598389978902,-120.1584339763681,55.080240245488554,90.60551158208204,2200.0,20.0,20.0,105.14669990539551,-42.85069873260966
1393,13.93,-27.048538598077258,13.360099535391704,20.177292135677536,-159.21209000254726,73.58892417575976,45.55619952682862,2200.0,20.0,20.0,105.13772964477539,-42.903269512395546
1394,13.94,-27.07851074553148,13.373231894314932,20.195660612973636,126.90785805764075,66.42098250298955,-33.58071331304381,2200.0,20.0,20.0,105.12875938415527,-42.929591407581704
1395,13.950000000000001,-27.109586674426346,13.385922647802488,20.213733107722096,107.50708927156242,44.14109832437967,-57.79368959351089,2200.0,20.0,20.0,105.11978912353516,-42.932796353659725
1396,13.96,-27.14178816712322,13.398209425626105,20.23153944303573,101.72180563637005,19.794786900554165,-68.20439659782153,2200.0,20.0,20.0,105.11081886291504,-42.92081643106602
1397,13.97,-27.175134885066274,13.410130644446893,20.249109919277373,99.59952708068055,-5.11613968290433,-75.10950784128661,2200.0,20.0,20.0,105.10184860229492,-42.90541877534434
1398,13.98,-27.209644351310974,13.421725435522005,20.266475249134466,99.37997024927783,-30.275924441066042,-81.01237313958212,2200.0,20.0,20.0,105.0928783416748,-42.90045121904992
1399,13.99,-27.245331936458705,13.433033571633985,20.283666491151383,101.74058227344798,-55.52689579767293,-87.96731578749562,2200.0,20.0,20.0,105.08390808105469,-42.91954549098635
1400,14.0,-27.282210845309486,13.44409539319912,20.300714983516357,121.63152319942506,-80.18344496653518,-111.48401441741203,2200.0,20.0,20.0,105.07493782043457,-42.97365220834311
1401,14.01,-27.320292103113022,13.454951733207432,20.31765227915163,-102.14889855565336,-72.42947311457877,109.39313427895335,2200.0,20.0,20.0,105.06596755981445,-43.068851252298806
1402,14.02,-27.359584540510998,13.46564384065059,20.334510082844595,-93.16526768690161,-47.12328017174623,98.1448620104544,2200.0,20.0,20.0,105.05699729919434,-43.204870980601314
1403,14.030000000000001,-27.400094776358138,13.476213302308466,20.3513201909311,-90.71319571229567,-21.481489754946484,94.11686001299626,2200.0,20.0,20.0,105.04802703857422,-43.37465465706512
1404,14.040000000000001,-27.44139196063399,13.48672308472519,20.368114619809568,-89.17333855503183,4.251595768377459,91.94855765921342,805.6361083984375,20.0,20.0,105.04474210739136,-43.250081439305355
1405,14.05,-27.48301537620676,13.497226141618484,20.384912632499997,-87.33269703043189,30.011306624001314,91.25115543276813,717.31005859375,20.0,20.0,105.04181718826294,-43.385947656634386
1406,14.06,-27.525058076570115,13.507733731339366,20.40172714105146,-83.26550360704958,55.691170766054334,93.51118539685297,1104.9222412109375,20.0,20.0,105.03731203079224,-43.61097493887333
1407,14.07,-27.567789008510502,13.518269507282833,20.418586864792935,-57.25003289995851,80.23559593556689,118.3273047994445,1583.712158203125,20.0,20.0,105.03085470199585,-43.835446639642264
1408,14.08,-27.611545193201895,13.528881844177894,20.435541340119826,68.79122028510443,71.09709896283697,-116.1966996344746,2200.0,20.0,20.0,105.02188444137573,-44.06258648208207
1409,14.09,-27.656511442290626,13.539622336130298,20.452637274532155,78.23566310433925,45.69421834664697,-106.52109724976604,2200.0,20.0,20.0,105.01291418075562,-44.120703778081115
1410,14.1,-27.702678414218795,13.550534074054983,20.469905986889234,79.74490052230271,19.95851020214304,-103.6010395276712,2200.0,20.0,20.0,105.0039439201355,-44.13800732561684
1411,14.11,-27.750034613384223,13.561658487910298,20.48737800579875,78.87811142532594,-5.733729039954395,-100.98365793829579,2200.0,20.0,20.0,104.99497365951538,-44.12758659822932
1412,14.120000000000001,-27.79856632654748,13.573036641516032,20.50508344731059,75.37044964547309,-31.153720056929934,-96.48130752438735,2200.0,20.0,20.0,104.98600339889526,-44.108678511074004
1413,14.13,-27.84825765839837,13.584709161901388,20.52305195732211,64.87048822901123,-55.5994914810851,-85.10183171704297,2200.0,20.0,20.0,104.97703313827515,-44.10341653019864
1414,14.14,-27.899090572506232,13.59671616976346,20.54131265458419,19.456272054888604,-73.78933899701855,-38.572051756510305,2200.0,20.0,20.0,104.96806287765503,-44.13286550892541
1415,14.15,-27.95104493553175,13.60909721000197,20.55989407478162,-49.939507004720305,-63.61598783084829,32.490876546869345,2200.0,20.0,20.0,104.95909261703491,-44.21305528771427
1416,14.16,-28.004098562202202,13.621891181098572,20.57882411604846,-66.16523970996691,-40.29665310643421,51.36075557821602,2200.0,20.0,20.0,104.9501223564148,-44.351764902581245
1417,14.17,-28.05822725897475,13.635136262331608,20.59812998612215,-69.99075436703895,-15.453102215372422,59.55495253764261,2200.0,20.0,20.0,104.94115209579468,-44.54670397643066
1418,14.18,-28.113404865590187,13.648869838568011,20.617838151225854,-69.17146090794907,9.45454259135772,66.42754276443061,2200.0,20.0,20.0,104.93218183517456,-44.7855014452682
1419,14.19,-28.169603295460238,13.66312842349982,20.63797428674064,-63.52616081285297,33.67209770151869,76.00425845722727,2200.0,20.0,20.0,104.92321157455444,-45.04758410452171
1420,14.200000000000001,-28.226792577259413,13.677947583209088,20.65856322974682,-46.670014823000926,55.31099780192818,96.04496712663142,2200.0,20.0,20.0,104.91424131393433,-45.30766861061245
1421,14.21,-28.284940900463063,13.69336186229001,20.67962893350064,-0.10267938144570027,65.83823166275826,145.7680409042615,2200.0,20.0,20.0,104.90527105331421,-45.5402694512451
1422,14.22,-28.344014666791168,13.709404714290677,20.701194423843916,43.545125748823466,53.87599315490607,-166.88736945969296,2200.0,20.0,20.0,104.89630079269409,-45.724406521374036
1423,14.23,-28.403978548261463,13.726108437390268,20.72328175747497,58.31197367927483,32.200077023584996,-147.19131744871908,2200.0,20.0,20.0,104.88733053207397,-45.847626571476994
1424,14.24,-28.464795551645423,13.743504115566479,20.745911982016676,62.22413488716088,8.545896508201581,-135.95887355177928,2200.0,20.0,20.0,104.87836027145386,-45.90855257190053
1425,14.25,-28.526427088834104,13.761621565225205,20.76910509791756,60.43266831734685,-15.147213355379128,-125.60078271365288,2200.0,20.0,20.0,104.86939001083374,-45.91743064229327
1426,14.26,-28.58883305263737,13.780489287111994,20.792880022343997,51.80081298269837,-37.46218590431214,-111.05471756077593,2200.0,20.0,20.0,104.86041975021362,-45.894510851069306
1427,14.27,-28.651971897412356,13.800134422959447,20.817254555254117,28.72188907473272,-54.88317444833121,-83.09811813426124,2200.0,20.0,20.0,104.8514494895935,-45.866507818261546
1428,14.280000000000001,-28.71580072351167,13.820582715659874,20.842245347724685,-13.650175188816052,-57.84967570950032,-35.970918564029475,2200.0,20.0,20.0,104.84247922897339,-45.86176114821367
1429,14.290000000000001,-28.780275364080747,13.841858471034648,20.86786787237421,-43.06194738985878,-43.637860356803024,-1.1636649818328286,2200.0,20.0,20.0,104.83350896835327,-45.90498042275384
1430,14.3,-28.845350472550482,13.863984518921848,20.89413639551982,-54.245322175063585,-22.615608396463873,17.01312536726896,2200.0,20.0,20.0,104.82453870773315,-46.0125602409826
1431,14.31,-28.910979609472196,13.88698217169294,20.92106395067536,-56.703350455699336,0.08517594774310011,29.71160463928374,2200.0,20.0,20.0,104.81556844711304,-46.18936374105581
1432,14.32,-28.976967812308022,13.910595722719126,20.94845576523637,-52.88930708017668,22.480132283024947,42.91565224589792,1001.4181518554688,20.0,20.0,104.81148529052734,-46.152239507019736
1433,14.33,-29.043086660028177,13.93446947908941,20.976039685761794,-40.09739092881359,42.38906661387028,62.55171100759935,592.8968505859375,20.0,20.0,104.80906772613525,-46.303761558254536
1434,14.34,-29.109290780334874,13.958541603737055,21.003768625349235,-11.033034092427934,54.39917164686635,97.43759157860141,717.771728515625,20.0,20.0,104.8061408996582,-46.58095466300774
1435,14.35,-29.175632487089963,13.982985172262207,21.03177086760245,25.460276767348827,50.30406211041448,139.6956161706768,1300.8778076171875,20.0,20.0,104.80083656311035,-46.950997522706786
1436,14.36,-29.24220724929355,14.008165294177854,21.06031614748924,45.751707922791994,33.64252511704294,166.59262635844158,2200.0,20.0,20.0,104.79186630249023,-47.365364228831154
1437,14.370000000000001,-29.309041009413487,14.034309556297288,21.089571706733427,53.26742300289921,12.449315556019961,-177.21236399345415,2200.0,20.0,20.0,104.78289604187012,-47.53671657838988
1438,14.38,-29.376080211765675,14.061428384653878,21.11954105695281,53.510042877713154,-9.784313506252674,-163.9423946627713,2200.0,20.0,20.0,104.77392578125,-47.63609224991007
1439,14.39,-29.443272782196114,14.089529501122787,21.15022663996873,46.73606953160923,-31.08653292685158,-148.23180033248394,2200.0,20.0,20.0,104.76495552062988,-47.66774585900027
1440,14.4,-29.510566358728298,14.118618824954028,21.18162952747882,28.197004107408638,-48.262172941004636,-122.89062687413876,2200.0,20.0,20.0,104.75598526000977,-47.64820148751989
1441,14.41,-29.577908389123337,14.14870047297641,21.213749421140694,-6.415827134943848,-53.908543534725794,-82.31313398379314,2200.0,20.0,20.0,104.74701499938965,-47.603194232507185
1442,14.42,-29.645246229233653,14.17977676459229,21.24658465564107,-36.572775618203906,-43.46031912642688,-46.10024429267843,2200.0,20.0,20.0,104.73804473876953,-47.562895331009905
1443,14.43,-29.712527241853834,14.21184822919929,21.280132204337445,-50.52059188819045,-24.324824801259854,-25.02319109462064,2200.0,20.0,20.0,104.72907447814941,-47.55631770527082
1444,14.44,-29.779698895848274,14.244913613279495,21.314387686843368,-54.88889564830908,-2.370037886221243,-10.938869241829664,2200.0,20.0,20.0,104.7201042175293,-47.60595294599138
1445,14.450000000000001,-29.846708865420307,14.278969884863677,21.34934537795075,-52.752218591345255,19.965742297603043,2.316190159312822,2200.0,20.0,20.0,104.71113395690918,-47.723644029412775
1446,14.46,-29.91350512937448,14.314012234501913,21.384998217603773,-42.229200222117164,40.62376020741027,20.482226216845167,2200.0,20.0,20.0,104.70216369628906,-47.908459893793044
1447,14.47,-29.980036070052453,14.35003407386944,21.42133782214552,-15.628372960672761,54.87653560538957,53.05298594520319,2200.0,20.0,20.0,104.69319343566895,-48.14695514294441
1448,14.48,-30.04625057138754,14.387027034853924,21.458354497481412,23.685980511456545,53.47185192806372,97.71009639021376,2200.0,20.0,20.0,104.68422317504883,-48.41574524451589
1449,14.49,-30.112098115407182,14.424980972516831,21.496037254884094,47.55197070152984,37.555337517603185,127.12685856549008,2200.0,20.0,20.0,104.67525291442871,-48.68589214360193
1450,14.5,-30.177528876603965,14.463883974512818,21.53437382987214,56.950706189855744,16.081481473446292,143.28309996584275,2200.0,20.0,20.0,104.6662826538086,-48.92826041497233
1451,14.51,-30.242493813798855,14.503722378120095,21.57335070417306,58.94606782470065,-7.004939936661177,154.97858448920866,2200.0,20.0,20.0,104.65731239318848,-49.118832876185884
1452,14.52,-30.30694475927224,14.544480794927495,21.612953130527092,54.81390583696525,-30.007148829886145,167.52782006674954,2200.0,20.0,20.0,104.64834213256836,-49.242997597531414
1453,14.530000000000001,-30.370834504984515,14.58614214279007,21.653165160103978,39.99249561652039,-50.71950094068653,-171.82243855980016,2200.0,20.0,20.0,104.63937187194824,-49.29802801282175
1454,14.540000000000001,-30.43411689074275,14.62868768781492,21.69396967384184,1.4372991799944657,-61.94493637172895,-128.72747751674598,2200.0,-20.0,20.0,104.63040161132812,-49.2933338297733
1455,14.55,-30.496746844257814,14.672097104245308,21.73534842562918,-40.8131113573927,-53.10340972728237,-82.42972360926602,2200.0,-20.0,20.0,104.62143135070801,-49.248459573582196
1456,14.56,-30.55868048949857,14.716348545315752,21.777282092258357,-58.62470131700944,-32.77949054524286,-60.38036274278206,2200.0,-20.0,20.0,104.61246109008789,-49.18930679830767
1457,14.57,-30.619875220857672,14.761418671159937,21.81975028869312,-64.79667336612259,-9.290731792908021,-48.88825486530611,2200.0,-20.0,20.0,104.60349082946777,-49.14328877552579
1458,14.58,-30.680289797387953,14.8072826827394,21.862731618681927,-65.40374136462502,15.042438836365939,-40.156035783099625,2200.0,-20.0,20.0,104.59452056884766,-49.13428801611746
1459,14.59,-30.73988443537791,14.853914338449613,21.90620370089312,-60.409784885033034,39.15422540783348,-29.55023554424743,2200.0,-20.0,20.0,104.58555030822754,-49.178440887521575
1460,14.6,-30.79862088854928,14.901285991983544,21.950143208758902,-41.66170445117066,60.91699834028734,-7.092986672918616,2200.0,-20.0,20.0,104.57658004760742,-49.28145307009832
1461,14.61,-30.856462520675024,14.949368637884623,21.99452591347121,16.59430876736857,69.04904905091416,53.85674536846467,2200.0,-20.0,20.0,104.5676097869873,-49.437893461966546
1462,14.620000000000001,-30.91337437209173,14.998131963418263,22.039326728364426,57.85518567820725,52.81701939930068,97.33798884955317,2200.0,-20.0,20.0,104.55863952636719,-49.632532010031106
1463,14.63,-30.969323220229022,15.047544406537362,22.084519754455968,69.88908797303772,29.311197997078242,111.57819706813095,2200.0,-18.041954040527344,20.0,104.54966926574707,-49.84340475015789
1464,14.64,-31.02427763411814,15.097573219242022,22.130078327941796,73.84172923224577,4.341086292148326,118.32519865306814,2200.0,-0.8437055349349976,20.0,104.54069900512695,-50.04597951860606
1465,14.65,-31.078208022478602,15.148184534021187,22.1759750734533,74.16971495183277,-21.02726430973735,123.26136134732364,2200.0,20.0,20.0,104.53172874450684,-50.21760255577406
1466,14.66,-31.13108667406411,15.199343452535153,22.222181930673315,70.43504413910271,-46.32405642561953,129.7654467665632,2200.0,20.0,20.0,104.52275848388672,-50.341549805495404
1467,14.67,-31.18288782779822,15.2510140686917,22.268670252744524,52.070920582328675,-70.27716404439981,149.5354282447985,2200.0,20.0,20.0,104.5137882232666,-50.40963387062806
1468,14.68,-31.233587746562836,15.303159542803558,22.31541082877808,-43.93537666724383,-75.26174362887541,-113.88977760935732,2200.0,20.0,20.0,104.50481796264648,-50.42329667776164
1469,14.69,-31.283164744263583,15.355742161234001,22.36237393797442,-74.8630516851535,-52.60462396278059,-82.94876093035694,2200.0,20.0,20.0,104.49584770202637,-50.39292806369302
1470,14.700000000000001,-31.331599203159982,15.408723426711752,22.40952939936681,-81.35253854503276,-27.28139608134763,-76.82623227773293,2200.0,20.0,20.0,104.48687744140625,-50.33560967093862
1471,14.71,-31.3788735857906,15.462064147468654,22.456846625800633,-83.77566281616004,-1.565435755713038,-75.01307093265548,2200.0,20.0,20.0,104.47790718078613,-50.27178532934747
1472,14.72,-31.424972456399974,15.515724520254336,22.504294679802115,-84.78356274402722,24.25840029099856,-74.68489799420296,2200.0,20.0,20.0,104.46893692016602,-50.22151320686088
1473,14.73,-31.469882512108203,15.569664206789808,22.551842332183345,-84.88237122627001,50.10561664401816,-74.88236302985965,2200.0,20.0,20.0,104.4599666595459,-50.200992996250335
1474,14.74,-31.51359262004079,15.623842405237024,22.599458123375616,-82.58240993296698,75.9242632835117,-73.58782416435501,2200.0,20.0,20.0,104.45099639892578,-50.21997056583492
1475,14.75,-31.556093855115638,15.678217919160906,22.64711042666608,88.45908244589424,78.19028875020571,95.7397987680483,2200.0,20.0,20.0,104.44202613830566,-50.28042770178693
1476,14.76,-31.597379533601774,15.732749226178257,22.69476751213316,91.92059029798834,52.46171209334838,96.80675410485341,2200.0,20.0,20.0,104.43305587768555,-50.37670803577664
1477,14.77,-31.63744523891633,15.787394547938403,22.742397609912405,92.9743819081233,26.77995332297209,94.65961508787542,2200.0,20.0,20.0,104.42408561706543,-50.49696350525906
1478,14.780000000000001,-31.676288837950764,15.842111922233432,22.789968971921,94.1390511106356,1.1927461317029562,91.43615959918354,2200.0,20.0,20.0,104.41511535644531,-50.625577673046955
1479,14.790000000000001,-31.713910488387977,15.896859279748137,22.83744992810711,96.16298709754507,-24.243450611073605,86.8360566813798,2200.0,-20.0,20.0,104.4061450958252,-50.746087573613245
1480,14.8,-31.750312643462994,15.951594511374985,22.884808952129777,100.92855817716668,-49.36290022312337,79.054911515991,2200.0,-20.0,20.0,104.39717483520508,-50.8440161300925
1481,14.81,-31.785500023866796,16.006275562698452,22.93201470815713,120.74712281022254,-73.07134625351722,55.75178612734713,2200.0,-20.0,17.648611068725586,104.38820457458496,-50.90910793305396
1482,14.82,-31.81947956600046,16.060860510211015,22.97903606841547,-133.4586459390044,-75.34428644418605,-54.099306604160226,2200.0,-20.0,8.911659121513365,104.37923431396484,-50.93688292489475
1483,14.83,-31.852260390295612,16.11530765369412,23.025842185630363,-109.00583831983815,-52.355417759136444,-83.38144283512486,2200.0,-20.0,4.875499606132506,104.37026405334473,-50.92887637359836
1484,14.84,-31.883853791051735,16.16957558959383,23.072402553760224,-104.63220326874594,-27.809631127010757,-93.73501983800121,2200.0,-20.0,-0.9617801010608674,104.36129379272461,-50.891948013023175
1485,14.85,-31.914273244903086,16.223623292295926,23.118687076074046,-104.35769958886067,-3.2462400565707816,-101.91362541333339,2200.0,-20.0,-15.3124475479126,104.35232353210449,-50.83677074296844
1486,14.86,-31.943534431796127,16.27741017431991,23.164666153287705,-106.8902329860952,20.98059963384679,-111.038244298386,2200.0,-20.0,-20.0,104.34335327148438,-50.77572704422271
1487,14.870000000000001,-31.971655223216022,16.330896183672703,23.2103107272806,-114.30483958754584,44.31468066732807,-124.46189938208468,2200.0,-20.0,-20.0,104.33438301086426,-50.72089884851511
1488,14.88,-31.998655654652342,16.384041840639867,23.255592354413174,-137.33744409607283,64.44564415063626,-153.4913748952696,2200.0,-20.0,-20.0,104.32541275024414,-50.682029663058216
1489,14.89,-32.024557865311024,16.436808322528798,23.300483229268274,161.18360659600322,68.98994410484518,138.66395628684802,2200.0,-20.0,-20.0,104.31644248962402,-50.665279682549446
1490,14.9,-32.04938602718138,16.4891575289399,23.34495622222275,126.13089709444205,52.25442280774527,96.4943458758313,2200.0,-20.0,-15.174455642700195,104.3074722290039,-50.672572022202736
1491,14.91,-32.073166284997626,16.541052149438325,23.38898491885163,116.25302523093336,30.30340303988356,78.21550911743036,2200.0,-20.0,12.587473392486572,104.29850196838379,-50.70168846341857
1492,14.92,-32.09592671050857,16.592455750191228,23.432543669216088,113.93522787532407,7.558053176555392,65.28348253917704,2200.0,-2.026539444923401,20.0,104.28953170776367,-50.7470156587512
1493,14.93,-32.11769728559233,16.643332838397043,23.47560765259122,115.87962542055921,-14.928993267587833,52.4758130594546,2200.0,20.0,20.0,104.28056144714355,-50.80077444346136
1494,14.94,-32.13850983226697,16.69364892994193,23.518152915117224,123.11758877760873,-36.25730822369896,36.11447030841172,2200.0,20.0,20.0,104.27159118652344,-50.854382982925124
1495,14.950000000000001,-32.15839797846069,16.743370591276783,23.56015645767903,141.58601964124432,-54.17648638011337,9.135993412333187,2200.0,20.0,20.0,104.26262092590332,-50.899824725692376
1496,14.96,-32.17739708735581,16.792465527271816,23.601596255116792,-179.2388559948807,-61.584646441379206,-38.58060148638484,2200.0,20.0,20.0,104.2536506652832,-50.93077596653277
1497,14.97,-32.1955441879319,16.840902620366702,23.642451288291177,-143.3135511586687,-52.13710967131133,-83.59539255055356,2200.0,20.0,20.0,104.24468040466309,-50.94336393448232
1498,14.98,-32.21287788792083,16.888651987479136,23.68270156108015,-127.83825408112116,-34.14243775217452,-109.29343645707014,2200.0,20.0,20.0,104.23571014404297,-50.93647389193521
1499,14.99,-32.22943828469091,16.9356850303883,23.722328119269495,-122.54226047775101,-13.833338545583791,-126.8193104330817,2200.0,20.0,20.0,104.22673988342285,-50.91162866382341
1500,15.0,-32.24526688175701,16.98197448857951,23.7613130778473,-122.66751132655224,6.76419150388282,-142.51135424082563,2200.0,20.0,20.0,104.21776962280273,-50.872517540705175
1501,15.01,-32.260406510963904,17.02749449410532,23.799639657172992,-127.81853517079504,26.50094162082057,-160.04663678683391,2200.0,20.0,20.0,104.20879936218262,-50.824290754509576
1502,15.02,-32.274901258350965,17.0722206269136,23.837292225779155,-140.75406020501592,43.63706952600295,176.06549321370423,2200.0,20.0,20.0,104.1998291015625,-50.772749451693024
1503,15.030000000000001,-32.28879639077058,17.11612996856024,23.87425634606265,-166.7296747392413,54.06381837063324,139.6427933933743,2200.0,20.0,20.0,104.19085884094238,-50.723553860341326
1504,15.040000000000001,-32.302138281040094,17.15920115246308,23.910518818302148,160.53032074604187,51.96500696183274,96.33016650925956,2200.0,20.0,18.764162063598633,104.18188858032227,-50.68154950198826
1505,15.05,-32.31497432893815,17.20141440923769,23.946067719379702,139.46474097210373,39.129448641128604,63.983129702641904,2200.0,20.0,-5.943674445152283,104.17291831970215,-50.65027652797483
1506,15.06,-32.327352873369954,17.24275160485979,23.98089242653596,129.98457029978454,21.679285225248226,41.78167044041519,2200.0,-9.897802472114563,-17.406013011932373,104.16394805908203,-50.63170138635766
1507,15.07,-32.33932310335387,17.28319622094852,24.014983625506414,127.18220890103632,2.7951694719183897,23.660897117446275,2200.0,-20.0,-11.466422080993652,104.15497779846191,-50.62610623071762
1508,15.08,-32.35093496184385,17.322733435777845,24.048333281333257,129.3224414424864,-16.02605753474839,5.741077020450232,2200.0,-20.0,1.1899523437023163,104.1460075378418,-50.63229896405574
1509,15.09,-32.36223899517751,17.36135010244957,24.080934685121555,137.29868296216185,-33.419362774249386,-15.43130321093014,2200.0,-20.0,4.800966382026672,104.13703727722168,-50.647695334335594
1510,15.1,-32.37328633108819,17.399034803326458,24.112782412073802,154.4757663205496,-46.8964736395253,-44.522938607396675,2200.0,-20.0,11.912065744400023,104.12806701660156,-50.668925212677514
1511,15.11,-32.38412854568567,17.43577787953047,24.143872399324405,-177.66426495754888,-51.73665363004957,-83.80200050295824,2200.0,-20.0,19.435038566589355,104.11909675598145,-50.692055718082166
1512,15.120000000000001,-32.394817595802735,17.47157146408165,24.17420193798669,-151.28613157415853,-45.03358030621579,-121.70605934342093,2200.0,-20.0,7.946804165840149,104.11012649536133,-50.713127195227614
1513,15.13,-32.40540569349393,17.50640946650083,24.203769687239554,-136.11067705109298,-30.695010222490644,-149.13466935625803,2200.0,-20.0,4.913786053657532,104.10115623474121,-50.728447628066625
1514,15.14,-32.415945238400354,17.540287600199377,24.232575653962844,-129.42494302555107,-13.108613830651507,-169.65016718475593,2200.0,-20.0,6.724347472190857,104.0921859741211,-50.735135529455384
1515,15.15,-32.426488702165955,17.573203393290477,24.260621232766944,-128.25015982232478,5.534432159466063,172.3269415903915,2200.0,-20.0,7.5244468450546265,104.08321571350098,-50.73132068157689
1516,15.16,-32.4370885421679,17.605156205700016,24.28790922363905,-132.09357287475117,23.91574700465685,153.4659636606951,2200.0,-20.0,20.0,104.07424545288086,-50.716378774417386
1517,15.17,-32.44779711065596,17.63614722671289,24.314443825889253,-142.99517722092307,40.3877617359475,129.8217508705967,2200.0,-20.0,20.0,104.06527519226074,-50.6910581184934
1518,15.18,-32.458666555353766,17.666179458762183,24.340230616531926,-165.34457813336974,51.47107377697156,95.94993923878593,2200.0,20.0,20.0,104.05630493164062,-50.65747760541218
1519,15.19,-32.46974876030632,17.69525766529469,24.365276491274283,163.6929959069172,51.61648188342167,53.9921048050109,2200.0,20.0,20.0,104.04733467102051,-50.61898039913023
1520,15.200000000000001,-32.4810952261748,17.72338832502297,24.389589636243503,140.71127430879315,40.540420377490435,19.957032957661358,2200.0,20.0,20.0,104.03836441040039,-50.57988544691737
1521,15.21,-32.492756944889564,17.750579685903514,24.413179541517074,129.22544723890115,23.63236875357597,-3.3105797549435088,2200.0,20.0,20.0,104.02939414978027,-50.54506396438123
1522,15.22,-32.50478431680292,17.776841754029316,24.43605702477314,124.83104064062286,4.41994947323851,-21.236493489490684,2200.0,20.0,20.0,104.02042388916016,-50.51938016931164
1523,15.23,-32.51722705481086,17.802186308944968,24.458234232369282,125.41874094365879,-15.469989696320436,-37.87350907992653,2200.0,20.0,20.0,104.01145362854004,-50.50710329963863
1524,15.24,-32.530134103764865,17.826626871410006,24.479724599100336,131.73144985495765,-34.79260861886271,-56.88332043603127,2200.0,20.0,20.0,104.00248336791992,-50.51130681793376
1525,15.25,-32.54355356353781,17.850178661348348,24.500542796847913,148.46796141411787,-51.228723144545306,-84.43251136988255,2200.0,20.0,20.0,103.99351286888123,-50.53333686288524
1526,15.26,-32.557532611574935,17.87285855578194,24.520704682712687,-177.47416306808026,-58.63934318752141,-128.26506851154306,2200.0,20.0,20.0,103.98454236984253,-50.57244604364134
1527,15.27,-32.57211742254373,17.894685048992084,24.54022725303797,-143.24214585389666,-50.91029283436337,-171.83006999867527,2200.0,20.0,20.0,103.97557187080383,-50.6256735917335
1528,15.280000000000001,-32.587353084905786,17.915678215030802,24.559128603719596,-126.08461226461644,-33.782705573323994,161.56253082910627,2200.0,20.0,20.0,103.96660137176514,-50.68803764064959
1529,15.290000000000001,-32.60328351485387,17.935859671173574,24.57742789639888,-119.07860938205329,-13.26715444514684,144.25825313466316,2200.0,20.0,20.0,103.95763087272644,-50.753061623248215
1530,15.3,-32.61995136860482,17.955252541292044,24.5951453291989,-117.43242107583413,8.437499095161565,130.16365497013444,2200.0,20.0,20.0,103.94866037368774,-50.81360615731178
1531,15.31,-32.637397954589645,17.97388141813228,24.612302110035447,-120.4552974172063,30.307139844218867,115.57528053777072,2200.0,20.0,20.0,103.93968987464905,-50.86291967466013
1532,15.32,-32.65566314765784,17.99177232337143,24.62892042989891,-131.71760044279054,51.00944336717374,95.01335194846179,2200.0,20.0,20.0,103.93071937561035,-50.89576732907699
1533,15.33,-32.67478530753302,18.00895266438214,24.6450234334075,-165.71863261217868,65.68221995254652,53.01562642366611,2200.0,20.0,20.0,103.92174887657166,-50.909459370018745
1534,15.34,-32.69480120315702,18.025451187074175,24.66063518466569,142.23334935927465,61.37342385940059,-6.305077389842384,2200.0,20.0,20.0,103.91277837753296,-50.904587748216
1535,15.35,-32.715745943567775,18.041297924815797,24.675780627651914,119.14517450361309,42.73413013543358,-36.3857463928827,2200.0,20.0,20.0,103.90380787849426,-50.885300985904664
1536,15.36,-32.73765291519413,18.056524143872867,24.69048554132412,111.0017323032178,20.324977574921736,-51.71996103631383,2200.0,20.0,20.0,103.89483737945557,-50.859004709433535
1537,15.370000000000001,-32.760553725219005,18.071162285852623,24.704776490031552,108.32097151694131,-3.2147363020983786,-62.54684204232309,2200.0,20.0,20.0,103.88586688041687,-50.83546369784016
1538,15.38,-32.7844781506866,18.085245907419093,24.71868076978873,109.09017916947491,-27.13497744911388,-72.58868981381241,2200.0,15.278105735778809,20.0,103.87689638137817,-50.825388329913615
1539,15.39,-32.80945409337786,18.098809617020517,24.73222635106829,115.10295076606316,-50.86440806824378,-85.6958130761937,2200.0,3.6416691541671753,20.0,103.86792588233948,-50.838694422297536
1540,15.4,-32.835507543042254,18.111889007569545,24.745441818259792,142.37112906070078,-72.0547003044087,-118.78595491741407,2200.0,-5.21020233631134,20.0,103.85895538330078,-50.88271022221676
1541,15.41,-32.86266255524407,18.124520595518636,24.75835630656486,-132.83184443471586,-71.1317207550039,151.3979130563623,2200.0,20.0,20.0,103.84998488426208,-50.96067532989407
1542,15.42,-32.89094118796032,18.13674170975044,24.77099944245039,-107.42866126560703,-49.29398435916421,121.49224435767357,2200.0,20.0,20.0,103.84101438522339,-51.07072613297172
1543,15.43,-32.92036346572923,18.148590500126375,24.783401294204932,-100.83133968317222,-24.861473378781216,110.69028055043533,2200.0,20.0,20.0,103.83204388618469,-51.20587259710506
1544,15.44,-32.95094733441778,18.160105799234888,24.795592314700055,-98.36034650488443,0.15808552237524648,104.0701656721374,2200.0,20.0,20.0,103.823073387146,-51.35468275808534
1545,15.450000000000001,-32.98270862178421,18.17132708485363,24.807603290198738,-97.63987673867587,25.429815078272043,98.81306182741898,2200.0,20.0,20.0,103.8141028881073,-51.503000859724715
1546,15.46,-33.01566100195506,18.182294396866947,24.819465288239186,-98.60926772230367,50.831331179325446,93.44272861755725,2200.0,20.0,20.0,103.8051323890686,-51.63623622404802
1547,15.47,-33.049815956920256,18.19304826361666,24.831209608078385,-106.73177988312077,76.15557037563613,81.90256647807664,2200.0,20.0,20.0,103.79616189002991,-51.7419461572793
1548,15.48,-33.08518274490908,18.20362962781592,24.842867729716325,101.41714299130481,77.41573467192873,-72.63269663778873,2200.0,20.0,20.0,103.78719139099121,-51.812240868542546
1549,15.49,-33.12176837849987,18.214079772208816,24.854471260291916,91.61038022025755,51.9730324569633,-84.46726877840682,2200.0,20.0,20.0,103.77822089195251,-51.84554549147769
1550,15.5,-33.15957761253638,18.224440245287685,24.866051877730396,89.45600270049773,26.259505671354226,-87.92944209413707,2200.0,20.0,20.0,103.76925039291382,-51.84733515976613
1551,15.51,-33.198612940669136,18.234752787335314,24.87764127212083,88.03406982435183,0.4863005937448086,-89.66054292185103,2200.0,20.0,20.0,103.76027989387512,-51.82962240462763
1552,15.52,-33.2388745993264,18.245059256905915,24.889271085448534,86.19466143182765,-25.289065219392295,-89.97650227783218,2200.0,20.0,20.0,103.75130939483643,-51.809196659633145
1553,15.530000000000001,-33.280360578161506,18.255401557639765,24.900972850306154,82.19306879082438,-50.952533820072645,-87.49412154890246,2200.0,20.0,20.0,103.74233889579773,-51.80485430261468
1554,15.540000000000001,-33.32306663578046,18.265821565063703,24.9127779282696,63.362854802439536,-75.67256074013892,-69.63205856967197,2200.0,20.0,20.0,103.73336839675903,-51.83406878083808
1555,15.55,-33.366986318870076,18.276361052809783,24.924717448714226,-58.81640586617081,-74.76258799877179,52.174977500783044,2200.0,20.0,20.0,103.72439789772034,-51.9096902733218
1556,15.56,-33.4121109823073,18.28706161756324,24.936822248829063,-75.51850949892827,-49.943320213915754,69.26873568200972,2200.0,20.0,20.0,103.71542739868164,-52.03730000861759
1557,15.57,-33.45842980802639,18.297964602147697,24.94912281540173,-78.25920577726558,-24.311400971774987,73.53591575280036,2200.0,20.0,20.0,103.70645689964294,-52.21376094434342
1558,15.58,-33.505929821581276,18.309111016573585,24.961649228645395,-77.8995208689273,1.336515575409236,76.66839514002895,2200.0,20.0,20.0,103.69748640060425,-52.4273120132661
1559,15.59,-33.554595907166814,18.320541457583943,24.974431108025883,-74.85864471363001,26.734841315111765,81.25552360623817,2200.0,20.0,20.0,103.68851590156555,-52.65927851852238
1560,15.6,-33.60430335898195,18.33226354688875,24.98746942206667,-65.80110697035904,51.25765341589112,91.53966742840962,1829.6444091796875,20.0,20.0,103.68105554580688,-52.801043922997216
1561,15.610000000000001,-33.65503257846021,18.344317938740822,25.000792473922914,-30.586198791386256,71.0699213306848,128.10458141609297,2200.0,20.0,20.0,103.67208504676819,-53.076352896528206
1562,15.620000000000001,-33.706870129665795,18.356774088451157,25.014456346707554,41.8581044573401,66.12178475334092,-157.62882079192346,2200.0,20.0,20.0,103.66311454772949,-53.23308618435325
1563,15.63,-33.75979226011545,18.369670932798854,25.028488522396028,63.34901545699514,43.91404719992339,-133.41748766502988,2200.0,20.0,20.0,103.6541440486908,-53.33503069809757
1564,15.64,-33.81377349537566,18.383045844984046,25.04291555304359,68.6078648813553,19.34406331668247,-123.83412147172007,2200.0,20.0,20.0,103.6451735496521,-53.381925540087195
1565,15.65,-33.868786414300246,18.396935331359888,25.057763231256377,68.51856629646994,-5.4671012312080345,-116.54674139579105,2200.0,20.0,20.0,103.6362030506134,-53.3839317001454
1566,15.66,-33.924801690217585,18.41137498305247,25.07305654230237,63.74571340594782,-29.706417203340393,-107.25160169763144,2200.0,20.0,20.0,103.6272325515747,-53.36014570005644
1567,15.67,-33.98178815746342,18.42639941229169,25.08881961929699,49.361541125287204,-51.75348115329713,-89.34010171789768,2200.0,20.0,20.0,103.61826205253601,-53.335342491669245
1568,15.68,-34.039712876985476,18.442042200079637,25.105075698658457,8.900292825165097,-64.75466884541008,-45.52322356264572,2200.0,20.0,20.0,103.60929155349731,-53.335549469435364
1569,15.69,-34.098541208230024,18.45833584434683,25.12184707799383,-38.20912433452135,-56.057485198691666,5.372621085448265,2200.0,20.0,20.0,103.60032105445862,-53.383228224705945
1570,15.700000000000001,-34.158236880935405,18.475311706608114,25.139155075272633,-56.05665689140542,-35.37762869812672,28.115228294478968,2200.0,20.0,20.0,103.59135055541992,-53.49296857165191
1571,15.71,-34.21876206510534,18.492999955556616,25.157019989183688,-61.216345873824814,-12.027657718179386,40.357096216633934,2200.0,20.0,20.0,103.58238005638123,-53.66852841116342
1572,15.72,-34.28007743886398,18.511429507354414,25.175461060781323,-60.276358976542234,11.59695084282391,50.870899535816406,2200.0,20.0,20.0,103.57340955734253,-53.901821729463755
1573,15.73,-34.342142255010074,18.53062796376213,25.19449643670719,-52.9021487757509,34.088675041380085,64.68146178347232,2200.0,20.0,20.0,103.56443905830383,-54.17410212226931
1574,15.74,-34.404914407950685,18.550621550466012,25.214143134432028,-32.79042657004866,52.44235506387682,89.9539591469047,2200.0,20.0,20.0,103.55546855926514,-54.459176181489525
1575,15.75,-34.46835050297243,18.571435058446184,25.23441700998865,7.3029806768193035,58.08559390578324,134.93330815672374,2200.0,20.0,20.0,103.54649806022644,-54.72808860964128
1576,15.76,-34.532405929327645,18.59309179071277,25.255332728496867,39.6756868667411,45.93199572666384,172.69795661476294,2200.0,20.0,20.0,103.53752756118774,-54.95442594434576
1577,15.77,-34.59703493899987,18.615613514447293,25.276903738037305,52.794394060301634,25.611108887326434,-167.36568199453137,2200.0,20.0,20.0,103.52855706214905,-55.1192444612935
1578,15.780000000000001,-34.66219072314043,18.639020428347646,25.299142244643367,56.287613096136965,3.120930146303523,-154.11425369499133,2200.0,20.0,20.0,103.51958656311035,-55.21470598183828
1579,15.790000000000001,-34.727825509980185,18.663331119047612,25.322059195364435,53.439869739112595,-19.32620491079331,-141.12029241121513,2200.0,20.0,20.0,103.51061606407166,-55.245650894197894
1580,15.8,-34.79389064023484,18.688562538886426,25.3456642536314,42.31180452303724,-39.702285939107874,-122.76250997950359,2200.0,20.0,20.0,103.50164556503296,-55.228866674911615
1581,15.81,-34.86033666431037,18.714729982496706,25.369965786071827,16.00073314469454,-53.28136053400967,-90.44957592997953,2200.0,20.0,20.0,103.49267506599426,-55.19007988786998
1582,15.82,-34.92711343537652,18.74184707231692,25.394970848651923,-20.990828329178143,-51.64012037937094,-47.66380304692165,2200.0,20.0,20.0,103.48370456695557,-55.15925553089533
1583,15.83,-34.99417020601518,18.769925747036375,25.42068517674646,-43.703859046958875,-36.248063012921136,-18.473510022665238,2200.0,20.0,20.0,103.47473406791687,-55.165055452963614
1584,15.84,-35.061455725111124,18.79897624887173,25.447113176664185,-52.59046541130313,-15.468991853927719,-1.2695130098115948,2200.0,20.0,20.0,103.46576356887817,-55.22949658885197
1585,15.85,-35.12891833428632,18.82900710749795,25.47425791813038,-53.7770447173524,6.707213444929071,12.130230938332565,2200.0,20.0,20.0,103.45679306983948,-55.363817278370554
1586,15.860000000000001,-35.19650606364422,18.860025120113633,25.50212112768235,-48.19213867995502,28.26291135322397,27.168856796934783,2200.0,20.0,20.0,103.44782257080078,-55.56633671092087
1587,15.870000000000001,-35.26416672685252,18.89203532886809,25.530703183329738,-31.825383602149525,46.36335709312047,50.58038862224942,2200.0,20.0,20.0,103.43885207176208,-105.82271776812648
