Step,Time,X,Y,Z,Roll,Pitch,Yaw,Thrust,GimbalYaw,GimbalPitch,Mass,Reward
0,0,-2.4940196954556693,0.3016407494483895,11.0,-9.317716768045553,0.2495064934929546,-0.020332839559936408,0.0,0.0,0.0,110.0,0.0
1,0.01,-2.5087763299696415,0.2958167518169854,10.979950017785205,-9.31751848235896,0.24904902246786487,-0.02446974735557176,0.0,-20.0,-20.0,110.0,-8.986604942444695
2,0.02,-2.523533609012979,0.28999340977555393,10.959899930850444,-9.317395746791814,0.24693219997420668,-0.038564566917748615,0.0,-20.0,-20.0,110.0,-8.973087217380037
3,0.03,-2.538290895315134,0.28417007374086534,10.939849842959442,-9.317444747559444,0.24537072602488114,-0.048133591994399934,0.0,-20.0,-20.0,110.0,-8.957973721309623
4,0.04,-2.553048255184454,0.2783468126619725,10.919799743097569,-9.317551516102837,0.24405774198483715,-0.05578050617510541,0.0,-20.0,-20.0,110.0,-8.943595003501843
5,0.05,-2.5678056273943546,0.27252355980294696,10.899749641941524,-9.317668632691163,0.24272366795483802,-0.06346303302057343,0.0,-20.0,-20.0,110.0,-8.929452808495595
6,0.06,-2.5825629889509094,0.2667002891313103,10.879699543660598,-9.317777618182204,0.24130473449778184,-0.07169440096022779,0.0,-20.0,-20.0,110.0,-8.915360562931488
7,0.07,-2.5973203330107753,0.260876994614174,10.859649449214508,-9.317872362277361,0.23981815186648547,-0.08040897297165461,0.0,-20.0,-20.0,110.0,-8.901276448506984
8,0.08,-2.612077659674121,0.25505367746112967,10.839599358405383,-9.317951717905235,0.23829369097064543,-0.08942975549331804,0.0,-20.0,-20.0,110.0,-8.887205179781326
9,0.09,-2.626834971456548,0.24923034097056115,10.819549270703249,-9.31801729755153,0.23675338191967424,-0.09861308621997862,0.0,-20.0,-20.0,110.0,-8.873158499235657
10,0.1,-2.6415922715518954,0.2434069898066575,10.799499185356987,-9.318072285556726,0.23520919166791193,-0.10787201649357837,0.0,-20.0,-20.0,110.0,-8.859146470677565
11,0.11,-2.65634956293061,0.23758362835609725,10.779449101660004,-9.318119692491518,0.23366617420083258,-0.11716270775241236,0.0,-20.0,-20.0,110.0,-8.845175427561882
12,0.12,-2.6711068479472773,0.23176026005519687,10.759399019058895,-9.31816165076323,0.23212594415015064,-0.12646518435846818,0.0,-20.0,-20.0,110.0,-8.83124862705821
13,0.13,-2.6858641282609677,0.22593688765959635,10.739348937108856,-9.318200475495246,0.2305886519505523,-0.13577118410678718,0.0,-20.0,-20.0,110.0,-8.81736763743386
14,0.14,-2.7006214050884263,0.22011351327786766,10.719298855469303,-9.318237662366645,0.22905381775066175,-0.14507803966207336,0.0,-20.0,-20.0,110.0,-8.803533242677776
15,0.15,-2.7153786793220855,0.21429013828952256,10.699248773917832,-9.318274053197543,0.2275208801987922,-0.15438505992557203,0.0,-20.0,-20.0,110.0,-8.789745854684668
16,0.16,-2.7301359516810146,0.20846676306198034,10.679198692397332,-9.318309992560978,0.2259893257981527,-0.1636921342139126,0.0,-20.0,-20.0,110.0,-8.776005699991252
17,0.17,-2.74489322269524,0.2026433878390898,10.659148610870135,-9.318345678593946,0.22445875508343138,-0.17299928281396476,0.0,-20.0,-20.0,110.0,-8.76231298142272
18,0.18,-2.759650492748834,0.19682001277216968,10.639098529313108,-9.318381227687897,0.22292887533370015,-0.18230653774109354,0.0,-20.0,-20.0,110.0,-8.748667895281146
19,0.19,-2.774407762102533,0.19099663795783628,10.619048447711547,-9.318416715315529,0.22139948798044892,-0.19161391994763466,0.0,-20.0,-20.0,110.0,-8.735070639072914
20,0.2,-2.7891650309301066,0.185173263441543,10.598998366058765,-9.318452183028967,0.21987046721927267,-0.20092144198623918,0.0,-20.0,-20.0,110.0,-8.721521412914933
21,0.21,-2.803922299327906,0.17934988922716277,10.578948284354551,-9.318487626654123,0.2183417344364887,-0.21022910821673715,0.0,-20.0,-20.0,110.0,-8.708020418461722
22,0.22,-2.818679567370203,0.17352651526287569,10.558898202607732,-9.318523008559161,0.21681324122994497,-0.21953691512754747,0.0,-20.0,-20.0,110.0,-8.694567858513473
23,0.23,-2.8334368351380883,0.1677031414604765,10.538848120833142,-9.318558267198224,0.21528493814277003,-0.2288448413960007,0.0,-20.0,-20.0,110.0,-8.681163936102559
24,0.24,-2.84819410269485,0.16187976774334342,10.518798039043633,-9.318593330494153,0.21375675837239308,-0.23815284671412923,0.0,-20.0,-20.0,110.0,-8.66780885417871
25,0.25,-2.8629513701327274,0.1560563940322841,10.498747957252599,-9.318628150993865,0.21222865463705734,-0.24746090063433854,0.0,-20.0,-20.0,110.0,-8.654491322485178
26,0.26,-2.8777086374954575,0.15023302029374386,10.478697875465745,-9.318662703805785,0.2107005967896743,-0.2567689836365521,0.0,-20.0,-20.0,110.0,-8.641049427950556
27,0.27,-2.892465904810729,0.14440964651409188,10.458647793685426,-9.318696978564088,0.20917256601736328,-0.2660770837977055,0.0,-20.0,-20.0,110.0,-8.627655131701895
28,0.28,-2.9072231720952235,0.1385862726912326,10.438597711912061,-9.318730973469632,0.20764455102631077,-0.2753851941429645,0.0,-20.0,-20.0,110.0,-8.614308622800088
29,0.29,-2.9219804393585815,0.13276289882903397,10.418547630145058,-9.318764691215279,0.20611654527487203,-0.28469331070702064,0.0,-20.0,-20.0,110.0,-8.601010090431192
30,0.3,-2.9367377066062974,0.12693952493380314,10.398497548383405,-9.318798136357369,0.20458854501533671,-0.29400143123840594,0.0,-20.0,-20.0,110.0,-8.587759723942433
31,0.31,-2.951494973841633,0.12111615101220677,10.378447466626021,-9.318831313754027,0.20306054801219917,-0.30330955440352125,0.0,-20.0,-20.0,110.0,-8.574557712863772
32,0.32,-2.9662522410667496,0.1152927770702023,10.358397384871942,-9.318864227762855,0.20153255278396717,-0.3126176793361083,0.0,-20.0,-20.0,110.0,-8.561404246916076
33,0.33,-2.9810095082833,0.10946940311263713,10.33834730312038,-9.318896881938986,0.20000455820616608,-0.321925805404031,0.0,-20.0,-20.0,110.0,-8.548299516010918
34,0.34,-2.995766775492686,0.10364602914323721,10.318297221370726,-9.318929279022512,0.19847656333425145,-0.33123393210083896,0.0,-20.0,-20.0,110.0,-8.535243710245478
35,0.35000000000000003,-3.010524042696148,0.09782265516477825,10.29824713962253,-9.31896142106064,0.19694856734218816,-0.34054205900167156,0.0,-20.0,-20.0,110.0,-8.522237019895163
36,0.36,-3.025281309894779,0.09199928117930671,10.278197057875467,-9.318993309566975,0.19542056951033815,-0.3498501857477334,0.0,-20.0,-20.0,110.0,-8.509279635404782
37,0.37,-3.0400385770895184,0.08617590718834116,10.258146976129286,-9.319024945667206,0.1938925692267207,-0.3591583120403133,0.0,-20.0,-20.0,110.0,-8.496371747379005
38,0.38,-3.0547958442811542,0.08035253319302833,10.238096894383807,-9.319056330212511,0.19236456598611534,-0.36846643763614256,0.0,-20.0,-20.0,110.0,-8.483513546572418
39,0.39,-3.0695531114703294,0.07452915919425307,10.218046812638885,-9.319087463859809,0.19083655938307548,-0.3777745623414589,0.0,-20.0,-20.0,110.0,-8.470705223879126
40,0.4,-3.0843103786575594,0.06870578519271123,10.197996730894406,-9.319118347125467,0.1893085491000991,-0.387082686004869,0.0,-20.0,-20.0,110.0,-8.45794697032216
41,0.41000000000000003,-3.099067645843254,0.06288241118895749,10.177946649150284,-9.319148980420627,0.18778053489361368,-0.39639080850994163,0.0,-20.0,-20.0,110.0,-8.445238977042656
42,0.42,-3.113824913027734,0.057059037183436946,10.157896567406446,-9.319179364074797,0.18625251658008882,-0.4056989297682538,0.0,-20.0,-20.0,110.0,-8.432581435288704
43,0.43,-3.1285821802112532,0.051235663176507386,10.137846485662838,-9.319209498352519,0.18472449402367086,-0.4150070497133793,0.0,-20.0,-20.0,110.0,-8.419974536404066
44,0.44,-3.1433394473940095,0.04541228916845597,10.117796403919407,-9.319239383465872,0.1831964671258907,-0.424315168296037,0.0,-20.0,-20.0,110.0,-8.407418471816671
45,0.45,-3.1580967145761614,0.03958891515951251,10.097746322176121,-9.31926901958438,0.18166843581747408,-0.4336232854802351,0.0,-20.0,-20.0,110.0,-8.394913433026835
46,0.46,-3.172853981757832,0.03376554114986035,10.077696240432948,-9.319298406843137,0.1801404000519688,-0.4429314012403215,0.0,-20.0,-20.0,110.0,-8.382459611595381
47,0.47000000000000003,-3.1876112489391204,0.027942167139645382,10.057646158689868,-9.319327545349513,0.1786123598008365,-0.45223951555873626,0.0,-20.0,-20.0,110.0,-8.37005719913146
48,0.48,-3.2023685161201048,0.02211879312898354,10.037596076946858,-9.319356435188666,0.17708431504967614,-0.4615476284242558,0.0,-20.0,-20.0,110.0,-8.357706387280265
49,0.49,-3.2171257833008475,0.016295419117966826,10.017545995203907,-9.319385076428071,0.17555626579528102,-0.4708557398307079,0.0,-20.0,-20.0,110.0,-8.345407367710497
50,0.5,-3.2318830504813985,0.010472045106668255,9.997495913461002,-9.319413469121136,0.17402821204334845,-0.48016384977589166,0.0,-20.0,-20.0,110.0,-8.333160332101656
51,0.51,-3.2466403176617966,0.004648671095145797,9.97744583171813,-9.31944161331012,0.17250015380666353,-0.48947195826076645,0.0,-20.0,-20.0,110.0,-8.320965472131132
52,0.52,-3.2613975848420735,-0.0011747029165545412,9.957395749975287,-9.319469509028456,0.17097209110365766,-0.49878006528880525,0.0,-20.0,-20.0,110.0,-8.308822979461176
53,0.53,-3.2761548520222545,-0.006998076928396201,9.937345668232469,-9.319497156302562,0.16944402395725577,-0.508088170865497,0.0,-20.0,-20.0,110.0,-8.296733045725555
54,0.54,-3.2909121192023587,-0.012821450940350143,9.917295586489667,-9.319524555153308,0.1679159523939594,-0.5173962749979362,0.0,-20.0,-20.0,110.0,-8.28469586251614
55,0.55,-3.3056693863824025,-0.018644824952393283,9.897245504746882,-9.319551705597146,0.16638787644311648,-0.5267043776944816,0.0,-20.0,-20.0,110.0,-8.272711621369236
56,0.56,-3.3204266535623983,-0.024468198964507276,9.877195423004107,-9.319578607647037,0.16485979613633991,-0.536012478964483,0.0,-20.0,-20.0,110.0,-8.260780513751731
57,0.5700000000000001,-3.3351839207423555,-0.030291572976677544,9.85714534126134,-9.319605261313153,0.16333171150703962,-0.5453205788180935,0.0,-20.0,-20.0,110.0,-8.248902731047115
58,0.58,-3.349941187922282,-0.03611494698889249,9.83709525951858,-9.319631666603463,0.16180362259005568,-0.5546286772660912,0.0,-20.0,-20.0,110.0,-8.237078464541217
59,0.59,-3.3646984551021846,-0.04193832100114291,9.817045177775826,-9.319657823524174,0.16027552942136028,-0.5639367743197736,0.0,-20.0,-20.0,110.0,-8.22530790540783
60,0.6,-3.379455722282068,-0.04776169501342148,9.79699509603308,-9.319683732080112,0.15874743203782601,-0.5732448699908461,0.0,-20.0,-20.0,110.0,-8.213591244694095
61,0.61,-3.394212989461936,-0.05358506902572238,9.776945014290334,-9.31970939227498,0.15721933047704387,-0.5825529642913152,0.0,-20.0,-20.0,110.0,-8.201928673305716
62,0.62,-3.408970256641792,-0.05940844303804099,9.756894932547592,-9.319734804111617,0.15569122477717165,-0.5918610572334557,0.0,-20.0,-20.0,110.0,-8.190320381991988
63,0.63,-3.423727523821638,-0.06523181705037363,9.736844850804852,-9.319759967592159,0.15416311497682206,-0.6011691488297239,0.0,-20.0,-20.0,110.0,-8.178766561330644
64,0.64,-3.438484791001476,-0.0710551910627174,9.716794769062114,-9.319784882718187,0.15263500111496692,-0.6104772390927414,0.0,-20.0,-20.0,110.0,-8.167267401712458
65,0.65,-3.453242058181309,-0.07687856507506996,9.696744687319377,-9.319809549490856,0.15110688323086263,-0.6197853280352601,0.0,-20.0,-20.0,110.0,-8.155823093325727
66,0.66,-3.4679993253611365,-0.08270193908742945,9.67669460557664,-9.31983396791096,0.1495787613639904,-0.6290934156701448,0.0,-20.0,-20.0,110.0,-8.144433826140519
67,0.67,-3.48275659254096,-0.08852531309979444,9.656644523833906,-9.319858137979022,0.14805063555401266,-0.6384015020103346,0.0,-20.0,-20.0,110.0,-8.1330997898927
68,0.68,-3.497513859720781,-0.09434868711216376,9.636594442091171,-9.319882059695356,0.14652250584073678,-0.647709587068823,0.0,-20.0,-20.0,110.0,-8.121821174067863
69,0.6900000000000001,-3.512271126900599,-0.10017206112453647,9.616544360348438,-9.319905733060102,0.14499437226408385,-0.657017670858657,0.0,-20.0,-20.0,110.0,-8.11059816788496
70,0.7000000000000001,-3.5270283940804155,-0.10599543513691184,9.596494278605705,-9.31992915807326,0.1434662348640639,-0.6663257533929318,0.0,-20.0,-20.0,110.0,-8.099430960279795
71,0.71,-3.5417856612602305,-0.1118188091492893,9.576444196862973,-9.319952334734724,0.14193809368076163,-0.6756338346847578,0.0,-20.0,-20.0,110.0,-8.088319739888343
72,0.72,-3.5565429284400443,-0.11764218316166834,9.55639411512024,-9.319975263044315,0.14040994875431564,-0.6849419147472908,0.0,-20.0,-20.0,110.0,-8.077264695029791
73,0.73,-3.571300195619857,-0.12346555717404864,9.536344033377507,-9.319997943001777,0.13888180012491197,-0.6942499935936955,0.0,-20.0,-20.0,110.0,-8.0662660136895
74,0.74,-3.586057462799669,-0.1292889311864299,9.516293951634774,-9.320020374606814,0.13735364783277143,-0.70355807123716,0.0,-20.0,-20.0,110.0,-8.055323883501654
75,0.75,-3.6008147299794806,-0.13511230519881184,9.49624386989204,-9.32004255785908,0.13582549191814516,-0.7128661476908753,0.0,-20.0,-20.0,110.0,-8.044438491731844
76,0.76,-3.6155719971592917,-0.14093567921119432,9.476193788149308,-9.320064492758213,0.13429733242130665,-0.7221742229680491,0.0,-20.0,-20.0,110.0,-8.03361002525934
77,0.77,-3.630329264339102,-0.14675905322357718,9.456143706406575,-9.320086179303818,0.13276916938254768,-0.7314822970818907,0.0,-20.0,-20.0,110.0,-8.022838670559226
78,0.78,-3.645086531518912,-0.1525824272359603,9.436093624663844,-9.320107617495482,0.13124100284217474,-0.740790370045618,0.0,-20.0,-20.0,110.0,-8.012124613684351
79,0.79,-3.659843798698722,-0.15840580124834364,9.416043542921113,-9.32012880733279,0.12971283284050514,-0.7500984418724608,0.0,-20.0,-20.0,110.0,-8.001468040247074
80,0.8,-3.6746010658785315,-0.16422917526072703,9.395993461178382,-9.320149748815309,0.12818465941786503,-0.759406512575649,0.0,-20.0,-20.0,110.0,-7.990869135400805
81,0.81,-3.6893583330583413,-0.1700525492731105,9.37594337943565,-9.32017044194261,0.12665648261458914,-0.7687145821684115,0.0,-20.0,-20.0,110.0,-7.980328083821346
82,0.8200000000000001,-3.7041156002381506,-0.17587592328549395,9.35589329769292,-9.320190886714254,0.12512830247101647,-0.7780226506639873,0.0,-20.0,-20.0,110.0,-7.969845069688095
83,0.8300000000000001,-3.71887286741796,-0.18169929729787734,9.335843215950188,-9.3202110831298,0.12360011902749121,-0.7873307180756155,0.0,-20.0,-20.0,110.0,-7.959420276665007
84,0.84,-3.733630134597769,-0.18752267131026068,9.315793134207457,-9.320231031188804,0.12207193232436087,-0.7966387844165376,0.0,-20.0,-20.0,110.0,-7.949053887881343
85,0.85,-3.7483874017775785,-0.1933460453226439,9.295743052464724,-9.320250730890834,0.12054374240197759,-0.8059468496999879,0.0,-20.0,-20.0,110.0,-7.938746085912316
86,0.86,-3.7631446689573878,-0.19916941933502702,9.275692970721991,-9.320270182235456,0.11901554930069441,-0.8152549139392115,0.0,-20.0,-20.0,110.0,-7.92849705275947
87,0.87,-3.777901936137197,-0.20499279334741,9.255642888979258,-9.320289385222233,0.11748735306086644,-0.8245629771474511,0.0,-20.0,-20.0,110.0,-7.9183069698309065
88,0.88,-3.7926592033170063,-0.21081616735979283,9.235592807236525,-9.320308339850742,0.11595915372285,-0.8338710393379523,0.0,-20.0,-20.0,110.0,-7.908176017921269
89,0.89,-3.807416470496815,-0.21663954137217553,9.215542725493792,-9.320327046120548,0.11443095132700166,-0.8431791005239659,0.0,-20.0,-20.0,110.0,-7.898104377191643
90,0.9,-3.822173737676624,-0.22246291538455806,9.19549264375106,-9.320345504031236,0.11290274591368203,-0.8524871607187274,0.0,-20.0,-20.0,110.0,-7.888092227149172
91,0.91,-3.836931004856433,-0.22828628939694043,9.175442562008326,-9.32036371358239,0.11137453752325006,-0.8617952199354854,0.0,-20.0,-20.0,110.0,-7.878139746626507
92,0.92,-3.8516882720362418,-0.23410966340932263,9.155392480265593,-9.320381674773591,0.10984632619606541,-0.8711032781874901,0.0,-20.0,-20.0,110.0,-7.868247113761153
93,0.93,-3.8664455392160506,-0.23993303742170466,9.13534239852286,-9.32039938760444,0.10831811197248867,-0.8804113354879904,0.0,-20.0,-20.0,110.0,-7.858414505974484
94,0.9400000000000001,-3.8812028063958595,-0.24575641143408652,9.115292316780128,-9.320416852074533,0.10678989489288308,-0.8897193918502189,0.0,-20.0,-20.0,110.0,-7.84864209995072
95,0.9500000000000001,-3.8959600735756683,-0.2515797854464682,9.095242235037395,-9.320434068183472,0.10526167499761,-0.8990274472874241,0.0,-20.0,-20.0,110.0,-7.8389300716156285
96,0.96,-3.910717340755477,-0.2574031594588497,9.075192153294662,-9.320451035930866,0.10373345232702974,-0.90833550181286,0.0,-20.0,-20.0,110.0,-7.829278596115097
97,0.97,-3.925474607935286,-0.263226533471231,9.055142071551929,-9.320467755316328,0.10220522692150379,-0.9176435554397788,0.0,-20.0,-20.0,110.0,-7.819687847793487
98,0.98,-3.940231875115095,-0.2690499074836121,9.035091989809196,-9.320484226339481,0.10067699882139543,-0.9269516081814211,0.0,-20.0,-20.0,110.0,-7.8101580001718425
99,0.99,-3.9549891422949037,-0.2748732814959931,9.015041908066463,-9.320500448999946,0.0991487680670668,-0.936259660051035,0.0,-20.0,-20.0,110.0,-7.800689225925902
100,1.0,-3.9697464094747126,-0.28069665550837386,8.99499182632373,-9.320516423297356,0.09762053469888243,-0.9455677110618567,0.0,-20.0,-20.0,110.0,-7.791281696863948
101,1.01,-3.9845036766545214,-0.28652002952075445,8.974941744580997,-9.320532149231346,0.09609229875720333,-0.9548757612271439,0.0,-20.0,-20.0,110.0,-7.781935583904492
102,1.02,-3.9992609438343303,-0.29234340353313487,8.954891662838264,-9.320547626801558,0.09456406028239166,-0.9641838105601486,0.0,-20.0,-20.0,110.0,-7.77265105705374
103,1.03,-4.01401821101414,-0.29816677754551507,8.934841581095531,-9.32056285600764,0.09303581931481214,-0.973491859074107,0.0,-20.0,-20.0,110.0,-7.763428285382966
104,1.04,-4.028775478193949,-0.3039901515578951,8.914791499352798,-9.320577836849248,0.09150757589482701,-0.9827999067822716,0.0,-20.0,-20.0,110.0,-7.7542674370056215
105,1.05,-4.043532745373758,-0.309813525570275,8.894741417610065,-9.320592569326033,0.08997933006279696,-0.9921079536979066,0.0,-20.0,-20.0,110.0,-7.745168679054395
106,1.06,-4.0582900125535675,-0.3156368995826546,8.874691335867332,-9.320607053437667,0.08845108185908476,-1.0014159998342618,0.0,-20.0,-20.0,110.0,-7.736132177657969
107,1.07,-4.073047279733377,-0.3214602735950341,8.8546412541246,-9.320621289183816,0.08692283132405611,-1.0107240452045696,0.0,-20.0,-20.0,110.0,-7.727158097917756
108,1.08,-4.087804546913186,-0.3272836476074134,8.834591172381867,-9.320635276564154,0.08539457849807437,-1.0200320898220772,0.0,-20.0,-20.0,110.0,-7.718246603884372
109,1.09,-4.102561814092995,-0.3331070216197925,8.814541090639134,-9.320649015578365,0.08386632342150138,-1.0293401337000423,0.0,-20.0,-20.0,110.0,-7.70939785853399
110,1.1,-4.117319081272805,-0.3389303956321714,8.7944910088964,-9.320662506226135,0.08233806613470047,-1.0386481768517144,0.0,-20.0,-20.0,110.0,-7.700612023744533
111,1.11,-4.132076348452614,-0.3447537696445501,8.774440927153668,-9.32067574850716,0.0808098066780352,-1.0479562192903404,0.0,-20.0,-20.0,110.0,-7.691889260271715
112,1.12,-4.146833615632423,-0.35057714365692866,8.754390845410935,-9.320688742421133,0.07928154509186995,-1.0572642610291634,0.0,-20.0,-20.0,110.0,-7.683229727724924
113,1.1300000000000001,-4.1615908828122326,-0.356400517669307,8.734340763668202,-9.320701487967758,0.07775328141656825,-1.066572302081434,0.0,-20.0,-20.0,110.0,-7.674633584542976
114,1.1400000000000001,-4.176348149992042,-0.3622238916816852,8.714290681925469,-9.32071398514675,0.07622501569249417,-1.0758803424603955,0.0,-20.0,-20.0,110.0,-7.666100987969703
115,1.1500000000000001,-4.191105417171851,-0.36804726569406315,8.694240600182736,-9.320726233957814,0.07469674796001195,-1.085188382179295,0.0,-20.0,-20.0,110.0,-7.657632094029356
116,1.16,-4.20586268435166,-0.37387063970644097,8.674190518440003,-9.320738234400682,0.07316847825948554,-1.0944964212513792,0.0,-20.0,-20.0,110.0,-7.649227057501988
117,1.17,-4.22061995153147,-0.37969401371881856,8.65414043669727,-9.320749986475072,0.07164020663127796,-1.1038044596899015,0.0,-20.0,-20.0,110.0,-7.640886031898565
118,1.18,-4.235377218711279,-0.385517387731196,8.634090354954537,-9.320761490180725,0.07011193311575248,-1.1131124975081137,0.0,-20.0,-20.0,110.0,-7.632609169436004
119,1.19,-4.250134485891088,-0.39134076174357324,8.614040273211804,-9.320772745517367,0.06858365775327252,-1.122420534719266,0.0,-20.0,-20.0,110.0,-7.624396621012084
120,1.2,-4.264891753070898,-0.3971641357559503,8.593990191469072,-9.320783752484756,0.0670553805842025,-1.1317285713366048,0.0,-20.0,-20.0,110.0,-7.616248536180204
121,1.21,-4.279649020250707,-0.40298750976832715,8.573940109726339,-9.320794511082632,0.06552710164890659,-1.1410366073733775,0.0,-20.0,-20.0,110.0,-7.608165063124022
122,1.22,-4.294406287430516,-0.4088108837807038,8.553890027983606,-9.320805021310749,0.0639988209877487,-1.1503446428428334,0.0,-20.0,-20.0,110.0,-7.6001463486319745
123,1.23,-4.3091635546103255,-0.4146342577930803,8.533839946240873,-9.320815283168873,0.06247053864109277,-1.159652677758222,0.0,-20.0,-20.0,110.0,-7.592192538071655
124,1.24,-4.323920821790135,-0.4204576318054566,8.51378986449814,-9.320825296656768,0.060942254649303654,-1.168960712132788,0.0,-20.0,-20.0,110.0,-7.584303775364104
125,1.25,-4.338678088969944,-0.4262810058178327,8.493739782755407,-9.320835061774204,0.05941396905274302,-1.1782687459797943,0.0,-20.0,-20.0,110.0,-7.576480202957958
126,1.26,-4.353435356149753,-0.4321043798302086,8.473689701012674,-9.32084457852094,0.05788568189177521,-1.1875767793124854,0.0,-20.0,-20.0,110.0,-7.568721961803511
127,1.27,-4.368192623329563,-0.43792775384258437,8.453639619269941,-9.320853846896798,0.056357393206765034,-1.1968848121441125,0.0,-20.0,-20.0,110.0,-7.561029191326609
128,1.28,-4.382949890509372,-0.4437511278549599,8.433589537527208,-9.320862866901551,0.054829103038076026,-1.2061928444879266,0.0,-20.0,-20.0,110.0,-7.553402029402558
129,1.29,-4.397707157689181,-0.4495745018673353,8.413539455784475,-9.320871638534992,0.0533008114260722,-1.2155008763571784,0.0,-20.0,-20.0,110.0,-7.545840612329797
130,1.3,-4.412464424868991,-0.4553978758797105,8.393489374041742,-9.32088016179692,0.05177251841111813,-1.2248089077651134,0.0,-20.0,-20.0,110.0,-7.538345074803534
131,1.31,-4.4272216920488,-0.46122124989208546,8.37343929229901,-9.32088843668714,0.050244224033578797,-1.2341169387249777,0.0,-20.0,-20.0,110.0,-7.530915549889333
132,1.32,-4.441978959228609,-0.4670446239044603,8.353389210556275,-9.320896463205468,0.04871592833381863,-1.2434249692500203,0.0,-20.0,-20.0,110.0,-7.523552168996519
133,1.33,-4.4567362264084185,-0.47286799791683487,8.33333912881354,-9.320904241351716,0.0471876313522021,-1.2527329993534888,0.0,-20.0,-20.0,110.0,-7.516255061851552
134,1.34,-4.471493493588228,-0.4786913719292093,8.313289047070805,-9.32091177112571,0.045659333129092254,-1.2620410290486401,0.0,-20.0,-20.0,110.0,-7.5090243564713015
135,1.35,-4.486250760768037,-0.48451474594158356,8.29323896532807,-9.320919052527278,0.044131033704854994,-1.2713490583487157,0.0,-20.0,-20.0,110.0,-7.501860179136282
136,1.36,-4.501008027947846,-0.4903381199539576,8.273188883585336,-9.320926085556255,0.04260273311985558,-1.2806570872669583,0.0,-20.0,-20.0,110.0,-7.4947626543637265
137,1.37,-4.515765295127656,-0.49616149396633147,8.253138801842601,-9.320932870212479,0.041074431414456325,-1.2899651158166308,0.0,-20.0,-20.0,110.0,-7.487731904880676
138,1.3800000000000001,-4.530522562307465,-0.5019848679787051,8.233088720099866,-9.3209394064958,0.03954612862902146,-1.299273144010985,0.0,-20.0,-20.0,110.0,-7.4807680515969555
139,1.3900000000000001,-4.545279829487274,-0.5078082419910787,8.213038638357132,-9.320945694406063,0.03801782480391692,-1.308581171863261,0.0,-20.0,-20.0,110.0,-7.473871213578102
140,1.4000000000000001,-4.560037096667084,-0.513631616003452,8.192988556614397,-9.320951733943135,0.03648951997950767,-1.3178891993867075,0.0,-20.0,-20.0,110.0,-7.467041508018236
141,1.41,-4.574794363846893,-0.5194549900158251,8.172938474871662,-9.320957525106866,0.03496121419615723,-1.327197226594579,0.0,-20.0,-20.0,110.0,-7.460279050212842
142,1.42,-4.589551631026702,-0.525278364028198,8.152888393128928,-9.320963067897136,0.03343290749422888,-1.3365052535001314,0.0,-20.0,-20.0,110.0,-7.453583953531576
143,1.43,-4.6043088982065115,-0.5311017380405708,8.132838311386193,-9.320968362313813,0.03190459991408719,-1.3458132801166165,0.0,-20.0,-20.0,110.0,-7.446956329390963
144,1.44,-4.619066165386321,-0.5369251120529434,8.112788229643458,-9.32097340835678,0.03037629149609553,-1.3551213064572902,0.0,-20.0,-20.0,110.0,-7.440396287227049
145,1.45,-4.63382343256613,-0.5427484860653158,8.092738147900723,-9.32097820602592,0.028847982280618696,-1.3644293325354009,0.0,-20.0,-20.0,110.0,-7.433903934468052
146,1.46,-4.648580699745939,-0.548571860077688,8.072688066157989,-9.320982755321122,0.027319672308022958,-1.3737373583641892,0.0,-20.0,-20.0,110.0,-7.427479376507014
147,1.47,-4.663337966925749,-0.55439523409006,8.052637984415254,-9.320987056242286,0.02579136161867405,-1.3830453839568966,0.0,-20.0,-20.0,110.0,-7.421122716674282
148,1.48,-4.678095234105558,-0.5602186081024317,8.03258790267252,-9.320991108789316,0.024263050252935132,-1.3923534093267833,0.0,-20.0,-20.0,110.0,-7.414834056210164
149,1.49,-4.692852501285367,-0.5660419821148034,8.012537820929785,-9.320994912962117,0.022734738251169805,-1.4016614344871057,0.0,-20.0,-20.0,110.0,-7.408613494237385
150,1.5,-4.7076097684651765,-0.5718653561271748,7.99248773918705,-9.320998468760601,0.021206425653743307,-1.4109694594511109,0.0,-20.0,-20.0,110.0,-7.402461127733658
151,1.51,-4.722367035644986,-0.577688730139546,7.972437657444315,-9.321001776184698,0.019678112501021687,-1.4202774842320405,0.0,-20.0,-20.0,110.0,-7.3963770515041745
152,1.52,-4.737124302824795,-0.5835121041519171,7.9523875757015805,-9.321004835234321,0.01814979883336801,-1.4295855088431524,0.0,-20.0,-20.0,110.0,-7.3903613581541245
153,1.53,-4.751881570004604,-0.589335478164288,7.932337493958846,-9.321007645909406,0.016621484691149095,-1.4388935332976844,0.0,-20.0,-20.0,110.0,-7.3844141380611985
154,1.54,-4.766638837184414,-0.5951588521766586,7.912287412216111,-9.321010208209895,0.015093170114728053,-1.448201557608897,0.0,-20.0,-20.0,110.0,-7.378535479348103
155,1.55,-4.781396104364223,-0.6009822261890292,7.892237330473376,-9.321012522135717,0.0135648551444696,-1.45750958179004,0.0,-20.0,-20.0,110.0,-7.372725467855089
156,1.56,-4.796153371544032,-0.6068056002013995,7.872187248730642,-9.32101458768683,0.012036539820738852,-1.4668176058543607,0.0,-20.0,-20.0,110.0,-7.366984187112478
157,1.57,-4.810910638723842,-0.6126289742137696,7.852137166987907,-9.321016404863185,0.01050822418389916,-1.4761256298151175,0.0,-20.0,-20.0,110.0,-7.361311718313256
158,1.58,-4.825667905903651,-0.6184523482261396,7.832087085245172,-9.321017973664743,0.008979908274315164,-1.4854336536855621,0.0,-20.0,-20.0,110.0,-7.35570814028561
159,1.59,-4.84042517308346,-0.6242757222385094,7.812037003502438,-9.321019294091466,0.007451592132353187,-1.4947416774789342,0.0,-20.0,-20.0,110.0,-7.350173529465587
160,1.6,-4.8551824402632695,-0.6300990962508789,7.791986921759703,-9.321020366143324,0.005923275798376874,-1.504049701208492,0.0,-20.0,-20.0,110.0,-7.34470795986972
161,1.61,-4.869939707443079,-0.6359224702632483,7.771936840016968,-9.321021189820296,0.004394959312750782,-1.5133577248874854,0.0,-20.0,-20.0,110.0,-7.339311503067729
162,1.62,-4.884696974622888,-0.6417458442756175,7.7518867582742335,-9.321021765122367,0.0028666427158389233,-1.522665748529167,0.0,-20.0,-20.0,110.0,-7.333984228155245
163,1.6300000000000001,-4.899454241802697,-0.6475692182879865,7.731836676531499,-9.32102209204952,0.0013383260480073962,-1.5319737721467803,0.0,-20.0,-20.0,110.0,-7.328726201726613
164,1.6400000000000001,-4.914211508982507,-0.6533925923003554,7.711786594788764,-9.321022170601747,-0.00018999065037807492,-1.5412817957535703,0.0,-20.0,-20.0,110.0,-7.32353748784771
165,1.6500000000000001,-4.928968776162316,-0.659215966312724,7.6917365130460285,-9.32102200077903,-0.0017183073389532063,-1.550589819362785,0.0,-20.0,-20.0,110.0,-7.318418148028888
166,1.6600000000000001,-4.943726043342125,-0.6650393403250925,7.671686431303294,-9.321021582581414,-0.0032466239773552056,-1.559897842987693,0.0,-20.0,-20.0,110.0,-7.313368241197887
167,1.67,-4.958483310521935,-0.6708627143374608,7.651636349560558,-9.32102091600888,-0.004774940525218472,-1.5692058666415376,0.0,-20.0,-20.0,110.0,-7.308387823672901
168,1.68,-4.973240577701744,-0.6766860883498289,7.631586267817823,-9.32102000106146,-0.006303256942177256,-1.5785138903375626,0.0,-20.0,-20.0,110.0,-7.303476949135712
169,1.69,-4.987997844881553,-0.6825094623621968,7.611536186075087,-9.321018837739167,-0.007831573187867097,-1.5878219140890186,0.0,-20.0,-20.0,110.0,-7.298635668604844
170,1.7,-5.0027551120613625,-0.6883328363745644,7.591486104332351,-9.32101742604203,-0.009359889221923608,-1.597129937909159,0.0,-20.0,-20.0,110.0,-7.293864030408872
171,1.71,-5.017512379241172,-0.694156210386932,7.571436022589616,-9.32101576597008,-0.010888205003982705,-1.6064379618112385,0.0,-20.0,-20.0,110.0,-7.289162080159777
172,1.72,-5.032269646420981,-0.6999795843992993,7.55138594084688,-9.32101385752336,-0.012416520493680338,-1.6157459858085106,0.0,-20.0,-20.0,110.0,-7.284529860726429
173,1.73,-5.04702691360079,-0.7058029584116664,7.531335859104145,-9.32101170070191,-0.013944835650652621,-1.6250540099142305,0.0,-20.0,-20.0,110.0,-7.279967412208136
174,1.74,-5.0617841807806,-0.7116263324240334,7.511285777361409,-9.321009295505782,-0.015473150434533517,-1.6343620341416403,0.0,-20.0,-20.0,110.0,-7.275474771908343
175,1.75,-5.076541447960409,-0.7174497064364002,7.491235695618673,-9.321006641935028,-0.01700146480495905,-1.643670058503995,0.0,-20.0,-20.0,110.0,-7.271051974308401
176,1.76,-5.091298715140218,-0.7232730804487667,7.471185613875938,-9.321003739989719,-0.01852977872156485,-1.6529780830145449,0.0,-20.0,-20.0,110.0,-7.266699051041473
177,1.77,-5.1060559823200276,-0.7290964544611331,7.451135532133202,-9.321000589669907,-0.02005809214398495,-1.662286107686533,0.0,-20.0,-20.0,110.0,-7.262416030866562
178,1.78,-5.120813249499837,-0.7349198284734993,7.431085450390467,-9.320997190975682,-0.02158640503185444,-1.671594132533208,0.0,-20.0,-20.0,110.0,-7.258202939642657
179,1.79,-5.135570516679646,-0.7407432024858653,7.411035368647731,-9.32099354390711,-0.023114717344807523,-1.6809021575678145,0.0,-20.0,-20.0,110.0,-7.2540598003030246
180,1.8,-5.150327783859455,-0.7465665764982312,7.3909852869049955,-9.32098964846428,-0.024643029042480703,-1.6902101828036078,0.0,-20.0,-20.0,110.0,-7.249986632829615
181,1.81,-5.165085051039265,-0.7523899505105969,7.37093520516226,-9.32098550464728,-0.026171340084509304,-1.6995182082538383,0.0,-20.0,-20.0,110.0,-7.245983454227612
182,1.82,-5.179842318219074,-0.7582133245229623,7.350885123419524,-9.32098111245621,-0.027699650430529025,-1.7088262339317584,0.0,-20.0,-20.0,110.0,-7.242050278500182
183,1.83,-5.194599585398883,-0.7640366985353276,7.330835041676789,-9.320976471891166,-0.029227960040174097,-1.7181342598506109,0.0,-20.0,-20.0,110.0,-7.238187116623262
184,1.84,-5.209356852578693,-0.7698600725476927,7.310784959934053,-9.320971582952259,-0.030756268873082075,-1.7274422860236576,0.0,-20.0,-20.0,110.0,-7.234393976520623
185,1.85,-5.224114119758502,-0.7756834465600576,7.2907348781913175,-9.320966445639595,-0.03228457688888766,-1.7367503124641452,0.0,-20.0,-20.0,110.0,-7.230670863039027
186,1.86,-5.238871386938311,-0.7815068205724224,7.270684796448582,-9.3209610599533,-0.03381288404722625,-1.7460583391853237,0.0,-20.0,-20.0,110.0,-7.2270177779235425
187,1.87,-5.2536286541181205,-0.7873301945847869,7.250634714705846,-9.320955425893489,-0.0353411903077333,-1.7553663662004406,0.0,-20.0,-20.0,110.0,-7.223434719793093
188,1.8800000000000001,-5.26838592129793,-0.7931535685971512,7.23058463296311,-9.320949543460301,-0.03686949563004359,-1.7646743935227447,0.0,-20.0,-20.0,110.0,-7.219921684116072
189,1.8900000000000001,-5.283143188477739,-0.7989769426095155,7.210534551220373,-9.32094341265387,-0.03839779997379277,-1.7739824211654858,0.0,-20.0,-20.0,110.0,-7.21647866318626
190,1.9000000000000001,-5.297900455657548,-0.8048003166218793,7.190484469477637,-9.32093703347433,-0.03992610329861719,-1.7832904491419168,0.0,-20.0,-20.0,110.0,-7.213105646098826
191,1.9100000000000001,-5.312657722837358,-0.8106236906342431,7.1704343877349,-9.32093040592183,-0.04145440556415262,-1.7925984774652923,0.0,-20.0,-20.0,110.0,-7.209802618726579
192,1.92,-5.327414990017167,-0.8164470646466067,7.150384305992164,-9.320923529996527,-0.04298270673003468,-1.8019065061488595,0.0,-20.0,-20.0,110.0,-7.20656956369634
193,1.93,-5.342172257196976,-0.8222704386589701,7.130334224249427,-9.320916405698577,-0.044511006755898974,-1.8112145352058697,0.0,-20.0,-20.0,110.0,-7.20340646036563
194,1.94,-5.356929524376786,-0.8280938126713333,7.110284142506691,-9.320909033028142,-0.046039305601381864,-1.8205225646495764,0.0,-20.0,-20.0,110.0,-7.200313284799404
195,1.95,-5.371686791556595,-0.8339171866836963,7.0902340607639545,-9.32090141198539,-0.047567603226118076,-1.8298305944932236,0.0,-20.0,-20.0,110.0,-7.197290009747118
196,1.96,-5.386444058736404,-0.8397405606960592,7.070183979021218,-9.3208935425705,-0.049095899589742906,-1.8391386247500594,0.0,-20.0,-20.0,110.0,-7.19433660461993
197,1.97,-5.4012013259162135,-0.8455639347084218,7.0501338972784815,-9.320885424783647,-0.05062419465189213,-1.848446655433331,0.0,-20.0,-20.0,110.0,-7.1914530354681325
198,1.98,-5.415958593096023,-0.8513873087207843,7.030083815535745,-9.32087705862502,-0.052152488372200836,-1.857754686556287,0.0,-20.0,-20.0,110.0,-7.188639264958819
199,1.99,-5.430715860275832,-0.8572106827331466,7.0100337337930085,-9.320868444094817,-0.05368078071030524,-1.8670627181321804,0.0,-20.0,-20.0,110.0,-7.185895252353742
200,2.0,-5.445473127455641,-0.8630340567455087,6.989983652050272,-9.320859581193226,-0.05520907162584236,-1.8763707501742664,0.0,-20.0,-20.0,110.0,-7.183220953487387
201,2.0100000000000002,-5.460230394635451,-0.8688574307578706,6.969933570307536,-9.320850469920455,-0.05673736107844662,-1.8856787826957866,0.0,-20.0,-20.0,110.0,-7.180616320745316
202,2.02,-5.47498766181526,-0.8746808047702324,6.949883488564799,-9.320841110276712,-0.058265649027752914,-1.8949868157099854,0.0,-20.0,-20.0,110.0,-7.178081303042699
203,2.0300000000000002,-5.489744928995069,-0.8805041787825939,6.929833406822063,-9.320831502262212,-0.059793935433400294,-1.90429484923013,0.0,-20.0,-20.0,110.0,-7.1756158458030965
204,2.04,-5.504502196174879,-0.8863275527949552,6.909783325079326,-9.320821645877155,-0.06132222025502521,-1.91360288326947,0.0,-20.0,-20.0,110.0,-7.173219890937451
205,2.05,-5.519259463354688,-0.8921509268073164,6.88973324333659,-9.320811541121811,-0.06285050345226366,-1.922910917841262,0.0,-20.0,-20.0,110.0,-7.170893376823363
206,2.06,-5.534016730534497,-0.8979743008196774,6.869683161593853,-9.320801187996388,-0.06437878498474744,-1.9322189529587273,0.0,-20.0,-20.0,110.0,-7.168636238284578
207,2.07,-5.5487739977143065,-0.9037976748320382,6.849633079851117,-9.320790586501122,-0.06590706481211275,-1.9415269886351147,0.0,-20.0,-20.0,110.0,-7.16644840657072
208,2.08,-5.563531264894116,-0.9096210488443989,6.82958299810838,-9.320779736636261,-0.06743534289399555,-1.9508350248836732,0.0,-20.0,-20.0,110.0,-7.164329809337275
209,2.09,-5.578288532073925,-0.9154444228567593,6.809532916365644,-9.32076863840205,-0.06896361919003238,-1.9601430617176563,0.0,-20.0,-20.0,110.0,-7.162280370625817
210,2.1,-5.593045799253734,-0.9212677968691195,6.789482834622906,-9.320757291798746,-0.07049189365986026,-1.9694510991503158,0.0,-20.0,-20.0,110.0,-7.160300010844508
211,2.11,-5.607803066433544,-0.9270911708814795,6.769432752880169,-9.320745696826604,-0.07202016626311547,-1.9787591371949018,0.0,-20.0,-20.0,110.0,-7.158388646748818
212,2.12,-5.622560333613353,-0.9329145448938394,6.749382671137432,-9.320733853485896,-0.07354843695943244,-1.9880671758646524,0.0,-20.0,-20.0,110.0,-7.156546191422539
213,2.13,-5.637317600793162,-0.9387379189061991,6.729332589394694,-9.320721761776891,-0.07507670570844707,-1.9973752151728164,0.0,-20.0,-20.0,110.0,-7.154772554259025
214,2.14,-5.6520748679729715,-0.9445612929185585,6.709282507651957,-9.320709421699862,-0.07660497246979704,-2.006683255132651,0.0,-20.0,-20.0,110.0,-7.153067640942707
215,2.15,-5.666832135152781,-0.9503846669309178,6.6892324259092195,-9.320696833255097,-0.07813323720312114,-2.0159912957574186,0.0,-20.0,-20.0,110.0,-7.15143135343087
216,2.16,-5.68158940233259,-0.9562080409432769,6.669182344166482,-9.320683996442884,-0.07966149986805734,-2.0252993370603756,0.0,-20.0,-20.0,110.0,-7.149863589935698
217,2.17,-5.696346669512399,-0.9620314149556358,6.649132262423745,-9.320670911263516,-0.08118976042424068,-2.034607379054764,0.0,-20.0,-20.0,110.0,-7.148364244906557
218,2.18,-5.711103936692209,-0.9678547889679946,6.629082180681007,-9.320657577717292,-0.08271801883130679,-2.043915421753827,0.0,-20.0,-20.0,110.0,-7.1469332090125866
219,2.19,-5.725861203872018,-0.9736781629803531,6.60903209893827,-9.32064399580452,-0.08424627504889111,-2.053223465170807,0.0,-20.0,-20.0,110.0,-7.145570369125543
220,2.2,-5.740618471051827,-0.9795015369927115,6.588982017195533,-9.32063016552551,-0.0857745290366295,-2.0625315093189482,0.0,-20.0,-20.0,110.0,-7.144275608302872
221,2.21,-5.755375738231637,-0.9853249110050697,6.568931935452795,-9.320616086880579,-0.08730278075415862,-2.0718395542115005,0.0,-20.0,-20.0,110.0,-7.143048805771111
222,2.22,-5.770133005411446,-0.9911482850174277,6.548881853710058,-9.320601759870044,-0.08883103016111632,-2.0811475998617164,0.0,-20.0,-20.0,110.0,-7.141889836909536
223,2.23,-5.784890272591255,-0.9969716590297855,6.528831771967321,-9.320587184494244,-0.09035927721713997,-2.09045564628285,0.0,-20.0,-20.0,110.0,-7.140798573234054
224,2.24,-5.7996475397710645,-1.0027950330421431,6.508781690224583,-9.320572360753504,-0.09188752188186476,-2.099763693488142,0.0,-20.0,-20.0,110.0,-7.139774882381411
225,2.25,-5.814404806950874,-1.0086184070545006,6.488731608481846,-9.320557288648168,-0.09341576411492673,-2.109071741490833,0.0,-20.0,-20.0,110.0,-7.138818628093636
226,2.2600000000000002,-5.829162074130683,-1.0144417810668578,6.4686815267391085,-9.32054196817858,-0.09494400387596319,-2.1183797903041754,0.0,-20.0,-20.0,110.0,-7.137929670202784
227,2.27,-5.843919341310492,-1.0202651550792148,6.448631444996371,-9.320526399345093,-0.0964722411246119,-2.1276878399414225,0.0,-20.0,-20.0,110.0,-7.137107864615926
228,2.2800000000000002,-5.858676608490302,-1.0260885290915716,6.428581363253634,-9.32051058214806,-0.09800047582051022,-2.1369958904158235,0.0,-20.0,-20.0,110.0,-7.1363530633004295
229,2.29,-5.873433875670111,-1.0319119031039283,6.408531281510896,-9.320494516587846,-0.09952870792329635,-2.146303941740633,0.0,-20.0,-20.0,110.0,-7.135665114269479
230,2.3000000000000003,-5.88819114284992,-1.0377352771162849,6.388481199768159,-9.320478202664818,-0.10105693739260695,-2.1556119939290967,0.0,-20.0,-20.0,110.0,-7.135043861567915
231,2.31,-5.90294841002973,-1.0435586511286412,6.368431118025422,-9.320461640379348,-0.10258516418807705,-2.1649200469944514,0.0,-20.0,-20.0,110.0,-7.134489145258298
232,2.32,-5.917705677209539,-1.0493820251409973,6.348381036282683,-9.320444829731821,-0.10411338826934236,-2.1742281009499322,0.0,-20.0,-20.0,110.0,-7.1340008014072565
233,2.33,-5.932462944389348,-1.0552053991533532,6.328330954539945,-9.320427770722617,-0.10564160959604331,-2.183536155808808,0.0,-20.0,-20.0,110.0,-7.133578662072129
234,2.34,-5.9472202115691575,-1.0610287731657089,6.308280872797207,-9.320410463352124,-0.10716982812781686,-2.1928442115843247,0.0,-20.0,-20.0,110.0,-7.133222555287791
235,2.35,-5.961977478748967,-1.0668521471780645,6.288230791054469,-9.320392907620745,-0.10869804382429894,-2.2021522682897188,0.0,-20.0,-20.0,110.0,-7.13293230505387
236,2.36,-5.976734745928776,-1.07267552119042,6.26818070931173,-9.320375103528878,-0.11022625664512549,-2.21146032593823,0.0,-20.0,-20.0,110.0,-7.132707731322092
237,2.37,-5.991492013108585,-1.0784988952027752,6.248130627568992,-9.32035705107693,-0.11175446654993475,-2.220768384543109,0.0,-20.0,-20.0,110.0,-7.132548649983995
238,2.38,-6.006249280288395,-1.0843222692151302,6.228080545826254,-9.32033875026532,-0.1132826734983641,-2.2300764441176026,0.0,-20.0,-20.0,110.0,-7.132454872858861
239,2.39,-6.021006547468204,-1.090145643227485,6.2080304640835156,-9.320320201094463,-0.11481087745005286,-2.2393845046749705,0.0,-20.0,-20.0,110.0,-7.132426207681853
240,2.4,-6.035763814648013,-1.0959690172398395,6.187980382340777,-9.320301403564784,-0.11633907836463804,-2.2486925662284523,0.0,-20.0,-20.0,110.0,-7.132462458092512
241,2.41,-6.050521081827823,-1.1017923912521939,6.167930300598039,-9.320282357676712,-0.1178672762017572,-2.2580006287912946,0.0,-20.0,-20.0,110.0,-7.13256342362341
242,2.42,-6.065278349007632,-1.1076157652645482,6.147880218855301,-9.320263063430682,-0.11939547092104817,-2.2673086923767443,0.0,-20.0,-20.0,110.0,-7.132728899689128
243,2.43,-6.080035616187441,-1.1134391392769023,6.1278301371125625,-9.320243520827141,-0.1209236624821489,-2.276616756998048,0.0,-20.0,-20.0,110.0,-7.132958677575417
244,2.44,-6.0947928833672504,-1.1192625132892562,6.107780055369824,-9.320223729866532,-0.12245185084469644,-2.285924822668449,0.0,-20.0,-20.0,110.0,-7.133252544428646
245,2.45,-6.10955015054706,-1.1250858873016099,6.087729973627086,-9.320203690549308,-0.12398003596833104,-2.2952328894012055,0.0,-20.0,-20.0,110.0,-7.133610283245473
246,2.46,-6.124307417726869,-1.1309092613139633,6.067679891884348,-9.32018340287593,-0.12550821781268875,-2.3045409572095528,0.0,-20.0,-20.0,110.0,-7.134031672862755
247,2.47,-6.139064684906678,-1.1367326353263165,6.0476298101416095,-9.320162866846863,-0.1270363963374071,-2.313849026106732,0.0,-20.0,-20.0,110.0,-7.134516487947694
248,2.48,-6.153821952086488,-1.1425560093386697,6.027579728398871,-9.320142082462576,-0.1285645715021251,-2.3231570961059953,0.0,-20.0,-20.0,110.0,-7.135064498988227
249,2.49,-6.168579219266297,-1.1483793833510227,6.007529646656133,-9.320121049723545,-0.13009274326648151,-2.3324651672205903,0.0,-20.0,-20.0,110.0,-7.135675472283593
250,2.5,-6.183336486446106,-1.1542027573633755,5.987479564913395,-9.32009976863025,-0.13162091159011446,-2.341773239463761,0.0,-20.0,-20.0,110.0,-7.136349169935197
251,2.5100000000000002,-6.1980937536259155,-1.160026131375728,5.9674294831706565,-9.32007823918318,-0.13314907643266333,-2.3510813128487613,0.0,-20.0,-20.0,110.0,-7.137085349837625
252,2.52,-6.212851020805725,-1.1658495053880804,5.947379401427918,-9.32005646138283,-0.13467723775376753,-2.360389387388843,0.0,-20.0,-20.0,110.0,-7.137883765669898
253,2.5300000000000002,-6.227608287985534,-1.1716728794004325,5.92732931968518,-9.320034435229696,-0.13620539551306296,-2.369697463097233,0.0,-20.0,-20.0,110.0,-7.13874416688697
254,2.54,-6.242365555165343,-1.1774962534127846,5.907279237942441,-9.320012160724279,-0.13773354967018847,-2.379005539987179,0.0,-20.0,-20.0,110.0,-7.139666298711362
255,2.5500000000000003,-6.257122822345153,-1.1833196274251365,5.887229156199702,-9.319989637867094,-0.1392617001847851,-2.388313618071941,0.0,-20.0,-20.0,110.0,-7.140649902125042
256,2.56,-6.271880089524962,-1.1891430014374882,5.8671790744569625,-9.319966866658655,-0.14078984701649044,-2.3976216973647575,0.0,-20.0,-20.0,110.0,-7.14169471386151
257,2.57,-6.286637356704771,-1.1949663754498396,5.847128992714223,-9.31994384709948,-0.14231799012494312,-2.4069297778788705,0.0,-20.0,-20.0,110.0,-7.142800466398006
258,2.58,-6.301394623884581,-1.2007897494621909,5.827078910971484,-9.319920579190102,-0.14384612946978126,-2.4162378596275205,0.0,-20.0,-20.0,110.0,-7.143966887948001
259,2.59,-6.31615189106439,-1.2066131234745419,5.807028829228745,-9.319897062931048,-0.14537426501064274,-2.425545942623945,0.0,-20.0,-20.0,110.0,-7.145193702453779
260,2.6,-6.330909158244199,-1.2124364974868929,5.786978747486006,-9.31987329832286,-0.14690239670716765,-2.4348540268813967,0.0,-20.0,-20.0,110.0,-7.146480629579241
261,2.61,-6.3456664254240085,-1.2182598714992436,5.766928665743267,-9.319849285366079,-0.14843052451899608,-2.4441621124131228,0.0,-20.0,-20.0,110.0,-7.147827384702857
262,2.62,-6.360423692603818,-1.2240832455115942,5.746878584000528,-9.319825024061258,-0.1499586484057663,-2.453470199232363,0.0,-20.0,-20.0,110.0,-7.149233678910784
263,2.63,-6.375180959783627,-1.2299066195239445,5.7268285022577885,-9.319800514408948,-0.15148676832711921,-2.4627782873523696,0.0,-20.0,-20.0,110.0,-7.1506992189901535
264,2.64,-6.389938226963436,-1.2357299935362946,5.706778420515049,-9.319775756409715,-0.15301488424269383,-2.472086376786384,0.0,-20.0,-20.0,110.0,-7.152223707422461
265,2.65,-6.404695494143246,-1.2415533675486445,5.68672833877231,-9.31975075006412,-0.1545429961121284,-2.481394467547644,0.0,-20.0,-20.0,110.0,-7.15380684237719
266,2.66,-6.419452761323055,-1.2473767415609942,5.666678257029571,-9.31972549537274,-0.1560711038950643,-2.4907025596494075,0.0,-20.0,-20.0,110.0,-7.155448317705447
267,2.67,-6.434210028502864,-1.2532001155733439,5.646628175286832,-9.319699992336128,-0.15759920755114032,-2.500010653104906,0.0,-20.0,-20.0,110.0,-7.157147822933864
268,2.68,-6.448967295682674,-1.2590234895856933,5.626578093544093,-9.319674240954916,-0.15912730703999742,-2.509318747927398,0.0,-20.0,-20.0,110.0,-7.158905043258484
269,2.69,-6.463724562862483,-1.2648468635980425,5.606528011801354,-9.319648241229668,-0.16065540232127407,-2.5186268441301163,0.0,-20.0,-20.0,110.0,-7.160719659538878
270,2.7,-6.478481830042292,-1.2706702376103916,5.5864779300586145,-9.319621993160975,-0.16218349335460933,-2.5279349417262966,0.0,-20.0,-20.0,110.0,-7.162591348292329
271,2.71,-6.4932390972221015,-1.2764936116227403,5.566427848315875,-9.319595496749445,-0.16371158009964454,-2.5372430407291904,0.0,-20.0,-20.0,110.0,-7.164519781688072
272,2.72,-6.507996364401911,-1.282316985635089,5.546377766573136,-9.319568751995677,-0.16523966251601924,-2.5465511411520394,0.0,-20.0,-20.0,110.0,-7.166504627541703
273,2.73,-6.52275363158172,-1.2881403596474374,5.526327684830397,-9.319541758900293,-0.16676774056337348,-2.555859243008084,0.0,-20.0,-20.0,110.0,-7.168545549309645
274,2.74,-6.537510898761529,-1.2939637336597858,5.506277603087658,-9.319514517463903,-0.16829581420134826,-2.565167346310573,0.0,-20.0,-20.0,110.0,-7.170642206083676
275,2.75,-6.552268165941339,-1.299787107672134,5.486227521344919,-9.319487027687133,-0.169823883389584,-2.5744754510727477,0.0,-20.0,-20.0,110.0,-7.172794252585545
276,2.7600000000000002,-6.567025433121148,-1.3056104816844818,5.46617743960218,-9.319459289570615,-0.17135194808772183,-2.5837835573078545,0.0,-20.0,-20.0,110.0,-7.175001339161657
277,2.77,-6.581782700300957,-1.3114338556968295,5.44612735785944,-9.319431303114978,-0.17288000825540123,-2.593091665029129,0.0,-20.0,-20.0,110.0,-7.17726311177779
278,2.7800000000000002,-6.5965399674807665,-1.317257229709177,5.4260772761166995,-9.319403068320865,-0.17440806385226232,-2.6023997742498115,0.0,-20.0,-20.0,110.0,-7.179579212013925
279,2.79,-6.611297234660576,-1.3230806037215244,5.4060271943739595,-9.31937458518892,-0.17593611483794494,-2.6117078849831388,0.0,-20.0,-20.0,110.0,-7.1819492770589966
280,2.8000000000000003,-6.626054501840385,-1.3289039777338716,5.3859771126312195,-9.3193458537198,-0.17746416117209193,-2.6210159972423632,0.0,-20.0,-20.0,110.0,-7.184372939705817
281,2.81,-6.640811769020194,-1.3347273517462186,5.365927030888479,-9.319316873914158,-0.1789922028143436,-2.6303241110407223,0.0,-20.0,-20.0,110.0,-7.186849828345918
282,2.82,-6.655569036200004,-1.3405507257585654,5.345876949145739,-9.319287645772656,-0.1805202397243408,-2.639632226391456,0.0,-20.0,-20.0,110.0,-7.18937956696444
283,2.83,-6.670326303379813,-1.346374099770912,5.325826867402999,-9.319258169295965,-0.1820482718617242,-2.6489403433078045,0.0,-20.0,-20.0,110.0,-7.1919617751350335
284,2.84,-6.685083570559622,-1.3521974737832583,5.305776785660259,-9.319228444484763,-0.18357629918613555,-2.658248461803013,0.0,-20.0,-20.0,110.0,-7.194596068014801
285,2.85,-6.699840837739432,-1.3580208477956046,5.285726703917519,-9.319198471339725,-0.18510432165721444,-2.6675565818903113,0.0,-20.0,-20.0,110.0,-7.197282056339125
286,2.86,-6.714598104919241,-1.3638442218079505,5.265676622174779,-9.319168249861542,-0.18663233923460326,-2.6768647035829445,0.0,-20.0,-20.0,110.0,-7.200019346416557
287,2.87,-6.72935537209905,-1.3696675958202964,5.245626540432039,-9.319137780050902,-0.1881603518779437,-2.686172826894156,0.0,-20.0,-20.0,110.0,-7.202807540123668
288,2.88,-6.7441126392788595,-1.375490969832642,5.225576458689299,-9.319107061908499,-0.1896883595468768,-2.6954809518371823,0.0,-20.0,-20.0,110.0,-7.205646234899855
289,2.89,-6.758869906458669,-1.3813143438449875,5.205526376946559,-9.319076095435042,-0.1912163622010451,-2.704789078425269,0.0,-20.0,-20.0,110.0,-7.208535023742077
290,2.9,-6.773627173638478,-1.3871377178573328,5.185476295203819,-9.319044880631239,-0.19274435980008975,-2.7140972066716524,0.0,-20.0,-20.0,110.0,-7.211473495199555
291,2.91,-6.788384440818287,-1.3929610918696778,5.165426213461079,-9.3190134174978,-0.19427235230365195,-2.7234053365895665,0.0,-20.0,-20.0,110.0,-7.214461233368442
292,2.92,-6.803141707998097,-1.3987844658820228,5.145376131718339,-9.318981706035446,-0.19580033967137353,-2.7327134681922516,0.0,-20.0,-20.0,110.0,-7.217497817886366
293,2.93,-6.817898975177906,-1.4046078398943675,5.125326049975599,-9.31894974624491,-0.1973283218628977,-2.742021601492952,0.0,-20.0,-20.0,110.0,-7.220582823926901
294,2.94,-6.832656242357715,-1.4104312139067121,5.105275968232859,-9.318917538126911,-0.19885629883786776,-2.7513297365049145,0.0,-20.0,-20.0,110.0,-7.22371582219398
295,2.95,-6.847413509537525,-1.4162545879190565,5.085225886490119,-9.318885081682193,-0.20038427055592573,-2.7606378732413765,0.0,-20.0,-20.0,110.0,-7.226896378916172
296,2.96,-6.862170776717334,-1.4220779619314006,5.065175804747379,-9.318852376911499,-0.201912236976714,-2.769946011715578,0.0,-20.0,-20.0,110.0,-7.230124055840849
297,2.97,-6.876928043897143,-1.4279013359437445,5.045125723004639,-9.318819423815572,-0.20344019805987326,-2.7792541519407443,0.0,-20.0,-20.0,110.0,-7.233398410228282
298,2.98,-6.8916853110769525,-1.4337247099560884,5.025075641261899,-9.318786222395177,-0.20496815376504568,-2.7885622939301125,0.0,-20.0,-20.0,110.0,-7.236718994845511
299,2.99,-6.906442578256762,-1.439548083968432,5.005025559519158,-9.318752772651063,-0.20649610405187546,-2.7978704376969286,0.0,-20.0,-20.0,110.0,-7.240085357960214
300,3.0,-6.921199845436571,-1.4453714579807755,4.984975477776417,-9.318719074584,-0.20802404888000742,-2.807178583254441,0.0,-20.0,-20.0,110.0,-7.2434970433342665
301,3.0100000000000002,-6.93595711261638,-1.4511948319931187,4.964925396033676,-9.318685128194755,-0.20955198820908189,-2.816486730615876,0.0,-20.0,-20.0,110.0,-7.24695359021728
302,3.02,-6.95071437979619,-1.4570182060054617,4.944875314290935,-9.318650933484111,-0.21107992199874176,-2.825794879794468,0.0,-20.0,-20.0,110.0,-7.250454533339904
303,3.0300000000000002,-6.965471646975999,-1.4628415800178045,4.924825232548194,-9.318616490452843,-0.21260785020863124,-2.8351030308034586,0.0,-20.0,-20.0,110.0,-7.253999402906943
304,3.04,-6.980228914155808,-1.4686649540301473,4.904775150805453,-9.318581799101743,-0.2141357727983943,-2.8444111836560904,0.0,-20.0,-20.0,110.0,-7.257587724590358
305,3.0500000000000003,-6.994986181335618,-1.4744883280424899,4.884725069062712,-9.318546859431605,-0.2156636897276741,-2.853719338365599,0.0,-20.0,-20.0,110.0,-7.261219019521969
306,3.06,-7.009743448515427,-1.4803117020548322,4.8646749873199715,-9.318511671443229,-0.2171916009561149,-2.863027494945227,0.0,-20.0,-20.0,110.0,-7.264892804286039
307,3.0700000000000003,-7.024500715695236,-1.4861350760671743,4.844624905577231,-9.318476235137421,-0.21871950644335797,-2.872335653408198,0.0,-20.0,-20.0,110.0,-7.268608590911586
308,3.08,-7.0392579828750454,-1.4919584500795162,4.82457482383449,-9.318440550514987,-0.22024740614904795,-2.8816438137677496,0.0,-20.0,-20.0,110.0,-7.272365886864519
309,3.09,-7.054015250054855,-1.497781824091858,4.804524742091749,-9.31840461757675,-0.22177530003282928,-2.8909519760371234,0.0,-20.0,-20.0,110.0,-7.276164195039481
310,3.1,-7.068772517234664,-1.5036051981041993,4.784474660349008,-9.318368436323524,-0.22330318805434646,-2.9002601402295585,0.0,-20.0,-20.0,110.0,-7.280003013751487
311,3.11,-7.083529784414473,-1.5094285721165408,4.764424578606267,-9.318332006756146,-0.22483107017324222,-2.9095683063582825,0.0,-20.0,-20.0,110.0,-7.283881836727306
312,3.12,-7.098287051594283,-1.515251946128882,4.744374496863526,-9.318295328875442,-0.22635894634916148,-2.9188764744365345,0.0,-20.0,-20.0,110.0,-7.287800153096559
313,3.13,-7.113044318774092,-1.521075320141223,4.724324415120785,-9.318258402682257,-0.22788681654175003,-2.92818464447756,0.0,-20.0,-20.0,110.0,-7.291757447382568
314,3.14,-7.127801585953901,-1.5268986941535638,4.704274333378044,-9.318221228177432,-0.22941468071065269,-2.9374928164945957,0.0,-20.0,-20.0,110.0,-7.295753199492885
315,3.15,-7.1425588531337105,-1.5327220681659044,4.684224251635303,-9.318183805361793,-0.23094253881551272,-2.9468009905008645,0.0,-20.0,-20.0,110.0,-7.299786884709559
316,3.16,-7.15731612031352,-1.5385454421782447,4.664174169892562,-9.318146134236246,-0.23247039081597398,-2.9561091665096013,0.0,-20.0,-20.0,110.0,-7.303857973679094
317,3.17,-7.172073387493329,-1.544368816190585,4.644124088149821,-9.318108214801624,-0.2339982366716819,-2.965417344534045,0.0,-20.0,-20.0,110.0,-7.3079659324021025
318,3.18,-7.186830654673138,-1.5501921902029252,4.62407400640708,-9.318070047058804,-0.23552607634228293,-2.9747255245874364,0.0,-20.0,-20.0,110.0,-7.3121102222225955
319,3.19,-7.201587921852948,-1.556015564215265,4.6040239246643395,-9.318031631008648,-0.23705390978742344,-2.9840337066830163,0.0,-20.0,-20.0,110.0,-7.316290299816987
320,3.2,-7.216345189032757,-1.5618389382276048,4.583973842921599,-9.317992966652046,-0.23858173696674775,-2.993341890834015,0.0,-20.0,-20.0,110.0,-7.320505617182735
321,3.21,-7.231102456212566,-1.5676623122399442,4.563923761178857,-9.317954053989876,-0.24010955783990068,-3.002650077053664,0.0,-20.0,-20.0,110.0,-7.324755621626646
322,3.22,-7.245859723392376,-1.5734856862522835,4.543873679436115,-9.317914893023032,-0.24163737236652885,-3.011958265355201,0.0,-20.0,-20.0,110.0,-7.329039755752786
323,3.23,-7.260616990572185,-1.5793090602646227,4.523823597693373,-9.317875483752406,-0.24316518050627717,-3.021266455751856,0.0,-20.0,-20.0,110.0,-7.333357457450062
324,3.24,-7.275374257751994,-1.5851324342769617,4.503773515950631,-9.317835826178902,-0.24469298221879157,-3.0305746482568643,0.0,-20.0,-20.0,110.0,-7.337708159879404
325,3.25,-7.2901315249318035,-1.5909558082893005,4.4837234342078895,-9.317795920303427,-0.24622077746371826,-3.0398828428834586,0.0,-20.0,-20.0,110.0,-7.342091291460547
326,3.2600000000000002,-7.304888792111613,-1.596779182301639,4.463673352465148,-9.317755766126888,-0.24774856620070349,-3.0491910396448736,0.0,-20.0,-20.0,110.0,-7.34650627585844
327,3.27,-7.319646059291422,-1.6026025563139774,4.443623270722406,-9.317715363650214,-0.2492763483893949,-3.0584992385543504,0.0,-20.0,-20.0,110.0,-7.350952531969212
328,3.2800000000000002,-7.334403326471231,-1.6084259303263155,4.423573188979664,-9.317674712874323,-0.25080412398943874,-3.0678074396251223,0.0,-20.0,-20.0,110.0,-7.3554294739057635
329,3.29,-7.349160593651041,-1.6142493043386534,4.403523107236922,-9.317633813800146,-0.25233189296047903,-3.077115642870407,0.0,-20.0,-20.0,110.0,-7.359936510982892
330,3.3000000000000003,-7.36391786083085,-1.6200726783509913,4.3834730254941805,-9.317592666428618,-0.25385965526216153,-3.0864238483034314,0.0,-20.0,-20.0,110.0,-7.364473047702021
331,3.31,-7.378675128010659,-1.625896052363329,4.363422943751439,-9.317551270760687,-0.2553874108541351,-3.095732055937439,0.0,-20.0,-20.0,110.0,-7.36903848373544
332,3.3200000000000003,-7.393432395190469,-1.6317194263756665,4.343372862008697,-9.317509626797287,-0.256915159696049,-3.1050402657856777,0.0,-20.0,-20.0,110.0,-7.373632213910111
333,3.33,-7.408189662370278,-1.6375428003880037,4.323322780265955,-9.317467734539381,-0.25844290174754975,-3.114348477861373,0.0,-20.0,-20.0,110.0,-7.3782536281910245
334,3.34,-7.422946929550087,-1.6433661744003407,4.303272698523213,-9.317425593987924,-0.2599706369682829,-3.1236566921777467,0.0,-20.0,-20.0,110.0,-7.382902111664057
335,3.35,-7.4377041967298965,-1.6491895484126775,4.2832226167804714,-9.31738320514388,-0.2614983653178961,-3.132964908748035,0.0,-20.0,-20.0,110.0,-7.387577044518368
336,3.36,-7.452461463909706,-1.6550129224250143,4.26317253503773,-9.31734056800822,-0.2630260867560372,-3.142273127585468,0.0,-20.0,-20.0,110.0,-7.392277802028303
337,3.37,-7.467218731089515,-1.6608362964373509,4.243122453294988,-9.317297682581918,-0.26455380124235356,-3.151581348703275,0.0,-20.0,-20.0,110.0,-7.397003754534785
338,3.38,-7.481975998269324,-1.6666596704496872,4.223072371552246,-9.317254548865955,-0.266081508736493,-3.160889572114687,0.0,-20.0,-20.0,110.0,-7.401754267426179
339,3.39,-7.496733265449134,-1.6724830444620233,4.203022289809504,-9.317211166861318,-0.26760920919810444,-3.170197797832941,0.0,-20.0,-20.0,110.0,-7.4065287011187095
340,3.4,-7.511490532628943,-1.6783064184743592,4.182972208066762,-9.317167536568999,-0.2691369025868362,-3.179506025871269,0.0,-20.0,-20.0,110.0,-7.411326411036276
341,3.41,-7.526247799808752,-1.684129792486695,4.162922126324021,-9.317123657989995,-0.27066458886233385,-3.188814256242884,0.0,-20.0,-20.0,110.0,-7.416146747589757
342,3.42,-7.5410050669885615,-1.6899531664990306,4.142872044581279,-9.317079531125318,-0.27219226798424334,-3.198122488961003,0.0,-20.0,-20.0,110.0,-7.420989056155831
343,3.43,-7.555762334168371,-1.695776540511366,4.122821962838536,-9.317035155975963,-0.27371993991221505,-3.2074307240388635,0.0,-20.0,-20.0,110.0,-7.425852677055096
344,3.44,-7.57051960134818,-1.7015999145237013,4.102771881095793,-9.316990532542961,-0.2752476046058982,-3.2167389614897006,0.0,-20.0,-20.0,110.0,-7.430736945529805
345,3.45,-7.585276868527989,-1.7074232885360363,4.082721799353051,-9.31694566082732,-0.27677526202493985,-3.226047201326732,0.0,-20.0,-20.0,110.0,-7.435641191720916
346,3.46,-7.600034135707799,-1.713246662548371,4.062671717610308,-9.316900540830073,-0.27830291212899116,-3.2353554435631997,0.0,-20.0,-20.0,110.0,-7.44056474064459
347,3.47,-7.614791402887608,-1.7190700365607057,4.042621635867565,-9.316855172552252,-0.27983055487770214,-3.2446636882123356,0.0,-20.0,-20.0,110.0,-7.445506912168142
348,3.48,-7.629548670067417,-1.72489341057304,4.022571554124823,-9.316809555994894,-0.28135819023072245,-3.2539719352873715,0.0,-20.0,-20.0,110.0,-7.4504670209853066
349,3.49,-7.644305937247227,-1.7307167845853744,4.00252147238208,-9.31676369115904,-0.2828858181477014,-3.2632801848015336,0.0,-20.0,-20.0,110.0,-7.455444376591011
350,3.5,-7.659063204427036,-1.7365401585977085,3.982471390639337,-9.316717578045742,-0.2844134385882877,-3.272588436768048,0.0,-20.0,-20.0,110.0,-7.460438283255468
351,3.5100000000000002,-7.673820471606845,-1.7423635326100424,3.9624213088965945,-9.316671216656033,-0.28594105151213084,-3.2818966912001324,0.0,-20.0,-20.0,110.0,-7.465448039997661
352,3.52,-7.6885777387866545,-1.748186906622376,3.942371227153852,-9.316624606991015,-0.2874686568788824,-3.2912049481110355,0.0,-20.0,-20.0,110.0,-7.470472940558199
353,3.5300000000000002,-7.703335005966464,-1.7540102806347095,3.922321145411109,-9.316577749051737,-0.28899625464819195,-3.3005132075139754,0.0,-20.0,-20.0,110.0,-7.475512273371555
354,3.54,-7.718092273146273,-1.7598336546470428,3.9022710636683664,-9.316530642839261,-0.2905238447797084,-3.30982146942217,0.0,-20.0,-20.0,110.0,-7.480565321537621
355,3.5500000000000003,-7.732849540326082,-1.765657028659376,3.8822209819256237,-9.316483288354675,-0.2920514272330811,-3.319129733848842,0.0,-20.0,-20.0,110.0,-7.485631362792684
356,3.56,-7.747606807505892,-1.771480402671709,3.862170900182881,-9.31643568559906,-0.2935790019679632,-3.328438000807232,0.0,-20.0,-20.0,110.0,-7.490709669479635
357,3.5700000000000003,-7.762364074685701,-1.7773037766840418,3.8421208184401383,-9.316387834573503,-0.2951065689440034,-3.337746270310555,0.0,-20.0,-20.0,110.0,-7.495799508517617
358,3.58,-7.77712134186551,-1.7831271506963744,3.8220707366973956,-9.316339735279097,-0.29663412812085393,-3.3470545423720472,0.0,-20.0,-20.0,110.0,-7.500900141370902
359,3.59,-7.79187860904532,-1.7889505247087067,3.802020654954653,-9.31629138771695,-0.298161679458164,-3.356362817004922,0.0,-20.0,-20.0,110.0,-7.506010824017179
360,3.6,-7.806635876225129,-1.7947738987210389,3.7819705732119098,-9.316242791888158,-0.2996892229155868,-3.3656710942224133,0.0,-20.0,-20.0,110.0,-7.511130806915085
361,3.61,-7.821393143404938,-1.800597272733371,3.7619204914691666,-9.31619394779384,-0.3012167584527728,-3.374979374037743,0.0,-20.0,-20.0,110.0,-7.516259334971018
362,3.62,-7.8361504105847475,-1.806420646745703,3.7418704097264235,-9.316144855435109,-0.3027442860293736,-3.384287656464136,0.0,-20.0,-20.0,110.0,-7.521395647505347
363,3.63,-7.850907677764557,-1.8122440207580346,3.7218203279836803,-9.316095514813089,-0.3042718056050399,-3.3935959415148123,0.0,-20.0,-20.0,110.0,-7.52653897821776
364,3.64,-7.865664944944366,-1.818067394770366,3.701770246240937,-9.31604592592891,-0.3057993171394251,-3.402904229203004,0.0,-20.0,-20.0,110.0,-7.531688555152058
365,3.65,-7.880422212124175,-1.8238907687826973,3.681720164498194,-9.315996088783706,-0.30732682059218247,-3.412212519541944,0.0,-20.0,-20.0,110.0,-7.5368436006600374
366,3.66,-7.895179479303985,-1.8297141427950283,3.661670082755451,-9.315946003378617,-0.3088543159229622,-3.421520812544844,0.0,-20.0,-20.0,110.0,-7.542003331364785
367,3.67,-7.909936746483794,-1.835537516807359,3.6416200010127078,-9.315895669714788,-0.3103818030914153,-3.4308291082249176,0.0,-20.0,-20.0,110.0,-7.5471669581231655
368,3.68,-7.924694013663603,-1.84136089081969,3.6215699192699646,-9.31584508779337,-0.3119092820571957,-3.4401374065953982,0.0,-20.0,-20.0,110.0,-7.552333685987559
369,3.69,-7.939451280843413,-1.8471842648320205,3.6015198375272215,-9.315794257615522,-0.3134367527799574,-3.449445707669517,0.0,-20.0,-20.0,110.0,-7.557502714166809
370,3.7,-7.954208548023222,-1.8530076388443508,3.5814697557844783,-9.315743179182409,-0.31496421521935325,-3.4587540114604964,0.0,-20.0,-20.0,110.0,-7.562673235986485
371,3.71,-7.968965815203031,-1.858831012856681,3.5614196740417348,-9.315691852495194,-0.31649166933503564,-3.468062317981554,0.0,-20.0,-20.0,110.0,-7.567844438848286
372,3.72,-7.9837230823828405,-1.8646543868690109,3.541369592298991,-9.315640277555051,-0.3180191150866569,-3.4773706272459095,0.0,-20.0,-20.0,110.0,-7.573015504188727
373,3.73,-7.99848034956265,-1.8704777608813405,3.5213195105562476,-9.315588454363166,-0.3195465524338715,-3.486678939266786,0.0,-20.0,-20.0,110.0,-7.578185607436984
374,3.74,-8.013237616742458,-1.8763011348936702,3.501269428813504,-9.315536382920714,-0.3210739813363329,-3.4959872540574084,0.0,-20.0,-20.0,110.0,-7.583353917971966
375,3.75,-8.027994883922267,-1.8821245089059997,3.4812193470707604,-9.315484063228899,-0.32260140175369306,-3.505295571630986,0.0,-20.0,-20.0,110.0,-7.5885195990785945
376,3.7600000000000002,-8.042752151102075,-1.887947882918329,3.461169265328017,-9.315431495288909,-0.32412881364560636,-3.5146038920007436,0.0,-20.0,-20.0,110.0,-7.593681807903289
377,3.77,-8.057509418281883,-1.893771256930658,3.4411191835852732,-9.31537867910195,-0.3256562169717281,-3.52391221517991,0.0,-20.0,-20.0,110.0,-7.598839695408538
378,3.7800000000000002,-8.072266685461692,-1.8995946309429868,3.4210691018425297,-9.31532561466923,-0.3271836116917111,-3.533220541181697,0.0,-20.0,-20.0,110.0,-7.6039924063267845
379,3.79,-8.0870239526415,-1.9054180049553153,3.401019020099786,-9.315272301991962,-0.3287109977652104,-3.5425288700193263,0.0,-20.0,-20.0,110.0,-7.609139079113369
380,3.8000000000000003,-8.101781219821309,-1.911241378967644,3.3809689383570425,-9.315218741071362,-0.33023837515188187,-3.5518372017060242,0.0,-20.0,-20.0,110.0,-7.61427884589869
381,3.81,-8.116538487001117,-1.9170647529799723,3.360918856614299,-9.31516493190866,-0.33176574381138146,-3.5611455362550215,0.0,-20.0,-20.0,110.0,-7.619410832439513
382,3.8200000000000003,-8.131295754180925,-1.9228881269923004,3.340868774871555,-9.31511087450509,-0.3332931037033627,-3.570453873679527,0.0,-20.0,-20.0,110.0,-7.624534158069383
383,3.83,-8.146053021360734,-1.9287115010046283,3.320818693128811,-9.315056568861879,-0.3348204547874785,-3.5797622139927463,0.0,-20.0,-20.0,110.0,-7.629647935648249
384,3.84,-8.160810288540542,-1.934534875016956,3.300768611386067,-9.315002014980282,-0.3363477970233856,-3.5890705572079065,0.0,-20.0,-20.0,110.0,-7.634751271511173
385,3.85,-8.17556755572035,-1.9403582490292834,3.280718529643323,-9.314947212861533,-0.33787513037074085,-3.5983789033382334,0.0,-20.0,-20.0,110.0,-7.639843265416145
386,3.86,-8.190324822900159,-1.946181623041611,3.2606684479005787,-9.314892162506894,-0.33940245478919956,-3.6076872523969445,0.0,-20.0,-20.0,110.0,-7.64492301049108
387,3.87,-8.205082090079967,-1.9520049970539382,3.2406183661578347,-9.314836863917622,-0.34092977023841625,-3.616995604397247,0.0,-20.0,-20.0,110.0,-7.649989593179886
388,3.88,-8.219839357259776,-1.9578283710662652,3.2205682844150907,-9.314781317094983,-0.34245707667804554,-3.6263039593523505,0.0,-20.0,-20.0,110.0,-7.65504209318765
389,3.89,-8.234596624439584,-1.963651745078592,3.2005182026723467,-9.314725522040245,-0.3439843740677461,-3.6356123172754895,0.0,-20.0,-20.0,110.0,-7.660079583424884
390,3.9,-8.249353891619393,-1.9694751190909185,3.1804681209296026,-9.314669478754686,-0.345511662367175,-3.644920678179881,0.0,-20.0,-20.0,110.0,-7.665101129950922
391,3.91,-8.264111158799201,-1.975298493103245,3.1604180391868586,-9.314613187239594,-0.34703894153598835,-3.654229042078741,0.0,-20.0,-20.0,110.0,-7.670105791916379
392,3.92,-8.27886842597901,-1.981121867115571,3.1403679574441146,-9.314556647496246,-0.348566211533843,-3.663537408985287,0.0,-20.0,-20.0,110.0,-7.675092621504662
393,3.93,-8.293625693158818,-1.9869452411278972,3.12031787570137,-9.314499859525947,-0.3500934723203962,-3.6728457789127322,0.0,-20.0,-20.0,110.0,-7.680060663872572
394,3.94,-8.308382960338626,-1.992768615140223,3.1002677939586256,-9.314442823329983,-0.35162072385530624,-3.6821541518742986,0.0,-20.0,-20.0,110.0,-7.685008957089971
395,3.95,-8.323140227518435,-1.9985919891525488,3.080217712215881,-9.314385538909667,-0.3531479660982284,-3.6914625278831923,0.0,-20.0,-20.0,110.0,-7.689936532078491
396,3.96,-8.337897494698243,-2.0044153631648745,3.0601676304731367,-9.31432800626631,-0.3546751990088199,-3.700770906952626,0.0,-20.0,-20.0,110.0,-7.694842412549321
397,3.97,-8.352654761878052,-2.0102387371772,3.040117548730392,-9.314270225401225,-0.35620242254673906,-3.710079289095817,0.0,-20.0,-20.0,110.0,-7.699725614940004
398,3.98,-8.36741202905786,-2.016062111189525,3.0200674669876477,-9.314212196315735,-0.35772963667164476,-3.719387674325986,0.0,-20.0,-20.0,110.0,-7.704585148350255
399,3.99,-8.382169296237668,-2.02188548520185,3.0000173852449032,-9.314153919011165,-0.3592568413431944,-3.7286960626563417,0.0,-20.0,-20.0,110.0,-7.709420014476877
400,4.0,-8.396926563417477,-2.0277088592141745,2.9799673035021588,-9.314095393488852,-0.3607840365210468,-3.7380044541001,0.0,-20.0,-20.0,110.0,-7.714229207547624
401,4.01,-8.411683830597285,-2.033532233226499,2.9599172217594143,-9.314036619750132,-0.3623112221648614,-3.7473128486704805,0.0,-20.0,-20.0,110.0,-7.719011714254093
402,4.0200000000000005,-8.426441097777094,-2.0393556072388237,2.93986714001667,-9.31397759779633,-0.363838398234295,-3.7566212463806816,0.0,-20.0,-20.0,110.0,-7.723766513683688
403,4.03,-8.441198364956902,-2.045178981251148,2.9198170582739253,-9.313918327628837,-0.3653655646890082,-3.765929647243934,0.0,-20.0,-20.0,110.0,-7.728492577250446
404,4.04,-8.45595563213671,-2.051002355263472,2.8997669765311804,-9.313858809248988,-0.36689272148866037,-3.775238051273443,0.0,-20.0,-20.0,110.0,-7.73318886862503
405,4.05,-8.470712899316519,-2.0568257292757957,2.8797168947884355,-9.313799042658141,-0.3684198685929097,-3.784546458482421,0.0,-20.0,-20.0,110.0,-7.737854343663531
406,4.0600000000000005,-8.485470166496327,-2.0626491032881193,2.8596668130456906,-9.31373902785767,-0.36994700596141405,-3.793854868884066,0.0,-20.0,-20.0,110.0,-7.742487950335393
407,4.07,-8.500227433676136,-2.0684724773004426,2.8396167313029457,-9.313678764848948,-0.3714741335538344,-3.8031632824915964,0.0,-20.0,-20.0,110.0,-7.747088628650225
408,4.08,-8.514984700855944,-2.074295851312766,2.8195666495602008,-9.313618253633349,-0.3730012513298334,-3.8124716993182415,0.0,-20.0,-20.0,110.0,-7.751655310583561
409,4.09,-8.529741968035752,-2.080119225325089,2.799516567817456,-9.313557494212258,-0.3745283592490709,-3.82178011937721,0.0,-20.0,-20.0,110.0,-7.75618692000168
410,4.1,-8.54449923521556,-2.085942599337412,2.779466486074711,-9.313496486587066,-0.3760554572712056,-3.831088542681701,0.0,-20.0,-20.0,110.0,-7.760682372585234
411,4.11,-8.55925650239537,-2.0917659733497347,2.759416404331966,-9.31343523075917,-0.37758254535590047,-3.84039696924494,0.0,-20.0,-20.0,110.0,-7.765140575751946
412,4.12,-8.574013769575178,-2.097589347362057,2.739366322589221,-9.313373726729965,-0.3791096234628138,-3.849705399080124,0.0,-20.0,-20.0,110.0,-7.769560428578117
413,4.13,-8.588771036754986,-2.1034127213743794,2.719316240846476,-9.313311974500866,-0.3806366915516057,-3.8590138322004566,0.0,-20.0,-20.0,110.0,-7.773940821719186
414,4.14,-8.603528303934795,-2.1092360953867013,2.6992661591037312,-9.31324997407328,-0.38216374958193683,-3.868322268619143,0.0,-20.0,-20.0,110.0,-7.778280637329088
415,4.15,-8.618285571114603,-2.1150594693990232,2.6792160773609863,-9.313187725448628,-0.38369079751347,-3.877630708349401,0.0,-20.0,-20.0,110.0,-7.782578748978627
416,4.16,-8.633042838294411,-2.120882843411345,2.659165995618241,-9.313125228628339,-0.38521783530586695,-3.886939151404437,0.0,-20.0,-20.0,110.0,-7.78683402157266
417,4.17,-8.64780010547422,-2.1267062174236666,2.6391159138754956,-9.313062483613825,-0.38674486291879023,-3.89624759779747,0.0,-20.0,-20.0,110.0,-7.79104531126623
418,4.18,-8.662557372654028,-2.132529591435988,2.6190658321327502,-9.31299949040654,-0.38827188031190135,-3.9055560475416993,0.0,-20.0,-20.0,110.0,-7.795211465379566
419,4.19,-8.677314639833837,-2.138352965448309,2.599015750390005,-9.312936249007919,-0.38979888744486313,-3.914864500650339,0.0,-20.0,-20.0,110.0,-7.79933132231199
420,4.2,-8.692071907013645,-2.14417633946063,2.5789656686472595,-9.312872759419404,-0.39132588427733794,-3.9241729571365953,0.0,-20.0,-20.0,110.0,-7.803403711454622
421,4.21,-8.706829174193453,-2.149999713472951,2.558915586904514,-9.312809021642455,-0.392852870768987,-3.9334814170136654,0.0,-20.0,-20.0,110.0,-7.807427453102045
422,4.22,-8.721586441373262,-2.1558230874852717,2.538865505161769,-9.312745035678526,-0.39437984687947225,-3.942789880294752,0.0,-20.0,-20.0,110.0,-7.811401358362751
423,4.23,-8.73634370855307,-2.1616464614975923,2.5188154234190234,-9.31268080152908,-0.39590681256845817,-3.952098346993068,0.0,-20.0,-20.0,110.0,-7.815324229068439
424,4.24,-8.751100975732879,-2.1674698355099125,2.498765341676278,-9.312616319195588,-0.39743376779560785,-3.9614068171218215,0.0,-20.0,-20.0,110.0,-7.825437700418072
425,4.25,-8.765858242912687,-2.1732932095222326,2.4787152599335327,-9.312551588679526,-0.39896071252058385,-3.970715290694209,0.0,-20.0,-20.0,110.0,-7.849305698917582
426,4.26,-8.780615510092495,-2.1791165835345523,2.4586651781907873,-9.31248660998237,-0.40048764670305004,-3.9800237677234387,0.0,-20.0,-20.0,110.0,-7.873121654346367
427,4.2700000000000005,-8.795372777272304,-2.184939957546872,2.4386150964480415,-9.312421383105612,-0.4020145703026718,-3.989332248222723,0.0,-20.0,-20.0,110.0,-7.896886345918553
428,4.28,-8.810130044452112,-2.1907633315591917,2.4185650147052957,-9.312355908050744,-0.4035414832791145,-3.998640732205272,0.0,-20.0,-20.0,110.0,-7.920600543568577
429,4.29,-8.82488731163192,-2.196586705571511,2.39851493296255,-9.31229018481926,-0.4050683855920423,-4.00794921968429,0.0,-20.0,-20.0,110.0,-7.944265008056057
430,4.3,-8.839644578811729,-2.20241007958383,2.378464851219804,-9.312224213412666,-0.40659527720111993,-4.0172577106729825,0.0,-20.0,-20.0,110.0,-7.967880491069408
431,4.3100000000000005,-8.854401845991537,-2.208233453596149,2.3584147694770583,-9.31215799383247,-0.40812215806601243,-4.026566205184554,0.0,-20.0,-20.0,110.0,-7.991447735328386
432,4.32,-8.869159113171346,-2.214056827608468,2.3383646877343125,-9.312091526080188,-0.40964902814638315,-4.035874703232195,0.0,-20.0,-20.0,110.0,-8.014967474685507
433,4.33,-8.883916380351154,-2.219880201620786,2.3183146059915667,-9.31202481015734,-0.4111758874018989,-4.045183204829118,0.0,-20.0,-20.0,110.0,-8.038440434226343
434,4.34,-8.898673647530963,-2.2257035756331045,2.298264524248821,-9.31195784606545,-0.41270273579222433,-4.054491709988524,0.0,-20.0,-20.0,110.0,-8.061867330368681
435,4.3500000000000005,-8.913430914710771,-2.231526949645423,2.278214442506075,-9.311890633806053,-0.414229573277025,-4.0638002187236095,0.0,-20.0,-20.0,110.0,-8.085248870960687
436,4.36,-8.92818818189058,-2.237350323657741,2.2581643607633293,-9.311823173380686,-0.41575639981596535,-4.073108731047567,0.0,-20.0,-20.0,110.0,-8.108585755377877
437,4.37,-8.942945449070388,-2.2431736976700587,2.2381142790205835,-9.311755464790894,-0.4172832153687132,-4.082417246973613,0.0,-20.0,-20.0,110.0,-8.131878674619108
438,4.38,-8.957702716250196,-2.248997071682376,2.218064197277837,-9.31168750803822,-0.4188100198949362,-4.091725766514948,0.0,-20.0,-20.0,110.0,-8.155128311401459
439,4.39,-8.972459983430005,-2.2548204456946936,2.198014115535091,-9.311619303124221,-0.4203368133542988,-4.101034289684766,0.0,-20.0,-20.0,110.0,-8.178335340254097
440,4.4,-8.987217250609813,-2.260643819707011,2.1779640337923447,-9.311550850050462,-0.4218635957064693,-4.110342816496274,0.0,-20.0,-20.0,110.0,-8.201500427611073
441,4.41,-9.001974517789622,-2.266467193719328,2.1579139520495985,-9.311482148818502,-0.4233903669111148,-4.119651346962672,0.0,-20.0,-20.0,110.0,-8.22462423190316
442,4.42,-9.01673178496943,-2.272290567731645,2.137863870306852,-9.311413199429921,-0.4249171269279023,-4.128959881097155,0.0,-20.0,-20.0,110.0,-8.247707403648565
443,4.43,-9.031489052149238,-2.2781139417439618,2.117813788564106,-9.311344001886292,-0.4264438757164987,-4.138268418912923,0.0,-20.0,-20.0,110.0,-8.270750585542778
444,4.44,-9.046246319329047,-2.2839373157562783,2.0977637068213597,-9.311274556189195,-0.42797061323657304,-4.1475769604231765,0.0,-20.0,-20.0,110.0,-8.293754412547287
445,4.45,-9.061003586508855,-2.2897606897685945,2.0777136250786135,-9.311204862340222,-0.42949733944779284,-4.156885505641115,0.0,-20.0,-20.0,110.0,-8.316719511977416
446,4.46,-9.075760853688664,-2.2955840637809106,2.057663543335867,-9.311134920340967,-0.43102405430982565,-4.166194054579931,0.0,-20.0,-20.0,110.0,-8.339646503589128
447,4.47,-9.090518120868472,-2.3014074377932268,2.037613461593121,-9.31106473019303,-0.4325507577823393,-4.175502607252817,0.0,-20.0,-20.0,110.0,-8.362535999664908
448,4.48,-9.10527538804828,-2.3072308118055425,2.0175633798503747,-9.310994291898018,-0.4340774498250037,-4.184811163672979,0.0,-20.0,-20.0,110.0,-8.385388605098646
449,4.49,-9.120032655228089,-2.313054185817858,1.9975132981076282,-9.31092360545754,-0.4356041303974882,-4.194119723853618,0.0,-20.0,-20.0,110.0,-8.408204917479626
450,4.5,-9.134789922407897,-2.3188775598301734,1.9774632163648818,-9.310852670873215,-0.43713079945946165,-4.203428287807923,0.0,-20.0,-20.0,110.0,-8.430985527175539
451,4.51,-9.149547189587706,-2.3247009338424887,1.9574131346221353,-9.310781488146658,-0.4386574569705917,-4.212736855549082,0.0,-20.0,-20.0,110.0,-8.453731017414611
452,4.5200000000000005,-9.164304456767514,-2.3305243078548035,1.9373630528793886,-9.31071005727951,-0.44018410289054904,-4.222045427090297,0.0,-20.0,-20.0,110.0,-8.476441964366773
453,4.53,-9.179061723947322,-2.3363476818671183,1.917312971136642,-9.3106383782734,-0.44171073717900594,-4.2313540024447756,0.0,-20.0,-20.0,110.0,-8.499118937223983
454,4.54,-9.19381899112713,-2.342171055879433,1.8972628893938952,-9.310566451129962,-0.4432373597956305,-4.2406625816257035,0.0,-20.0,-20.0,110.0,-8.521762498279594
455,4.55,-9.20857625830694,-2.3479944298917474,1.8772128076511485,-9.31049427585085,-0.44476397070009266,-4.249971164646271,0.0,-20.0,-20.0,110.0,-8.5443732030069
456,4.5600000000000005,-9.223333525486748,-2.353817803904062,1.8571627259084018,-9.310421852437711,-0.44629056985206467,-4.259279751519681,0.0,-20.0,-20.0,110.0,-8.56695160013675
457,4.57,-9.238090792666556,-2.3596411779163757,1.837112644165655,-9.310349180892182,-0.447817157211217,-4.2685883422591235,0.0,-20.0,-20.0,110.0,-8.589498231734316
458,4.58,-9.252848059846364,-2.3654645519286897,1.817062562422908,-9.310276261215964,-0.44934373273722267,-4.277896936877809,0.0,-20.0,-20.0,110.0,-8.612013633275017
459,4.59,-9.267605327026173,-2.3712879259410036,1.797012480680161,-9.310203093410712,-0.45087029638975146,-4.287205535388916,0.0,-20.0,-20.0,110.0,-8.634498333719586
460,4.6000000000000005,-9.282362594205981,-2.377111299953317,1.7769623989374141,-9.310129677478093,-0.45239684812847425,-4.2965141378056355,0.0,-20.0,-20.0,110.0,-8.656952855588298
461,4.61,-9.29711986138579,-2.3829346739656305,1.7569123171946672,-9.310056013419786,-0.45392338791306414,-4.305822744141164,0.0,-20.0,-20.0,110.0,-8.67937771503437
462,4.62,-9.311877128565598,-2.3887580479779436,1.7368622354519203,-9.309982101237484,-0.4554499157031916,-4.315131354408687,0.0,-20.0,-20.0,110.0,-8.701773421916513
463,4.63,-9.326634395745407,-2.3945814219902566,1.7168121537091732,-9.309907940932868,-0.4569764314585288,-4.324439968621394,0.0,-20.0,-20.0,110.0,-8.724140479870744
464,4.64,-9.341391662925215,-2.400404796002569,1.696762071966426,-9.309833532507643,-0.4585029351387507,-4.333748586792488,0.0,-20.0,-20.0,110.0,-8.74647938638131
465,4.65,-9.356148930105023,-2.4062281700148818,1.676711990223679,-9.309758875963508,-0.4600294267035304,-4.343057208935162,0.0,-20.0,-20.0,110.0,-8.768790632850854
466,4.66,-9.370906197284832,-2.4120515440271943,1.6566619084809318,-9.309683971302169,-0.4615559061125414,-4.352365835062607,0.0,-20.0,-20.0,110.0,-8.79107470466983
467,4.67,-9.38566346446464,-2.4178749180395065,1.6366118267381846,-9.30960881852534,-0.463082373325456,-4.361674465188011,0.0,-20.0,-20.0,110.0,-8.81333208128507
468,4.68,-9.400420731644449,-2.4236982920518186,1.6165617449954373,-9.309533417634743,-0.4646088283019476,-4.37098309932456,0.0,-20.0,-20.0,110.0,-8.835563236267648
469,4.69,-9.415177998824257,-2.4295216660641303,1.59651166325269,-9.309457768632104,-0.4661352710016897,-4.380291737485438,0.0,-20.0,-20.0,110.0,-8.857768637379932
470,4.7,-9.429935266004065,-2.435345040076442,1.5764615815099425,-9.309381871519149,-0.467661701384357,-4.389600379683837,0.0,-20.0,-20.0,110.0,-8.879948746641912
471,4.71,-9.444692533183874,-2.4411684140887537,1.5564114997671952,-9.309305726297614,-0.469188119409624,-4.39890902593295,0.0,-20.0,-20.0,110.0,-8.90210402039678
472,4.72,-9.459449800363682,-2.446991788101065,1.5363614180244478,-9.309229332969247,-0.4707145250371643,-4.408217676245955,0.0,-20.0,-20.0,110.0,-8.924234909375777
473,4.73,-9.47420706754349,-2.4528151621133762,1.5163113362817005,-9.309152691535795,-0.4722409182266535,-4.417526330636045,0.0,-20.0,-20.0,110.0,-8.94634185876229
474,4.74,-9.488964334723299,-2.458638536125687,1.4962612545389529,-9.309075801999006,-0.4737672989377665,-4.426834989116406,0.0,-20.0,-20.0,110.0,-8.96842530825525
475,4.75,-9.503721601903107,-2.464461910137998,1.4762111727962053,-9.308998664360644,-0.4752936671301802,-4.436143651700234,0.0,-20.0,-20.0,110.0,-8.990485692131836
476,4.76,-9.518478869082916,-2.4702852841503082,1.4561610910534577,-9.308921278622469,-0.47682002276356955,-4.445452318400709,0.0,-20.0,-20.0,110.0,-9.012523439309398
477,4.7700000000000005,-9.533236136262724,-2.4761086581626186,1.4361110093107101,-9.308843644786258,-0.47834636579761064,-4.454760989231019,0.0,-20.0,-20.0,110.0,-9.034538973406798
478,4.78,-9.547993403442533,-2.481932032174929,1.4160609275679625,-9.308765762853776,-0.47987269619197925,-4.464069664204344,0.0,-20.0,-20.0,110.0,-9.056532712804948
479,4.79,-9.562750670622341,-2.487755406187239,1.3960108458252147,-9.308687632826816,-0.4813990139063532,-4.473378343333877,0.0,-20.0,-20.0,110.0,-9.07850507070676
480,4.8,-9.57750793780215,-2.493578780199549,1.375960764082467,-9.308609254707164,-0.4829253189004077,-4.482687026632799,0.0,-20.0,-20.0,110.0,-9.100456455196337
481,4.8100000000000005,-9.592265204981958,-2.4994021542118583,1.3559106823397191,-9.308530628496605,-0.48445161113381935,-4.491995714114289,0.0,-20.0,-20.0,110.0,-9.122387269297592
482,4.82,-9.607022472161766,-2.5052255282241678,1.3358606005969713,-9.30845175419695,-0.48597789056626817,-4.501304405791548,0.0,-20.0,-20.0,110.0,-9.14429791103211
483,4.83,-9.621779739341575,-2.511048902236477,1.3158105188542235,-9.308372631809993,-0.48750415715743084,-4.510613101677753,0.0,-20.0,-20.0,110.0,-9.16618877347642
484,4.84,-9.636537006521383,-2.516872276248786,1.2957604371114757,-9.308293261337552,-0.48903041086698285,-4.519921801786071,0.0,-20.0,-20.0,110.0,-9.188060244818628
485,4.8500000000000005,-9.651294273701192,-2.522695650261095,1.2757103553687277,-9.308213642781437,-0.4905566516546033,-4.529230506129694,0.0,-20.0,-20.0,110.0,-9.209912708414365
486,4.86,-9.666051540881,-2.5285190242734035,1.2556602736259797,-9.308133776143473,-0.49208287947997276,-4.538539214721815,0.0,-20.0,-20.0,110.0,-9.231746542842126
487,4.87,-9.680808808060808,-2.534342398285712,1.2356101918832316,-9.30805366142548,-0.4936090943027685,-4.547847927575611,0.0,-20.0,-20.0,110.0,-9.253562121958032
488,4.88,-9.695566075240617,-2.54016577229802,1.2155601101404836,-9.307973298629303,-0.49513529608266815,-4.5571566447042535,0.0,-20.0,-20.0,110.0,-9.275359814949876
489,4.89,-9.710323342420425,-2.5459891463103284,1.1955100283977356,-9.307892687756778,-0.49666148477935085,-4.566465366120923,0.0,-20.0,-20.0,110.0,-9.297139986390647
490,4.9,-9.725080609600234,-2.5518125203226365,1.1754599466549875,-9.30781182880974,-0.4981876603524955,-4.575774091838798,0.0,-20.0,-20.0,110.0,-9.318902996291447
491,4.91,-9.739837876780042,-2.557635894334944,1.1554098649122393,-9.307730721790046,-0.49971382276178206,-4.585082821871061,0.0,-20.0,-20.0,110.0,-9.34064920015373
492,4.92,-9.75459514395985,-2.563459268347252,1.135359783169491,-9.30764936669955,-0.5012399719668913,-4.594391556230892,0.0,-20.0,-20.0,110.0,-9.362378949021043
493,4.93,-9.769352411139659,-2.569282642359559,1.1153097014267428,-9.307567763540119,-0.5027661079275056,-4.603700294931488,0.0,-20.0,-20.0,110.0,-9.38409258953014
494,4.94,-9.784109678319467,-2.5751060163718664,1.0952596196839945,-9.307485912313613,-0.504292230603306,-4.613009037986028,0.0,-20.0,-20.0,110.0,-9.40579046396152
495,4.95,-9.798866945499276,-2.5809293903841732,1.0752095379412463,-9.307403813021905,-0.5058183399539699,-4.622317785407668,0.0,-20.0,-20.0,110.0,-9.427472910289406
496,4.96,-9.813624212679084,-2.58675276439648,1.0551594561984978,-9.307321465666874,-0.5073444359391787,-4.6316265372095895,0.0,-20.0,-20.0,110.0,-9.449140262231179
497,4.97,-9.828381479858892,-2.592576138408787,1.0351093744557494,-9.30723887025041,-0.5088705185186139,-4.640935293404975,0.0,-20.0,-20.0,110.0,-9.470792849296187
498,4.98,-9.8431387470387,-2.5983995124210932,1.0150592927130009,-9.307156026774393,-0.5103965876519566,-4.650244054006993,0.0,-20.0,-20.0,110.0,-9.492430996834084
499,4.99,-9.85789601421851,-2.6042228864333996,0.9950092109702524,-9.307072935240726,-0.5119226432988909,-4.659552819028836,0.0,-20.0,-20.0,110.0,-9.512880698969349
500,5.0,-9.872653281398318,-2.6100462604457055,0.9749591292275038,-9.306989595651308,-0.5134486854190987,-4.668861588483679,0.0,-20.0,-20.0,110.0,-9.529802588693771
501,5.01,-9.887410548578126,-2.6158696344580115,0.9549090474847552,-9.306906008008045,-0.5149747139722618,-4.678170362384691,0.0,-20.0,-20.0,110.0,-9.546757756433756
502,5.0200000000000005,-9.902167815757934,-2.621693008470317,0.9348589657420067,-9.306822172312852,-0.5165007289180628,-4.687479140745046,0.0,-20.0,-20.0,110.0,-9.563746044883715
503,5.03,-9.916925082937743,-2.6275163824826224,0.914808883999258,-9.306738088567643,-0.518026730216185,-4.69678792357792,0.0,-20.0,-20.0,110.0,-9.580767297465023
504,5.04,-9.931682350117551,-2.633339756494928,0.8947588022565093,-9.306653756774322,-0.519552717826311,-4.7060967108964835,0.0,-20.0,-20.0,110.0,-9.59782135832469
505,5.05,-9.94643961729736,-2.639163130507233,0.8747087205137606,-9.30656917693486,-0.5210786917081269,-4.715405502713932,0.0,-20.0,-20.0,110.0,-9.6149080723341
506,5.0600000000000005,-9.961196884477168,-2.644986504519538,0.8546586387710118,-9.306484349051173,-0.5226046518213171,-4.724714299043435,0.0,-20.0,-20.0,110.0,-9.632027285087537
507,5.07,-9.975954151656977,-2.6508098785318426,0.834608557028263,-9.306399273125203,-0.5241305981255646,-4.734023099898158,0.0,-20.0,-20.0,110.0,-9.649178842900831
508,5.08,-9.990711418836785,-2.656633252544147,0.8145584752855142,-9.306313949158893,-0.525656530580552,-4.7433319052912655,0.0,-20.0,-20.0,110.0,-9.666362592809845
509,5.09,-10.005468686016593,-2.6624566265564518,0.7945083935427653,-9.306228377154198,-0.5271824491459645,-4.752640715235934,0.0,-20.0,-20.0,110.0,-9.683578382568975
510,5.1000000000000005,-10.020225953196402,-2.668280000568756,0.7744583118000163,-9.306142557113072,-0.5287083537814865,-4.761949529745326,0.0,-20.0,-20.0,110.0,-9.700826060649614
511,5.11,-10.03498322037621,-2.67410337458106,0.7544082300572673,-9.306056489037484,-0.5302342444468047,-4.771258348832622,0.0,-20.0,-20.0,110.0,-9.7181054762385
512,5.12,-10.049740487556019,-2.6799267485933638,0.7343581483145183,-9.305970172929399,-0.5317601211016033,-4.780567172510986,0.0,-20.0,-20.0,110.0,-9.735416479236173
513,5.13,-10.064497754735827,-2.6857501226056675,0.7143080665717693,-9.305883608790797,-0.5332859837055699,-4.789876000793599,0.0,-20.0,-20.0,110.0,-9.752758920255213
514,5.14,-10.079255021915635,-2.6915734966179707,0.6942579848290201,-9.305796796623655,-0.5348118322183933,-4.799184833693648,0.0,-20.0,-20.0,110.0,-9.770132650618613
515,5.15,-10.094012289095444,-2.697396870630274,0.674207903086271,-9.305709736429957,-0.5363376665997589,-4.808493671224291,0.0,-20.0,-20.0,110.0,-9.787537522357962
516,5.16,-10.108769556275252,-2.7032202446425773,0.6541578213435219,-9.3056224282117,-0.5378634868093511,-4.817802513398684,0.0,-20.0,-20.0,110.0,-9.80497338821174
517,5.17,-10.12352682345506,-2.70904361865488,0.6341077396007726,-9.305534871970881,-0.5393892928068579,-4.827111360230002,0.0,-20.0,-20.0,110.0,-9.822440101623435
518,5.18,-10.138284090634869,-2.714866992667183,0.6140576578580234,-9.305447067709503,-0.5409150845519661,-4.83642021173141,0.0,-20.0,-20.0,110.0,-9.839937516739768
519,5.19,-10.153041357814677,-2.7206903666794853,0.5940075761152741,-9.305359015429572,-0.5424408620043636,-4.845729067916075,0.0,-20.0,-20.0,110.0,-9.857465488408765
520,5.2,-10.167798624994486,-2.7265137406917876,0.5739574943725247,-9.305270715133101,-0.5439666251237371,-4.855037928797157,0.0,-20.0,-20.0,110.0,-9.875023872177858
521,5.21,-10.182555892174294,-2.7323371147040896,0.5539074126297754,-9.305182166822119,-0.5454923738697763,-4.864346794387832,0.0,-20.0,-20.0,110.0,-9.89261252429198
522,5.22,-10.197313159354103,-2.7381604887163915,0.533857330887026,-9.305093370498644,-0.5470181082021707,-4.873655664701269,0.0,-20.0,-20.0,110.0,-9.91023130169154
523,5.23,-10.212070426533911,-2.7439838627286934,0.5138072491442766,-9.30500432616471,-0.5485438280806078,-4.88296453975063,0.0,-20.0,-20.0,110.0,-9.927880062010493
524,5.24,-10.22682769371372,-2.749807236740995,0.4937571674015271,-9.304915033822361,-0.5500695334647776,-4.892273419549083,0.0,-20.0,-20.0,110.0,-9.8392136146425
525,5.25,-10.241811219153096,-2.7543520728198634,0.4827323052973646,-9.522597610238098,-1.2611531483957528,-6.959637911430738,0.0,-20.0,-20.0,110.0,-9.950920189493361
526,5.26,-10.257120718048062,-2.7574366126006438,0.4815924356105718,-9.529356120188918,-2.364265922634578,-7.627247472216644,0.0,-20.0,-20.0,110.0,-9.881066565213512
527,5.2700000000000005,-10.27288037449332,-2.760385218574095,0.4835022388426737,-9.232878288764525,-3.924375063564053,-8.515926695068577,0.0,-20.0,-20.0,110.0,-10.105364453598192
528,5.28,-10.288906411713354,-2.7634167164848877,0.486065359415271,-8.582903979981284,-5.821888876812083,-10.16516714966091,0.0,-20.0,-20.0,110.0,-10.285405408338981
529,5.29,-10.305020393213319,-2.7665450829284235,0.48846844077960616,-7.624023016679062,-7.867599182610153,-12.645693106840769,0.0,-20.0,-20.0,110.0,-10.442886051493367
530,5.3,-10.32113712953787,-2.769698553832032,0.49076168966344663,-6.440817065611649,-9.869283489649938,-15.43364618223538,0.0,-20.0,-20.0,110.0,-10.428199519812745
531,5.3100000000000005,-10.337230421553505,-2.7728573095440776,0.4929558991167707,-5.067425446194672,-11.767834588041907,-18.28608971426772,0.0,-20.0,-20.0,110.0,-10.451185928394219
532,5.32,-10.35331067076062,-2.7760274317242555,0.4950737079382555,-3.506616397440353,-13.548472907930057,-21.209071520017666,0.0,-20.0,-20.0,110.0,-10.474837438932543
533,5.33,-10.369375619778305,-2.7792084251717033,0.49711558654870064,-1.7624793385899238,-15.196337362685384,-24.20660679482342,0.0,-20.0,-20.0,110.0,-10.499910298112209
534,5.34,-10.385422884977418,-2.782399813315722,0.49908198828374617,0.15910159222302864,-16.696608892612296,-27.280122909759292,0.0,-20.0,-20.0,110.0,-10.526346202707318
535,5.3500000000000005,-10.401450101927608,-2.785601110460033,0.5009734415045953,2.250004107927906,-18.034724974935394,-30.428045431369014,0.0,-20.0,-20.0,110.0,-10.554077555791045
536,5.36,-10.417454926422637,-2.7888118183542305,0.5027905487210547,4.499496233960043,-19.1966652410524,-33.64549244120512,0.0,-20.0,-20.0,110.0,-10.583039471419628
537,5.37,-10.433435036626166,-2.792031430986258,0.5045339866624003,6.893991406873976,-20.16928852537928,-36.92411011915801,0.0,-20.0,-20.0,110.0,-10.61315907446363
538,5.38,-10.449388135611192,-2.7952594299000717,0.5062045048012433,9.416967168340372,-20.940702969875044,-40.25204662269937,0.0,-20.0,-20.0,110.0,-10.644367204119954
539,5.39,-10.465311945305654,-2.7984952829754146,0.5078029284073898,12.049096130038944,-21.500638498272163,-43.61416525589027,0.0,-20.0,-20.0,110.0,-10.676598429644342
540,5.4,-10.481204221896533,-2.801738454933076,0.5093301533756744,14.768631644664238,-21.840793569928216,-46.992464358526554,0.0,-20.0,-20.0,110.0,-10.709777661248987
541,5.41,-10.497062756914092,-2.8049884101552465,0.5107871462370355,17.551943676779064,-21.955165511974972,-50.3665723196815,0.0,-20.0,-20.0,110.0,-10.74381137135456
542,5.42,-10.51288537338919,-2.80824460159399,0.5121749437094598,20.374310012974412,-21.84027610939393,-53.71459123388896,0.0,-20.0,-20.0,110.0,-10.778612074742803
543,5.43,-10.528669929814397,-2.811506475001881,0.5134946517483062,23.21084109556321,-21.4952802236208,-57.014058469510694,0.0,-20.0,-20.0,110.0,-10.81409180668007
544,5.44,-10.544414322456069,-2.8147734699838574,0.5147474444719635,26.037438472385883,-20.92194789566816,-60.24292895912609,0.0,-20.0,-20.0,110.0,-10.850161501249781
545,5.45,-10.560116487513875,-2.818045020841181,0.5159345630359804,28.83169142926692,-20.124521688868164,-63.380487532010584,0.0,-20.0,-20.0,110.0,-10.886730838075877
546,5.46,-10.57577440337236,-2.8213205572527933,0.5170573143292222,31.573626764619654,-19.10946520766013,-66.40810817752636,0.0,-20.0,-20.0,110.0,-10.923708584470656
547,5.47,-10.591386092525157,-2.8245995049302226,0.5181170697492902,34.24625257231389,-17.885130244425024,-69.30980155781529,0.0,-20.0,-20.0,110.0,-10.961002814255592
548,5.48,-10.606949623668644,-2.827881286211525,0.5191152637815274,36.83587040077458,-16.461374940106097,-72.0725261806362,0.0,-20.0,-20.0,110.0,-10.998521431658304
549,5.49,-10.622463113667527,-2.831165320623594,0.5200533925402652,39.332162690993606,-14.849166467411138,-74.68626973956788,0.0,-20.0,-20.0,110.0,-11.036172725804164
550,5.5,-10.637924729487896,-2.8344510254894177,0.5209330122374368,41.72808792206844,-13.060197705134655,-77.14393264120052,0.0,-20.0,-20.0,110.0,-11.073865825090378
551,5.51,-10.653332690021722,-2.8377378164883442,0.5217557376249686,44.01963136074493,-11.10654009984778,-79.44106104388538,0.0,-20.0,-20.0,110.0,-11.111511220535764
552,5.5200000000000005,-10.66868526785662,-2.8410251082319125,0.5225232403859478,46.20546391558534,-9.000346948568978,-81.57548089519383,0.0,-20.0,-20.0,110.0,-11.149021244119972
553,5.53,-10.68398079100144,-2.8443123148466616,0.5232372474632119,48.28655797379173,-6.7536136328290075,-83.54688062477702,0.0,-20.0,-20.0,110.0,-11.1863105249757
554,5.54,-10.699217644557724,-2.8475988505587737,0.5238995393321041,50.265800444795566,-4.377995103668315,-85.35638115503471,0.0,-20.0,-20.0,110.0,-11.223296425036038
555,5.55,-10.714394272334793,-2.8508841302792898,0.5245119482192813,52.14763262684627,-1.8846765555806175,-87.00612082727692,0.0,-20.0,-20.0,110.0,-11.259899452809048
556,5.5600000000000005,-10.729509178406564,-2.8541675701889617,0.5250763562694751,53.93773628617696,0.7157093219416739,-88.49887201122188,0.0,-20.0,-20.0,110.0,-11.296043653428185
557,5.57,-10.74456092860829,-2.8574485883219936,0.5255946936621314,55.64277687229052,3.4131261792140273,-89.83769690154647,0.0,-20.0,-20.0,110.0,-11.331656972950986
558,5.58,-10.759548151971595,-2.8607266051480083,0.5260689366798957,57.27020865408266,6.1981465562681155,-91.02564280277323,0.0,-20.0,-20.0,110.0,-11.366671594880257
559,5.59,-10.774469542096336,-2.864001044151636,0.5265011057309318,58.82814276993973,9.061940043690281,-92.0654719819698,0.0,-20.0,-20.0,110.0,-11.401024246995059
560,5.6000000000000005,-10.789323858457841,-2.867271332409135,0.5268932633270912,60.325277479434014,11.996242832545132,-92.95941752114861,0.0,-20.0,-20.0,110.0,-11.434656476755814
561,5.61,-10.804109927648224,-2.8705369011614668,0.5272475120199716,61.770889948089895,14.99331314663361,-93.70895398093124,0.0,-20.0,-20.0,110.0,-11.467514893765925
562,5.62,-10.81882664455052,-2.8737971863832485,0.5275659922969322,63.174890414134936,18.04587572506004,-94.31456951076547,0.0,-20.0,-20.0,110.0,-11.499551378009437
563,5.63,-10.833472973444497,-2.8770516293470156,0.527850880439171,64.54794244580312,21.14705720746889,-94.77552372311148,0.0,-20.0,-20.0,110.0,-11.530723252824563
564,5.64,-10.848047949043009,-2.880299677182207,0.5281043863439976,65.90165726880387,24.29031295495584,-95.08957258011837,0.0,-20.0,-20.0,110.0,-11.56099342182006
565,5.65,-10.86255067745789,-2.883540783428323,0.5283287513134762,67.24887615118948,27.469344446775246,-95.25263702174631,0.0,-20.0,-20.0,110.0,-11.590330469185506
566,5.66,-10.877086072270568,-2.886785260008035,0.5285632072948546,68.60411419838397,30.678017837687772,-95.25834676676412,360.1144104003906,-20.0,-20.0,109.99853134155273,-11.70526051172145
567,5.67,-10.891931982159363,-2.8900628360402103,0.5288984545119207,69.98414242591063,33.910257804609145,-95.09745825395389,940.4476928710938,-20.0,-20.0,109.99469661712646,-11.886524951159936
568,5.68,-10.90744923104109,-2.893415788056266,0.5294316337456119,71.40869736991256,37.15989687837406,-94.75713822918185,1562.985107421875,-20.0,-20.0,109.98832321166992,-12.099990111844544
569,5.69,-10.924021159254686,-2.8968933428671804,0.5302416101381721,72.90147764506315,40.42049465694352,-94.2199737722705,2200.0,-20.0,-20.0,109.9793529510498,-12.340394094246145
570,5.7,-10.941846931281997,-2.900525837576693,0.5313427722152104,74.49144360098323,43.68509322910523,-93.46266238369108,2200.0,-20.0,-20.0,109.97038269042969,-12.452591248385799
571,5.71,-10.960934219856195,-2.9043216866837254,0.5326945931993123,76.2147678932207,46.945916903241816,-92.45408620479998,2200.0,-20.0,-20.0,109.96141242980957,-12.563964121502728
572,5.72,-10.981289167935962,-2.9082889577425703,0.534257283696951,78.11773438161185,50.19396488472344,-91.15246952995035,2200.0,-20.0,-20.0,109.95244216918945,-12.674490396444282
573,5.73,-11.002916649403227,-2.912435542163761,0.5359908324051237,80.2607661205966,53.41839111072424,-89.50137620665188,2200.0,-20.0,-20.0,109.94347190856934,-12.784145468927898
574,5.74,-11.025820263301997,-2.916769146506367,0.5378550461198605,82.72426350646239,56.605577471298,-87.42389651082118,2200.0,-20.0,-20.0,109.93450164794922,-12.892901939717902
575,5.75,-11.050002329366547,-2.9212972839532814,0.539809590005927,85.61707361615622,59.73771336464881,-84.81420184588058,2200.0,-20.0,-20.0,109.9255313873291,-13.000729221625084
576,5.76,-11.075463884849201,-2.926027265980747,0.5418140280866173,89.08859308564564,62.79057413075565,-81.52546451120615,2200.0,-20.0,-20.0,109.91656112670898,-13.107593204535416
577,5.7700000000000005,-11.102204682656582,-2.9309661942332883,0.5438278639117778,93.34519578258744,65.73000806727828,-77.35345103853007,2200.0,-20.0,-20.0,109.90759086608887,-13.21345594138764
578,5.78,-11.13022319080186,-2.9361209526150915,0.5458105813615077,98.66939577661427,68.50642559028509,-72.01737846791369,2200.0,-20.0,-20.0,109.89862060546875,-13.31827533073998
579,5.79,-11.159516593178996,-2.9414981996086964,0.5477216855423266,105.43164830397849,71.04658258463125,-65.14813083438835,2200.0,-20.0,-20.0,109.88965034484863,-13.422004779852113
580,5.8,-11.190080791663478,-2.9471043608316725,0.5495207437320104,114.06062908819325,73.24317180330146,-56.31799554350106,2200.0,-20.0,-20.0,109.88068008422852,-13.524592837659183
581,5.8100000000000005,-11.22191040954249,-2.952945621841718,0.5511674263287697,124.89213205978572,74.94792258886412,-45.1917796899833,2200.0,-20.0,-20.0,109.8717098236084,-13.625982790637721
582,5.82,-11.25499879627575,-2.9590279212003594,0.5526215477599775,137.81048618819807,75.98582814841298,-31.88540575178142,2200.0,-20.0,-20.0,109.86273956298828,-13.726112216990035
583,5.83,-11.289338033596637,-2.965356943794502,0.5538431073334642,151.85379489278702,76.21372729623667,-17.360683606962276,2200.0,-19.288878440856934,-17.00357437133789,109.85376930236816,-13.824912109343686
584,5.84,-11.32491894319656,-2.971938114567317,0.5547923298282,165.40876471090584,75.60340802642189,-3.230492529576246,2200.0,-15.41135311126709,-13.08685302734375,109.84479904174805,-13.922306607972793
585,5.8500000000000005,-11.361731096200211,-2.9787765925020198,0.5554297059061194,177.1290650187621,74.26369484928608,9.15957297208693,2200.0,-11.962931156158447,-9.245560765266418,109.83582878112793,-14.018211555305921
586,5.86,-11.399762824779007,-2.9858772647552616,0.555716032420371,-173.46392144886414,72.37249412091997,19.33193493230418,2200.0,-9.031323790550232,-5.432266592979431,109.82685852050781,-14.112533778608979
587,5.87,-11.43900123564938,-2.993244743238752,0.5556124517070895,-166.18812200422954,70.09927188733768,27.470005827502717,2200.0,-6.561208367347717,-1.6089291870594025,109.8178882598877,-14.205172629294752
588,5.88,-11.479432223934165,-3.000883357377738,0.5550804935516562,-160.62869627280944,67.57304117095562,33.990283127317426,2200.0,-4.3645718693733215,2.297089546918869,109.80891799926758,-14.296019811147142
589,5.89,-11.521040489215562,-3.008797152717048,0.5540821141068109,-156.38084741061337,64.88342773374947,39.2995096020854,2200.0,-2.2436994314193726,6.377171874046326,109.79994773864746,-14.384943708201803
590,5.9,-11.56380955742223,-3.0169898878770365,0.5525797298696457,-153.1229316075881,62.09126649861894,43.721570655825325,2200.0,-0.17500430345535278,10.653131008148193,109.79097747802734,-14.471832143240105
591,5.91,-11.607721797258357,-3.025465034032236,0.550536268126983,-150.6175045299488,59.23822867482813,47.49646006646113,2200.0,1.6509157419204712,14.99852180480957,109.78200721740723,-14.55653616308231
592,5.92,-11.652758431116757,-3.0342257702286246,0.5479152056250755,-148.69340437389934,56.35366241650114,50.798208324037226,2200.0,3.1155925989151,19.18827772140503,109.77303695678711,-14.638926795476713
593,5.93,-11.69889954628026,-3.0432749906237513,0.5446806085744679,-147.22737328943685,53.45901488256833,53.75312157868141,2200.0,4.542835354804993,20.0,109.76406669616699,-14.718827039888177
594,5.94,-11.746124116425259,-3.0526152983576003,0.5407971701590671,-146.12993533499903,50.57064375654105,56.45382031099723,2200.0,6.434661149978638,20.0,109.75509643554688,-14.79606427411825
595,5.95,-11.794410019660692,-3.0622490103109006,0.5362302447819182,-145.3353889602774,47.70159046218999,58.96925615219929,2200.0,8.852067589759827,20.0,109.74612617492676,-14.870434716537837
596,5.96,-11.843734063413953,-3.072178151448022,0.5309458828789758,-144.79489584716515,44.862706080951426,61.35164892204099,2200.0,11.44949197769165,20.0,109.73715591430664,-15.007164887600148
597,5.97,-11.894072007621043,-3.0824044536557667,0.5249108648410118,-144.4716892905456,42.06338982982913,63.64124598691419,2200.0,13.743486404418944,20.0,109.72818565368652,-15.15195474777219
598,5.98,-11.945398587844725,-3.0929293541848244,0.5180927345838735,-144.33773845578028,39.31208301766742,65.8696012080387,2200.0,15.139329433441164,20.0,109.7192153930664,-15.296618586347792
599,5.99,-11.997687539866169,-3.103753994596966,0.5104598319301301,-144.3713970300903,36.61660469943862,68.06185238656975,2200.0,14.877872467041016,20.0,109.71024513244629,-15.44096597841265
600,6.0,-12.050911625710459,-3.1148792201395166,0.5019813237212499,-144.55571804632848,33.98438303376485,70.23831729994468,2200.0,12.263345718383789,20.0,109.70127487182617,-15.584812699538158
601,6.01,-12.105042661406983,-3.126305579442702,0.4926272336244021,-144.87722147058057,31.422615388262322,72.41562129224788,2200.0,7.478799223899842,20.0,109.69230461120605,-15.727980563082772
602,6.0200000000000005,-12.16005154688229,-3.138033324639384,0.4823684701359775,-145.32496437286912,28.938377975611157,74.60749880995861,2200.0,1.9271034002304075,20.0,109.68333435058594,-15.870297673183314
603,6.03,-12.215908298722896,-3.1500624122220056,0.4711768518928554,-145.88981470066423,26.538692472136386,76.82535938491759,2200.0,-3.064104914665222,20.0,109.67436408996582,-16.01159873613895
604,6.04,-12.272582084930201,-3.162392505119638,0.45902513103654247,-146.563941284809,24.230545795686613,79.0786625055029,2200.0,-7.075116038322449,20.0,109.6653938293457,-16.151739120815392
605,6.05,-12.33004125979977,-3.175022969502661,0.44588702533022767,-147.34049523405358,22.02089209763955,81.37519233867232,2200.0,-10.467302799224854,20.0,109.65642356872559,-16.290574616639695
606,6.0600000000000005,-12.388253394361136,-3.187952874823264,0.43173724711786776,-148.21326844714028,19.916648202311357,83.72126807224532,2200.0,-14.065637588500977,20.0,109.64745330810547,-16.427984236249774
607,6.07,-12.44718530734171,-3.2011809942076312,0.4165515300688415,-149.17634703141104,17.92467949831908,86.12188230728152,2200.0,-18.676633834838867,20.0,109.63848304748535,-16.563846049480574
608,6.08,-12.506803097737546,-3.2147058052402415,0.4003066546342319,-150.22383608575728,16.05175952660745,88.58078420129145,2200.0,-20.0,20.0,109.62951278686523,-16.698045847199882
609,6.09,-12.56707217984854,-3.228525491577671,0.38298047042991934,-151.34964472811035,14.304512535775162,91.10053121053248,2200.0,-20.0,20.0,109.62054252624512,-16.83047759964203
610,6.1000000000000005,-12.627957318916588,-3.2426379446917144,0.3645519180488477,-152.54731492806548,12.689341669207856,93.68252522705998,2200.0,-20.0,20.0,109.611572265625,-16.961044603230334
611,6.11,-12.689422666922734,-3.257040766115395,0.34500104996595055,-153.8098765771765,11.212341445112491,96.32704062384057,2200.0,-20.0,20.0,109.60260200500488,-17.089658331584573
612,6.12,-12.75143179858246,-3.2717312701309,0.3243090505387227,-155.12972999099392,9.8791963701488,99.03325336622444,2200.0,-20.0,20.0,109.59363174438477,-16.785331905028485
613,6.13,-12.804628287855003,-3.2823265589703943,0.31884959662123347,-161.03806235743795,13.148006940765596,88.80288842146783,2200.0,-20.0,20.0,109.58466148376465,-19.12964961803289
614,6.140000000000001,-12.847438162567032,-3.288503697160843,0.33140697360228766,-174.4921701752904,17.538877502834705,56.83308443088281,2200.0,20.0,20.0,109.57569122314453,-22.981485525302077
615,6.15,-12.889323859380774,-3.295919012411848,0.34732556311119295,169.49586811072842,10.41585362652935,6.556631592877211,319.9941101074219,20.0,15.547623634338377,109.57438659667969,-24.464551343487113
616,6.16,-12.93180911204371,-3.304733263928582,0.36315660119001086,168.6776855370191,-6.320601722743122,-47.02433655270643,0.0,20.0,17.797670364379883,109.57438659667969,-25.077102808224815
617,6.17,-12.974370546158827,-3.3137845553457197,0.37952640464405807,-176.13730664767021,-12.437319946546694,-103.73988018566372,0.0,20.0,-0.6641174852848053,109.57438659667969,-25.196290877931126
618,6.18,-13.017056544711437,-3.3227614634870233,0.39659989077934543,-165.2195845161976,0.4136765663872803,-158.93481026631915,0.0,20.0,-20.0,109.57438659667969,-25.255747326025773
619,6.19,-13.059809889221981,-3.3315924988843917,0.41431332140654686,-174.07185385877696,16.747850021465425,146.21341493772965,0.0,20.0,-20.0,109.57438659667969,-25.299485463299813
620,6.2,-13.102683808760064,-3.340272984325677,0.43265031777223384,164.2294714228345,14.60615956380526,87.63340448794894,0.0,20.0,-20.0,109.57438659667969,-25.341358222595236
621,6.21,-13.14572918973083,-3.348799128519556,0.4515903950661669,155.78287816822336,-7.813595927641466,35.67223795710129,0.0,-20.0,-20.0,109.57438659667969,-25.40674126344441
622,6.22,-13.188994300867389,-3.357168050289195,0.47110927863549845,173.79598979108778,-28.990030213575146,-20.075105696848635,0.0,-20.0,-20.0,109.57438659667969,-25.494734817919944
623,6.23,-13.232524528460228,-3.3653777397200777,0.49117920796058967,-153.35375875640742,-21.822239862779846,-82.58183664540788,0.0,-20.0,-20.0,109.57438659667969,-25.568545989945868
624,6.24,-13.276362169244683,-3.3734270569625706,0.5117692705787078,-142.86134107528338,10.276421756978413,-129.56702154844422,0.0,-20.0,-20.0,109.57438659667969,-25.59495155146721
625,6.25,-13.320546218639677,-3.3813157009806485,0.5328457404479209,-166.21711543313006,40.916134067635184,176.46319454794522,0.0,-20.0,-20.0,109.57438659667969,-25.592644632442536
626,6.26,-13.365112222933009,-3.3890441933286857,0.5543724255185918,144.020812049165,32.99327472773708,104.6430374115717,0.0,-20.0,-20.0,109.57438659667969,-25.62693829844268
627,6.2700000000000005,-13.41009215925122,-3.396613843227261,0.5763110102259328,128.63776294858963,-7.331469582318509,63.48897663145156,0.0,-20.0,-20.0,109.57438659667969,-25.742532485839334
628,6.28,-13.455514341869677,-3.404026707665944,0.5986214008283419,149.04018662402854,-49.576376047196426,18.869989971657116,0.0,-20.0,-20.0,109.57438659667969,-25.90144104487132
629,6.29,-13.501403361826394,-3.411285555213326,0.6212620689459721,-135.75349133619176,-46.897317825150296,-71.37127499917374,0.0,17.63462543487549,-20.0,109.57438659667969,-26.00295670808093
630,6.3,-13.547780056143784,-3.4183938203378244,0.6441903838092842,-114.83928242990488,-0.1714457275983261,-107.14062569293883,0.0,20.0,-20.0,109.57438659667969,-25.982520705050586
631,6.3100000000000005,-13.594661493540402,-3.425355554698882,0.6673629689170967,-123.85415659043105,51.30085956773765,-133.95618933309544,0.0,20.0,-20.0,109.57438659667969,-25.89394290876441
632,6.32,-13.64206102508831,-3.4321753916688276,0.6907359710631715,126.36849853015212,62.40592191916676,107.61678054739394,0.0,-6.992209553718567,-20.0,109.57438659667969,-25.878611603060037
633,6.33,-13.689988312598562,-3.4388584865962994,0.7142654075431649,101.71865523212061,10.573896979203871,77.40401451611959,0.0,-20.0,-20.0,109.57438659667969,-26.031870395951508
634,6.34,-13.738449402452016,-3.445410451604795,0.7379074396509825,100.0930094204961,-45.076180316489804,68.72035592614436,0.0,-20.0,-20.0,109.57438659667969,-26.29211625582397
635,6.3500000000000005,-13.787446824647173,-3.4518373406903256,0.7616186912158638,-103.09130880833933,-77.91147849304726,-90.65392469840602,0.0,-20.0,-20.0,109.57438659667969,-26.475555227725955
636,6.36,-13.836979705855219,-3.458145560446053,0.7853564501179138,-88.21822969744203,-21.99593884835459,-103.53945295798258,0.0,-20.0,-20.0,109.57438659667969,-26.4441032909418
637,6.37,-13.887043899998403,-3.464341836379616,0.8090789546814635,-82.75703212573694,33.94932154183674,-98.25111176727961,0.0,-20.0,-20.0,109.57438659667969,-26.253574808093806
638,6.38,-13.937632130013737,-3.470433149844851,0.832745619011307,1.5959153494880578,79.66161765146194,-10.152907031972314,0.0,-20.0,-20.0,109.57438659667969,-26.126500120463017
639,6.390000000000001,-13.988734154072924,-3.4764266964993293,0.8563172417091168,72.57849752499575,32.38719362270532,69.19993805607321,0.0,-20.0,-20.0,109.57438659667969,-26.253264718357563
640,6.4,-14.040336936553333,-3.482329832936575,0.879756193083001,69.63701871740105,-21.16833816163788,86.87666858849036,0.0,-20.0,-20.0,109.57438659667969,-26.599812260825296
641,6.41,-14.09242482945015,-3.488150022571127,0.9030265903372378,24.999320144971545,-64.23268961503601,142.36123340325847,0.0,-20.0,-20.0,109.57438659667969,-26.914459351672946
642,6.42,-14.144979764649921,-3.493894791061774,0.9260944528253708,-53.43966281220513,-39.29637888123554,-124.9346000371614,0.0,-20.0,-20.0,109.57438659667969,-26.948912311214514
643,6.43,-14.197981451046493,-3.4995716807134025,0.9489278360358575,-57.89639722772793,8.859472525001319,-93.76791298986332,0.0,1.4010682702064514,-20.0,109.57438659667969,-26.6982732760096
644,6.44,-14.250845322634756,-3.505284329232961,0.9718807194814634,-29.00860070280764,47.9206382429579,-45.55401603025492,2200.0,-20.0,-20.0,109.56541633605957,-26.82214190475503
645,6.45,-14.303005449935728,-3.5111078103865663,0.9953420184687628,32.391723198487284,40.34094039163314,36.14108687652779,2200.0,-20.0,-10.748004913330078,109.55644607543945,-26.794891426045318
646,6.46,-14.354500709563855,-3.5170358260649355,1.0193729090142882,45.763189967561715,1.3702870238915246,80.91638093901832,2200.0,-20.0,11.362757682800291,109.54747581481934,-27.117890267409383
647,6.47,-14.40536900679255,-3.523056879108515,1.0440244553574527,27.660690739521073,-32.46347934900847,128.49784159040658,2200.0,-20.0,-20.0,109.53850555419922,-27.529300354964263
648,6.48,-14.455652016803052,-3.529159370894993,1.0693446979127579,-14.454449744407313,-35.01771825406402,-162.37877948445657,2200.0,-20.0,-20.0,109.5295352935791,-27.673613264409738
649,6.49,-14.505394957535225,-3.5353316698319204,1.0953783809452171,-32.56016950403462,-8.064197705359,-108.27329700849813,2200.0,-20.0,-20.0,109.52056503295898,-27.427419055933456
650,6.5,-14.55497237938088,-3.5415248746147063,1.121625939971558,-23.080860132417786,18.682043549492096,-58.1628130642735,175.54795837402344,-20.0,-20.0,109.51984882354736,-26.63927597063443
651,6.51,-14.60475689298544,-3.547712946532588,1.1475181703493083,2.8976135900739926,25.16971554081621,2.6376462226753348,0.0,-20.0,-20.0,109.51984882354736,-26.45376720291932
652,6.5200000000000005,-14.654739908866102,-3.553895644153391,1.1729935081890943,18.877991598290386,10.066755261945374,59.9656886240304,0.0,-20.0,-20.0,109.51984882354736,-26.72748802416897
653,6.53,-14.704889535069805,-3.56007826505095,1.1980434367704687,15.665911674782834,-7.479922920828143,113.54743824165568,0.0,-20.0,-20.0,109.51984882354736,-27.235976353697204
654,6.54,-14.755174426491584,-3.5662661658424994,1.2226621524327272,2.404380477205496,-13.153679863764927,170.58469266558072,0.0,-20.0,-20.0,109.51984882354736,-27.570608196967292
655,6.55,-14.80556336560129,-3.5724643594685612,1.2468461615610131,-6.3647504786529225,-7.0278862958543264,-132.46736072215324,0.0,-0.747418999671936,-19.205487966537476,109.51984882354736,-27.47186635268835
656,6.5600000000000005,-14.855967560602457,-3.5786724287607434,1.2710456016979803,-5.695942145345353,-0.11030795089091917,-76.5771695311985,1456.3944091796875,10.933923721313477,20.0,109.5139102935791,-27.366635675623463
657,6.57,-14.906309510843577,-3.5848681530422146,1.2959462102955415,-2.4049179019643745,0.8305398047236769,-20.32651636637398,2200.0,-20.0,20.0,109.50494003295898,-27.227293133614843
658,6.58,-14.956625220905265,-3.591036994867101,1.3217872561907955,-3.3323524222963092,-0.388874159813394,35.97484749155986,2200.0,-20.0,20.0,109.49596977233887,-27.360864364861328
659,6.59,-15.006981310362265,-3.597172228611875,1.3485727859007648,-6.0291422136274795,3.164597922967949,92.06972425274067,2200.0,-20.0,20.0,109.48699951171875,-27.85812170525081
660,6.6000000000000005,-15.057441896318332,-3.6032660221156934,1.376302156475334,-2.3815623616017105,10.275058092237403,148.29634156075397,2200.0,-20.0,20.0,109.47802925109863,-28.339159301608227
661,6.61,-15.108070959987247,-3.609311220018001,1.4049705365135516,9.316084380198937,10.935419001705533,-154.3196219261845,2200.0,-20.0,20.0,109.46905899047852,-28.445283020481487
662,6.62,-15.158932001090076,-3.6153013414406265,1.4345687814075478,18.072410954069547,-1.2932530274410508,-99.13963897471977,2200.0,-20.0,20.0,109.4600887298584,-28.160438350917683
663,6.63,-15.21008771239067,-3.6212306020024148,1.465083290523996,11.693262112556534,-18.644941115186263,-44.576356330026414,2200.0,-20.0,20.0,109.45111846923828,-27.820770741427367
664,6.640000000000001,-15.261599700480158,-3.627093942932023,1.4964961361769826,-11.146799665837735,-23.266496657171448,15.940734896686175,2200.0,-20.0,20.0,109.44214820861816,-27.808021126040252
665,6.65,-15.313213888708832,-3.6329369389938275,1.5281759641581019,-29.012851768867055,-5.072091810013813,71.24786406806068,0.0,10.13655424118042,20.0,109.44214820861816,-27.721541168959963
666,6.66,-15.364642840804638,-3.638826189166707,1.559507917338628,-24.712268905040222,22.82748441998695,121.17365487329151,0.0,20.0,20.0,109.44214820861816,-28.205368994989712
667,6.67,-15.415859658074876,-3.644756843941595,1.5905114600234223,8.04366057216228,36.094361323089494,-174.82451228779487,0.0,20.0,20.0,109.44214820861816,-28.435002295087237
668,6.68,-15.467272768609059,-3.6506750186407912,1.6217408247247584,38.14576960408611,14.9583647844368,-115.92832653779863,2200.0,20.0,20.0,109.43317794799805,-28.761286584639844
669,6.69,-15.519319501089027,-3.656507997339469,1.6537250204826468,39.4111741391874,-21.954341483936012,-72.73961496786568,2200.0,20.0,20.0,109.42420768737793,-28.463100628416925
670,6.7,-15.572056041119824,-3.6622610383773733,1.6864207744438722,1.919710119965926,-47.850479985348244,-9.295818950218482,2200.0,20.0,20.0,109.41523742675781,-28.348187309056353
671,6.71,-15.625529678331187,-3.667934606265513,1.719785163564369,-45.55339260405958,-27.283008771312637,59.554835374795516,2200.0,20.0,20.0,109.4062671661377,-28.60822789557658
672,6.72,-15.679784730466034,-3.673529962364505,1.7537723368260643,-53.42340546441689,16.357760409340372,96.02286816152531,2200.0,20.0,20.0,109.39729690551758,-29.09887644449413
673,6.73,-15.73486245387771,-3.679049160328905,1.7883338015553243,-21.671108986531344,56.03239129799237,149.0628684818692,2200.0,20.0,20.0,109.38832664489746,-29.484976012567994
674,6.74,-15.790800975797634,-3.6844950384779898,1.8234187071161374,51.876683632358336,41.13501972250928,-122.20346913173566,2200.0,10.39551019668579,20.0,109.37935638427734,-29.54596939914226
675,6.75,-15.847635167113689,-3.6898712089905565,1.8589740805443753,65.6326477120637,-7.307240564777864,-91.16660497544781,2200.0,20.0,20.0,109.37038612365723,-29.36195162109412
676,6.76,-15.905396447690107,-3.6951820325871925,1.8949450130120196,49.30758205015555,-57.2964363198204,-58.1395319730462,2200.0,20.0,20.0,109.36141586303711,-29.223091713589184
677,6.7700000000000005,-15.964112626905733,-3.7004325947943815,1.9312748700769142,-58.44373611231213,-55.78005939672117,59.48637489611197,2200.0,20.0,20.0,109.35244560241699,-29.36051514387355
678,6.78,-16.02314568467358,-3.7056619702077134,1.9677236257471848,-76.34403247676991,-3.7220318649882738,85.95013755748792,0.0,20.0,20.0,109.35244560241699,-29.234969297942975
679,6.79,-16.081846263337997,-3.7109232138389032,2.004086877618186,-73.68006939188342,51.12414224162775,100.14818300073708,0.0,20.0,20.0,109.35244560241699,-29.55869913190618
680,6.8,-16.140211205670084,-3.716207584800331,2.0403912302287326,69.55133576451475,70.45858370600529,-111.58809827413502,0.0,20.0,20.0,109.35244560241699,-29.66523932027918
681,6.8100000000000005,-16.198244996355555,-3.721512179238101,2.0766578179492443,86.59206210209028,15.42715343044521,-92.65468038106856,12.704288482666016,20.0,20.0,109.3523941040039,-29.54039636928152
682,6.82,-16.25663656354111,-3.7268215542439753,2.1129258155575,90.1571145530014,-40.72602658616926,-91.35196977512221,2200.0,20.0,20.0,109.34342384338379,-29.87634174853874
683,6.83,-16.316071255242125,-3.732108822632074,2.149196240457556,-116.8719857503447,-82.23477964473489,115.928297339522,2200.0,20.0,20.0,109.33445358276367,-29.937398371942137
684,6.84,-16.376551491876373,-3.7373895208250487,2.1854018485844393,-97.67979894218763,-26.615655355577232,93.26771666764432,2200.0,20.0,20.0,109.32548332214355,-30.206860619887646
685,6.8500000000000005,-16.438075108827768,-3.742673520186756,2.2214811065307383,-101.67542400344351,28.94401426054135,84.67003470887563,2200.0,20.0,20.0,109.31651306152344,-30.54530145195865
686,6.86,-16.50063625693352,-3.7479711407394807,2.2573729200659116,-162.94270715246554,75.84946413992927,18.543015875673145,2200.0,20.0,20.0,109.30754280090332,-30.77009420327576
687,6.87,-16.56422551602814,-3.753293121849702,2.293016843283268,110.93926907635307,35.98996063442984,-75.70172817842251,2200.0,20.0,20.0,109.2985725402832,-30.819293995995046
688,6.88,-16.62882996343266,-3.7586505849501264,2.3283532916758376,111.07924700793289,-17.37521959698146,-94.25662749974083,2200.0,20.0,20.0,109.28960227966309,-30.790471732504336
689,6.890000000000001,-16.693795308144292,-3.764019866220966,2.3635777887138065,149.018376319521,-62.504345093003806,-142.86366404972395,0.0,20.0,20.0,109.28960227966309,-30.331892972740988
690,6.9,-16.758478223409355,-3.769387300933506,2.3989204973221128,-126.98428126145146,-42.05176221632154,120.60199626860569,0.0,20.0,17.168664932250973,109.28960227966309,-30.453231263460793
691,6.91,-16.822890857621235,-3.7747434333714094,2.434400336215881,-119.97089116136492,7.047510145208927,90.6433231876525,0.0,20.0,11.145354509353636,109.28960227966309,-30.649147048096467
692,6.92,-16.887044289265656,-3.78008504959007,2.4700305763615136,-146.6288163310972,49.4513737520535,46.54370130345569,0.0,20.0,-19.563710689544678,109.28960227966309,-30.799610106819078
693,6.93,-16.9509502035689,-3.7854089933532413,2.5058236536507397,144.2371847406521,43.566308579307034,-39.61356064391825,0.0,20.0,-20.0,109.28960227966309,-30.84366091535372
694,6.94,-17.01462076658375,-3.7907121488728643,2.5417910453014314,129.11979646330406,1.2047270382696065,-81.24253584604006,0.0,20.0,14.2067551612854,109.28960227966309,-30.823510469893165
695,6.95,-17.078068600141123,-3.7959914863721504,2.5779433408657093,147.95367055396005,-37.62237528343681,-125.24722464911923,0.0,20.0,20.0,109.28960227966309,-30.830269941453533
696,6.96,-17.141499728331592,-3.801279048038921,2.61410340913071,-159.09907774089734,-40.57983290442439,160.02084053091377,866.93505859375,1.9633042812347412,20.0,109.28606700897217,-31.104581808919413
697,6.97,-17.20539060599904,-3.806662176390446,2.649780578338299,-138.61958282485833,-6.680087906793321,109.53937454421396,2200.0,20.0,20.0,109.27709674835205,-31.545255484775925
698,6.98,-17.269995546284687,-3.8121996822586333,2.6846454257617944,-151.4260560975956,27.575613935111022,63.45630042811215,2200.0,20.0,20.0,109.26812648773193,-31.699835936179223
699,6.99,-17.33526729875504,-3.8179077117664955,2.718657879079453,169.1134299646241,34.529400600716116,-2.849813922113947,2200.0,20.0,20.0,109.25915622711182,-31.797229459731515
700,7.0,-17.401159100680815,-3.823798781226785,2.7517820747912305,147.9048666479896,8.935585568703514,-57.79609117871849,2200.0,20.0,20.0,109.2501859664917,-31.85717668936705
701,7.01,-17.467498404429655,-3.8298392034092577,2.784197125526798,156.4266392156798,-19.86029692328844,-106.80330301731506,1399.272216796875,20.0,20.0,109.24448013305664,-31.75720117759208
702,7.0200000000000005,-17.533925524919383,-3.8359130971143993,2.816472842595762,-174.16365293014067,-27.24573722156723,-168.17251571547212,0.0,20.0,9.068849682807922,109.24448013305664,-31.558533351211224
703,7.03,-17.600237293718877,-3.8419455555462627,2.8489853241830265,-155.93191910420117,-8.041471272116945,135.7544165370261,0.0,20.0,-2.028086930513382,109.24448013305664,-31.65978175227588
704,7.04,-17.666450714676948,-3.84793072282855,2.8817381659545735,-162.3942684551819,14.939081230188037,84.02380284846154,0.0,20.0,-20.0,109.24448013305664,-31.74885158044236
705,7.05,-17.7325798551161,-3.8538665691201275,2.914733198678366,175.14882025644982,20.218594489093537,25.056129765674747,0.0,20.0,-20.0,109.24448013305664,-31.813739264736807
706,7.0600000000000005,-17.798638643045297,-3.859751187809448,2.9479714605787075,161.68957374946876,4.59800347808171,-30.597800857312283,0.0,-3.710593581199646,-20.0,109.24448013305664,-31.87060534866768
707,7.07,-17.864640836797356,-3.8655827913206586,2.9814532275721697,168.61942224039646,-13.097181009863245,-84.32557000411614,0.0,-20.0,-20.0,109.24448013305664,-31.94051544093424
708,7.08,-17.930600007533886,-3.871359747191806,3.015178046082692,-173.00378345721856,-14.575556408646909,-142.31390487377624,0.0,-20.0,-20.0,109.24448013305664,-32.025252458824724
709,7.09,-17.996529454021736,-3.8770805327139013,3.049144746380374,-164.5121966070233,0.4173205022713627,162.85475177077305,0.0,-20.0,-20.0,109.24448013305664,-32.10823909816762
710,7.1000000000000005,-18.062442205333426,-3.882743763964094,3.0833514816108716,-174.22128067507091,14.31535149265177,107.73836803144263,0.0,-20.0,-20.0,109.24448013305664,-32.17734684168996
711,7.11,-18.12835097717228,-3.8883481973987934,3.117795759003439,168.6062150061201,11.163745272698685,50.1069817677181,0.0,-3.554885983467102,-20.0,109.24448013305664,-32.23992160801734
712,7.12,-18.194268155469295,-3.893892720193413,3.1524744695065343,164.13334544836414,-5.866001785535284,-3.7476487364537254,0.0,20.0,-19.102191925048828,109.24448013305664,-32.312738253757544
713,7.13,-18.26020575818874,-3.899376351534145,3.1873839189363737,178.295163375455,-18.220274392304894,-60.08452838602267,0.0,20.0,-14.743069410324097,109.24448013305664,-32.39962288034757
714,7.140000000000001,-18.326175419891452,-3.904798230324972,3.2225198588130284,-162.87303361851085,-10.538250854377557,-117.74342509801804,0.0,20.0,-20.0,109.24448013305664,-32.4845779131117
715,7.15,-18.392188359572092,-3.910157633918612,3.2578775245250533,-160.61006582696467,10.590561716332758,-170.13398053397503,0.0,20.0,-20.0,109.24448013305664,-32.55064597465874
716,7.16,-18.458255378195748,-3.915453972042222,3.2934516673116336,179.9826050074065,24.140752120841462,132.249830536408,0.0,20.0,-20.0,109.24448013305664,-32.602800967843805
717,7.17,-18.52438683610726,-3.9206867704062813,3.3292365824037,156.75221681136898,12.90395323516827,73.78820825677167,0.0,-8.69155466556549,-20.0,109.24448013305664,-32.66651151382715
718,7.18,-18.590592634891863,-3.9258556711997636,3.3652261436198905,154.34710561825668,-13.515369257992292,23.742100186104718,0.0,-20.0,-20.0,109.24448013305664,-32.75957692037448
719,7.19,-18.656882203154176,-3.9309604508806606,3.401413846683478,178.60009061020483,-31.186754591769038,-34.76186055617748,0.0,-20.0,-20.0,109.24448013305664,-32.867458058494826
720,7.2,-18.723264486139488,-3.9360009938154694,3.437792832058896,-151.0858012816639,-18.11344104991641,-95.66502809577962,0.0,-20.0,-20.0,109.24448013305664,-32.952969853799075
721,7.21,-18.789747959009052,-3.940977293794912,3.4743559128883734,-146.1767672890435,13.802619190803382,-142.55118056522568,0.0,-20.0,-20.0,109.24448013305664,-32.99548599471931
722,7.22,-18.85634059161436,-3.9458894501076047,3.511095616308934,-173.18131034149923,38.252659004601156,159.79084445446153,0.0,-20.0,-20.0,109.24448013305664,-33.01955125481923
723,7.23,-18.92304985654519,-3.950737670903694,3.548004213999429,146.49598434344085,25.764467794844272,93.7354142477555,0.0,-20.0,-20.0,109.24448013305664,-33.07726364351896
724,7.24,-18.9898827289217,-3.9555222653070365,3.5850737495614093,137.2344656697506,-11.051346072611217,50.135801906795294,0.0,-20.0,-20.0,109.24448013305664,-33.195517346483285
725,7.25,-19.056845681803168,-3.960243636593786,3.6222960695982986,162.98335809267658,-43.93966338175034,-3.112031622418367,0.0,-16.32925033569336,-20.0,109.24448013305664,-33.340523703660985
726,7.26,-19.123944690093968,-3.9649022814090564,3.659662851263204,-143.428801940525,-35.341476962864355,-77.8571485362536,0.0,20.0,-20.0,109.24448013305664,-33.442087232063834
727,7.2700000000000005,-19.191185223423485,-3.9694987852135646,3.6971656399486297,-128.54141512847212,5.374610964579908,-119.06824451432632,0.0,20.0,-20.0,109.24448013305664,-33.46195141348919
728,7.28,-19.25857225353347,-3.9740338032755487,3.734795866918776,-148.2915382352481,46.61965985112763,-163.53096064376402,0.0,20.0,-20.0,109.24448013305664,-33.44055105869858
729,7.29,-19.326110270473354,-3.9785080917095064,3.7725448815959957,142.39156102545675,46.31708777545115,110.11616221587205,0.0,-12.571852207183838,-20.0,109.24448013305664,-33.46882392636421
730,7.3,-19.393803279152444,-3.9829224673555563,3.810403967451042,120.63158098244045,2.7419733983102734,69.29775904726893,0.0,-20.0,-20.0,109.24448013305664,-33.60253954369309
731,7.3100000000000005,-19.461654800651722,-3.98727782424427,3.8483643891858725,131.70583981611517,-45.08099816044406,36.109825396636936,0.0,-20.0,-20.0,109.24448013305664,-33.7993371814537
732,7.32,-19.529667894155402,-3.991575109659057,3.886417382151429,-144.56080929667743,-58.16240885039046,-60.958207586932076,0.0,-20.0,-20.0,109.24448013305664,-33.946490345824344
733,7.33,-19.59784514783793,-3.995815348507165,3.9245542244052687,-113.50075901712638,-12.67297798776499,-104.9705689230738,0.0,-20.0,-20.0,109.24448013305664,-33.96414876459531
734,7.34,-19.6661887123342,-3.999999610230719,3.962766201486427,-116.73805487354207,39.39802933214586,-127.61025758406727,0.0,-20.0,-20.0,109.24448013305664,-33.889666270848316
735,7.3500000000000005,-19.734700292471913,-4.004129017934059,4.001044666712106,154.14999969165694,70.13817558959,133.36955644814375,0.0,-20.0,-20.0,109.24448013305664,-33.85636706184333
736,7.36,-19.803381166968727,-4.008204744917175,4.039381048967162,106.73172206883785,23.80510721429103,78.01095640506381,0.0,-20.0,-20.0,109.24448013305664,-33.97440413958758
737,7.37,-19.87223220004492,-4.012228007592999,4.077766869251491,104.87060876170814,-30.690416077381162,63.81178285664023,0.0,-20.0,-20.0,109.24448013305664,-34.220070707349436
738,7.38,-19.941253853088067,-4.016200059924675,4.1161937602719485,168.091876913229,-79.53462876742488,-5.957484289972836,0.0,-19.190890789031982,-20.0,109.24448013305664,-34.44334831569271
739,7.390000000000001,-20.01044619937318,-4.020122192170596,4.154653480111737,-99.52506212441162,-35.564003494042105,-102.10399668528164,0.0,20.0,-20.0,109.24448013305664,-34.49922010409814
740,7.4,-20.079808933983198,-4.023995721409521,4.193137940540536,-95.58987072088394,20.192520315634084,-109.25290431510388,0.0,20.0,-20.0,109.24448013305664,-34.38790005056405
741,7.41,-20.149341397667026,-4.027821998839577,4.231639194337681,-101.67874517359046,76.2114145041112,-118.3307951269395,0.0,20.0,-20.0,109.24448013305664,-34.26925073178105
742,7.42,-20.219042577728025,-4.031602389437929,4.270149484080817,90.43734437396745,47.3229764060562,73.66011284948685,0.0,-20.0,-20.0,109.24448013305664,-34.32546922806618
743,7.43,-20.28848279551371,-4.035467850515226,4.308669273007302,87.81282476388536,-8.8463149629089,73.9751363658705,1432.28125,-20.0,-20.0,109.23863983154297,-34.83345123923563
744,7.44,-20.35713567701588,-4.039567640696027,4.3472205950571325,79.19765459434939,-64.62271466396115,83.70308223421353,1747.586181640625,-20.0,-20.0,109.23151397705078,-35.156359104279524
745,7.45,-20.425427630906764,-4.043774104807485,4.385790717757527,-76.57712879449596,-58.12171539965958,-117.26689288390844,0.0,-20.0,-20.0,109.23151397705078,-34.94695569662522
746,7.46,-20.493882020368844,-4.047942781272303,4.424344656183557,-80.5247678315951,-2.647688693912648,-105.99993789515717,0.0,-20.0,-20.0,109.23151397705078,-34.840658481398044
747,7.47,-20.562495414717734,-4.052072650957157,4.462871741059603,-70.54856906022438,51.828681311322896,-89.80323536116884,0.0,-20.0,-20.0,109.23151397705078,-34.63664469865794
748,7.48,-20.631265048833207,-4.056165148443122,4.501365450193022,52.794056680023516,65.93216498448028,40.17392927199292,0.0,-20.0,-20.0,109.23151397705078,-34.58540358225295
749,7.49,-20.700187919126424,-4.0602217096154956,4.539819495142973,72.83396839239816,13.680864584725121,70.93593698439551,0.0,-20.0,-20.0,109.23151397705078,-34.81264634357182
750,7.5,-20.769260797335285,-4.064243765985422,4.57822782542959,65.14856454641543,-39.079000288666265,91.58865721836982,0.0,-20.0,-20.0,109.23151397705078,-35.194181115606476
751,7.51,-20.838480246190127,-4.0682327410042,4.616584636093926,-19.418082848786774,-67.23335055678413,-173.58038004610808,0.0,-20.0,-20.0,109.23151397705078,-35.455474416528595
752,7.5200000000000005,-20.90784263460601,-4.072190049327627,4.654884370687769,-63.917650498938066,-23.60355151778565,-115.418436550049,0.0,4.592060446739197,-20.0,109.23151397705078,-35.41677947714429
753,7.53,-20.97734415075913,-4.076117090414145,4.693121723799199,-60.46276290162636,26.82776647384495,-89.82321782957364,0.0,14.891846179962156,-20.0,109.23151397705078,-35.164508685518
754,7.54,-21.046389377356064,-4.080167530025709,4.731607374821504,-6.832346671881209,61.349790686270204,-21.793916005853212,2200.0,-20.0,-20.0,109.22254371643066,-35.37437577961301
755,7.55,-21.114390497340437,-4.084479802585746,4.770672518345471,53.10041985804964,31.632036714159778,54.62373438102499,2200.0,-20.0,-20.0,109.21357345581055,-35.453479612055695
756,7.5600000000000005,-21.181371836828298,-4.089048735591566,4.810365072335487,55.54568719878753,-15.431648738638652,86.5868258341206,2200.0,-20.0,-20.0,109.20460319519043,-35.805651292991456
757,7.57,-21.24735678096297,-4.0938662291586505,4.850727698099501,20.49960802314787,-51.86318092847832,140.9282220739078,2200.0,-20.0,-20.0,109.19563293457031,-36.14467883725117
758,7.58,-21.31237039964296,-4.098924134949567,4.891801821756701,-40.26263238840167,-36.874873402569456,-138.86703858717672,2200.0,-20.0,-20.0,109.1866626739502,-36.185215011420674
759,7.59,-21.376439373574154,-4.104214230214665,4.933627589997137,-49.906591930350565,5.268797124669684,-99.04320974041843,2200.0,-20.0,-20.0,109.17769241333008,-35.90338489767594
760,7.6000000000000005,-21.440095129891922,-4.10960444037727,4.975792101078997,-26.632452437057434,41.34985688259232,-50.59467056332977,0.0,-20.0,-20.0,109.17769241333008,-35.16757399021299
761,7.61,-21.503858155718,-4.1149776427806035,5.01786437702576,26.452196574407086,38.61244388572348,25.223394605217084,0.0,-20.0,-20.0,109.17769241333008,-35.14653814686418
762,7.62,-21.567720292011487,-4.120332356480074,5.059838044232516,43.27686853280407,3.222067316217349,73.27789819669486,0.0,-20.0,-20.0,109.17769241333008,-35.491623005443735
763,7.63,-21.631676695232517,-4.125669763904337,5.101710333561519,28.561562598383276,-30.9843851501111,120.11144758225059,0.0,-20.0,-20.0,109.17769241333008,-35.96572366779041
764,7.640000000000001,-21.695722486510988,-4.130991016760302,5.143478719230548,-13.77315778251352,-36.791712489443654,-171.03914097119466,0.0,-20.0,-20.0,109.17769241333008,-36.207846515248086
765,7.65,-21.759852762409917,-4.136297235382131,5.185140914953302,-35.64586522071902,-9.570718645568908,-116.38352666147254,0.0,-20.0,-20.0,109.17769241333008,-36.05618218553458
766,7.66,-21.823674019618032,-4.141685369749197,5.227253842657604,-27.784505836970425,21.42690135348728,-68.65769788360652,2200.0,-20.0,-20.0,109.16872215270996,-36.116120951752926
767,7.67,-21.88680851660271,-4.147237898209187,5.270387263190481,4.014593492837086,32.16020220714807,-5.978751883380876,2200.0,-20.0,16.964480876922607,109.15975189208984,-35.91215582881356
768,7.68,-21.9492978376495,-4.152949613356489,5.314570769042517,27.35702638390054,13.36991639408827,52.29029647857971,2200.0,-20.0,20.0,109.15078163146973,-36.11537464554235
769,7.69,-22.011180600382907,-4.1588128062985525,5.3598298854944035,25.007585045546783,-13.185730009787987,102.24100237130638,2200.0,-20.0,20.0,109.14181137084961,-36.59805258809312
770,7.7,-22.07249620061647,-4.1648198974547315,5.406188569869835,2.234696088460267,-25.84575141990157,160.81626746533254,2200.0,-20.0,1.6010908782482147,109.13284111022949,-36.98122866059321
771,7.71,-22.133284763127516,-4.170963464104812,5.453669156544809,-19.144751220508216,-14.435323931510055,-140.07522137558826,2200.0,-20.0,-20.0,109.12387084960938,-36.970609819069
772,7.72,-22.19358708664412,-4.177236208538865,5.50229228409231,-20.685656489936036,6.716469591393834,-87.60314816484893,2200.0,-20.0,-20.0,109.11490058898926,-36.622375619789324
773,7.73,-22.253677590408884,-4.18356474032663,5.551433498503449,-5.2244665611981045,18.924759241321816,-31.10352366616815,0.0,-20.0,-20.0,109.11490058898926,-35.86289369822501
774,7.74,-22.313813003278746,-4.189889407818074,5.600459377466191,11.927305736487755,12.935711156215186,27.266572374211414,0.0,-20.0,-20.0,109.11490058898926,-35.91267758184361
775,7.75,-22.373984552330203,-4.196208365811997,5.649368314438083,15.277085846483867,-2.407130060821172,81.72663371423745,0.0,-20.0,-20.0,109.11490058898926,-36.353802036209395
776,7.76,-22.434187649346672,-4.202522353301229,5.69816032004322,5.436760915999907,-12.28212548724905,137.60252074894336,0.0,-20.0,-20.0,109.11490058898926,-36.85913041365057
777,7.7700000000000005,-22.494417778819322,-4.208832073484595,5.746835578591678,-6.49416691369968,-9.378260165199228,-165.14170795933566,0.0,-15.70932865142822,-20.0,109.11490058898926,-37.04117321801201
778,7.78,-22.554670489349093,-4.215138185664505,5.795394440597578,-9.38232241780359,0.5133353121331717,-109.58100413448538,0.0,20.0,20.0,109.11490058898926,-36.797636116789
779,7.79,-22.614850901609085,-4.221486161731433,5.844517453782723,-3.35681550922668,6.650039319921781,-53.59872937488358,2200.0,-10.657658576965332,20.0,109.10593032836914,-36.85640959192946
780,7.8,-22.674883309155618,-4.227908675795103,5.894888101253313,3.3121859628075025,4.4842021650258905,2.8607532294647946,2200.0,-20.0,20.0,109.09696006774902,-36.73985495586198
781,7.8100000000000005,-22.734815634944653,-4.234402775631606,5.946512703720504,3.725069505904879,-1.0660532523479578,58.8307733767131,2200.0,-20.0,20.0,109.0879898071289,-37.06788520527661
782,7.82,-22.794691710233874,-4.24096308724825,5.999395475819504,-0.5179627819358469,-2.631876904336737,115.01158052636796,2200.0,-20.0,20.0,109.07901954650879,-37.62845212591146
783,7.83,-22.85455533760239,-4.247584514061407,6.053539142447392,-2.5607087029061377,0.9561263639739265,171.11261405706819,2200.0,-20.0,20.0,109.07004928588867,-38.00533805472984
784,7.84,-22.91445018673282,-4.254262221844376,6.108944920470151,0.9599035424146043,3.8431322437196673,-132.69922464763815,2200.0,-20.0,20.0,109.06107902526855,-37.94801045865271
785,7.8500000000000005,-22.974419746291023,-4.260991604199532,6.165612425697849,5.589042794487432,0.6965369617159853,-76.56237627033141,2200.0,-20.0,20.0,109.05210876464844,-37.59426295542918
786,7.86,-23.034483846852943,-4.267760361370167,6.223328243810547,4.217843228850965,-6.142447691353587,-20.68704968024223,1518.8135986328125,-20.0,-20.0,109.0459156036377,-37.201961992145264
787,7.87,-23.094587959054373,-4.274543891504873,6.281408719733818,-4.06881890322323,-8.385763377787221,35.97440726364584,0.0,-20.0,-11.110827922821045,109.0459156036377,-37.03613022224045
788,7.88,-23.154678062314055,-4.281330532919311,6.339383636023852,-11.150592397740294,-1.091632853262891,91.92024136019032,0.0,-20.0,-8.361400961875914,109.0459156036377,-37.530336244623086
789,7.890000000000001,-23.214748145851782,-4.288118758892309,6.397255080488398,-8.107050609029912,10.323816614845354,147.2191340975528,0.0,20.0,20.0,109.0459156036377,-38.008133581376384
790,7.9,-23.274804556321335,-4.294909835731417,6.4550630543872085,5.14636083958852,14.104118419749414,-155.26957347615024,125.92494201660156,20.0,20.0,109.04540252685547,-38.14120400953879
791,7.91,-23.33503301667276,-4.301719518274281,6.513470374925231,16.461329134771727,3.8273759812606745,-99.21044507414202,2200.0,20.0,20.0,109.03643226623535,-38.306716089471564
792,7.92,-23.39562857261358,-4.3085530015194875,6.573096200738829,13.837238561324579,-12.815259944433278,-45.1816487409692,2200.0,20.0,20.0,109.02746200561523,-37.99093550871821
793,7.930000000000001,-23.45663504597138,-4.31541028360549,6.633927859372624,-3.839598498789531,-20.30927631859027,13.213689302493721,2200.0,3.684442043304443,20.0,109.01849174499512,-37.99348746958278
794,7.94,-23.518092237723256,-4.322289028672445,6.695952190352893,-20.871914467208924,-8.670518447423827,70.27369248064703,2200.0,8.961215615272522,20.0,109.009521484375,-38.41670634124467
795,7.95,-23.58003933067302,-4.329187155874915,6.759154740429041,-20.755129136613064,13.107573207110255,122.41379696061045,2200.0,-8.523381352424622,20.0,109.00055122375488,-38.99314080787685
796,7.96,-23.64251489392816,-4.336102860918859,6.823519882477824,-0.14099150870418478,26.248283080978826,-179.05527903417268,2200.0,-20.0,20.0,108.99158096313477,-39.32623556791578
797,7.97,-23.7055568208267,-4.343034658253704,6.889030876893603,23.88952420826292,15.242175547225516,-119.62384433359884,2200.0,-20.0,20.0,108.98261070251465,-39.24218117728124
798,7.98,-23.769202246385927,-4.349981288108399,6.9556698080591595,28.033128103985767,-10.949413289815338,-69.44929455196095,2200.0,-20.0,20.0,108.97364044189453,-38.940011271481616
799,7.99,-23.833487505942248,-4.356941748482794,7.023417592465977,6.949219301626101,-31.071407824803437,-12.480545693346555,2200.0,-17.166757583618164,20.0,108.96467018127441,-38.81040225367712
800,8.0,-23.898448160283717,-4.363915290584709,7.092254031279215,-25.107587633324965,-23.07352959596521,50.823652846675415,2200.0,7.386196255683898,20.0,108.9556999206543,-39.08808679993049
801,8.01,-23.96411897800774,-4.370901467037873,7.162157917847105,-34.8865917333792,6.404127092938796,99.77332581800074,2200.0,20.0,20.0,108.94672966003418,-39.64761921753806
802,8.02,-24.03053387028927,-4.377900071951135,7.2331070459258155,-16.327811993093913,33.8995745734803,152.95322914371215,2200.0,20.0,20.0,108.93775939941406,-40.120310254136754
803,8.03,-24.097725922559135,-4.384911230884752,7.305078282723222,24.060672811468923,31.658846299970982,-138.9470063090669,2200.0,20.0,20.0,108.92878913879395,-40.22355394496733
804,8.040000000000001,-24.165727365576704,-4.391935314453282,7.378047621173661,40.773987509116814,0.2397069476696733,-89.5916708100062,2200.0,20.0,20.0,108.91981887817383,-40.00783571305914
805,8.05,-24.23456951892128,-4.398972987749744,7.451990218814582,27.299080600093152,-33.99652950343965,-41.98603878264084,2200.0,20.0,20.0,108.91084861755371,-39.80531559408607
806,8.06,-24.304282719838373,-4.406025157142391,7.526880383302041,-20.024658982646603,-40.39084519321536,30.1266394934757,2200.0,20.0,20.0,108.9018783569336,-39.931395826995214
807,8.07,-24.374896290993117,-4.413092951652236,7.602691561155152,-45.43400765110701,-8.569509564418931,82.48336216769911,2200.0,20.0,20.0,108.89290809631348,-40.407682044372734
808,8.08,-24.44643856395696,-4.420177733124516,7.679396393292291,-38.343736869199915,31.087571613997138,124.04260919607611,2200.0,20.0,20.0,108.88393783569336,-40.94989571987404
809,8.09,-24.51893691498858,-4.427281116547124,7.756966806319636,11.843719519821725,48.46734858459794,-163.35774869223104,2200.0,16.272895336151123,20.0,108.87496757507324,-41.225186383304475
810,8.1,-24.59241776719604,-4.434404978761373,7.835374085569584,48.803998634255855,18.182920728524348,-104.18833858866607,2200.0,5.214588046073914,20.0,108.86599731445312,-41.145766316261884
811,8.11,-24.666906541869086,-4.441551445214186,7.9145889059548695,48.18598728578749,-25.42505477171272,-67.79631064662684,2200.0,13.150465488433838,20.0,108.85702705383301,-40.93950356751637
812,8.120000000000001,-24.742427606614264,-4.448722865165418,7.994581328514741,1.9187636176354965,-54.65780232438872,-1.044328451033953,2200.0,20.0,20.0,108.84805679321289,-40.941145727849275
813,8.13,-24.8190042600886,-4.4559217998840115,8.075320823567733,-50.84216024609038,-28.725204435964596,70.05410997169103,2200.0,20.0,20.0,108.83908653259277,-41.295380193186475
814,8.14,-24.89665874509115,-4.463151027636801,8.156776310184544,-56.293354474576894,17.58323039341253,102.95208705947414,2200.0,20.0,20.0,108.83011627197266,-41.8353134607735
815,8.15,-24.97522959173764,-4.470407524985472,8.238806065488765,-21.14335376008081,57.293214300189966,157.01220261026282,1517.100830078125,20.0,20.0,108.82393074035645,-42.078818166669926
816,8.16,-25.054737305924768,-4.477697176444732,8.321377481381395,51.396949965835105,39.90189025278012,-115.27697590863046,2200.0,20.0,20.0,108.81496047973633,-42.29000938008442
817,8.17,-25.13538296282017,-4.485025913723242,8.404569687265893,62.76083920806564,-8.166200470899437,-83.82327406764489,2200.0,20.0,20.0,108.80599021911621,-42.14113753304208
818,8.18,-25.217185101278176,-4.4923982803927425,8.488349157328212,41.51146572464689,-55.208610680062925,-44.98926014163836,2200.0,20.0,20.0,108.7970199584961,-42.06702988219087
819,8.19,-25.300160722602126,-4.499818120385757,8.57268278578861,-49.926361202483164,-51.44096488870989,58.9796997676335,2200.0,20.0,20.0,108.78804969787598,-42.291817688812216
820,8.2,-25.38432573594423,-4.507289459261502,8.657537145564003,-67.95028951537152,-2.325570973370014,91.54962049950603,2200.0,20.0,20.0,108.77907943725586,-42.77153054674433
821,8.21,-25.46969498289794,-4.51481650808047,8.742878527468495,-57.9060125648013,48.97062236637498,117.98959598747128,2200.0,20.0,20.0,108.77010917663574,-43.241998696255465
822,8.22,-25.556282269159695,-4.522403671048065,8.828672989645087,44.73326997433065,63.01608595550368,-129.11352009282763,2200.0,17.940332889556885,20.0,108.76113891601562,-43.45821151225295
823,8.23,-25.644100377910217,-4.5300555464901,8.914886405505897,72.28764523385071,13.521903789132663,-91.2204103352432,2200.0,20.0,20.0,108.75216865539551,-43.408216256530785
824,8.24,-25.73316105396306,-4.537776913041497,9.00148449959804,69.40044302950609,-40.07687111883211,-73.14653301356361,2200.0,20.0,20.0,108.74319839477539,-43.31472093271295
825,8.25,-25.82347497776325,-4.5455727105485435,9.088432869642054,-29.322744086059714,-73.84512312269122,33.77459108760025,2200.0,20.0,20.0,108.73422813415527,-43.430882120497884
826,8.26,-25.914384011383707,-4.553403900664703,9.175539501719532,-76.19952964601973,-25.14720025426286,87.70968110137304,0.0,20.0,20.0,108.73422813415527,-43.30261355677592
827,8.27,-26.005225045789594,-4.5612369887355095,9.262628990460476,-77.41014397953302,29.72821668596707,100.20802126799191,0.0,20.0,20.0,108.73422813415527,-43.706231012985974
828,8.28,-26.0959979322276,-4.569068860054218,9.349705862506326,-20.489489418282425,80.00014075647817,163.3359838638086,0.0,20.0,20.0,108.73422813415527,-43.95159545193052
829,8.290000000000001,-26.186982452041942,-4.576920960961875,9.436814400144744,80.1908445549954,36.984793381919914,-91.58968904898983,906.7915649414062,20.0,20.0,108.73053073883057,-44.149477878985806
830,8.3,-26.278859250413774,-4.584845369723808,9.524041553170811,83.3583915522225,-18.637725004485056,-83.27934947887186,2200.0,20.0,20.0,108.72156047821045,-44.33905962638759
831,8.31,-26.37203163325255,-4.592875306217781,9.611412969309326,72.2241649423512,-74.18679566476337,-68.01920646723241,2200.0,20.0,20.0,108.71259021759033,-44.37906081026508
832,8.32,-26.466503267812396,-4.601018375946408,9.698892765359428,-85.04149927621525,-48.82944526067844,91.35621585201103,2200.0,20.0,20.0,108.70361995697021,-44.659812260977375
833,8.33,-26.562276710704097,-4.609280624295203,9.786446594877459,-88.22502444272129,7.22460152017095,95.57904266748272,2200.0,20.0,20.0,108.6946496963501,-45.09695664369981
834,8.34,-26.659353542424313,-4.617668216097854,9.874040231158517,-89.39900409827895,63.39735671327216,96.16447298237773,2200.0,20.0,20.0,108.68567943572998,-45.47394636748404
835,8.35,-26.757734410899037,-4.6261874288439415,9.961639599666245,92.45609921132218,60.40110771953133,-81.95665826806501,2200.0,20.0,20.0,108.67670917510986,-45.63781214881932
836,8.36,-26.857419066265294,-4.6348446696202075,10.049210807210638,92.69175242928542,4.233916136248335,-83.60439713632469,2200.0,20.0,20.0,108.66773891448975,-45.63001762400702
837,8.370000000000001,-26.95840636336123,-4.643646460030203,10.136720182359442,96.70751641007351,-51.76328031382523,-88.78309110577798,2200.0,20.0,20.0,108.65876865386963,-45.640539068626666
838,8.38,-27.060047065290572,-4.6525216916508665,10.224189787637298,-107.45707097235089,-71.02909863735249,113.36358618638535,106.60401916503906,20.0,20.0,108.65833377838135,-45.35067700137526
839,8.39,-27.161659309186863,-4.66139921291279,10.311661075981927,-97.30513819269673,-15.513536078339751,99.08150909560707,0.0,20.0,20.0,108.65833377838135,-45.633902060655174
840,8.4,-27.263211359111516,-4.670272529510727,10.399140410559983,-101.09223062873205,40.0518208585217,90.25379209337865,0.0,20.0,1.9658331573009489,108.65833377838135,-45.95735892011327
841,8.41,-27.36470413226645,-4.679141254598444,10.486629322655599,145.76361245318776,78.0099301045416,-27.046101249898093,0.0,20.0,18.747007846832275,108.65833377838135,-46.131704484284235
842,8.42,-27.466138547330523,-4.688005141241911,10.574129189648849,102.63427900462356,26.38422956344507,-76.18380184167702,0.0,20.0,20.0,108.65833377838135,-46.12861205557069
843,8.43,-27.56818067111083,-4.696963395077821,10.66149854441638,104.48938909757217,-28.518352200201264,-88.54778106016565,2200.0,20.0,20.0,108.64936351776123,-46.57968901172219
844,8.44,-27.671493514664565,-4.7061114124680925,10.748580247576864,162.86698168516668,-75.24210069944219,-153.46323651306852,2200.0,20.0,20.0,108.64039325714111,-46.70602676249882
845,8.45,-27.776068361860055,-4.715459060049577,10.83534108042557,-109.39048191131803,-36.551820849135304,111.07468366755155,2200.0,20.0,20.0,108.631422996521,-47.00125820345839
846,8.46,-27.881896444226484,-4.725013503245861,10.921750250735663,-107.66253429123464,17.317193137539547,94.21515220509869,2200.0,20.0,20.0,108.62245273590088,-47.36781245095448
847,8.47,-27.988968228872054,-4.7347819574641035,11.007777367028435,-140.74200725097745,66.2159283537098,51.80525912451485,2200.0,20.0,20.0,108.61348247528076,-47.65125429421342
848,8.48,-28.097273463241848,-4.7447716986059545,11.09339245170227,118.54864017885276,45.57432308950461,-58.30883741172893,2200.0,20.0,20.0,108.60451221466064,-47.77915432612506
849,8.49,-28.20680120388047,-4.75499006136129,11.178565963787626,111.025140660065,-6.587690990076775,-81.63135807564865,2200.0,20.0,20.0,108.59554195404053,-47.81974561858983
850,8.5,-28.317104915810553,-4.765357386335219,11.263443706096435,132.34611524257429,-55.872794197167245,-115.68905358868317,674.378173828125,20.0,20.0,108.59279251098633,-47.570144307980804
851,8.51,-28.427550992902315,-4.775756739613516,11.348263752367208,-131.25232530342737,-52.75827742574331,136.7326958867492,0.0,20.0,20.0,108.59279251098633,-47.61225824027372
852,8.52,-28.53794860064083,-4.7861497794907235,11.433105463845383,-114.87052384526811,-3.520218813216827,103.92213452660457,0.0,20.0,14.794634580612183,108.59279251098633,-47.885237966953476
853,8.53,-28.64829918755357,-4.796535484532826,11.51797022418054,-128.84527541718023,45.437421844174814,72.94472383809804,0.0,20.0,-16.70341968536377,108.59279251098633,-48.130473026583296
854,8.540000000000001,-28.75860385398058,-4.806913658558244,11.602858878869256,147.96433887298218,57.13343841811796,-23.377038810073486,0.0,20.0,-18.26475143432617,108.59279251098633,-48.256759784108844
855,8.55,-28.868863701513998,-4.817284096826365,11.68777221601354,119.4614024553898,12.827746407459081,-69.0071760058251,0.0,20.0,20.0,108.59279251098633,-48.28362061093291
856,8.56,-28.979661030298967,-4.827795023073716,11.772375055069189,127.65339646775776,-35.28469243915734,-99.6227158430582,2200.0,20.0,20.0,108.58382225036621,-48.80359470123735
857,8.57,-29.091571020213912,-4.838591578658556,11.856319016967326,-166.63637613477067,-57.87716691397726,179.30602308484325,2200.0,20.0,20.0,108.5748519897461,-48.982149682662175
858,8.58,-29.204575689603132,-4.849683826411425,11.93957772106654,-125.04103948072982,-21.11766465899564,119.75151043562363,2200.0,10.368685722351074,20.0,108.56588172912598,-49.25808428587697
859,8.59,-29.318657871510336,-4.861079225035081,12.022126739150657,-127.85884910332092,25.605714720817478,87.62335126759494,2200.0,20.0,20.0,108.55691146850586,-49.54367237125563
860,8.6,-29.43379989128674,-4.872785248949313,12.103942180515014,-176.83278741491395,55.129998957676634,20.697087513681048,2200.0,20.0,20.0,108.54794120788574,-49.748253839090445
861,8.61,-29.54998361744803,-4.884809401594973,12.18500069632148,131.79696169629594,28.126600820680455,-49.63622584467591,2200.0,20.0,20.0,108.53897094726562,-49.85869439950447
862,8.620000000000001,-29.66719048232576,-4.897159199730883,12.265279504437697,129.07887877864096,-16.55161639806863,-84.8169581524881,2200.0,20.0,20.0,108.53000068664551,-49.94546751180012
863,8.63,-29.785089633231422,-4.909736102071906,12.345011079930421,164.7711606188044,-49.99363360359464,-141.5000724831856,867.7030029296875,20.0,20.0,108.52646255493164,-49.80522609188331
864,8.64,-29.903156057680746,-4.922372678334971,12.424605597730158,-139.7547186464259,-33.58403973207906,142.85459536716564,0.0,20.0,20.0,108.52646255493164,-49.829639648046815
865,8.65,-30.021188065792728,-4.935000801999646,12.504230237099724,-131.13237122218547,8.249090647100118,103.33217546500228,0.0,20.0,5.533698201179504,108.52646255493164,-50.058723488540245
866,8.66,-30.1391873827815,-4.947619353735616,12.58388576685548,-156.874161632988,43.62917608037906,53.047988489799074,0.0,20.0,-20.0,108.52646255493164,-50.24042858837447
867,8.67,-30.25715510085415,-4.960228202956394,12.663572550749354,148.67054292792082,37.258611975861236,-23.01102780104832,0.0,20.0,-20.0,108.52646255493164,-50.34453944550394
868,8.68,-30.37509228695481,-4.972827221130817,12.743290900154634,133.9216158656229,-0.8205424871947408,-67.75726876809956,0.0,20.0,-2.7209490537643433,108.52646255493164,-50.41245262530253
869,8.69,-30.493226709198776,-4.9855158413406855,12.822798726982485,152.03944690621503,-36.84126877932182,-114.52246661306421,1108.7408447265625,20.0,20.0,108.52194213867188,-50.75038209600299
870,8.700000000000001,-30.61199863405904,-4.998492010285544,12.901605921456996,-157.95172851930138,-39.06009380753082,172.19437078864885,2200.0,0.07724106311798096,20.0,108.51297187805176,-51.165700957830495
871,8.71,-30.731609075712434,-5.0118590440990705,12.979455710115737,-137.35889985697634,-5.623785055528691,122.00649830090407,2200.0,-1.9339752197265625,20.0,108.50400161743164,-51.39996856728206
872,8.72,-30.852034823767124,-5.025625297392178,13.056331013008018,-149.3321335453848,30.12225087065264,76.74535772981532,2200.0,20.0,20.0,108.49503135681152,-51.60913992309454
873,8.73,-30.973253237364077,-5.039797947758526,13.13221566279482,166.80615787983044,39.11345792551446,7.702293667262027,2200.0,20.0,20.0,108.4860610961914,-51.75755905034458
874,8.74,-31.09524146943263,-5.054384188638644,13.20709406615039,141.32504431515358,10.994846031677746,-47.36028067857597,2200.0,20.0,20.0,108.47709083557129,-51.86635310690341
875,8.75,-31.217976477991712,-5.069391181953706,13.280951233829041,148.09898941293312,-23.78401723305582,-92.50274055437606,2200.0,20.0,20.0,108.46812057495117,-51.98978677891047
876,8.76,-31.34106808100805,-5.0846030960305955,13.354309776338408,-174.55747359797527,-37.77176614084568,-157.15568711432104,0.0,20.0,20.0,108.46812057495117,-51.705823829175564
877,8.77,-31.464136620119,-5.099806514045319,13.427701068377868,-145.64990376137436,-15.26719926951898,144.06141097013935,0.0,20.0,9.396525025367737,108.46812057495117,-51.89883931211679
878,8.78,-31.587184853399847,-5.114999068153801,13.50112551064852,-147.89485355372855,18.00594233054017,98.12320599451918,0.0,20.0,-16.086027622222897,108.46812057495117,-52.0818059679117
879,8.790000000000001,-31.71021373414281,-5.130180687679179,13.57458312631841,-179.12497657486054,35.476800223906956,37.27906059873448,0.0,20.0,-20.0,108.46812057495117,-52.22064533593171
880,8.8,-31.833224197696808,-5.145351304306619,13.648073912066417,150.12658229054026,18.467749016830705,-23.87187785756265,0.0,20.0,-20.0,108.46812057495117,-52.32462560173792
881,8.81,-31.956217172207722,-5.160510848260297,13.721597845156303,148.4006005284453,-12.898077114551466,-71.14678252306935,0.0,-3.9022940397262573,-20.0,108.46812057495117,-52.43445995434779
882,8.82,-32.07936816303412,-5.175804803773535,13.794812634616717,174.25114640219553,-32.669373299172186,-129.03083692147013,1314.7177734375,-20.0,-7.422692179679871,108.46275997161865,-52.85016368310403
883,8.83,-32.2029215235464,-5.191443922789304,13.867216002545451,-154.51935499880054,-20.701396017316497,168.6465068468752,1909.333251953125,-20.0,7.841771245002747,108.45497512817383,-53.155047292335034
884,8.84,-32.32690199780416,-5.2074691928691506,13.938714923228623,-149.35558647778916,8.50719898121503,119.80300596095857,1642.7679443359375,-20.0,20.0,108.44827651977539,-53.28243199045847
885,8.85,-32.45120834142206,-5.22380840147023,14.009485001176119,-170.62591222463797,29.71886406799346,64.05173767616961,1222.101806640625,20.0,20.0,108.44329357147217,-53.344033191732336
886,8.86,-32.57588345535012,-5.24053224915496,14.079370759973713,158.61060798983087,22.14732718013256,1.4158843593855508,2200.0,20.0,20.0,108.43432331085205,-53.65633910179275
887,8.870000000000001,-32.70101651358019,-5.257756948785722,14.148102938962626,150.52990122210747,-4.814873275733273,-48.99459266787885,2200.0,20.0,20.0,108.42535305023193,-53.7735128052692
888,8.88,-32.82647150517042,-5.27535513621275,14.215980237209518,167.95567512600817,-26.891941898291904,-103.28429842736988,1073.5706787109375,20.0,20.0,108.42097568511963,-53.69325133033839
889,8.89,-32.952020035515034,-5.293069693987843,14.283597464709208,-162.2624674486742,-23.038233417957976,-165.7302514319626,0.0,20.0,14.017033576965332,108.42097568511963,-53.650387770870026
890,8.9,-33.077557920203546,-5.310773805423879,14.35124679683005,-151.73386227059567,1.7356034399083757,142.4349846044546,0.0,20.0,-15.635271072387695,108.42097568511963,-53.8209085164573
891,8.91,-33.20308678411493,-5.328466441126844,14.418927908737862,-165.93839857367868,24.342001543319615,89.12954983795395,0.0,20.0,-20.0,108.42097568511963,-53.96471113186287
892,8.92,-33.32860738930516,-5.346147570904747,14.486640584793212,165.43417204284177,23.609951770579883,27.10524820373538,0.0,20.0,-20.0,108.42097568511963,-54.08365425715279
893,8.93,-33.45412045941129,-5.363817186350146,14.554384597691245,152.8213313081897,0.8610927118337106,-25.960872407087063,0.0,-8.898298144340515,-20.0,108.42097568511963,-54.20375509144754
894,8.94,-33.579626718863636,-5.3814752685038245,14.622159706899316,164.29580763251064,-22.132970452289012,-78.58174125683779,0.0,-20.0,-20.0,108.42097568511963,-54.348682402877806
895,8.950000000000001,-33.70512688415886,-5.399121806826846,14.689965662775219,-168.1748432474594,-24.08109094128964,-140.12302038533352,0.0,-20.0,-16.203742027282715,108.42097568511963,-54.51668013211928
896,8.96,-33.83062721967484,-5.416770825100054,14.757772213794688,-153.69100990092946,-3.1442034942368777,165.75126856497494,107.43800354003906,-20.0,-20.0,108.4205379486084,-54.704076544223255
897,8.97,-33.95612844280323,-5.434422058340405,14.825578974233368,-162.78258292102996,20.24783385099542,113.66037404483707,0.0,-20.0,-20.0,108.4205379486084,-54.82500523321527
898,8.98,-34.08162551357966,-5.45206183169358,14.893415787790243,170.61381278822248,24.625131148975246,52.586370688273824,0.0,5.792085528373718,-20.0,108.4205379486084,-54.94538517421034
899,8.99,-34.20711916455454,-5.469690058462569,14.961282336193383,154.3019469176309,5.303292707475524,-2.496433237561298,0.0,20.0,2.931728959083557,108.4205379486084,-55.06770199534467
900,9.0,-34.33261001305783,-5.4873067447230355,15.029178314718441,161.20203010605096,-18.598415004382016,-54.10761239002651,0.0,20.0,11.985466480255127,108.4205379486084,-55.21368253492599
901,9.01,-34.45809868689533,-5.50491188163022,15.097103405953765,-172.93720330965604,-25.349596483694338,-114.73125768742669,0.0,20.0,2.6143771409988403,108.4205379486084,-55.38101381547407
902,9.02,-34.58358576719959,-5.522505494390441,15.165057294291772,-154.67854819253324,-7.526585307734062,-170.76352126509985,0.0,20.0,-19.6010684967041,108.4205379486084,-55.545800297434226
903,9.03,-34.70907183940983,-5.540087602011393,15.233039655449502,-159.41787659300294,17.04083096909512,138.1150238393455,0.0,20.0,-20.0,108.4205379486084,-55.686452443304894
904,9.040000000000001,-34.83455748010806,-5.557658217232783,15.301050153437023,175.36209137328933,26.285749198379477,77.98294739999761,0.0,20.0,-20.0,108.4205379486084,-55.80552302888638
905,9.05,-34.96004322391463,-5.5752173624697505,15.369088447392098,154.9073107295936,9.980081503197157,20.90646955032722,0.0,-2.3125892877578735,-20.0,108.4205379486084,-55.92747412852081
906,9.06,-35.08552961019886,-5.592765058799627,15.437154189923175,157.3637161359288,-15.3951608552493,-29.702909262409946,0.0,-20.0,-20.0,108.4205379486084,-56.07435432095975
907,9.07,-35.21101716792387,-5.610301343152378,15.505247034381343,-178.11040418118804,-27.384725109430637,-89.1988541840657,0.0,-20.0,-20.0,108.4205379486084,-56.24349558332592
908,9.08,-35.3365063922295,-5.627826231291136,15.573366615889318,-155.12829558690137,-12.78897010469891,-147.50757392744742,0.0,-20.0,-20.0,108.4205379486084,-56.409460891235106
909,9.09,-35.46199779081712,-5.645339771321718,15.641512580697684,-155.0475714428368,13.468602909854393,162.37784104886623,0.0,-20.0,-20.0,108.4205379486084,-56.54903349990308
910,9.1,-35.58749183149676,-5.6628419870140165,15.709684556839438,-178.61881882199734,28.519842419116618,103.79506524683579,0.0,-20.0,-20.0,108.4205379486084,-56.66471876109904
911,9.11,-35.7129889762591,-5.6803329171852,15.777882174866381,155.5237286124204,16.024002059320804,44.004440726369495,0.0,-20.0,-20.0,108.4205379486084,-56.783294272260456
912,9.120000000000001,-35.83848967740242,-5.697812603487846,15.846105061667796,152.54755367920748,-11.080243653732385,-5.727434903416379,0.0,20.0,-20.0,108.4205379486084,-56.9298964958976
913,9.13,-35.963994362943005,-5.715281080217765,15.914352836386989,174.6813835608427,-29.49563418442199,-62.986169338835204,0.0,20.0,-19.032820463180542,108.4205379486084,-57.10265565234069
914,9.14,-36.08950346357663,-5.7327383976191415,15.98262512145732,-156.30812786488517,-19.693353370608346,-124.50404243349051,0.0,20.0,-20.0,108.4205379486084,-57.2732084181803
915,9.15,-36.2150173717706,-5.750184587277919,16.050921528280902,-149.99707142719782,8.082875524065654,-174.11324221242864,0.0,20.0,-20.0,108.4205379486084,-57.413727224030886
916,9.16,-36.340536484453565,-5.767619707668031,16.11924167754788,-170.02387628827347,30.065727468487257,130.45281073158048,0.0,20.0,-20.0,108.4205379486084,-57.52479566002953
917,9.17,-36.466061185775956,-5.7850438050622435,16.1875851797715,157.722973719524,23.73811656897093,67.07641503297809,0.0,-10.305719375610352,-20.0,108.4205379486084,-57.6364307049499
918,9.18,-36.59159183941236,-5.8024569246451385,16.25595164355724,147.5632159667758,-4.378537348045473,17.136344532062783,0.0,-20.0,-20.0,108.4205379486084,-57.77993273366625
919,9.19,-36.71712880183005,-5.819859126389262,16.324340683080283,164.71715232714567,-29.962102155487763,-35.980521367908885,0.0,-20.0,-20.0,108.4205379486084,-57.956888097019785
920,9.200000000000001,-36.842672401391944,-5.837250467630359,16.39275191220864,-160.03556856958318,-28.027948041531904,-101.08005971363954,0.0,-20.0,-20.0,108.4205379486084,-58.13578325562924
921,9.21,-36.96822297808715,-5.854631001530609,16.461184935230186,-145.42517656047292,-0.07411866602006842,-152.0307716297471,0.0,-20.0,-20.0,108.4205379486084,-58.281042344259426
922,9.22,-37.09378084475342,-5.872000782829312,16.529639359583026,-158.96914817315414,28.935757370985698,157.51620833649127,0.0,-20.0,-20.0,108.4205379486084,-58.387866366090826
923,9.23,-37.219346303425745,-5.889359871566967,16.598114794627268,163.53588545445834,32.354145968100944,91.26407265964635,0.0,-20.0,-20.0,108.4205379486084,-58.48890050322951
924,9.24,-37.344919646803525,-5.906708329218602,16.6666108490562,143.76009630002787,5.260714331814898,38.38442333538525,0.0,-20.0,-20.0,108.4205379486084,-58.62463287720863
925,9.25,-37.47050115871392,-5.924046221546349,16.735127132768223,153.09519996963573,-26.800556527990082,-9.335175498000472,0.0,20.0,-20.0,108.4205379486084,-58.80432227097273
926,9.26,-37.59609109952288,-5.941373600110217,16.803663250340804,-168.51550075872728,-36.420052186790194,-75.61499162815664,0.0,20.0,-20.0,108.4205379486084,-58.99494761629399
927,9.27,-37.72168973779537,-5.958690546350196,16.8722188192217,-142.7417842811677,-11.117710620115467,-131.55287726811622,0.0,20.0,-20.0,108.4205379486084,-59.15061831842654
928,9.28,-37.847297303910324,-5.975997103877897,16.94079344237616,-147.44578286449752,23.464273576736,-176.82538412884858,0.0,20.0,-20.0,108.4205379486084,-59.25623247154351
929,9.290000000000001,-37.972914040402436,-5.99329335173618,17.00938673756149,175.1977891406367,39.8350576574789,118.5207449607412,0.0,20.0,-20.0,108.4205379486084,-59.34410061362207
930,9.3,-38.098540175920775,-6.010579351820438,17.077998312473905,142.55447896643793,17.539337997806598,58.30104743616452,0.0,-20.0,-20.0,108.4205379486084,-59.465752294642776
931,9.31,-38.22417591587482,-6.027855181922438,17.146627793605877,142.3248467263174,-18.93321115120971,14.822022035873914,0.0,-20.0,-20.0,108.4205379486084,-59.643543868170845
932,9.32,-38.3498214735342,-6.045120900236748,17.215274785632122,176.41024177667305,-42.132839018950506,-46.28497676882846,0.0,-20.0,-20.0,108.4205379486084,-59.84735165225026
933,9.33,-38.475477026001144,-6.062376589300654,17.283938925008293,-143.4214885788606,-24.379376320041587,-111.81613732524288,0.0,-20.0,-20.0,108.4205379486084,-60.02018772687388
934,9.34,-38.60114276839185,-6.079622314783169,17.35261982373235,-137.94154637904117,13.292500262724124,-154.50104739144632,0.0,-20.0,-20.0,108.4205379486084,-60.130994042801596
935,9.35,-38.72681887183798,-6.096858147547311,17.421317106669285,-166.70794976032022,42.84570420325407,149.61973037214491,0.0,-20.0,-20.0,108.4205379486084,-60.20590170957766
936,9.36,-38.852505500327396,-6.114084161913434,17.4900304019477,145.64880673425984,31.442438586693246,78.45342329667766,0.0,-20.0,-20.0,108.4205379486084,-60.30680110755022
937,9.370000000000001,-38.978202810550144,-6.131300432233383,17.55875933865246,134.40976527474854,-6.675088150574515,35.21768379523431,0.0,-20.0,-20.0,108.4205379486084,-60.47467597451102
938,9.38,-39.10391095477493,-6.14850704067795,17.627503551054513,156.54342054348416,-41.640423253071575,-14.552985058339555,0.0,20.0,-20.0,108.4205379486084,-60.68951833845062
939,9.39,-39.22963006063791,-6.165704048689073,17.696262670224623,-149.68256433747075,-38.45906200574576,-90.37043505295729,0.0,20.0,-20.0,108.4205379486084,-60.88567654049386
940,9.4,-39.355360261292226,-6.182891530302079,17.765036330528346,-131.78083579387186,-0.7662679880640063,-135.9112485219269,0.0,20.0,-20.0,108.4205379486084,-61.01126536784159
941,9.41,-39.481101672720335,-6.200069566702975,17.833824180412304,-146.92516282389482,38.43821775300091,-179.74592506994162,0.0,20.0,-20.0,108.4205379486084,-61.07786537609798
942,9.42,-39.60685441474827,-6.217238236299086,17.902625860221875,156.15889974154334,45.035873475278535,102.43182865482359,0.0,-14.923202991485596,-20.0,108.4205379486084,-111.15317194655574
