Step,Time,X,Y,Z,Roll,Pitch,Yaw,Thrust,GimbalYaw,GimbalPitch,Mass,Reward
0,0,-0.8274205702600197,-0.10187175770246636,11.0,2.1724929219627254,-5.963238786221312,-0.1131702091339307,0.0,0.0,0.0,110.0,0.0
1,0.01,-0.8423721183253469,-0.10420274496854597,10.965831047214849,2.1731421345058792,-5.9628635302365725,-0.11733203733380086,0.0,-20.0,-20.0,110.0,-7.912459742850579
2,0.02,-0.8573243116850096,-0.10653307218096479,10.93166205201686,2.1748088517456603,-5.962133624131073,-0.13158476854244147,0.0,-20.0,-20.0,110.0,-7.882021932518727
3,0.03,-0.8722765116721248,-0.10886339310410816,10.897493056361975,2.1758033744760983,-5.961764628256262,-0.141197355669683,0.0,-20.0,-20.0,110.0,-7.8499791641434
4,0.04,-0.8872287857386864,-0.11119363865334693,10.863324055825597,2.176526205023726,-5.9615362953130715,-0.14883085258547094,0.0,-20.0,-20.0,110.0,-7.81868502881576
5,0.05,-0.9021810710969596,-0.11352387518226076,10.829155054451116,2.1772421355749345,-5.961320538793621,-0.15650599154613817,0.0,-20.0,-20.0,110.0,-7.787634247805849
6,0.06,-0.9171333444355917,-0.11585412825642699,10.794986053704964,2.178027329127079,-5.961076598628454,-0.16475916923756612,0.0,-20.0,-20.0,110.0,-7.756636432656449
7,0.07,-0.9320855990195633,-0.1181844040916929,10.760817054055432,2.178880617042941,-5.9608007789607615,-0.17352346035579957,0.0,-20.0,-20.0,110.0,-7.72564760378952
8,0.08,-0.9470378354024515,-0.12051470142013193,10.726648055492895,2.1797833036016323,-5.960499552821288,-0.1826159290013302,0.0,-20.0,-20.0,110.0,-7.694672815344386
9,0.09,-0.9619900565178837,-0.12284501697284753,10.69247905783481,2.180717687309377,-5.960180374263711,-0.19188770713369627,0.0,-20.0,-20.0,110.0,-7.663724045037982
10,0.1,-0.9769422658794013,-0.12517534646139178,10.658310060876648,2.181671138543529,-5.959849224697269,-0.2012474843808628,0.0,-20.0,-20.0,110.0,-7.632811614270827
11,0.11,-0.9918944667039008,-0.12750568580409852,10.624141064437016,2.1826358848682874,-5.959510179381211,-0.21064771275459696,0.0,-20.0,-20.0,110.0,-7.60194229235933
12,0.12,-1.0068466614451217,-0.12983603196919907,10.58997206837445,2.1836073538347343,-5.959165808008324,-0.22006579138100568,0.0,-20.0,-20.0,110.0,-7.5711197202739955
13,0.13,-1.0217988517941818,-0.1321663824126083,10.555803072608697,2.184582808921787,-5.958817736519803,-0.22949149911917088,0.0,-20.0,-20.0,110.0,-7.540345900396005
14,0.14,-1.0367510389471741,-0.1344967352899628,10.521634077084695,2.185560258570667,-5.958467009295983,-0.23892050850518762,0.0,-20.0,-20.0,110.0,-7.5096219945644105
15,0.15,-1.0517032237731823,-0.1368270892492837,10.487465081762886,2.186538560075418,-5.958114330864755,-0.24835114865196478,0.0,-20.0,-20.0,110.0,-7.478714944878289
16,0.16,-1.0666554068978282,-0.13915744355535373,10.45329608660577,2.187517201744134,-5.957760198710798,-0.25778272846684536,0.0,-20.0,-20.0,110.0,-7.447448133874455
17,0.17,-1.0816075887745564,-0.14148779795393057,10.419127091575586,2.188495933379208,-5.957404959601635,-0.2672149197362856,0.0,-20.0,-20.0,110.0,-7.416222127883355
18,0.18,-1.0965597697141085,-0.14381815231262282,10.384958096644882,2.1894746272206214,-5.957048849502379,-0.27664754591692947,0.0,-20.0,-20.0,110.0,-7.385037294861646
19,0.19,-1.1115119499297423,-0.14614850656867565,10.35078910179374,2.190453222725934,-5.956692027663109,-0.2860804990244472,0.0,-20.0,-20.0,110.0,-7.353893997938244
20,0.2,-1.1264641295722038,-0.14847886072012637,10.316620107006482,2.1914317041492755,-5.956334610526843,-0.295513699623309,0.0,-20.0,-20.0,110.0,-7.322792598690474
21,0.21,-1.141416308774339,-0.1508092148003271,10.282451112267955,2.1924100931952086,-5.9559766952091815,-0.30494707924056125,0.0,-20.0,-20.0,110.0,-7.291733461073797
22,0.22,-1.1563684876799611,-0.15313956888614377,10.248282117560208,2.1933884389689373,-5.9556183924976684,-0.31438056750787385,0.0,-20.0,-20.0,110.0,-7.260716949687027
23,0.23,-1.1713206663923612,-0.15546992302936855,10.214113122870483,2.1943667818002277,-5.955259795654933,-0.32381411049791725,0.0,-20.0,-20.0,110.0,-7.229743438520367
24,0.24,-1.1862728450000861,-0.15780027726685042,10.179944128188122,2.195345135802046,-5.954900957488856,-0.33324767903659486,0.0,-20.0,-20.0,110.0,-7.198813304876568
25,0.25,-1.2012250235414936,-0.16013063159933913,10.14577513350909,2.1963235006383646,-5.954541908023799,-0.34268125744844985,0.0,-20.0,-20.0,110.0,-7.167926927159434
26,0.26,-1.21617720203844,-0.16246098601726325,10.111606138831466,2.197301868851261,-5.954182664220864,-0.35211483728664256,0.0,-20.0,-20.0,110.0,-7.137084686656971
27,0.27,-1.2311293805032997,-0.16479134050698355,10.077437144154473,2.1982802301917963,-5.953823235666571,-0.3615484139141331,0.0,-20.0,-20.0,110.0,-7.106286967936513
28,0.28,-1.2460815589432714,-0.16712169505434565,10.043268149477893,2.1992585741321427,-5.9534636279519,-0.37098198467723603,0.0,-20.0,-20.0,110.0,-7.075534159084605
29,0.29,-1.2610337373629084,-0.16945204964657196,10.009099154801737,2.200236891208003,-5.953103844622137,-0.3804155479497594,0.0,-20.0,-20.0,110.0,-7.044826651854213
30,0.3,-1.275985915765499,-0.17178240427306984,9.974930160126062,2.201215173582273,-5.952743888230381,-0.3898491026436858,0.0,-20.0,-20.0,110.0,-7.014164841758921
31,0.31,-1.2909380941537318,-0.17411275892555175,9.940761165450903,2.202193415115148,-5.952383760849852,-0.39928264796536206,0.0,-20.0,-20.0,110.0,-6.983549128137762
32,0.32,-1.3058902725299677,-0.17644311359777495,9.906592170776248,2.203171611165581,-5.9520234642843155,-0.40871618329780174,0.0,-20.0,-20.0,110.0,-6.952979914203918
33,0.33,-1.3208424508963108,-0.17877346828513052,9.872423176102053,2.2041497582890894,-5.951663000130808,-0.4181497081450148,0.0,-20.0,-20.0,110.0,-6.922457607084867
34,0.34,-1.33579462925461,-0.18110382298422725,9.838254181428256,2.2051278539351564,-5.95130236978577,-0.42758322210459315,0.0,-20.0,-20.0,110.0,-6.891982617857961
35,0.35000000000000003,-1.3507468076064457,-0.1834341776925435,9.804085186754783,2.206105896194653,-5.950941574441192,-0.43701672485163573,0.0,-20.0,-20.0,110.0,-6.861555361583879
36,0.36,-1.365698985953135,-0.1857645324081675,9.76991619208157,2.2070838836111486,-5.950580615089248,-0.446450216126528,0.0,-20.0,-20.0,110.0,-6.8311762573392105
37,0.37,-1.3806511642957486,-0.18809488712961836,9.735747197408562,2.2080618150498466,-5.95021949253833,-0.45588369572398746,0.0,-20.0,-20.0,110.0,-6.800845728248615
38,0.38,-1.3956033426351426,-0.19042524185572746,9.701578202735716,2.2090396896103304,-5.949858207436902,-0.4653171634828886,0.0,-20.0,-20.0,110.0,-6.770564201516903
39,0.39,-1.4105555209719938,-0.19275559658556157,9.667409208062994,2.210017506569018,-5.949496760300239,-0.4747506192771559,0.0,-20.0,-20.0,110.0,-6.740332108460877
40,0.4,-1.4255076993068352,-0.1950859513183709,9.633240213390367,2.210995265340232,-5.94913515153615,-0.4841840630080305,0.0,-20.0,-20.0,110.0,-6.710149884540973
41,0.41000000000000003,-1.440459877640085,-0.19741630605355262,9.599071218717818,2.2119729654484215,-5.948773381467481,-0.493617494597779,0.0,-20.0,-20.0,110.0,-6.680017969392571
42,0.42,-1.4554120559720727,-0.1997466607906229,9.564902224045328,2.212950606507053,-5.948411450350617,-0.5030509139847709,0.0,-20.0,-20.0,110.0,-6.649936806856857
43,0.43,-1.470364234303058,-0.20207701552919466,9.530733229372887,2.2139281882017676,-5.9480493583901275,-0.512484321119734,0.0,-20.0,-20.0,110.0,-6.619906845011274
44,0.44,-1.485316412633247,-0.20440737026895922,9.496564234700484,2.214905710276562,-5.947687105750087,-0.5219177159629154,0.0,-20.0,-20.0,110.0,-6.589928536199445
45,0.45,-1.5002685909628029,-0.20673772500967094,9.46239524002811,2.2158831725223656,-5.947324692562791,-0.5313510984819442,0.0,-20.0,-20.0,110.0,-6.56000233706055
46,0.46,-1.5152207692918551,-0.2090680797511348,9.428226245355761,2.21686057476766,-5.946962118935451,-0.5407844686502206,0.0,-20.0,-20.0,110.0,-6.530128708558228
47,0.47000000000000003,-1.5301729476205075,-0.21139843449319595,9.394057250683431,2.2178379168708355,-5.94659938495541,-0.5502178264456851,0.0,-20.0,-20.0,110.0,-6.500308116008728
48,0.48,-1.5451251259488417,-0.21372878923573152,9.359888256011116,2.2188151987140365,-5.94623649069421,-0.5596511718498628,0.0,-20.0,-20.0,110.0,-6.470541029108561
49,0.49,-1.5600773042769231,-0.21605914397864398,9.325719261338813,2.2197924201982384,-5.945873436210811,-0.5690845048471189,0.0,-20.0,-20.0,110.0,-6.440827921961371
50,0.5,-1.575029482604804,-0.21838949872185592,9.29155026666652,2.2207695812393484,-5.945510221554158,-0.5785178254240778,0.0,-20.0,-20.0,110.0,-6.411169273104152
51,0.51,-1.5899816609325252,-0.2207198534653058,9.257381271994236,2.2217466817651093,-5.945146846765219,-0.5879511335691536,0.0,-20.0,-20.0,110.0,-6.381565565532582
52,0.52,-1.60493383926012,-0.22305020820894475,9.223212277321956,2.2227237217126548,-5.9447833118786155,-0.5973844292721779,0.0,-20.0,-20.0,110.0,-6.352017286725647
53,0.53,-1.619886017587614,-0.22538056295273393,9.189043282649681,2.223700701026576,-5.944419616923921,-0.6068177125241122,0.0,-20.0,-20.0,110.0,-6.322524928669266
54,0.54,-1.6348381959150282,-0.22771091769664245,9.15487428797741,2.224677619657384,-5.944055761926696,-0.6162509833168095,0.0,-20.0,-20.0,110.0,-6.293088987879009
55,0.55,-1.6497903742423787,-0.23004127244064582,9.120705293305143,2.225654477560295,-5.943691746909319,-0.6256842416428406,0.0,-20.0,-20.0,110.0,-6.263709965421824
56,0.56,-1.6647425525696788,-0.2323716271847245,9.086536298632877,2.2266312746942707,-5.943327571891637,-0.6351174874953405,0.0,-20.0,-20.0,110.0,-6.234388366936635
57,0.5700000000000001,-1.679694730896939,-0.23470198192886302,9.052367303960613,2.2276080110212444,-5.942963236891489,-0.644550720867886,0.0,-20.0,-20.0,110.0,-6.205124702653834
58,0.58,-1.6946469092241672,-0.23703233667304902,9.018198309288351,2.228584686505515,-5.942598741925119,-0.6539839417544134,0.0,-20.0,-20.0,110.0,-6.175919487413538
59,0.59,-1.7095990875513702,-0.23936269141727273,8.984029314616091,2.229561301113259,-5.942234087007503,-0.6634171501491412,0.0,-20.0,-20.0,110.0,-6.1467732406825775
60,0.6,-1.724551265878553,-0.24169304616152637,8.94986031994383,2.23053785481215,-5.941869272152615,-0.6728503460465113,0.0,-20.0,-20.0,110.0,-6.117686486570064
61,0.61,-1.7395034442057198,-0.24402340090580374,8.915691325271574,2.231514347571046,-5.941504297373628,-0.682283529441139,0.0,-20.0,-20.0,110.0,-6.088659753841599
62,0.62,-1.754455622532874,-0.24635375565009995,8.881522330599315,2.232490779359749,-5.941139162683085,-0.6917167003277919,0.0,-20.0,-20.0,110.0,-6.059693575931855
63,0.63,-1.769407800860018,-0.2486841103944111,8.847353335927059,2.233467150148813,-5.940773868093023,-0.7011498587013442,0.0,-20.0,-20.0,110.0,-6.030788490955618
64,0.64,-1.7843599791871543,-0.25101446513873404,8.813184341254802,2.234443459909389,-5.940408413615089,-0.7105830045567648,0.0,-20.0,-20.0,110.0,-6.001945041717083
65,0.65,-1.799312157514284,-0.2533448198830664,8.779015346582545,2.2354197086131022,-5.940042799260605,-0.7200161378890958,0.0,-20.0,-20.0,110.0,-5.973163775717341
66,0.66,-1.8142643358414088,-0.2556751746274061,8.744846351910288,2.236395896231953,-5.939677025040647,-0.7294492586934307,0.0,-20.0,-20.0,110.0,-5.9444452451600025
67,0.67,-1.8292165141685295,-0.25800552937175164,8.710677357238032,2.2373720227382465,-5.939311090966095,-0.7388823669649193,0.0,-20.0,-20.0,110.0,-5.915790006954778
68,0.68,-1.8441686924956469,-0.26033588411610176,8.676508362565775,2.238348088104524,-5.93894499704767,-0.7483154626987433,0.0,-20.0,-20.0,110.0,-5.887198622718981
69,0.6900000000000001,-1.859120870822762,-0.26266623886045554,8.642339367893518,2.2393240923035163,-5.938578743295973,-0.7577485458901078,0.0,-20.0,-20.0,110.0,-5.858671658776791
70,0.7000000000000001,-1.874073049149875,-0.2649965936048121,8.608170373221261,2.2403000353081093,-5.938212329721507,-0.7671816165342507,0.0,-20.0,-20.0,110.0,-5.830209686156214
71,0.71,-1.889025227476986,-0.267326948349171,8.574001378549005,2.2412759170913072,-5.9378457563346965,-0.7766146746264252,0.0,-20.0,-20.0,110.0,-5.801813280583534
72,0.72,-1.9039774058040964,-0.26965730309353153,8.539832383876748,2.2422517376262117,-5.93747902314591,-0.7860477201619022,0.0,-20.0,-20.0,110.0,-5.773483022475266
73,0.73,-1.9189295841312053,-0.2719876578378934,8.505663389204491,2.2432274968859987,-5.937112130165465,-0.7954807531359555,0.0,-20.0,-20.0,110.0,-5.745219496927347
74,0.74,-1.9338817624583136,-0.27431801258225635,8.471494394532236,2.24420319484391,-5.936745077403649,-0.8049137735438803,0.0,-20.0,-20.0,110.0,-5.717023293701505
75,0.75,-1.9488339407854212,-0.27664836732662,8.437325399859981,2.245178831473233,-5.9363778648707175,-0.8143467813809722,0.0,-20.0,-20.0,110.0,-5.688895007208664
76,0.76,-1.9637861191125283,-0.27897872207098423,8.403156405187726,2.2461544067472974,-5.936010492576906,-0.8237797766425365,0.0,-20.0,-20.0,110.0,-5.660835236489214
77,0.77,-1.978738297439635,-0.2813090768153489,8.368987410515471,2.2471299206394635,-5.9356429605324355,-0.8332127593238912,0.0,-20.0,-20.0,110.0,-5.632844585190033
78,0.78,-1.9936904757667415,-0.28363943155971383,8.334818415843216,2.2481053731231175,-5.935275268747512,-0.842645729420351,0.0,-20.0,-20.0,110.0,-5.604923661538058
79,0.79,-2.0086426540938476,-0.28596978630407893,8.300649421170961,2.2490807641716675,-5.934907417232334,-0.8520786869272364,0.0,-20.0,-20.0,110.0,-5.577073078310299
80,0.8,-2.0235948324209536,-0.2883001410484442,8.266480426498706,2.250056093758538,-5.934539405997099,-0.8615116318398715,0.0,-20.0,-20.0,110.0,-5.549293452800099
81,0.81,-2.0385470107480597,-0.2906304957928096,8.232311431826451,2.2510313618571667,-5.934171235051994,-0.8709445641535857,0.0,-20.0,-20.0,110.0,-5.521585406779455
82,0.8200000000000001,-2.0534991890751653,-0.2929608505371749,8.198142437154196,2.2520065684410033,-5.933802904407206,-0.8803774838637118,0.0,-20.0,-20.0,110.0,-5.493949566457267
83,0.8300000000000001,-2.068451367402271,-0.2952912052815402,8.163973442481941,2.252981713483507,-5.933434414072924,-0.8898103909655855,0.0,-20.0,-20.0,110.0,-5.466386562433271
84,0.84,-2.0834035457293765,-0.2976215600259054,8.129804447809686,2.2539567969581453,-5.933065764059334,-0.8992432854545441,0.0,-20.0,-20.0,110.0,-5.438897029647536
85,0.85,-2.098355724056482,-0.2999519147702705,8.095635453137431,2.254931818838392,-5.932696954376627,-0.9086761673259248,0.0,-20.0,-20.0,110.0,-5.411481607325255
86,0.86,-2.1133079023835877,-0.3022822695146355,8.061466458465176,2.2559067790977263,-5.93232798503499,-0.9181090365750701,0.0,-20.0,-20.0,110.0,-5.384140938916666
87,0.87,-2.128260080710693,-0.3046126242590004,8.027297463792921,2.2568816777096337,-5.931958856044617,-0.9275418931973229,0.0,-20.0,-20.0,110.0,-5.356875672031903
88,0.88,-2.143212259037798,-0.3069429790033651,7.993128469120665,2.2578565146475995,-5.931589567415705,-0.9369747371880248,0.0,-20.0,-20.0,110.0,-5.3296864583704995
89,0.89,-2.158164437364903,-0.3092733337477297,7.95895947444841,2.2588312898851193,-5.931220119158451,-0.9464075685425182,0.0,-20.0,-20.0,110.0,-5.302573953645401
90,0.9,-2.1731166156920083,-0.31160368849209413,7.924790479776154,2.259806003395689,-5.930850511283056,-0.9558403872561559,0.0,-20.0,-20.0,110.0,-5.275538817501176
91,0.91,-2.1880687940191135,-0.3139340432364584,7.890621485103898,2.260780655152808,-5.930480743799728,-0.9652731933242839,0.0,-20.0,-20.0,110.0,-5.248581713426219
92,0.92,-2.2030209723462186,-0.3162643979808225,7.856452490431642,2.261755245129978,-5.930110816718674,-0.9747059867422582,0.0,-20.0,-20.0,110.0,-5.221703308658717
93,0.93,-2.217973150673324,-0.31859475272518645,7.822283495759386,2.2627297733007055,-5.929740730050109,-0.9841387675054216,0.0,-20.0,-20.0,110.0,-5.19490427408605
94,0.9400000000000001,-2.232925329000429,-0.32092510746955016,7.78811450108713,2.263704239638495,-5.929370483804247,-0.9935715356091285,0.0,-20.0,-20.0,110.0,-5.16818528413747
95,0.9500000000000001,-2.247877507327534,-0.3232554622139137,7.753945506414874,2.2646786441168576,-5.929000077991312,-1.0030042910487378,0.0,-20.0,-20.0,110.0,-5.141547016669645
96,0.96,-2.2628296856546393,-0.3255858169582771,7.7197765117426185,2.265652986709306,-5.928629512621527,-1.012437033819603,0.0,-20.0,-20.0,110.0,-5.114990152844918
97,0.97,-2.2777818639817444,-0.3279161717026403,7.685607517070363,2.2666272673893535,-5.928258787705122,-1.0218697639170864,0.0,-20.0,-20.0,110.0,-5.08851537700191
98,0.98,-2.2927340423088496,-0.3302465264470033,7.651438522398107,2.2676014861305185,-5.927887903252331,-1.031302481336549,0.0,-20.0,-20.0,110.0,-5.0621233765181675
99,0.99,-2.3076862206359547,-0.33257688119136614,7.617269527725851,2.268575642906319,-5.92751685927339,-1.0407351860733474,0.0,-20.0,-20.0,110.0,-5.035814841664583
100,1.0,-2.32263839896306,-0.3349072359357288,7.583100533053595,2.2695497376902756,-5.927145655778544,-1.050167878122841,0.0,-20.0,-20.0,110.0,-5.009590465451246
101,1.01,-2.337590577290165,-0.33723759068009124,7.548931538381339,2.2705237704559136,-5.926774292778037,-1.0596005574803946,0.0,-20.0,-20.0,110.0,-4.983450943464387
102,1.02,-2.35254275561727,-0.3395679454244535,7.514762543709083,2.2714977411767556,-5.926402770282121,-1.0690332241413705,0.0,-20.0,-20.0,110.0,-4.957396973694094
103,1.03,-2.3674949339443754,-0.34189830016881556,7.480593549036827,2.2724716498263295,-5.926031088301049,-1.0784658781011374,0.0,-20.0,-20.0,110.0,-4.931429256352419
104,1.04,-2.3824471122714805,-0.34422865491317745,7.4464245543645715,2.273445496378164,-5.925659246845082,-1.0878985193550572,0.0,-20.0,-20.0,110.0,-4.905548493681588
105,1.05,-2.3973992905985857,-0.34655900965753916,7.412255559692316,2.2744192808057897,-5.925287245924482,-1.0973311478985022,0.0,-20.0,-20.0,110.0,-4.879755389751864
106,1.06,-2.412351468925691,-0.34888936440190066,7.37808656502006,2.2753930030827414,-5.924915085549517,-1.10676376372685,0.0,-20.0,-20.0,110.0,-4.854050650248706
107,1.07,-2.427303647252796,-0.351219719146262,7.343917570347804,2.276366663182553,-5.924542765730459,-1.1161963668354737,0.0,-20.0,-20.0,110.0,-4.828434982248895
108,1.08,-2.442255825579901,-0.35355007389062315,7.309748575675548,2.2773402610787636,-5.924170286477586,-1.1256289572197433,0.0,-20.0,-20.0,110.0,-4.802909093985147
109,1.09,-2.4572080039070063,-0.3558804286349841,7.275579581003292,2.2783137967449116,-5.923797647801176,-1.1350615348750306,0.0,-20.0,-20.0,110.0,-4.777473694598848
110,1.1,-2.4721601822341115,-0.35821078337934487,7.241410586331036,2.2792872701545375,-5.923424849711517,-1.144494099796717,0.0,-20.0,-20.0,110.0,-4.752129493880464
111,1.11,-2.4871123605612167,-0.3605411381237054,7.20724159165878,2.2802606812811854,-5.923051892218898,-1.1539266519801752,0.0,-20.0,-20.0,110.0,-4.726877201997257
112,1.12,-2.502064538888322,-0.3628714928680658,7.1730725969865246,2.2812340300984,-5.922678775333612,-1.1633591914207817,0.0,-20.0,-20.0,110.0,-4.701717529207766
113,1.1300000000000001,-2.517016717215427,-0.365201847612426,7.138903602314269,2.2822073165797283,-5.922305499065957,-1.1727917181139187,0.0,-20.0,-20.0,110.0,-4.676651185562711
114,1.1400000000000001,-2.531968895542532,-0.367532202356786,7.104734607642013,2.283180540698719,-5.9219320634262385,-1.1822242320549639,0.0,-20.0,-20.0,110.0,-4.651678880591733
115,1.1500000000000001,-2.5469210738696373,-0.36986255710114585,7.070565612969757,2.2841537024289216,-5.92155846842476,-1.1916567332393013,0.0,-20.0,-20.0,110.0,-4.626801322975672
116,1.16,-2.5618732521967424,-0.37219291184550546,7.036396618297501,2.285126801743892,-5.921184714071835,-1.201089221662315,0.0,-20.0,-20.0,110.0,-4.602019220203685
117,1.17,-2.5768254305238476,-0.3745232665898649,7.002227623625245,2.286099838617184,-5.920810800377779,-1.2105216973193889,0.0,-20.0,-20.0,110.0,-4.577333278214908
118,1.18,-2.5917776088509528,-0.3768536213342242,6.968058628952989,2.2870728130223545,-5.920436727352909,-1.2199541602059158,0.0,-20.0,-20.0,110.0,-4.552744201024033
119,1.19,-2.606729787178058,-0.37918397607858323,6.9338896342807335,2.288045724932963,-5.920062495007554,-1.2293866103172817,0.0,-20.0,-20.0,110.0,-4.528252690330324
120,1.2,-2.621681965505163,-0.3815143308229421,6.899720639608478,2.289018574322569,-5.919688103352041,-1.2388190476488765,0.0,-20.0,-20.0,110.0,-4.503859445109583
121,1.21,-2.6366341438322682,-0.3838446855673008,6.865551644936222,2.2899913611647364,-5.919313552396702,-1.248251472196087,0.0,-20.0,-20.0,110.0,-4.479565161188458
122,1.22,-2.6515863221593734,-0.3861750403116593,6.831382650263966,2.29096408543303,-5.918938842151876,-1.2576838839543087,0.0,-20.0,-20.0,110.0,-4.45537053080064
123,1.23,-2.6665385004864786,-0.3885053950560176,6.79721365559171,2.2919367471010172,-5.918563972627904,-1.267116282918937,0.0,-20.0,-20.0,110.0,-4.431276242124299
124,1.24,-2.6814906788135837,-0.3908357498003757,6.763044660919454,2.2929093461422663,-5.918188943835133,-1.2765486690853625,0.0,-20.0,-20.0,110.0,-4.407282978800288
125,1.25,-2.696442857140689,-0.39316610454473366,6.728875666247198,2.293881882530349,-5.917813755783912,-1.2859810424489895,0.0,-20.0,-20.0,110.0,-4.383391419430502
126,1.26,-2.711395035467794,-0.3954964592890914,6.694706671574942,2.294854356238837,-5.917438408484595,-1.2954134030052153,0.0,-20.0,-20.0,110.0,-4.359602237055773
127,1.27,-2.726347213794899,-0.39782681403344894,6.6605376769026865,2.2958267672413055,-5.917062901947545,-1.3048457507494373,0.0,-20.0,-20.0,110.0,-4.3359160986128344
128,1.28,-2.7412993921220044,-0.40015716877780627,6.626368682230431,2.2967991155113334,-5.916687236183123,-1.3142780856770635,0.0,-20.0,-20.0,110.0,-4.312333664369612
129,1.29,-2.7562515704491095,-0.40248752352216344,6.592199687558175,2.2977714010224966,-5.916311411201695,-1.3237104077834938,0.0,-20.0,-20.0,110.0,-4.288855587338359
130,1.3,-2.7712037487762147,-0.40481787826652044,6.558030692885919,2.298743623748378,-5.915935427013637,-1.3331427170641286,0.0,-20.0,-20.0,110.0,-4.265482512665977
131,1.31,-2.78615592710332,-0.4071482330108772,6.523861698213663,2.299715783662559,-5.9155592836293245,-1.342575013514373,0.0,-20.0,-20.0,110.0,-4.242215077000897
132,1.32,-2.801108105430425,-0.4094785877552338,6.489692703541407,2.3006878807386255,-5.915182981059137,-1.3520072971296397,0.0,-20.0,-20.0,110.0,-4.219053907835939
133,1.33,-2.81606028375753,-0.4118089424995902,6.455523708869151,2.301659914950164,-5.914806519313461,-1.3614395679053368,0.0,-20.0,-20.0,110.0,-4.195999622826509
134,1.34,-2.8310124620846353,-0.41413929724394644,6.421354714196895,2.302631886270763,-5.914429898402686,-1.370871825836873,0.0,-20.0,-20.0,110.0,-4.173052829083517
135,1.35,-2.8459646404117405,-0.4164696519883025,6.3871857195246395,2.3036037946740135,-5.914053118337204,-1.380304070919661,0.0,-20.0,-20.0,110.0,-4.150214122440338
136,1.36,-2.8609168187388456,-0.4188000067326583,6.353016724852384,2.304575640133509,-5.913676179127416,-1.3897363031491115,0.0,-20.0,-20.0,110.0,-4.127484086693281
137,1.37,-2.875868997065951,-0.421130361477014,6.318847730180128,2.3055474226228427,-5.913299080783725,-1.3991685225206354,0.0,-20.0,-20.0,110.0,-4.104863292814844
138,1.3800000000000001,-2.890821175393056,-0.42346071622136944,6.284678735507872,2.30651914211561,-5.912921823316537,-1.4086007290296467,0.0,-20.0,-20.0,110.0,-4.082352298139161
139,1.3900000000000001,-2.905773353720161,-0.4257910709657247,6.250509740835616,2.307490798585412,-5.912544406736264,-1.4180329226715613,0.0,-20.0,-20.0,110.0,-4.059951645519006
140,1.4000000000000001,-2.9207255320472663,-0.42812142571007983,6.21634074616336,2.3084623920058487,-5.91216683105332,-1.427465103441799,0.0,-20.0,-20.0,110.0,-4.037661862453737
141,1.41,-2.9356777103743714,-0.4304517804544347,6.182171751491104,2.309433922350524,-5.911789096278129,-1.4368972713357824,0.0,-20.0,-20.0,110.0,-4.0154834601875224
142,1.42,-2.9506298887014766,-0.43278213519878944,6.1480027568188484,2.310405389593041,-5.91141120242111,-1.4463294263489324,0.0,-20.0,-20.0,110.0,-3.9934169327772424
143,1.43,-2.9655820670285817,-0.43511248994314394,6.113833762146593,2.3113767937070095,-5.911033149492697,-1.4557615684766774,0.0,-20.0,-20.0,110.0,-3.971462756129504
144,1.44,-2.980534245355687,-0.4374428446874983,6.079664767474337,2.3123481346660357,-5.910654937503319,-1.4651936977144364,0.0,-20.0,-20.0,110.0,-3.949621387006039
145,1.45,-2.995486423682792,-0.43977319943185245,6.045495772802081,2.3133194124437293,-5.910276566463415,-1.4746258140576336,0.0,-20.0,-20.0,110.0,-3.9278932619970193
146,1.46,-3.010438602009897,-0.4421035541762064,6.011326778129825,2.314290627013704,-5.909898036383428,-1.4840579175016928,0.0,-20.0,-20.0,110.0,-3.906278796461631
147,1.47,-3.0253907803370024,-0.4444339089205602,5.977157783457569,2.3152617783495746,-5.909519347273803,-1.4934900080420455,0.0,-20.0,-20.0,110.0,-3.884778383435287
148,1.48,-3.0403429586641075,-0.44676426366491373,5.942988788785313,2.3162328664249596,-5.909140499144989,-1.5029220856741266,0.0,-20.0,-20.0,110.0,-3.8633923925030627
149,1.49,-3.0552951369912127,-0.4490946184092671,5.908819794113057,2.3172038912134756,-5.908761492007444,-1.5123541503933677,0.0,-20.0,-20.0,110.0,-3.8421211686386485
150,1.5,-3.070247315318318,-0.45142497315362035,5.8746507994408015,2.3181748526887445,-5.908382325871624,-1.5217862021952016,0.0,-20.0,-20.0,110.0,-3.8209650310083574
151,1.51,-3.085199493645423,-0.45375532789797335,5.840481804768546,2.3191457508243896,-5.908003000747996,-1.5312182410750619,0.0,-20.0,-20.0,110.0,-3.7999242717397155
152,1.52,-3.100151671972528,-0.4560856826423262,5.80631281009629,2.3201165855940338,-5.907623516647025,-1.5406502670283861,0.0,-20.0,-20.0,110.0,-3.7789991546540684
153,1.53,-3.1151038502996333,-0.4584160373866788,5.772143815424034,2.3210873569713053,-5.9072438735791835,-1.5500822800506069,0.0,-20.0,-20.0,110.0,-3.7581899139627892
154,1.54,-3.1300560286267385,-0.46074639213103125,5.737974820751778,2.3220580649298324,-5.906864071554949,-1.5595142801371593,0.0,-20.0,-20.0,110.0,-3.737496752926651
155,1.55,-3.1450082069538436,-0.4630767468753835,5.703805826079522,2.323028709443246,-5.906484110584804,-1.5689462672834802,0.0,-20.0,-20.0,110.0,-3.7169198424779
156,1.56,-3.159960385280949,-0.4654071016197356,5.669636831407266,2.3239992904851774,-5.906103990679232,-1.5783782414850125,0.0,-20.0,-20.0,110.0,-3.6964593198047226
157,1.57,-3.174912563608054,-0.4677374563640875,5.63546783673501,2.3249698080292625,-5.905723711848723,-1.5878102027372005,0.0,-20.0,-20.0,110.0,-3.676115286897672
158,1.58,-3.189864741935159,-0.47006781110843915,5.6012988420627545,2.3259402620491376,-5.905343274103771,-1.5972421510354877,0.0,-20.0,-20.0,110.0,-3.655887809057824
159,1.59,-3.2048169202622643,-0.47239816585279065,5.567129847390499,2.3269106525184426,-5.904962677454872,-1.6066740863753208,0.0,-20.0,-20.0,110.0,-3.635776913366319
160,1.6,-3.2197690985893694,-0.474728520597142,5.532960852718243,2.3278809794108173,-5.9045819219125315,-1.6161060087521446,0.0,-20.0,-20.0,110.0,-3.615782587115076
161,1.61,-3.2347212769164746,-0.4770588753414931,5.498791858045987,2.3288512426999057,-5.904201007487257,-1.6255379181614074,0.0,-20.0,-20.0,110.0,-3.5959047761984753
162,1.62,-3.2496734552435798,-0.47938923008584405,5.464622863373731,2.329821442359351,-5.903819934189557,-1.6349698145985603,0.0,-20.0,-20.0,110.0,-3.576143383465878
163,1.6300000000000001,-3.264625633570685,-0.4817195848301948,5.430453868701475,2.3307915783628,-5.90343870202995,-1.6444016980590477,0.0,-20.0,-20.0,110.0,-3.556498267034841
164,1.6400000000000001,-3.27957781189779,-0.48404993957454534,5.396284874029219,2.3317616506839016,-5.903057311018954,-1.6538335685383265,0.0,-20.0,-20.0,110.0,-3.5369692385649962
165,1.6500000000000001,-3.2945299902248952,-0.48638029431889573,5.362115879356963,2.332731659296307,-5.902675761167094,-1.6632654260318491,0.0,-20.0,-20.0,110.0,-3.5175560614925843
166,1.6600000000000001,-3.3094821685520004,-0.4887106490632459,5.327946884684708,2.3337016041736693,-5.902294052484899,-1.6726972705350724,0.0,-20.0,-20.0,110.0,-3.4982584492256694
167,1.67,-3.3244343468791056,-0.4910410038075959,5.293777890012452,2.3346714852896446,-5.9019121849829,-1.682129102043459,0.0,-20.0,-20.0,110.0,-3.4790760633002167
168,1.68,-3.3393865252062107,-0.4933713585519457,5.259608895340196,2.3356413026178893,-5.901530158671638,-1.6915609205524664,0.0,-20.0,-20.0,110.0,-3.4600085114970596
169,1.69,-3.354338703533316,-0.4957017132962953,5.22543990066794,2.3366110561320625,-5.9011479735616525,-1.7009927260575488,0.0,-20.0,-20.0,110.0,-3.441055345920165
170,1.7,-3.369290881860421,-0.49803206804064476,5.191270905995684,2.3375807458058233,-5.900765629663489,-1.7104245185541727,0.0,-20.0,-20.0,110.0,-3.4222160610363246
171,1.71,-3.384243060187526,-0.500362422784994,5.157101911323428,2.3385503716128353,-5.900383126987697,-1.7198562980378,0.0,-20.0,-20.0,110.0,-3.403490091676718
172,1.72,-3.3991952385146313,-0.502692777529343,5.122932916651172,2.3395199335267645,-5.900000465544835,-1.7292880645038955,0.0,-20.0,-20.0,110.0,-3.3848768110007814
173,1.73,-3.4141474168417365,-0.5050231322736919,5.0887639219789165,2.3404894315212776,-5.899617645345456,-1.7387198179479186,0.0,-20.0,-20.0,110.0,-3.3663755284228243
174,1.74,-3.4290995951688417,-0.5073534870180405,5.054594927306661,2.341458865570044,-5.8992346664001305,-1.7481515583653393,0.0,-20.0,-20.0,110.0,-3.347985487502026
175,1.75,-3.444051773495947,-0.509683841762389,5.020425932634405,2.342428235646735,-5.898851528719422,-1.7575832857516303,0.0,-20.0,-20.0,110.0,-3.329705863796402
176,1.76,-3.459003951823052,-0.5120141965067373,4.986256937962149,2.343397541725022,-5.898468232313902,-1.7670150001022566,0.0,-20.0,-20.0,110.0,-3.3115357626815087
177,1.77,-3.473956130150157,-0.5143445512510854,4.952087943289893,2.344366783778581,-5.898084777194148,-1.7764467014126866,0.0,-20.0,-20.0,110.0,-3.2934742171346816
178,1.78,-3.4889083084772623,-0.5166749059954333,4.917918948617637,2.34533596178109,-5.8977011633707415,-1.7858783896783956,0.0,-20.0,-20.0,110.0,-3.275520185485645
179,1.79,-3.5038604868043675,-0.519005260739781,4.883749953945381,2.346305075706226,-5.897317390854267,-1.795310064894859,0.0,-20.0,-20.0,110.0,-3.2576725491345138
180,1.8,-3.5188126651314726,-0.5213356154841285,4.849580959273125,2.3472741255276732,-5.896933459655314,-1.8047417270575548,0.0,-20.0,-20.0,110.0,-3.2399301102381806
181,1.81,-3.5337648434585778,-0.5236659702284759,4.8154119646008695,2.3482431112191127,-5.896549369784475,-1.814173376161956,0.0,-20.0,-20.0,110.0,-3.2222915893662543
182,1.82,-3.548717021785683,-0.5259963249728231,4.781242969928614,2.34921203275423,-5.896165121252349,-1.8236050122035437,0.0,-20.0,-20.0,110.0,-3.2047556231277334
183,1.83,-3.563669200112788,-0.5283266797171701,4.747073975256358,2.350180890106713,-5.895780714069537,-1.833036635177797,0.0,-20.0,-20.0,110.0,-3.1873207617696973
184,1.84,-3.5786213784398933,-0.5306570344615168,4.712904980584102,2.3511496832502514,-5.8953961482466495,-1.8424682450801995,0.0,-20.0,-20.0,110.0,-3.1699854667494374
185,1.85,-3.5935735567669984,-0.5329873892058634,4.678735985911846,2.352118412158536,-5.895011423794294,-1.8518998419062334,0.0,-20.0,-20.0,110.0,-3.152748108281423
186,1.86,-3.6085257350941036,-0.5353177439502098,4.64456699123959,2.35308707680526,-5.894626540723088,-1.8613314256513753,0.0,-20.0,-20.0,110.0,-3.1356069628607064
187,1.87,-3.6234779134212087,-0.537648098694556,4.610397996567334,2.354055677164118,-5.894241499043647,-1.8707629963111183,0.0,-20.0,-20.0,110.0,-3.1185602107643287
188,1.8800000000000001,-3.638430091748314,-0.539978453438902,4.576229001895078,2.3550242132088086,-5.8938562987666,-1.8801945538809433,0.0,-20.0,-20.0,110.0,-3.1016059335324835
189,1.8900000000000001,-3.653382270075419,-0.5423088081832479,4.5420600072228225,2.355992684913029,-5.893470939902573,-1.8896260983563435,0.0,-20.0,-20.0,110.0,-3.084742111431183
190,1.9000000000000001,-3.668334448402524,-0.5446391629275935,4.507891012550567,2.356961092250484,-5.8930854224622,-1.899057629732806,0.0,-20.0,-20.0,110.0,-3.0679666208982814
191,1.9100000000000001,-3.6832866267296294,-0.546969517671939,4.473722017878311,2.357929435194874,-5.892699746456117,-1.908489148005821,0.0,-20.0,-20.0,110.0,-3.0512772319748316
192,1.92,-3.6982388050567345,-0.5492998724162843,4.439553023206055,2.358897713719906,-5.892313911894965,-1.917920653170883,0.0,-20.0,-20.0,110.0,-3.034671605723707
193,1.93,-3.7131909833838397,-0.5516302271606294,4.405384028533799,2.359865927799288,-5.891927918789388,-1.9273521452234865,0.0,-20.0,-20.0,110.0,-3.018147291637637
194,1.94,-3.728143161710945,-0.5539605819049742,4.371215033861543,2.360834077406729,-5.891541767150038,-1.9367836241591274,0.0,-20.0,-20.0,110.0,-3.001701725038695
195,1.95,-3.74309534003805,-0.556290936649319,4.337046039189287,2.3618021625159424,-5.891155456987573,-1.946215089973301,0.0,-20.0,-20.0,110.0,-2.9853322244715343
196,1.96,-3.758047518365155,-0.5586212913936635,4.3028770445170315,2.3627701831006394,-5.8907689883126455,-1.9556465426615046,0.0,-20.0,-20.0,110.0,-2.9690359890925504
197,1.97,-3.7729996966922603,-0.5609516461380077,4.268708049844776,2.363738139134537,-5.890382361135921,-1.9650779822192388,0.0,-20.0,-20.0,110.0,-2.95281009605727
198,1.98,-3.7879518750193655,-0.5632820008823519,4.23453905517252,2.3647060305913525,-5.889995575468068,-1.974509408642006,0.0,-20.0,-20.0,110.0,-2.9366514979083544
199,1.99,-3.8029040533464706,-0.5656123556266959,4.200370060500264,2.3656738574448055,-5.889608631319756,-1.9839408219253087,0.0,-20.0,-20.0,110.0,-2.920557019966567
200,2.0,-3.817856231673576,-0.5679427103710396,4.166201065828008,2.366641619668618,-5.889221528701664,-1.9933722220646513,0.0,-20.0,-20.0,110.0,-2.904523357727107
201,2.0100000000000002,-3.832808410000681,-0.5702730651153832,4.132032071155752,2.3676093172365147,-5.8888342676244685,-2.0028036090555386,0.0,-20.0,-20.0,110.0,-2.8885470742637835
202,2.02,-3.847760588327786,-0.5726034198597266,4.097863076483496,2.3685769501222205,-5.888446848098856,-2.0122349828934794,0.0,-20.0,-20.0,110.0,-2.872624597643468
203,2.0300000000000002,-3.8627127666548913,-0.5749337746040698,4.06369408181124,2.3695445182994623,-5.888059270135517,-2.0216663435739766,0.0,-20.0,-20.0,110.0,-2.856752218353298
204,2.04,-3.8776649449819964,-0.5772641293484128,4.0295250871389845,2.370512021741973,-5.8876715337451415,-2.0310976910925445,0.0,-20.0,-20.0,110.0,-2.8409260867430937
205,2.05,-3.8926171233091016,-0.5795944840927556,3.9953560924667286,2.3714794604234832,-5.887283638938428,-2.0405290254446924,0.0,-20.0,-20.0,110.0,-2.825142210485501
206,2.06,-3.9075693016362067,-0.5819248388370982,3.9611870977944728,2.3724468343177265,-5.88689558572608,-2.049960346625936,0.0,-20.0,-20.0,110.0,-2.809396452056234
207,2.07,-3.922521479963312,-0.5842551935814406,3.927018103122217,2.3734141433984406,-5.886507374118803,-2.0593916546317947,0.0,-20.0,-20.0,110.0,-2.793684526236926
208,2.08,-3.937473658290417,-0.5865855483257829,3.892849108449961,2.374381387639364,-5.886119004127307,-2.068822949457783,0.0,-20.0,-20.0,110.0,-2.8020529360561985
209,2.09,-3.9524258366175222,-0.588915903070125,3.858680113777705,2.3753485670142354,-5.885730475762309,-2.078254231099416,0.0,-20.0,-20.0,110.0,-2.8205718543288874
210,2.1,-3.9673780149446274,-0.5912462578144668,3.8245111191054493,2.376315681496798,-5.885341789034523,-2.0876854995522143,0.0,-20.0,-20.0,110.0,-2.8391278346902826
211,2.11,-3.9823301932717325,-0.5935766125588086,3.7903421244331934,2.3772827310607956,-5.884952943954678,-2.097116754811697,0.0,-20.0,-20.0,110.0,-2.857725957390881
212,2.12,-3.9972823715988377,-0.5959069673031501,3.7561731297609375,2.3782497156799733,-5.884563940533499,-2.1065479968733802,0.0,-20.0,-20.0,110.0,-2.8763711507963934
213,2.13,-4.012234549925943,-0.5982373220474914,3.7220041350886817,2.3792166353280817,-5.884174778781719,-2.115979225732789,0.0,-20.0,-20.0,110.0,-2.895068191990154
214,2.14,-4.0271867282530485,-0.6005676767918324,3.687835140416426,2.380183489978872,-5.883785458710075,-2.1254104413854527,0.0,-20.0,-20.0,110.0,-2.91382170741685
215,2.15,-4.042138906580154,-0.6028980315361734,3.65366614574417,2.381150279606095,-5.883395980329307,-2.1348416438268965,0.0,-20.0,-20.0,110.0,-2.9326361735702826
216,2.16,-4.057091084907259,-0.6052283862805141,3.619497151071914,2.382117004183507,-5.88300634365016,-2.1442728330526473,0.0,-20.0,-20.0,110.0,-2.9515159177278605
217,2.17,-4.072043263234364,-0.6075587410248546,3.585328156399658,2.383083663684862,-5.882616548683384,-2.153704009058231,0.0,-20.0,-20.0,110.0,-2.970465118734272
218,2.18,-4.086995441561469,-0.609889095769195,3.5511591617274023,2.3840502580839202,-5.8822265954397315,-2.163135171839182,0.0,-20.0,-20.0,110.0,-2.9894878078368006
219,2.19,-4.101947619888574,-0.6122194505135352,3.5169901670551464,2.3850167873544423,-5.8818364839299635,-2.172566321391028,0.0,-20.0,-20.0,110.0,-3.0085878695744674
220,2.2,-4.116899798215679,-0.6145498052578752,3.4828211723828906,2.3859832514701904,-5.881446214164839,-2.1819974577093,0.0,-20.0,-20.0,110.0,-3.0277690427231847
221,2.21,-4.131851976542785,-0.616880160002215,3.4486521777106347,2.3869496504049317,-5.881055786155127,-2.191428580789539,0.0,-20.0,-20.0,110.0,-3.047034921298785
222,2.22,-4.14680415486989,-0.6192105147465546,3.414483183038379,2.387915984132431,-5.880665199911599,-2.200859690627275,0.0,-20.0,-20.0,110.0,-3.066388955619758
223,2.23,-4.161756333196995,-0.621540869490894,3.380314188366123,2.38888225262646,-5.880274455445029,-2.2102907872180495,0.0,-20.0,-20.0,110.0,-3.085834453431307
224,2.24,-4.1767085115241,-0.6238712242352332,3.346145193693867,2.389848455860786,-5.879883552766196,-2.219721870557401,0.0,-20.0,-20.0,110.0,-3.1053745810921063
225,2.25,-4.191660689851205,-0.6262015789795723,3.3119761990216112,2.3908145938091856,-5.879492491885887,-2.2291529406408754,0.0,-20.0,-20.0,110.0,-3.1250123648250687
226,2.2600000000000002,-4.20661286817831,-0.6285319337239111,3.2778072043493554,2.3917806664454333,-5.879101272814885,-2.2385839974640236,0.0,-20.0,-20.0,110.0,-3.144750692033117
227,2.27,-4.2215650465054155,-0.6308622884682498,3.2436382096770995,2.3927466737433054,-5.878709895563987,-2.248015041022378,0.0,-20.0,-20.0,110.0,-3.164592312680789
228,2.2800000000000002,-4.236517224832521,-0.6331926432125883,3.2094692150048436,2.393712615676582,-5.878318360143989,-2.2574460713114815,0.0,-20.0,-20.0,110.0,-3.184539840742431
229,2.29,-4.251469403159626,-0.6355229979569266,3.1753002203325877,2.394678492219043,-5.877926666565691,-2.2668770883268787,0.0,-20.0,-20.0,110.0,-3.2045957557172446
230,2.3000000000000003,-4.266421581486731,-0.6378533527012646,3.141131225660332,2.395644303344474,-5.8775348148399,-2.276308092064122,0.0,-20.0,-20.0,110.0,-3.224762404211547
231,2.31,-4.281373759813836,-0.6401837074456025,3.106962230988076,2.396610049026659,-5.877142804977427,-2.285739082518759,0.0,-20.0,-20.0,110.0,-3.2450420015881893
232,2.32,-4.296325938140941,-0.6425140621899402,3.07279323631582,2.3975757292393864,-5.876750636989083,-2.295170059686334,0.0,-20.0,-20.0,110.0,-3.265436633682926
233,2.33,-4.3112781164680465,-0.6448444169342777,3.0386242416435643,2.3985413439564427,-5.876358310885689,-2.304601023562401,0.0,-20.0,-20.0,110.0,-3.2859482585873203
234,2.34,-4.326230294795152,-0.647174771678615,3.0044552469713084,2.399506893151623,-5.875965826678066,-2.314031974142517,0.0,-20.0,-20.0,110.0,-3.3065787084975273
235,2.35,-4.341182473122257,-0.6495051264229522,2.9702862522990525,2.4004723767987226,-5.8755731843770445,-2.3234629114222414,0.0,-20.0,-20.0,110.0,-3.327329691628073
236,2.36,-4.356134651449362,-0.6518354811672892,2.9361172576267967,2.40143779487154,-5.875180383993464,-2.33289383539713,0.0,-20.0,-20.0,110.0,-3.3482027941896173
237,2.37,-4.371086829776467,-0.6541658359116259,2.901948262954541,2.4024031473438634,-5.874787425538139,-2.3423247460627348,0.0,-20.0,-20.0,110.0,-3.3691994824293467
238,2.38,-4.386039008103572,-0.6564961906559625,2.867779268282285,2.4033684341894967,-5.87439430902192,-2.3517556434146223,0.0,-20.0,-20.0,110.0,-3.390321104732458
239,2.39,-4.400991186430677,-0.658826545400299,2.833610273610029,2.4043336553822443,-5.8740010344556515,-2.361186527448352,0.0,-20.0,-20.0,110.0,-3.4115688937831834
240,2.4,-4.415943364757783,-0.6611569001446351,2.799441278937773,2.40529881089591,-5.873607601850184,-2.3706173981594874,0.0,-20.0,-20.0,110.0,-3.432943968783264
241,2.41,-4.430895543084888,-0.6634872548889711,2.7652722842655173,2.4062639007042987,-5.873214011216367,-2.380048255543593,0.0,-20.0,-20.0,110.0,-3.454447337725906
242,2.42,-4.445847721411993,-0.6658176096333069,2.7311032895932614,2.4072289247812195,-5.872820262565061,-2.3894790995962305,0.0,-20.0,-20.0,110.0,-3.476079899722887
243,2.43,-4.460799899739098,-0.6681479643776426,2.6969342949210056,2.4081938831004814,-5.872426355907126,-2.3989099303129677,0.0,-20.0,-20.0,110.0,-3.4978424473823493
244,2.44,-4.475752078066203,-0.670478319121978,2.6627653002487497,2.4091587756358996,-5.872032291253428,-2.4083407476893774,0.0,-20.0,-20.0,110.0,-3.5197356692346538
245,2.45,-4.490704256393308,-0.6728086738663133,2.628596305576494,2.410123602361286,-5.871638068614838,-2.417771551721026,0.0,-20.0,-20.0,110.0,-3.54176015220353
246,2.46,-4.5056564347204136,-0.6751390286106483,2.594427310904238,2.4110883632504594,-5.871243688002232,-2.427202342403484,0.0,-20.0,-20.0,110.0,-3.5639163841195343
247,2.47,-4.520608613047519,-0.6774693833549832,2.560258316231982,2.4120530582772384,-5.870849149426487,-2.4366331197323285,0.0,-20.0,-20.0,110.0,-3.5862047562728043
248,2.48,-4.535560791374624,-0.6797997380993179,2.526089321559726,2.4130176874154414,-5.8704544528984846,-2.446063883703136,0.0,-20.0,-20.0,110.0,-3.608625566001805
249,2.49,-4.550512969701729,-0.6821300928436524,2.4919203268874703,2.4139822506388935,-5.870059598429115,-2.4554946343114823,0.0,-20.0,-20.0,110.0,-3.631179019314882
250,2.5,-4.565465148028834,-0.6844604475879867,2.4577513322152145,2.4149467479214195,-5.869664586029269,-2.4649253715529365,0.0,-20.0,-20.0,110.0,-3.6538652335410693
251,2.5100000000000002,-4.580417326355939,-0.6867908023323208,2.4235823375429586,2.415911179236845,-5.869269415709842,-2.4743560954230785,0.0,-20.0,-20.0,110.0,-3.6766842400067126
252,2.52,-4.5953695046830445,-0.6891211570766548,2.3894133428707027,2.4168755445589998,-5.868874087481736,-2.4837868059174895,0.0,-20.0,-20.0,110.0,-3.699635986734293
253,2.5300000000000002,-4.61032168301015,-0.6914515118209885,2.355244348198447,2.4178398438617155,-5.868478601355855,-2.4932175030317465,0.0,-20.0,-20.0,110.0,-3.722720341159814
254,2.54,-4.625273861337255,-0.693781866565322,2.321075353526191,2.4188040771188244,-5.868082957343108,-2.5026481867614345,0.0,-20.0,-20.0,110.0,-3.745937092865006
255,2.5500000000000003,-4.64022603966436,-0.6961122213096554,2.286906358853935,2.4197682443041617,-5.867687155454409,-2.5120788571021393,0.0,-20.0,-20.0,110.0,-3.76928595632067
256,2.56,-4.655178217991465,-0.6984425760539886,2.2527373641816792,2.420732345391566,-5.867291195700675,-2.5215095140494483,0.0,-20.0,-20.0,110.0,-3.79276657363733
257,2.57,-4.67013039631857,-0.7007729307983216,2.2185683695094234,2.4216963803548763,-5.866895078092829,-2.5309401575989527,0.0,-20.0,-20.0,110.0,-3.8163785173194618
258,2.58,-4.6850825746456755,-0.7031032855426544,2.1843993748371675,2.422660349167935,-5.866498802641794,-2.540370787746238,0.0,-20.0,-20.0,110.0,-3.8401212930195374
259,2.59,-4.700034752972781,-0.7054336402869871,2.1502303801649116,2.423624251804585,-5.8661023693585035,-2.549801404486894,0.0,-20.0,-20.0,110.0,-3.863994342288076
260,2.6,-4.714986931299886,-0.7077639950313195,2.1160613854926558,2.424588088238671,-5.865705778253893,-2.559232007816516,0.0,-20.0,-20.0,110.0,-3.8879970453160406
261,2.61,-4.729939109626991,-0.7100943497756517,2.0818923908204,2.425551858444042,-5.865309029338898,-2.5686625977306985,0.0,-20.0,-20.0,110.0,-3.9121287236658833
262,2.62,-4.744891287954096,-0.7124247045199837,2.047723396148144,2.426515562394549,-5.864912122624466,-2.5780931742250357,0.0,-20.0,-20.0,110.0,-3.936388642987595
263,2.63,-4.759843466281201,-0.7147550592643156,2.013554401475888,2.427479200064043,-5.864515058121541,-2.5875237372951236,0.0,-20.0,-20.0,110.0,-3.9607760157162386
264,2.64,-4.774795644608306,-0.7170854140086472,1.9793854068036325,2.428442771426378,-5.864117835841078,-2.596954286936562,0.0,-20.0,-20.0,110.0,-3.985290003747459
265,2.65,-4.789747822935412,-0.7194157687529787,1.9452164121313769,2.4294062764554107,-5.8637204557940334,-2.6063848231449493,0.0,-20.0,-20.0,110.0,-4.009929721087592
266,2.66,-4.804700001262517,-0.72174612349731,1.9110474174591212,2.4303697151250003,-5.863322917991365,-2.6158153459158893,0.0,-20.0,-20.0,110.0,-4.03469423647512
267,2.67,-4.819652179589622,-0.7240764782416411,1.8768784227868656,2.4313330874090058,-5.86292522244404,-2.6252458552449744,0.0,-20.0,-20.0,110.0,-4.059582575970247
268,2.68,-4.834604357916727,-0.7264068329859721,1.84270942811461,2.432296393281289,-5.862527369163028,-2.634676351127812,0.0,-20.0,-20.0,110.0,-4.084593725509558
269,2.69,-4.849556536243832,-0.7287371877303028,1.8085404334423543,2.4332596327157145,-5.862129358159301,-2.6441068335600093,0.0,-20.0,-20.0,110.0,-4.109726633422832
270,2.7,-4.864508714570937,-0.7310675424746333,1.7743714387700986,2.434222805686151,-5.861731189443839,-2.653537302537171,0.0,-20.0,-20.0,110.0,-4.1349802129092375
271,2.71,-4.8794608928980425,-0.7333978972189636,1.740202444097843,2.4351859121664665,-5.861332863027624,-2.6629677580549074,0.0,-20.0,-20.0,110.0,-4.1603533444701855
272,2.72,-4.894413071225148,-0.7357282519632938,1.7060334494255873,2.4361489521305324,-5.86093437892164,-2.6723982001088236,0.0,-20.0,-20.0,110.0,-4.185844878296437
273,2.73,-4.909365249552253,-0.7380586067076238,1.6718644547533317,2.4371119255522196,-5.86053573713688,-2.681828628694534,0.0,-20.0,-20.0,110.0,-4.211453636606984
274,2.74,-4.924317427879358,-0.7403889614519535,1.637695460081076,2.4380748324054045,-5.860136937684338,-2.69125904380765,0.0,-20.0,-20.0,110.0,-4.237178415937627
275,2.75,-4.939269606206463,-0.7427193161962832,1.6035264654088204,2.439037672663964,-5.859737980575016,-2.7006894454437815,0.0,-20.0,-20.0,110.0,-4.263017989377135
276,2.7600000000000002,-4.954221784533568,-0.7450496709406126,1.5693574707365647,2.4400004463017777,-5.859338865819914,-2.71011983359855,0.0,-20.0,-20.0,110.0,-4.288971108749122
277,2.77,-4.9691739628606735,-0.7473800256849418,1.535188476064309,2.4409631532927265,-5.858939593430041,-2.719550208267581,0.0,-20.0,-20.0,110.0,-4.3150365067379575
278,2.7800000000000002,-4.984126141187779,-0.7497103804292709,1.5010194813920534,2.4419257936106953,-5.85854016341641,-2.728980569446485,0.0,-20.0,-20.0,110.0,-4.341212898957138
279,2.79,-4.999078319514884,-0.7520407351735997,1.4668504867197978,2.4428883672295676,-5.858140575790037,-2.7384109171308757,0.0,-20.0,-20.0,110.0,-4.367498985958795
280,2.8000000000000003,-5.014030497841989,-0.7543710899179283,1.4326814920475421,2.4438508741232323,-5.857740830561945,-2.747841251316378,0.0,-20.0,-20.0,110.0,-4.393893455183019
281,2.81,-5.028982676169094,-0.7567014446622568,1.3985124973752865,2.444813314265579,-5.857340927743156,-2.7572715719986136,0.0,-20.0,-20.0,110.0,-4.420394982846102
282,2.82,-5.043934854496199,-0.759031799406585,1.3643435027030308,2.445775687630499,-5.8569408673447025,-2.7667018791732083,0.0,-20.0,-20.0,110.0,-4.447002235766676
283,2.83,-5.058887032823304,-0.7613621541509131,1.3301745080307752,2.446737994191886,-5.856540649377615,-2.7761321728357906,0.0,-20.0,-20.0,110.0,-4.473713873129184
284,2.84,-5.07383921115041,-0.763692508895241,1.2960055133585195,2.447700233923638,-5.856140273852934,-2.7855624529819925,0.0,-20.0,-20.0,110.0,-4.500528548183944
285,2.85,-5.088791389477515,-0.7660228636395687,1.261836518686264,2.448662406799653,-5.8557397407817,-2.794992719607441,0.0,-20.0,-20.0,110.0,-4.527444909883559
286,2.86,-5.10374356780462,-0.7683532183838963,1.2276675240140082,2.4496245127938314,-5.855339050174961,-2.8044229727077687,0.0,-20.0,-20.0,110.0,-4.554461604455371
287,2.87,-5.118695746131725,-0.7706835731282236,1.1934985293417526,2.450586551880074,-5.854938202043768,-2.8138532122786026,0.0,-20.0,-20.0,110.0,-4.581577276909793
288,2.88,-5.13364792445883,-0.7730139278725507,1.159329534669497,2.451548524032287,-5.854537196399175,-2.823283438315578,0.0,-20.0,-20.0,110.0,-4.608790572484684
289,2.89,-5.148600102785935,-0.7753442826168777,1.1251605399972413,2.4525104292243767,-5.854136033252243,-2.832713650814329,0.0,-20.0,-20.0,110.0,-4.636100138025829
290,2.9,-5.1635522811130405,-0.7776746373612045,1.0909915453249857,2.4534722674302523,-5.853734712614035,-2.842143849770497,0.0,-20.0,-20.0,110.0,-4.663504623303913
291,2.91,-5.178504459440146,-0.780004992105531,1.05682255065273,2.4544340386238233,-5.853333234495619,-2.851574035179714,0.0,-20.0,-20.0,110.0,-4.691002682268379
292,2.92,-5.193456637767251,-0.7823353468498574,1.0226535559804744,2.4553957427790025,-5.852931598908066,-2.8610042070376207,0.0,-20.0,-20.0,110.0,-4.718592974238766
293,2.93,-5.208408816094356,-0.7846657015941836,0.9884845613082186,2.4563573798697056,-5.852529805862456,-2.87043436533986,0.0,-20.0,-20.0,110.0,-4.744938787248385
294,2.94,-5.223360994421461,-0.7869960563385096,0.9543155666359628,2.4573189498698524,-5.852127855369867,-2.8798645100820783,0.0,-20.0,-20.0,110.0,-4.768792127709741
295,2.95,-5.238313172748566,-0.7893264110828354,0.9201465719637071,2.458280452753359,-5.851725747441384,-2.8892946412599163,0.0,-20.0,-20.0,110.0,-4.792800081074499
296,2.96,-5.2532653510756715,-0.791656765827161,0.8859775772914513,2.4592418884941485,-5.851323482088101,-2.8987247588690175,0.0,-20.0,-20.0,110.0,-4.8169602147547765
297,2.97,-5.268217529402777,-0.7939871205714865,0.8518085826191956,2.4602032570661434,-5.850921059321109,-2.9081548629050253,0.0,-20.0,-20.0,110.0,-4.841270125619678
298,2.98,-5.283169707729882,-0.7963174753158117,0.8176395879469398,2.46116455844327,-5.850518479151505,-2.9175849533635896,0.0,-20.0,-20.0,110.0,-4.865727440506475
299,2.99,-5.298121886056987,-0.7986478300601367,0.783470593274684,2.462125792599454,-5.850115741590392,-2.927015030240366,0.0,-20.0,-20.0,110.0,-4.890329816681461
300,3.0,-5.313074064384092,-0.8009781848044616,0.7493015986024283,2.463086959508628,-5.849712846648878,-2.936445093531005,0.0,-20.0,-20.0,110.0,-4.915074942251659
301,3.0100000000000002,-5.328026242711197,-0.8033085395487862,0.7151326039301725,2.464048059144725,-5.8493097943380725,-2.9458751432311647,0.0,-20.0,-20.0,110.0,-4.939960536528623
302,3.02,-5.3429784210383025,-0.8056388942931108,0.6809636092579168,2.465009091481677,-5.84890658466909,-2.9553051793364875,0.0,-20.0,-20.0,110.0,-4.964984350345646
303,3.0300000000000002,-5.357930599365408,-0.8079692490374351,0.646794614585661,2.4659700564934197,-5.848503217653054,-2.964735201842637,0.0,-20.0,-20.0,110.0,-4.99014416632975
304,3.04,-5.372882777692513,-0.8102996037817591,0.6126256199134053,2.466930954153893,-5.848099693301085,-2.974165210745271,0.0,-20.0,-20.0,110.0,-5.015437799129795
305,3.0500000000000003,-5.387834956019618,-0.8126299585260831,0.5784566252411495,2.4678917844370374,-5.84769601162431,-2.983595206040048,0.0,-20.0,-20.0,110.0,-5.0408630956022416
306,3.06,-5.402787134346723,-0.8149603132704069,0.5442876305688937,2.4688525473167964,-5.847292172633866,-2.993025187722632,0.0,-20.0,-20.0,110.0,-5.0664179349559335
307,3.0700000000000003,-5.417739312673828,-0.8172906680147304,0.510118635896638,2.469813242767113,-5.846888176340887,-3.0024551557886783,0.0,-20.0,-20.0,110.0,-5.092100228857474
308,3.08,-5.434533260390034,-0.8202294916051628,0.4929812465502538,2.576987609459851,-6.3459769797988175,-2.6383228883787546,0.0,-20.0,-20.0,110.0,-5.186426072939748
309,3.09,-5.451386672327244,-0.8231758669507901,0.47489428553632324,2.8398464421939615,-7.921543691708487,-1.1462376473533673,0.0,-20.0,-20.0,110.0,-5.0455026051551295
310,3.1,-5.470388700300208,-0.8268174097273531,0.4743387081608255,2.988495795917316,-9.990813825131506,1.196744456834898,0.0,-20.0,-20.0,110.0,-5.358985372852663
311,3.11,-5.489744222944319,-0.8305650379166934,0.4754016757546207,2.929598619203929,-12.275445682060576,3.8932702730592115,0.0,-20.0,-20.0,110.0,-5.430250219768989
312,3.12,-5.509169164501142,-0.8343318242787887,0.4765359660739591,2.641402723453649,-14.622215041064926,6.697712485849254,0.0,-20.0,-20.0,110.0,-5.4509568023427715
313,3.13,-5.528507297367235,-0.8380709976811245,0.4771789621421533,2.119599621750216,-16.964978674369807,9.54887145375996,0.0,-20.0,-20.0,110.0,-5.476939228257978
314,3.14,-5.547805481919006,-0.8417988808401777,0.47770438057761755,1.356711427498922,-19.286721780721823,12.463012725825006,0.0,-20.0,-20.0,110.0,-5.501019264609908
315,3.15,-5.567065685296858,-0.8455157112139435,0.4781170338166731,0.34475626780036045,-21.56970328106603,15.45647565339524,0.0,-20.0,-20.0,110.0,-5.526659061314305
316,3.16,-5.586283676363318,-0.849220355512518,0.4784185551600099,-0.9245231241211634,-23.795318598235898,18.545516088442906,0.0,-20.0,-20.0,110.0,-5.553775948791022
317,3.17,-5.60545528654581,-0.8529117177947451,0.4786107466719575,-2.4592497953496277,-25.943982851355592,21.745841193489625,0.0,-20.0,-20.0,110.0,-5.582329205991643
318,3.18,-5.624576419619462,-0.8565887145345417,0.4786955777681228,-4.2667409713427995,-27.995060241649245,25.07184393141807,0.0,-20.0,-20.0,110.0,-5.612249538147704
319,3.19,-5.6436430566966,-0.860250283803164,0.4786751819233297,-6.3526131699484685,-29.926873514530403,28.53566478114191,0.0,-20.0,-20.0,110.0,-5.64345994482177
320,3.2,-5.662651262169991,-0.8638953872448358,0.47855185345360085,-8.71965220233655,-31.716825951266543,32.14604060347076,0.0,-20.0,-20.0,110.0,-5.675877300738841
321,3.21,-5.681597189689652,-0.8675230116808516,0.4783280440388442,-11.366480133164629,-33.34167212515586,35.90696388127277,0.0,-20.0,-20.0,110.0,-5.709413008982104
322,3.22,-5.700477088032532,-0.871132170671449,0.4780063589950019,-14.286109229025117,-34.77797118347271,39.81623590005808,0.0,-20.0,-20.0,110.0,-5.743973659596767
323,3.23,-5.71928730681999,-0.8747219061540519,0.47758955329723485,-17.464550608628844,-36.00274366006438,43.86407862194677,0.0,-20.0,-20.0,110.0,-5.7794620089363695
324,3.24,-5.7380243021983715,-0.8782912896368682,0.4770805273662869,-20.879726664321577,-36.99432573039048,48.03205325245796,0.0,-20.0,-20.0,110.0,-5.815776915956463
325,3.25,-5.75668464221238,-0.8818394238248726,0.47648232263213863,-24.500983438046063,-37.73337647846867,52.292578404882605,0.0,-20.0,-20.0,110.0,-5.852814579672096
326,3.2600000000000002,-5.775265012123359,-0.8853654438236493,0.4757981168706187,-28.28948536281604,-38.20394634091222,56.6093297691585,0.0,-20.0,-20.0,110.0,-5.890468779157402
327,3.27,-5.793762219478311,-0.8888685184415777,0.47503121935039927,-32.19966161805336,-38.39447302891853,60.93868978322157,0.0,-17.349119186401367,-20.0,110.0,-5.928631528738615
328,3.2800000000000002,-5.812173199121606,-0.8923478512610525,0.47418506568428737,-36.18166252280049,-38.29855438750224,65.23220369787427,0.0,-9.447340369224548,-20.0,110.0,-5.967193208249459
329,3.29,-5.830495017896094,-0.8958026819018766,0.47326321252755016,-40.184536649557394,-37.91536445120229,69.43975380495777,0.0,-2.547702193260193,-20.0,110.0,-6.006043358271268
330,3.3000000000000003,-5.848724879046575,-0.8992322876446185,0.47226933198515525,-44.15964253026953,-37.249629860893265,73.51296766702674,0.0,3.13821017742157,-20.0,110.0,-6.045072615925169
331,3.31,-5.866860124993603,-0.902635985972612,0.4712072076830726,-48.0637322769647,-36.31116435089516,77.4083012462233,0.0,7.766627669334412,-20.0,110.0,-6.0841777468951665
332,3.3200000000000003,-5.8848982426915795,-0.9060131340004701,0.4700807277907517,-51.861247530892896,-35.1140408992676,81.08932664638535,0.0,11.698126792907715,-20.0,110.0,-6.123258292332996
333,3.33,-5.902836869763329,-0.909363126567928,0.46889387719563547,-55.52553414108754,-33.67561895891228,84.52790867529976,0.0,15.26531219482422,-20.0,110.0,-6.162207903482928
334,3.34,-5.920673795211772,-0.9126854011054742,0.4676507335098382,-59.03906092841014,-32.01548070588539,87.70440381933807,0.0,18.64492177963257,-20.0,110.0,-6.200926526360613
335,3.35,-5.93840696336569,-0.9159794376206473,0.4663554605799219,-62.392811612714375,-30.154431914871328,90.60702575165797,0.0,20.0,-20.0,110.0,-6.239318672131475
336,3.36,-5.956034477109071,-0.9192447593532628,0.4650123020879645,-65.5851351989486,-28.113661347216542,93.23066166348504,0.0,20.0,-20.0,110.0,-6.277293598583363
337,3.37,-5.97355460089621,-0.9224809334179201,0.4636255749151956,-68.62034834253713,-25.914098383783312,95.57543349216347,0.0,20.0,-20.0,110.0,-6.314765564723164
338,3.38,-5.9909657634176,-0.9256875714580162,0.462199662502599,-71.50732286728143,-23.575970261779997,97.64523781930107,0.0,20.0,-20.0,110.0,-6.3516542909005596
339,3.39,-6.008266559969478,-0.9288643302543452,0.46073900819378355,-74.25821018497031,-21.118536467455378,99.44641640403276,0.0,20.0,-20.0,110.0,-6.387885457993266
340,3.4,-6.025455754596686,-0.9320109122480373,0.45924810845587083,-76.88737922533599,-18.559967307394658,100.98663410799223,0.0,20.0,-20.0,110.0,-6.423391105165961
341,3.41,-6.042532281983537,-0.9351270659925148,0.4577315060090712,-79.41058866814816,-15.917331660480835,102.27398557275883,0.0,20.0,-20.0,110.0,-6.458109968098144
342,3.42,-6.059495249085172,-0.9382125865362033,0.45619378288045936,-81.84437938525913,-13.206662322251708,103.31631767855563,0.0,20.0,-20.0,110.0,-6.491987764627167
343,3.43,-6.076343936495071,-0.9412673157354168,0.45463955339591994,-84.20565519981496,-10.443073250124925,104.120737778373,0.0,20.0,-20.0,110.0,-6.52497742746952
344,3.44,-6.093077799546259,-0.9442911424963433,0.45307345712265956,-86.5114139242623,-7.640909347010202,104.69327263647978,0.0,20.0,-20.0,110.0,-6.557039281584688
345,3.45,-6.109696469144659,-0.9472840029452929,0.4515001517737039,-88.77859121078062,-4.813915062515995,105.03864508140559,0.0,20.0,-20.0,110.0,-6.588141164066858
346,3.46,-6.126199752333606,-0.9502458805267103,0.4499243060853106,-91.02398339030928,-1.97541257925144,105.160141097317,0.0,20.0,-20.0,110.0,-6.618258485353547
347,3.47,-6.142587632588859,-0.9531768060287295,0.448350592678043,-93.26421984641242,0.8615164049977904,105.05954723400068,0.0,20.0,-20.0,110.0,-6.64737423139656
348,3.48,-6.158860269843796,-0.9560768575362323,0.44678368091222537,-95.51575923740575,3.683849211771872,104.73714564508333,0.0,20.0,-20.0,110.0,-6.675478907139171
349,3.49,-6.175018000248247,-0.9589461603072497,0.4452282297594645,-97.79488638660169,6.478443869996814,104.19176126478021,0.0,19.312660694122314,-20.0,110.0,-6.702570409618504
350,3.5,-6.191061335669067,-0.961784886564352,0.4436888807208433,-100.11768771930083,9.231866529570329,103.4208625031137,0.0,15.917203426361082,-20.0,110.0,-6.728653802892561
351,3.5100000000000002,-6.206990962905612,-0.9645932552412847,0.44217025070745475,-102.49998291052576,11.930228255144792,102.4207233099754,0.0,12.393515110015867,-20.0,110.0,-6.753741113508842
352,3.52,-6.222807742642774,-0.9673715316503869,0.44067692493565247,-104.95718889068756,14.55903716345544,101.18666010293789,0.0,8.882495760917662,-20.0,110.0,-6.777851069214722
353,3.5300000000000002,-6.238512708114408,-0.9701200271046286,0.4392134499163083,-107.5040909375456,17.103073068585047,99.71336232930012,0.0,5.432198643684387,-20.0,110.0,-6.801008837798025
354,3.54,-6.254107063501579,-0.9728390984851769,0.4377843264401889,-110.15449468806968,19.546297098949413,97.99533810755624,0.0,1.878347992897034,-20.0,110.0,-6.82324580958672
355,3.5500000000000003,-6.269592182041014,-0.9755291477218806,0.43639400263560457,-112.92073483973157,21.8718103133768,96.02749689331357,0.0,-1.9945615530014036,-20.0,110.0,-6.8445993524962745
356,3.56,-6.284969603741148,-0.9781906211066677,0.4350468670147379,-115.81302357745476,24.0618852358939,93.80588305354942,0.0,-6.216610074043274,-20.0,110.0,-6.8651117676361215
357,3.5700000000000003,-6.300241033505473,-0.9808240085784822,0.433747242232905,-118.838631396955,26.098076954425178,91.32857058243992,0.0,-10.725569725036621,-20.0,110.0,-6.884830583273613
358,3.58,-6.315408338636907,-0.9834298425981218,0.4324993791730661,-122.00092636425282,27.96145391252833,88.59669235805481,0.0,-15.579242706298828,-20.0,110.0,-6.903805655233058
359,3.59,-6.330473545460662,-0.9860086979430435,0.4313074490439891,-125.29833067251687,29.6329711905331,85.61554201778243,0.0,-20.0,-20.0,110.0,-6.922091278969919
360,3.6,-6.345438836297725,-0.9885611906908188,0.4301755373712469,-128.7233026525192,31.093995930861077,82.39564139656356,0.0,-20.0,-20.0,110.0,-6.939745026621133
361,3.61,-6.360306546173419,-0.991087977223312,0.4291076378180459,-132.2615020273712,32.32697928248546,78.95361683963027,0.0,-20.0,-20.0,110.0,-6.956827026610635
362,3.62,-6.375079159445123,-0.9935897531524938,0.428107646400701,-135.8913316281347,33.31624406968871,75.31269272512708,0.0,-20.0,-20.0,110.0,-6.973398991105337
363,3.63,-6.389759305911416,-0.996067252291331,0.42717935533037976,-139.5840501678092,34.04883023397919,71.5026073549582,0.0,-20.0,-20.0,110.0,-6.989523784997762
364,3.64,-6.404349756763316,-0.9985212455452057,0.4263264471783896,-143.30459536757996,34.515309050572064,67.55881211295136,0.0,-20.0,-20.0,110.0,-7.0052648608157275
365,3.65,-6.41885342033606,-1.000952539732925,0.42555248923641004,-147.01314255097807,34.71045979596439,63.520929397951065,0.0,-20.0,-20.0,110.0,-7.020685651910265
366,3.66,-6.433273337660697,-1.0033619763523005,0.42486092806616743,-150.6672706936306,34.63370723152017,59.4305978986056,0.0,-20.0,-20.0,110.0,-7.035848965667129
367,3.67,-6.447612677816203,-1.0057504302935245,0.4242550842360179,-154.2244611109776,34.289248155826314,55.32898056030641,0.0,-20.0,-20.0,110.0,-7.0508163890943605
368,3.68,-6.461874733086527,-1.008118808501534,0.4237381472488759,-157.6445667822785,33.68584528138353,51.25429780036241,0.0,-20.0,-20.0,110.0,-7.065647711437583
369,3.69,-6.476062913928896,-1.010468048589123,0.42331317066857843,-160.89189760846742,32.83632325046388,47.23974128122745,0.0,-20.0,-20.0,110.0,-7.0804003685419605
370,3.7,-6.490180743760656,-1.0127991174030366,0.4229830674525171,-163.93666570572867,31.756848173158303,43.31202483416816,0.0,-20.0,-20.0,110.0,-7.09512891399638
371,3.71,-6.5042318535727235,-1.015113009545401,0.42275060549828347,-166.7556860436347,30.46609642873292,39.4906780489001,0.0,-20.0,-20.0,110.0,-7.10988452169886
372,3.72,-6.518219976378088,-1.0174107458528197,0.42261840341163975,-169.33237765105594,28.984417430618542,35.788038314642556,0.0,-20.0,-20.0,110.0,-7.1247145238983665
373,3.73,-6.532148941504085,-1.0196933718354482,0.4225889265025936,-171.65621688230058,27.333074155967903,32.20979107899855,0.0,-20.0,-20.0,110.0,-7.1396619883027315
374,3.74,-6.546022668737314,-1.0219619560784055,0.42266448301584725,-173.72184031513459,25.533614582878656,28.75586234101507,0.0,-20.0,-20.0,110.0,-7.154765337501984
375,3.75,-6.5598451623302445,-1.024217588607928,0.4228472206014332,-175.52798832605873,23.60739652495127,25.421474343398092,0.0,-20.0,-20.0,110.0,-7.170058013665942
376,3.7600000000000002,-6.573620504878692,-1.0264613792247474,0.4231391230309377,-177.07644153041818,21.57526405495917,22.198214816852786,0.0,-20.0,-20.0,110.0,-7.18556819116477
377,3.77,-6.587352851079541,-1.0286944558072277,0.423542007164319,-178.37105214861893,19.45735810055837,19.075020906905188,0.0,-20.0,-20.0,110.0,-7.201318539416403
378,3.7800000000000002,-6.601046421378252,-1.0309179625868556,0.42405752017194565,-179.41692591126642,17.273036231927605,16.039026142104223,0.0,-20.0,-20.0,110.0,-7.21732603787568
379,3.79,-6.6147054955158415,-1.0331330583987237,0.42468713701609423,179.78022530876524,15.040875037751977,13.076255134289118,0.0,-20.0,-20.0,110.0,-7.2336018446605665
380,3.8000000000000003,-6.628334405988421,-1.0353409149082051,0.42543215819619373,179.2145628893818,12.778730446259337,10.172174668885924,0.0,-20.0,-19.738445281982422,110.0,-7.2501512145001445
381,3.81,-6.641937531441535,-1.0375427148105043,0.4262937077624516,178.8804479122602,10.5038349459329,7.312123295631576,0.0,-20.0,-17.901201248168945,110.0,-7.266973443513512
382,3.8200000000000003,-6.655519289957853,-1.0397396500339244,0.4272727315948712,178.77263418082637,8.232914476792574,4.481646906191698,0.0,-20.0,-16.585102081298828,110.0,-7.284061935722535
383,3.83,-6.669084132239171,-1.0419329199401888,0.4283699959443557,178.88634722441492,5.982311301723798,1.6667677857275105,0.0,-20.0,-15.929059982299806,110.0,-7.301404403587607
384,3.84,-6.682636534851282,-1.0441237294751606,0.42958608627744016,179.21726652935288,3.7681018285331405,-1.1457856704375717,0.0,-20.0,-15.9890079498291,110.0,-7.3189829328083515
385,3.85,-6.696180993394027,-1.0463132873155918,0.43092140638239207,179.76142462584667,1.6062001165764204,-3.9683658624356637,0.0,-20.0,-16.730470657348633,110.0,-7.336774142292898
386,3.86,-6.7097220156341555,-1.048502804015864,0.4323761777505484,-179.48496612725828,-0.4875611049199074,-6.812191463606028,0.0,-20.0,-18.012046813964844,110.0,-7.3547494149511845
387,3.87,-6.723264114615467,-1.050693490155188,0.433950439235534,-178.52574977757453,-2.497379536619325,-9.687118330391748,0.0,-20.0,-19.627513885498047,110.0,-7.372875188502434
388,3.88,-6.7368118017693615,-1.0528865544732937,0.4356440469902666,-177.36511665932068,-4.407469830590316,-12.601388175054412,0.0,-20.0,-20.0,110.0,-7.391113260758921
389,3.89,-6.750369580012805,-1.0550832020265069,0.43745667468594635,-176.00793558066974,-6.202094522816636,-15.56135391055773,0.0,-20.0,-20.0,110.0,-7.409421184624952
390,3.9,-6.763941936808359,-1.0572846323880316,0.4393878140114537,-174.46011273782221,-7.865645324619265,-18.5711892604703,0.0,-20.0,-20.0,110.0,-7.427752846870257
391,3.91,-6.777533337318114,-1.0594920378095773,0.4414367754536163,-172.72895604571949,-9.382778990783564,-21.632596908534143,0.0,-20.0,-20.0,110.0,-7.4460589114810185
392,3.92,-6.791148217592321,-1.0617066013846976,0.44360268935148045,-170.8235170360986,-10.738609237720874,-24.74453834504057,0.0,-20.0,-20.0,110.0,-7.464287272658664
393,3.93,-6.804790977790555,-1.0639294952328306,0.4458845072254878,-168.7548760550657,-11.918951939381714,-27.9030169089391,0.0,-20.0,-20.0,110.0,-7.482383562277696
394,3.94,-6.818465975454096,-1.0661618787046605,0.4482810033803681,-166.53633226941918,-12.910615274870752,-31.100950768684804,0.0,-20.0,-20.0,110.0,-7.500291695391262
395,3.95,-6.83217751884251,-1.0684048966095747,0.45079077677921336,-164.18346020308414,-13.701720113038196,-34.32817300389714,0.0,-20.0,-20.0,110.0,-7.51795444244696
396,3.96,-6.84592986034565,-1.0706596774662802,0.4534122531857109,-161.71400111814748,-14.282029576424085,-37.57158977519585,0.0,-20.0,-20.0,110.0,-7.535314018617636
397,3.97,-6.859727189981386,-1.0729273317783474,0.45614368757117724,-159.14757147768378,-14.64326168509988,-40.81551391490337,0.0,-20.0,-20.0,110.0,-7.552312682900529
398,3.98,-6.873573628988936,-1.0752089503369926,0.4589831667826966,-156.5051911630787,-14.77935662240162,-44.042170990538146,0.0,-20.0,-20.0,110.0,-7.568893341153028
399,3.99,-6.887473223527493,-1.077505602553669,0.46192861246829375,-153.80865810732482,-14.686671610200202,-47.232350970428755,0.0,-20.0,-20.0,110.0,-7.58500014797313
400,4.0,-6.901429938489696,-1.0798183348251151,0.46497778425468644,-151.07981881527354,-14.364082061641755,-50.366155806470715,0.0,-20.0,-20.0,110.0,-7.6005791025878855
401,4.01,-6.915447651439368,-1.0821481689334564,0.46812828317277083,-148.33980057697315,-13.812977042227024,-53.42377685042986,0.0,-20.0,-20.0,110.0,-7.6155786339509
402,4.0200000000000005,-6.929530146682773,-1.0844961004838845,0.4713775553256043,-145.60827688642777,-13.037148591976909,-56.38623019941916,0.0,-20.0,-20.0,110.0,-7.629950170244103
403,4.03,-6.9436811094824575,-1.086863097382347,0.47472289579328025,-142.90283113229563,-12.0425860117714,-59.2359843495357,0.0,-20.0,-20.0,110.0,-7.643648688005459
404,4.04,-6.957904120422513,-1.0892500983555948,0.47816145276871874,-140.2384667106534,-10.837195662204115,-61.95743124173276,0.0,-20.0,-20.0,110.0,-7.656633236199268
405,4.05,-6.972202649933903,-1.091658011515856,0.4816902319180492,-137.62728857829697,-9.430472630876148,-64.53717465052745,0.0,-20.0,-20.0,110.0,-7.668867430699278
406,4.0600000000000005,-6.9865800529882085,-1.0940877129723285,0.48530610095891513,-135.07835722715816,-7.833152228545817,-66.96413357596859,0.0,-20.0,-20.0,110.0,-7.680319914871697
407,4.07,-7.0010395639678995,-1.096540045491612,0.4890057944497003,-132.59769578582632,-6.05686709133178,-69.22947816934048,0.0,-20.0,-20.0,110.0,-7.69096478220346
408,4.08,-7.0155842917210105,-1.0990158172091242,0.49278591878235345,-130.188417300283,-4.113830803866474,-71.32642887741343,0.0,-20.0,-20.0,110.0,-7.700781957219914
409,4.09,-7.030217214807734,-1.1015158003934702,0.496642957371177,-127.8509329312009,-2.016562794139008,-73.24995518585776,0.0,-20.0,-20.0,110.0,-7.709757531264102
410,4.1,-7.044941176946239,-1.1040407302656514,0.500573276029648,-125.58320181748188,0.22233695492129368,-74.99640956044391,0.0,-20.0,-20.0,110.0,-7.717884050068442
411,4.11,-7.059758882664655,-1.1065913038749222,0.5045731285270482,-123.38098772860255,2.5903601726673333,-76.56312685188304,0.0,-20.0,-20.0,110.0,-7.7251607504301045
412,4.12,-7.074672893165878,-1.1091681790330066,0.5086386623164096,-121.23809420635209,5.075210332519663,-77.94801165332312,0.0,-20.0,-20.0,110.0,-7.73159374370253
413,4.13,-7.089685622411517,-1.1117719733083136,0.5127659244250155,-119.14655686091098,7.664873751651734,-79.14912763882003,0.0,-20.0,-20.0,110.0,-7.737196144237797
414,4.14,-7.10479933343098,-1.1144032630816805,0.5169508674984515,-117.09677758762537,10.347646228747687,-80.16429494866424,0.0,-20.0,-20.0,110.0,-7.741988141349001
415,4.15,-7.120016134861315,-1.1170625826650935,0.5211893559889661,-115.07759003387129,13.11211974762729,-80.99069482765034,0.0,-20.0,-20.0,110.0,-7.74599701381066
416,4.16,-7.135337977723138,-1.119750423484729,0.5254771724786768,-113.07624845024627,15.947132985755774,-81.62447512289295,0.0,-20.0,-20.0,110.0,-7.74925708637025
417,4.17,-7.15076665243754,-1.1224672333295709,0.5298100241279547,-111.07833319501697,18.84168795304536,-82.06034579523029,0.0,-20.0,-20.0,110.0,-7.751809628206979
418,4.18,-7.1663037860885535,-1.1252134156667433,0.5341835492391296,-109.06756590656553,21.784833197864206,-82.29115008073124,0.0,-20.0,-20.0,110.0,-7.753702693735706
419,4.19,-7.181950839935353,-1.1279893290246157,0.5385933239254761,-107.02552614421053,24.765511725263902,-82.30739420622687,0.0,-20.0,-20.0,110.0,-7.754990906615425
420,4.2,-7.197709107178016,-1.130795286444616,0.5430348688752875,-104.9312597480491,27.77236907953706,-82.09671669842324,0.0,-20.0,-20.0,110.0,-7.7557351882762395
421,4.21,-7.213579710980228,-1.1336315550025942,0.5475036562006937,-102.76076828279895,30.79351390691537,-81.64327788285041,0.0,-20.0,-20.0,110.0,-7.7560024327253645
422,4.22,-7.229563602751978,-1.1364983554004657,0.5519951163607513,-100.48637045747003,33.81621969434535,-80.9270525583956,0.0,-20.0,-20.0,110.0,-7.7558651298246755
423,4.23,-7.245661560694863,-1.1393958616287612,0.55650464514822,-98.07593353912738,36.826552332626335,-79.92301700705958,0.0,-20.0,-20.0,110.0,-7.755400939649827
424,4.24,-7.261874188612231,-1.142324200700596,0.5610276107293453,-95.49199132354879,39.808904019800856,-78.60024112255465,0.0,-20.0,-20.0,110.0,-7.75469222093781
425,4.25,-7.278201914985966,-1.1452834524574702,0.56555936072588,-92.69080556571554,42.74541081990118,-76.920937802074,0.0,-20.0,-20.0,110.0,-7.753825517004039
426,4.26,-7.294644992321346,-1.148273649447189,0.5700952293285187,-89.62150759664831,45.615231361632645,-74.83960248352219,0.0,-20.0,-20.0,110.0,-7.7528910028595615
427,4.2700000000000005,-7.3112034967609665,-1.1512947768740998,0.574630544430869,-86.22560400978226,48.39367291902403,-72.3025236567217,0.0,-20.0,-20.0,110.0,-7.751981897578771
428,4.28,-7.327877327968318,-1.1543467726217131,0.5791606347730492,-82.43738230604434,51.051178632491826,-69.24819784680948,0.0,-20.0,-20.0,110.0,-7.751193846257782
429,4.29,-7.3446662092812,-1.1574295273476787,0.5836808370839938,-78.18614200825103,53.55225367219116,-65.6095727364142,0.0,-20.0,-20.0,110.0,-7.750624276159532
430,4.3,-7.361569688134732,-1.160542884650968,0.5881865032115418,-73.40167881593389,55.8545346917881,-61.31954459771744,0.0,-20.0,-20.0,110.0,-7.750371731862622
431,4.3100000000000005,-7.378587136753323,-1.16368664131101,0.5926730072294111,-68.02484850180998,57.90842059351665,-56.32153569235634,0.0,-20.0,-20.0,110.0,-7.75053519441412
432,4.32,-7.395717753110534,-1.1668605475984128,0.5971357525101876,-62.024705972244064,59.65796947780802,-50.58664630322375,0.0,-20.0,-20.0,110.0,-7.751213389631801
433,4.33,-7.412960562155362,-1.1700643076567967,0.6015701787535177,-55.42150057229645,61.04399160912457,-44.13666194807443,0.0,-20.0,-20.0,110.0,-7.752504090805882
434,4.34,-7.430314417303091,-1.1732975799551557,0.6059717689587572,-48.3097276647557,62.01008536520583,-37.067115456831736,0.0,-20.0,-20.0,110.0,-7.754503421114948
435,4.3500000000000005,-7.447778002188394,-1.1765599778100548,0.6103360563314146,-40.86900768214333,62.51131878683394,-29.558174914232925,0.0,-20.0,-20.0,110.0,-7.757305161093241
436,4.36,-7.465349832678055,-1.1798510699768636,0.6146586311128314,-33.34915859506087,62.523371969612235,-21.85972334097546,0.0,-20.0,-20.0,110.0,-7.76100006646813
437,4.37,-7.483028259140184,-1.1831703813091248,0.6189351473226532,-26.026675168119723,62.04844768340544,-14.247843527365543,0.0,-20.0,-20.0,110.0,-7.76567520162562
438,4.38,-7.5008114689664875,-1.1865173934850484,0.6231613294037862,-19.148917448811677,61.114981467379536,-6.969010614347524,0.0,-20.0,-20.0,110.0,-7.771413293861797
439,4.39,-7.518697489343727,-1.1898915458000192,0.6273329787596765,-12.891898712869793,59.77128632407479,-0.19788290287922605,0.0,-20.0,-20.0,110.0,-7.7782921134346
440,4.4,-7.536684190270128,-1.1932922360239087,0.6314459801739176,-7.346997603154954,58.07626288493648,5.975983997885942,0.0,-20.0,-20.0,110.0,-7.78638388425045
441,4.41,-7.55476928781213,-1.1967188213218771,0.6354963081023711,-2.532888797642657,56.0908291960802,11.536204843669113,0.0,-20.0,-20.0,110.0,-7.7957547298006284
442,4.42,-7.572950347596495,-1.2001706192372616,0.6394800328281789,1.5811413215501107,53.872112483968436,16.51624712043087,0.0,-20.0,-20.0,110.0,-7.806464158707076
443,4.43,-7.591224788532438,-1.2036469087350443,0.6433933264702566,5.052423905350944,51.47058084461728,20.97665717113327,0.0,-20.0,-20.0,110.0,-7.818564593947324
444,4.44,-7.609589886758083,-1.207146931304308,0.6472324688360819,7.948137272511121,48.92931540248849,24.988284520867467,0.0,-20.0,-20.0,110.0,-7.832100949505863
445,4.45,-7.628042779805225,-1.210669892117989,0.650993853109827,10.335065794373175,46.28448862054656,28.6220319407562,0.0,-20.0,-20.0,110.0,-7.84711025784824
446,4.46,-7.646580470976003,-1.214214961248161,0.6546739913671406,12.2743394065201,43.56635812490157,31.943581011554723,0.0,-20.0,-20.0,110.0,-7.86362135123445
447,4.47,-7.665199833924828,-1.2177812749349846,0.6582695199081452,13.819339628008889,40.80037387614671,35.011277098330524,0.0,-20.0,-20.0,110.0,-7.881654599485827
448,4.48,-7.683897617438522,-1.2213679369073869,0.6617772044004974,15.015374464795093,38.008206032267694,37.87577374158124,0.0,-20.0,-20.0,110.0,-7.901221706395853
449,4.49,-7.70267045040739,-1.2249740197534498,0.6651939448246453,15.900223922968754,35.20862286884908,40.580535375553886,0.0,-20.0,-20.0,110.0,-7.922325566532447
450,4.5,-7.721514846979614,-1.2285985663384127,0.6685167802137248,16.505040209630195,32.418208830275105,43.162679167667314,0.0,-20.0,-20.0,110.0,-7.9449601837250725
451,4.51,-7.7404272118910775,-1.232240591268122,0.6717428931808442,16.855332535876702,29.651938172316104,45.653882144881905,0.0,-20.0,-20.0,110.0,-7.969110652061644
452,4.5200000000000005,-7.759403845962482,-1.2358990823956866,0.674869614226838,16.97190962400168,26.92362713623337,48.08122254883522,0.0,-20.0,-20.0,110.0,-7.99475319974726
453,4.53,-7.778440951755359,-1.2395730023690397,0.6778944258219007,16.871730679831693,24.246287017819366,50.46790173528584,0.0,-20.0,-20.0,110.0,-8.021855295699066
454,4.54,-7.797534639378306,-1.2432612902170397,0.6808149662548623,16.568654908915544,21.632396873466323,52.83383219687194,0.0,-20.0,-20.0,110.0,-8.050375818274363
455,4.55,-7.816680932434588,-1.2469628629716818,0.6836290332442178,16.074097746788016,19.094110272150797,55.19609569537785,0.0,-20.0,-20.0,110.0,-8.080265285055845
456,4.5600000000000005,-7.835875774102006,-1.2506766173239459,0.686334587305391,15.397608769474925,16.643406438028574,57.569283145606335,0.0,-20.0,-20.0,110.0,-8.111466142153013
457,4.57,-7.855115033335733,-1.2544014313107428,0.6889297548690837,14.547387204715578,14.292192687657678,59.96573045283114,0.0,-20.0,-20.0,110.0,-8.143913111023164
458,4.58,-7.874394511239248,-1.2581361659773902,0.6914128311569231,13.530748717704494,12.052362526260877,62.39566438818556,0.0,-15.75749158859253,-20.0,110.0,-8.177533426898766
459,4.59,-7.89370994765195,-1.2618796669804853,0.6937822828183579,12.354553636006989,9.935811941075995,64.86727133914611,0.0,-7.40029215812683,-20.0,110.0,-8.212246819958787
460,4.6000000000000005,-7.913057027708753,-1.2656307664715354,0.6960367502687336,11.02560382779031,7.954413695021658,67.38670701110532,0.0,0.0250321626663208,-20.0,110.0,-8.24796625287723
461,4.61,-7.932431388853556,-1.2693882852214569,0.6981750497912856,9.551009520434086,6.119949405636473,69.95806697170669,0.0,6.451179385185242,-20.0,110.0,-8.28459855871969
462,4.62,-7.9518286213169285,-1.273151035883073,0.7001961743686035,7.938523801072989,4.443997079432888,72.58336605231617,0.0,11.919832229614258,-20.0,110.0,-8.322054624562917
463,4.63,-7.9712442865305055,-1.2769178209595404,0.7020992972506882,6.196820886021988,2.9377931953354715,75.26245853068433,0.0,16.68342351913452,-20.0,110.0,-8.360230098117036
464,4.64,-7.99067391580529,-1.2806874368099133,0.703883771839771,4.3357256458608715,1.612056057894374,77.99298537079133,0.0,20.0,-20.0,110.0,-8.39901902649256
465,4.65,-8.0101130193556,-1.2844586756847074,0.705549132932524,2.3663740633506385,0.47677978617470623,80.77037189213219,0.0,20.0,-20.0,110.0,-8.438312234167638
466,4.66,-8.029557092723813,-1.2882303274260478,0.7070950974164244,0.30128569353415346,-0.4589893566222921,83.58789051205787,0.0,20.0,-20.0,110.0,-8.47799840340226
467,4.67,-8.04900162393476,-1.292001181243171,0.7085215647436277,-1.8456630124203302,-1.1873806132845455,86.43679829763609,0.0,20.0,-20.0,110.0,-8.517964421108301
468,4.68,-8.068442100309126,-1.2957700275583097,0.709828617066778,-4.059370646852087,-1.7019157547087012,89.30656203701058,0.0,20.0,-20.0,110.0,-8.558096150854562
469,4.69,-8.087874015356082,-1.2995356598415155,0.7110165191161504,-6.323746043013142,-1.9976994024712857,92.18517214511887,0.0,20.0,-20.0,110.0,-8.598279152300595
470,4.7,-8.107292875666621,-1.3032968764477941,0.7120857177982257,-8.622034420394094,-2.071567103753654,95.05953571980595,0.0,20.0,-20.0,110.0,-8.63839940923794
471,4.71,-8.12669420778924,-1.307052482451944,0.7130368415146834,-10.937212014355987,-1.922178110495795,97.9159284526923,0.0,20.0,-20.0,110.0,-8.67834406287294
472,4.72,-8.146073565074486,-1.3108012914757132,0.7138706992027501,-13.252418530390724,-1.550044101617491,100.74047650236056,0.0,20.0,-20.0,110.0,-8.718002141504304
473,4.73,-8.165426534477065,-1.3145421275027287,0.7145882790987333,-15.55139225173753,-0.9574906495088715,103.51963460535676,0.0,20.0,-20.0,110.0,-8.757265277907143
474,4.74,-8.184748743305217,-1.3182738266775773,0.7151907472270107,-17.81887281841586,-0.14855425368599506,106.24062664567028,0.0,20.0,-20.0,110.0,-8.796028407192814
475,4.75,-8.204035865907425,-1.321995239085997,0.7156794456170493,-20.040941578216042,0.8711766830895789,108.89181960468309,0.0,20.0,-20.0,110.0,-8.834190439135696
476,4.76,-8.223283630286598,-1.3257052305134476,0.7160558902513199,-22.205277958634525,2.0947642952252976,111.46301023157912,0.0,20.0,-20.0,110.0,-8.871654899762097
477,4.7700000000000005,-8.24248782463194,-1.3294026841794584,0.7163217687472883,-24.301320794143862,3.5141520134195465,113.94561417149362,0.0,20.0,-20.0,110.0,-8.908330537512317
478,4.78,-8.26164430375867,-1.3330865024451977,0.7164789377770286,-26.320334034020092,5.120408034850908,116.33275772933149,0.0,20.0,-20.0,110.0,-8.944131889661227
479,4.79,-8.280748995445883,-1.3367556084917236,0.7165294202283848,-28.255385109401256,6.903967111287698,118.61928128762797,0.0,20.0,-20.0,110.0,-8.978979805001545
480,4.8,-8.299797906662848,-1.3404089479663945,0.7164754021120014,-30.10125042463242,8.854858727697806,120.80166961026327,0.0,20.0,-20.0,110.0,-9.012801919103588
481,4.8100000000000005,-8.318787129674279,-1.3440454905949348,0.716319229218946,-31.854265631513982,10.962912885542796,122.87792753157674,0.0,20.0,-20.0,110.0,-9.045533078801604
482,4.82,-8.337712848015189,-1.3476642317566998,0.7160634035340243,-33.51213881217897,13.217937980316087,124.8474201312763,0.0,20.0,-20.0,110.0,-9.077115712923716
483,4.83,-8.356571342326209,-1.3512641940207266,0.7157105794102755,-35.07374307072821,15.609868253671221,126.71069508332639,0.0,20.0,-20.0,110.0,-9.107500146684394
484,4.84,-8.375358996040447,-1.3548444286402168,0.7152635595104951,-36.53890207572948,18.12888074855601,128.46930223348,0.0,20.0,-20.0,110.0,-9.136644857586003
485,4.8500000000000005,-8.394072300913175,-1.358404017003165,0.7147252905219932,-37.90817850226604,20.765483495127643,130.12562235149733,0.0,20.0,-20.0,110.0,-9.16451667112807
486,4.86,-8.41270786238589,-1.3619420720369106,0.7140988586511395,-39.182671614505374,23.510577817282602,131.6827140188495,0.0,20.0,-20.0,110.0,-9.19109089508619
487,4.87,-8.431262404776552,-1.3654577395644663,0.7133874849045881,-40.36382670997147,26.3554982596526,133.14418517650105,0.0,20.0,-20.0,110.0,-9.216351391597708
488,4.88,-8.449732776288071,-1.368950199610548,0.7125945201643924,-41.45325589952277,29.292033812142428,134.51409425534442,0.0,20.0,-20.0,110.0,-9.240290586770247
489,4.89,-8.468115953827361,-1.3724186676553103,0.7117234400645429,-42.452566604381225,32.31243397683365,135.79688525837543,0.0,20.0,-20.0,110.0,-9.262909418009384
490,4.9,-8.486409047627612,-1.375862395833869,0.7107778396767616,-43.36319089047466,35.409402888916,136.99736190047253,0.0,20.0,-20.0,110.0,-9.28421721973903
491,4.91,-8.504609305666714,-1.379280674079779,0.709761428013677,-44.186204750575875,38.57608425333013,138.1207083437607,0.0,20.0,-20.0,110.0,-9.304231548659631
492,4.92,-8.522714117875067,-1.3826728312107193,0.7086780223577851,-44.92212069640134,41.806039347710545,139.1725689764131,0.0,20.0,-20.0,110.0,-9.322977950149994
493,4.93,-8.540721020126343,-1.386038235954722,0.7075315424248669,-45.57062778679783,45.09321979519066,140.15920861888543,0.0,20.0,-20.0,110.0,-9.340489667866876
494,4.94,-8.558627698005115,-1.389376297915382,0.7063260043707865,-46.13023721968333,48.43193621732985,141.08779060551765,0.0,20.0,-20.0,110.0,-9.356807299028508
495,4.95,-8.576431990345561,-1.3926864684745646,0.7050655146508333,-46.59776234602129,51.81682317636524,141.9668397516371,0.0,20.0,-20.0,110.0,-9.37197839827819
496,4.96,-8.59413189253587,-1.3959682416312384,0.7037542637409981,-46.96750569653072,55.24279985196108,142.80701390089953,0.0,20.0,-20.0,110.0,-9.386057033412389
497,4.97,-8.611725559583272,-1.3992211547751439,0.702396519730781,-47.22991152387889,58.705024309268516,143.62242230423158,0.0,20.0,-20.0,110.0,-9.399103296620442
498,4.98,-8.629211308935005,-1.4024447893941208,0.7009966217973305,-47.369196204702554,62.19883612857363,144.43297571251563,0.0,20.0,-20.0,110.0,-9.411182775212849
499,4.99,-8.646587623050923,-1.4056387717140069,0.6995589735708897,-47.35889630583598,65.71967529765024,145.26882605196388,0.0,20.0,-20.0,110.0,-9.422365986118564
500,5.0,-8.663853151723798,-1.4088027732701356,0.6980880364016947,-47.15281275265249,69.26294800379756,146.17941532309513,0.0,20.0,-20.0,110.0,-9.432727778695991
501,5.01,-8.681006714143768,-1.411936511409555,0.6965883225386189,-46.66463137104012,72.82376054326564,147.2538518881936,0.0,20.0,-20.0,110.0,-9.442346710634029
502,5.0200000000000005,-8.69804730072066,-1.4150397496653102,0.6950643882217007,-45.715400570971994,76.39627592174624,148.67343200657746,0.0,16.57672643661499,-20.0,110.0,-9.451304249146304
503,5.03,-8.714974074701855,-1.4181122978542688,0.6935208266668659,-43.86910090161604,79.97174758317861,150.87607069289623,0.0,7.262949347496033,-20.0,110.0,-9.459683409149605
504,5.04,-8.731786373487834,-1.4211540122025559,0.6919622610798372,-39.731196637315946,83.53014667247015,155.25775193316233,0.0,-2.2158202528953552,-20.0,110.0,-9.46756764665208
505,5.05,-8.748483709905912,-1.4241647944708846,0.6903933381710357,-25.5359160843973,86.97324908637323,169.58525124565043,0.0,-11.58787488937378,-20.0,110.0,-9.475037339687256
506,5.0600000000000005,-8.76506576994169,-1.427144603767872,0.6888187193376424,72.26616226398686,88.38989062476328,-92.59144272442843,0.0,-20.0,-20.0,110.0,-9.48219990608671
507,5.07,-8.781532418631969,-1.4300934357626625,0.6872430761115026,111.83987464200008,85.29103507964966,-53.10737209338442,0.0,-20.0,-20.0,110.0,-9.489133909609853
508,5.08,-8.79788369671018,-1.4330113367117188,0.685671080422645,119.06565498695824,81.76405662683064,-46.082427004896736,0.0,-20.0,-20.0,110.0,-9.495925466491718
509,5.09,-8.814119821475083,-1.4358983994061592,0.6841073990680256,122.0381325635766,78.19377955647819,-43.42274558160148,0.0,-20.0,-18.159031867980957,110.0,-9.50265713714416
510,5.1000000000000005,-8.830241186222338,-1.43875476408936,0.682556686181558,123.74035913626001,74.61925101521538,-42.146486951579604,0.0,-20.0,-14.044122695922852,110.0,-9.509410088463541
511,5.11,-8.846248359692462,-1.4415806180543935,0.6810235760498877,124.92132346235681,71.0528401916566,-41.50631773196991,0.0,-20.0,-10.580906867980957,110.0,-9.516262988004097
512,5.12,-8.862142085192282,-1.444376195338287,0.6795126759768474,125.85592402938303,67.50142379754942,-41.22944055092637,0.0,-20.0,-8.042804598808289,110.0,-9.523291382786173
513,5.13,-8.877923279441726,-1.4471417763602055,0.6780285592215519,126.66909407159241,63.97024173533119,-41.19347010485453,0.0,-20.0,-6.3753122091293335,110.0,-9.530567151949118
514,5.14,-8.89359303117374,-1.449877687445053,0.6765757580309665,127.42624884617516,60.463984516532406,-41.33598616472357,0.0,-20.0,-5.446223616600037,110.0,-9.538157876750146
515,5.15,-8.909152599585692,-1.4525843001080971,0.6751587569147548,128.1654226613103,56.98719721371707,-41.62239472942446,0.0,-20.0,-5.131279826164246,110.0,-9.546125762023026
516,5.16,-8.924603412340593,-1.4552620306369837,0.6737819856073186,128.91067916162777,53.54446626073712,-42.03251217010181,0.0,-20.0,-5.291063189506531,110.0,-9.554527637117172
517,5.17,-8.93994706346867,-1.457911339330639,0.6724498124651258,129.67838976507787,50.140522300240114,-42.55427658859801,0.0,-20.0,-5.763680338859558,110.0,-9.563414202445662
518,5.18,-8.95518531083983,-1.4605327299730582,0.671166537617777,130.48043829628966,46.78030639535238,-43.18052711116192,0.0,-20.0,-6.38591468334198,110.0,-9.572830233014583
519,5.19,-8.970320073479629,-1.4631267490325572,0.6699363864021469,131.3259696132588,43.46901986394686,-43.9072309264758,0.0,-20.0,-7.015599608421326,110.0,-9.582814226915321
520,5.2,-8.985353428647185,-1.4656939848042094,0.6687635029249511,132.22239252184082,40.212165794235716,-44.73244515057767,0.0,-20.0,-7.54443347454071,110.0,-9.593398127142157
521,5.21,-9.000287608659765,-1.4682350665068098,0.6676519437274894,133.1759744226125,37.015585509845856,-45.6556731095793,0.0,-20.0,-7.908234000205993,110.0,-9.604607155587646
522,5.22,-9.015124997478761,-1.4707506633209324,0.6666056715832702,134.19219842904263,33.8854911456878,-46.67744087865382,0.0,-20.0,-8.096079230308533,110.0,-9.616459714549753
523,5.23,-9.029868127063647,-1.4732414833673806,0.6656285494393975,135.27597365990627,30.82849432845832,-47.798999515965185,0.0,-20.0,-8.144628405570984,110.0,-9.628967349896355
524,5.24,-9.044519673500368,-1.4757082726256594,0.6647243345113246,136.43174870036847,27.851630189856767,-49.022098780754696,0.0,-20.0,-8.111857771873474,110.0,-9.642134770490259
525,5.25,-9.059082452910372,-1.478151813792975,0.6638966725395747,137.66355651291897,24.962375332858503,-50.3487996463952,0.0,-20.0,-8.050081133842468,110.0,-9.655959920462552
526,5.26,-9.07355941714596,-1.4805729250858521,0.6631490922165058,138.97500709207904,22.168657811870315,-51.78130500918766,0.0,-20.0,-7.99818217754364,110.0,-9.670434104730571
527,5.2700000000000005,-9.087953649277791,-1.4829724589874127,0.6624849997913482,140.36923747449694,19.47885665049249,-53.32179523257261,0.0,-20.0,-7.986268401145935,110.0,-9.685542169954726
528,5.28,-9.102268358881277,-1.4853513009429298,0.6619076738620083,141.8488251596821,16.90178793395226,-54.97225991170811,0.0,-20.0,-8.035544753074646,110.0,-9.701262740985491
529,5.29,-9.116506877129329,-1.4877103680054007,0.6614202603619509,143.4156694625335,14.4466741260702,-56.734320791020316,0.0,-20.0,-8.149258494377136,110.0,-9.717568509776841
530,5.3,-9.130672651699127,-1.490050607432744,0.6610257677499489,145.07084523540132,12.123093034064569,-58.609043878421026,0.0,-20.0,-8.3038991689682,110.0,-9.734426572828465
531,5.3100000000000005,-9.144769241500697,-1.4923729952388214,0.660727062410006,146.81443445282824,9.940902863269455,-60.596741923555804,0.0,-20.0,-8.45378577709198,110.0,-9.75179881433611
532,5.32,-9.158800311235055,-1.494678534701176,0.6605268642684783,148.64534313085824,7.910140180584956,-62.69677178536579,0.0,-20.0,-8.555068373680115,110.0,-9.76964233352869
533,5.33,-9.172769625790306,-1.4969682548283954,0.6604277426352316,150.56111371910947,6.040888468332357,-64.90733481981202,0.0,-20.0,-8.594016432762146,110.0,-9.787909914072051
534,5.34,-9.18668104448466,-1.4992432087890109,0.6604321122753204,152.55774611383916,4.3431164119898105,-67.22529206977038,0.0,-20.0,-8.592934012413025,110.0,-9.806550530251638
535,5.3500000000000005,-9.200538515165539,-1.501504472302861,0.6605422297170999,154.62954328719445,2.8264871749206857,-69.64600932429686,0.0,-20.0,-8.588921427726746,110.0,-9.825509881788802
536,5.36,-9.214346068173768,-1.5037531419963361,0.6607601898021669,156.76899954116737,1.500142611452561,-72.16324944642105,0.0,-20.0,-8.612179160118103,110.0,-9.844730950270328
537,5.37,-9.228107810181625,-1.5059903337245064,0.6610879224822958,158.96674980894383,0.37246946929773334,-74.76913004476036,0.0,-20.0,-8.683552145957947,110.0,-9.864154574014005
538,5.38,-9.241827917913932,-1.5082171808639928,0.6615271898683998,161.21159651913663,-0.5491421900541874,-77.45416288483251,0.0,-20.0,-8.8273686170578,110.0,-9.883720039870978
539,5.39,-9.255510631761958,-1.5104348325799322,0.662079583536192,163.49062583078137,-1.2585353302665065,-80.20738692135994,0.0,-20.0,-9.083587527275085,110.0,-9.903365688748593
540,5.4,-9.269160249300072,-1.5126444520694071,0.6627465220926654,165.78941753312205,-1.7510021592528278,-83.01659948085927,0.0,-20.0,-9.508470892906189,110.0,-9.923029528966365
541,5.41,-9.282781118715093,-1.514847214783155,0.6635292490069871,168.09234322907903,-2.0234649641398015,-85.86868059491553,0.0,-20.0,-10.15954256057739,110.0,-9.94264985022322
542,5.42,-9.296377632158052,-1.517044306627511,0.6644288307090284,170.38293690147148,-2.0746077454349505,-88.74999511448203,0.0,-20.0,-11.070542335510254,110.0,-9.962165831354694
543,5.43,-9.309954219028178,-1.519236922149315,0.6654461549585055,172.64431238162553,-1.9049481671127064,-91.64684782813123,0.0,-20.0,-12.233412265777588,110.0,-9.981518137018794
544,5.44,-9.323515339199325,-1.5214262627076571,0.6665819294874521,174.85959544372975,-1.5168442317903235,-94.54596022069,0.0,-20.0,-13.60777497291565,110.0,-10.000649500990564
545,5.45,-9.337065475970086,-1.5236135345885962,0.6678366809008954,177.01233571327933,-0.914435843396956,-97.4349351937703,0.0,-20.0,-15.156662464141846,110.0,-10.019505337515692
546,5.46,-9.350609130135494,-1.525799947374177,0.6692107539532971,179.08686516730324,-0.1035273671676366,-100.3026784381213,0.0,-20.0,-16.879009008407593,110.0,-10.038034154955328
547,5.47,-9.364150811717419,-1.5279867117489714,0.6707043108808755,-178.93142243107707,0.9085782145334093,-103.13975115295393,0.0,-20.0,-18.809950351715088,110.0,-10.056188215645971
548,5.48,-9.37769503372718,-1.5301750378821746,0.6723173312713493,-177.05588905750045,2.113278941792343,-105.9386400182173,0.0,-20.0,-20.0,110.0,-10.073924082805812
549,5.49,-9.391246305884225,-1.5323661335547363,0.6740496120519787,-175.29857416435192,3.5008914477092827,-108.69393895067698,0.0,-20.0,-20.0,110.0,-10.091202717952953
550,5.5,-9.404809126981187,-1.5345612022188553,0.675900767766263,-173.67021797812924,5.060870884813326,-111.40244855153232,0.0,-20.0,-20.0,110.0,-10.107990025413761
551,5.51,-9.418387977528486,-1.5367614412971184,0.677870231268524,-172.18037672894417,6.782019438416707,-114.06320722593537,0.0,-20.0,-20.0,110.0,-10.124257850137186
552,5.5200000000000005,-9.43198731418275,-1.5389680402783807,0.6799572544727993,-170.83761626399442,8.652672025200706,-116.67747183989,0.0,-20.0,-20.0,110.0,-10.139983434396493
553,5.53,-9.445611562087548,-1.5411821788941824,0.6821609095615606,-169.64976883292593,10.660850810932304,-119.2486695120834,0.0,-20.0,-20.0,110.0,-10.155150100796096
554,5.54,-9.45926510832035,-1.5434050253172107,0.6844800903856549,-168.6242383824198,12.794382999562318,-121.78234111714515,0.0,-20.0,-20.0,110.0,-10.16974736830931
555,5.55,-9.472952295173098,-1.545637734374168,0.6869135141566745,-167.76834301506585,15.040978691696287,-124.2860969164858,0.0,-20.0,-20.0,110.0,-10.183771118658997
556,5.5600000000000005,-9.486677413507989,-1.5478814457808636,0.6894597234095209,-167.0896869171584,17.38826720283234,-126.76960190547132,0.0,-20.0,-20.0,110.0,-10.19722370747968
557,5.57,-9.500444696195595,-1.5501372824007054,0.6921170882316071,-166.5965581484042,19.82379102507454,-129.2446058906272,0.0,-20.0,-20.0,110.0,-10.210114017431382
558,5.58,-9.514258311643278,-1.5524063485286446,0.6948838087552698,-166.2983524726402,22.334956633282154,-131.725030795769,0.0,-20.0,-20.0,110.0,-10.22245745256936
559,5.59,-9.528122357422541,-1.5546897282031382,0.6977579179097521,-166.20602636009113,24.90894064848819,-134.22712525787057,0.0,-20.0,-20.0,110.0,-10.234275874448803
560,5.6000000000000005,-9.542040854004561,-1.5569884835488252,0.7007372844287215,-166.33258380635732,27.532548574893298,-136.76969384196545,0.0,-20.0,-20.0,110.0,-10.245597480902875
561,5.61,-9.556017738613344,-1.5593036531525781,0.7038196161088318,-166.69360081006118,30.192021545271935,-139.37440430764917,0.0,-20.0,-20.0,110.0,-10.25645662867084
562,5.62,-9.570056859205943,-1.561636250475496,0.7070024633143895,-167.30778675528225,32.872784425629376,-142.06616969828266,0.0,-20.0,-20.0,110.0,-10.266893601304991
563,5.63,-9.584161968589049,-1.5639872623033129,0.7102832227227754,-168.1975710296906,35.55912656738359,-144.87358988279456,0.0,-20.0,-20.0,110.0,-10.276954324110687
564,5.64,-9.598336718680965,-1.5663576472376026,0.7136591413048801,-169.38968175793147,38.233805083154465,-147.82941514071086,0.0,-20.0,-20.0,110.0,-10.28669002824728
565,5.65,-9.612584654927847,-1.5687483342300876,0.7171273205344573,-170.91564486144486,40.87756098659007,-150.97095557744407,0.0,-20.0,-20.0,110.0,-10.29615686652167
566,5.66,-9.626909210882722,-1.5711602211622895,0.7206847208199456,-172.81206602797724,43.468543182574976,-154.3402946916007,0.0,-20.0,-20.0,110.0,-10.30541548380839
567,5.67,-9.641313702955609,-1.5735941734726866,0.7243281661519785,-175.1204534040882,45.98164820964903,-157.98406098632634,0.0,-20.0,-20.0,110.0,-10.3145305454128
568,5.68,-9.655801325342738,-1.5760510228334763,0.7280543489594727,-177.88618480516234,48.38781148635604,-161.95235792776828,0.0,-20.0,-20.0,110.0,-10.32357022705591
569,5.69,-9.670375145142671,-1.5785315658789634,0.7318598351668723,178.84397406074586,50.65333806470899,-166.29625571450094,0.0,-20.0,-20.0,110.0,-10.332605670481493
570,5.7,-9.685038097666732,-1.5810365629875187,0.7357410694448124,175.02658020339024,52.73944757269029,-171.06306242635023,0.0,-20.0,-20.0,110.0,-10.341710408980429
571,5.71,-9.699792981950942,-1.5835667371189723,0.7396943806461813,170.62925002287042,54.60233100788966,-176.28857515773072,0.0,-20.0,-20.0,110.0,-10.350959767379987
572,5.72,-9.714642456476328,-1.5861227727092166,0.7437159874192629,165.64175202911696,56.194149582161366,178.01402064470176,0.0,-20.0,-20.0,110.0,-10.360430241265606
573,5.73,-9.729589035104139,-1.5887053146237136,0.7478020039893827,160.0894178850404,57.4654614366221,171.86756738863357,0.0,-20.0,-20.0,110.0,-10.370198860382697
574,5.74,-9.744635083232167,-1.5913149671715023,0.7519484461002138,154.04543331857695,58.369380787332936,165.34322982794563,0.0,-20.0,-20.0,110.0,-10.380342541306108
575,5.75,-9.759782814178095,-1.5939522931812193,0.7561512371056625,147.63606957372872,58.86719846429768,158.56572947326487,0.0,-20.0,-20.0,110.0,-10.390937434567265
576,5.76,-9.775034285795353,-1.5966178131405389,0.7604062142030144,141.03274798749058,58.93429055400034,151.70541227705476,0.0,-20.0,-20.0,110.0,-10.40205827148777
577,5.7700000000000005,-9.790391397326676,-1.5993120044003548,0.7647091347978145,134.42934873438617,58.56442095094401,144.9555612413242,0.0,-20.0,-20.0,110.0,-10.413777715988687
578,5.78,-9.805855886500192,-1.6020353004449166,0.7690556829907478,128.01107191625027,57.770733452448766,138.50126259454692,0.0,-20.0,-20.0,110.0,-10.426165726619354
579,5.79,-9.821429326872451,-1.6047880902290368,0.7734414761766019,121.92652117737195,56.583016878823386,132.4914960679292,0.0,-20.0,-20.0,110.0,-10.439288933987797
580,5.8,-9.837113125422478,-1.6075707175833844,0.777862071745222,116.2725737060779,55.042406549672755,127.02401337486995,0.0,-20.0,-20.0,110.0,-10.453210038666956
581,5.8100000000000005,-9.852908520400511,-1.6103834806887718,0.7823129738742137,111.09402633329732,53.19545919489697,122.1449947443525,0.0,-20.0,-20.0,110.0,-10.46798723450722
582,5.82,-9.868816579434736,-1.61322663162024,0.7867896404030054,106.39340437450458,51.089195563180674,117.85887018964442,0.0,-20.0,-20.0,110.0,-10.483673662099006
583,5.83,-9.884838197898892,-1.6161003759616381,0.7912874897777618,102.14444169299509,48.76781109020313,114.14181390936243,0.0,-20.0,-20.0,110.0,-10.50031689690854
584,5.84,-9.900974097543264,-1.6190048724912898,0.7958019080565296,98.30451365414018,46.27099090959292,110.95419327415922,0.0,-20.0,-20.0,110.0,-10.517958476349923
585,5.8500000000000005,-9.917224825391116,-1.6219402329392218,0.8003282559639041,94.82396475822775,43.63340287165602,108.24991380485362,0.0,-20.0,-20.0,110.0,-10.53663346976525
586,5.86,-9.933590752902324,-1.6249065218163317,0.8048618759844295,91.65215373182475,40.88490146247191,105.98248233287211,0.0,-20.0,-20.0,110.0,-10.55637009495981
587,5.87,-9.950072075405396,-1.6279037563157495,0.8093980994838891,88.74088079514453,38.05108209985837,104.10845220824153,0.0,-20.0,-20.0,110.0,-10.577189384586633
588,5.88,-9.966668811798828,-1.630931906286552,0.8139322538475952,86.04602323097066,35.15395643363817,102.58907549310591,0.0,-20.0,-20.0,110.0,-10.599104905294183
589,5.89,-9.983380804522211,-1.6339908942798627,0.8184596696247652,83.52807037061602,32.21262313987886,101.39085164265308,0.0,-20.0,-20.0,110.0,-10.622122532148934
590,5.9,-10.000207719824024,-1.6370805956124692,0.8229756877295097,81.1520457753844,29.243876828356832,100.48545835583327,0.0,-15.222156047821045,-20.0,110.0,-10.64624013363639
591,5.91,-10.017149048355126,-1.6402008384153255,0.8274756667576207,78.88712785104063,26.2627373311075,99.8493726442791,0.0,-6.290346980094909,-20.0,110.0,-10.671447050123287
592,5.92,-10.034204106016762,-1.6433514039500232,0.8319549902885733,76.70615418080227,23.282896905419133,99.4633632347727,0.0,2.526324987411499,-20.0,110.0,-10.697724150364515
593,5.93,-10.051372033679367,-1.6465320291612524,0.836409070109112,74.58511471143338,20.317085543906774,99.311955018242,0.0,11.469588279724121,-20.0,110.0,-10.725049674243119
594,5.94,-10.068651802547015,-1.6497424002123704,0.8408333656860377,72.50268669114743,17.377359744792116,99.38291891492061,0.0,20.0,-20.0,110.0,-10.753381080501397
595,5.95,-10.0860422076306,-1.652982165309584,0.8452233662294927,70.4398298285767,14.475364208844391,99.66679245571487,0.0,20.0,-20.0,110.0,-10.78268945496791
596,5.96,-10.10354187906422,-1.6562509210955563,0.8495746262097458,68.37945875231974,11.62256217518187,100.15643380651788,0.0,20.0,-20.0,110.0,-10.812919752554512
597,5.97,-10.121149278913672,-1.6595482218264832,0.8538827562791056,66.30619971338668,8.830407094700407,100.84661349049351,0.0,20.0,-20.0,110.0,-10.844014737471367
598,5.98,-10.138862704461268,-1.6628735782410708,0.8581434327862626,64.20622681958993,6.11047832924192,101.73363040336257,0.0,20.0,-20.0,110.0,-10.87591057161439
599,5.99,-10.15668029085101,-1.6662264581901172,0.8623524045195933,62.06717778974932,3.4745872470275394,102.81493766261735,0.0,20.0,-20.0,110.0,-10.908536867381256
600,6.0,-10.174600013956262,-1.6696062874169277,0.8665054992663815,59.87814833223169,0.9348517406421689,104.08876650810188,0.0,20.0,-20.0,110.0,-10.941817012088906
601,6.01,-10.192619693482744,-1.673012450426874,0.8705986302223682,57.62976359519419,-1.496264107509383,105.55373803457282,0.0,20.0,-20.0,110.0,-10.975668608357882
602,6.0200000000000005,-10.21073699630667,-1.676444291427977,0.87462780225615,55.31432354303659,-3.8059498014243087,107.20845547967234,0.0,20.0,-20.0,110.0,-11.010003983950263
603,6.03,-10.228949440044689,-1.6799011153352028,0.8785891180255949,52.926016004169675,-5.98109330314606,109.05107438177794,0.0,20.0,-20.0,110.0,-11.044730751724527
604,6.04,-10.2472543968509,-1.6833821888348557,0.8824787839404018,50.461186101181184,-8.008377099262619,111.07885438342893,0.0,20.0,-20.0,110.0,-11.079752409882932
605,6.05,-10.265649097435574,-1.6868867415068627,0.8862931159636869,47.91864370212628,-9.874430990278034,113.28770481383745,0.0,20.0,-20.0,110.0,-11.114968976343262
606,6.0600000000000005,-10.284130635299656,-1.6904139670032392,0.8900285452449399,45.29998179173184,-11.566045145618403,115.67174603834493,0.0,20.0,-20.0,110.0,-11.150277652312543
607,6.07,-10.302695971178814,-1.6939630242811161,0.8936816235764454,42.60986932138228,-13.070443252789248,118.22291884709762,0.0,20.0,-20.0,110.0,-11.185573510414736
608,6.08,-10.321341937690383,-1.6975330388886296,0.897249028665185,39.8562740549229,-14.375610049629655,120.93068298671497,0.0,20.0,-20.0,110.0,-11.220750202614935
609,6.09,-10.34006524417618,-1.7011231043018444,0.9007275692122987,37.05056681747161,-15.470660455891425,123.78185070356699,0.0,20.0,-20.0,110.0,-11.25570068295597
610,6.1000000000000005,-10.35886248173383,-1.704732283310735,0.9041141897923615,34.20746127344684,-16.3462297374914,126.7605989892441,0.0,20.0,-20.0,110.0,-11.29031793989121
611,6.11,-10.377730128428889,-1.7083596094521278,0.9074059755249909,31.34475516763335,-16.99485702204482,129.8486928571135,0.0,20.0,-20.0,110.0,-11.324495732825639
612,6.12,-10.396664554679838,-1.7120040884874055,0.9106001565316112,28.482860328845675,-17.411329787880526,133.02593098025298,0.0,20.0,-20.0,110.0,-11.358129327381057
613,6.13,-10.41566202880765,-1.7156646999227063,0.9136941121705363,25.64413738479438,-17.59295636864219,136.27079667358635,0.0,20.0,-20.0,110.0,-11.391116223877004
614,6.140000000000001,-10.434718722741497,-1.719340398569273,0.916685375043882,22.852081897578735,-17.539738117129353,139.56126668838687,0.0,20.0,-20.0,110.0,-11.423356873558712
615,6.15,-10.453830717871815,-1.7230301161415627,0.9195716347701735,20.130434503690328,-17.254422563901553,142.8757046106731,0.0,20.0,-20.0,110.0,-11.454755377192024
616,6.16,-10.47299401104181,-1.726732762890665,0.9223507415168781,17.502301957874472,-16.74243223785664,146.19375149306413,0.0,20.0,-20.0,110.0,-11.485220160776974
617,6.17,-10.492204520668242,-1.7304472292705337,0.9250207092874629,14.98937480492031,-16.011678266017206,149.49712763494855,0.0,20.0,-20.0,110.0,-11.514664623300208
618,6.18,-10.511458092982112,-1.7341723876344808,0.9275797189579492,12.611311082091884,-15.072280568918753,152.77027581098687,0.0,20.0,-20.0,110.0,-11.543007751655473
619,6.19,-10.530750508379727,-1.7379070939593437,0.9300261210583232,10.385328470263264,-13.936225071706966,156.00080324340965,0.0,20.0,-20.0,110.0,-11.570174698099411
620,6.2,-10.550077487874422,-1.7416501895946888,0.9323584382945489,8.32601654574039,-12.616991691234839,159.17971032559666,0.0,20.0,-20.0,110.0,-11.59609731588932
621,6.21,-10.569434699639078,-1.745400503034377,0.9345753678073284,6.4453530692932315,-11.129185127743087,162.30142168289655,0.0,20.0,-20.0,110.0,-11.620714649054348
622,6.22,-10.588817765629443,-1.7491568517077876,0.9366757831641538,4.752888341323514,-9.488194946500572,165.36365481835597,0.0,20.0,-20.0,110.0,-11.643973372596044
623,6.23,-10.608222268278103,-1.752918043787954,0.938658736081606,3.2560513592056566,-7.709903846232656,168.3671714931835,0.0,20.0,-20.0,110.0,-11.665828179778762
624,6.24,-10.627643757248892,-1.7566828800138568,0.940523457875266,1.9605300016622824,-5.810455081242445,171.31545791903903,0.0,20.0,-20.0,110.0,-11.686242113567518
625,6.25,-10.64707775624141,-1.7604501555240801,0.9422693606350232,0.8706822841399177,-3.806082993427327,174.214374179755,0.0,20.0,-20.0,110.0,-11.705186839688277
626,6.26,-10.66651976983523,-1.764218661699032,0.9438960381239804,-0.010056055988133772,-1.7130051996355904,177.07180390782773,0.0,20.0,-20.0,110.0,-11.72264285922188
627,6.2700000000000005,-10.685965290363354,-1.7679871880089104,0.945403266399585,-0.6787933551288664,0.45262867230993525,179.89732459739525,0.0,20.0,-20.0,110.0,-11.738599659099368
628,6.28,-10.705409804785887,-1.7717545238747519,0.946791004157548,-1.1328508911310633,2.674738888798196,-177.2980911107068,0.0,20.0,-18.44913959503174,110.0,-11.753055832023541
629,6.29,-10.72484880157938,-1.7755194605207205,0.948059392796244,-1.3694904106520542,4.937276366490414,-174.502341719024,0.0,20.0,-15.908541679382322,110.0,-11.766019118337972
630,6.3,-10.744277777577375,-1.7792807928447134,0.9492087562050898,-1.3857084126934498,7.224150658805114,-171.70243777871258,0.0,20.0,-13.144912719726562,110.0,-11.777506453294981
631,6.3100000000000005,-10.76369224542928,-1.783037320965859,0.9502396002545213,-1.1781039969976193,9.519133355238809,-168.88472783315913,0.0,20.0,-10.18524169921875,110.0,-11.787542765241163
632,6.32,-10.783087739153304,-1.7867878527288146,0.9511526120634602,-0.7428271317080023,11.805745912948835,-166.03512578095345,0.0,20.0,-7.150353789329529,110.0,-11.796163290960969
633,6.33,-10.802459822409887,-1.790531204787198,0.9519486588970401,-0.07561721099116667,14.067140305018384,-163.13936247345603,0.0,20.0,-4.131292700767517,110.0,-11.803410611618682
634,6.34,-10.821804094565932,-1.7942662047898164,0.9526287868533809,0.8280566961580884,16.285983115427957,-160.18328170436368,0.0,20.0,-1.1446519196033478,110.0,-11.80933576130796
635,6.3500000000000005,-10.841116197770098,-1.7979916932433453,0.953194219177862,1.9727396211392358,18.444355053895425,-157.1532067262191,0.0,20.0,1.8071894347667694,110.0,-11.813997869047235
636,6.36,-10.860391822838887,-1.8017065250909414,0.9536463545763901,3.3626044960207935,20.523680024694585,-154.0363988759569,0.0,20.0,4.660547375679016,110.0,-11.817463488529468
637,6.37,-10.8796267171023,-1.8054095717977385,0.9539867648231931,5.000923114511689,22.504700893462786,-150.8216325018363,0.0,20.0,7.2695618867874146,110.0,-11.81980669827887
638,6.38,-10.898816689195218,-1.809099722530495,0.954217192781374,6.889388750228621,24.3675240630909,-147.4998992761496,0.0,20.0,9.48526680469513,110.0,-11.82110785259967
639,6.390000000000001,-10.917957616878633,-1.8127758862144747,0.954339549375797,9.027302343741889,26.0917541710812,-144.0652335847972,0.0,20.0,11.244330406188965,110.0,-11.821453266163656
640,6.4,-10.937045452948379,-1.8164369931527826,0.9543559107533209,11.410659680261812,27.65674137456719,-140.51562598721748,0.0,20.0,12.559819221496582,110.0,-11.820934676311632
641,6.41,-10.956076231387808,-1.8200819966486044,0.9542685151211211,14.031211290796177,29.041958870326493,-136.85395709272376,0.0,20.0,13.46740961074829,110.0,-11.819648608433157
642,6.42,-10.975046073421304,-1.8237098745946807,0.9540797593317913,16.87560721413438,30.227517540247955,-133.08884264468838,0.0,20.0,14.013526439666748,110.0,-11.81769569769925
643,6.43,-10.99395119344598,-1.827319631030211,0.9537921952209489,19.924775077797694,31.194806839653964,-129.2352435387307,0.0,20.0,14.279122352600096,110.0,-11.815179987796387
644,6.44,-11.0127879047121,-1.8309102978897118,0.9534085257403243,23.15369775199835,31.92722675523854,-125.314675670698,0.0,20.0,14.410851001739504,110.0,-11.81220884481741
645,6.45,-11.03155262540958,-1.834480935554766,0.9529316006919853,26.531738001611778,32.41094956078194,-121.3548747978296,0.0,20.0,14.634618759155273,110.0,-11.808889651916616
646,6.46,-11.05024188348454,-1.8380306357102745,0.952364412550043,30.02358931467238,32.635630832775355,-117.38883928225796,0.0,20.0,15.197706222534181,110.0,-11.805333024834187
647,6.47,-11.068852322387356,-1.841558521764412,0.9517100917735202,33.59083761296681,32.594970083934705,-113.45326025624198,0.0,20.0,16.163768768310547,110.0,-11.80164937319107
648,6.48,-11.087380706068316,-1.8450637505110363,0.950971902051809,37.193973496904775,32.28704314060463,-109.58650777515834,0.0,20.0,17.2012996673584,110.0,-11.79794904011495
649,6.49,-11.105823923953782,-1.8485455133587325,0.9501532353036091,40.794598521354416,31.71435263552004,-105.82642736416376,0.0,20.0,17.834248542785645,110.0,-11.794341394445617
650,6.5,-11.124178995729181,-1.8520030375300833,0.9492576064642727,44.35751924110495,30.883588238461027,-102.20825385135986,0.0,16.40402317047119,17.937607765197754,110.0,-11.790933998420913
651,6.51,-11.14244307594386,-1.8554355871739479,0.9482886480642186,47.8524506905942,29.805136069787693,-98.7629217475824,0.0,10.37821054458618,17.7518367767334,110.0,-11.787831704697734
652,6.5200000000000005,-11.160613458353753,-1.8588424645129185,0.9472501046436284,51.2551474648228,28.492410372495364,-95.51595355863523,0.0,4.0376216173172,17.61366844177246,110.0,-11.785136045515191
653,6.53,-11.178687580168006,-1.8622230109273572,0.9461458267915125,54.54790483483236,26.961098880682798,-92.48698465124991,0.0,-2.864481806755066,17.801260948181152,110.0,-11.782944575888644
654,6.54,-11.196699261519973,-1.8655865971056103,0.9450014791117938,57.719485789911054,25.228395204043203,-89.6898765824934,138.90597534179688,-10.594632625579834,18.490636348724365,109.99943351745605,-11.815149542824797
655,6.55,-11.214800330430311,-1.8689750077627243,0.9439055672500449,60.764638531845975,23.31228095643656,-87.13329271424436,578.4782104492188,-19.293282032012936,19.74841833114624,109.99707508087158,-11.927104907004972
656,6.5600000000000005,-11.233233787497426,-1.8724549248447697,0.9429805430882638,63.68335625288557,21.23097175598869,-84.82152654626053,1035.6617431640625,-20.0,20.0,109.99285221099854,-12.0629369139857
657,6.57,-11.252259753937693,-1.8760975239080009,0.9423322320558467,66.47992409925106,19.002516950598885,-82.75543776460906,1503.73486328125,-20.0,20.0,109.98672103881836,-12.221582847093057
658,6.58,-11.272149472033492,-1.8799768135177557,0.9420467633198114,69.16200091035223,16.644493802472425,-80.93340930622317,1971.6510009765625,-20.0,20.0,109.97868156433105,-12.400557783889582
659,6.59,-11.293112842657289,-1.8841498105344578,0.9421643541080563,71.73979118284711,14.173828209894996,-79.3522039928351,2200.0,-20.0,20.0,109.96971130371094,-12.541876831406768
660,6.6000000000000005,-11.315229671228735,-1.8886378696940402,0.9426637061859736,74.2253543667394,11.606711844096408,-78.00770414700011,2200.0,-20.0,20.0,109.96074104309082,-12.638455645467387
661,6.61,-11.338513707995679,-1.8934442850943374,0.9434973074077985,76.632095224444,8.958580252088968,-76.89556947405114,2200.0,-20.0,20.0,109.9517707824707,-12.735978947512425
662,6.62,-11.362976757330593,-1.8985717984307058,0.9446175613014629,78.97438395439048,6.244154578275341,-76.0117704333221,2200.0,-20.0,20.0,109.94280052185059,-12.83444264625293
663,6.63,-11.388628819808714,-1.904022653015091,0.9459764270432818,81.26727442339293,3.4775354028596226,-75.3529862929754,2200.0,-20.0,20.0,109.93383026123047,-12.933823301533351
664,6.640000000000001,-11.415478075693741,-1.9097985906385082,0.9475254926804123,83.52632284782672,0.6723277769091142,-74.91690760393791,2200.0,-20.0,20.0,109.92486000061035,-13.034077947953332
665,6.65,-11.443530871257263,-1.9159008492088567,0.9492160489901337,85.7674854449776,-2.1582116839495993,-74.70246021612788,2200.0,-20.0,20.0,109.91588973999023,-13.135144095738994
666,6.66,-11.472791707945195,-1.9223301611648687,0.9509991638655576,88.00707332102037,-5.001012063914337,-74.70996505830163,2200.0,-20.0,20.0,109.90691947937012,-13.236939847019963
667,6.67,-11.503263234387873,-1.929086752662952,0.9528257571143031,90.26174323893078,-7.843014127527031,-74.94124329793434,2200.0,-20.0,20.0,109.89794921875,-13.339364089353268
668,6.68,-11.534946241248335,-1.936170343534317,0.9546466755567968,92.54850286746495,-10.670988077268877,-75.39967078573447,2200.0,-20.0,20.0,109.88897895812988,-13.44229674314188
669,6.69,-11.567839658901539,-1.9435801480250519,0.956412768307047,94.88470803538053,-13.471345833560994,-76.09017880199568,2200.0,-20.0,18.91141414642334,109.88000869750977,-13.545599116039657
670,6.7,-11.601940557933792,-1.9513148762775268,0.9580749621381254,97.28802698656462,-16.22995125133485,-77.01918950063404,2200.0,-20.0,17.283824682235718,109.87103843688965,-13.649114177157019
671,6.71,-11.637244152457017,-1.9593727366157199,0.9595843368140827,99.77634135959904,-18.93193227116911,-78.1944685629818,2200.0,-20.0,15.742793083190916,109.86206817626953,-13.752666712085526
672,6.72,-11.673743806313892,-1.9677514387581596,0.9608922002419533,102.36754788381255,-21.56150157833513,-79.62487226353129,2200.0,-20.0,14.332183599472046,109.85309791564941,-13.856063440462972
673,6.73,-11.711431042156624,-1.976448198144688,0.9619501633026889,105.07922045237382,-24.101799126451887,-81.31995258838194,2200.0,-20.0,13.071457147598267,109.8441276550293,-13.959094040318627
674,6.74,-11.750295553522344,-1.985459740743012,0.9627102143964554,107.92808616603065,-26.534772674702868,-83.28936819072099,2200.0,-20.0,11.967099905014038,109.83515739440918,-14.061530704392192
675,6.75,-11.790325219730944,-1.9947823090802081,0.9631247934173232,110.92926745759993,-28.841118836081115,-85.54206956113077,2200.0,-20.0,11.024863719940186,109.82618713378906,-14.163129016224481
676,6.76,-11.831506123623226,-2.004411668955291,0.9631468651678723,114.09525268335194,-31.00031887586986,-88.08521579628388,2200.0,-20.0,10.255733728408813,109.81721687316895,-14.263628294624532
677,6.7700000000000005,-11.873822572085551,-2.0143431168711756,0.9627299920843856,117.43458249497863,-32.99080810771335,-90.92280996622944,2200.0,-20.0,9.67089593410492,109.80824661254883,-14.362751930968708
678,6.78,-11.917257119293376,-2.0245714881051513,0.961828406164922,120.95028888820738,-34.79032183413044,-94.05409139336311,2200.0,-20.0,9.267879128456116,109.79927635192871,-14.460207668958855
679,6.79,-11.961790592634772,-2.03509116537731,0.9603970799867932,124.63820221598188,-36.37645619465036,-97.47180089055136,2200.0,-20.0,9.017409682273865,109.7903060913086,-14.555687814802024
680,6.8,-12.00740212128576,-2.0458960881011836,0.9583917966929094,128.48534297932315,-37.72746454352184,-101.16053607318486,2200.0,-20.0,8.863796591758728,109.78133583068848,-14.648869396698737
681,6.8100000000000005,-12.054069167417437,-2.056979762207802,0.9557692188211466,132.46871736546882,-38.823275163964325,-105.0955156899716,2200.0,-20.0,8.74161422252655,109.77236557006836,-14.739414263264768
682,6.82,-12.101767560017755,-2.0683352705478115,0.9524869558459186,136.5548953498136,-39.6466649814367,-109.24213164538291,2200.0,-20.0,8.59927237033844,109.76339530944824,-14.826969126183148
683,6.83,-12.150471531308316,-2.079955283884779,0.9485036303005648,140.70071349906536,-40.18446571519968,-113.55663067945945,2200.0,-20.0,8.419654965400696,109.75442504882812,-14.911165561573535
684,6.84,-12.200153755725434,-2.091832072494592,0.9437789423551898,144.85527338947148,-40.42863232645459,-117.98809643028285,2200.0,-20.0,8.23639690876007,109.74545478820801,-15.002481758347209
685,6.8500000000000005,-12.250785391414537,-2.1039575183784747,0.9382737327383367,148.9631158672602,-40.376991675344,-122.48161186979344,2200.0,-20.0,8.146669268608093,109.73648452758789,-15.158797680615201
686,6.86,-12.30233612415998,-2.116323128081411,0.9319500439121848,152.96812830770136,-40.03352763579582,-126.98215894899293,2200.0,-20.0,8.303990960121155,109.72751426696777,-15.31445178003532
687,6.87,-12.354774213643761,-2.128920046087395,0.9247711794370717,156.8175177276726,-39.408143855362994,-131.43858785620628,2200.0,-20.0,8.845029473304749,109.71854400634766,-15.469063363537655
688,6.88,-12.40806654190887,-2.1417390687439606,0.9167017614795023,160.46516111976013,-38.51595119036338,-135.8069665842691,2200.0,-20.0,9.724670052528381,109.70957374572754,-15.622270808634973
689,6.890000000000001,-12.462178663917934,-2.1547706586614197,0.9077077863985112,163.87383626940624,-37.37621708466374,-140.05281306843526,2200.0,-20.0,10.612033605575562,109.70060348510742,-15.773733428018677
690,6.9,-12.517074860157484,-2.168004959550819,0.8977566782683912,167.01615155804237,-36.01115988392619,-144.15202711139278,2200.0,-20.0,11.075670719146729,109.6916332244873,-15.923132836261752
691,6.91,-12.57271819130843,-2.1814318115111724,0.8868173401117903,169.8742993397621,-34.444764216568466,-148.09064541930798,2200.0,-20.0,10.86696982383728,109.68266296386719,-16.070173879285992
692,6.92,-12.629070555019823,-2.1950407668221663,0.8748602026124684,172.43895452929894,-32.70174781614181,-151.8637404250438,2200.0,-20.0,9.943183064460754,109.67369270324707,-16.21458527636817
693,6.93,-12.686092744773495,-2.208821106302036,0.8618572701518763,174.70769968700398,-30.80675023689906,-155.4738432983156,2200.0,-20.0,8.338389992713928,109.66472244262695,-16.356120101257357
694,6.94,-12.743744510774919,-2.2227618562641025,0.847782164107157,176.68331212931236,-28.783761710822475,-158.92922505110698,2200.0,-20.0,6.148231625556946,109.65575218200684,-16.494555569088266
695,6.95,-12.801984622884554,-2.2368518060532576,0.8326101630658219,178.37215179922475,-26.65577642915449,-162.24227118362666,2200.0,-20.0,3.6181491613388066,109.64678192138672,-16.629693032784946
696,6.96,-12.86077093561307,-2.251079526107182,0.816318239357497,179.78278331161096,-24.444631463333877,-165.4280807943956,2200.0,-20.0,1.0567240417003632,109.6378116607666,-16.761357616766773
697,6.97,-12.9200604551195,-2.265433386794558,0.7988850925281721,-179.07512084920378,-22.17097015311117,-168.503338982087,2200.0,-20.0,-1.4381356537342072,109.62884140014648,-16.889399932784237
698,6.98,-12.979809407811182,-2.2799015774039635,0.7802911819867951,-178.19159604829323,-19.8542667510239,-171.48545594795473,2200.0,-20.0,-4.038084149360657,109.61987113952637,-17.013702728152637
699,6.99,-13.0399733072466,-2.294472124161519,0.7605187603454391,-177.55694641148685,-17.51293033323837,-174.3919333830454,2200.0,-20.0,-6.935749650001526,109.61090087890625,-17.134160836163385
700,7.0,-13.100507024469346,-2.309132909002193,0.7395519021606258,-177.16209172271556,-15.164464550472982,-177.2399120665676,2200.0,-20.0,-10.01744270324707,109.60193061828613,-17.250699105037928
701,7.01,-13.161359193450972,-2.32387033496468,0.7173993849725697,-176.99875232393316,-12.825650781784885,179.95414535202585,2124.527099609375,-20.0,-12.945221662521362,109.59326839447021,-17.34653941237551
702,7.0200000000000005,-13.222442591282222,-2.338662477629948,0.6942457707843173,-177.05954062411698,-10.512693078336287,177.17468176047458,1556.04345703125,-20.0,-15.635762214660643,109.58692359924316,-17.328672634749168
703,7.03,-13.283650889666683,-2.3534835467822925,0.6704404018857628,-177.33789909662258,-8.24135689521707,174.40721899260754,957.1509399414062,-20.0,-18.159351348876953,109.58302116394043,-17.29102361838349
704,7.04,-13.344903429232389,-2.368314675982006,0.64635403662585,-177.8279195655496,-6.027104832947828,171.6385065248782,341.0483093261719,-20.0,-20.0,109.58163070678711,-17.237686207012167
705,7.05,-13.4061551297312,-2.3831459428200534,0.6222821150470456,-178.52411894228925,-3.8852149239163407,168.85666773777606,0.0,-20.0,-20.0,109.58163070678711,-17.233017912092226
706,7.0600000000000005,-13.467397443879443,-2.3979758069736885,0.5983308733695671,-179.42115989167516,-1.8308793511080965,166.05135948113752,0.0,-20.0,-20.0,109.58163070678711,-17.29605315037729
707,7.07,-13.528635648335875,-2.4128056415030206,0.5745006610283357,179.48641886156955,0.12078112154290438,163.21395545499428,0.0,-20.0,-20.0,109.58163070678711,-17.358625855920216
708,7.08,-13.589874350682598,-2.42763666662143,0.5507915409078176,178.20449814424063,1.9547586613506813,160.33774914274355,0.0,-20.0,-20.0,109.58163070678711,-17.42078393915243
709,7.09,-13.651118157727822,-2.4424701006734786,0.5272033882653234,176.73971789619523,3.656223302790962,157.41817035245646,0.0,-20.0,-20.0,109.58163070678711,-17.482579936119166
710,7.1000000000000005,-13.712371668370682,-2.457307158251792,0.5037358909257001,175.09981486031077,5.2106383053025285,154.4530045576257,0.0,-20.0,-20.0,109.58163070678711,-17.544070537910923
711,7.11,-13.77363946647913,-2.47214904831306,0.48038854976555967,173.29393554782604,6.603926188970034,151.4425955615713,0.0,-20.0,-20.0,109.58163070678711,-17.605316067088648
712,7.12,-13.83492611378981,-2.486996972301341,0.4571606794867418,171.33289698386804,7.8226822661801645,148.3900057898286,0.0,-20.0,-20.0,109.58163070678711,-17.66637991964475
713,7.13,-13.896236142943986,-2.5018521226445474,0.4340514096326193,169.2293647483326,8.854427892163432,145.30110351602858,0.0,-20.0,-20.0,109.58163070678711,-17.72732880663247
714,7.140000000000001,-13.957574050079769,-2.5167156794378935,0.4110596861026275,166.9979175866007,9.687890544615138,142.184548910654,0.0,-20.0,-19.83795642852783,109.58163070678711,-17.788228780456308
715,7.15,-14.01894428837971,-2.5315888108544002,0.38818427256659976,164.65497624703622,10.313295232410809,139.05165944191572,0.0,-20.0,-18.782994747161865,109.58163070678711,-17.849149809218726
716,7.16,-14.08035126087876,-2.5464726698013824,0.3654237525097819,162.21857746416623,10.722640666903553,135.91612041748712,0.0,-20.0,-18.366023302078247,109.58163070678711,-17.910161553505503
717,7.17,-14.141799313734182,-2.5613683925650177,0.34277653138270137,159.70799724251094,10.90993985346413,132.79356164516162,0.0,-20.0,-18.90191078186035,109.58163070678711,-17.84833889371422
718,7.18,-14.199691688870002,-2.5753804666094595,0.32321096697585394,155.19425284645797,13.912614596159617,132.92197125655417,0.0,-20.0,-18.42713713645935,109.58163070678711,-18.664616401589385
719,7.19,-14.253491691837631,-2.5885614021635277,0.30751353390839753,149.58030512015608,19.023711788989022,134.16760238370472,0.0,-20.0,-20.0,109.58163070678711,-18.6705868643224
720,7.2,-14.307746241277497,-2.6019018407935737,0.2932208016330815,144.19672095981795,25.429348485153184,135.54938880309072,0.0,-20.0,-20.0,109.58163070678711,-18.331985867626404
721,7.21,-14.363176408696585,-2.615522947026561,0.27977151999638417,138.897105450592,32.283140972261094,135.99972084608527,0.0,-20.0,-20.0,109.58163070678711,-18.41709920922966
722,7.22,-14.419695811729564,-2.6294084530869135,0.2671326011068574,133.41142797798054,39.44869311161103,135.32916133739656,0.0,-20.0,-20.0,109.58163070678711,-18.459221966883415
723,7.23,-14.47732097964242,-2.643574927117069,0.2552083147509441,127.31552130290521,46.7748729518478,133.1949952006471,0.0,-20.0,-20.0,109.58163070678711,-18.5053466224677
724,7.24,-14.536133939799905,-2.6580395027799435,0.2438431738452579,119.89539506557095,54.0637801004632,128.95757987608414,0.0,-20.0,-20.0,109.58163070678711,-18.556163847040178
725,7.25,-14.596196267907334,-2.672814201848604,0.23287206571873267,109.87455373884427,60.998862277422226,121.40353184218785,0.0,-20.0,-20.0,109.58163070678711,-18.61236294775155
726,7.26,-14.657548028035869,-2.6879057272513,0.22212309440093633,95.03092004313687,66.97916644911137,108.36073796536259,0.0,-20.0,-20.0,109.58163070678711,-18.674567563775252
727,7.2700000000000005,-14.720207082954243,-2.703315347683594,0.21142053967464988,72.84171040702986,70.83987956844297,87.34249760176715,0.0,-20.0,-20.0,109.58163070678711,-18.256060078625055
728,7.28,-14.771903157552046,-2.720887934598068,0.21640162802537471,68.95251484954787,60.21633717859699,85.70592936650895,0.0,-20.0,-20.0,109.58163070678711,-21.025894287000327
729,7.29,-14.816479550981535,-2.7411900407140033,0.23155982529923128,72.22940306580574,39.78863292920496,93.66822753133603,0.0,-20.0,-20.0,109.58163070678711,-20.01188477772184
730,7.3,-14.86004948002646,-2.758352105515262,0.2505526459666763,71.73102678567855,26.245006418511405,97.76062289565873,0.0,-20.0,-20.0,109.58163070678711,-18.08833844898073
731,7.3100000000000005,-14.904234525438321,-2.7760112303608215,0.26878509024843306,69.81772369610383,23.95591206378319,98.02125815511013,0.0,2.0950746536254883,-20.0,109.58163070678711,-17.435622946377524
732,7.32,-14.946726080650821,-2.790948591545345,0.2916252270513568,67.37294103182978,25.056783693932392,96.91429181035565,0.0,20.0,-20.0,109.58163070678711,-17.307970755270652
733,7.33,-14.98926692534991,-2.8059149180049205,0.31464388638674046,64.87537708615696,26.093765104199406,95.69729509912165,0.0,20.0,-20.0,109.58163070678711,-17.397842331819408
734,7.34,-15.031967452958863,-2.8210133631520815,0.3374042251192162,62.32509595786573,27.06021480002255,94.37221186216327,0.0,20.0,-20.0,109.58163070678711,-17.43225483130864
735,7.3500000000000005,-15.074755270086428,-2.8361397126386767,0.36012290845142336,59.72298032070329,27.949510984767578,92.94184117764387,0.0,20.0,-20.0,109.58163070678711,-17.46648791957447
736,7.36,-15.117628708199788,-2.8512941802442926,0.38279673990550633,57.07103485786454,28.75514432154094,91.41001047844428,0.0,20.0,-20.0,109.58163070678711,-17.500558627551186
737,7.37,-15.160585988203058,-2.866476943621221,0.4054225801127322,54.37247961459152,29.47079889631677,89.78166886306143,0.0,20.0,-20.0,109.58163070678711,-17.53448500746265
738,7.38,-15.203625222852574,-2.881688143994415,0.42799735125416893,51.631813128437614,30.09044514662939,88.06295008122507,0.0,20.0,-20.0,109.58163070678711,-17.5682860797453
739,7.390000000000001,-15.24674441926046,-2.8969278859714764,0.45051804121895334,48.85483545277428,30.608440617203243,86.26119568349557,0.0,20.0,-20.0,109.58163070678711,-17.601981750068337
740,7.4,-15.289941481456651,-2.91219623741229,0.47298170749794555,46.04862219837713,31.019634344429456,84.38492958911942,0.0,20.0,-20.0,109.58163070678711,-17.635592741737927
741,7.41,-15.333214213153767,-2.927493229335721,0.49538548108492364,43.22144333918395,31.319470120759856,82.44377761795684,0.0,20.0,-20.0,109.58163070678711,-17.669140518692963
742,7.42,-15.376560320569645,-2.9428188558775124,0.5177265701517982,40.38262414171659,31.50408309723533,80.4483292727672,0.0,20.0,-20.0,109.58163070678711,-17.702647230949534
743,7.43,-15.419977415386636,-2.9581730742940855,0.5400022636456805,37.54235048276617,31.570383877744295,78.40994394847996,0.0,20.0,-20.0,109.58163070678711,-17.736135656289505
744,7.44,-15.463463017830161,-2.9735558050151827,0.5622099347793477,34.71142617675154,31.516124537169336,76.34050911838801,0.0,20.0,-20.0,109.58163070678711,-17.769629136941305
745,7.45,-15.507014559863537,-2.9889669317450727,0.5843470444124992,31.900994994809402,31.33994191139059,74.25216312104641,0.0,20.0,-20.0,109.58163070678711,-17.8031515115841
746,7.46,-15.550629388495777,-3.0044063016118012,0.6064111443204641,29.122244021958696,31.041374982101495,72.15699914282011,0.0,20.0,-20.0,109.58163070678711,-17.8367270435993
747,7.47,-15.5943047691987,-3.019873725363957,0.6283998803465142,26.38610717416574,30.62085504808977,70.0667691699548,0.0,20.0,-20.0,109.58163070678711,-17.87038034646409
748,7.48,-15.638037889429242,-3.035368977614496,0.6503109954337151,23.702987686883738,30.079669400865683,67.99260667552667,0.0,20.0,-20.0,109.58163070678711,-17.90413630698582
749,7.49,-15.681825862252548,-3.0508917971312,0.6721423325322314,21.082516192972147,29.419901141629108,65.94478461362505,0.0,20.0,-20.0,109.58163070678711,-17.938020006908115
750,7.5,-15.725665730061124,-3.0664418871733483,0.693891837378138,18.533357032159014,28.644349346995327,63.93252131709956,0.0,20.0,-20.0,109.58163070678711,-17.97205664331179
751,7.51,-15.769554468385206,-3.082018915874126,0.7155575611399934,16.063070372006397,27.756434840235833,61.963841831730164,0.0,20.0,-20.0,109.58163070678711,-18.006271448163616
752,7.5200000000000005,-15.81348898978938,-3.0976225166682836,0.7371376629296587,13.678032388989605,26.760097277165833,60.04549688597907,0.0,20.0,-20.0,109.58163070678711,-18.040689607330428
753,7.53,-15.857466147850353,-3.1132522887644782,0.7586304121740671,11.383410913485031,25.65968913462606,58.18293684711153,0.0,20.0,-20.0,109.58163070678711,-18.07533617934955
754,7.54,-15.901482741210744,-3.1289077976616975,0.7800341908448647,9.183190137506331,24.459871598037893,56.38033420462193,0.0,20.0,-20.0,109.58163070678711,-18.11023601424059
755,7.55,-15.945535517703638,-3.1445885757091037,0.8013474955430429,7.080235502380511,23.16551643318005,54.64064563383887,0.0,20.0,-20.0,109.58163070678711,-18.145413672635932
756,7.5600000000000005,-15.989621178542604,-3.160294122708575,0.822568939435879,5.076388746236801,21.781616858392415,52.96570354714477,0.0,20.0,-20.0,109.58163070678711,-18.18089334551146
757,7.57,-16.033736382571767,-3.1760239065591764,0.8436972540436918,3.1725831183914495,20.3132093519243,51.3563270573868,0.0,20.0,-20.0,109.58163070678711,-18.21669877479519
758,7.58,-16.077877750545696,-3.1917773639543014,0.864731290872393,1.368969742012821,18.765307349592113,49.81244331237836,0.0,18.44977855682373,-20.0,109.58163070678711,-18.25285313991608
759,7.59,-16.122041869473794,-3.207553901115449,0.885670022892882,-0.3349525942293478,17.142846973090343,48.33321158665323,0.0,16.149492263793945,-20.0,109.58163070678711,-18.28937898841707
760,7.6000000000000005,-16.16622529708998,-3.223352894524497,0.90651254587929,-1.9402104404515566,15.450644338278689,46.917143181003134,0.0,13.578124046325684,-20.0,109.58163070678711,-18.32629822517087
761,7.61,-16.210424566242104,-3.239173691748052,0.9272580795641261,-3.4482354892184506,13.693363462111696,45.56221321698379,0.0,10.793368816375732,-20.0,109.58163070678711,-18.36363197708898
762,7.62,-16.254636189362405,-3.255015612283083,0.9479059686444903,-4.860753910829398,11.875493605184607,44.26596186577952,0.0,7.875497937202453,-20.0,109.58163070678711,-18.401400542309144
763,7.63,-16.29885666297373,-3.2708779484340855,0.968455683629319,-6.179686874994881,10.001334775555387,43.02558258909289,0.0,4.914762377738953,-20.0,109.58163070678711,-18.439623302575427
764,7.640000000000001,-16.34308247225671,-3.286759966186074,0.9889068215111064,-7.407062601951688,8.074990081576527,41.8379970755574,0.0,1.997380256652832,-20.0,109.58163070678711,-18.478318770178557
765,7.65,-16.38731009573236,-3.3026609059620515,1.0092591062407839,-8.54493985055092,6.100363492638637,40.699915255580244,0.0,-0.8049064874649048,-20.0,109.58163070678711,-18.518808316696045
766,7.66,-16.431536009224715,-3.318579984064046,1.0295123891369882,-9.595341639064563,4.081161314970944,39.60787848563099,0.0,-3.439533114433288,-20.0,109.58163070678711,-18.561351986288035
767,7.67,-16.475756691462145,-3.3345163927246264,1.04966664897602,-10.560195647586347,2.0208979098857527,38.55829775007338,0.0,-5.873214602470398,-20.0,109.58163070678711,-18.604404713542078
768,7.68,-16.519968626738596,-3.35046930303293,1.0697219923078636,-11.441283701197184,-0.07709393645952468,37.54748899606351,0.0,-8.089004158973694,-20.0,109.58163070678711,-18.647979694174005
769,7.69,-16.56416831111246,-3.366437864384633,1.0896786530717117,-12.240199018713088,-2.209651863053647,36.5716871496831,0.0,-10.082218647003174,-20.0,109.58163070678711,-18.692089770459525
770,7.7,-16.608352256491973,-3.382421205941941,1.109536992331361,-12.95830731549797,-4.37377158688168,35.627050188470335,0.0,-11.855573654174805,-20.0,109.58163070678711,-18.73674659822441
771,7.71,-16.65251699508046,-3.3984184378028095,1.1292974978187356,-13.596710661084114,-6.5665932589343505,34.709655799692975,0.0,-13.414363861083983,-20.0,109.58163070678711,-18.781960508330357
772,7.72,-16.696659083823757,-3.414428652173778,1.1489607833122235,-14.156212782147843,-8.785386752197368,33.815490608057374,0.0,-14.76156234741211,-20.0,109.58163070678711,-18.827740419916655
773,7.73,-16.74077510884008,-3.4304509245512733,1.1685275878495498,-14.637284396821746,-11.027536055786705,32.94043186569512,0.0,-15.893023014068604,-20.0,109.58163070678711,-18.874093788896392
774,7.74,-16.78486168981969,-3.4464843149150752,1.1879987747764855,-15.040027069090176,-13.290522869090866,32.08022136219704,0.0,-16.793148517608643,-20.0,109.58163070678711,-18.921026579462144
775,7.75,-16.828915484383288,-3.4625278689367187,1.2073753306337263,-15.36413396789471,-15.571909393641315,31.23043113067955,0.0,-17.43300676345825,-20.0,109.58163070678711,-18.968543249043236
776,7.76,-16.872933192390725,-3.4785806192049176,1.2266583638846653,-15.60884578921699,-17.869320214066807,30.38642029160487,0.0,-17.775449752807617,-20.0,109.58163070678711,-19.016646739581837
777,7.7700000000000005,-16.916911560193633,-3.4946415864690463,1.2458491034865413,-15.772899928717331,-20.18042304826272,29.543282070684203,0.0,-17.79351949691772,-20.0,109.58163070678711,-19.065338470776812
778,7.78,-16.960847384827105,-3.510709780900352,1.2649488973070195,-15.854470752029185,-22.502908031891938,28.695779637244502,0.0,-17.499496936798096,-20.0,109.58163070678711,-19.114618333630688
779,7.79,-17.00473751813566,-3.5267842033690644,1.2839592103880126,-15.851098473576565,-24.834465079830576,27.8382689222011,0.0,-16.960248947143555,-20.0,109.58163070678711,-19.16448468515206
780,7.8,-17.04857887082876,-3.5428638467338454,1.3028816230585238,-15.759603692769067,-27.172758730635607,26.964605967836924,0.0,-16.269638538360596,-20.0,109.58163070678711,-19.21493434762315
781,7.8100000000000005,-17.092368416460957,-3.5589476971394194,1.3217178288985745,-15.575984018095028,-29.515399716194615,26.068035616694367,0.0,-15.494241714477537,-20.0,109.58163070678711,-19.265962616541223
782,7.82,-17.136103195331398,-3.57503473532011,1.3404696325568963,-15.295288418913593,-31.859912283109217,25.14105746759546,0.0,-14.644842147827147,-20.0,109.58163070678711,-19.31756327802648
783,7.83,-17.17978031829739,-3.5911239379096465,1.3591389474255737,-14.911463977522455,-34.20369599985408,24.175264010820754,0.0,-13.6911940574646,-20.0,109.58163070678711,-19.369728632158296
784,7.84,-17.223396970496868,-3.6072142787578763,1.3777277931748528,-14.417168555889646,-36.54398039871265,23.161144662094603,0.0,-12.591221332550049,-20.0,109.58163070678711,-19.422449518402516
785,7.8500000000000005,-17.266950414975113,-3.6233047302531687,1.39623829315119,-13.803541524096707,-38.87777030741322,22.087848005930244,0.0,-11.308467388153076,-20.0,109.58163070678711,-19.475715342427737
786,7.86,-17.310437996211054,-3.639394264647722,1.414672671641701,-13.059923148153343,-41.201779089110865,20.942892961656,0.0,-9.813154339790344,-20.0,109.58163070678711,-19.529514106068483
787,7.87,-17.353857143538473,-3.6554818553863897,1.4330332510095358,-12.173511453369086,-43.512346223896714,19.711817650333042,0.0,-8.074174523353577,-20.0,109.58163070678711,-19.58383243611731
788,7.88,-17.39720537446641,-3.6715664783044684,1.4513224486971812,-11.128943967242602,-45.80533455525915,18.37775339214705,0.0,-6.050060987472534,-20.0,109.58163070678711,-19.63865582661189
789,7.890000000000001,-17.440480297873698,-3.687647113124544,1.4695427741120064,-9.907791441864996,-48.076001072795535,16.92091114460604,0.0,-3.671762943267822,-20.0,109.58163070678711,-19.693968407871996
790,7.9,-17.483679617081236,-3.703722744824718,1.487696825394159,-8.487955186908303,-50.31883304761527,15.3179727100473,0.0,-0.8016926050186156,-20.0,109.58163070678711,-19.74975290376208
791,7.91,-17.52680113265196,-3.719792365884091,1.5057872861644903,-6.842965930333427,-52.5273399596763,13.541384606319717,0.0,2.8135842084884644,-20.0,109.58163070678711,-19.805989063174778
792,7.92,-17.56984274601417,-3.7358549723393897,1.5238169215861532,-4.941193048771571,-54.69379043018297,11.558561197008313,0.0,7.5638943910598755,-20.0,109.58163070678711,-19.862662677466265
793,7.930000000000001,-17.612802460479873,-3.751909576354718,1.5417885758427055,-2.7450178655483692,-56.80888030170971,9.331053623218795,0.0,13.939530849456785,-20.0,109.58163070678711,-19.919746419842024
794,7.94,-17.655678385716424,-3.7679551946088745,1.5597051673136721,-0.21006076857122896,-58.861320015492794,6.8137677786716315,0.0,20.0,-20.0,109.58163070678711,-19.97722181353478
795,7.95,-17.698468739058438,-3.7839908572508256,1.577569685510655,2.7152676951120625,-60.83733013377478,3.954512782746591,0.0,20.0,-20.0,109.58163070678711,-20.035066253919826
796,7.96,-17.741171848051902,-3.800015607471759,1.595385187062014,6.0894552594609195,-62.72005540553952,0.6943096912761947,0.0,20.0,-20.0,109.58163070678711,-20.09325592548449
797,7.97,-17.783786152709567,-3.8160285022641944,1.6131547916925053,9.976082159018096,-64.48893939189065,-3.030807562293144,0.0,20.0,-20.0,109.58163070678711,-20.15176670435901
798,7.98,-17.82631020747039,-3.8320286138529926,1.630881678244805,14.439343206665118,-66.11916844135618,-7.285318086868557,0.0,20.0,-20.0,109.58163070678711,-20.210573853201996
799,7.99,-17.86874268304652,-3.8480150309490218,1.64856908059715,19.535373251310194,-67.58140984873415,-12.125542607008567,0.0,20.0,-20.0,109.58163070678711,-20.26965199551724
800,8.0,-17.911082368129833,-3.8639868599357965,1.666220283505504,25.29800597198727,-68.84222623440678,-17.58540500396561,0.0,20.0,-20.0,109.58163070678711,-20.32897517299625
801,8.01,-17.953328170994016,-3.879943225948587,1.683838618304874,31.719117216706767,-69.86568723125676,-23.65677797670661,0.0,20.0,-20.0,109.58163070678711,-20.38851707241427
802,8.02,-17.99547912065072,-3.8958832744338765,1.701427459065223,38.72750550919002,-70.61664997875634,-30.26836646523776,0.0,20.0,-20.0,109.58163070678711,-20.448250226576555
803,8.03,-18.037534368719438,-3.911806171147392,1.7189902171032754,46.175644103651855,-71.06569832665942,-37.272461588999704,0.0,20.0,-20.0,109.58163070678711,-20.508148375611796
804,8.040000000000001,-18.079493189778002,-3.9277111045798407,1.7365303379800805,53.84636669751164,-71.19474081803001,-44.451628203125864,0.0,20.0,-20.0,109.58163070678711,-20.568183748754294
805,8.05,-18.121354982737113,-3.94359728619284,1.7540512962364712,61.48525672343478,-71.00126288808505,-51.55109633783653,0.0,20.0,-20.0,109.58163070678711,-20.628328840230285
806,8.06,-18.1631192715182,-3.9594639516044268,1.7715565910970266,68.84926386324662,-70.4992549818303,-58.32737968017166,0.0,20.0,-20.0,109.58163070678711,-20.688556135711885
807,8.07,-18.2047857056642,-3.9753103615807945,1.7890497419659206,75.75022379616699,-69.71631542723533,-64.59179722761762,0.0,20.0,-20.0,109.58163070678711,-20.74883818647936
808,8.08,-18.24635406078981,-3.991135802992744,1.80653428389456,82.07582916980542,-68.68832894150404,-70.23144617066897,0.0,20.0,-20.0,109.58163070678711,-20.809147688954756
809,8.09,-18.287824238870137,-4.006939589736232,1.8240137630278441,87.78598978277013,-67.4539184400858,-75.2055640577496,0.0,20.0,-20.0,109.58163070678711,-20.86945756783616
810,8.1,-18.32919626836693,-4.02272106361677,1.8414917320355324,92.8945668733248,-66.05025023295836,-79.52726519962833,0.0,20.0,-20.0,109.58163070678711,-20.929741060710537
811,8.11,-18.37047030419196,-4.038479595197273,1.8589717455349783,97.44808501179942,-64.51064877038952,-83.24225487538483,0.0,20.0,-20.0,109.58163070678711,-20.989971802508844
812,8.120000000000001,-18.41164662750754,-4.054214584608674,1.876457355511315,101.50831134941062,-62.86370448775424,-86.41141116143393,0.0,20.0,-20.0,109.58163070678711,-21.050123908738666
813,8.13,-18.452725645364342,-4.069925462322478,1.8939521067410643,105.14063642464102,-61.133319735709925,-89.099168659987,0.0,20.0,-20.0,109.58163070678711,-21.110172056852445
814,8.14,-18.493707890177017,-4.085611689884323,1.9114595322250767,108.40748536921652,-59.33921743822159,-91.36693305169702,0.0,20.0,-20.0,109.58163070678711,-21.17009156536246
815,8.15,-18.534594019038263,-4.101272760607599,1.9289831486366742,111.36521181730825,-57.497605639354234,-93.26997886691004,0.0,20.0,-20.0,109.58163070678711,-21.22985847043811
816,8.16,-18.575384812872255,-4.116908200226197,1.946526451790846,114.06308627973091,-55.62183496361822,-94.85644233649074,0.0,20.0,-20.0,109.58163070678711,-21.28944959977058
817,8.17,-18.616081175428526,-4.132517567505531,1.9640929121403232,116.54340433593474,-53.722978654373804,-96.1674347827058,0.0,20.0,-20.0,109.58163070678711,-21.34884264349613
818,8.18,-18.656684132117597,-4.148100454811016,1.981685970304332,118.84211494720851,-51.81031525377989,-97.23767696962548,0.0,20.0,-20.0,109.58163070678711,-21.408016221968417
819,8.19,-18.697194828689852,-4.163656488633269,1.9993090326357816,120.98963262061471,-49.89171764619327,-98.09631826653272,0.0,20.0,-20.0,109.58163070678711,-21.46694995016326
820,8.2,-18.737614529759387,-4.179185330069334,2.016965466832601,123.01166047043503,-47.973961226835236,-98.76776780218488,0.0,20.0,-20.0,109.58163070678711,-21.52562449850212
821,8.21,-18.777944617174704,-4.1946866752593195,2.0346585975988747,124.929944740523,-46.06296587132116,-99.27245831014068,0.0,20.0,-20.0,109.58163070678711,-21.584021649885315
822,8.22,-18.81818658823838,-4.210160255777896,2.0523917023613705,126.76293159522922,-44.163985249556774,-99.62751361337891,0.0,20.0,-20.0,109.58163070678711,-21.642124352736406
823,8.23,-18.85834205377796,-4.225605838980118,2.0701680070469823,128.5263222214059,-42.28175487517311,-99.84731593220721,0.0,20.0,-20.0,109.58163070678711,-21.699916769874317
824,8.24,-18.89841273607061,-4.241023228301172,2.0879906819265166,130.23353378368813,-40.42060802422709,-99.94398069631339,0.0,20.0,-20.0,109.58163070678711,-21.757384323040935
825,8.25,-18.93840046662419,-4.256412263509613,2.1058628375301933,131.89607807769767,-38.58456665327703,-99.9277508365376,0.0,20.0,-20.0,109.58163070678711,-21.814513732931868
826,8.26,-18.97830718381756,-4.271772820913814,2.1237875206401076,133.52387046425125,-36.777412796785114,-99.80732325651888,0.0,20.0,-20.0,109.58163070678711,-21.871293054591714
827,8.27,-19.018134930403228,-4.287104813521318,2.1417677103648285,135.12548079117175,-35.00274461680376,-99.59011928649866,0.0,20.0,-20.0,109.58163070678711,-21.927711708054105
828,8.28,-19.057885850875515,-4.302408191150924,2.1598063143011856,136.7083365254958,-33.26402026483867,-99.2825094073935,0.0,20.0,-20.0,109.58163070678711,-21.983760504121925
829,8.290000000000001,-19.09756218870764,-4.3176829404973365,2.177906164788187,138.2788867235563,-31.56459194003613,-98.89000089712103,0.0,20.0,-20.0,109.58163070678711,-22.03943166520308
830,8.3,-19.13716628346128,-4.332929085148304,2.1960700152579005,139.8427339844856,-29.907731937969903,-98.41739551658753,0.0,20.0,-20.0,109.58163070678711,-22.09471884113362
831,8.31,-19.17670056777233,-4.348146685554237,2.214300536687996,141.40474025001663,-28.29665203788438,-97.86892300446162,0.0,20.0,-20.0,109.58163070678711,-22.149617119937876
832,8.32,-19.21616756422386,-4.363335838930079,2.2326003141587756,142.96911116292287,-26.73451710563199,-97.24835484433858,0.0,20.0,-18.423449993133545,109.58163070678711,-22.204123070247054
833,8.33,-19.255569882098957,-4.378496679113964,2.250971843518597,144.53946287115562,-25.22445360739101,-96.55910172541844,0.0,20.0,-15.436186790466307,109.58163070678711,-22.25823476873142
834,8.34,-19.294910213999017,-4.393629376458753,2.269417528175459,146.11887498737397,-23.7695542983074,-95.80429855746925,0.0,20.0,-12.541003227233887,109.58163070678711,-22.31195168307458
835,8.35,-19.334191332382353,-4.408734137593391,2.2879396760002084,147.7099321739662,-22.372879158956096,-94.98687902833431,0.0,20.0,-9.511255621910093,109.58163070678711,-22.365274697600576
836,8.36,-19.373416085995025,-4.423811205097459,2.3065404963359843,149.314756222624,-21.037452285495778,-94.109640162627,0.0,20.0,-6.196526885032654,109.58163070678711,-22.418206199013728
837,8.370000000000001,-19.412587396162134,-4.438860857262167,2.325222097154206,150.93503119108757,-19.766255899393265,-93.17529942786608,0.0,20.0,-2.554265856742859,109.58163070678711,-22.47074992345429
838,8.38,-19.45170825298598,-4.453883407727954,2.3439864823272094,152.57202314722156,-18.562221490313778,-92.18654492696113,0.0,20.0,1.3615493476390839,109.58163070678711,-22.52291089775915
839,8.39,-19.490787897198377,-4.468882772866667,2.3628240054295806,154.22659352659414,-17.428221756118766,-91.14608743430632,43.43531036376953,20.0,5.433416962623596,109.58145332336426,-22.58379728704303
840,8.4,-19.52989012127268,-4.483896307610307,2.3816126006853335,155.8991730553789,-16.36704042717708,-90.05670332284218,456.9286193847656,20.0,9.526796936988829,109.57958984375,-22.72173725808632
841,8.41,-19.56911150826615,-4.498985149771854,2.400143002803613,157.5897871726528,-15.381344195999956,-88.9212582232899,806.8026733398438,20.0,13.528037071228027,109.5762996673584,-22.848604385229876
842,8.42,-19.608518462092732,-4.514198705739078,2.4182316456946973,159.29811695464974,-14.473675361529244,-87.74272724559843,1099.96337890625,20.0,17.379246950149536,109.57181453704834,-22.964600165605848
843,8.43,-19.648152778760274,-4.529576171008349,2.435719439724952,161.02351113496434,-13.646433715967929,-86.52421504667761,1344.03271484375,20.0,20.0,109.56633472442627,-23.070269416549568
844,8.44,-19.688036051733043,-4.545147923820675,2.4524697096693617,162.7649981234058,-12.901859324840439,-85.26896835576879,1545.6241455078125,20.0,20.0,109.56003284454346,-23.16612778960207
845,8.45,-19.728173400749075,-4.560936722972153,2.468366349375066,164.5212978350076,-12.24202060940683,-83.98037998989493,1710.10888671875,20.0,20.0,109.5530595779419,-23.25259062727672
846,8.46,-19.76855663424699,-4.576958736086316,2.4833121898607993,166.29083255774506,-11.668803657583311,-82.66198677180127,1842.1484375,20.0,20.0,109.54554843902588,-23.33005996197437
847,8.47,-19.809167000931552,-4.5932244850302535,2.497227308438382,168.0717523384192,-11.183892266913924,-81.31746439837592,1946.3155517578125,20.0,20.0,109.53761196136475,-23.399035685605487
848,8.48,-19.849977606892285,-4.609739767400844,2.5100470573121543,169.86197335093595,-10.78874463130471,-79.95062008269812,2027.37060546875,20.0,20.0,109.52934551239014,-23.460150424360663
849,8.49,-19.890955483769837,-4.6265065548324324,2.5217197868809937,171.65920590836797,-10.484577242277739,-78.56537679922556,2090.16552734375,20.0,20.0,109.52082252502441,-23.514127359675207
850,8.5,-19.932063268616176,-4.643523830696032,2.5322044170119877,173.4609892931463,-10.272349702819243,-77.1657529411478,2139.34130859375,20.0,20.0,109.51209926605225,-23.561696939048122
851,8.51,-19.97326047545023,-4.660788318316034,2.541468092937743,175.2647301595846,-10.152752229315588,-75.75583766387547,2178.972900390625,20.0,20.0,109.5032148361206,-23.603504782632527
852,8.52,-20.01450431045557,-4.678294345116296,2.5494879327434514,177.0677445793202,-10.126197699082763,-74.33976267920984,2200.0,20.0,20.0,109.49424457550049,-23.637692870330564
853,8.53,-20.055750578727547,-4.696033368101215,2.5562547110947516,178.86730212061312,-10.19281803220003,-72.92167179831074,2200.0,20.0,20.0,109.48527431488037,-23.663849824188535
854,8.540000000000001,-20.09695472985326,-4.7139952572457045,2.561767247173638,-179.3393321940374,-10.352461644148486,-71.50568951664351,2200.0,20.0,20.0,109.47630405426025,-23.686107788492524
855,8.55,-20.138072314067784,-4.73216959701675,2.566025971238187,-177.55485649975165,-10.604694393816883,-70.09588936624074,2200.0,20.0,20.0,109.46733379364014,-23.704395182035395
856,8.56,-20.179059001254657,-4.750545691367017,2.5690329190114265,-175.78189012692133,-10.948806148701834,-68.6962632637778,2200.0,20.0,20.0,109.45836353302002,-23.718642278059004
857,8.57,-20.21987063778075,-4.769112577844719,2.5707917282238055,-174.0229338302344,-11.383820854295212,-67.31069313552538,2200.0,20.0,20.0,109.4493932723999,-23.72878145599978
858,8.58,-20.26046330304067,-4.7878590420402976,2.571307633080873,-172.28033297965266,-11.908509774574728,-65.94292579905415,2200.0,20.0,20.0,109.44042301177979,-23.734747525930253
859,8.59,-20.30079336563697,-4.806773632349922,2.5705874566678872,-170.55624433222894,-12.521407486396514,-64.59655193003202,2200.0,20.0,20.0,109.43145275115967,-23.736478131283757
860,8.6,-20.340817539123236,-4.8258446750354995,2.568639601305943,-168.85260681691685,-13.220830143943974,-63.27498976741502,2200.0,20.0,20.0,109.42248249053955,-23.733914235496073
861,8.61,-20.380492937237822,-4.845060289560504,2.565474036876764,-167.17111655690272,-14.004895484142411,-61.981474024746774,2200.0,20.0,20.0,109.41351222991943,-23.727000697769327
862,8.620000000000001,-20.419777128556987,-4.864408404180688,2.561102287135768,-165.5132061396122,-14.871544021994008,-60.719050292772806,2200.0,20.0,20.0,109.40454196929932,-23.71568694231009
863,8.63,-20.458628190497116,-4.883876771768449,2.555537414035468,-163.88002793581015,-15.818560885786995,-59.49057505201512,2200.0,20.0,20.0,109.3955717086792,-23.69992772417718
864,8.64,-20.4970047625967,-4.903452985849424,2.548794000083759,-162.2724410756819,-16.843597763800368,-58.29872127447979,2200.0,20.0,20.0,109.38660144805908,-23.67968399330665
865,8.65,-20.534866099010127,-4.9231244968296775,2.540888128764104,-160.69100151757337,-17.944194472753193,-57.14598948994334,2200.0,20.0,20.0,109.37763118743896,-23.65492385641289
866,8.66,-20.572172120146345,-4.9428786283917105,2.5318373630471114,-159.13595449661875,-19.117799709271,-56.034724130327895,2200.0,20.0,20.0,109.36866092681885,-23.625623634273015
867,8.67,-20.608883463387034,-4.962702594037373,2.5216607220253993,-157.6072285146384,-20.36179060415383,-54.96713494920291,2200.0,20.0,20.0,109.35969066619873,-23.591769009418872
868,8.68,-20.64496153282018,-4.982583513755655,2.5103786557060497,-156.1044299249343,-21.673490760411553,-53.945323344292376,2200.0,20.0,20.0,109.35072040557861,-23.553356256481255
869,8.69,-20.680368547926605,-5.002508430793262,2.4980130179972426,-154.6268370684646,-23.050186515439684,-52.97131348990428,2200.0,20.0,20.0,109.3417501449585,-23.510393544398415
870,8.700000000000001,-20.71506759115852,-5.022464328505819,2.4845870379279473,-153.17339282113488,-24.489141221427047,-52.04708831438988,2200.0,20.0,20.0,109.33277988433838,-23.46290229644726
871,8.71,-20.749022654350895,-5.042438147267535,2.4701252891417234,-151.74269430287006,-25.987607382780183,-51.174630537194794,2200.0,20.0,20.0,109.32380962371826,-23.410918590634342
872,8.72,-20.782202900670498,-5.062416810664923,2.454658935160165,-150.33297591500622,-27.542838299891873,-50.355970338608124,2178.3837890625,20.0,20.0,109.31492710113525,-23.351089000851424
873,8.73,-20.81459888523227,-5.082387650981786,2.438243930256197,-148.94207977887825,-29.15210185767086,-49.593242830586554,2078.787841796875,20.0,20.0,109.30645084381104,-23.27572290899467
874,8.74,-20.846220436827423,-5.102339048446403,2.4209548937212078,-147.56742893237436,-30.812683834934575,-48.88874894461181,1976.722900390625,20.0,20.0,109.29839038848877,-23.20054008768255
875,8.75,-20.877081931408522,-5.122260744216865,2.4028648876267957,-146.20599786886234,-32.5218837426714,-48.2450214559487,1875.9312744140625,20.0,20.0,109.29074096679688,-23.12673621060903
876,8.76,-20.9072011362859,-5.1421437760980595,2.3840442950993106,-144.8542621744735,-34.27701390615581,-47.66490566809994,1777.0020751953125,20.0,20.0,109.28349494934082,-23.087434499798974
877,8.77,-20.936599723756505,-5.161980505879706,2.36456132764501,-143.50813133243105,-36.0753960857962,-47.151654882139155,1676.2611083984375,20.0,20.0,109.27665996551514,-23.09963900607321
878,8.78,-20.965306035083966,-5.181764846915692,2.3444843009203176,-142.16285997741304,-37.91435537781634,-46.709045066400584,1565.1407470703125,20.0,20.0,109.27027797698975,-23.106614180717468
879,8.790000000000001,-20.993360471748243,-5.2014928407844545,2.3238853589927224,-140.81293162891697,-39.791210847817894,-46.34151455632967,1430.46728515625,20.0,20.0,109.2644453048706,-23.106685418603398
880,8.8,-21.020822887444435,-5.221163637800961,2.302844564007314,-139.45190753065683,-41.703261821789724,-46.05433631042139,1257.70654296875,20.0,20.0,109.25931739807129,-23.0981756492144
881,8.81,-21.04777918489536,-5.240780651876453,2.281452050520437,-138.07223182057118,-43.64776789155779,-45.85383217075867,1039.04296875,20.0,20.0,109.25508117675781,-23.08102604053374
882,8.82,-21.07434244506569,-5.260352286002446,2.2598055768318623,-136.66498192320253,-45.62191992385257,-45.74764128631668,782.2584838867188,20.0,20.0,109.25189113616943,-23.05836083629424
883,8.83,-21.10064623452279,-5.279891687439686,2.238003395341672,-135.21954720054023,-47.62279958579215,-45.74506008184348,508.26727294921875,20.0,20.0,109.24981880187988,-23.03569213767803
884,8.84,-21.126835263361667,-5.299415905687413,2.2161369741860195,-133.72320780700906,-49.64732592001334,-45.85748052328582,231.9806365966797,20.0,20.0,109.24887275695801,-23.01706087809998
885,8.85,-21.153048029500074,-5.318943537884479,2.194281677716553,-132.16058207755847,-51.692183433843155,-46.09895973340411,0.0,20.0,20.0,109.24887275695801,-23.011857640184857
886,8.86,-21.17934962016025,-5.338484258758136,2.172467901508304,-130.51292230791867,-53.75371653282657,-46.48695092387518,0.0,20.0,20.0,109.24887275695801,-23.053425335763933
887,8.870000000000001,-21.205741479792696,-5.358039080039468,2.150692111311743,-128.75711383520266,-55.82780980562591,-47.04331077862547,0.0,20.0,20.0,109.24887275695801,-23.095367161797373
888,8.88,-21.232224755215345,-5.377608874868424,2.1289510945548917,-126.86428213415074,-57.909732248130844,-47.795685445274074,0.0,20.0,20.0,109.24887275695801,-23.137680578438776
889,8.89,-21.25880047747685,-5.397194497431379,2.107241594630965,-124.79794593787328,-59.9938980452772,-48.77936517909921,0.0,20.0,20.0,109.24887275695801,-23.18036154758816
890,8.9,-21.28546956055089,-5.416796781879403,2.085560315022477,-122.51148858496973,-62.07352642582933,-50.039819711216076,0.0,20.0,20.0,109.24887275695801,-23.22340455517295
891,8.91,-21.312232800178744,-5.436416541271914,2.0639039234758885,-119.9446960665838,-64.14015105949878,-51.636165992664296,0.0,20.0,20.0,109.24887275695801,-23.266802638476094
892,8.92,-21.33909087286156,-5.456054566547033,2.0422690562215084,-117.01905918783216,-66.1829034111621,-53.645871018237806,0.0,20.0,20.0,109.24887275695801,-23.31054741841565
893,8.93,-21.366044335003654,-5.475711625519954,2.0206523222333113,-113.63156453361123,-68.18745643048302,-56.17096515059439,0.0,20.0,20.0,109.24887275695801,-23.354629136655337
894,8.94,-21.39309362220789,-5.495388461910595,1.9990503075232675,-109.64699989153618,-70.13446526068175,-59.345740394353946,0.0,20.0,20.0,109.24887275695801,-23.399036697410878
895,8.950000000000001,-21.420239048724042,-5.515085794401773,1.9774595794647531,-104.88988148151621,-71.99729636826336,-63.34482636501428,0.0,20.0,20.0,109.24887275695801,-23.443757713798878
896,8.96,-21.447480807050837,-5.534804315729066,1.9558766911395649,-99.14013942138527,-73.73886447793254,-68.38750760963893,0.0,20.0,20.0,109.24887275695801,-23.488778558555072
897,8.97,-21.47481896769217,-5.554544691803555,1.9342981857030312,-92.14378705613171,-75.30771048290998,-74.72705673052063,0.0,20.0,20.0,109.24887275695801,-23.534084418935905
898,8.98,-21.50225347906782,-5.574307560868523,1.9127206007616973,-83.66240963679931,-76.63455143355985,-82.60124789730615,0.0,20.0,20.0,109.24887275695801,-23.5796593555984
899,8.99,-21.52978416757878,-5.594093532691197,1.8911404727580334,-73.5945358401991,-77.6330705930085,-92.11098732131663,0.0,20.0,20.0,109.24887275695801,-23.625486365238736
900,9.0,-21.55741073782709,-5.613903187790546,1.8695543413566202,-62.16696771105183,-78.211809534328,-103.02898516917689,0.0,20.0,20.0,109.24887275695801,-23.671547446757863
901,9.01,-21.585132772989933,-5.633737076702132,1.8479587538262516,-50.06477578856272,-78.30136835007085,-114.66976220688838,0.0,20.0,20.0,109.24887275695801,-23.717823670704316
902,9.02,-21.61294973534747,-5.653595719280909,1.8263502694124092,-38.272135728943354,-77.88502367227234,-126.04881491090688,0.0,20.0,20.0,109.24887275695801,-23.764295251737494
903,9.03,-21.64086096696383,-5.673479604042901,1.804725463694569,-27.646932313202758,-77.00659472678713,-136.3080132004345,0.0,20.0,20.0,109.24887275695801,-23.810941623838584
904,9.040000000000001,-21.668865690520285,-5.693389187546548,1.783080932922824,-18.61392644172677,-75.74762375329034,-145.02243522885445,0.0,20.0,20.0,109.24887275695801,-23.857741517989385
905,9.05,-21.69696301029963,-5.713324893814528,1.761413298328328,-11.191167051862667,-74.19609044269707,-152.1739573338913,0.0,20.0,20.0,109.24887275695801,-23.904673042027365
906,9.06,-21.72515191332052,-5.733287113796789,1.739719210402105,-5.180652240663477,-72.42740338987709,-157.9605948968453,0.0,20.0,20.0,109.24887275695801,-23.95171376237893
907,9.07,-21.753431270620275,-5.753276204875447,1.7179953531368057,-0.32605122044992346,-70.49930063170193,-162.6387825127673,0.0,20.0,20.0,109.24887275695801,-23.998840787365772
908,9.08,-21.781799838684595,-5.773292490412215,1.6962384482260358,3.6099888623805207,-68.45382026329852,-166.44606946790728,0.0,20.0,20.0,109.24887275695801,-24.04603085177336
909,9.09,-21.810256261022296,-5.793336259338898,1.6744452592159418,6.821924555735459,-66.3210974851575,-169.57720385903605,0.0,20.0,20.0,109.24887275695801,-24.093260402365036
910,9.1,-21.838799069883166,-5.813407765791493,1.6526125956037956,9.461055993353021,-64.12281096293515,-172.1838751922173,0.0,20.0,20.0,109.24887275695801,-24.140505684025484
911,9.11,-21.86742668811669,-5.833507228788364,1.630737316878387,11.64275400703932,-61.87477156858504,-174.38194443764277,0.0,20.0,20.0,109.24887275695801,-24.187742826210712
912,9.120000000000001,-21.896137431169322,-5.853634831952872,1.6088163364971082,13.45457216272928,-59.588733150500055,-176.2595592599653,0.0,20.0,20.0,109.24887275695801,-24.234947929386248
913,9.13,-21.924929509217787,-5.873790723280845,1.586846625794694,14.96314883803824,-57.2736270308307,-177.88405955511817,0.0,20.0,20.0,109.24887275695801,-24.282097151131445
914,9.14,-21.953801029435645,-5.893975014953153,1.5648252178186652,16.219543369150344,-54.93639987618442,-179.3073173313566,0.0,20.0,20.0,109.24887275695801,-24.329166791593856
915,9.15,-21.982749998407947,-5.914187783215081,1.542749211117027,17.26320250295466,-52.582585905382786,179.4302928705324,0.0,20.0,16.96408748626709,109.24887275695801,-24.376133348294935
916,9.16,-22.01177432466144,-5.934429068275107,1.5206157734179317,18.124864927052506,-50.216702381621516,178.29698535035678,0.0,20.0,13.450946807861328,109.24887275695801,-24.422973588955234
917,9.17,-22.04087182129007,-5.9546988742089555,1.4984221451431825,18.82868261494947,-47.84252660611753,177.267437267083,0.0,20.0,10.114405155181885,109.24887275695801,-24.469664736807925
918,9.18,-22.07004020873753,-5.974997168975883,1.4761656429484873,19.393774057646212,-45.46329319510321,176.32123053983617,0.0,20.0,6.881962418556213,109.24887275695801,-24.516184495084264
919,9.19,-22.09927711763923,-5.99532388439577,1.453843663034647,19.835369532949308,-43.081836701596124,175.44170116821329,0.0,20.0,3.7326580286026,109.24887275695801,-24.56251123686624
920,9.200000000000001,-22.12858009178184,-6.0156789162664515,1.431453684444506,20.165661834871578,-40.70069659345448,174.615082692924,0.0,20.0,0.7027225196361542,109.24887275695801,-24.608624012542204
921,9.21,-22.15794659096273,-6.036062124665981,1.4089932721425054,20.39444286482913,-38.32219642627044,173.8298638940858,0.0,20.0,-2.1272440254688263,109.24887275695801,-24.65450230338624
922,9.22,-22.187373995388196,-6.056473333884988,1.3864600810459144,20.52958327287211,-35.94850501400349,173.07630465961768,0.0,20.0,-4.672076106071472,109.24887275695801,-24.700126670331528
923,9.23,-22.216859606984258,-6.076912333020043,1.3638518572686082,20.577400494830982,-33.581683539493355,172.34606294078887,0.0,20.0,-6.897100806236267,109.24887275695801,-24.745477936302372
924,9.24,-22.246400655055982,-6.097378875812568,1.3411664428759067,20.54294358527126,-31.223723061679085,171.63190377252175,0.0,20.0,-8.86246383190155,109.24887275695801,-24.79053820273085
925,9.25,-22.27599429829773,-6.117872681136041,1.318401777300511,20.430213329602427,-28.876574922633598,170.92747378001144,0.0,20.0,-10.726139545440674,109.24887275695801,-24.83529048524531
926,9.26,-22.305637628771112,-6.138393433347756,1.2955559003204753,20.24233456998451,-26.542176128662543,170.22712396949726,0.0,20.0,-12.693889141082764,109.24887275695801,-24.879718809613358
927,9.27,-22.335327675609488,-6.158940782686872,1.2726269545587279,19.981692386737357,-24.22247097539906,169.52576926834786,0.0,20.0,-14.942262172698973,109.24887275695801,-24.92380826625491
928,9.28,-22.365061408786936,-6.17951434571689,1.2496131878388297,19.650040705838258,-21.91942988919458,168.81877649309826,0.0,20.0,-17.55962371826172,109.24887275695801,-24.967545057669472
929,9.290000000000001,-22.394835742947585,-6.200113705818283,1.2265129554020187,19.248589757782028,-19.6350662385921,168.10187469961002,0.0,20.0,-20.0,109.24887275695801,-25.010916525095908
930,9.3,-22.424647541282635,-6.220738413742972,1.2033247219867294,18.778077259804174,-17.371451745776493,167.3710836675429,0.0,20.0,-20.0,109.24887275695801,-25.0539111309376
931,9.31,-22.454493619522623,-6.241387988161615,1.1800470637747722,18.23882739486236,-15.130730678740623,166.62265692216894,0.0,20.0,-20.0,109.24887275695801,-25.09651855131385
932,9.32,-22.484370750052033,-6.262061916208921,1.156678670212375,17.63080094970179,-12.915132722251032,165.85303534265825,0.0,20.0,-20.0,109.24887275695801,-25.138729817647437
933,9.33,-22.514275665937692,-6.282759654171874,1.1332183456486717,16.953638413989154,-10.726985263312507,165.058811150986,0.0,20.0,-20.0,109.24887275695801,-25.180537262552157
934,9.34,-22.54420506505188,-6.303480628196354,1.1096650108504729,16.206698186407564,-8.568725169318672,164.23670122110738,0.0,20.0,-20.0,109.24887275695801,-25.221934505563617
935,9.35,-22.574155614442702,-6.324224234811602,1.086017704361099,15.38909193770176,-6.442909707153482,163.3835279658592,0.0,20.0,-20.0,109.24887275695801,-25.262916880503333
936,9.36,-22.60412395379079,-6.344989842557913,1.0622755837600941,14.499718151307531,-4.352227284459158,162.49620804251356,0.0,20.0,-20.0,109.24887275695801,-25.30347967792735
937,9.370000000000001,-22.634106700820638,-6.36577679145258,1.0384379266719974,13.537295892122378,-2.2995079610969698,161.57175325813537,0.0,20.0,-20.0,109.24887275695801,-25.34362089967353
938,9.38,-22.664100454802877,-6.386584394742591,1.0145041317196912,12.500400694899286,-0.28773059256239786,160.60726967501577,0.0,20.0,-20.0,109.24887275695801,-25.383339344974548
939,9.39,-22.694101801101432,-6.407411939471111,0.9904737192654887,11.387502018533356,1.6799699109070108,159.5999684030246,0.0,20.0,-20.0,109.24887275695801,-25.420804744020845
940,9.4,-22.7241073154484,-6.428258687465328,0.9663463320317863,10.1970044780981,3.600297054515013,158.54718500476375,0.0,20.0,-20.0,109.24887275695801,-25.455113383381484
941,9.41,-22.75411356828974,-6.449123876255577,0.9421217355517778,8.92729387465256,5.469789582831063,157.44640675971615,0.0,20.0,-20.0,109.24887275695801,-25.4890846187866
942,9.42,-22.784117129132497,-6.470006720031368,0.9177998184648647,7.576788880604703,7.284821190859512,156.2953082511119,0.0,20.0,-20.0,109.24887275695801,-25.522721583028105
943,9.43,-22.81411457089081,-6.490906410632086,0.8933805926568946,6.143999093600961,9.041603751895325,155.09179566898445,0.0,20.0,-20.0,109.24887275695801,-25.55602856621958
944,9.44,-22.84410247422638,-6.511822118569084,0.8688641932448511,4.62758994011036,10.736194788669694,153.83406002030998,0.0,20.0,-20.0,109.24887275695801,-25.589010991829433
945,9.450000000000001,-22.874077431878625,-6.532752994076252,0.8442508784057643,3.0264545660534377,12.364509990383777,152.5206391171208,0.0,20.0,-20.0,109.24887275695801,-25.621675385749942
946,9.46,-22.904036052979393,-6.553698168186757,0.8195410290498837,1.3397923794413589,13.922341618472347,151.15048776888798,0.0,20.0,-20.0,109.24887275695801,-25.654029340349318
947,9.47,-22.933974967346924,-6.574656753834104,0.7947351483384291,-0.4328067006525099,15.405383633910382,149.7230550255544,0.0,20.0,-20.0,109.24887275695801,-25.686081474542203
948,9.48,-22.9638908297537,-6.595627846975949,0.7698338610464875,-2.291273982081678,16.809264302712794,148.23836660060758,0.0,20.0,-20.0,109.24887275695801,-25.71784139034856
949,9.49,-22.99378032416275,-6.616610527739226,0.7448379127718626,-4.234972283450224,18.12958687715878,146.69710976614425,0.0,20.0,-20.0,109.24887275695801,-25.74931962614247
950,9.5,-23.02364016792699,-6.637603861585184,0.7197481689908831,-6.26260826205791,19.361978692649945,145.1007170969434,0.0,20.0,-20.0,109.24887275695801,-25.780527606684657
951,9.51,-23.053467115946326,-6.658606900492908,0.6945656139623849,-8.372151222111055,20.50214865326926,143.4514445232285,0.0,20.0,-20.0,109.24887275695801,-25.811477590039036
952,9.52,-23.08325796477718,-6.679618684159874,0.6692913494812605,-10.560763666518529,21.545952601633275,141.75243834147784,0.0,20.0,-20.0,109.24887275695801,-25.842182611504608
953,9.53,-23.113009556689267,-6.700638241218045,0.6439265934831611,-12.824749433174183,22.489465493191492,140.0077852687468,0.0,20.0,-20.0,109.24887275695801,-25.872656424736924
954,9.540000000000001,-23.14271878366452,-6.7216645904639725,0.6184726785021226,-15.159525428863716,23.329058652563297,138.22253946479907,0.0,20.0,-20.0,109.24887275695801,-25.902913440271103
955,9.55,-23.172382591332987,-6.742696742101365,0.5929310499830671,-17.559622591444832,24.061479730880404,136.40272083773968,0.0,20.0,-20.0,109.24887275695801,-25.9329686616794
956,9.56,-23.201997982840847,-6.763733698994542,0.5673032644513165,-20.018720662892022,24.683932378283703,134.5552800040194,0.0,20.0,-20.0,109.24887275695801,-25.962837619614938
957,9.57,-23.23156202264557,-6.784774457931178,0.541590987541439,-22.529719606102596,25.19415217724076,132.68802702896517,0.0,20.0,-20.0,109.24887275695801,-25.99253630400412
958,9.58,-23.261071840233416,-6.805818010892757,0.5157959918879191,-25.084848117319044,25.590475134308637,130.80952345927682,0.0,20.0,-20.0,109.24887275695801,-26.02208109465555
959,9.59,-23.290524633754618,-6.826863346331107,0.4899201548803282,-27.675806866304377,25.871895071050805,128.92893998167293,0.0,20.0,-20.0,109.24887275695801,-26.051488690557232
960,9.6,-23.31991767357158,-6.847909450449401,0.46396545628583247,-30.293941143630768,26.038106630123366,127.05588499649959,0.0,20.0,-20.0,109.24887275695801,-26.08077603814165
961,9.61,-23.349248305715644,-6.868955308486015,0.4379339757420535,-32.930434887573604,26.08953131826545,125.20021210271916,0.0,20.0,-20.0,109.24887275695801,-26.109960258796065
962,9.620000000000001,-23.378513955248028,-6.889999905999605,0.4118278901234543,-35.57651598903155,26.02732499295584,123.37181656435324,0.0,20.0,-20.0,109.24887275695801,-26.13905857590214
963,9.63,-23.407712129520675,-6.911042230153769,0.3856494707845859,-38.22366164890404,25.8533663670674,121.58043195084623,0.0,20.0,-20.0,109.24887275695801,-26.16808824168557
964,9.64,-23.43684042133289,-6.932081270999691,0.35940108068368715,-40.86379256695234,25.57022732749413,119.83543813636862,0.0,20.0,-20.0,109.24887275695801,-26.197066464160578
965,9.65,-23.46590889188711,-6.953129899267845,0.3330814524314455,-43.610820281574895,24.960590808244568,117.89070715476458,0.0,20.0,-20.0,109.24887275695801,-26.353417436719887
966,9.66,-23.49541890587186,-6.974435309210141,0.3061790737970011,-49.60982663373323,17.82575613886476,109.596135548357,0.0,20.0,-20.0,109.24887275695801,-28.1314648071943
967,9.67,-23.52600781477867,-6.993052811373718,0.28970050636204,-55.53099770606324,12.52050259640723,105.09672902693246,0.0,11.251788139343262,-20.0,109.24887275695801,-26.35287733583422
968,9.68,-23.557460596911756,-7.0085189045366585,0.28382054808918133,-61.56906010189337,9.94999486812604,103.67116420765204,0.0,20.0,-20.0,109.24887275695801,-26.267705116650543
969,9.69,-23.588559048791318,-7.024007113678505,0.27933240703812684,-67.69490947161532,8.232596632045707,103.25918043049163,0.0,20.0,-20.0,109.24887275695801,-26.24595238161293
970,9.700000000000001,-23.618713603724974,-7.039576966419076,0.27345103408609345,-73.74569442572782,6.611315105223271,103.25295722152325,0.0,20.0,-20.0,109.24887275695801,-26.291353276387433
971,9.71,-23.64801042102069,-7.054986206868063,0.26725085843266166,-79.74687034050179,4.9589654057045,103.57526745634783,0.0,18.901190757751465,-20.0,109.24887275695801,-26.302112571216185
972,9.72,-23.676465423029835,-7.070205732670326,0.26089506412215197,-85.71274056707331,3.3264294225460485,104.22777537202431,0.0,17.20745086669922,-20.0,109.24887275695801,-26.307856867682254
973,9.73,-23.704072004302812,-7.085213751278776,0.25447370128130614,-91.65730165940015,1.7650281604334401,105.20614836318487,0.0,15.22294044494629,-20.0,109.24887275695801,-26.30884438449362
974,9.74,-23.73083308111701,-7.099990836171167,0.24807755017482472,-97.59241628611275,0.32542434197630843,106.49982339161183,0.0,13.058030605316162,-20.0,109.24887275695801,-26.305364161020428
975,9.75,-23.75676105981702,-7.114520134641611,0.24179710884282068,-103.52613140851983,-0.9438720460392952,108.09196804952614,0.0,10.735211372375488,-20.0,109.24887275695801,-26.297691691157027
976,9.76,-23.78187769038849,-7.128787592080349,0.23572157797008167,-109.4613199491821,-1.9970064340161866,109.95941478416229,0.0,7.83208191394806,-20.0,109.24887275695801,-26.286057933772163
977,9.77,-23.806213825722335,-7.142782095679791,0.2299378604268698,-115.39477351910514,-2.7916230151301633,112.07255678827079,0.0,4.145635366439819,-20.0,109.24887275695801,-26.27066984364592
978,9.78,-23.82980907609104,-7.156495598127597,0.22452958550259589,-121.31686531424899,-3.289887343267193,114.39549368150706,0.0,0.21995604038238525,-20.0,109.24887275695801,-26.25171531420063
979,9.790000000000001,-23.85196390081261,-7.169588273508517,0.2297065595693074,-125.3609176186721,-3.587085555952975,116.76574710731967,0.0,-3.204575777053833,-20.0,109.24887275695801,-26.01618199334875
980,9.8,-23.874195562249792,-7.182736085236631,0.23358919473394918,-125.83062302614398,-3.8351199230002364,118.91100124185652,0.0,7.833558917045593,-20.0,109.24887275695801,-26.07871295448506
981,9.81,-23.895599021237526,-7.1954982884638845,0.2467861960453615,-125.37903478654775,-4.053488816867042,120.94024325598636,0.0,20.0,-20.0,109.24887275695801,-26.07766962147074
982,9.82,-23.916984096721936,-7.208251313944348,0.25976274814279765,-124.8987746701131,-4.356190540692894,122.99671246136555,0.0,20.0,-20.0,109.24887275695801,-26.123463502802018
983,9.83,-23.938351571765587,-7.220988521007568,0.27240028589381127,-124.39142811411507,-4.6858359509762035,125.03807196537856,0.0,20.0,-20.0,109.24887275695801,-26.147443685652327
984,9.84,-23.95967459970634,-7.233698163248511,0.28507336297496466,-123.85811102383445,-5.043565522804107,127.06316939330134,0.0,20.0,-20.0,109.24887275695801,-26.171266457967274
985,9.85,-23.980953807128817,-7.246378629684521,0.2977814683160012,-123.29995561463006,-5.430458945531889,129.07086019438503,0.0,20.0,-20.0,109.24887275695801,-26.194947751650517
986,9.86,-24.00218985940205,-7.259028336044886,0.31052406852517583,-122.71810162334612,-5.847514431335173,131.05999601749124,0.0,20.0,-20.0,109.24887275695801,-26.21849269262189
987,9.870000000000001,-24.023383457068704,-7.271645723143421,0.323300602731301,-122.11368735922301,-6.2956393946589415,133.02942165334906,0.0,20.0,-20.0,109.24887275695801,-26.241905546459037
988,9.88,-24.04453533515914,-7.284229258039178,0.3361104828314954,-121.48784069453443,-6.775645076825868,134.97797487137763,0.0,20.0,-20.0,109.24887275695801,-26.265190109139443
989,9.89,-24.065646262531992,-7.296777435219176,0.34895309384838846,-120.84166998877662,-7.288243716955491,136.90448784265072,0.0,20.0,-20.0,109.24887275695801,-26.288349929975737
990,9.9,-24.08671704120542,-7.309288777790196,0.3618277943467521,-120.17625506427352,-7.83404728779961,138.8077892750492,0.0,20.0,-20.0,109.24887275695801,-26.311388451573677
991,9.91,-24.10774850569591,-7.321761838671324,0.3747339169352041,-119.49263828992346,-8.413567563163149,140.68670691200725,0.0,20.0,-20.0,109.24887275695801,-26.334309042714867
992,9.92,-24.128741522332216,-7.3341952017580425,0.38767076878497453,-118.79181579801427,-9.02721687772037,142.54006986477128,0.0,20.0,-20.0,109.24887275695801,-26.357115029478024
993,9.93,-24.14969698853133,-7.3465874830782445,0.4006376321756074,-118.07472894208381,-9.675309563757404,144.36671070878265,0.0,20.0,-17.44633197784424,109.24887275695801,-26.37980973103491
994,9.94,-24.170615832073132,-7.3589373319160964,0.4136337650810629,-117.34225595710406,-10.358064122964395,146.1654671542694,0.0,20.0,-14.950153827667236,109.24887275695801,-26.40239644338881
995,9.950000000000001,-24.191499010434548,-7.371243431871925,0.4266584018331406,-116.59520379993172,-11.075604770404198,147.93518260130978,0.0,20.0,-12.723407745361328,109.24887275695801,-26.424878277893335
996,9.96,-24.21234750995624,-7.38350450195209,0.4397107536963963,-115.83430028514299,-11.827963500966714,149.6747062083515,0.0,20.0,-10.716726779937744,109.24887275695801,-26.447258269183497
997,9.97,-24.233162345047514,-7.39571929760795,0.4527900095152224,-115.06018647714113,-12.615082546327898,151.38289229818892,0.0,20.0,-8.834425806999207,109.24887275695801,-26.46953935756423
998,9.98,-24.253944557366538,-7.4078866117372275,0.4658953363621679,-114.2734093203704,-13.436817196957138,153.05859902373857,0.0,20.0,-6.96635901927948,109.24887275695801,-26.491724393627223
999,9.99,-24.274695214974596,-7.4200052756604755,0.4790258802073434,-113.47441445826448,-14.292938763717359,154.7006861521684,0.0,20.0,-4.999191164970398,109.24887275695801,-26.513816145608814
1000,10.0,-24.295415411453888,-7.432074160074964,0.49218076660209936,-112.66353920866646,-15.183137800917955,156.30801199027403,0.0,20.0,-2.808679938316345,109.24887275695801,-26.535817323276657
1001,10.01,-24.316106265032708,-7.444092175965668,0.5053591013971155,-111.84100559936995,-16.10702742668581,157.87942930459738,0.0,20.0,-0.2654476463794708,109.24887275695801,-26.557730551052863
1002,10.02,-24.33676891803738,-7.456058275337539,0.5185599715555376,-111.006913220298,-17.064145617059246,159.41377962803935,0.0,20.0,2.732415795326233,109.24887275695801,-26.57955793037709
1003,10.03,-24.35740453440489,-7.467971452744651,0.5317824454917959,-110.16123213298624,-18.05395787474934,160.90988695906182,0.0,20.0,6.217105984687805,109.24887275695801,-26.60130300959173
1004,10.040000000000001,-24.37801430196358,-7.479830744680626,0.5450255746431955,-109.30379541325537,-19.075860116441746,162.36655038145406,0.0,20.0,10.12110710144043,109.24887275695801,-26.622966679951983
1005,10.05,-24.39859942774955,-7.491635231995039,0.5582883932774234,-108.4342916002002,-20.1291832951054,163.78253600881703,0.0,20.0,14.273245334625244,109.24887275695801,-26.644551975461393
1006,10.06,-24.41916113929583,-7.50338403965113,0.5715699198959492,-107.55225617381194,-21.21319496589446,165.15656624777918,0.0,20.0,18.432081937789917,109.24887275695801,-26.6660610788388
1007,10.07,-24.439700683177794,-7.515076337640361,0.5848691578655558,-106.65706229112106,-22.327100110040288,166.48730773823232,0.0,20.0,20.0,109.24887275695801,-26.6874959848936
1008,10.08,-24.460219323975558,-7.526711341667617,0.5981850962137519,-105.74791057024909,-23.47004181422854,167.77335795571034,0.0,20.0,20.0,109.24887275695801,-26.708858557717708
1009,10.09,-24.48071834311071,-7.538288313845083,0.611516710457517,-104.82381775148544,-24.641102307832305,169.01323040113877,0.0,20.0,20.0,109.24887275695801,-26.73015065364699
1010,10.1,-24.50119903781202,-7.549806563281251,0.624862963442786,-103.8836039146869,-25.83930354117098,170.2053377981959,0.0,20.0,20.0,109.24887275695801,-26.75137409900679
1011,10.11,-24.521662720129797,-7.561265446609722,0.6382228061809616,-102.92587790552749,-27.06360668743709,171.34797301706615,0.0,20.0,20.0,109.24887275695801,-26.772530634049474
1012,10.120000000000001,-24.5421107158941,-7.572664368500821,0.6515951786863641,-101.94902064966408,-28.31291067206178,172.43928760719004,0.0,20.0,20.0,109.24887275695801,-26.793621913443207
1013,10.13,-24.56254436364484,-7.584002782143561,0.6649790108292486,-100.9511659988399,-29.586049733508894,173.47726767644107,0.0,20.0,20.0,109.24887275695801,-26.814649514736967
1014,10.14,-24.582965013808217,-7.595280189596965,0.6783732229450194,-99.93017882523824,-30.88178997935377,174.45970675157787,0.0,20.0,20.0,109.24887275695801,-26.835614971372884
1015,10.15,-24.60337402652761,-7.6064961425913475,0.6917767277498026,-98.88362932146369,-32.19882469594675,175.38417542914272,0.0,20.0,20.0,109.24887275695801,-26.85651971289794
1016,10.16,-24.62377277218662,-7.617650242272611,0.7051884296577506,-97.80876408875291,-33.53576769130658,176.24798680259494,0.0,20.0,20.0,109.24887275695801,-26.877365097206386
1017,10.17,-24.644162629188532,-7.628742139959455,0.7186072267291957,-96.70247269624605,-34.89114583271446,177.04815784928414,0.0,20.0,20.0,109.24887275695801,-26.898152467362266
1018,10.18,-24.664544983199164,-7.639771537298003,0.732032011237477,-95.56124898408109,-36.263389243197935,177.78136593560757,0.0,20.0,20.0,109.24887275695801,-26.918883107444223
1019,10.19,-24.68492122592743,-7.65073818652589,0.745461670633241,-94.38114695341953,-37.650819363626454,178.44389976183092,0.0,20.0,20.0,109.24887275695801,-26.93955826575815
1020,10.200000000000001,-24.705292754014867,-7.661641890665956,0.7588950884327117,-93.15773039213401,-39.05163448309731,179.03160420329138,0.0,20.0,20.0,109.24887275695801,-26.96017916166237
1021,10.21,-24.725660967915225,-7.67248250368277,0.7723311451156218,-91.88601560501208,-40.46389226241981,179.5398184372843,0.0,20.0,20.0,109.24887275695801,-26.98074699020643
1022,10.22,-24.746027270766053,-7.68325993059996,0.7857687190286955,-90.56040670155238,-41.885488740554706,179.96330682727418,0.0,20.0,20.0,109.24887275695801,-27.001262927669345
1023,10.23,-24.766393067255056,-7.693974127577096,0.7992066872925196,-89.1746230740128,-43.31413323676981,-179.7038177889386,0.0,20.0,20.0,109.24887275695801,-27.02172813813103
1024,10.24,-24.78675976248347,-7.704625101945427,0.8126439267102147,-87.72161903176769,-44.74731846584415,-179.46817843159135,0.0,20.0,20.0,109.24887275695801,-27.042143780703793
1025,10.25,-24.807128760828483,-7.7152129122021975,0.8260793146766398,-86.19349612831131,-46.18228508295656,-179.33722538992163,0.0,20.0,20.0,109.24887275695801,-27.062511017106377
1026,10.26,-24.827501464806108,-7.725737667963447,0.8395117300871392,-84.58140964378727,-47.61597978086072,-179.31933324642577,0.0,20.0,20.0,109.24887275695801,-27.08283101936459
1027,10.27,-24.847879273935664,-7.73619952987536,0.852940054245004,-82.87547213780459,-49.04500599243321,-179.42390059995356,0.0,20.0,20.0,109.24887275695801,-27.10310497751078
1028,10.28,-24.8682635836069,-7.746598709484269,0.8663631717669134,-81.06465919828487,-50.465566236124396,-179.6614473645137,0.0,20.0,20.0,109.24887275695801,-27.123334107214784
1029,10.290000000000001,-24.888655783950536,-7.7569354690654455,0.8797799714856467,-79.13672579425376,-51.87339522806675,179.95629875953716,0.0,20.0,20.0,109.24887275695801,-27.14351965732025
1030,10.3,-24.9090572587132,-7.767210121410829,0.8931893473493596,-77.07814638891318,-53.26368314786512,179.41633979202084,0.0,20.0,20.0,109.24887275695801,-27.163662917279016
1031,10.31,-24.92946938413754,-7.777423029575876,0.9065901993167118,-74.87409864139477,-54.63098899963153,178.7043887780019,0.0,20.0,20.0,109.24887275695801,-27.183765224475778
1032,10.32,-24.94989352784846,-7.78757460658574,0.9199814342471287,-72.50851956396625,-55.96914502162366,177.8049237495247,0.0,20.0,20.0,109.24887275695801,-27.203827971431068
1033,10.33,-24.970331047746303,-7.797665315101007,0.9333619667854813,-69.96427464654492,-57.2711547947328,176.70135484644894,0.0,20.0,20.0,109.24887275695801,-27.223852612865723
1034,10.34,-24.990783290907906,-7.807695667043266,0.9467307202404651,-67.22349436932187,-58.52909036941698,175.3763590072022,0.0,20.0,20.0,109.24887275695801,-27.243840672600708
1035,10.35,-25.01125159249643,-7.817666223180806,0.9600866274559697,-64.26814709205843,-59.73399768519344,173.8124512076772,0.0,20.0,20.0,109.24887275695801,-27.26379375026764
1036,10.36,-25.031737274680793,-7.827577592674797,0.9734286316747317,-61.08092861426739,-60.87582503458427,171.9928725319793,0.0,20.0,20.0,109.24887275695801,-27.283713527801094
1037,10.370000000000001,-25.052241645565662,-7.837430432586281,0.9867556873935713,-57.64654917134417,-61.94339627426469,169.9028758295582,0.0,20.0,20.0,109.24887275695801,-27.303601775683468
1038,10.38,-25.07276599813278,-7.847225447344422,1.0000667612095218,-53.95347597951928,-62.92445819860849,167.53146706116223,0.0,20.0,20.0,109.24887275695801,-27.32347372634936
1039,10.39,-25.093311609194558,-7.856963388176407,1.0133608326561643,-49.996127315806,-63.805838070777156,164.8735983095464,0.0,20.0,20.0,109.24887275695801,-27.3459599130143
1040,10.4,-25.11387973836075,-7.866645052499473,1.026636895029495,-45.777397051615466,-64.5737491872916,161.93269136364034,0.0,20.0,20.0,109.24887275695801,-27.36840421600965
1041,10.41,-25.134471627019057,-7.876271283275561,1.0398939562026532,-41.31121405892668,-65.21427432880883,158.7231962854218,0.0,20.0,20.0,109.24887275695801,-27.39080914668351
1042,10.42,-25.155088497330443,-7.885842968329102,1.0531310394288516,-36.62463837591485,-65.71403356195087,155.27268683713402,0.0,20.0,20.0,109.24887275695801,-27.41317732472473
1043,10.43,-25.17573155124007,-7.895361039628494,1.0663471841318588,-31.75884293224853,-66.06100182007306,151.6228415601931,0.0,20.0,20.0,109.24887275695801,-27.435511482072254
1044,10.44,-25.196401969504528,-7.9048264725318695,1.0795414466833986,-26.768342898880228,-66.24538876562355,147.82867256216596,0.0,20.0,20.0,109.24887275695801,-27.457814466421997
1045,10.450000000000001,-25.217100910736278,-7.914240284997726,1.0927129011668275,-21.718114615701346,-66.2604455078784,143.95564395717685,0.0,20.0,20.0,109.24887275695801,-27.48008924431362
1046,10.46,-25.237829510465964,-7.923603536761095,1.1058606401264837,-16.678783236669894,-66.10304404049248,140.07485909176557,0.0,20.0,20.0,109.24887275695801,-27.502338903777833
1047,10.47,-25.258588880223424,-7.9329173284758925,1.1189837753020913,-11.720673565569067,-65.77390454951232,136.2571110221971,0.0,20.0,20.0,109.24887275695801,-27.524566656530904
1048,10.48,-25.279380106638143,-7.9421828008241615,1.132081438347632,-6.907923626972957,-65.2774211328028,132.56699578104715,0.0,20.0,20.0,109.24887275695801,-27.546775839697386
1049,10.49,-25.30020425055983,-7.951401133592912,1.1451527815341,-2.293837414577219,-64.62113106811779,129.05826486887125,0.0,20.0,20.0,109.24887275695801,-27.568969917052655
1050,10.5,-25.321062346199863,-7.960573544719317,1.15819697843557,2.0817851143687394,-63.81494846489436,125.77115503371381,0.0,20.0,20.0,109.24887275695801,-27.591152479768386
1051,10.51,-25.341955400294317,-7.969701289305039,1.1712132245980256,6.193222550553114,-62.87031330902899,122.73181358080714,0.0,20.0,20.0,109.24887275695801,-27.613327246655356
1052,10.52,-25.362884391289196,-7.978785658600465,1.184200738190407,10.027709704744217,-61.79938977839796,119.95342055243322,0.0,20.0,20.0,109.24887275695801,-27.63549806389016
1053,10.53,-25.383850268548585,-7.9878279789597,1.197158760637347,13.58326847664827,-60.61440170056315,117.43835773688403,0.0,20.0,20.0,109.24887275695801,-27.65766890422404
1054,10.540000000000001,-25.404853951586315,-7.996829610767145,1.210086557233089,16.86613333587102,-59.32714176091321,115.18078308640102,0.0,20.0,20.0,109.24887275695801,-27.679843865663333
1055,10.55,-25.42589632933219,-8.005791947335233,1.2229834177505792,19.888249802160548,-57.94865100975746,113.16913217826213,0.0,20.0,18.6783504486084,109.24887275695801,-27.70202714396956
1056,10.56,-25.446978259422018,-8.014716413772215,1.2358486570329728,22.66512203463124,-56.489042098479004,111.3882706845934,0.0,20.0,15.747194290161131,109.24887275695801,-27.72422300056968
1057,10.57,-25.468100567470476,-8.02360446582712,1.2486816155065066,25.214117407190265,-54.95743088068515,109.82118980335255,0.0,20.0,12.530907392501831,109.24887275695801,-27.746435843169877
1058,10.58,-25.489264046434805,-8.032457588705942,1.2614816597574723,27.553223008099536,-53.36194228649208,108.45024970247655,0.0,20.0,9.057119488716124,109.24887275695801,-27.768670145629326
1059,10.59,-25.510469455947113,-8.041277295852447,1.2742481830246415,29.700191555725432,-51.70976278404922,107.25803378674472,0.0,20.0,5.399473309516907,109.24887275695801,-27.79093048441358
1060,10.6,-25.531717521614766,-8.050065127720702,1.2869806055752324,31.67199765657784,-50.007217350551606,106.22789217912029,0.0,20.0,1.6954736411571503,109.24887275695801,-27.81322176088035
1061,10.61,-25.55300893440605,-8.05882265075898,1.2996783749390026,33.48452403653334,-48.25985627653533,105.34425460323737,0.0,20.0,-1.8715234100818632,109.24887275695801,-27.835549446663194
1062,10.620000000000001,-25.57434435047939,-8.06755145589046,1.3123409671699258,35.15240969586375,-46.47254146282323,104.59278027016445,0.0,20.0,-5.130009055137634,109.24887275695801,-27.857918375992117
1063,10.63,-25.59572439008875,-8.076253157555838,1.324967886091617,36.688994933475904,-44.649534761810074,103.9604150989594,0.0,20.0,-7.977761626243591,109.24887275695801,-27.880334448964145
1064,10.64,-25.617149637822678,-8.0849293915378,1.3375586655429743,38.10634290982808,-42.79457903052692,103.43537120838837,0.0,20.0,-10.397467613220215,109.24887275695801,-27.90280192731011
1065,10.65,-25.63862064146746,-8.093581814453652,1.3501128681094323,39.41530654970253,-40.910967603636344,103.00705927011454,0.0,20.0,-12.431566715240479,109.24887275695801,-27.925325952408105
1066,10.66,-25.66013791176599,-8.102212102235924,1.3626300859283955,40.62561626358854,-39.001605428596505,102.66600027333405,0.0,20.0,-14.146637916564941,109.24887275695801,-27.947911818974916
1067,10.67,-25.681701922015606,-8.110821948747153,1.3751099410597354,41.74597650665291,-37.06906256332387,102.40372864767461,0.0,20.0,-15.610840320587158,109.24887275695801,-27.97056490299362
1068,10.68,-25.703313107687514,-8.119413064391741,1.3875520858064225,42.784163709537935,-35.115620530774784,102.21269408099872,0.0,20.0,-16.885688304901123,109.24887275695801,-27.993290631324882
1069,10.69,-25.724971866074377,-8.127987174724575,1.3999562029982946,43.74712094597286,-33.14331220505412,102.08616658989129,0.0,20.0,-18.02438974380493,109.24887275695801,-28.01609446945125
1070,10.700000000000001,-25.74667855596843,-8.136546019054123,1.4123220062462074,44.641046661557745,-31.15395597748945,102.01814747679443,0.0,20.0,-19.07130241394043,109.24887275695801,-28.0389819155923
1071,10.71,-25.76843349737147,-8.145091349038704,1.4246492401709865,45.4714761074629,-29.149184960104048,102.00328751519595,0.0,20.0,-20.0,109.24887275695801,-28.06195849404657
1072,10.72,-25.790236971238407,-8.153624927284614,1.436937680608721,46.243354989122246,-27.1304719465925,102.03681284333274,0.0,20.0,-20.0,109.24887275695801,-28.08502974339693
1073,10.73,-25.81208921924883,-8.162148525917145,1.4491871347906709,46.961105396795475,-25.09915074578397,102.11445853864515,0.0,20.0,-20.0,109.24887275695801,-28.10820121280881
1074,10.74,-25.83399044360666,-8.170663925111517,1.4613974415054523,47.628684405969175,-23.05643443209637,102.23240942976861,0.0,20.0,-20.0,109.24887275695801,-28.131478446242564
1075,10.75,-25.855940806832358,-8.17917291138806,1.473568471203427,48.249635934425285,-21.003430872029767,102.38724760686985,0.0,20.0,-20.0,109.24887275695801,-28.154867062593276
1076,10.76,-25.87794043184931,-8.187677277350025,1.4857001261938507,48.82713623650216,-18.941156326717262,102.5759057624837,0.0,20.0,-20.0,109.24887275695801,-28.17837233754378
1077,10.77,-25.89998940153213,-8.196178818444615,1.497792340583134,49.36403390155313,-16.870547507039653,102.79562702400854,0.0,20.0,-20.0,109.24887275695801,-28.20199986491934
1078,10.78,-25.922087758892747,-8.204679332728928,1.5098450804277168,49.86288524543382,-14.792470890434467,103.04392822373241,0.0,20.0,-20.0,109.24887275695801,-28.225755042139344
1079,10.790000000000001,-25.94423550696084,-8.2131806190284,1.5218583437137125,50.325984968064034,-12.707731357865443,103.31856781727477,0.0,20.0,-20.0,109.24887275695801,-28.249643244182444
1080,10.8,-25.9664326088073,-8.221684475575758,1.5338321603877951,50.755392952621364,-10.617079825720843,103.61751783944244,0.0,20.0,-20.0,109.24887275695801,-28.27366975078167
1081,10.81,-25.98867898756749,-8.23019269853757,1.545766592329263,51.152957681577085,-8.52121987042667,103.9389390314032,0.0,20.0,-20.0,109.24887275695801,-28.29783974615643
1082,10.82,-26.01097452649946,-8.238707080550656,1.5576617332961264,51.52033665342697,-6.420813472869452,104.28115871070355,0.0,20.0,-20.0,109.24887275695801,-28.322158315962934
1083,10.83,-26.033319069076825,-8.247229409266817,1.5695177088469972,51.85901413407273,-4.316486021939987,104.64265102648473,0.0,20.0,-20.0,109.24887275695801,-28.3466304397135
1084,10.84,-26.055712419115146,-8.255761465904698,1.581334676238572,52.17031653697821,-2.2088306993144506,105.02201927964157,0.0,20.0,-20.0,109.24887275695801,-28.37126098021398
1085,10.85,-26.078154340930936,-8.264305023808333,1.5931128242982422,52.455425687983734,-0.09841234513287249,105.41798001560652,0.0,20.0,-20.0,109.24887275695801,-28.39605467159676
1086,10.86,-26.10064455953275,-8.272861847012551,1.6048523732714923,52.715390193226305,2.0142291151919527,105.8293486226067,0.0,20.0,-20.0,109.24887275695801,-28.421016106938396
1087,10.870000000000001,-26.123182760844003,-8.28143368881587,1.6165535746439648,52.951135092688084,4.128575617838923,106.25502619121674,0.0,20.0,-20.0,109.24887275695801,-28.4461497259811
1088,10.88,-26.145768591957353,-8.290022290361938,1.6282167109381924,53.16346994792236,6.244128227161864,106.69398741106818,0.0,20.0,-20.0,109.24887275695801,-28.47145980317682
1089,10.89,-26.1684016614204,-8.29862937923064,1.6398420954851265,53.35309548044459,8.360404676405345,107.14526929691931,0.0,20.0,-20.0,109.24887275695801,-28.49695043611514
1090,10.9,-26.19108153955256,-8.307256668040045,1.6514300721706503,53.52060884670282,10.476937143280646,107.60796054835399,0.0,20.0,-20.0,109.24887275695801,-28.522625534323197
1091,10.91,-26.213807758792786,-8.31590585306041,1.6629810151573083,53.6665076057528,12.59327022602599,108.08119135470385,0.0,20.0,-20.0,109.24887275695801,-28.548488808407612
1092,10.92,-26.236579814077988,-8.324578612841378,1.6744953285815007,53.791192405857544,14.70895908945286,108.5641234589744,0.0,20.0,-20.0,109.24887275695801,-28.57454375951956
1093,10.93,-26.259397163251773,-8.33327660685351,1.6859734462264058,53.89496838512894,16.823567753586282,109.05594029110605,0.0,20.0,-20.0,109.24887275695801,-28.60079366913833
1094,10.94,-26.282259227503193,-8.342001474145261,1.697415831170907,53.97804524776173,18.936667499949845,109.55583697115132,0.0,20.0,-20.0,109.24887275695801,-28.627241589188245
1095,10.950000000000001,-26.305165391835192,-8.350754832016484,1.7088229754148139,54.04053593985334,21.04783537236644,110.06300996591584,0.0,20.0,-20.0,109.24887275695801,-28.653890332509125
1096,10.96,-26.328115005562307,-8.359538274709545,1.7201953994806782,54.08245380536962,23.15665275033319,110.57664615689275,0.0,20.0,-20.0,109.24887275695801,-28.68074246371009
1097,10.97,-26.351107382837274,-8.368353372119094,1.7315336519925313,54.10370805110533,25.26270397355621,111.09591104091214,0.0,20.0,-20.0,109.24887275695801,-28.707800290435905
1098,10.98,-26.374141803206083,-8.377201668521545,1.7428383092318804,54.104097286369566,27.365574996025035,111.61993573505198,0.0,20.0,-20.0,109.24887275695801,-28.735065855074563
1099,10.99,-26.397217512191048,-8.3860846813253,1.7541099746713216,54.08330082444253,29.464852046964157,112.14780239014176,0.0,20.0,-20.0,109.24887275695801,-28.762540926935653
1100,11.0,-26.4203337219014,-8.39500389984269,1.7653492784861484,54.04086733299247,31.56012027396167,112.67852752727391,0.0,20.0,-20.0,109.24887275695801,-28.790226994923362
1101,11.01,-26.44348961167093,-8.40396078408469,1.7765568770443505,53.97620029193902,33.65096234030164,113.21104269165998,0.0,20.0,-20.0,109.24887275695801,-28.818125260732085
1102,11.02,-26.466684328722167,-8.412956763579317,1.7877334523754127,53.88853954907747,35.73695694366826,113.74417165748424,0.0,20.0,-20.0,109.24887275695801,-28.846236632584464
1103,11.03,-26.489916988856514,-8.421993236214709,1.7988797116183473,53.77693804124973,37.81767721644021,114.27660320138288,0.0,20.0,-20.0,109.24887275695801,-28.874561719535514
1104,11.040000000000001,-26.513186677169845,-8.431071567107823,1.8099963864494055,53.64023245084256,39.892688958010545,114.80685816982803,0.0,20.0,-20.0,109.24887275695801,-28.903100826362856
1105,11.05,-26.536492448792938,-8.440193087499631,1.8210842324899292,53.47700616358031,41.9615486358864,115.33324916679908,0.0,20.0,-20.0,109.24887275695801,-28.931853949060418
1106,11.06,-26.55983332965615,-8.449359093677751,1.832144028694826,53.285542339868,44.02380107314753,115.85383063869587,0.0,20.0,-20.0,109.24887275695801,-28.960820770953926
1107,11.07,-26.583208317277755,-8.458570845927351,1.8431765767221584,53.063764143326296,46.07897671285034,116.36633636856037,0.0,20.0,-20.0,109.24887275695801,-28.99000065945377
1108,11.08,-26.606616381575225,-8.467829567511208,1.85418270028436,52.80915808951621,48.12658831161393,116.86810031427653,0.0,20.0,-20.0,109.24887275695801,-29.019392663459097
1109,11.09,-26.630056465690178,-8.477136443680877,1.8651632444731387,52.51867489312141,50.166126928960686,117.35595511287444,0.0,19.30502414703369,-20.0,109.24887275695801,-29.048995527730188
1110,11.1,-26.65352748681918,-8.486492620721625,1.876119075054287,52.18859975815192,52.19705713618783,117.82610012767843,0.0,16.71898126602173,-20.0,109.24887275695801,-29.078807738903226
1111,11.11,-26.677028337117726,-8.49589920502267,1.8870510777992555,51.81438115411363,54.21881064834393,118.27392825484445,0.0,14.297411441802979,-20.0,109.24887275695801,-29.10882746883242
1112,11.120000000000001,-26.700557884662594,-8.50535726217076,1.8979601578306127,51.390403125677096,56.23077709898575,118.6937965719612,0.0,11.975846290588379,-20.0,109.24887275695801,-29.139052423586776
1113,11.13,-26.724114974252448,-8.514867816102774,1.9088472387756104,50.909676564242304,58.2322924786679,119.07871584228386,0.0,9.705598950386047,-20.0,109.24887275695801,-29.16948009518038
1114,11.14,-26.74769842841379,-8.524431848268211,1.9197132620902684,50.36341421166004,60.22262375222264,119.41992385554776,0.0,7.451775670051575,-20.0,109.24887275695801,-29.200107621784763
1115,11.15,-26.771307048386294,-8.534050296825916,1.9305591863154492,49.740437938559516,62.20094649683167,119.70629132731744,0.0,5.1833659410476685,-20.0,109.24887275695801,-29.23093172782661
1116,11.16,-26.79493961507816,-8.543724055885605,1.9413859862751492,49.02633477614051,64.16631347383309,119.92347653192257,0.0,2.8584271669387817,-20.0,109.24887275695801,-29.261948777509215
1117,11.17,-26.81859489001799,-8.553453974790076,1.952194652253451,48.20222927155026,66.1176094378664,120.05269622065227,0.0,0.41521966457366943,-20.0,109.24887275695801,-29.2931548539875
1118,11.18,-26.84227161676334,-8.563240857314346,1.962986189305654,47.242956586213765,68.05348353853047,120.0688974394659,0.0,-2.217685580253601,-20.0,109.24887275695801,-29.324545216589375
1119,11.19,-26.86596851991099,-8.573085461598755,1.9737616158436777,46.11426867380509,69.9722466879383,119.93796209953699,0.0,-5.093249678611755,-20.0,109.24887275695801,-29.356117050765686
1120,11.200000000000001,-26.88968431031642,-8.582988498314782,1.9845219641391783,44.76843793711068,71.87170766170135,119.61230920532705,0.0,-8.222826123237608,-20.0,109.24887275695801,-29.38786365574869
1121,11.21,-26.91341768131076,-8.592950631494087,1.9952682779627324,43.13709813843059,73.74890491674718,119.02373420238084,0.0,-11.577930450439453,-20.0,109.24887275695801,-29.41978112658696
1122,11.22,-26.937167312740034,-8.60297247712376,2.0060016127086753,41.11916676975085,75.59964122827208,118.07133049682697,0.0,-15.111944675445557,-20.0,109.24887275695801,-29.451864230206485
1123,11.23,-26.960931871365727,-8.613054602846024,2.016723034290583,38.55960936663707,77.41764507289774,116.60025260076426,0.0,-18.780231475830078,-20.0,109.24887275695801,-29.484107364826343
1124,11.24,-26.984710011945918,-8.623197527504212,2.027433618252895,35.21047738574236,79.19297328264813,114.36275279740657,0.0,-20.0,-20.0,109.24887275695801,-29.5165046180437
1125,11.25,-27.008500378306714,-8.633401720728463,2.0381344488975253,30.656643935645917,80.90877371092643,110.94391549915036,0.0,-20.0,-20.0,109.24887275695801,-29.549049762276194
1126,11.26,-27.03230160426682,-8.643667602598251,2.0488266184196076,24.17229997437225,82.53430185727872,105.61815194952261,0.0,-20.0,-20.0,109.24887275695801,-29.581736431224673
1127,11.27,-27.05611231477352,-8.653995543287557,2.059511226043657,14.466741078428008,84.00920871901413,97.09498561207248,0.0,-20.0,-20.0,109.24887275695801,-29.614558089954198
1128,11.28,-27.07993112709863,-8.664385862742138,2.070189377129027,-0.5375723169753979,85.21023180033056,83.2971110478105,0.0,-20.0,-20.0,109.24887275695801,-29.64750796569551
1129,11.290000000000001,-27.103756651976123,-8.674838830417082,2.080862182263505,-22.528404127873625,85.91099899893219,62.53700326916235,0.0,-20.0,-20.0,109.24887275695801,-29.680579051900963
1130,11.3,-27.127587494380872,-8.685354665092815,2.0915307564737438,-47.99287712377327,85.8715848929543,38.32778158952359,0.0,-20.0,-20.0,109.24887275695801,-29.713764275991633
1131,11.31,-27.151422256049536,-8.695933534558764,2.1021962178490434,-68.98360572017387,85.12892980448486,18.61707566964475,0.0,-20.0,-20.0,109.24887275695801,-29.74705595252666
1132,11.32,-27.175259534494753,-8.706575555713915,2.1128596873638847,-83.07584157495242,83.95202542306352,5.8298779192877435,0.0,-20.0,-20.0,109.24887275695801,-29.780446564808884
1133,11.33,-27.19909792557423,-8.717280794302637,2.1235222874736146,-92.23887625564655,82.55707565703332,-2.0028610440945456,0.0,-20.0,-20.0,109.24887275695801,-29.81392834373361
1134,11.34,-27.22293602417671,-8.728049264907487,2.134185141376041,-98.44115900011681,81.05685585666288,-6.849351768032382,0.0,-20.0,-20.0,109.24887275695801,-29.84749338293778
1135,11.35,-27.24677242546105,-8.738880930933755,2.144849372048313,-102.86830915805943,79.50642430056223,-9.894980331633073,0.0,-20.0,-20.0,109.24887275695801,-29.88113362344495
1136,11.36,-27.270605725975138,-8.749775704642444,2.1555161013469304,-106.18617649460242,77.93409585291772,-11.805370664163775,0.0,-20.0,-20.0,109.24887275695801,-29.91484087619525
1137,11.370000000000001,-27.294434524782424,-8.760733447222238,2.1661864491058465,-108.7777721783482,76.35559932908448,-12.96331763947468,0.0,-20.0,-20.0,109.24887275695801,-29.948606839351623
1138,11.38,-27.31825742459142,-8.771753968901765,2.176861532233231,-110.87343589862263,74.78036302818995,-13.598956393991031,0.0,-20.0,-20.0,109.24887275695801,-29.982423114189263
1139,11.39,-27.342073032885136,-8.78283702910281,2.187542463808625,-112.61811568599782,73.21444636370484,-13.857044444667663,0.0,-20.0,-20.0,109.24887275695801,-30.01628122054288
1140,11.4,-27.36587996304669,-8.793982336633617,2.198230352187381,-114.10684026906992,71.66199692446047,-13.832436444801278,0.0,-20.0,-19.592206478118896,109.24887275695801,-30.05017260592491
1141,11.41,-27.389676835482,-8.805189549923714,2.208926300107512,-115.40417606418751,70.12602010560997,-13.589543671198253,0.0,-20.0,-18.814575672149658,109.24887275695801,-30.08408865855442
1142,11.42,-27.413462278742355,-8.816458277303356,2.2196314037779574,-116.55536199276247,68.60880807323959,-13.173471425336793,0.0,-20.0,-18.190817832946777,109.24887275695801,-30.118020741235867
1143,11.43,-27.437234930634315,-8.827788077322433,2.2303467519841544,-117.59294257585006,67.11219019078797,-12.616654797384763,0.0,-20.0,-17.6941180229187,109.24887275695801,-30.15196021201486
1144,11.44,-27.46099343931653,-8.839178459105579,2.2410734252229796,-118.54086601150121,65.63768522904734,-11.942959498476517,0.0,-20.0,-17.296643257141113,109.24887275695801,-30.1858984259946
1145,11.450000000000001,-27.48473646439276,-8.850628882748106,2.2518124948319946,-119.41709983476193,64.18659705190684,-11.170300348782051,0.0,-20.0,-16.973211765289307,109.24887275695801,-30.219826748214643
1146,11.46,-27.50846267799747,-8.862138759752424,2.2625650221226694,-120.23534939044067,62.76007646519291,-10.312362641525054,0.0,-20.0,-16.70302391052246,109.24887275695801,-30.253736568591954
1147,11.47,-27.532170765871694,-8.873707453504332,2.2733320575204106,-121.00621625327351,61.35916209279064,-9.379763504506547,0.0,-20.0,-16.46979331970215,109.24887275695801,-30.28761931783188
1148,11.48,-27.55585942842754,-8.88533427978849,2.2841146397131924,-121.73799719236891,59.984807840423365,-8.380853839874517,0.0,-20.0,-16.261379718780518,109.24887275695801,-30.321466483681302
1149,11.49,-27.579527381800414,-8.897018507342459,2.294913794809941,-122.43724659206562,58.63790153473374,-7.322283735330509,0.0,-20.0,-16.06903314590454,109.24887275695801,-30.355269627121793
1150,11.5,-27.603173358888196,-8.908759358448755,2.3057305355094737,-123.10917967201908,57.319277602253486,-6.20940866807437,0.0,-20.0,-15.88672161102295,109.24887275695801,-30.389020398260726
1151,11.51,-27.626796110376603,-8.92055600956439,2.3165658602806074,-123.7579663633493,56.029725623385744,-5.046586334304019,0.0,-20.0,-15.710625648498535,109.24887275695801,-30.422710551822657
1152,11.52,-27.650394405750156,-8.932407591987438,2.327420752553995,-124.3869486924728,54.76999596456177,-3.8373969293967405,0.0,-20.0,-15.538692474365234,109.24887275695801,-30.45633196222806
1153,11.53,-27.67396703428786,-8.944313192560092,2.338296179926247,-124.99880375679885,53.54080329435532,-2.584808934004821,0.0,-20.0,-15.37034749984741,109.24887275695801,-30.489876638269983
1154,11.540000000000001,-27.697512806042948,-8.956271854407664,2.349193093376916,-125.59566741282944,52.34282853410354,-1.2913054953151084,0.0,-20.0,-15.206282138824465,109.24887275695801,-30.523336737415164
1155,11.55,-27.72103055280581,-8.968282577712959,2.360112426498938,-126.17922920545611,51.17671962660969,0.04101810116313782,0.0,-20.0,-15.048098564147947,109.24887275695801,-30.55670457972509
1156,11.56,-27.744519129049372,-8.980344320525397,2.3710550947431424,-126.7508059851101,50.043091395518154,1.4103784578840513,0.0,-20.0,-14.898054599761961,109.24887275695801,-30.589972661384742
1157,11.57,-27.76797741285614,-8.992455999604234,2.3820219946774372,-127.31139955627759,48.942524693127616,2.8152442828035165,0.0,-20.0,-14.758551120758057,109.24887275695801,-30.623133667814844
1158,11.58,-27.79140430682616,-9.0046164912952,2.3930140032612734,-127.8617422438425,47.875564983416304,4.254288949332767,0.0,-20.0,-14.631743431091309,109.24887275695801,-30.656180486335177
1159,11.59,-27.81479873896518,-9.01682463243985,2.4040319771359746,-128.40233323982602,46.842720471888065,5.726352574139138,0.0,-20.0,-14.519124031066895,109.24887275695801,-30.689106218355942
1160,11.6,-27.838159663552208,-9.029079221316888,2.415076751931506,-128.93346786405797,45.84445986946229,7.230411516984786,0.0,-20.0,-14.421210289001465,109.24887275695801,-30.72190419107426
1161,11.61,-27.861486061985882,-9.041379018614707,2.426149141590235,-129.455261346715,44.88120986059759,8.765553731408522,0.0,-20.0,-14.337527751922607,109.24887275695801,-30.75456796866168
1162,11.620000000000001,-27.884776943608845,-9.05372274843438,2.4372499377082244,-129.96766835722264,43.95335233389207,10.330958776737667,0.0,-20.0,-14.266738891601562,109.24887275695801,-30.78709136293308
1163,11.63,-27.908031346509507,-9.06610909932224,2.4483799088945895,-130.4704992211804,43.06122142505806,11.925881582165312,0.0,-20.0,-14.20708179473877,109.24887275695801,-30.81946844348786
1164,11.64,-27.931248338300545,-9.078536725331281,2.459539800149434,-130.96343355606584,42.205100416363344,13.549639261062532,0.0,-20.0,-14.156718254089354,109.24887275695801,-30.851693547299096
1165,11.65,-27.954427016873467,-9.091004247110439,2.470730332260882,-131.44603189760176,41.38521853264171,15.201600428197326,0.0,-20.0,-14.11428451538086,109.24887275695801,-30.883761287725665
1166,11.66,-27.977566511128693,-9.103510253020938,2.481952201221692,-131.91774576769583,40.601747671184796,16.881176588261113,0.0,-20.0,-14.079108238220215,109.24887275695801,-30.91566656291524
1167,11.67,-28.00066598168047,-9.116053300278736,2.4932060776659517,-132.37792654187592,39.85479910090593,18.587815250991913,0.0,-20.0,-14.051427841186522,109.24887275695801,-30.947404563555153
1168,11.68,-28.023724621536186,-9.128631916122181,2.504492606326302,-132.82583340185982,39.1444201646792,20.320994493636658,0.0,-20.0,-14.032368659973145,109.24887275695801,-30.97897077994436
1169,11.69,-28.046741656749436,-9.141244599003901,2.5158124055121425,-133.2606406021803,38.470591017523205,22.080218740752933,0.0,-20.0,-14.023854732513428,109.24887275695801,-31.010361008356828
1170,11.700000000000001,-28.069716347046374,-9.153889819806013,2.527166066609233,-133.6814442348403,37.83322143211549,23.86501556836872,0.0,-20.0,-14.02843952178955,109.24887275695801,-31.041571356687477
1171,11.71,-28.09264798642479,-9.166566023077602,2.5385541536011,-134.08726864006402,37.2321477018966,25.67493336719702,0.0,-20.0,-14.049122333526611,109.24887275695801,-31.07259824936656
1172,11.72,-28.115535903725522,-9.179271628293547,2.549977202612619,-134.4770725823356,36.66712967069019,27.509539720133773,0.0,-20.0,-14.08926248550415,109.24887275695801,-31.10343843154811
1173,11.73,-28.138379463175603,-9.19200503113363,2.5614357214761463,-134.84975528757852,36.13784791627232,29.368420364366564,0.0,-20.0,-14.152584075927734,109.24887275695801,-31.134088972575096
1174,11.74,-28.161178064902828,-9.204764604780895,2.5729301893205356,-135.20416241847542,35.643901113721874,31.25117861932655,0.0,-20.0,-14.243288040161133,109.24887275695801,-31.16454726872728
1175,11.75,-28.183931145421223,-9.217548701238233,2.5844610561833794,-135.53909204973135,35.18480360266895,33.15743516947823,0.0,-20.0,-14.366226196289062,109.24887275695801,-31.194811045253726
1176,11.76,-28.20663817808709,-9.230355652662109,2.596028742646784,-135.85330069295205,34.75998318080355,35.08682809634089,0.0,-20.0,-14.52695608139038,109.24887275695801,-31.224878357684833
1177,11.77,-28.22929867352521,-9.24318377271234,2.6076336394969855,-136.14550941127877,34.36877914426972,37.03901305781984,0.0,-20.0,-14.731578826904297,109.24887275695801,-31.25474759240898
1178,11.78,-28.25191218002495,-9.25603135791685,2.6192761074080924,-136.41441005659948,34.01044059388669,39.013663515478356,0.0,-20.0,-14.986240863800047,109.24887275695801,-31.284417466495587
1179,11.790000000000001,-28.2744782839058,-9.268896689050292,2.6309564766502165,-136.65867165670795,33.6841250245659,41.010470912283296,0.0,-20.0,-15.296142101287842,109.24887275695801,-31.31388702674635
1180,11.8,-28.296996609852307,-9.281778032525441,2.642675046822247,-136.87694697591223,33.388897213872205,43.02914470504463,0.0,-20.0,-15.664184093475342,109.24887275695801,-31.34315564795957
1181,11.81,-28.319466821217855,-9.294673641796212,2.654432086609471,-137.06787926996506,33.123728424401136,45.069412157698196,0.0,-20.0,-16.089649200439453,109.24887275695801,-31.372223030425904
1182,11.82,-28.341888620297237,-9.307581758771214,2.666227833566227,-137.2301092544896,32.88749593354184,47.131017804136874,0.0,-20.0,-16.56719207763672,109.24887275695801,-31.401089196696454
1183,11.83,-28.364261748567653,-9.320500615236636,2.6780624939237403,-137.36228230502746,32.678982903373296,49.213722492716265,0.0,-20.0,-17.086663246154785,109.24887275695801,-31.429754487695742
1184,11.84,-28.386585986897973,-9.333428434287367,2.689936242423258,-137.46305590616075,32.49687860300507,51.31730192904198,0.0,-20.0,-17.634124755859375,109.24887275695801,-31.45821955826308
1185,11.85,-28.408861155726015,-9.346363431765104,2.701849222174594,-137.53110736658164,32.339778995800074,53.441544639259114,0.0,-20.0,-18.193788528442383,109.24887275695801,-31.486485372195492
1186,11.86,-28.431087115203734,-9.359303817702314,2.7138015445402,-137.56514181629205,32.20618770486092,55.586249282709296,0.0,-20.0,-18.750185966491696,109.24887275695801,-31.5145531968055
1187,11.870000000000001,-28.45326376531024,-9.372247797770862,2.725793289044882,-137.5639005009828,32.09451737200312,57.75122125056924,0.0,-20.0,-19.289984703063965,109.24887275695801,-31.54242459694866
1188,11.88,-28.47539104593255,-9.385193574734114,2.737824503311288,-137.5261693865937,32.00309142806347,59.936268496245766,0.0,-20.0,-19.80242013931274,109.24887275695801,-31.570101428427158
1189,11.89,-28.49746893691637,-9.398139349902463,2.7498952030241615,-137.45078809207317,31.93014631636228,62.14119653381851,0.0,-20.0,-20.0,109.24887275695801,-31.597585825504268
1190,11.9,-28.519497458082977,-9.411083324589985,2.7620053719185647,-137.33665917227796,31.87383419875053,64.36580255237145,0.0,-20.0,-20.0,109.24887275695801,-31.624880190038454
1191,11.91,-28.541476669205416,-9.424023701566577,2.774154961783484,-137.18275766677448,31.83222606053791,66.60986878102878,0.0,-20.0,-20.0,109.24887275695801,-31.651987202364964
1192,11.92,-28.563406669960518,-9.436958686511524,2.7863438925010082,-136.9881409207177,31.80331529866989,68.87315505650648,0.0,-20.0,-20.0,109.24887275695801,-31.67890981207816
1193,11.93,-28.585287599852993,-9.449886489467021,2.798572052116759,-136.7519587083014,31.785021903002356,71.15539051290506,0.0,-20.0,-20.0,109.24887275695801,-31.705651216710272
1194,11.94,-28.607119638103804,-9.462805326287153,2.8108392969320275,-136.47346360281313,31.775197244711926,73.45626446795174,0.0,-20.0,-20.0,109.24887275695801,-31.73221484841066
1195,11.950000000000001,-28.62890300350523,-9.475713420082105,2.823145451620182,-136.15202150676166,31.77162948447965,75.77541661903116,0.0,-20.0,-20.0,109.24887275695801,-31.758604363141725
1196,11.96,-28.65063795424345,-9.48860900265642,2.835490309368161,-135.78712224013256,31.772049624561056,78.11242667609743,0.0,-20.0,-20.0,109.24887275695801,-31.784823630559792
1197,11.97,-28.67232478768921,-9.501490315940117,2.8478736320433917,-135.37839006308815,31.774138233740985,80.46680358089569,0.0,-20.0,-20.0,109.24887275695801,-31.810876723650015
1198,11.98,-28.69396384015682,-9.514355613411528,2.860295150386174,-134.9255939826127,31.775532873087496,82.83797449090561,0.0,-20.0,-20.0,109.24887275695801,-31.836767907779976
1199,11.99,-28.715555486631825,-9.527203161510757,2.872754564227392,-134.42865766281625,31.77383624454574,85.22527373894228,0.0,-20.0,-20.0,109.24887275695801,-31.862501629150362
1200,12.0,-28.73710014046743,-9.540031241042614,2.8852515427313534,-133.88766872809416,31.76662507465322,87.62793201240933,0.0,-20.0,-20.0,109.24887275695801,-31.888082502744712
1201,12.01,-28.758598253049936,-9.552838148567961,2.897785724663505,-133.30288721934764,31.751459732550355,90.04506602709333,0.0,-20.0,-20.0,109.24887275695801,-31.913515299900546
1202,12.02,-28.780050313433435,-9.565622197782263,2.910356718682787,-132.6747529382701,31.7258945652797,92.47566899668075,0.0,-20.0,-20.0,109.24887275695801,-31.938804935606186
1203,12.030000000000001,-28.80145684794404,-9.578381720880314,2.9229641036583573,-132.00389139562427,31.687488914316507,94.91860221853713,0.0,-20.0,-20.0,109.24887275695801,-31.963956455602656
1204,12.040000000000001,-28.822818419753904,-9.591115069905992,2.9356074290104317,-131.29111806885243,31.633818755665498,97.3725881063994,0.0,-20.0,-20.0,109.24887275695801,-31.98897502334505
1205,12.05,-28.84413562842549,-9.603820618085932,2.948286215074946,-130.53744067459556,31.562488882164633,99.8362049993018,0.0,-20.0,-20.0,109.24887275695801,-32.013865906867224
1206,12.06,-28.86540910940973,-9.61649676114616,2.9609999534712426,-129.7440591336127,31.471145372210504,102.30788419528204,0.0,-18.526294231414795,-20.0,109.24887275695801,-32.03863450484146
1207,12.07,-28.88663953351505,-9.629141918616124,2.973748107498096,-128.91236282035274,31.357488030920297,104.78590967238759,0.0,-15.469253063201904,-19.530954360961914,109.24887275695801,-32.063286372717464
1208,12.08,-28.907827606413434,-9.64175453510591,2.986530112628551,-128.04392531463017,31.219283442657574,107.26841991516052,0.0,-11.952455043792725,-18.754301071166992,109.24887275695801,-32.08782708637917
1209,12.09,-28.9289740680242,-9.654333081553188,2.9993453768993446,-127.1404963754476,31.054377817057716,109.7534126146748,0.0,-7.9204320907592765,-17.8005051612854,109.24887275695801,-32.11226234530803
1210,12.1,-28.950079691834766,-9.66687605647465,3.0121932813045293,-126.20399026955505,30.860708326684247,112.2387533923231,0.0,-3.3749109506607056,-16.74647331237793,109.24887275695801,-32.13659815882682
1211,12.11,-28.971145284206052,-9.679381987238317,3.0250731802830915,-125.23647140238043,30.63631388069069,114.72218728574585,0.0,1.61870539188385,-15.703961849212645,109.24887275695801,-32.16084091432888
1212,12.120000000000001,-28.992171686085367,-9.691849430812232,3.037984404678464,-124.24013766413128,30.379349706553278,117.20134931866296,0.0,6.9476765394210815,-14.773154258728026,109.24887275695801,-32.184992128119944
1213,12.13,-29.01315976502982,-9.704276976484307,3.0509262549593696,-123.217308457908,30.088115740728732,119.67376633813461,0.0,12.485363483428955,-14.00515079498291,109.24887275695801,-32.2090643217108
1214,12.14,-29.034110426883508,-9.716663243968437,3.063898013707211,-122.17039902358476,29.761053884444532,122.13688743467819,0.0,18.12656879425049,-13.396787643432617,109.24887275695801,-32.233054514710986
1215,12.15,-29.05502460188972,-9.729006887749026,3.076898933550426,-121.10188918825732,29.39674326426727,124.58811394813145,0.0,20.0,-12.910411357879639,109.24887275695801,-32.256972528454845
1216,12.16,-29.075903251826386,-9.741306596361367,3.089928245473356,-120.01430207872332,28.99391586442037,127.02481400415944,0.0,20.0,-12.493624687194824,109.24887275695801,-32.280823779498
1217,12.17,-29.096747367161,-9.75356109395213,3.1029851574713696,-118.9101785428188,28.55146315398957,129.44434444602663,0.0,20.0,-12.0894718170166,109.24887275695801,-32.30461371978361
1218,12.18,-29.117557966213944,-9.765769141310585,3.116068855162076,-117.79205028223157,28.06843898961429,131.84407445102883,0.0,20.0,-11.636948585510254,109.24887275695801,-32.328347885350716
1219,12.19,-29.138336094421188,-9.777929536824967,3.129178502495592,-116.66241346954297,27.544061478460353,134.22140835682944,0.0,20.0,-11.067407131195068,109.24887275695801,-32.35203174092351
1220,12.200000000000001,-29.15908282352011,-9.790041117434571,3.142313242435621,-115.52370330238519,26.97771343201334,136.57380751682615,0.0,20.0,-10.30102252960205,109.24887275695801,-32.375670633773964
1221,12.21,-29.17979925067185,-9.802102759578066,3.1554721976482143,-114.37826990711899,26.36894114383149,138.89881082711716,0.0,20.0,-9.248232245445251,109.24887275695801,-32.39926979998689
1222,12.22,-29.200486497571642,-9.814113380103231,3.168654471208839,-113.22835605609355,25.71745151257399,141.19405346509646,0.0,20.0,-7.824200987815857,109.24887275695801,-32.42283435981735
1223,12.23,-29.22114570949896,-9.826071937166073,3.1818591473299045,-112.07607708876044,25.02310754604775,143.45728347725193,0.0,20.0,-5.982622504234314,109.24887275695801,-32.44636935108373
1224,12.24,-29.241778054410705,-9.837977431067543,3.1950852921142086,-110.92340337632706,24.285922441296155,145.6863757534857,0.0,20.0,-3.7591785192489624,109.24887275695801,-32.46987968175665
1225,12.25,-29.262384722069093,-9.849828905017814,3.2083319542995463,-109.77214564998968,23.506053006869706,147.8793429479554,0.0,20.0,-1.2905545532703397,109.24887275695801,-32.49337005246504
1226,12.26,-29.282966923196014,-9.86162544584513,3.221598165948849,-108.62394327754618,22.683792526816767,150.03434332768697,0.0,20.0,1.2255863845348358,109.24887275695801,-32.51684492389406
1227,12.27,-29.30352588812052,-9.873366184977323,3.234882943377689,-107.48025528874872,21.819562543117584,152.14968611936308,0.0,20.0,3.610826134681701,109.24887275695801,-32.540308823741
1228,12.280000000000001,-29.324062866265226,-9.885050298787522,3.2481852877125004,-106.34235379393928,20.91390224810251,154.2238348454332,0.0,20.0,5.766363739967346,109.24887275695801,-32.56376591040875
1229,12.290000000000001,-29.344579124297205,-9.896677009820678,3.2615041860923357,-105.21132052871641,19.967458489861205,156.25540665416813,0.0,20.0,7.684105038642882,109.24887275695801,-32.587220539474416
1230,12.3,-29.365075945926417,-9.908245586908922,3.2748386121660453,-104.08804584491533,18.980976491381455,158.24316914526122,0.0,20.0,9.431708455085754,109.24887275695801,-32.61067672379673
1231,12.31,-29.385554630609732,-9.919755345927715,3.2881875270170737,-102.97322978260354,17.95529044273644,160.1860350326771,0.0,20.0,11.136701107025146,109.24887275695801,-32.634138299052964
1232,12.32,-29.406016492489027,-9.931205650353364,3.301549880004811,-101.86738496147598,16.891314173131917,162.0830548089521,0.0,20.0,12.968358993530272,109.24887275695801,-32.657608927320766
1233,12.33,-29.426462859316377,-9.94259591178277,3.314924609621201,-100.77084098218339,15.79003211632302,163.93340767206934,0.0,20.0,15.100798606872557,109.24887275695801,-32.68109209506373
1234,12.34,-29.446895071380506,-9.95392559040757,3.328310644348161,-99.68375001155977,14.652490729910838,165.73639100095326,0.0,20.0,17.657511234283447,109.24887275695801,-32.704591110156954
1235,12.35,-29.467314480432048,-9.965194195447168,3.341706903515153,-98.6060932343802,13.47979047041301,167.49140865838933,0.0,20.0,20.0,109.24887275695801,-32.72810909890752
1236,12.36,-29.487722448619174,-9.976401285538511,3.3551122981454906,-97.5376878630276,12.27307836918264,169.19795839288471,0.0,20.0,20.0,109.24887275695801,-32.75164900790125
1237,12.370000000000001,-29.50812034736709,-9.987546469101229,3.36852573186344,-96.47819434127216,11.033541327319776,170.85561866175595,0.0,20.0,20.0,109.24887275695801,-32.775213605974535
1238,12.38,-29.52850955619731,-9.998629404678807,3.3819461018473107,-95.42712357109457,9.762400324706878,172.4640349650269,0.0,20.0,20.0,109.24887275695801,-32.79880545579509
1239,12.39,-29.548891461656826,-10.009649801191975,3.3953722996768514,-94.38384394068046,8.46090535451724,174.02290589638608,0.0,20.0,20.0,109.24887275695801,-32.82242692400473
1240,12.4,-29.569267456206916,-10.020607418170389,3.4088032122129577,-93.34758789617575,7.13033102311071,175.53196911801507,0.0,20.0,20.0,109.24887275695801,-32.84608019418521
1241,12.41,-29.589638937098467,-10.031502065947732,3.422237722493752,-92.31745789136602,5.771972875645275,176.9909873434306,0.0,20.0,20.0,109.24887275695801,-32.86976727246966
1242,12.42,-29.610007305240785,-10.042333605816673,3.4356747106401833,-91.29243157425832,4.387144496374459,178.3997343936372,0.0,20.0,20.0,109.24887275695801,-32.89348998771413
1243,12.43,-29.630373964146496,-10.053101950136085,3.449113054398669,-90.27136622897986,2.977174867484444,179.75798134398582,0.0,20.0,20.0,109.24887275695801,-32.91725033268712
1244,12.44,-29.650740318461292,-10.063807062437224,3.4625516315423757,-89.2530016448254,1.5434067622330154,-178.93451709759356,0.0,20.0,20.0,109.24887275695801,-32.94104910926161
1245,12.450000000000001,-29.671107773340527,-10.074448957384355,3.4759893185250936,-88.23596277408033,0.08719964818846462,-177.67803620410302,0.0,20.0,20.0,109.24887275695801,-32.9648879159501
1246,12.46,-29.69147773295654,-10.085027700819303,3.489424992927435,-87.21876092741144,-1.39007344059764,-176.47289459920293,0.0,20.0,20.0,109.24887275695801,-32.988767859038845
1247,12.47,-29.711851599486163,-10.095543409697557,3.502857533884894,-86.19979350467446,-2.88702504780101,-175.3194675969603,0.0,20.0,20.0,109.24887275695801,-33.012689936514896
1248,12.48,-29.732230771931487,-10.105996251989625,3.516285823106041,-85.1773427275389,-4.402251323165927,-174.21820056888845,0.0,20.0,20.0,109.24887275695801,-33.03665495213911
1249,12.49,-29.752616644994536,-10.116386446543144,3.5297087457580063,-84.14957309813047,-5.934329542351378,-173.1696223478214,0.0,20.0,20.0,109.24887275695801,-33.060663538494055
1250,12.5,-29.773010607953736,-10.126714262905521,3.5431251913584183,-83.11452755956212,-7.48181500194383,-172.17435875827778,0.0,20.0,20.0,109.24887275695801,-33.08471617068352
1251,12.51,-29.79341404354233,-10.136980021106195,3.5565340546692834,-82.07012233870257,-9.04323721667588,-171.23314636144164,0.0,20.0,20.0,109.24887275695801,-33.1088131759105
1252,12.52,-29.81382832683033,-10.147184091398097,3.569934236589801,-81.0141404572963,-10.617095363510971,-170.34684650017493,0.0,20.0,20.0,109.24887275695801,-33.13295474107193
1253,12.530000000000001,-29.834254824111778,-10.157326893958318,3.5833246450457636,-79.94422390537208,-12.201852922804163,-169.5164597238117,0.0,20.0,20.0,109.24887275695801,-33.15714091958989
1254,12.540000000000001,-29.854694891798705,-10.167408898548183,3.5967041958738393,-78.85786448194126,-13.795931465379397,-168.74314066238,0.0,20.0,20.0,109.24887275695801,-33.18137163820176
1255,12.55,-29.87514987532301,-10.177430624133095,3.6100718136994896,-77.75239332406176,-15.397703528235278,-168.02821340348535,0.0,20.0,20.0,109.24887275695801,-33.20564670404084
1256,12.56,-29.895621108047347,-10.187392638462486,3.6234264328076415,-76.62496916873604,-17.005484512502683,-167.37318740013123,0.0,20.0,20.0,109.24887275695801,-33.22996581210017
1257,12.57,-29.916109910185806,-10.197295557610294,3.6367669980053834,-75.47256542571864,-18.617523526929585,-166.7797739015529,0.0,20.0,20.0,109.24887275695801,-33.2543285530506
1258,12.58,-29.93661758773541,-10.207140045476336,3.650092465476027,-74.29195618676827,-20.23199308989642,-166.2499028483123,0.0,20.0,20.0,109.24887275695801,-33.278734421355836
1259,12.59,-29.95714543141911,-10.216926813248982,3.6634018036239007,-73.07970136278206,-21.846977593915476,-165.78574010309654,0.0,20.0,20.0,109.24887275695801,-33.30318282362202
1260,12.6,-29.977694715641206,-10.226656618829587,3.6766939939092182,-71.8321312303503,-23.460460429907037,-165.38970479432933,0.0,20.0,20.0,109.24887275695801,-33.327673087134265
1261,12.61,-29.998266697455993,-10.236330266219126,3.6899680316723744,-70.54533079072074,-25.070309665736815,-165.0644864238632,0.0,20.0,20.0,109.24887275695801,-33.35220446854157
1262,12.620000000000001,-30.018862615550404,-10.245948604867504,3.7032229269470087,-69.21512450570194,-26.674262176509806,-164.81306122404916,0.0,20.0,20.0,109.24887275695801,-33.37677616265625
1263,12.63,-30.03948368924158,-10.255512528986108,3.71645770526118,-67.83706218710574,-28.269906135695045,-164.63870703304315,0.0,20.0,20.0,109.24887275695801,-33.40138731133696
1264,12.64,-30.06013111749007,-10.265022976824113,3.7296714084260048,-66.40640709100694,-29.854661800033096,-164.5450156782983,0.0,20.0,20.0,109.24887275695801,-33.42603701242511
1265,12.65,-30.08080607792949,-10.27448092990917,3.7428630953111224,-64.9181276186969,-31.425760562353176,-164.53590150355055,0.0,20.0,20.0,109.24887275695801,-33.45072432870506
1266,12.66,-30.101509725913505,-10.283887412253046,3.7560318426063537,-63.36689446630511,-32.98022231140039,-164.61560423068545,0.0,20.0,20.0,109.24887275695801,-33.47544829685443
1267,12.67,-30.122243193580758,-10.293243489522887,3.769176745568938,-61.74708560657123,-34.514831234876,-164.78868380279147,0.0,20.0,20.0,109.24887275695801,-33.500207936360646
1268,12.68,-30.14300758893865,-10.302550268178774,3.7822969187557436,-60.05280213604998,-36.02611034138155,-165.06000420158597,0.0,20.0,20.0,109.24887275695801,-33.52500225836102
1269,12.69,-30.16380399496663,-10.311808894578265,3.795391496739861,-58.27789877547528,-37.51029517099789,-165.4347024748981,0.0,20.0,20.0,109.24887275695801,-33.54983027439172
1270,12.700000000000001,-30.18463346873973,-10.321020554048642,3.808459634810994,-56.41603364748667,-38.96330742639657,-165.91813837061244,0.0,20.0,20.0,109.24887275695801,-33.5746910049989
1271,12.71,-30.20549704057306,-10.330186469927627,3.821500509659087,-54.460742820765724,-40.38072960039301,-166.51581910607538,0.0,20.0,20.0,109.24887275695801,-33.599583488195876
1272,12.72,-30.226395713187998,-10.339307902573323,3.834513320040629,-52.40554590184034,-41.75778211316904,-167.2332930074388,0.0,20.0,20.0,109.24887275695801,-33.62450678773051
1273,12.73,-30.24733046090066,-10.348386148344213,3.847497287427106,-50.24408950736487,-43.08930500786481,-168.0760051997635,0.0,20.0,20.0,109.24887275695801,-33.64946000113501
1274,12.74,-30.2683022288334,-10.357422538550013,3.860451656635063,-47.97033550492336,-44.36974687866875,-169.04910847157143,0.0,20.0,20.0,109.24887275695801,-33.67444226753253
1275,12.75,-30.289311932149914,-10.366418438374232,3.8733756964372765,-45.57880011129622,-45.59316439016793,-170.15722323494307,0.0,20.0,20.0,109.24887275695801,-33.69945277517381
1276,12.76,-30.310360455314605,-10.37537524576934,3.8862687001545386,-43.06484782635556,-46.75323642536868,-171.40414261150013,0.0,20.0,20.0,109.24887275695801,-33.72449076867609
1277,12.77,-30.331448651376768,-10.384294390325381,3.8991299862275737,-40.42504024161361,-47.8432974600599,-172.7924826123823,0.0,20.0,20.0,109.24887275695801,-33.74955555594089
1278,12.780000000000001,-30.352577341280224,-10.393177332113034,3.9119588987686256,-37.65753352026547,-48.856395033567075,-174.32328362128573,0.0,20.0,20.0,109.24887275695801,-33.77464651472865
1279,12.790000000000001,-30.373747313198937,-10.402025560501938,3.9247548080922705,-34.76250955335151,-49.78537594405441,-175.99557818074356,0.0,20.0,20.0,109.24887275695801,-33.79976309886423
1280,12.8,-30.394959321899126,-10.410840592955372,3.93751711122502,-31.74261470942146,-50.62300477783572,-177.8059511680869,0.0,20.0,20.0,109.24887275695801,-33.824904844053826
1281,12.81,-30.41621408812844,-10.419623973802153,3.9502452323933124,-28.60336779275827,-51.36211633989975,-179.74813074896636,0.0,20.0,20.0,109.24887275695801,-33.85007137329432
1282,12.82,-30.43751229803267,-10.428377272986811,3.9629386234894843,-25.353487469639273,-51.99580034587538,178.18734014890242,0.0,20.0,20.0,109.24887275695801,-33.87526240185414
1283,12.83,-30.458854602600407,-10.437102084799031,3.9755967645153585,-22.005082251993798,-52.51761244722276,176.01329492970555,0.0,20.0,20.0,109.24887275695801,-33.90047774180945
1284,12.84,-30.480241617136254,-10.445800026583388,3.988219164003075,-18.57364696283345,-52.92180071413425,173.74594091481444,0.0,20.0,20.0,109.24887275695801,-33.925717306119886
1285,12.85,-30.501673920762805,-10.454472737430429,4.000805359412843,-15.077821734092517,-53.20353190713935,171.4046194698432,0.0,20.0,20.0,109.24887275695801,-33.95098111222829
1286,12.86,-30.523152055951993,-10.463121876850156,4.01335491750727,-11.5388941884002,-53.35909834795716,169.01130932536952,0.0,20.0,20.0,109.24887275695801,-33.97626928517425
1287,12.870000000000001,-30.544676528086057,-10.47174912342897,4.0258674347019845,-7.9800601691506765,-53.38608512054914,166.58988845655844,0.0,20.0,20.0,109.24887275695801,-34.00158206020662
1288,12.88,-30.56624780504853,-10.4803561734712,4.038342537392258,-4.425496852722721,-53.283479517888665,164.16520835688698,0.0,20.0,20.0,109.24887275695801,-34.02691978488653
1289,12.89,-30.587866316845584,-10.488944739626278,4.0507798822553625,-0.8993352029783526,-53.051710188862764,161.76206766789795,0.0,20.0,20.0,109.24887275695801,-34.052282920675445
1290,12.9,-30.60953245525803,-10.497516549502677,4.063179156528426,2.5753624638241197,-52.69261150108465,159.40419093534723,0.0,20.0,20.0,109.24887275695801,-34.077672043997026
1291,12.91,-30.631246573524237,-10.506073344269769,4.075540078261543,5.977515008806019,-52.2093176184426,157.11331728929346,0.0,20.0,20.0,109.24887275695801,-34.1030878467728
1292,12.92,-30.65300898605427,-10.514616877248685,4.08786239654597,9.288740766057485,-51.606098804784644,154.90848338007544,0.0,20.0,20.0,109.24887275695801,-34.12853113642443
1293,12.93,-30.67481996817543,-10.523148912493346,4.100145891717177,12.493831315140401,-50.88815793007358,152.80555086256803,0.0,20.0,20.0,109.24887275695801,-34.154002835344926
1294,12.94,-30.696679755909418,-10.531671223362817,4.112390375532625,15.580968920472403,-50.06140727532714,150.81699024266607,0.0,20.0,20.0,109.24887275695801,-34.1795039798358
1295,12.950000000000001,-30.718588545781348,-10.54018559108612,4.124595691324114,18.54170980148164,-49.13224462620123,148.95189892646636,0.0,20.0,20.0,109.24887275695801,-34.205035718515454
1296,12.96,-30.740546494660684,-10.54869380332068,4.13676171412457,21.37077886262773,-48.10734414597237,147.21620784787703,0.0,20.0,20.0,109.24887275695801,-34.230599310198855
1297,12.97,-30.76255371963428,-10.557197652705572,4.148888350769185,24.065732481141115,-46.993472786278495,145.6130200821132,0.0,20.0,20.0,109.24887275695801,-34.25619612125775
1298,12.98,-30.784610297917983,-10.565698935412241,4.160975539978887,26.626545794023606,-45.797338152228804,144.1430250319592,0.0,20.0,19.23210620880127,109.24887275695801,-34.28182760690286
1299,12.99,-30.806716266802656,-10.574199449690628,4.173023252420587,29.05517322155993,-44.52546960196341,142.8049395139208,0.0,20.0,17.35703945159912,109.24887275695801,-34.30749528667224
1300,13.0,-30.82887162360274,-10.58270099440619,4.185031490704036,31.355119913671068,-43.18413095128458,141.59593791571126,0.0,20.0,15.551719665527342,109.24887275695801,-34.33320079365306
1301,13.01,-30.851076325640808,-10.591205367583465,4.197000289356703,33.531049103967064,-41.77926107293429,140.5120463286944,0.0,20.0,13.836755752563477,109.24887275695801,-34.35894591508949
1302,13.02,-30.87333029030242,-10.599714364958968,4.208929714820603,35.58843874124699,-40.316438247728094,139.54848756224513,0.0,20.0,12.228407859802246,109.24887275695801,-34.38473253623843
1303,13.030000000000001,-30.895633395109158,-10.608229778532143,4.220819865407121,37.533293159792876,-38.800863588190296,138.69997127124654,0.0,20.0,10.740551948547363,109.24887275695801,-34.410562617108376
1304,13.040000000000001,-30.91798547783383,-10.616753395111507,4.232670871238425,39.37190938110792,-37.237358971065525,137.96092954778507,0.0,20.0,9.38707172870636,109.24887275695801,-34.4364381474452
1305,13.05,-30.940386336593814,-10.625286994872562,4.24448289409541,41.11069379189289,-35.63037570312237,137.32570232869242,0.0,20.0,8.182695508003235,109.24887275695801,-34.462361231391476
1306,13.06,-30.962835730032925,-10.633832349913167,4.256256127310838,42.75602328048774,-33.98401027035752,136.78867832247593,0.0,20.0,7.141435742378235,109.24887275695801,-34.48833403536534
1307,13.07,-30.985333377513594,-10.64239122282381,4.267990795610547,44.3141436181501,-32.30202475419088,136.34439882972762,0.0,20.0,6.272302269935608,109.24887275695801,-34.51435878576552
1308,13.08,-31.00787895935779,-10.650965365255171,4.279687154947738,45.791098231179866,-30.587870124249623,135.98763144594642,0.0,20.0,5.572865605354309,109.24887275695801,-34.54043772886886
1309,13.09,-31.030472117110854,-10.659556516493916,4.291345492299098,47.19268132288692,-28.844710871902247,135.71341965787008,0.0,20.0,5.02200186252594,109.24887275695801,-34.56657311409104
1310,13.1,-31.05311245381113,-10.668166402061274,4.302966125408619,48.524410105100785,-27.07544962624527,135.51711343024672,0.0,20.0,4.573917984962463,109.24887275695801,-34.59276723544514
1311,13.11,-31.07579953432028,-10.676796732311937,4.314549402539263,49.79151150295586,-25.282751079642207,135.39438548302817,0.0,20.0,4.156628251075745,109.24887275695801,-34.6190224038959
1312,13.120000000000001,-31.098532885685934,-10.68544920104221,4.326095702198269,50.99891958537529,-23.469064825484928,135.34123707553707,0.0,20.0,3.67920458316803,109.24887275695801,-34.645340919726934
1313,13.13,-31.121311997500683,-10.694125484135023,4.337605432808428,52.15128079803702,-21.63664681903586,135.35399623642175,0.0,20.0,3.0500608682632446,109.24887275695801,-34.67172511539761
1314,13.14,-31.14413632232889,-10.702827238195876,4.349079032390233,53.25296470637919,-19.7875793147413,135.4293107466978,0.0,20.0,2.2026853263378143,109.24887275695801,-34.69817731416713
1315,13.15,-31.16700527613035,-10.711556099227534,4.3605169681936635,54.308078507813306,-17.92378903888943,135.5641375538124,0.0,20.0,1.117902249097824,109.24887275695801,-34.72469985761656
1316,13.16,-31.189918238753535,-10.720313681289717,4.371919736335478,55.32048388697454,-16.047063852874324,135.75573019869873,0.0,20.0,-0.17168954014778137,109.24887275695801,-34.7512950535748
1317,13.17,-31.212874554384275,-10.729101575252649,4.383287861395452,56.293815329627066,-14.159067683113413,136.0016249812746,0.0,20.0,-1.5999646484851837,109.24887275695801,-34.777965242849426
1318,13.18,-31.235873532098346,-10.737921347469866,4.394621895951727,57.2314989189577,-12.261354799180861,136.29962760697333,0.0,20.0,-3.09581458568573,109.24887275695801,-34.804712764253715
1319,13.19,-31.25891444660031,-10.746774538354824,4.405922420265928,58.13677145389822,-10.35538317749073,136.647800003824,0.0,20.0,-4.601249098777771,109.24887275695801,-34.83153967336295
1320,13.200000000000001,-31.281996538595312,-10.755662661333133,4.417190041679428,59.0126995845026,-8.442526017983052,137.0444472059805,0.0,20.0,-6.07071578502655,109.24887275695801,-34.858448063098024
1321,13.21,-31.305119015440624,-10.764587201585643,4.428425394157451,59.86219857091708,-6.52408202194119,137.4881051754322,0.0,20.0,-7.460853457450866,109.24887275695801,-34.88543998892092
1322,13.22,-31.32828105180495,-10.773549614828049,4.439629137784521,60.68805053473791,-4.6012849241982305,137.97752984634323,0.0,20.0,-8.725008368492126,109.24887275695801,-34.91251743035836
1323,13.23,-31.351481790342756,-10.782551326126292,4.450801958232407,61.49292218371199,-2.675312316207794,138.51168744286235,0.0,20.0,-9.817859530448914,109.24887275695801,-34.93968227197932
1324,13.24,-31.37472034239101,-10.791593728739992,4.461944566204853,62.2793820232505,-0.7472938063461293,139.08974610602166,0.0,20.0,-10.705873966217041,109.24887275695801,-34.96693629142249
1325,13.25,-31.397995788689137,-10.800678182993398,4.473057696860601,63.049917094684936,1.181681424398349,139.71106885584103,0.0,20.0,-11.375741958618164,109.24887275695801,-34.99428115147287
1326,13.26,-31.421307180122675,-10.809806015174201,4.484142109216412,63.806949302687855,3.1105575992307273,140.3752079109998,0.0,20.0,-11.837224960327148,109.24887275695801,-35.0217183936202
1327,13.27,-31.44465353849069,-10.818978516460769,4.4951985855313925,64.55285141395436,5.038305772038986,141.08190038697927,0.0,20.0,-12.120597362518309,109.24887275695801,-35.04924943138726
1328,13.280000000000001,-31.468033857296792,-10.828196941878192,4.50622793067341,65.28996282589858,6.9639176165690335,141.83106539255692,0.0,20.0,-12.271246910095215,109.24887275695801,-35.07687554273906
1329,13.290000000000001,-31.491447102563203,-10.837462509283686,4.517230971467936,66.02060521730601,8.886399493362429,142.62280254397558,0.0,20.0,-12.342684268951416,109.24887275695801,-35.104597861685235
1330,13.3,-31.514892213667252,-10.846776398381897,4.528208556029471,66.74709820265336,10.80476671506876,143.45739191707912,0.0,20.0,-12.388913631439209,109.24887275695801,-35.13241736956779
1331,13.31,-31.5383681041995,-10.856139749770863,4.539161553075861,67.47177511880575,12.718037936498412,144.33529546103847,0.0,20.0,-12.456471920013428,109.24887275695801,-35.16033488650134
1332,13.32,-31.561873662842643,-10.865553664019489,4.5500908512259155,68.19699907782845,14.625229599725392,145.2571599029463,0.0,20.0,-12.577459812164307,109.24887275695801,-35.18835106325148
1333,13.33,-31.585407754270516,-10.87501920077725,4.560997358280865,68.92517942324974,16.52535036619254,146.22382117969116,0.0,20.0,-12.764863967895508,109.24887275695801,-35.21646637366339
1334,13.34,-31.608969220066477,-10.884537377916853,4.571882000490194,69.65878872935222,18.417395467486138,147.23631044093273,0.0,20.0,-13.011932373046875,109.24887275695801,-35.24468110764926
1335,13.35,-31.63255687966057,-10.894109170710449,4.582745721802387,70.40038048358053,20.30034090478993,148.2958616734106,0.0,20.0,-13.295984268188477,109.24887275695801,-35.27299536472494
1336,13.36,-31.6561695312849,-10.903735511040066,4.593589483101058,71.15260759013378,22.173137424560093,149.40392100087783,0.0,20.0,-13.586871623992918,109.24887275695801,-35.30140904811501
1337,13.370000000000001,-31.67980595294646,-10.913417286642906,4.604414261426999,71.9182418270471,24.034704195023558,150.5621577141793,0.0,20.0,-13.85979413986206,109.24887275695801,-35.32992185949525
1338,13.38,-31.703464903416634,-10.923155340392222,4.615221049186667,72.70019437782047,25.88392210485527,151.77247708057544,0.0,20.0,-14.110760688781737,109.24887275695801,-35.358533294474825
1339,13.39,-31.72714512323652,-10.932950469614513,4.6260108533478315,73.50153753959177,27.719626601397664,153.0370349680945,0.0,20.0,-14.36887741088867,109.24887275695801,-35.387242638844384
1340,13.4,-31.750845335736898,-10.942803425443863,4.636784694623374,74.32552767992617,29.540599980079463,154.35825429653798,0.0,20.0,-14.695439338684082,109.24887275695801,-35.41604896540354
1341,13.41,-31.774564248071727,-10.952714912214164,4.6475436066445805,75.17562946947487,31.345563028627602,155.7388432876185,0.0,20.0,-15.163557529449463,109.24887275695801,-35.44495113091642
1342,13.42,-31.798300552264056,-10.962685586889775,4.658288635125204,76.05554135232494,33.13316592068805,157.1818154263891,0.0,20.0,-15.826399326324461,109.24887275695801,-35.4739477727486
1343,13.43,-31.82205292626359,-10.972716058534756,4.669020837017026,76.96922212147128,34.90197824772166,158.69051095571126,0.0,20.0,-16.69526100158691,109.24887275695801,-35.50303730518903
1344,13.44,-31.845820035015592,-10.982806887820612,4.679741279656698,77.92091833205153,36.65047807983815,160.26861959357436,0.0,20.0,-17.74024486541748,109.24887275695801,-35.53221791608313
1345,13.450000000000001,-31.869600531540815,-10.992958586572552,4.69045103990345,78.91519209581973,38.377039956197265,161.92020397644345,0.0,20.0,-18.904339075088497,109.24887275695801,-35.56148756458785
1346,13.46,-31.89339305802531,-11.003171617355017,4.70115120326942,79.95694853926643,40.079921715568105,163.64972307442758,0.0,20.0,-20.0,109.24887275695801,-35.590843978764916
1347,13.47,-31.917196246907626,-11.013446393097817,4.7118428630374884,81.05146186076195,41.75725017089154,165.4620544591159,0.0,18.91658067703247,-20.0,109.24887275695801,-35.620284669167454
1348,13.48,-31.94100872197378,-11.023783276760154,4.722527119346719,82.20439844289996,43.40700585872174,167.3625138634823,0.0,16.46574020385742,-20.0,109.24887275695801,-35.64980698259654
1349,13.49,-31.964829098539834,-11.034182580708343,4.733205073514406,83.42183466611218,45.02701642238815,169.3568687809449,0.0,13.817451000213623,-20.0,109.24887275695801,-35.67941476233117
1350,13.5,-31.988655989803753,-11.044644567970428,4.74387784983796,84.71026745600666,46.61490943184063,171.45134965280064,0.0,10.9427809715271,-20.0,109.24887275695801,-35.709085971996096
1351,13.51,-32.012487996876246,-11.05516944929173,4.754546552251739,86.07661228034786,48.1681196752714,173.6526397295023,0.0,7.841109633445739,-20.0,109.24887275695801,-35.73883442746459
1352,13.52,-32.036323721288,-11.065757385383582,4.765212302825194,87.52818483618957,49.68386320116595,175.96785686347928,0.0,4.525770545005798,-20.0,109.24887275695801,-35.768651640618
1353,13.530000000000001,-32.06016176038062,-11.076408485743299,4.775876222354051,89.07265728858478,51.15912345244976,178.40450646790342,0.0,1.017867922782898,-20.0,109.24887275695801,-35.79853434567293
1354,13.540000000000001,-32.08400070971038,-11.087122808753797,4.786539433480339,90.71798410300933,52.59063157517528,-179.02959454116348,0.0,-2.65860378742218,-20.0,109.24887275695801,-35.82847861881027
1355,13.55,-32.10783916509499,-11.097900361652169,4.797203060046454,92.47228518015254,53.9748346427827,-176.3264368238435,0.0,-6.47745668888092,-20.0,109.24887275695801,-35.85847849845919
1356,13.56,-32.13167572191654,-11.108741100484083,4.8078682251395035,94.34367545600327,55.30789531580815,-173.47799335116406,0.0,-10.409042835235596,-20.0,109.24887275695801,-35.88852924736179
1357,13.57,-32.15550897657522,-11.11964493017769,4.818536049917679,96.34002732038469,56.585697103783865,-170.47645858675588,0.0,-14.418694972991943,-20.0,109.24887275695801,-35.91862724851093
1358,13.58,-32.17933752847143,-11.130611704589045,4.829207653777909,98.46865522621613,57.803852257173084,-167.31456558182168,0.0,-18.46646785736084,-20.0,109.24887275695801,-35.94876792646983
1359,13.59,-32.20315998096822,-11.141641226639193,4.839884153150563,100.73591133106287,58.95772291353989,-163.9859926030414,0.0,-20.0,-20.0,109.24887275695801,-35.97894627521473
1360,13.6,-32.22697494247352,-11.152733248478336,4.850566660544349,103.14668701721048,60.042463412410996,-160.48586403770705,0.0,-20.0,-20.0,109.24887275695801,-36.009156952076594
1361,13.61,-32.25078102736851,-11.163887471676258,4.861256283565223,105.70382638539512,61.05309031926291,-156.8113392693096,0.0,-20.0,-20.0,109.24887275695801,-36.03939458669428
1362,13.620000000000001,-32.27457685711997,-11.175103547454976,4.871954124035265,108.4074727860403,61.984583276261674,-152.96226829310308,0.0,-20.0,-20.0,109.24887275695801,-36.0696537968075
1363,13.63,-32.2983610614832,-11.186381076972648,4.882661277136889,111.25438964257297,62.832018569064616,-148.9418730223664,0.0,-20.0,-20.0,109.24887275695801,-36.09992906524488
1364,13.64,-32.322132279637444,-11.197719611650093,4.893378830526368,114.2373212509106,63.59073631670373,-144.75738868964407,0.0,-20.0,-20.0,109.24887275695801,-36.130214721379794
1365,13.65,-32.34588916129069,-11.209118653536537,4.9041078634486235,117.34448261909941,64.25653783248904,-140.420576258824,0.0,-20.0,-20.0,109.24887275695801,-36.16050495288736
1366,13.66,-32.36963036776826,-11.220577655713747,4.914849445860997,120.55928243245755,64.82590378184996,-135.9480017505195,0.0,-20.0,-20.0,109.24887275695801,-36.19079382396791
1367,13.67,-32.393354573090946,-11.232096022738773,4.9256046375665195,123.86038099787359,65.29621742782966,-131.36098062356,0.0,-20.0,-20.0,109.24887275695801,-36.221075292948385
1368,13.68,-32.41706046504418,-11.243673111125473,4.936374487356244,127.22215798391824,65.66597182053187,-126.68511239682964,0.0,-20.0,-19.99774694442749,109.24887275695801,-36.2513432281182
1369,13.69,-32.440746746233664,-11.255308229862123,4.947160032164159,130.61561105934226,65.93493697187918,-121.9493844158674,0.0,-20.0,-19.555959701538086,109.24887275695801,-36.28159141960434
1370,13.700000000000001,-32.46441213513446,-11.26700064097015,4.9579622962293355,134.00963373508287,66.10426440212741,-117.18489644910636,0.0,-20.0,-18.990051746368408,109.24887275695801,-36.3118135965982
1371,13.71,-32.488055367139516,-11.278749560107261,4.968782290256976,137.37254606412165,66.17651265893883,-112.42333247023954,0.0,-20.0,-18.283820152282715,109.24887275695801,-36.34200343741911
1372,13.72,-32.511675195577205,-11.29055415720018,4.979621010604668,140.67369750392197,66.15558762851573,-107.69536032519123,0.0,-20.0,-17.431526184082028,109.24887275695801,-36.37215458318923
1373,13.73,-32.535270392718644,-11.302413557115804,4.990479438476637,143.88494513433648,66.04660345233293,-103.02915608046037,0.0,-20.0,-16.44001007080078,109.24887275695801,-36.402260652117974
1374,13.74,-32.558839750770936,-11.314326840369356,5.00135853912967,146.98183811265685,65.85568070397632,-98.44922216787674,0.0,-20.0,-15.329375267028809,109.24887275695801,-36.43231525332947
1375,13.75,-32.58238208285471,-11.326293043868736,5.01225926109169,149.94440125909657,65.58970558219328,-93.9756064272839,0.0,-20.0,-14.131982326507568,109.24887275695801,-36.46231200060662
1376,13.76,-32.60589622396479,-11.33831116169424,5.023182535393819,152.7574869255937,65.25607595784479,-89.62355288684942,0.0,-20.0,-12.889249324798584,109.24887275695801,-36.49224452625943
1377,13.77,-32.62938103191289,-11.35038014591285,5.034129274816703,155.41073325546122,64.86245749099064,-85.40354616390393,0.0,-20.0,-11.646506786346436,109.24887275695801,-36.522106495131844
1378,13.780000000000001,-32.65283538825249,-11.362498907427817,5.045100373149558,157.89821368456495,64.4165672241699,-81.32166462503066,0.0,-20.0,-10.446648597717285,109.24887275695801,-36.55189162045366
1379,13.790000000000001,-32.67625819918286,-11.374666316856691,5.056096704472944,160.21788229688318,63.925995007462646,-77.38013768172878,0.0,-20.0,-9.323963522911072,109.24887275695801,-36.581593671144525
1380,13.8,-32.699648396427406,-11.386881205438186,5.067119122456306,162.37091634887256,63.3980665064884,-73.57800588652898,0.0,-20.0,-8.300115466117859,109.24887275695801,-36.61120648770027
1381,13.81,-32.72300493811022,-11.399142365992654,5.078168459652107,164.36103923201284,62.839746428751376,-69.91180053916571,0.0,-20.0,-7.3830646276474,109.24887275695801,-36.64072400001676
1382,13.82,-32.74632680959742,-11.411448553902131,5.089245526817371,166.1938828961231,62.2575772717188,-66.37618376267254,0.0,-20.0,-6.569060683250426,109.24887275695801,-36.67014024991397
1383,13.83,-32.76961302431028,-11.423798488101347,5.100351112276603,167.87642508147204,61.65764727011253,-62.9645136904077,0.0,-20.0,-5.846430659294128,109.24887275695801,-36.699449388780224
1384,13.84,-32.792862624527025,-11.436190852115473,5.111485981283359,169.41651733304985,61.045580870516424,-59.66931877590202,0.0,-20.0,-5.1997679471969604,109.24887275695801,-36.72864568914515
1385,13.85,-32.81607468216016,-11.448624295127733,5.12265087539861,170.8225060424608,60.426545558241045,-56.482678948016016,0.0,-20.0,-4.613301157951355,109.24887275695801,-36.75772355806494
1386,13.86,-32.83924829950868,-11.461097433075317,5.133846511887609,172.1029400727073,59.805269762201775,-53.39652002352375,0.0,-20.0,-4.0732163190841675,109.24887275695801,-36.78667755272494
1387,13.870000000000001,-32.86238260998471,-11.473608849771187,5.145073583137413,173.26635393414762,59.18606760292754,-50.40283237785326,0.0,-20.0,-3.5684746503829956,109.24887275695801,-36.81550239514698
1388,13.88,-32.885476778814315,-11.486157098050395,5.156332756096173,174.32111380336076,58.572867252117085,-47.49382655642873,0.0,-20.0,-3.0909413099288936,109.24887275695801,-36.84419298687412
1389,13.89,-32.90853000371256,-11.498740700941804,5.167624671732418,175.27531394478976,57.96924057023708,-44.66203823507967,0.0,-20.0,-2.6347488164901733,109.24887275695801,-36.87274442137083
1390,13.9,-32.931541515532615,-11.511358152862003,5.178949944518154,176.13671220119355,57.37843240319476,-41.900393851495295,0.0,-20.0,-2.195744067430496,109.24887275695801,-36.901151993726586
1391,13.91,-32.95451057888822,-11.524007920833197,5.190309161932251,176.9126949964719,56.80338849047301,-39.20224643516444,0.0,-20.0,-1.7708797752857208,109.24887275695801,-36.92941121105975
1392,13.92,-32.97743649274751,-11.536688445723893,5.201702883983396,177.6102640761635,56.24678135733281,-36.561389372454656,0.0,-20.0,-1.3579435646533966,109.24887275695801,-36.957517808322116
1393,13.93,-33.000318591003904,-11.549398143511114,5.213131642760255,178.23603874566945,55.71103388111213,-33.97205432664616,0.0,-20.0,-0.9555287659168245,109.24887275695801,-36.98546774921243
1394,13.94,-33.023156243011506,-11.562135406562664,5.224595941996955,178.7962686542649,55.198340390291676,-31.42889826926093,0.0,-20.0,-0.5630965530872345,109.24887275695801,-37.0132572446509
1395,13.950000000000001,-33.04594885409687,-11.574898604937495,5.236096256667219,179.2968537145331,54.71068533041291,-28.926982968873055,0.0,-20.0,-0.18111184239387512,109.24887275695801,-37.04088276051612
1396,13.96,-33.068695866017016,-11.58768608770522,5.247633032570813,179.74336848944873,54.24985960677032,-26.461749579906765,0.0,-20.0,0.1889829337596893,109.24887275695801,-37.068341081208686
1397,13.97,-33.09139675751053,-11.60049618427053,5.259206686103686,-179.85891131502197,53.81747477507564,-24.028990753736082,0.0,-20.0,0.5449919402599335,109.24887275695801,-37.09562906867347
1398,13.98,-33.11405104452298,-11.613327205765875,5.270817603649869,-179.50498137872094,53.414975243258326,-21.62482136219141,0.0,-20.0,0.8843140304088591,109.24887275695801,-37.12274418559729
1399,13.99,-33.13665828082177,-11.626177446364467,5.2824661415832175,-179.19008162605067,53.04364869070146,-19.24564922649731,0.0,-20.0,1.2045960128307343,109.24887275695801,-37.14968390247538
1400,14.0,-33.15921805822596,-11.639045184691284,5.294152625793749,-178.90966912521796,52.704634878943146,-16.888145338021275,0.0,-20.0,1.5043263137340546,109.24887275695801,-37.17644606067129
1401,14.01,-33.18173000695176,-11.651928685213981,5.305877351445413,-178.65939212647098,52.39893306915617,-14.549214838547906,0.0,-20.0,1.7835311591625214,109.24887275695801,-37.20302883640998
1402,14.02,-33.20419379593306,-11.664826199640785,5.317640582767226,-178.43506536554455,52.127408177336626,-12.22596889052359,0.0,-20.0,2.044110745191574,109.24887275695801,-37.22943068878166
1403,14.030000000000001,-33.226609133077986,-11.677735968339249,5.329442552823146,-178.23264665290472,51.89079583539895,-9.915697463254482,0.0,-20.0,2.2901062667369843,109.24887275695801,-37.255650395349896
1404,14.040000000000001,-33.24897576550897,-11.690656221759259,5.341283463328591,-178.0482148065732,51.68970648499123,-7.615843137246949,0.0,-20.0,2.5275522470474243,109.24887275695801,-37.28168704628331
1405,14.05,-33.27129347976776,-11.703585181865234,5.353163484487481,-177.87794883272704,51.524628618621215,-5.323975857321222,0.0,-20.0,2.764015793800354,109.24887275695801,-37.30754004703604
1406,14.06,-33.29356210198807,-11.716521063575232,5.365082754854414,-177.71810823356057,51.39593126470924,-3.037768549261151,0.0,-20.0,3.007872700691223,109.24887275695801,-37.333209121069885
1407,14.07,-33.31578149803621,-11.729462076205714,5.377041381222329,-177.5650143013012,51.303865795794145,-0.7549735002974405,0.0,-20.0,3.267267346382141,109.24887275695801,-37.3586943121591
1408,14.08,-33.33795157361941,-11.742406424920793,5.389039438535857,-177.41503224447393,51.24856712239982,1.5266006042118476,0.0,-20.0,3.549216389656067,109.24887275695801,-37.383995986034144
1409,14.09,-33.36007227436196,-11.755352312184803,5.401076969830471,-177.26455398613865,51.23005431896342,3.8091110982542538,0.0,-20.0,3.858690857887268,109.24887275695801,-37.40911483125141
1410,14.1,-33.38214358584911,-11.768297939217002,5.413153986197517,-177.10998147289664,51.248230712668,6.094703315570916,0.0,-20.0,4.198065400123596,109.24887275695801,-37.43405185925649
1411,14.11,-33.40416553363858,-11.781241507447271,5.4252704667751255,-176.9477103377021,51.30288345095984,8.385532236107027,0.0,-20.0,4.56686794757843,109.24887275695801,-37.45880840362202
1412,14.120000000000001,-33.42613818323991,-11.794181219971653,5.437426358765044,-176.77411376874724,51.39368254890706,10.68378389198635,0.0,-20.0,4.9618107080459595,109.24887275695801,-37.4833861184712
1413,14.13,-33.44806164006134,-11.807115283006512,5.449621577475332,-176.5855264511456,51.520179403350106,12.991696612668303,0.0,-20.0,5.377209782600403,109.24887275695801,-37.50778697609046
1414,14.14,-33.46993604932464,-11.820041907340203,5.461856006388929,-176.37822846853493,51.681804747000285,15.311582170161559,0.0,-20.0,5.805516839027404,109.24887275695801,-37.5320132637486
1415,14.15,-33.49176159594759,-11.83295930978106,5.474129497257986,-176.14842907911324,51.87786600230381,17.645846860350257,0.0,-20.0,6.2380582094192505,109.24887275695801,-37.55606757974664
1416,14.16,-33.513538504394404,-11.84586571460053,5.48644187022391,-175.8922503168447,52.107543982121044,19.997012523693133,0.0,-20.0,6.665850281715393,109.24887275695801,-37.57995282872449
1417,14.17,-33.53526703849422,-11.858759354970303,5.498792913962999,-175.60571041596927,52.3698888722588,22.367737465352597,0.0,-20.0,7.080391049385071,109.24887275695801,-37.60367221626008
1418,14.18,-33.55694750122758,-11.871638474392261,5.511182385857554,-175.28470711868488,52.663815419964415,24.760837177910012,0.0,-20.0,7.474427819252014,109.24887275695801,-37.62722924279378
1419,14.19,-33.578580234481365,-11.884501328120102,5.523610012192307,-174.92500100602686,52.98809724312543,27.179304694988602,0.0,-20.0,7.8425174951553345,109.24887275695801,-37.65062769691353
1420,14.200000000000001,-33.60016561877205,-11.897346184571425,5.53607548837601,-174.52219909557454,53.34136016783192,29.626330306180904,0.0,-20.0,8.181305527687073,109.24887275695801,-37.67387164803545
1421,14.21,-33.621704072937824,-11.910171326729186,5.54857847918798,-174.07173908289832,53.72207449818235,32.1053202362641,0.0,-20.0,8.48953068256378,109.24887275695801,-37.69696543850919
1422,14.22,-33.64319605379957,-11.92297505353132,5.56111861904942,-173.56887477405942,54.12854612318146,34.61991372720633,0.0,-20.0,8.767729401588438,109.24887275695801,-37.719913675166765
1423,14.23,-33.6646420557911,-11.935755681247434,5.573695512319268,-173.00866347250624,54.55890637326462,37.17399775126192,0.0,-20.0,9.01754915714264,109.24887275695801,-37.74272122033303
1424,14.24,-33.686042610558985,-11.948511544841411,5.586308733614356,-172.3859563547384,55.01110055604906,39.771718318065254,0.0,-20.0,9.24084722995758,109.24887275695801,-37.76539318231331
1425,14.25,-33.70739828653223,-11.961240999318884,5.598957828153602,-171.69539320487334,55.48287513088431,42.41748700818446,0.0,-20.0,9.438620209693909,109.24887275695801,-37.78793490536849
1426,14.26,-33.728709688462224,-11.973942421058448,5.6116423121259835,-170.93140328740824,55.97176352920098,45.11598096136128,0.0,-20.0,9.609866738319397,109.24887275695801,-37.81035195918725
1427,14.27,-33.74997745693329,-11.986614209125559,5.624361673081974,-170.088214625635,56.47507069828154,47.872134063946085,0.0,-20.0,9.75067913532257,109.24887275695801,-37.8326501278699
1428,14.280000000000001,-33.77120226784426,-11.999254786568093,5.637115370348177,-169.1598745194824,56.989856546893215,50.691116517630306,0.0,-20.0,9.853697419166565,109.24887275695801,-37.85483539842369
1429,14.290000000000001,-33.79238483186151,-12.011862601692519,5.649902835464808,-168.14028476827252,57.51291861037692,53.57829934321602,0.0,-20.0,9.90831434726715,109.24887275695801,-37.87691394878629
1430,14.3,-33.81352589384386,-12.02443612931968,5.662723472645716,-167.02325572904982,58.04077443916798,56.539199710743326,0.0,-20.0,9.90188181400299,109.24887275695801,-37.89889213537383
1431,14.31,-33.83462623223976,-12.036973872019187,5.675576659260585,-165.80258397815348,58.56964445701113,59.57940235246139,0.0,-20.0,9.82215702533722,109.24887275695801,-37.920776480169735
1432,14.32,-33.855686658457394,-12.04947436132146,5.688461746338974,-164.47215884876704,59.09543634005439,62.70445181167662,0.0,-20.0,9.660893082618713,109.24887275695801,-37.9425736573683
1433,14.33,-33.87670801620788,-12.061936158906393,5.701378059095769,-163.0261033303176,59.613732337463716,65.91971006845715,0.0,-20.0,9.418292641639708,109.24887275695801,-37.96429047960685
1434,14.34,-33.897691180822456,-12.074357857767694,5.714324897477655,-161.45895450869588,60.11978138093315,69.23017439066459,0.0,-20.0,9.107103943824768,109.24887275695801,-37.98593388383963
1435,14.35,-33.91863705854388,-12.086738083351866,5.727301536730077,-159.76588759924175,60.60849829213415,72.64025138595817,0.0,-20.0,8.754745125770569,109.24887275695801,-38.007510916936965
1436,14.36,-33.939546585792876,-12.099075494670789,5.740307227984153,-157.9429853199605,61.07447284914169,76.15348553466478,0.0,-20.0,8.401198983192444,109.24887275695801,-38.02902872113935
1437,14.370000000000001,-33.960420728410135,-12.111368785386908,5.753341198862886,-155.9875505034048,61.51199184102717,79.7722443318755,0.0,-20.0,8.09150516986847,109.24887275695801,-38.050494519542355
1438,14.38,-33.98126048087471,-12.123616684870038,5.7664026541059945,-153.89845417157852,61.91507741563023,83.49736784032187,0.0,-20.0,7.862730622291565,109.24887275695801,-38.07191560180633
1439,14.39,-34.002066865499316,-12.135817959224937,5.779490776212745,-151.67650376000446,62.27754486817123,87.3277979925345,0.0,-20.0,7.7291375398635855,109.24887275695801,-38.09329931023036
1440,14.4,-34.02284093160342,-12.147971412289017,5.792604726102346,-149.32480718300727,62.593082369195045,91.26021197306545,0.0,-20.0,7.671812176704407,109.24887275695801,-38.11465302614564
1441,14.41,-34.043583754664425,-12.160075886599712,5.80574364379176,-146.84909904804212,62.855353845204945,95.28869339333835,0.0,-20.0,7.640276551246642,109.24887275695801,-38.1359841562899
1442,14.42,-34.064296435430954,-12.172130264339634,5.818906649090788,-144.25798729738923,63.058124189757194,99.40448303336245,0.0,-18.421990871429443,7.569614052772522,109.24887275695801,-38.157300137074095
1443,14.43,-34.08498009898805,-12.18413346826232,5.832092842311289,-141.5630743239398,63.19540318577985,103.59585514709474,0.0,-12.986724376678467,7.40671694278717,109.24887275695801,-38.178608466706265
1444,14.44,-34.10563589387123,-12.196084462544878,5.845301304993776,-138.77891014735602,63.26160168128011,107.84816161941191,0.0,-7.457731366157531,7.1316152811050415,109.24887275695801,-38.199916664323034
1445,14.450000000000001,-34.12626499119664,-12.207982253592613,5.858531100659983,-135.9227474407774,63.25169096330691,112.14407418581908,0.0,-1.9287759065628052,6.763043999671936,109.24887275695801,-38.2212321941776
1446,14.46,-34.146868583373305,-12.219825890948115,5.871781275446277,-133.0140842625751,63.161351641642135,116.46403972182156,0.0,3.512137532234192,6.347418427467345,109.24887275695801,-38.24256294391907
1447,14.47,-34.167447881740145,-12.23161446834481,5.885050858087785,-130.0739982181646,62.98709041715982,120.78694554602015,0.0,8.798413872718811,5.939937233924866,109.24887275695801,-38.26391914891014
1448,14.48,-34.18800412447033,-12.243347122225149,5.898338864537076,-127.12440277008326,62.72636525520072,125.09085044006073,0.0,13.896253108978271,5.587385296821593,109.24887275695801,-38.28530181042741
1449,14.49,-34.20853856227982,-12.255023035925953,5.9116442936054625,-124.1871623242657,62.377635704758845,129.3538738463137,0.0,18.803963661193848,5.319436192512512,109.24887275695801,-38.306718479144756
1450,14.5,-34.22905246394766,-12.266641438831924,5.92496613035084,-121.28320421448173,61.940357074588526,133.55508341675235,0.0,20.0,5.150790810585022,109.24887275695801,-38.32817705827924
1451,14.51,-34.249547115151366,-12.27820160661949,5.938303346502958,-118.4317379166144,61.4149344953382,137.67527229594495,0.0,20.0,5.0895339250564575,109.24887275695801,-38.349684815616286
1452,14.52,-34.270023817391206,-12.289702861971698,5.951654901269761,-115.64964580693182,60.80264496115822,141.69756542381126,0.0,20.0,5.147190690040588,109.24887275695801,-38.371248769648886
1453,14.530000000000001,-34.29048388677634,-12.301144575249978,5.965019742348856,-112.95106871248714,60.10552727618926,145.6078313235651,0.0,20.0,5.3460365533828735,109.24887275695801,-38.39287560982369
1454,14.540000000000001,-34.31092865290989,-12.312526165003437,5.978396806724619,-110.34719982602918,59.32625206954508,149.39488567564726,0.0,20.0,5.722342133522034,109.24887275695801,-38.41457179624688
1455,14.55,-34.331359457793724,-12.323847098439002,5.9917850215057,-107.84627279802798,58.46798377983304,153.05050081036433,0.0,20.0,6.326876282691956,109.24887275695801,-38.4363435936474
1456,14.56,-34.35177765473443,-12.335106891852964,6.005183304786158,-105.45371028324747,57.534244960511074,156.56925480237553,0.0,20.0,7.22544252872467,109.24887275695801,-38.458197076547954
1457,14.57,-34.372184607244904,-12.346305111022211,6.018590566517401,-103.17238916273001,56.528790840490934,159.9482639239522,0.0,20.0,8.498945832252502,109.24887275695801,-38.48013812606207
1458,14.58,-34.39258168794004,-12.357441371555323,6.032005709388513,-101.00297722139574,55.455499343961804,163.1868436621933,0.0,20.0,10.237641334533691,109.24887275695801,-38.502172422882616
1459,14.59,-34.41297027742599,-12.368515339203364,6.0454276297128775,-98.94430090337481,54.31827920346269,166.2861386670164,0.0,20.0,12.520630359649658,109.24887275695801,-38.524305439198514
1460,14.6,-34.433351763183566,-12.379526730130168,6.058855218318991,-96.99371211713441,53.120996690972056,169.24875364831675,0.0,20.0,15.377719402313232,109.24887275695801,-38.54654243183965
1461,14.61,-34.45372753830906,-12.39047531114021,6.072287361248777,-95.14743147035632,51.86741943083445,172.07840787984475,0.0,20.0,18.749558925628662,109.24887275695801,-38.568888812911865
1462,14.620000000000001,-34.47409900101039,-12.401360899876714,6.0857229415163685,-93.40085425688973,50.5611774241971,174.77962675891575,0.0,20.0,20.0,109.24887275695801,-38.59134847149517
1463,14.63,-34.494467552370104,-12.412183364951408,6.099160838380168,-91.74881221082111,49.2057353965396,177.35747773594795,0.0,20.0,20.0,109.24887275695801,-38.613926873337405
1464,14.64,-34.514834596183476,-12.422942626078344,6.112599929830207,-90.1857902661921,47.804377706100006,179.8173511715568,0.0,20.0,20.0,109.24887275695801,-38.63662814790334
1465,14.65,-34.53520153737325,-12.433638654124035,6.126039092814576,-88.70610003299703,46.360201163739056,-177.8352157179973,0.0,20.0,20.0,109.24887275695801,-38.65945636048923
1466,14.66,-34.55556978095191,-12.444271471127756,6.139477204244663,-87.30401471673187,44.876114885848146,-175.59467633239205,0.0,20.0,20.0,109.24887275695801,-38.682415286622316
1467,14.67,-34.575940730880916,-12.4548411502835,6.152913141881195,-85.97387053859124,43.35484445707819,-173.45557874033796,0.0,20.0,20.0,109.24887275695801,-38.70550844084053
1468,14.68,-34.59631578893197,-12.46534781588152,6.166345785236253,-84.7101402003967,41.79893920114202,-171.41264189517588,0.0,20.0,20.0,109.24887275695801,-38.72873908383379
1469,14.69,-34.6166963535525,-12.475791643208437,6.179774016481331,-83.50748359598572,40.21078157198145,-169.46080923630305,0.0,20.0,20.0,109.24887275695801,-38.75211021429817
1470,14.700000000000001,-34.63708381878423,-12.486172858404244,6.193196721464112,-82.36078064758878,38.59259687979552,-167.5952845412086,0.0,20.0,20.0,109.24887275695801,-38.77562439937991
1471,14.71,-34.65747957280558,-12.496491738293638,6.206612789907574,-81.26514912122181,36.94646636401784,-165.81155325535443,0.0,20.0,20.0,109.24887275695801,-38.79928493089306
1472,14.72,-34.67788499764185,-12.50674861011796,6.2200211180851515,-80.21595288734675,35.27433982018488,-164.10539354122207,0.0,20.0,20.0,109.24887275695801,-38.8230928249728
1473,14.73,-34.69830146703331,-12.516943851331652,6.233420607539051,-79.20880152044953,33.578044197965006,-162.47287995509708,0.0,20.0,20.0,109.24887275695801,-38.847050507688856
1474,14.74,-34.718730345919646,-12.527077889259495,6.246810167258828,-78.23954403106343,31.859295523866688,-160.9103810319323,0.0,20.0,20.0,109.24887275695801,-38.87115963905863
1475,14.75,-34.739172989202245,-12.537151200757133,6.260188714286256,-77.30425845727694,30.119709792235692,-159.4145530283557,0.0,20.0,20.0,109.24887275695801,-38.89542158268546
1476,14.76,-34.75963074064573,-12.547164311825417,6.273555174583547,-76.39923860314904,28.360813167555616,-157.98233113007018,0.0,20.0,20.0,109.24887275695801,-38.91983741891029
1477,14.77,-34.78010493178977,-12.557117797185107,6.286908483898191,-75.52097891997893,26.58405153016796,-156.61091915684474,0.0,20.0,20.0,109.24887275695801,-38.9444079528916
1478,14.780000000000001,-34.80059688087123,-12.567012279812065,6.300247588622437,-74.66615826838894,24.790799409214596,-155.29777854161017,0.0,20.0,20.0,109.24887275695801,-38.9691337197557
1479,14.790000000000001,-34.82110789175731,-12.576848430433245,6.313571446645552,-73.83162309702762,22.982368351169814,-154.04061716095248,0.0,20.0,20.0,109.24887275695801,-38.994014988430116
1480,14.8,-34.84163925289034,-12.58662696698395,6.326879028197398,-73.01437041646018,21.160014774665687,-152.83737844110001,0.0,20.0,20.0,109.24887275695801,-39.019051765256926
1481,14.81,-34.86219223624508,-12.596348654026787,6.340169316682169,-72.21153082530071,19.32494736443282,-151.6862310466537,0.0,20.0,20.0,109.24887275695801,-39.04424379797285
1482,14.82,-34.882768096299266,-12.606014302132877,6.35344130950142,-71.42035175238838,17.478334059457904,-150.58555937101903,0.0,20.0,20.0,109.24887275695801,-39.069590580320735
1483,14.83,-34.90336806901842,-12.615624767225816,6.366694018865674,-70.63818100781434,15.62130869258022,-149.53395498161603,0.0,20.0,20.0,109.24887275695801,-39.095091357339214
1484,14.84,-34.923993370855484,-12.62518094988895,6.379926472593937,-69.86245068202469,13.754977340440552,-148.53020912459152,0.0,20.0,20.0,109.24887275695801,-39.12074513130348
1485,14.85,-34.94464519776641,-12.634683794636512,6.393137714900531,-69.09066139217687,11.880424443863443,-147.57330635903003,0.0,20.0,20.0,109.24887275695801,-39.146550668256005
1486,14.86,-34.96532472424224,-12.644134289149221,6.406326807168618,-68.3203668453165,9.998718759533002,-146.66241936641006,0.0,20.0,20.0,109.24887275695801,-39.172506505067645
1487,14.870000000000001,-34.98603310235855,-12.653533463474943,6.419492828709822,-67.54915866635481,8.110919204412358,-145.79690496474072,0.0,20.0,20.0,109.24887275695801,-39.19861095698739
1488,14.88,-35.00677146084315,-12.66288238919508,6.4326348775093285,-66.77465142340907,6.218080655017491,-144.97630134637882,0.0,20.0,20.0,109.24887275695801,-39.22486212563476
1489,14.89,-35.02754090416253,-12.672182178557328,6.445752070955889,-65.99446777245649,4.321259764558124,-144.20032655230617,0.0,20.0,20.0,109.24887275695801,-39.251257907416395
1490,14.9,-35.048342511628064,-12.681433983575548,6.458843546556106,-65.20622363648596,2.421520862329584,-143.4688781922173,0.0,20.0,20.0,109.24887275695801,-39.27779600232365
1491,14.91,-35.06917733652249,-12.690638995097428,6.471908462632457,-64.40751333081846,0.5199420016437724,-142.78203441795205,0.0,20.0,20.0,109.24887275695801,-39.30447392309607
1492,14.92,-35.090046405247506,-12.699798441840732,6.484945999004456,-63.59589454573474,-1.3823787748678136,-142.14005615649256,0.0,20.0,20.0,109.24887275695801,-39.33128900471605
1493,14.93,-35.11095071649308,-12.7089135893989,6.497955357652437,-62.76887310003427,-3.284316880526338,-141.54339060686675,0.0,20.0,20.0,109.24887275695801,-39.35823841420573
1494,14.94,-35.13189124042922,-12.7179857392168,6.510935763363386,-61.92388738500998,-5.184714264507591,-140.9926760017322,0.0,20.0,20.0,109.24887275695801,-39.385319160700256
1495,14.950000000000001,-35.15286891792083,-12.727016227537456,6.523886464358324,-61.05829242824901,-7.082372045890689,-140.48874762788662,0.0,20.0,20.0,109.24887275695801,-39.41252810576199
1496,14.96,-35.17388465976623,-12.736006424320639,6.536806732900726,-60.169343521746185,-8.976042616287152,-140.03264508895862,0.0,20.0,20.0,109.24887275695801,-39.43986197390582
1497,14.97,-35.19493934596009,-12.744957732134138,6.54969586588548,-59.25417938057949,-10.864421120011787,-139.62562077623406,0.0,20.0,20.0,109.24887275695801,-39.46731736330623
1498,14.98,-35.2160338249812,-12.753871585018679,6.562553185407905,-58.309804828938184,-12.746136215140421,-139.26914948764426,0.0,20.0,20.0,109.24887275695801,-39.49489075664802
1499,14.99,-35.23716891310583,-12.762749447327332,6.575378039312392,-57.33307305237649,-14.619740013434726,-138.96493909747085,0.0,20.0,20.0,109.24887275695801,-39.52257853209439
1500,15.0,-35.2583453937471,-12.771592812540426,6.588169801720185,-56.32066751236918,-16.483697092580936,-138.7149421266263,0.0,20.0,20.0,109.24887275695801,-39.550376974333844
1501,15.01,-35.27956401682096,-12.780403202056856,6.600927873535909,-55.26908369614036,-18.336372471284847,-138.52136799078463,0.0,20.0,20.0,109.24887275695801,-39.578282285677616
1502,15.02,-35.3008254981393,-12.789182163962822,6.613651682932422,-54.17461097705291,-20.176018437698723,-138.38669560542175,0.0,20.0,20.0,109.24887275695801,-39.60629059717389
1503,15.030000000000001,-35.322130518830605,-12.797931271778957,6.626340685813591,-53.03331499566453,-22.000760125997374,-138.31368589583488,0.0,20.0,20.0,109.24887275695801,-39.63439797970234
1504,15.040000000000001,-35.343479724788764,-12.806652123186868,6.638994366254637,-51.841021147409,-23.808579746948872,-138.30539358793726,0.0,20.0,20.0,109.24887275695801,-39.66260045502218
1505,15.05,-35.364873726150314,-12.815346338736138,6.651612236919666,-50.59329998976623,-25.597299399013703,-138.36517743202293,0.0,20.0,20.0,109.24887275695801,-39.69089400673976
1506,15.06,-35.38631309680066,-12.824015560532807,6.664193839456076,-49.28545567102559,-27.364562420854718,-138.49670772550144,0.0,20.0,20.0,109.24887275695801,-39.719274591161486
1507,15.07,-35.40779837390965,-12.832661450910408,6.676738744865505,-47.91251884625533,-29.107813299372197,-138.70396963988588,0.0,20.0,20.0,109.24887275695801,-39.74773814800452
1508,15.08,-35.429330057496784,-12.841285691084645,6.689246553851011,-46.46924599520648,-30.824276226134867,-138.9912604107603,0.0,20.0,20.0,109.24887275695801,-39.776280610933625
1509,15.09,-35.45090861002664,-12.849889979792774,6.701716897140233,-44.95012760003998,-32.51093250762294,-139.36317790861983,0.0,20.0,20.0,109.24887275695801,-39.8048979178918
1510,15.1,-35.4725344560345,-12.858476031918821,6.714149435784243,-43.34940827969828,-34.164497190940885,-139.82459747166874,0.0,20.0,20.0,109.24887275695801,-39.83358602120161
1511,15.11,-35.49420798178286,-12.86704557710571,6.726543861431851,-41.66112270148829,-35.78139547786711,-140.38063315984817,0.0,20.0,20.0,109.24887275695801,-39.86234089740214
1512,15.120000000000001,-35.515929534948754,-12.87560035835547,6.738899896579163,-39.87915186657001,-37.357739778139965,-141.03657881498197,0.0,20.0,20.0,109.24887275695801,-39.891158556799134
1513,15.13,-35.537699424342435,-12.884142130618612,6.75121729479416,-37.99730512841884,-38.889308608607486,-141.79782355115458,0.0,20.0,20.0,109.24887275695801,-39.920035052701884
1514,15.14,-35.559517919657424,-12.892672659373847,6.763495840916137,-36.00943393665786,-40.37152898514793,-142.66973566753828,0.0,20.0,20.0,109.24887275695801,-39.948966490316906
1515,15.15,-35.58138525125225,-12.901193719199288,6.775735351229836,-33.90958362069284,-41.79946447746394,-143.6575086551619,0.0,20.0,20.0,109.24887275695801,-39.97794903528167
1516,15.16,-35.60330160996403,-12.909707092336264,6.787935673614122,-31.69218927307638,-43.16781168579376,-144.76596322479864,0.0,20.0,20.0,109.24887275695801,-40.006978921810216
1517,15.17,-35.62526714695401,-12.918214567246958,6.800096687665098,-29.35232060594146,-44.47090851155943,-145.99930047080932,0.0,20.0,20.0,109.24887275695801,-40.03605246043109
1518,15.18,-35.647281973585244,-12.926717937167004,6.81221830479355,-26.88597810393616,-45.70275815390249,-147.36080383665544,0.0,20.0,20.0,109.24887275695801,-40.065166045298724
1519,15.19,-35.66934616133246,-12.93521899865421,6.824300468296638,-24.290438431382395,-46.85707314844172,-148.85249191438888,0.0,20.0,20.0,109.24887275695801,-40.09431616105619
1520,15.200000000000001,-35.69145974172423,-12.943719550134606,6.8363431534037895,-21.56464051178036,-47.927343800430776,-150.47473065082224,0.0,20.0,20.0,109.24887275695801,-40.12349938923668
1521,15.21,-35.71362270631741,-12.952221390446967,6.8483463672967435,-18.70959491184751,-48.906934835723426,-152.22582231974468,0.0,20.0,20.0,109.24887275695801,-40.152712414183874
1522,15.22,-35.73583500670403,-12.960726317387014,6.86031014910374,-15.728788602132484,-49.789212769230424,-154.10159918036064,0.0,20.0,20.0,109.24887275695801,-40.1819520284797
1523,15.23,-35.75809655455043,-12.969236126252454,6.872234569867855,-12.62854611884829,-50.56770418600819,-156.09506079012567,0.0,20.0,20.0,109.24887275695801,-40.21121513786629
1524,15.24,-35.780407221668774,-12.97775260839004,6.884119732489501,-9.418298877933948,-51.236281792715836,-158.1961032143478,0.0,20.0,20.0,109.24887275695801,-40.24049876564995
1525,15.25,-35.80276684012077,-12.98627754974583,6.895965771643152,-6.1107099927459965,-51.789370913934,-160.3913927750353,0.0,20.0,20.0,109.24887275695801,-40.269800056579825
1526,15.26,-35.8251752023536,-12.994812729419822,6.9077728536683525,-2.721605754207176,-52.22216458850756,-162.66443317452334,0.0,20.0,20.0,109.24887275695801,-40.2991162801921
1527,15.27,-35.8476320613679,-13.003359918226117,6.919541176435096,0.7303206064833033,-52.53083140375108,-164.99586036857247,0.0,20.0,20.0,109.24887275695801,-40.3284448336155
1528,15.280000000000001,-35.87013713091763,-13.011920877259797,6.931270969183687,4.224041958994395,-52.712697729721526,-167.36397427056625,0.0,20.0,20.0,109.24887275695801,-40.35778324383178
1529,15.290000000000001,-35.89269008574174,-13.020497356471674,6.942962492339222,7.736943225486727,-52.76638605008147,-169.74548338903637,0.0,20.0,20.0,109.24887275695801,-40.38712916939034
1530,15.3,-35.91529056182744,-13.02909109325204,6.9546160373008235,11.245722144838401,-52.691894171014724,-172.11640429662035,0.0,20.0,20.0,109.24887275695801,-40.41648040157607
1531,15.31,-35.93793815670474,-13.037703811024603,6.966231926205808,14.727359585451671,-52.49060604023649,-174.4530306627776,0.0,20.0,20.0,109.24887275695801,-40.44583486502978
1532,15.32,-35.960632429772225,-13.046337217851711,6.977810511668983,18.160061368118683,-52.165232736127855,-176.7328738084526,0.0,20.0,20.0,109.24887275695801,-40.47519061782743
1533,15.33,-35.98337290265358,-13.054993005052019,6.989352176497273,21.52407883242693,-51.719690329924326,-178.93548201324094,0.0,20.0,20.0,109.24887275695801,-40.50454585101841
1534,15.34,-36.00615905958478,-13.06367284583169,7.000857333379916,24.802337176153273,-51.15892811706361,178.9569323980517,0.0,20.0,20.0,109.24887275695801,-40.53389888763141
1535,15.35,-36.02899034783152,-13.072378393930276,7.012326424554468,27.980832839823783,-50.48872490816881,176.95909691945081,0.0,20.0,20.0,109.24887275695801,-40.5632481811553
1536,15.36,-36.05186617813646,-13.081111282282341,7.023759921448904,31.048795653066424,-49.715472171544356,175.08251796359932,0.0,20.0,20.0,109.24887275695801,-40.5925923135043
1537,15.370000000000001,-36.074785925196196,-13.089873121695927,7.035158324300089,33.9986406077664,-48.8459611253805,173.33553033361582,0.0,20.0,20.0,109.24887275695801,-40.62192999247879
1538,15.38,-36.09774892816729,-13.09866549954891,7.046522161748933,36.82575333707435,-47.887187246879165,171.7235129888524,0.0,20.0,20.0,109.24887275695801,-40.651260048732404
1539,15.39,-36.120754491201076,-13.107489978504343,7.057851990412565,39.52816150972748,-46.84618115870146,170.24921889545743,0.0,20.0,20.0,109.24887275695801,-40.68058143226352
1540,15.4,-36.14380188400683,-13.116348095245792,7.069148394433856,42.1061430464001,-45.72987041610725,168.9131680548341,0.0,20.0,20.0,109.24887275695801,-40.70989320844105
1541,15.41,-36.1668903424428,-13.125241359233687,7.080411985008676,44.561814447399954,-44.544972994520656,167.7140604198638,0.0,20.0,20.0,109.24887275695801,-40.739194553589
1542,15.42,-36.190019069134614,-13.134171251483714,7.09164339989125,46.89873189343498,-43.29792056897155,166.64917603565974,0.0,20.0,20.0,109.24887275695801,-40.76848475013969
1543,15.43,-36.21318723412059,-13.143139223368227,7.102843302878021,49.12152680115482,-41.994808006556276,165.71474072085311,0.0,20.0,20.0,109.24887275695801,-40.797763181384134
1544,15.44,-36.23639397552346,-13.152146695441653,7.114012383270442,51.23558787612689,-40.64136470845624,164.90624524358265,0.0,20.0,20.0,109.24887275695801,-40.82702932583139
1545,15.450000000000001,-36.25963840024785,-13.161195056290826,7.125151355317115,53.246794195646714,-39.24294331170361,164.21871345562226,0.0,20.0,20.0,109.24887275695801,-40.856282751210536
1546,15.46,-36.282919584703095,-13.170285661411208,7.136260957635757,55.16129859676729,-37.80452156206399,163.64692010397567,0.0,20.0,20.0,109.24887275695801,-40.88552310812424
1547,15.47,-36.30623657555066,-13.179419832109883,7.147341952615432,56.98535737641813,-36.330713703969025,163.1855623065097,0.0,20.0,20.0,109.24887275695801,-40.91475012339356
1548,15.48,-36.329588390475756,-13.188598854436211,7.158395125799542,58.72520059971549,-34.82578835812579,162.8293903875348,0.0,20.0,20.0,109.24887275695801,-40.94396359310791
1549,15.49,-36.352974018982245,-13.19782397814104,7.169421285250095,60.38693670954883,-33.29369047831777,162.57330437063405,0.0,20.0,20.0,109.24887275695801,-40.973163375411445
1550,15.5,-36.37639242321047,-13.207096415665267,7.180421260893732,61.97648524394612,-31.73806554224158,162.412422310799,0.0,20.0,20.0,109.24887275695801,-41.00234938305389
1551,15.51,-36.39984253877722,-13.21641734115862,7.191395903850068,63.49953199396551,-30.162284612135817,162.34212611962525,0.0,20.0,20.0,109.24887275695801,-41.03152157572919
1552,15.52,-36.42332327563712,-13.2257878895294,7.202346085742876,64.96150165810202,-28.56946929352136,162.35808981176896,0.0,20.0,20.0,109.24887275695801,-41.060679952238246
1553,15.530000000000001,-36.44683351896478,-13.23520915552601,7.213272697994685,66.36754382790582,-26.96251592951778,162.4562943195681,0.0,20.0,20.0,109.24887275695801,-41.08982454249425
1554,15.540000000000001,-36.47037213005707,-13.24468219285097,7.224176651105348,67.7225288887225,-25.344118604318453,162.63303227062636,0.0,20.0,20.0,109.24887275695801,-41.118955399412116
1555,15.55,-36.49393794725466,-13.254208013308151,7.235058873915168,69.03105109413445,-23.716790704707343,162.88490544527312,0.0,20.0,20.0,109.24887275695801,-41.1480725907013
1556,15.56,-36.517529786882115,-13.263787585983922,7.245920312853195,70.29743665396495,-22.08288491501879,163.20881704596908,0.0,20.0,20.0,109.24887275695801,-41.17717619060099
1557,15.57,-36.54114644420592,-13.27342183646286,7.256761931171266,71.52575516081333,-20.44461160942523,163.60196042169375,0.0,20.0,20.0,109.24887275695801,-41.2062662715806
1558,15.58,-36.56478669440943,-13.283111646078687,7.267584708164457,72.71983307517341,-18.80405566499493,164.061805490967,0.0,20.0,20.0,109.24887275695801,-41.23534289604609
1559,15.59,-36.58844929358408,-13.292857851200987,7.278389638378528,73.88326830469433,-17.16319175697801,164.5860837869666,0.0,20.0,20.0,109.24887275695801,-41.26440610806686
1560,15.6,-36.61213297973616,-13.302661242558342,7.289177730805037,75.0194451609662,-15.523898220049501,165.1727727953241,0.0,20.0,20.0,109.24887275695801,-41.29345592517634
1561,15.610000000000001,-36.6358364738081,-13.31252256459839,7.299950008064765,76.131549169011,-13.88796957026799,165.8200800579686,0.0,20.0,20.0,109.24887275695801,-41.322492330252985
1562,15.620000000000001,-36.65955848071363,-13.322442514885344,7.310707505580099,77.22258135105668,-12.257127785630514,166.526427364259,0.0,20.0,20.0,109.24887275695801,-41.35151526352941
1563,15.63,-36.683297690385885,-13.332421743535448,7.3214512707370725,78.2953717163725,-10.633032440849114,167.29043523445765,0.0,20.0,20.0,109.24887275695801,-41.380524614751984
1564,15.64,-36.707052778837664,-13.34246085269084,7.332182362037703,79.35259177068423,-9.01728978614471,168.11090781270073,0.0,20.0,20.0,109.24887275695801,-41.40952021551996
1565,15.65,-36.73082240923291,-13.352560396032233,7.342901848243353,80.39676591834142,-7.41146085174159,168.9868182207727,0.0,20.0,20.0,109.24887275695801,-41.43850183183574
1566,15.66,-36.75460523296863,-13.362720878330828,7.353610807509775,81.43028167312305,-5.817068650313059,169.9172943752146,0.0,20.0,20.0,109.24887275695801,-41.467469156894026
1567,15.67,-36.77839989076633,-13.372942755039787,7.3643103265145555,82.45539862348474,-4.23560453945873,170.9016052346695,0.0,20.0,20.0,109.24887275695801,-41.496421804135956
1568,15.68,-36.802205013772074,-13.383226431925655,7.375001499577671,83.47425611846802,-2.668533795881551,171.93914741888295,0.0,20.0,20.0,109.24887275695801,-41.52535930059491
1569,15.69,-36.82601922466428,-13.39357226473995,7.3856854277758455,84.48887965404624,-1.1173004425377615,173.02943212315336,0.0,20.0,20.0,109.24887275695801,-41.554281080562916
1570,15.700000000000001,-36.84984113876841,-13.40398055893127,7.396363218051452,85.501185948483,0.41666864012668087,174.17207224058788,0.0,20.0,20.0,109.24887275695801,-41.58318647960033
1571,15.71,-36.873669365179445,-13.41445156939803,7.407035982317724,86.5129866998381,1.93196028313884,175.36676960091975,0.0,20.0,19.844088554382324,109.24887275695801,-41.61207472615436
1572,15.72,-36.89750250788966,-13.424985500282142,7.417704836559693,87.52599102695676,3.4271722456884453,176.61330222486083,0.0,20.0,19.49249267578125,109.24887275695801,-41.64094493275647
1573,15.73,-36.92133916691084,-13.435582504804147,7.428370899926175,88.5418065979057,4.900911176750505,177.9115114876091,0.0,20.0,19.295175075531006,109.24887275695801,-41.669796103808366
1574,15.74,-36.94517793940176,-13.44624268513937,7.4390352938220925,89.56193944305551,6.351791361734951,179.26128912247196,0.0,20.0,19.224262237548828,109.24887275695801,-41.6986271403679
1575,15.75,-36.96901742081357,-13.45696609233453,7.449699141007509,90.58779246882521,7.778434068972458,-179.33743600786522,0.0,20.0,19.206242561340332,109.24887275695801,-41.72743681815118
1576,15.76,-36.992856206012235,-13.467752726267364,7.460363564654274,91.62066274161924,9.179467814216066,-177.88471146456277,0.0,17.69435405731201,19.127373695373535,109.24887275695801,-41.756223840194735
1577,15.77,-37.01669289040454,-13.478602535647775,7.471029687402619,92.66173748846788,10.553530003397587,-176.38057508530284,0.0,13.40428352355957,18.858132362365723,109.24887275695801,-41.784986885925285
1578,15.780000000000001,-37.04052607109848,-13.48951541806167,7.481698630517997,93.71208891407048,11.899268693043172,-174.825069181108,0.0,9.11885917186737,18.286210298538208,109.24887275695801,-41.81372450604812
1579,15.790000000000001,-37.064354348042286,-13.50049122005413,7.4923715129756525,94.77266789922646,13.215344988738156,-173.21825512464238,0.0,4.900795817375183,17.341949939727783,109.24887275695801,-41.84243512675619
1580,15.8,-37.088176325178665,-13.511529737260197,7.50304945054726,95.8442967361989,14.500436057863697,-171.56022832576187,0.0,0.794486403465271,16.00605010986328,109.24887275695801,-41.871117042917916
1581,15.81,-37.11199061163208,-13.522630714592225,7.513733554825156,96.92766071371572,15.753240124379316,-169.85113338654804,0.0,-3.1803375482559204,14.303038120269775,109.24887275695801,-41.89976836806815
1582,15.82,-37.135795823159874,-13.533793846227754,7.524424934286874,98.02329799793117,16.97246480492939,-168.0911820880213,0.0,-7.023847699165343,12.289483547210692,109.24887275695801,-41.928384649482126
1583,15.83,-37.15959058235731,-13.545018776241498,7.53512468939572,99.1315914669104,18.156844988907363,-166.28066878077803,0.0,-10.748579502105713,10.043652057647705,109.24887275695801,-41.95696401959086
1584,15.84,-37.18337352012514,-13.556305098648139,7.545833913867855,100.25275835198187,19.305155365745307,-164.4199851237325,0.0,-14.373764991760254,7.657788395881653,109.24887275695801,-41.98550486287978
1585,15.85,-37.207143277105125,-13.56765235779487,7.5565536940385964,101.38683972252163,20.416217694750873,-162.5096352526575,0.0,-17.92229413986206,5.234590172767639,109.24887275695801,-42.01400484363232
1586,15.860000000000001,-37.230898504667465,-13.57906004868676,7.567285107951942,102.53369046457657,21.488905660811156,-160.55025121631184,0.0,-20.0,2.886250615119934,109.24887275695801,-42.04246111000658
1587,15.870000000000001,-37.25463786566979,-13.59052761727342,7.578029224528248,103.6929696643299,22.52215140965347,-158.54260797762694,0.0,-20.0,0.7311539351940154,109.24887275695801,-42.070870538585275
1588,15.88,-37.2783600360675,-13.602054461149894,7.588787102048823,104.86413257144483,23.514956663241925,-156.4876360167327,0.0,-20.0,-1.1191101372241974,109.24887275695801,-42.099230224578434
1589,15.89,-37.30206370563775,-13.613639929939001,7.5995597876696035,106.0464239133192,24.466405533989583,-154.38643155115787,0.0,-20.0,-2.581138014793396,109.24887275695801,-42.12753716464645
1590,15.9,-37.32574757917724,-13.62528332586245,7.610348316368408,107.2388723983204,25.37567471441124,-152.2402661513655,0.0,-20.0,-3.6174076795578003,109.24887275695801,-42.15578841003884
1591,15.91,-37.34941037770341,-13.636983904324525,7.62115371036735,108.44028762455818,26.242043971266927,-150.05059398841453,0.0,-20.0,-4.239205718040466,109.24887275695801,-42.18398060340088
1592,15.92,-37.37305083911715,-13.648740874378351,7.631976978346432,109.6492598346922,27.064907339878754,-147.81905582114578,0.0,-20.0,-4.4957274198532104,109.24887275695801,-42.21211033458118
1593,15.93,-37.39666771938867,-13.660553399430217,7.642819114535685,110.8641626743564,27.843784189532823,-145.54747989160524,0.0,-20.0,-4.457411170005798,109.24887275695801,-42.240174088390106
1594,15.94,-37.42025979357834,-13.672420597924436,7.653681097900312,112.08315929703171,28.578329941944844,-143.23787939155767,0.0,-20.0,-4.201259016990662,109.24887275695801,-42.26816824652601
1595,15.950000000000001,-37.44382585683142,-13.68434154406016,7.664563891344837,113.304212058352,29.268346198180538,-140.89244627162321,0.0,-20.0,-3.800150752067566,109.24887275695801,-42.29608909400289
1596,15.96,-37.467364725339436,-13.69631526853049,7.6754684409391905,114.5250959366116,29.913790055148233,-138.51354127573455,0.0,-20.0,-3.3160394430160522,109.24887275695801,-42.32393283077457
1597,15.97,-37.49088027611421,-13.708331816226325,7.68639162414235,115.74341933847194,30.514781915708273,-136.1036794052651,35.313236236572266,-20.0,-2.796306014060974,109.24872875213623,-42.35883279791144
1598,15.98,-37.514381900995254,-13.720372439337968,7.697325890310894,116.95664479555336,31.071612103014562,-133.66551274059552,71.24370574951172,-20.0,-2.280561476945877,109.24843788146973,-42.393895250862215
1599,15.99,-37.53787940589165,-13.732419814630482,7.70826335858419,118.16210896398192,31.584746447754217,-131.20181070473072,103.82038116455078,-20.0,-1.785404235124588,109.24801445007324,-42.42835988124851
1600,16.0,-37.56138243643277,-13.744458777434497,7.719196279823682,119.35704938335003,32.054829850494436,-128.71543628268387,133.8914337158203,-20.0,-1.3140006363391876,109.24746894836426,-42.46242760014726
1601,16.01,-37.58490063991016,-13.756475844800562,7.730116906212896,120.53863409389079,32.48268780845695,-126.20931982888234,162.36871337890625,-20.0,-0.8601804077625275,109.24680709838867,-92.4963118148921
