Step,Time,X,Y,Z,Roll,Pitch,Yaw,Thrust,GimbalYaw,GimbalPitch,Mass,Reward
0,0,-1.8968046883554979,1.7072153104045937,11.0,-1.2912706812963681,9.77552739146424,-0.1104277971444714,0.0,0.0,0.0,110.0,0.0
1,0.01,-1.8876761791035213,1.6951275225384008,10.982506069777372,-1.2917709537649327,9.775651970177112,-0.11464802267514232,0.0,-20.0,-20.0,110.0,-8.768344294533195
2,0.02,-1.8785483072576963,1.6830404001201689,10.965012234402655,-1.2940399655927917,9.775523377633373,-0.12909317035271675,0.0,-20.0,-20.0,110.0,-8.749252992668739
3,0.03,-1.8694204421482965,1.6709532837967929,10.947518400048745,-1.2957115933596905,9.7753125193668,-0.13889124871749967,0.0,-20.0,-20.0,110.0,-8.7285303424312
4,0.04,-1.8602926502803125,1.6588662430705754,10.930024576615558,-1.297115890946047,9.77507912986184,-0.14672595298207322,0.0,-20.0,-20.0,110.0,-8.708515527471398
5,0.05,-1.8511648701589072,1.646779210512915,10.91253075502261,-1.2985390855337082,9.77482966196855,-0.15461291814770275,0.0,-20.0,-20.0,110.0,-8.68870620421144
6,0.06,-1.8420370788774547,1.6346921597252773,10.895036931916868,-1.3000494896993537,9.77457282070721,-0.1630748477959536,0.0,-20.0,-20.0,110.0,-8.668914755459708
7,0.07,-1.8329092697036975,1.622605084740048,10.877543106272732,-1.3016286892072804,9.774316503230523,-0.17203619818934412,0.0,-20.0,-20.0,110.0,-8.649098857673472
8,0.08,-1.823781443057825,1.61051798696431,10.860049278131049,-1.3032446136938907,9.774065329185946,-0.18131060059178522,0.0,-20.0,-20.0,110.0,-8.629264060944582
9,0.09,-1.814653601688295,1.5984308694433949,10.84255544789693,-1.3048741601461142,9.77382090984876,-0.1907494934284814,0.0,-20.0,-20.0,110.0,-8.609422408238967
10,0.1,-1.8055257488347771,1.5863437364526853,10.825061616032372,-1.3065053901323869,9.773582901268838,-0.20026388225505082,0.0,-20.0,-20.0,110.0,-8.589583904417434
11,0.11,-1.7963978874455317,1.5742565928657704,10.807567782935637,-1.3081338013239636,9.77335021027719,-0.2098090140186408,0.0,-20.0,-20.0,110.0,-8.569754904322792
12,0.12,-1.7872700197957476,1.5621694426449049,10.790073948909523,-1.309759633533375,9.773121673210413,-0.21936533467923147,0.0,-20.0,-20.0,110.0,-8.549938477205213
13,0.13,-1.7781421475306731,1.5500822893708293,10.772580114156852,-1.3113839739617006,9.772896221435172,-0.2289257171917198,0.0,-20.0,-20.0,110.0,-8.530136089390846
14,0.14,-1.7690142718942394,1.5379951347764638,10.75508627885294,-1.3130074480767064,9.772672978963636,-0.23848764626567273,0.0,-20.0,-20.0,110.0,-8.510348289946563
15,0.15,-1.7598863938183376,1.5259079794845098,10.737592443144347,-1.3146304431108158,9.772451277036902,-0.24805022130073123,0.0,-20.0,-20.0,110.0,-8.490575295434029
16,0.16,-1.7507585139812136,1.513820823872127,10.720098607139457,-1.3162532089939336,9.772230616747398,-0.2576131255673534,0.0,-20.0,-20.0,110.0,-8.470817241697485
17,0.17,-1.7416306328756783,1.501733668176128,10.702604770917862,-1.317875907521404,9.772010631441375,-0.26717624697448855,0.0,-20.0,-20.0,110.0,-8.451074234103599
18,0.18,-1.732502750851524,1.4896465125496157,10.68511093453639,-1.3194986496668848,9.771791060126244,-0.27673954229226766,0.0,-20.0,-20.0,110.0,-8.431346368034387
19,0.19,-1.7233748681444796,1.4775593570955252,10.667617098033347,-1.321121509746886,9.771571727378397,-0.2863029930626953,0.0,-20.0,-20.0,110.0,-8.411633736868547
20,0.2,-1.7142469849041277,1.465472201870087,10.650123261433242,-1.322744530531855,9.77135252280147,-0.29586659052329034,0.0,-20.0,-20.0,110.0,-8.391936433814305
21,0.21,-1.7051191012262723,1.4533850468751621,10.632629424752546,-1.3243677108997676,9.771133377027796,-0.30543032627738415,0.0,-20.0,-20.0,110.0,-8.372254551994653
22,0.22,-1.6959912171914693,1.4412978920608068,10.615135588006265,-1.3259910093016447,9.77091423363503,-0.314994182043607,0.0,-20.0,-20.0,110.0,-8.352588184770525
23,0.23,-1.6868633329013794,1.4292107373371143,10.597641751213946,-1.327614350583249,9.770695013308986,-0.3245581194689511,0.0,-20.0,-20.0,110.0,-8.332937424201408
24,0.24,-1.6777354484400269,1.4171235826309543,10.580147914391718,-1.3292376691539947,9.770475642898589,-0.33412210104964546,0.0,-20.0,-20.0,110.0,-8.31330236880215
25,0.25,-1.6686075638821138,1.40503642788914,10.56265407755365,-1.3308609304059718,9.770256078027563,-0.34368610384827225,0.0,-20.0,-20.0,110.0,-8.293683118044582
26,0.26,-1.6594796792634448,1.3929492730949218,10.545160240706297,-1.3324841193543842,9.770036291682677,-0.3532501142956214,0.0,-20.0,-20.0,110.0,-8.274079771068616
27,0.27,-1.6503517946055157,1.3808621182457912,10.527666403853415,-1.33410723246199,9.769816267794786,-0.36281412461067053,0.0,-20.0,-20.0,110.0,-8.254492427374023
28,0.28,-1.6412239099208037,1.3687749633465647,10.510172566997044,-1.33573027223859,9.769595997048237,-0.3723781304093849,0.0,-20.0,-20.0,110.0,-8.234921186953368
29,0.29,-1.632096025216459,1.3566878084050993,10.492678730138243,-1.337353243824046,9.769375474082734,-0.38194212920743786,0.0,-20.0,-20.0,110.0,-8.215306891580477
30,0.3,-1.6229681404967167,1.3446006534297665,10.475184893277552,-1.3389761529554813,9.769154695701605,-0.3915061195382359,0.0,-20.0,-20.0,110.0,-8.195625682406385
31,0.31,-1.6138402557643425,1.3325134984281226,10.457691056415278,-1.3405990048933363,9.768933659809424,-0.40107010046307856,0.0,-20.0,-20.0,110.0,-8.175959628642635
32,0.32,-1.6047123710214024,1.320426343406378,10.440197219551637,-1.3422218039813245,9.76871236484347,-0.4106340713155106,0.0,-20.0,-20.0,110.0,-8.156308822026944
33,0.33,-1.5955844862696213,1.3083391883693456,10.422703382686814,-1.3438445535837906,9.768490809508453,-0.42019803157725427,0.0,-20.0,-20.0,110.0,-8.136673354967325
34,0.34,-1.5864566015105142,1.2962520333206298,10.405209545820993,-1.345467256209881,9.768268992675718,-0.4297619808227087,0.0,-20.0,-20.0,110.0,-8.117053320553403
35,0.35000000000000003,-1.5773287167454157,1.2841648782628925,10.387715708954344,-1.347089913699456,9.768046913357061,-0.4393259186956198,0.0,-20.0,-20.0,110.0,-8.097448812564503
36,0.36,-1.5682008319754799,1.2720777231981062,10.37022187208702,-1.3487125274018912,9.767824570702734,-0.448889844898557,0.0,-20.0,-20.0,110.0,-8.077859925476066
37,0.37,-1.5590729472016773,1.259990568127754,10.352728035219153,-1.3503350983192777,9.767601964000098,-0.45845375918606546,0.0,-20.0,-20.0,110.0,-8.058286754465513
38,0.38,-1.5499450624248055,1.2479034130529751,10.335234198350859,-1.351957627209469,9.767379092665658,-0.4680176613580544,0.0,-20.0,-20.0,110.0,-8.038729395417876
39,0.39,-1.5408171776455064,1.2358162579746612,10.317740361482226,-1.3535801146555557,9.76715595623081,-0.4775815512528507,0.0,-20.0,-20.0,110.0,-8.019187944931495
40,0.4,-1.5316892928642898,1.2237291028935218,10.300246524613327,-1.3552025611113165,9.766932554324372,-0.487145428740274,0.0,-20.0,-20.0,110.0,-7.9996625003238755
41,0.41000000000000003,-1.5225614080815582,1.2116419478101244,10.282752687744217,-1.3568249669312147,9.766708886654783,-0.4967092937153049,0.0,-20.0,-20.0,110.0,-7.980153159637533
42,0.42,-1.513433523297627,1.1995547927249255,10.26525885087494,-1.3584473323910773,9.766484952993983,-0.5062731460926514,0.0,-20.0,-20.0,110.0,-7.96066002164611
43,0.43,-1.5043056385127453,1.187467637638292,10.247765014005532,-1.3600696577033224,9.76626075316381,-0.5158369858022955,0.0,-20.0,-20.0,110.0,-7.9411831858603
44,0.44,-1.4951777537271091,1.1753804825505174,10.23027117713602,-1.3616919430288876,9.76603628702508,-0.5254008127860381,0.0,-20.0,-20.0,110.0,-7.921722752534029
45,0.45,-1.4860498689408739,1.163293327461836,10.212777340266424,-1.363314188486954,9.765811554469082,-0.534964626994847,0.0,-20.0,-20.0,110.0,-7.90227882267048
46,0.46,-1.4769219841541619,1.1512061723724343,10.195283503396762,-1.3649363941629944,9.765586555410959,-0.5445284283868164,0.0,-20.0,-20.0,110.0,-7.88285149802832
47,0.47000000000000003,-1.467794099367071,1.1391190172824608,10.177789666527051,-1.3665585601154315,9.76536128978468,-0.5540922169256226,0.0,-20.0,-20.0,110.0,-7.863440881127852
48,0.48,-1.4586662145796794,1.1270318621920332,10.160295829657295,-1.368180686381092,9.765135757539095,-0.5636559925793373,0.0,-20.0,-20.0,110.0,-7.84404707525718
49,0.49,-1.4495383297920483,1.1149447071012448,10.142801992787508,-1.3698027729796285,9.764909958634885,-0.5732197553194982,0.0,-20.0,-20.0,110.0,-7.824670184478546
50,0.5,-1.4404104450042272,1.10285755201017,10.125308155917693,-1.371424819917076,9.764683893042138,-0.582783505120447,0.0,-20.0,-20.0,110.0,-7.805310313634574
51,0.51,-1.431282560216255,1.0907703969188673,10.10781431904786,-1.3730468271886658,9.76445756073844,-0.5923472419587004,0.0,-20.0,-20.0,110.0,-7.785967568354608
52,0.52,-1.4221546754281627,1.078683241827384,10.090320482178006,-1.3746687947810676,9.764230961707355,-0.6019109658124944,0.0,-20.0,-20.0,110.0,-7.7666420550611
53,0.53,-1.4130267906399752,1.066596086735757,10.072826645308142,-1.3762907226741652,9.76400409593721,-0.611474676661489,0.0,-20.0,-20.0,110.0,-7.747333880976065
54,0.54,-1.403898905851712,1.054508931644016,10.055332808438266,-1.3779126108424513,9.763776963420092,-0.6210383744864303,0.0,-20.0,-20.0,110.0,-7.728043154127496
55,0.55,-1.3947710210633883,1.042421776552184,10.037838971568382,-1.3795344592561432,9.763549564151123,-0.6306020592689444,0.0,-20.0,-20.0,110.0,-7.708769983355918
56,0.56,-1.385643136275017,1.0303346214602802,10.020345134698491,-1.3811562678820517,9.763321898127804,-0.6401657309913369,0.0,-20.0,-20.0,110.0,-7.6895144783209695
57,0.5700000000000001,-1.376515251486608,1.018247466368319,10.002851297828595,-1.3827780366842939,9.763093965349546,-0.64972938963649,0.0,-20.0,-20.0,110.0,-7.670276749507934
58,0.58,-1.3673873666981684,1.0061603112763124,9.985357460958696,-1.3843997656248332,9.76286576581727,-0.6592930351877041,0.0,-20.0,-20.0,110.0,-7.651056908234491
59,0.59,-1.3582594819097051,0.9940731561842698,9.967863624088793,-1.3860214546639364,9.76263729953311,-0.6688566676286662,0.0,-20.0,-20.0,110.0,-7.63185506665733
60,0.6,-1.3491315971212225,0.9819860010921986,9.950369787218886,-1.3876431037605066,9.762408566500143,-0.6784202869433069,0.0,-20.0,-20.0,110.0,-7.612671337778938
61,0.61,-1.3400037123327253,0.9698988460001046,9.932875950348977,-1.389264712872371,9.762179566722224,-0.6879838931157796,0.0,-20.0,-20.0,110.0,-7.593505835454386
62,0.62,-1.3308758275442156,0.9578116909079927,9.915382113479067,-1.3908862819564995,9.761950300203804,-0.6975474861304173,0.0,-20.0,-20.0,110.0,-7.574358674398173
63,0.63,-1.3217479427556966,0.9457245358158664,9.897888276609157,-1.3925078109691895,9.761720766949827,-0.7071110659717225,0.0,-20.0,-20.0,110.0,-7.555229970191081
64,0.64,-1.31262005796717,0.9336373807237288,9.880394439739245,-1.3941292998661932,9.761490966965617,-0.716674632624279,0.0,-20.0,-20.0,110.0,-7.536119839287125
65,0.65,-1.3034921731786373,0.9215502256315823,9.862900602869331,-1.3957507486028318,9.761260900256811,-0.726238186072747,0.0,-20.0,-20.0,110.0,-7.517028399020517
66,0.66,-1.2943642883901,0.9094630705394287,9.845406765999417,-1.397372157134092,9.761030566829293,-0.7358017263018858,0.0,-20.0,-20.0,110.0,-7.497955767612701
67,0.67,-1.2852364036015589,0.8973759154472696,9.827912929129504,-1.3989935254146892,9.760799966689147,-0.7453652532965012,0.0,-20.0,-20.0,110.0,-7.478902064179424
68,0.68,-1.2761085188130146,0.8852887603551061,9.81041909225959,-1.4006148533991232,9.760569099842606,-0.754928767041448,0.0,-20.0,-20.0,110.0,-7.45986740873779
69,0.6900000000000001,-1.266980634024468,0.8732016052629391,9.792925255389674,-1.4022361410417252,9.760337966296042,-0.7644922675216131,0.0,-20.0,-20.0,110.0,-7.440851922213518
70,0.7000000000000001,-1.2578527492359195,0.8611144501707694,9.775431418519759,-1.4038573882966892,9.760106566055923,-0.774055754721909,0.0,-20.0,-20.0,110.0,-7.421855726448046
71,0.71,-1.2487248644473694,0.8490272950785976,9.757937581649843,-1.4054785951181028,9.759874899128805,-0.7836192286272627,0.0,-20.0,-20.0,110.0,-7.402878944205844
72,0.72,-1.2395969796588182,0.8369401399864242,9.740443744779927,-1.4070997614599716,9.759642965521312,-0.7931826892226295,0.0,-20.0,-20.0,110.0,-7.383921699181701
73,0.73,-1.2304690948702661,0.8248529848942496,9.722949907910012,-1.4087208872762345,9.75941076524012,-0.802746136492991,0.0,-20.0,-20.0,110.0,-7.364984116008011
74,0.74,-1.2213412100817131,0.8127658298020739,9.705456071040096,-1.4103419725207804,9.759178298291951,-0.8123095704233512,0.0,-20.0,-20.0,110.0,-7.346066320262248
75,0.75,-1.2122133252931597,0.8006786747098975,9.68796223417018,-1.4119630171474522,9.758945564683573,-0.8218729909987033,0.0,-20.0,-20.0,110.0,-7.327168438474302
76,0.76,-1.2030854405046054,0.7885915196177206,9.670468397300265,-1.413584021110063,9.758712564421774,-0.8314363982040565,0.0,-20.0,-20.0,110.0,-7.308290598134012
77,0.77,-1.193957555716051,0.7765043645255433,9.65297456043035,-1.4152049843623966,9.758479297513377,-0.8409997920244143,0.0,-20.0,-20.0,110.0,-7.289432927698668
78,0.78,-1.1848296709274964,0.7644172094333657,9.635480723560434,-1.416825906858217,9.75824576396522,-0.8505631724447907,0.0,-20.0,-20.0,110.0,-7.2705955566005835
79,0.79,-1.1757017861389414,0.7523300543411879,9.617986886690518,-1.4184467885512781,9.758011963784176,-0.8601265394502254,0.0,-20.0,-20.0,110.0,-7.251778615254672
80,0.8,-1.1665739013503862,0.7402428992490101,9.600493049820603,-1.4200676293953174,9.757777896977117,-0.8696898930257418,0.0,-20.0,-20.0,110.0,-7.232982235066109
81,0.81,-1.157446016561831,0.7281557441568322,9.582999212950687,-1.421688429344066,9.757543563550945,-0.8792532331563764,0.0,-20.0,-20.0,110.0,-7.214206548438053
82,0.8200000000000001,-1.1483181317732756,0.7160685890646543,9.565505376080772,-1.4233091883512434,9.757308963512568,-0.8888165598271545,0.0,-20.0,-20.0,110.0,-7.195451688779334
83,0.8300000000000001,-1.1391902469847202,0.7039814339724764,9.548011539210856,-1.4249299063705676,9.757074096868909,-0.8983798730231146,0.0,-20.0,-20.0,110.0,-7.176717790512269
84,0.84,-1.1300623621961645,0.6918942788802986,9.53051770234094,-1.4265505833557532,9.756838963626901,-0.9079431727293111,0.0,-20.0,-20.0,110.0,-7.158004989080477
85,0.85,-1.1209344774076089,0.6798071237881209,9.513023865471025,-1.428171219260513,9.756603563793496,-0.9175064589307885,0.0,-20.0,-20.0,110.0,-7.1393134209567
86,0.86,-1.1118065926190532,0.6677199686959433,9.49553002860111,-1.42979181403855,9.756367897375615,-0.9270697316125818,0.0,-20.0,-20.0,110.0,-7.120643223650761
87,0.87,-1.1026787078304976,0.6556328136037659,9.478036191731194,-1.4314123676435786,9.756131964380279,-0.9366329907597453,0.0,-20.0,-20.0,110.0,-7.101994535717474
88,0.88,-1.093550823041942,0.6435456585115886,9.460542354861278,-1.4330328800293013,9.75589576481443,-0.9461962363573202,0.0,-20.0,-20.0,110.0,-7.083367496764637
89,0.89,-1.084422938253386,0.6314585034194115,9.443048517991363,-1.4346533511494308,9.755659298685062,-0.9557594683903804,0.0,-20.0,-20.0,110.0,-7.064762247461082
90,0.9,-1.0752950534648302,0.6193713483272345,9.425554681121447,-1.436273780957677,9.75542256599916,-0.9653226868439913,0.0,-20.0,-20.0,110.0,-7.04617892954467
91,0.91,-1.0661671686762744,0.6072841932350577,9.408060844251532,-1.4378941694077445,9.755185566763725,-0.9748858917031944,0.0,-20.0,-20.0,110.0,-7.027617685830472
92,0.92,-1.0570392838877185,0.595197038142881,9.390567007381614,-1.4395145164533443,9.754948300985767,-0.9844490829530491,0.0,-20.0,-20.0,110.0,-7.009078660218848
93,0.93,-1.0479113990991626,0.5831098830507045,9.373073170511699,-1.4411348220481868,9.754710768672307,-0.9940122605786201,0.0,-20.0,-20.0,110.0,-6.990561997703675
94,0.9400000000000001,-1.0387835143106068,0.5710227279585283,9.355579333641781,-1.4427550861459817,9.754472969830367,-1.0035754245649622,0.0,-20.0,-20.0,110.0,-6.972067844380525
95,0.9500000000000001,-1.029655629522051,0.5589355728663522,9.338085496771864,-1.4443753087004445,9.75423490446698,-1.0131385748971462,0.0,-20.0,-20.0,110.0,-6.953596347454935
96,0.96,-1.020527744733495,0.5468484177741763,9.320591659901947,-1.4459954896652893,9.753996572589191,-1.0227017115602437,0.0,-20.0,-20.0,110.0,-6.9351476552506695
97,0.97,-1.0113998599449392,0.5347612626820005,9.30309782303203,-1.4476156289942304,9.753757974204051,-1.0322648345393117,0.0,-20.0,-20.0,110.0,-6.916721917218099
98,0.98,-1.0022719751563833,0.522674107589825,9.285603986162112,-1.4492357266409845,9.753519109318615,-1.0418279438194153,0.0,-20.0,-20.0,110.0,-6.898319283942461
99,0.99,-0.9931440903678275,0.5105869524976496,9.268110149292195,-1.4508557825592698,9.75327997793995,-1.0513910393856176,0.0,-20.0,-20.0,110.0,-6.879939907152374
100,1.0,-0.9840162055792716,0.49849979740547445,9.250616312422277,-1.4524757967028075,9.75304058007513,-1.0609541212229978,0.0,-20.0,-20.0,110.0,-6.861583939728134
101,1.01,-0.9748883207907157,0.48641264231329945,9.23312247555236,-1.4540957690253162,9.752800915731237,-1.0705171893166148,0.0,-20.0,-20.0,110.0,-6.8432515357102615
102,1.02,-0.9657604360021599,0.47432548722112466,9.215628638682443,-1.45571569948052,9.752560984915355,-1.080080243651548,0.0,-20.0,-20.0,110.0,-6.82494285030794
103,1.03,-0.956632551213604,0.46223833212895005,9.198134801812525,-1.4573355880221486,9.75232078763459,-1.0896432842128934,0.0,-20.0,-20.0,110.0,-6.806658039907535
104,1.04,-0.9475046664250482,0.45015117703677565,9.180640964942608,-1.458955434603929,9.752080323896042,-1.0992063109857346,0.0,-20.0,-20.0,110.0,-6.788397262081134
105,1.05,-0.9383767816364923,0.4380640219446014,9.16314712807269,-1.4605752391795868,9.751839593706825,-1.1087693239551364,0.0,-20.0,-20.0,110.0,-6.770160675595136
106,1.06,-0.9292488968479364,0.42597686685242736,9.145653291202773,-1.4621950017028533,9.751598597074059,-1.1183323231061792,0.0,-20.0,-20.0,110.0,-6.7519484404188335
107,1.07,-0.9201210120593806,0.4138897117602535,9.128159454332856,-1.4638147221274629,9.751357334004874,-1.1278953084239631,0.0,-20.0,-20.0,110.0,-6.733760717733058
108,1.08,-0.9109931272708247,0.40180255666807985,9.110665617462939,-1.4654344004071478,9.751115804506405,-1.137458279893569,0.0,-20.0,-20.0,110.0,-6.715597669938774
109,1.09,-0.9018652424822688,0.3897154015759064,9.093171780593021,-1.4670540364956435,9.750874008585797,-1.1470212375000866,0.0,-20.0,-20.0,110.0,-6.69745946066582
110,1.1,-0.892737357693713,0.3776282464837331,9.075677943723104,-1.4686736303466883,9.750631946250207,-1.1565841812286024,0.0,-20.0,-20.0,110.0,-6.679346254781528
111,1.11,-0.8836094729051571,0.36554109139156,9.058184106853187,-1.4702931819140184,9.750389617506787,-1.166147111064198,0.0,-20.0,-20.0,110.0,-6.661258218399506
112,1.12,-0.8744815881166013,0.3534539362993871,9.04069026998327,-1.4719126911513734,9.750147022362704,-1.1757100269919543,0.0,-20.0,-20.0,110.0,-6.643195518888343
113,1.1300000000000001,-0.8653537033280454,0.34136678120721436,9.023196433113352,-1.4735321580124938,9.749904160825142,-1.185272928996961,0.0,-20.0,-20.0,110.0,-6.625158324880354
114,1.1400000000000001,-0.8562258185394895,0.32927962611504186,9.005702596243434,-1.475151582451125,9.749661032901281,-1.1948358170643187,0.0,-20.0,-20.0,110.0,-6.607146806280335
115,1.1500000000000001,-0.8470979337509337,0.3171924710228695,8.988208759373517,-1.476770964421012,9.749417638598311,-1.2043986911791167,0.0,-20.0,-20.0,110.0,-6.589161134274417
116,1.16,-0.8379700489623778,0.3051053159306974,8.9707149225036,-1.4783903038759048,9.749173977923432,-1.213961551326463,0.0,-20.0,-20.0,110.0,-6.571201481338742
117,1.17,-0.828842164173822,0.29301816083852544,8.953221085633682,-1.4800096007695498,9.748930050883851,-1.2235243974914511,0.0,-20.0,-20.0,110.0,-6.553268021248398
118,1.18,-0.8197142793852662,0.28093100574635366,8.935727248763765,-1.4816288550556997,9.748685857486784,-1.23308722965919,0.0,-20.0,-20.0,110.0,-6.53536092908617
119,1.19,-0.8105863945967104,0.2688438506541821,8.918233411893848,-1.4832480666881103,9.748441397739446,-1.242650047814796,0.0,-20.0,-20.0,110.0,-6.517480381251402
120,1.2,-0.8014585098081547,0.2567566955620107,8.90073957502393,-1.4848672356205355,9.748196671649076,-1.2522128519433753,0.0,-20.0,-20.0,110.0,-6.4996265554687795
121,1.21,-0.7923306250195989,0.2446695404698395,8.883245738154013,-1.4864863618067312,9.747951679222908,-1.2617756420300297,0.0,-20.0,-20.0,110.0,-6.481799630797254
122,1.22,-0.7832027402310432,0.23258238537766848,8.865751901284096,-1.4881054452004545,9.747706420468191,-1.2713384180598584,0.0,-20.0,-20.0,110.0,-6.463999787638807
123,1.23,-0.7740748554424874,0.22049523028549767,8.848258064414178,-1.489724485755466,9.747460895392173,-1.2809011800179764,0.0,-20.0,-20.0,110.0,-6.446227207747381
124,1.24,-0.7649469706539317,0.20840807519332705,8.830764227544261,-1.4913434834255272,9.747215104002121,-1.2904639278894974,0.0,-20.0,-20.0,110.0,-6.428482074237659
125,1.25,-0.7558190858653759,0.19632092010115662,8.813270390674344,-1.492962438164401,9.746969046305303,-1.300026661659527,0.0,-20.0,-20.0,110.0,-6.410764571593924
126,1.26,-0.7466912010768202,0.1842337650089864,8.795776553804426,-1.4945813499258527,9.746722722308993,-1.30958938131319,0.0,-20.0,-20.0,110.0,-6.393074885678945
127,1.27,-0.7375633162882644,0.17214660991681632,8.778282716934509,-1.4962002186636483,9.746476132020478,-1.319152086835589,0.0,-20.0,-20.0,110.0,-6.375413203742754
128,1.28,-0.7284354314997087,0.16005945482464645,8.760788880064592,-1.4978190443315575,9.746229275447051,-1.3287147782118527,0.0,-20.0,-20.0,110.0,-6.357779714431515
129,1.29,-0.7193075467111529,0.14797229973247678,8.743295043194674,-1.499437826883349,9.745982152596014,-1.3382774554270955,0.0,-20.0,-20.0,110.0,-6.340174607796317
130,1.3,-0.7101796619225972,0.1358851446403073,8.725801206324757,-1.5010565662727997,9.745734763474669,-1.3478401184664617,0.0,-20.0,-20.0,110.0,-6.322598075301989
131,1.31,-0.7010517771340414,0.123797989548138,8.70830736945484,-1.5026752624536825,9.745487108090334,-1.3574027673150713,0.0,-20.0,-20.0,110.0,-6.3050503098358694
132,1.32,-0.6919238923454857,0.1117108344559689,8.690813532584922,-1.504293915379776,9.745239186450338,-1.3669654019580568,0.0,-20.0,-20.0,110.0,-6.287531505716604
133,1.33,-0.6827960075569299,0.09962367936379998,8.673319695715005,-1.5059125250048553,9.744990998562011,-1.3765280223805372,0.0,-20.0,-20.0,110.0,-6.270041858702853
134,1.34,-0.6736681227683742,0.08753652427163126,8.655825858845088,-1.5075310912826967,9.744742544432688,-1.3860906285676238,0.0,-20.0,-20.0,110.0,-6.252581566002088
135,1.35,-0.6645402379798184,0.07544936917946271,8.63833202197517,-1.5091496141670835,9.744493824069721,-1.395653220504454,0.0,-20.0,-20.0,110.0,-6.235150826279201
136,1.36,-0.6554123531912627,0.06336221408729437,8.620838185105253,-1.5107680936117978,9.744244837480464,-1.4052157981761624,0.0,-20.0,-20.0,110.0,-6.217749839665243
137,1.37,-0.6462844684027069,0.051275058995126216,8.603344348235336,-1.5123865295706227,9.74399558467228,-1.4147783615678668,0.0,-20.0,-20.0,110.0,-6.2003788077660325
138,1.3800000000000001,-0.6371565836141512,0.039187903902958246,8.585850511365418,-1.514004921997346,9.74374606565254,-1.424340910664716,0.0,-20.0,-20.0,110.0,-6.183037933670766
139,1.3900000000000001,-0.6280286988255954,0.027100748810790474,8.5683566744955,-1.5156232708457547,9.74349628042862,-1.4339034454518342,0.0,-20.0,-20.0,110.0,-6.1657274219605664
140,1.4000000000000001,-0.6189008140370397,0.015013593718622893,8.550862837625584,-1.5172415760696363,9.743246229007886,-1.443465965914357,0.0,-20.0,-20.0,110.0,-6.1484474787170855
141,1.41,-0.6097729292484839,0.0029264386264555024,8.533369000755666,-1.5188598376227895,9.742995911397777,-1.453028472037432,0.0,-20.0,-20.0,110.0,-6.131198311530879
142,1.42,-0.6006450444599282,-0.009160716465711694,8.515875163885749,-1.5204780554590058,9.742745327605668,-1.4625909638062196,0.0,-20.0,-20.0,110.0,-6.113980129509898
143,1.43,-0.5915171596713724,-0.021247871557878707,8.498381327015831,-1.522096229532082,9.742494477638978,-1.4721534412058612,0.0,-20.0,-20.0,110.0,-6.096793143287886
144,1.44,-0.5823892748828167,-0.03333502665004553,8.480887490145914,-1.5237143597958123,9.742243361505114,-1.4817159042214858,0.0,-20.0,-20.0,110.0,-6.079637565032663
145,1.45,-0.5732613900942609,-0.04542218174221216,8.463393653275997,-1.5253324462039974,9.741991979211507,-1.4912783528382492,0.0,-20.0,-20.0,110.0,-6.062513608454458
146,1.46,-0.5641335053057052,-0.0575093368343786,8.44589981640608,-1.5269504887104384,9.74174033076559,-1.5008407870412985,0.0,-20.0,-20.0,110.0,-6.045421488814082
147,1.47,-0.5550056205171494,-0.06959649192654485,8.428405979536162,-1.5285684872689382,9.7414884161748,-1.5104032068157847,0.0,-20.0,-20.0,110.0,-6.028361422931073
148,1.48,-0.5458777357285937,-0.0816836470187109,8.410912142666245,-1.5301864418333002,9.741236235446591,-1.5199656121468559,0.0,-20.0,-20.0,110.0,-6.011333629191792
149,1.49,-0.5367498509400379,-0.09377080211087678,8.393418305796327,-1.5318043523573315,9.740983788588416,-1.5295280030196752,0.0,-20.0,-20.0,110.0,-5.994338327557414
150,1.5,-0.5276219661514822,-0.10585795720304246,8.37592446892641,-1.5334222187948408,9.740731075607739,-1.5390903794193955,0.0,-20.0,-20.0,110.0,-5.977375739571874
151,1.51,-0.5184940813629264,-0.11794511229520795,8.358430632056493,-1.5350400410996359,9.740478096512032,-1.5486527413311648,0.0,-20.0,-20.0,110.0,-5.960446088369694
152,1.52,-0.5093661965743707,-0.13003226738737325,8.340936795186575,-1.5366578192255291,9.74022485130878,-1.5582150887401385,0.0,-20.0,-20.0,110.0,-5.943549598683762
153,1.53,-0.5002383117858149,-0.14211942247953835,8.323442958316658,-1.5382755531263341,9.739971340005466,-1.5677774216314866,0.0,-20.0,-20.0,110.0,-5.926686496853001
154,1.54,-0.49111042699725915,-0.15420657757170325,8.30594912144674,-1.539893242755865,9.739717562609583,-1.5773397399903566,0.0,-20.0,-20.0,110.0,-5.909857010829945
155,1.55,-0.4819825422087034,-0.166293732663868,8.288455284576823,-1.5415108880679387,9.73946351912864,-1.5869020438019183,0.0,-20.0,-20.0,110.0,-5.893061370188217
156,1.56,-0.47285465742014765,-0.17838088775603253,8.270961447706906,-1.543128489016376,9.739209209570143,-1.5964643330513446,0.0,-20.0,-20.0,110.0,-5.876299806129918
157,1.57,-0.4637267726315919,-0.19046804284819688,8.253467610836989,-1.5447460455550017,9.738954633941614,-1.6060266077238217,0.0,-20.0,-20.0,110.0,-5.859572551492898
158,1.58,-0.45459888784303615,-0.20255519794036103,8.235973773967071,-1.5463635576376342,9.738699792250578,-1.6155888678044947,0.0,-20.0,-20.0,110.0,-5.8428798407578695
159,1.59,-0.4454710030544804,-0.214642353032525,8.218479937097154,-1.5479810252181,9.738444684504568,-1.6251511132785532,0.0,-20.0,-20.0,110.0,-5.82622191005552
160,1.6,-0.43634311826592465,-0.22672950812468878,8.200986100227237,-1.549598448250222,9.738189310711128,-1.6347133441311443,0.0,-20.0,-20.0,110.0,-5.809598997173354
161,1.61,-0.4272152334773689,-0.23881666321685235,8.18349226335732,-1.5512158266878282,9.73793367087781,-1.644275560347445,0.0,-20.0,-20.0,110.0,-5.793011341562562
162,1.62,-0.41808734868881314,-0.25090381830901576,8.165998426487402,-1.5528331604847516,9.737677765012169,-1.6538377619126445,0.0,-20.0,-20.0,110.0,-5.776459184344573
163,1.6300000000000001,-0.4089594639002574,-0.26299097340117894,8.148504589617485,-1.554450449594823,9.73742159312177,-1.6633999488119207,0.0,-20.0,-20.0,110.0,-5.75994276831765
164,1.6400000000000001,-0.39983157911170164,-0.27507812849334196,8.131010752747567,-1.5560676939718763,9.737165155214187,-1.6729621210304528,0.0,-20.0,-20.0,110.0,-5.743462337963226
165,1.6500000000000001,-0.3907036943231459,-0.2871652835855048,8.11351691587765,-1.5576848935697487,9.736908451297001,-1.6825242785534278,0.0,-20.0,-20.0,110.0,-5.727018139452123
166,1.6600000000000001,-0.38157580953459014,-0.29925243867766743,8.096023079007733,-1.5593020483422784,9.736651481377798,-1.6920864213660305,0.0,-20.0,-20.0,110.0,-5.7106104206506085
167,1.67,-0.3724479247460344,-0.3113395937698299,8.078529242137815,-1.560919158243301,9.736394245464181,-1.701648549453434,0.0,-20.0,-20.0,110.0,-5.694239431126336
168,1.68,-0.36332003995747864,-0.32342674886199213,8.061035405267898,-1.5625362232266595,9.736136743563751,-1.7112106628008281,0.0,-20.0,-20.0,110.0,-5.677905422153999
169,1.69,-0.3541921551689229,-0.3355139039541542,8.04354156839798,-1.5641532432461946,9.735878975684118,-1.720772761393399,0.0,-20.0,-20.0,110.0,-5.661608646720957
170,1.7,-0.34506427038036713,-0.3476010590463161,8.026047731528063,-1.5657702182557505,9.735620941832904,-1.7303348452163245,0.0,-20.0,-20.0,110.0,-5.645349359532578
171,1.71,-0.3359363855918114,-0.3596882141384778,8.008553894658146,-1.5673871482091735,9.735362642017742,-1.739896914254794,0.0,-20.0,-20.0,110.0,-5.629127817017415
172,1.72,-0.32680850080325563,-0.3717753692306393,7.9910600577882285,-1.5690040330603157,9.73510407624626,-1.7494589684940216,0.0,-20.0,-20.0,110.0,-5.6129442773322245
173,1.73,-0.3176806160146999,-0.3838625243228006,7.973566220918311,-1.5706208727630278,9.734845244526108,-1.7590210079192077,0.0,-20.0,-20.0,110.0,-5.596799000366717
174,1.74,-0.30855273122614413,-0.39594967941496173,7.956072384048394,-1.572237667271161,9.734586146864928,-1.7685830325155463,0.0,-20.0,-20.0,110.0,-5.580692247748182
175,1.75,-0.29942484643758843,-0.40803683450712264,7.938578547178476,-1.57385441653857,9.734326783270385,-1.7781450422682339,0.0,-20.0,-20.0,110.0,-5.564624282845803
176,1.76,-0.29029696164903274,-0.4201239895992834,7.921084710308559,-1.575471120519108,9.734067153750145,-1.7877070371624628,0.0,-20.0,-20.0,110.0,-5.5485953707748426
177,1.77,-0.28116907686047704,-0.4322111446914439,7.903590873438642,-1.5770877791666307,9.733807258311886,-1.7972690171834207,0.0,-20.0,-20.0,110.0,-5.532605778400531
178,1.78,-0.27204119207192134,-0.44429829978360424,7.886097036568724,-1.5787043924349997,9.733547096963283,-1.8068309823163262,0.0,-20.0,-20.0,110.0,-5.516655774341736
179,1.79,-0.26291330728336565,-0.45638545487576443,7.868603199698807,-1.5803209602780774,9.733286669712033,-1.8163929325463826,0.0,-20.0,-20.0,110.0,-5.500745628974389
180,1.8,-0.25378542249480995,-0.4684726099679244,7.85110936282889,-1.5819374826497279,9.733025976565827,-1.825954867858806,0.0,-20.0,-20.0,110.0,-5.484875614434657
181,1.81,-0.24465753770625423,-0.4805597650600842,7.833615525958972,-1.5835539595038164,9.732765017532376,-1.8355167882388044,0.0,-20.0,-20.0,110.0,-5.469046004621879
182,1.82,-0.2355296529176985,-0.49264692015224376,7.816121689089055,-1.5851703907942092,9.732503792619392,-1.8450786936715844,0.0,-20.0,-20.0,110.0,-5.453257075201142
183,1.83,-0.22640176812914278,-0.5047340752444032,7.798627852219138,-1.5867867764747714,9.732242301834598,-1.8546405841423423,0.0,-20.0,-20.0,110.0,-5.437509103605715
184,1.84,-0.21727388334058706,-0.5168212303365624,7.78113401534922,-1.5884031164993753,9.73198054518572,-1.864202459636292,0.0,-20.0,-20.0,110.0,-5.421802369039078
185,1.85,-0.20814599855203136,-0.5289083854287214,7.763640178479303,-1.5900194108218937,9.731718522680495,-1.873764320138662,0.0,-20.0,-20.0,110.0,-5.406137152476722
186,1.86,-0.19901811376347567,-0.5409955405208803,7.746146341609386,-1.5916356593962044,9.73145623432667,-1.8833261656346822,0.0,-20.0,-20.0,110.0,-5.390513736667583
187,1.87,-0.18989022897491997,-0.5530826956130389,7.728652504739468,-1.5932518621761833,9.731193680131993,-1.8928879961095673,0.0,-20.0,-20.0,110.0,-5.374932406135271
188,1.8800000000000001,-0.18076234418636428,-0.5651698507051973,7.711158667869551,-1.5948680191157063,9.730930860104227,-1.9024498115485284,0.0,-20.0,-20.0,110.0,-5.359393447178833
189,1.8900000000000001,-0.17163445939780858,-0.5772570057973556,7.693664830999634,-1.5964841301686543,9.730667774251142,-1.9120116119367843,0.0,-20.0,-20.0,110.0,-5.343897147873308
190,1.9000000000000001,-0.16250657460925289,-0.5893441608895137,7.676170994129716,-1.5981001952889087,9.73040442258051,-1.921573397259563,0.0,-20.0,-20.0,110.0,-5.328443798069875
191,1.9100000000000001,-0.1533786898206972,-0.6014313159816715,7.658677157259799,-1.5997162144303547,9.730140805100119,-1.9311351675020951,0.0,-20.0,-20.0,110.0,-5.313033689395657
192,1.92,-0.1442508050321415,-0.6135184710738293,7.641183320389882,-1.6013321875468762,9.729876921817734,-1.9406969226496196,0.0,-20.0,-20.0,110.0,-5.297667115253178
193,1.93,-0.1351229202435858,-0.6256056261659868,7.623689483519964,-1.6029481145923659,9.729612772741197,-1.9502586626873626,0.0,-20.0,-20.0,110.0,-5.28234437081945
194,1.94,-0.1259950354550301,-0.6376927812581441,7.606195646650047,-1.6045639955207085,9.729348357878296,-1.9598203876005453,0.0,-20.0,-20.0,110.0,-5.267065753044648
195,1.95,-0.1168671506664744,-0.6497799363503012,7.5887018097801295,-1.6061798302857964,9.729083677236842,-1.969382097374398,0.0,-20.0,-20.0,110.0,-5.251831560650459
196,1.96,-0.10773926587791871,-0.6618670914424581,7.571207972910212,-1.6077956188415254,9.72881873082466,-1.9789437919941744,0.0,-20.0,-20.0,110.0,-5.2366420941279355
197,1.97,-0.09861138108936301,-0.6739542465346149,7.553714136040295,-1.6094113611417937,9.728553518649584,-1.988505471445126,0.0,-20.0,-20.0,110.0,-5.221497655735013
198,1.98,-0.08948349630080732,-0.6860414016267714,7.5362202991703775,-1.6110270571404959,9.728288040719445,-1.9980671357124862,0.0,-20.0,-20.0,110.0,-5.206398549493572
199,1.99,-0.08035561151225165,-0.6981285567189278,7.51872646230046,-1.612642706791526,9.72802229704209,-2.0076287847814616,0.0,-20.0,-20.0,110.0,-5.191345081186101
200,2.0,-0.07122772672369597,-0.710215711811084,7.501232625430543,-1.6142583100487882,9.727756287625375,-2.017190418637312,0.0,-20.0,-20.0,110.0,-5.176337558351831
201,2.0100000000000002,-0.06209984193514028,-0.72230286690324,7.4837387885606255,-1.6158738668661883,9.727490012477162,-2.026752037265295,0.0,-20.0,-20.0,110.0,-5.161376290282501
202,2.02,-0.052971957146584606,-0.7343900219953957,7.466244951690708,-1.6174893771976258,9.727223471605313,-2.036313640650629,0.0,-20.0,-20.0,110.0,-5.146461588017619
203,2.0300000000000002,-0.043844072358028924,-0.7464771770875513,7.448751114820791,-1.619104840997008,9.726956665017715,-2.0458752287785678,0.0,-20.0,-20.0,110.0,-5.1315937643392076
204,2.04,-0.03471618756947324,-0.7585643321797068,7.431257277950873,-1.6207202582182425,9.726689592722247,-2.0554368016343583,0.0,-20.0,-20.0,110.0,-5.116773133766167
205,2.05,-0.02558830278091757,-0.770651487271862,7.413763441080956,-1.6223356288152435,9.7264222547268,-2.0649983592032672,0.0,-20.0,-20.0,110.0,-5.102000012547972
206,2.06,-0.016460417992361896,-0.782738642364017,7.396269604211039,-1.6239509527419262,9.726154651039277,-2.074559901470563,0.0,-20.0,-20.0,110.0,-5.087274718658001
207,2.07,-0.007332533203806221,-0.7948257974561719,7.378775767341121,-1.6255662299522018,9.725886781667585,-2.0841214284214855,0.0,-20.0,-20.0,110.0,-5.0725975717862655
208,2.08,0.0017953515847494539,-0.8069129525483265,7.361281930471204,-1.6271814603999843,9.725618646619639,-2.0936829400412766,0.0,-20.0,-20.0,110.0,-5.05796889333157
209,2.09,0.01092323637330513,-0.8190001076404809,7.343788093601287,-1.628796644039195,9.725350245903362,-2.103244436315213,0.0,-20.0,-20.0,110.0,-5.043389006393244
210,2.1,0.0200511211618608,-0.8310872627326352,7.326294256731369,-1.630411780823753,9.725081579526687,-2.1128059172285494,0.0,-20.0,-20.0,110.0,-5.028858235762128
211,2.11,0.02917900595041647,-0.8431744178247893,7.308800419861452,-1.6320268707075782,9.724812647497549,-2.122367382766537,0.0,-20.0,-20.0,110.0,-5.0143769079111085
212,2.12,0.03830689073897214,-0.8552615729169432,7.291306582991534,-1.633641913644598,9.724543449823903,-2.1319288329144603,0.0,-20.0,-20.0,110.0,-4.99994535098506
213,2.13,0.047434775527527805,-0.8673487280090969,7.2738127461216155,-1.6352569095887395,9.724273986513694,-2.141490267657587,0.0,-20.0,-20.0,110.0,-4.985563894790116
214,2.14,0.05656266031608347,-0.8794358831012504,7.256318909251697,-1.6368718584939277,9.72400425757489,-2.151051686981175,0.0,-20.0,-20.0,110.0,-4.971232870782321
215,2.15,0.06569054510463913,-0.8915230381934037,7.238825072381779,-1.638486760314095,9.723734263015462,-2.1606130908705046,0.0,-20.0,-20.0,110.0,-4.956952612055753
216,2.16,0.0748184298931948,-0.9036101932855568,7.221331235511861,-1.6401016150031726,9.723464002843379,-2.1701744793108513,0.0,-20.0,-20.0,110.0,-4.942723453329869
217,2.17,0.08394631468175047,-0.9156973483777098,7.203837398641943,-1.6417164225150942,9.723193477066635,-2.1797358522874832,0.0,-20.0,-20.0,110.0,-4.928545730936281
218,2.18,0.09307419947030612,-0.9277845034698625,7.186343561772024,-1.6433311828037935,9.722922685693224,-2.1892972097856642,0.0,-20.0,-20.0,110.0,-4.914419782804821
219,2.19,0.10220208425886178,-0.939871658562015,7.168849724902106,-1.6449458958232057,9.72265162873114,-2.198858551790664,0.0,-20.0,-20.0,110.0,-4.900345948448905
220,2.2,0.11132996904741743,-0.9519588136541675,7.151355888032188,-1.646560561527274,9.7223803061884,-2.208419878287773,0.0,-20.0,-20.0,110.0,-4.886324568950257
221,2.21,0.12045785383597309,-0.9640459687463196,7.13386205116227,-1.6481751798699402,9.722108718073015,-2.217981189262282,0.0,-20.0,-20.0,110.0,-4.872355986942836
222,2.22,0.12958573862452874,-0.9761331238384716,7.1163682142923514,-1.649789750805149,9.72183686439301,-2.227542484699474,0.0,-20.0,-20.0,110.0,-4.858440546596082
223,2.23,0.1387136234130844,-0.9882202789306234,7.098874377422433,-1.651404274286843,9.72156474515642,-2.2371037645846243,0.0,-20.0,-20.0,110.0,-4.844578593597426
224,2.24,0.14784150820164005,-1.0003074340227749,7.081380540552515,-1.6530187502689693,9.721292360371283,-2.246665028903018,0.0,-20.0,-20.0,110.0,-4.830770475133984
225,2.25,0.1569693929901957,-1.0123945891149264,7.063886703682597,-1.6546331787054795,9.721019710045644,-2.256226277639954,0.0,-20.0,-20.0,110.0,-4.817016539873547
226,2.2600000000000002,0.16609727777875133,-1.0244817442070777,7.0463928668126785,-1.6562475595503225,9.720746794187566,-2.265787510780711,0.0,-20.0,-20.0,110.0,-4.803317137944733
227,2.27,0.17522516256730697,-1.0365688992992288,7.02889902994276,-1.6578618927574518,9.720473612805105,-2.2753487283105813,0.0,-20.0,-20.0,110.0,-4.7896726209163605
228,2.2800000000000002,0.1843530473558626,-1.0486560543913797,7.011405193072842,-1.6594761782808205,9.720200165906338,-2.2849099302148486,0.0,-20.0,-20.0,110.0,-4.776083341775983
229,2.29,0.19348093214441825,-1.0607432094835303,6.993911356202924,-1.6610904160743876,9.719926453499339,-2.2944711164788223,0.0,-20.0,-20.0,110.0,-4.7625496549076125
230,2.3000000000000003,0.2026088169329739,-1.0728303645756807,6.976417519333006,-1.662704606092113,9.719652475592193,-2.304032287087799,0.0,-20.0,-20.0,110.0,-4.749071916068582
231,2.31,0.21173670172152953,-1.084917519667831,6.958923682463087,-1.6643187482879567,9.719378232193,-2.313593442027077,0.0,-20.0,-20.0,110.0,-4.735650482365524
232,2.32,0.22086458651008517,-1.097004674759981,6.941429845593169,-1.6659328426158757,9.719103723309836,-2.3231545812819343,0.0,-20.0,-20.0,110.0,-4.722285712229518
233,2.33,0.2299924712986408,-1.109091829852131,6.923936008723251,-1.6675468890298442,9.71882894895086,-2.3327157048377005,0.0,-20.0,-20.0,110.0,-4.708977965390317
234,2.34,0.23912035608719645,-1.1211789849442808,6.906442171853333,-1.6691608874838233,9.718553909124163,-2.342276812679666,0.0,-20.0,-20.0,110.0,-4.695727602849655
235,2.35,0.2482482408757521,-1.1332661400364303,6.888948334983414,-1.6707748379317822,9.718278603837868,-2.351837904793126,0.0,-20.0,-20.0,110.0,-4.6825349868536295
236,2.36,0.25737612566430773,-1.1453532951285796,6.871454498113496,-1.6723887403276922,9.718003033100114,-2.361398981163406,0.0,-20.0,-20.0,110.0,-4.669400480864207
237,2.37,0.26650401045286337,-1.1574404502207287,6.853960661243578,-1.6740025946255281,9.717727196919041,-2.3709600417758225,0.0,-20.0,-20.0,110.0,-4.656324449529652
238,2.38,0.275631895241419,-1.1695276053128776,6.83646682437366,-1.675616400779263,9.717451095302792,-2.380521086615679,0.0,-20.0,-20.0,110.0,-4.643307258654112
239,2.39,0.28475978002997465,-1.1816147604050264,6.8189729875037415,-1.6772301587428755,9.71717472825953,-2.3900821156682945,0.0,-20.0,-20.0,110.0,-4.630349275166151
240,2.4,0.2938876648185303,-1.193701915497175,6.801479150633823,-1.6788438684703424,9.716898095797415,-2.399643128918985,0.0,-20.0,-20.0,110.0,-4.617450867086272
241,2.41,0.30301554960708593,-1.2057890705893235,6.783985313763905,-1.6804575299156437,9.71662119792462,-2.4092041263530586,0.0,-20.0,-20.0,110.0,-4.604612403493497
242,2.42,0.3121434343956416,-1.2178762256814717,6.766491476893987,-1.6820711430327617,9.716344034649328,-2.4187651079558306,0.0,-20.0,-20.0,110.0,-4.59183425449081
243,2.43,0.3212713191841972,-1.2299633807736197,6.7489976400240685,-1.6836847077756814,9.716066605979721,-2.4283260737126224,0.0,-20.0,-20.0,110.0,-4.579116791169683
244,2.44,0.33039920397275285,-1.2420505358657674,6.73150380315415,-1.6852982240983883,9.715788911924,-2.4378870236087584,0.0,-20.0,-20.0,110.0,-4.566460385573397
245,2.45,0.3395270887613085,-1.254137690957915,6.714009966284232,-1.68691169195487,9.715510952490362,-2.4474479576295542,0.0,-20.0,-20.0,110.0,-4.5538654106594265
246,2.46,0.34865497354986413,-1.2662248460500625,6.696516129414314,-1.6885251112991195,9.715232727687024,-2.4570088757603523,0.0,-20.0,-20.0,110.0,-4.5413322402606635
247,2.47,0.3577828583384198,-1.2783120011422098,6.679022292544396,-1.6901384820851277,9.7149542375222,-2.4665697779864706,0.0,-20.0,-20.0,110.0,-4.528861249045535
248,2.48,0.3669107431269754,-1.2903991562343569,6.661528455674477,-1.6917518042668944,9.714675482004116,-2.4761306642932697,0.0,-20.0,-20.0,110.0,-4.516452812477015
249,2.49,0.37603862791553105,-1.3024863113265037,6.644034618804559,-1.6933650777984177,9.714396461141007,-2.48569153466609,0.0,-20.0,-20.0,110.0,-4.504107306770526
250,2.5,0.3851665127040867,-1.3145734664186504,6.626540781934641,-1.694978302633692,9.714117174941112,-2.4952523890902496,0.0,-20.0,-20.0,110.0,-4.491825108850689
251,2.5100000000000002,0.39429439749264233,-1.3266606215107968,6.609046945064723,-1.6965914787267178,9.713837623412685,-2.5048132275510735,0.0,-20.0,-20.0,110.0,-4.479606596306872
252,2.52,0.4034222822811979,-1.338747776602943,6.5915531081948044,-1.6982046060314988,9.713557806563983,-2.514374050033913,0.0,-20.0,-20.0,110.0,-4.467452147347614
253,2.5300000000000002,0.4125501670697535,-1.3508349316950892,6.574059271324886,-1.699817684502037,9.71327772440327,-2.5239348565240936,0.0,-20.0,-20.0,110.0,-4.455362140753872
254,2.54,0.4216780518583091,-1.3629220867872351,6.556565434454968,-1.7014307140923388,9.712997376938816,-2.533495647006958,0.0,-20.0,-20.0,110.0,-4.443336955831017
255,2.5500000000000003,0.4308059366468647,-1.375009241879381,6.53907159758505,-1.7030436947564147,9.712716764178905,-2.5430564214678606,0.0,-20.0,-20.0,110.0,-4.431376972359662
256,2.56,0.43993382143542026,-1.3870963969715264,6.5215777607151315,-1.7046566264482759,9.712435886131827,-2.5526171798921418,0.0,-20.0,-20.0,110.0,-4.419482570545208
257,2.57,0.44906170622397584,-1.3991835520636717,6.504083923845213,-1.706269509121935,9.712154742805872,-2.56217792226516,0.0,-20.0,-20.0,110.0,-4.407654130966315
258,2.58,0.4581895910125314,-1.4112707071558168,6.486590086975295,-1.7078823427314058,9.711873334209349,-2.571738648572256,0.0,-20.0,-20.0,110.0,-4.39589203452188
259,2.59,0.467317475801087,-1.4233578622479617,6.469096250105377,-1.7094951272307055,9.711591660350566,-2.58129935879878,0.0,-20.0,-20.0,110.0,-4.384196662376964
260,2.6,0.4764453605896426,-1.4354450173401065,6.451602413235459,-1.7111078625738507,9.711309721237841,-2.590860052930077,0.0,-20.0,-20.0,110.0,-4.372568395907356
261,2.61,0.4855732453781982,-1.4475321724322512,6.43410857636554,-1.7127205487148593,9.711027516879511,-2.6004207309514946,0.0,-20.0,-20.0,110.0,-4.361007616642889
262,2.62,0.49470113016675377,-1.4596193275243956,6.416614739495622,-1.7143331856077575,9.710745047283897,-2.6099813928484075,0.0,-20.0,-20.0,110.0,-4.349514706209396
263,2.63,0.5038290149553094,-1.4717064826165398,6.399120902625704,-1.7159457732065715,9.710462312459352,-2.6195420386061796,0.0,-20.0,-20.0,110.0,-4.3380900462695156
264,2.64,0.512956899743865,-1.4837936377086838,6.381627065755786,-1.7175583114653283,9.710179312414223,-2.6291026682101775,0.0,-20.0,-20.0,110.0,-4.326734018461984
265,2.65,0.5220847845324207,-1.4958807928008275,6.364133228885867,-1.719170800338055,9.709896047156866,-2.638663281645748,0.0,-20.0,-20.0,110.0,-4.315447004339819
266,2.66,0.5312126693209763,-1.507967947892971,6.346639392015949,-1.720783239778779,9.709612516695627,-2.6482238788982584,0.0,-20.0,-20.0,110.0,-4.304229385307
267,2.67,0.540340554109532,-1.5200551029851146,6.329145555146031,-1.7223956297415393,9.70932872103892,-2.657784459953076,0.0,-20.0,-20.0,110.0,-4.293081542553971
268,2.68,0.5494684388980876,-1.532142258077258,6.311651718276113,-1.7240079701803666,9.709044660195111,-2.667345024795563,0.0,-20.0,-20.0,110.0,-4.282003856991647
269,2.69,0.5585963236866432,-1.544229413169401,6.2941578814061945,-1.725620261049297,9.708760334172585,-2.676905573411086,0.0,-20.0,-20.0,110.0,-4.270996709184213
270,2.7,0.5677242084751989,-1.5563165682615439,6.276664044536276,-1.7272325023023707,9.708475742979736,-2.6864661057850263,0.0,-20.0,-20.0,110.0,-4.260060479280459
271,2.71,0.5768520932637544,-1.5684037233536865,6.259170207666358,-1.7288446938936295,9.708190886624973,-2.6960266219027673,0.0,-20.0,-20.0,110.0,-4.249195546943856
272,2.72,0.58597997805231,-1.580490878445829,6.24167637079644,-1.730456835777119,9.707905765116704,-2.705587121749695,0.0,-20.0,-20.0,110.0,-4.2384022912811465
273,2.73,0.5951078628408655,-1.5925780335379711,6.2241825339265215,-1.7320689279068826,9.707620378463357,-2.715147605311177,0.0,-20.0,-20.0,110.0,-4.227681090769719
274,2.74,0.604235747629421,-1.6046651886301133,6.206688697056603,-1.7336809702369678,9.70733472667335,-2.724708072572596,0.0,-20.0,-20.0,110.0,-4.21703232318348
275,2.75,0.6133636324179765,-1.6167523437222553,6.189194860186685,-1.7352929627214209,9.707048809755127,-2.734268523519325,0.0,-20.0,-20.0,110.0,-4.2064563655174325
276,2.7600000000000002,0.6224915172065321,-1.628839498814397,6.171701023316767,-1.7369049053142949,9.706762627717124,-2.743828958136751,0.0,-20.0,-20.0,110.0,-4.19595359391082
277,2.77,0.6316194019950876,-1.6409266539065386,6.154207186446849,-1.7385167979696423,9.706476180567796,-2.7533893764102633,0.0,-20.0,-20.0,110.0,-4.1855243835689615
278,2.7800000000000002,0.6407472867836431,-1.65301380899868,6.13671334957693,-1.7401286406415186,9.706189468315602,-2.7629497783252455,0.0,-20.0,-20.0,110.0,-4.175169108683662
279,2.79,0.6498751715721987,-1.665100964090821,6.119219512707012,-1.7417404332839794,9.70590249096901,-2.7725101638670857,0.0,-20.0,-20.0,110.0,-4.164888142352254
280,2.8000000000000003,0.6590030563607542,-1.6771881191829618,6.101725675837094,-1.743352175851084,9.705615248536485,-2.782070533021168,0.0,-20.0,-20.0,110.0,-4.154681856495306
281,2.81,0.6681309411493097,-1.6892752742751027,6.084231838967176,-1.7449638682968918,9.70532774102652,-2.7916308857728787,0.0,-20.0,-20.0,110.0,-4.1445506217729
282,2.82,0.6772588259378652,-1.7013624293672434,6.066738002097257,-1.746575510575471,9.7050399684476,-2.801191222107639,0.0,-20.0,-20.0,110.0,-4.134494807499557
283,2.83,0.6863867107264208,-1.7134495844593838,6.049244165227339,-1.7481871026408844,9.704751930808223,-2.810751542010833,0.0,-20.0,-20.0,110.0,-4.124514781557872
284,2.84,0.6955145955149763,-1.725536739551524,6.031750328357421,-1.7497986444472,9.7044636281169,-2.8203118454678617,0.0,-20.0,-20.0,110.0,-4.114610910310677
285,2.85,0.7046424803035318,-1.737623894643664,6.014256491487503,-1.751410135948488,9.704175060382134,-2.8298721324641294,0.0,-20.0,-20.0,110.0,-4.104783558511927
286,2.86,0.7137703650920874,-1.7497110497358037,5.9967626546175845,-1.7530215770988218,9.70388622761245,-2.839432402985047,0.0,-20.0,-20.0,110.0,-4.095033089216225
287,2.87,0.7228982498806429,-1.7617982048279432,5.979268817747666,-1.7546329678522725,9.703597129816375,-2.848992657016012,0.0,-20.0,-20.0,110.0,-4.085359863687046
288,2.88,0.7320261346691984,-1.7738853599200828,5.961774980877748,-1.7562443081629155,9.70330776700245,-2.858552894542427,0.0,-20.0,-20.0,110.0,-4.075764241303505
289,2.89,0.7411540194577539,-1.785972515012222,5.94428114400783,-1.7578555979848265,9.703018139179214,-2.8681131155496886,0.0,-20.0,-20.0,110.0,-4.0662465794660205
290,2.9,0.7502819042463095,-1.7980596701043612,5.926787307137912,-1.759466837272088,9.702728246355221,-2.87767332002322,0.0,-20.0,-20.0,110.0,-4.056807233500481
291,2.91,0.759409789034865,-1.8101468251965,5.909293470267993,-1.7610780259787826,9.70243808853903,-2.8872335079484417,0.0,-20.0,-20.0,110.0,-4.047446556561228
292,2.92,0.7685376738234205,-1.8222339802886387,5.891799633398074,-1.7626891640589948,9.702147665739208,-2.8967936793107687,0.0,-20.0,-20.0,110.0,-4.0381648995327355
293,2.93,0.7776655586119761,-1.8343211353807771,5.874305796528155,-1.7643002514668102,9.70185697796433,-2.9063538340956154,0.0,-20.0,-20.0,110.0,-4.028962610930027
294,2.94,0.7867934434005316,-1.8464082904729153,5.856811959658236,-1.765911288156315,9.701566025222979,-2.915913972288392,0.0,-20.0,-20.0,110.0,-4.019840036797846
295,2.95,0.7959213281890871,-1.8584954455650535,5.839318122788317,-1.7675222740815995,9.701274807523742,-2.925474093874517,0.0,-20.0,-20.0,110.0,-4.010797520608606
296,2.96,0.8050492129776426,-1.8705826006571915,5.821824285918398,-1.7691332091967555,9.700983324875223,-2.935034198839414,0.0,-20.0,-20.0,110.0,-4.001835403159138
297,2.97,0.8141770977661982,-1.8826697557493293,5.804330449048479,-1.77074409345588,9.700691577286024,-2.944594287168514,0.0,-20.0,-20.0,110.0,-3.99295402246624
298,2.98,0.8233049825547537,-1.8947569108414668,5.7868366121785595,-1.7723549268130667,9.700399564764757,-2.9541543588472337,0.0,-20.0,-20.0,110.0,-3.9841537136610525
299,2.99,0.8324328673433092,-1.9068440659336041,5.76934277530864,-1.773965709222416,9.70010728732005,-2.9637144138610094,0.0,-20.0,-20.0,110.0,-3.975434808882325
300,3.0,0.8415607521318648,-1.9189312210257412,5.751848938438721,-1.7755764406380266,9.699814744960525,-2.9732744521952665,0.0,-20.0,-20.0,110.0,-3.9667976371685527
301,3.0100000000000002,0.8506886369204203,-1.931018376117878,5.734355101568802,-1.7771871210140031,9.699521937694822,-2.9828344738354438,0.0,-20.0,-20.0,110.0,-3.95824252434898
302,3.02,0.8598165217089758,-1.943105531210015,5.716861264698883,-1.778797750304453,9.699228865531586,-2.9923944787669914,0.0,-20.0,-20.0,110.0,-3.9497697929336204
303,3.0300000000000002,0.8689444064975314,-1.9551926863021516,5.699367427828964,-1.7804083284634837,9.698935528479467,-3.0019544669753477,0.0,-20.0,-20.0,110.0,-3.941379762002138
304,3.04,0.8780722912860869,-1.967279841394288,5.681873590959045,-1.7820188554452039,9.698641926547127,-3.0115144384459436,0.0,-20.0,-20.0,110.0,-3.9330727470918245
305,3.0500000000000003,0.8872001760746424,-1.9793669964864242,5.664379754089126,-1.7836293312037237,9.69834805974323,-3.0210743931642194,0.0,-20.0,-20.0,110.0,-3.924849060084543
306,3.06,0.8963280608631979,-1.9914541515785602,5.6468859172192065,-1.7852397556931574,9.69805392807646,-3.030634331115625,0.0,-20.0,-20.0,110.0,-3.91670900909272
307,3.0700000000000003,0.9054559456517535,-2.003541306670696,5.629392080349287,-1.7868501288676173,9.697759531555493,-3.0401942522855863,0.0,-20.0,-20.0,110.0,-3.9086528983444864
308,3.08,0.914583830440309,-2.015628461762832,5.611898243479368,-1.7884604506812225,9.69746487018902,-3.049754156659558,0.0,-20.0,-20.0,110.0,-3.9006810280678823
309,3.09,0.9237117152288645,-2.0277156168549673,5.594404406609449,-1.790070721088093,9.697169943985742,-3.059314044222997,0.0,-20.0,-20.0,110.0,-3.8927936943742485
310,3.1,0.9328396000174201,-2.0398027719471026,5.57691056973953,-1.7916809400423468,9.696874752954363,-3.06887391496133,0.0,-20.0,-20.0,110.0,-3.884991189140851
311,3.11,0.9419674848059756,-2.0518899270392374,5.559416732869611,-1.793291107498109,9.6965792971036,-3.0784337688600156,0.0,-20.0,-20.0,110.0,-3.877273799892729
312,3.12,0.9510953695945311,-2.0639770821313723,5.541922895999692,-1.7949012234095065,9.696283576442175,-3.0879936059045074,0.0,-20.0,-20.0,110.0,-3.8696418096837997
313,3.13,0.9602232543830866,-2.076064237223507,5.524429059129773,-1.7965112877306675,9.695987590978815,-3.0975534260802706,0.0,-20.0,-20.0,110.0,-3.8620954969773247
314,3.14,0.9693511391716422,-2.0881513923156416,5.5069352222598535,-1.7981213004157222,9.69569134072226,-3.1071132293727617,0.0,-20.0,-20.0,110.0,-3.854635135525734
315,3.15,0.9784790239601977,-2.100238547407776,5.489441385389934,-1.799731261418801,9.695394825681252,-3.1166730157674296,0.0,-20.0,-20.0,110.0,-3.8472609942498512
316,3.16,0.9876069087487532,-2.11232570249991,5.471947548520015,-1.801341170694036,9.695098045864547,-3.12623278524973,0.0,-20.0,-20.0,110.0,-3.8399733371176747
317,3.17,0.9967347935373088,-2.124412857592044,5.454453711650096,-1.8029510281955705,9.694801001280904,-3.1357925378051608,0.0,-20.0,-20.0,110.0,-3.832772423022509
318,3.18,1.0058626783258642,-2.1365000126841776,5.436959874780177,-1.8045608338775407,9.694503691939092,-3.1453522734191797,0.0,-20.0,-20.0,110.0,-3.8256585056608143
319,3.19,1.0149905631144196,-2.148587167776311,5.419466037910258,-1.8061705876940874,9.694206117847884,-3.1549119920772464,0.0,-20.0,-20.0,110.0,-3.8186318334095732
320,3.2,1.024118447902975,-2.1606743228684446,5.401972201040339,-1.807780289599351,9.693908279016066,-3.164471693764828,0.0,-20.0,-20.0,110.0,-3.811692649203381
321,3.21,1.0332463326915304,-2.1727614779605777,5.38447836417042,-1.8093899395474784,9.69361017545243,-3.1740313784673972,0.0,-20.0,-20.0,110.0,-3.8048411904112305
322,3.22,1.0423742174800859,-2.184848633052711,5.366984527300501,-1.8109995374926149,9.693311807165774,-3.1835910461704313,0.0,-20.0,-20.0,110.0,-3.7980776887130707
323,3.23,1.0515021022686413,-2.1969357881448435,5.3494906904305815,-1.8126090833889115,9.693013174164903,-3.193150696859409,0.0,-20.0,-20.0,110.0,-3.791402369976226
324,3.24,1.0606299870571967,-2.209022943236976,5.331996853560662,-1.8142185771905202,9.692714276458641,-3.2027103305198126,0.0,-20.0,-20.0,110.0,-3.7848154541316426
325,3.25,1.069757871845752,-2.2211100983291083,5.314503016690743,-1.8158280188515925,9.6924151140558,-3.21226994713711,0.0,-20.0,-20.0,110.0,-3.7783171550502126
326,3.2600000000000002,1.0788857566343075,-2.2331972534212405,5.297009179820824,-1.8174374083262828,9.692115686965213,-3.2218295466967817,0.0,-20.0,-20.0,110.0,-3.771907680418961
327,3.27,1.088013641422863,-2.2452844085133727,5.279515342950905,-1.8190467455687493,9.691815995195718,-3.2313891291843118,0.0,-20.0,-20.0,110.0,-3.7655872316174266
328,3.2800000000000002,1.0971415262114184,-2.2573715636055045,5.262021506080986,-1.8206560305331558,9.69151603875616,-3.240948694585208,0.0,-20.0,-20.0,110.0,-3.759356003594067
329,3.29,1.1062694109999738,-2.2694587186976363,5.244527669211067,-1.822265263173662,9.691215817655394,-3.2505082428849468,0.0,-20.0,-20.0,110.0,-3.753214184742985
330,3.3000000000000003,1.1153972957885292,-2.2815458737897676,5.227033832341148,-1.823874443444427,9.690915331902259,-3.2600677740690025,0.0,-20.0,-20.0,110.0,-3.747161956780853
331,3.31,1.1245251805770846,-2.293633028881899,5.2095399954712285,-1.8254835712996211,9.690614581505667,-3.269627288122863,0.0,-20.0,-20.0,110.0,-3.7411994946241593
332,3.3200000000000003,1.13365306536564,-2.30572018397403,5.192046158601309,-1.8270926466934079,9.69031356647447,-3.2791867850320138,0.0,-20.0,-20.0,110.0,-3.735326966266884
333,3.33,1.1427809501541955,-2.3178073390661607,5.17455232173139,-1.8287016695799623,9.690012286817556,-3.2887462647819707,0.0,-20.0,-20.0,110.0,-3.729544532658607
334,3.34,1.1519088349427509,-2.3298944941582915,5.157058484861471,-1.8303106399134552,9.689710742543816,-3.2983057273582173,0.0,-20.0,-20.0,110.0,-3.7238523475832292
335,3.35,1.1610367197313063,-2.341981649250422,5.139564647991552,-1.8319195576480625,9.689408933662149,-3.307865172746263,0.0,-20.0,-20.0,110.0,-3.718250557538201
336,3.36,1.1701646045198617,-2.3540688043425524,5.122070811121633,-1.8335284227379622,9.689106860181464,-3.317424600931621,0.0,-20.0,-20.0,110.0,-3.7127393016144836
337,3.37,1.1792924893084171,-2.3661559594346824,5.104576974251714,-1.8351372351373323,9.688804522110674,-3.3269840118997855,0.0,-20.0,-20.0,110.0,-3.7073187113772628
338,3.38,1.1884203740969725,-2.3782431145268124,5.087083137381795,-1.8367459948003548,9.688501919458698,-3.336543405636268,0.0,-20.0,-20.0,110.0,-3.7019889107474158
339,3.39,1.197548258885528,-2.390330269618942,5.0695893005118755,-1.8383547016812134,9.688199052234472,-3.3461027821265827,0.0,-20.0,-20.0,110.0,-3.696750015884011
340,3.4,1.2066761436740834,-2.4024174247110714,5.052095463641956,-1.8399633557340953,9.687895920446934,-3.3556621413562446,0.0,-20.0,-20.0,110.0,-3.6916021350675745
341,3.41,1.2158040284626388,-2.414504579803201,5.034601626772037,-1.8415719569131865,9.687592524105028,-3.3652214833107523,0.0,-20.0,-20.0,110.0,-3.6865453685845893
342,3.42,1.2249319132511942,-2.42659173489533,5.017107789902118,-1.8431805051726775,9.68728886321771,-3.374780807975624,0.0,-20.0,-20.0,110.0,-3.6815798086129714
343,3.43,1.2340597980397496,-2.438678889987459,4.999613953032199,-1.844789000466759,9.686984937793934,-3.3843401153363737,0.0,-20.0,-20.0,110.0,-3.6767055391087826
344,3.44,1.243187682828305,-2.450766045079588,4.98212011616228,-1.8463974427496272,9.686680747842678,-3.3938994053785287,0.0,-20.0,-20.0,110.0,-3.6719226356942416
345,3.45,1.2523155676168605,-2.4628532001717165,4.964626279292361,-1.8480058319754749,9.686376293372915,-3.4034586780875924,0.0,-20.0,-20.0,110.0,-3.6672311655469563
346,3.46,1.2614434524054159,-2.4749403552638447,4.947132442422442,-1.849614168098502,9.686071574393628,-3.4130179334490887,0.0,-20.0,-20.0,110.0,-3.6626311872907245
347,3.47,1.2705713371939713,-2.487027510355973,4.9296386055525225,-1.8512224510729094,9.685766590913811,-3.4225771714485447,0.0,-20.0,-20.0,110.0,-3.658122750887633
348,3.48,1.2796992219825267,-2.499114665448101,4.912144768682603,-1.8528306808529007,9.685461342942464,-3.432136392071492,0.0,-20.0,-20.0,110.0,-3.6537058975319074
349,3.49,1.2888271067710821,-2.511201820540229,4.894650931812684,-1.8544388573926787,9.685155830488595,-3.441695595303444,0.0,-20.0,-20.0,110.0,-3.649380659545241
350,3.5,1.2979549915596376,-2.5232889756323567,4.877157094942765,-1.8560469806464504,9.68485005356122,-3.45125478112993,0.0,-20.0,-20.0,110.0,-3.64514706027391
351,3.5100000000000002,1.307082876348193,-2.535376130724484,4.859663258072846,-1.8576550505684253,9.684544012169342,-3.4608139495364982,0.0,-20.0,-20.0,110.0,-3.6410051139876303
352,3.52,1.3162107611367484,-2.5474632858166113,4.842169421202927,-1.8592630671128232,9.684237706322028,-3.470373100508694,0.0,-20.0,-20.0,110.0,-3.6369548257802937
353,3.5300000000000002,1.3253386459253038,-2.559550440908738,4.824675584333008,-1.8608710302338516,9.683931136028301,-3.4799322340320407,0.0,-20.0,-20.0,110.0,-3.632996191472614
354,3.54,1.3344665307138592,-2.571637596000865,4.807181747463089,-1.8624789398857273,9.683624301297204,-3.4894913500920866,0.0,-20.0,-20.0,110.0,-3.6291291975167854
355,3.5500000000000003,1.3435944155024147,-2.583724751092992,4.78968791059317,-1.8640867960226706,9.683317202137793,-3.4990504486743754,0.0,-20.0,-20.0,110.0,-3.625353820903142
356,3.56,1.35272230029097,-2.5958119061851184,4.77219407372325,-1.8656945985988957,9.68300983855913,-3.5086095297644206,0.0,-20.0,-20.0,110.0,-3.6216700290691013
357,3.5700000000000003,1.3618501850795255,-2.607899061277245,4.754700236853331,-1.8673023475686297,9.682702210570282,-3.5181685933477858,0.0,-20.0,-20.0,110.0,-3.6180777798101245
358,3.58,1.370978069868081,-2.619986216369371,4.737206399983412,-1.8689100428860932,9.68239431818033,-3.5277276394099997,0.0,-20.0,-20.0,110.0,-3.6145770211931056
359,3.59,1.3801059546566363,-2.632073371461497,4.719712563113493,-1.8705176845055154,9.682086161398356,-3.537286667936621,0.0,-20.0,-20.0,110.0,-3.611167691472038
360,3.6,1.3892338394451917,-2.6441605265536223,4.702218726243574,-1.8721252723811252,9.681777740233452,-3.5468456789132006,0.0,-20.0,-20.0,110.0,-3.607849719006056
361,3.61,1.3983617242337472,-2.656247681645748,4.684724889373655,-1.8737328064671548,9.681469054694718,-3.556404672325299,0.0,-20.0,-20.0,110.0,-3.60462302218005
362,3.62,1.4074896090223026,-2.6683348367378734,4.667231052503736,-1.8753402867178397,9.681160104791262,-3.5659636481584895,0.0,-20.0,-20.0,110.0,-3.6014875093276912
363,3.63,1.416617493810858,-2.6804219918299985,4.649737215633817,-1.8769477130874186,9.680850890532204,-3.5755226063983288,0.0,-20.0,-20.0,110.0,-3.5984430786571635
364,3.64,1.4257453785994134,-2.6925091469221236,4.6322433787638975,-1.8785550855301274,9.680541411926662,-3.5850815470303745,0.0,-20.0,-20.0,110.0,-3.595489618179473
365,3.65,1.4348732633879688,-2.7045963020142483,4.614749541893978,-1.8801624040002056,9.680231668983767,-3.5946404700401873,0.0,-20.0,-20.0,110.0,-3.5926270056395184
366,3.66,1.4440011481765243,-2.716683457106373,4.597255705024059,-1.8817696684518963,9.67992166171266,-3.604199375413332,0.0,-20.0,-20.0,110.0,-3.589855108449919
367,3.67,1.4531290329650797,-2.728770612198497,4.57976186815414,-1.8833768788394425,9.679611390122487,-3.6137582631353666,0.0,-20.0,-20.0,110.0,-3.587173783627645
368,3.68,1.462256917753635,-2.7408577672906214,4.562268031284221,-1.88498403511709,9.679300854222404,-3.623317133191843,0.0,-20.0,-20.0,110.0,-3.584582877733569
369,3.69,1.4713848025421905,-2.7529449223827456,4.544774194414302,-1.8865911372390851,9.67899005402157,-3.6328759855683312,0.0,-20.0,-20.0,110.0,-3.5820822268149337
370,3.7,1.480512687330746,-2.7650320774748693,4.527280357544383,-1.8881981851596812,9.678678989529157,-3.6424348202504033,0.0,-20.0,-20.0,110.0,-3.5796716563507167
371,3.71,1.4896405721193013,-2.777119232566993,4.509786520674464,-1.8898051788331316,9.678367660754343,-3.6519936372236406,0.0,-20.0,-20.0,110.0,-3.577350981200196
372,3.72,1.4987684569078568,-2.7892063876591164,4.492292683804544,-1.8914121182136945,9.678056067706308,-3.6615524364736265,0.0,-20.0,-20.0,110.0,-3.575120005554351
373,3.73,1.5078963416964122,-2.8012935427512398,4.474798846934624,-1.893019003255628,9.677744210394248,-3.6711112179859446,0.0,-20.0,-20.0,110.0,-3.5729785228905877
374,3.74,1.5170242264849676,-2.8133806978433626,4.457305010064704,-1.8946258339131905,9.677432088827363,-3.680669981746165,0.0,-20.0,-20.0,110.0,-3.570926315930451
375,3.75,1.526152111273523,-2.8254678529354855,4.439811173194784,-1.89623261014064,9.677119703014862,-3.6902287277398544,0.0,-20.0,-20.0,110.0,-3.568963156600617
376,3.7600000000000002,1.5352799960620784,-2.8375550080276084,4.422317336324864,-1.8978393318922417,9.67680705296596,-3.6997874559525887,0.0,-20.0,-20.0,110.0,-3.567088805997054
377,3.77,1.5444078808506339,-2.849642163119731,4.404823499454944,-1.8994459991222659,9.676494138689883,-3.709346166369983,0.0,-20.0,-20.0,110.0,-3.565303014352418
378,3.7800000000000002,1.5535357656391893,-2.8617293182118533,4.3873296625850235,-1.9010526117849775,9.676180960195833,-3.718904858977611,0.0,-20.0,-20.0,110.0,-3.5636055210067834
379,3.79,1.5626636504277447,-2.8738164733039753,4.3698358257151035,-1.9026591698346553,9.675867517493101,-3.728463533761078,0.0,-20.0,-20.0,110.0,-3.5619960543815714
380,3.8000000000000003,1.5717915352163,-2.8859036283960973,4.3523419888451835,-1.9042656732255696,9.675553810590907,-3.738022190705977,0.0,-20.0,-20.0,110.0,-3.5604743319569487
381,3.81,1.5809194200048555,-2.897990783488219,4.3348481519752635,-1.9058721219119976,9.675239839498506,-3.747580829797911,0.0,-20.0,-20.0,110.0,-3.5590400602523937
382,3.8200000000000003,1.590047304793411,-2.9100779385803404,4.3173543151053435,-1.9074785158482188,9.67492560422516,-3.757139451022478,0.0,-20.0,-20.0,110.0,-3.5576929348107535
383,3.83,1.5991751895819664,-2.922165093672462,4.2998604782354235,-1.9090848549885098,9.674611104780142,-3.766698054365273,0.0,-20.0,-20.0,110.0,-3.5564326401856152
384,3.84,1.6083030743705218,-2.934252248764583,4.2823666413655035,-1.9106911392871573,9.674296341172727,-3.7762566398119057,0.0,-20.0,-20.0,110.0,-3.555258849932051
385,3.85,1.6174309591590772,-2.946339403856704,4.2648728044955835,-1.9122973686984455,9.673981313412197,-3.785815207347988,0.0,-20.0,-20.0,110.0,-3.5541712266007743
386,3.86,1.6265588439476326,-2.958426558948825,4.2473789676256635,-1.913903543176655,9.673666021507849,-3.7953737569590875,0.0,-20.0,-20.0,110.0,-3.55316942173567
387,3.87,1.635686728736188,-2.9705137140409454,4.2298851307557435,-1.915509662676077,9.673350465468982,-3.804932288630814,0.0,-20.0,-20.0,110.0,-3.5522530758747375
388,3.88,1.6448146135247435,-2.9826008691330657,4.2123912938858235,-1.9171157271510035,9.673034645304904,-3.8144908023487942,0.0,-20.0,-20.0,110.0,-3.5514218185543935
389,3.89,1.6539424983132989,-2.994688024225186,4.194897457015903,-1.9187217365557274,9.672718561024928,-3.8240492980986347,0.0,-20.0,-20.0,110.0,-3.550675268317159
390,3.9,1.6630703831018543,-3.006775179317306,4.177403620145983,-1.9203276908445468,9.672402212638385,-3.833607775865962,0.0,-20.0,-20.0,110.0,-3.550013032722761
391,3.91,1.6721982678904097,-3.018862334409426,4.159909783276063,-1.9219335899717591,9.6720856001546,-3.8431662356363785,0.0,-20.0,-20.0,110.0,-3.5494347083625533
392,3.92,1.6813261526789651,-3.0309494895015456,4.142415946406143,-1.9235394338916654,9.671768723582916,-3.8527246773955097,0.0,-20.0,-20.0,110.0,-3.5489398808772945
393,3.93,1.6904540374675205,-3.043036644593665,4.124922109536223,-1.925145222558568,9.67145158293268,-3.8622831011289747,0.0,-20.0,-20.0,110.0,-3.5485281249782354
394,3.94,1.699581922256076,-3.0551237996857843,4.107428272666303,-1.9267509559267677,9.67113417821324,-3.871841506822377,0.0,-20.0,-20.0,110.0,-3.5481990044715914
395,3.95,1.7087098070446314,-3.067210954777903,4.089934435796383,-1.9283566339505747,9.670816509433964,-3.881399894461359,0.0,-20.0,-20.0,110.0,-3.547952072286188
396,3.96,1.7178376918331868,-3.079298109870022,4.072440598926463,-1.9299622565843015,9.67049857660422,-3.8909582640315583,0.0,-20.0,-20.0,110.0,-3.547786870504401
397,3.97,1.7269655766217422,-3.091385264962141,4.054946762056543,-1.9315678237822562,9.670180379733388,-3.9005166155185913,0.0,-20.0,-20.0,110.0,-3.547702930396292
398,3.98,1.7360934614102976,-3.1034724200542594,4.037452925186623,-1.9331733354987535,9.66986191883085,-3.9100749489080897,0.0,-20.0,-20.0,110.0,-3.547699772457059
399,3.99,1.745221346198853,-3.115559575146378,4.019959088316703,-1.9347787916881065,9.669543193906001,-3.919633264185664,0.0,-20.0,-20.0,110.0,-3.5477769064474116
400,4.0,1.7543492309874085,-3.127646730238496,4.002465251446783,-1.9363841923046323,9.669224204968241,-3.929191561336947,0.0,-20.0,-20.0,110.0,-3.547933831437209
401,4.01,1.7634771157759639,-3.139733885330614,3.9849714145768633,-1.9379895373026526,9.66890495202698,-3.938749840347588,0.0,-20.0,-20.0,110.0,-3.5481700358521375
402,4.0200000000000005,1.7726050005645193,-3.1518210404227314,3.9674775777069433,-1.939594826636496,9.668585435091629,-3.948308101203242,0.0,-20.0,-20.0,110.0,-3.548484997523324
403,4.03,1.7817328853530747,-3.163908195514849,3.9499837408370233,-1.941200060260485,9.668265654171615,-3.957866343889547,0.0,-20.0,-20.0,110.0,-3.548878183740027
404,4.04,1.7908607701416301,-3.1759953506069665,3.9324899039671033,-1.9428052381289467,9.66794560927637,-3.9674245683921394,0.0,-20.0,-20.0,110.0,-3.549349051305122
405,4.05,1.7999886549301856,-3.1880825056990836,3.9149960670971833,-1.9444103601962095,9.667625300415331,-3.97698277469666,0.0,-20.0,-20.0,110.0,-3.5498970465935367
406,4.0600000000000005,1.809116539718741,-3.2001696607912007,3.8975022302272633,-1.9460154264166072,9.667304727597948,-3.9865409627887667,0.0,-20.0,-20.0,110.0,-3.550521605613412
407,4.07,1.8182444245072964,-3.2122568158833174,3.8800083933573433,-1.9476204367444752,9.666983890833668,-3.996099132654113,0.0,-20.0,-20.0,110.0,-3.55122215407001
408,4.08,1.8273723092958518,-3.224343970975434,3.8625145564874233,-1.9492253911341493,9.666662790131962,-4.005657284278341,0.0,-20.0,-20.0,110.0,-3.5519981074323512
409,4.09,1.8365001940844072,-3.2364311260675502,3.8450207196175032,-1.950830289539967,9.666341425502297,-4.0152154176471075,0.0,-20.0,-20.0,110.0,-3.5528488710023436
410,4.1,1.8456280788729627,-3.2485182811596665,3.8275268827475832,-1.952435131916271,9.666019796954151,-4.024773532746074,0.0,-20.0,-20.0,110.0,-3.5537738399865444
411,4.11,1.854755963661518,-3.2606054362517827,3.8100330458776632,-1.9540399182173998,9.665697904496984,-4.034331629560885,0.0,-20.0,-20.0,110.0,-3.5547723995703353
412,4.12,1.8638838484500735,-3.2726925913438984,3.792539209007743,-1.9556446483977101,9.665375748140335,-4.043889708077231,0.0,-20.0,-20.0,110.0,-3.5558439249944933
413,4.13,1.873011733238629,-3.2847797464360142,3.775045372137823,-1.9572493224115426,9.665053327893682,-4.053447768280754,0.0,-20.0,-20.0,110.0,-3.556987781634061
414,4.14,1.8821396180271843,-3.2968669015281296,3.757551535267903,-1.95885394021325,9.664730643766534,-4.063005810157131,0.0,-20.0,-20.0,110.0,-3.5582033250794836
415,4.15,1.8912675028157397,-3.308954056620245,3.740057698397983,-1.9604585017571838,9.664407695768404,-4.072563833692016,0.0,-20.0,-20.0,110.0,-3.5594899012198615
416,4.16,1.9003953876042952,-3.3210412117123598,3.722563861528063,-1.9620630069976972,9.664084483908816,-4.082121838871074,0.0,-20.0,-20.0,110.0,-3.5608468463283196
417,4.17,1.9095232723928506,-3.3331283668044747,3.705070024658143,-1.9636674558891496,9.663761008197309,-4.091679825679982,0.0,-20.0,-20.0,110.0,-3.562273487149282
418,4.18,1.918651157181406,-3.3452155218965896,3.687576187788223,-1.9652718483859015,9.663437268643412,-4.101237794104428,0.0,-20.0,-20.0,110.0,-3.5637691409877825
419,4.19,1.9277790419699614,-3.357302676988704,3.670082350918303,-1.9668761844423122,9.66311326525668,-4.110795744130071,0.0,-20.0,-20.0,110.0,-3.565333115800427
420,4.2,1.9369069267585168,-3.3693898320808184,3.652588514048383,-1.968480464012745,9.662788998046661,-4.120353675742583,0.0,-20.0,-20.0,110.0,-3.5669647102882323
421,4.21,1.9460348115470723,-3.3814769871729324,3.635094677178463,-1.9700846870515696,9.662464467022922,-4.129911588927659,0.0,-20.0,-20.0,110.0,-3.5686632139910013
422,4.22,1.9551626963356277,-3.3935641422650464,3.617600840308543,-1.9716888535131558,9.662139672195028,-4.139469483670992,0.0,-20.0,-20.0,110.0,-3.5704279073833076
423,4.23,1.964290581124183,-3.40565129735716,3.600107003438623,-1.9732929633518719,9.661814613572558,-4.1490273599582475,0.0,-20.0,-20.0,110.0,-3.5722580619718696
424,4.24,1.9734184659127385,-3.4177384524492735,3.582613166568703,-1.9748970165220912,9.661489291165099,-4.158585217775112,0.0,-20.0,-20.0,110.0,-3.5741529403944035
425,4.25,1.982546350701294,-3.429825607541387,3.565119329698783,-1.9765010129781906,9.661163704982242,-4.1681430571072875,0.0,-20.0,-20.0,110.0,-3.5761117965195686
426,4.26,1.9916742354898493,-3.4419127626335,3.547625492828863,-1.9781049526745476,9.660837855033588,-4.177700877940457,0.0,-20.0,-20.0,110.0,-3.57813387554825
427,4.2700000000000005,2.0008021202784048,-3.4539999177256133,3.530131655958943,-1.9797088355655412,9.660511741328746,-4.187258680260308,0.0,-20.0,-20.0,110.0,-3.5802184141158513
428,4.28,2.00993000506696,-3.466087072817726,3.512637819089023,-1.9813126616055552,9.660185363877332,-4.196816464052541,0.0,-20.0,-20.0,110.0,-3.5823646403955465
429,4.29,2.019057889855515,-3.4781742279098387,3.495143982219103,-1.982916430748975,9.659858722688966,-4.206374229302861,0.0,-20.0,-20.0,110.0,-3.584571774202467
430,4.3,2.0281857746440703,-3.490261383001951,3.477650145349183,-1.9845201429501895,9.659531817773283,-4.215931975996966,0.0,-20.0,-20.0,110.0,-3.5868390270986685
431,4.3100000000000005,2.0373136594326255,-3.502348538094063,3.460156308479263,-1.9861237981635835,9.659204649139921,-4.225489704120535,0.0,-20.0,-20.0,110.0,-3.5891656024987713
432,4.32,2.0464415442211807,-3.5144356931861753,3.4426624716093426,-1.9877273963435513,9.658877216798526,-4.235047413659289,0.0,-20.0,-20.0,110.0,-3.59155069577619
433,4.33,2.055569429009736,-3.526522848278287,3.425168634739422,-1.9893309374444872,9.658549520758752,-4.244605104598932,0.0,-20.0,-20.0,110.0,-3.5939934943699545
434,4.34,2.064697313798291,-3.538610003370399,3.4076747978695017,-1.9909344214207865,9.658221561030262,-4.254162776925169,0.0,-20.0,-20.0,110.0,-3.596493177891795
435,4.3500000000000005,2.0738251985868463,-3.55069715846251,3.390180960999581,-1.9925378482268492,9.657893337622722,-4.263720430623712,0.0,-20.0,-20.0,110.0,-3.599048918233683
436,4.36,2.0829530833754015,-3.5627843135546216,3.3726871241296608,-1.9941412178170685,9.657564850545794,-4.2732780656802465,0.0,-20.0,-20.0,110.0,-3.6016598796754895
437,4.37,2.0920809681639567,-3.5748714686467324,3.3551932872597403,-1.9957445301458576,9.657236099809205,-4.28283568208051,0.0,-20.0,-20.0,110.0,-3.604325218992782
438,4.38,2.101208852952512,-3.5869586237388433,3.33769945038982,-1.9973477851676202,9.656907085422622,-4.292393279810223,0.0,-20.0,-20.0,110.0,-3.6070440855647283
439,4.39,2.110336737741067,-3.5990457788309542,3.3202056135198994,-1.9989509828367629,9.656577807395747,-4.301950858855095,0.0,-20.0,-20.0,110.0,-3.609815621481767
440,4.4,2.1194646225296223,-3.6111329339230647,3.302711776649979,-2.0005541231076944,9.656248265738292,-4.311508419200837,0.0,-20.0,-20.0,110.0,-3.612638961653353
441,4.41,2.1285925073181775,-3.623220089015175,3.2852179397800585,-2.002157205934832,9.655918460459969,-4.321065960833191,0.0,-20.0,-20.0,110.0,-3.615513233915233
442,4.42,2.1377203921067327,-3.635307244107285,3.267724102910138,-2.0037602312725897,9.655588391570497,-4.330623483737888,0.0,-20.0,-20.0,110.0,-3.618437559136523
443,4.43,2.146848276895288,-3.647394399199395,3.2502302660402176,-2.0053631990753877,9.655258059079612,-4.340180987900664,0.0,-20.0,-20.0,110.0,-3.6214110513263096
444,4.44,2.155976161683843,-3.6594815542915047,3.232736429170297,-2.006966109297646,9.654927462997053,-4.349738473307246,0.0,-20.0,-20.0,110.0,-3.624432817739728
445,4.45,2.1651040464723983,-3.6715687093836142,3.2152425923003767,-2.0085689618937868,9.654596603332564,-4.359295939943376,0.0,-20.0,-20.0,110.0,-3.627501958983466
446,4.46,2.1742319312609535,-3.683655864475724,3.1977487554304562,-2.0101717568182327,9.6542654800959,-4.368853387794774,0.0,-20.0,-20.0,110.0,-3.630617569120573
447,4.47,2.1833598160495087,-3.695743019567833,3.1802549185605358,-2.011774494025409,9.653934093296822,-4.378410816847166,0.0,-20.0,-20.0,110.0,-3.633778735774502
448,4.48,2.192487700838064,-3.707830174659942,3.1627610816906153,-2.0133771734697476,9.6536024429451,-4.387968227086307,0.0,-20.0,-20.0,110.0,-3.636984540232291
449,4.49,2.201615585626619,-3.7199173297520507,3.145267244820695,-2.0149797951056794,9.653270529050513,-4.39752561849793,0.0,-20.0,-20.0,110.0,-3.6402340575468086
450,4.5,2.2107434704151743,-3.7320044848441594,3.1277734079507744,-2.016582358887638,9.65293835162284,-4.407082991067784,0.0,-20.0,-20.0,110.0,-3.6435263566380196
451,4.51,2.2198713552037295,-3.7440916399362676,3.110279571080854,-2.018184864770061,9.652605910671879,-4.416640344781611,0.0,-20.0,-20.0,110.0,-3.646860500393153
452,4.5200000000000005,2.2289992399922847,-3.756178795028376,3.0927857342109335,-2.0197873127073858,9.652273206207429,-4.42619767962516,0.0,-20.0,-20.0,110.0,-3.6502355457657036
453,4.53,2.23812712478084,-3.768265950120484,3.075291897341013,-2.0213897026540546,9.651940238239298,-4.435754995584182,0.0,-20.0,-20.0,110.0,-3.653650543873202
454,4.54,2.247255009569395,-3.780353105212592,3.0577980604710926,-2.0229920345645134,9.651607006777299,-4.445312292644445,0.0,-20.0,-20.0,110.0,-3.6571045400936915
455,4.55,2.2563828943579503,-3.7924402603046996,3.040304223601172,-2.024594308393206,9.651273511831254,-4.454869570791695,0.0,-20.0,-20.0,110.0,-3.6605965741607998
456,4.5600000000000005,2.2655107791465054,-3.804527415396807,3.0228103867312517,-2.026196524094581,9.650939753411,-4.464426830011679,0.0,-20.0,-20.0,110.0,-3.664125680257468
457,4.57,2.2746386639350606,-3.8166145704889143,3.0053165498613312,-2.0277986816230857,9.650605731526372,-4.473984070290155,0.0,-20.0,-20.0,110.0,-3.667690887108051
458,4.58,2.283766548723616,-3.828701725581021,2.987822712991411,-2.029400780933178,9.650271446187215,-4.4835412916128945,0.0,-20.0,-20.0,110.0,-3.6712912180689394
459,4.59,2.292894433512171,-3.840788880673128,2.9703288761214903,-2.0310028219793126,9.649936897403384,-4.493098493965675,0.0,-20.0,-20.0,110.0,-3.674925691217527
460,4.6000000000000005,2.3020223183007262,-3.852876035765235,2.95283503925157,-2.0326048047159473,9.649602085184739,-4.502655677334248,0.0,-20.0,-20.0,110.0,-3.678593319439485
461,4.61,2.3111502030892814,-3.8649631908573414,2.9353412023816494,-2.0342067290975385,9.649267009541147,-4.512212841704372,0.0,-20.0,-20.0,110.0,-3.6822931105143297
462,4.62,2.3202780878778366,-3.877050345949448,2.917847365511729,-2.035808595078549,9.648931670482488,-4.521769987061817,0.0,-20.0,-20.0,110.0,-3.6860240671992193
463,4.63,2.329405972666392,-3.889137501041554,2.9003535286418085,-2.0374104026134456,9.64859606801865,-4.531327113392362,0.0,-20.0,-20.0,110.0,-3.6897851873107905
464,4.64,2.338533857454947,-3.90122465613366,2.882859691771888,-2.039012151656695,9.648260202159516,-4.540884220681781,0.0,-20.0,-20.0,110.0,-3.693575463805239
465,4.65,2.347661742243502,-3.9133118112257654,2.8653658549019676,-2.040613842162766,9.647924072914995,-4.550441308915852,0.0,-20.0,-20.0,110.0,-3.6973938848564094
466,4.66,2.3567896270320574,-3.925398966317871,2.847872018032047,-2.0422154740861314,9.64758768029499,-4.559998378080341,0.0,-20.0,-20.0,110.0,-3.7012394339318453
467,4.67,2.3659175118206126,-3.9374861214099766,2.8303781811621267,-2.0438170473812645,9.647251024309414,-4.569555428161039,0.0,-20.0,-20.0,110.0,-3.7051110898669752
468,4.68,2.375045396609168,-3.9495732765020817,2.8128843442922062,-2.0454185620026397,9.646914104968173,-4.579112459143723,0.0,-20.0,-20.0,110.0,-3.7090078269370035
469,4.69,2.384173281397723,-3.961660431594187,2.795390507422286,-2.047020017904744,9.646576922281238,-4.588669471014206,0.0,-20.0,-20.0,110.0,-3.7129286149269203
470,4.7,2.393301166186278,-3.9737475866862915,2.7778966705523653,-2.0486214150420574,9.646239476258522,-4.598226463758267,0.0,-20.0,-20.0,110.0,-3.716872419199214
471,4.71,2.4024290509748334,-3.985834741778396,2.760402833682445,-2.0502227533690585,9.645901766909974,-4.607783437361679,0.0,-20.0,-20.0,110.0,-3.7208382007595278
472,4.72,2.4115569357633886,-3.9979218968705004,2.742908996812524,-2.0518240328402326,9.645563794245547,-4.6173403918102265,0.0,-20.0,-20.0,110.0,-3.724824916320059
473,4.73,2.420684820551944,-4.010009051962605,2.725415159942603,-2.053425253410072,9.645225558275207,-4.6268973270897105,0.0,-20.0,-20.0,110.0,-3.7288315183606815
474,4.74,2.429812705340499,-4.022096207054709,2.707921323072682,-2.0550264150330673,9.644887059008916,-4.63645424318594,0.0,-20.0,-20.0,110.0,-3.732856955187963
475,4.75,2.438940590129054,-4.034183362146813,2.6904274862027613,-2.056627517663715,9.644548296456653,-4.646011140084729,0.0,-20.0,-20.0,110.0,-3.736900170991691
476,4.76,2.4480684749176094,-4.046270517238916,2.6729336493328404,-2.0582285612565077,9.6442092706284,-4.655568017771862,0.0,-20.0,-20.0,110.0,-3.7409601058993185
477,4.7700000000000005,2.4571963597061646,-4.05835767233102,2.6554398124629195,-2.059829545765946,9.64386998153415,-4.665124876233146,0.0,-20.0,-20.0,110.0,-3.745035696027924
478,4.78,2.4663242444947198,-4.070444827423123,2.6379459755929986,-2.0614304711465294,9.643530429183903,-4.67468171545439,0.0,-20.0,-20.0,110.0,-3.749125873533873
479,4.79,2.475452129283275,-4.082531982515226,2.6204521387230777,-2.0630313373527605,9.643190613587665,-4.684238535421392,0.0,-20.0,-20.0,110.0,-3.753229566660223
480,4.8,2.48458001407183,-4.094619137607329,2.602958301853157,-2.0646321443391478,9.64285053475545,-4.693795336119986,0.0,-20.0,-20.0,110.0,-3.757345699781584
481,4.8100000000000005,2.4937078988603854,-4.106706292699432,2.585464464983236,-2.066232892060198,9.642510192697282,-4.703352117535968,0.0,-20.0,-20.0,110.0,-3.7614731934467254
482,4.82,2.5028357836489405,-4.118793447791535,2.567970628113315,-2.0678335804704178,9.642169587423192,-4.7129088796551475,0.0,-20.0,-20.0,110.0,-3.7656109644187876
483,4.83,2.5119636684374957,-4.130880602883637,2.550476791243394,-2.069434209524324,9.641828718943213,-4.722465622463346,0.0,-20.0,-20.0,110.0,-3.7697579257130123
484,4.84,2.521091553226051,-4.142967757975739,2.532982954373473,-2.071034779176428,9.641487587267394,-4.732022345946381,0.0,-20.0,-20.0,110.0,-3.7739129866321472
485,4.8500000000000005,2.530219438014606,-4.155054913067841,2.5154891175035523,-2.0726352893812483,9.641146192405786,-4.741579050090067,0.0,-20.0,-20.0,110.0,-3.778075052799425
486,4.86,2.5393473228031613,-4.167142068159943,2.4979952806336314,-2.074235740093307,9.64080453436845,-4.751135734880237,0.0,-20.0,-20.0,110.0,-3.78224302618908
487,4.87,2.5484752075917165,-4.179229223252045,2.4805014437637105,-2.0758361312671263,9.640462613165457,-4.760692400302728,0.0,-20.0,-20.0,110.0,-3.786415805154507
488,4.88,2.5576030923802717,-4.191316378344146,2.4630076068937896,-2.077436462857231,9.64012042880688,-4.7702490463433564,0.0,-20.0,-20.0,110.0,-3.790592284453984
489,4.89,2.566730977168827,-4.203403533436247,2.4455137700238687,-2.0790367348181467,9.639777981302805,-4.779805672987949,0.0,-20.0,-20.0,110.0,-3.794771355274003
490,4.9,2.575858861957382,-4.215490688528348,2.428019933153948,-2.080636947104403,9.63943527066332,-4.7893622802223375,0.0,-20.0,-20.0,110.0,-3.798951905250169
491,4.91,2.5849867467459373,-4.227577843620449,2.410526096284027,-2.0822370996705333,9.639092296898523,-4.798918868032371,0.0,-20.0,-20.0,110.0,-3.803132818485688
492,4.92,2.5941146315344925,-4.239664998712549,2.393032259414106,-2.0838371924710737,9.638749060018528,-4.808475436403893,0.0,-20.0,-20.0,110.0,-3.8073129755674966
493,4.93,2.6032425163230477,-4.25175215380465,2.375538422544185,-2.085437225460561,9.638405560033437,-4.818031985322734,0.0,-20.0,-20.0,110.0,-3.811491253579988
494,4.94,2.612370401111603,-4.26383930889675,2.3580445856742642,-2.0870371985935314,9.638061796953384,-4.827588514774725,0.0,-20.0,-20.0,110.0,-3.8156665261163334
495,4.95,2.621498285900158,-4.27592646398885,2.3405507488043433,-2.088637111824522,9.637717770788466,-4.837145024745701,0.0,-20.0,-20.0,110.0,-3.819837663287494
496,4.96,2.6306261706887133,-4.28801361908095,2.3230569119344224,-2.0902369651080903,9.637373481548872,-4.846701515221548,0.0,-20.0,-20.0,110.0,-3.824003531728824
497,4.97,2.6397540554772685,-4.30010077417305,2.3055630750645015,-2.091836758398779,9.637028929244721,-4.856257986188109,0.0,-20.0,-20.0,110.0,-3.8281629946043165
498,4.98,2.6488819402658237,-4.312187929265149,2.2880692381945806,-2.093436491651135,9.636684113886167,-4.865814437631221,0.0,-20.0,-20.0,110.0,-3.83231491160863
499,4.99,2.658009825054379,-4.324275084357248,2.2705754013246597,-2.0950361648197102,9.636339035483367,-4.875370869536751,0.0,-20.0,-20.0,110.0,-3.8364581389666528
500,5.0,2.667137709842934,-4.336362239449348,2.253081564454739,-2.0966357778590585,9.635993694046492,-4.884927281890538,0.0,-20.0,-20.0,110.0,-3.8405915294308435
501,5.01,2.6762655946314893,-4.348449394541447,2.235587727584818,-2.0982353307237367,9.635648089585715,-4.894483674678444,0.0,-20.0,-20.0,110.0,-3.858510001090754
502,5.0200000000000005,2.6853934794200445,-4.3605365496335455,2.218093890714897,-2.099834823368306,9.63530222211122,-4.904040047886342,0.0,-20.0,-20.0,110.0,-3.880115266016492
503,5.03,2.6945213642085997,-4.372623704725644,2.200600053844976,-2.101434255747324,9.6349560916332,-4.913596401500084,0.0,-20.0,-20.0,110.0,-3.9017096254615313
504,5.04,2.703649248997155,-4.3847108598177424,2.1831062169750552,-2.103033627815356,9.63460969816185,-4.923152735505531,0.0,-20.0,-20.0,110.0,-3.9232932569264327
505,5.05,2.71277713378571,-4.396798014909841,2.1656123801051343,-2.1046329395269665,9.634263041707378,-4.932709049888546,0.0,-20.0,-20.0,110.0,-3.944866334677705
506,5.0600000000000005,2.7219050185742653,-4.4088851700019385,2.1481185432352135,-2.1062321908367263,9.633916122279999,-4.942265344635011,0.0,-20.0,-20.0,110.0,-3.966429029834297
507,5.07,2.7310329033628205,-4.420972325094036,2.1306247063652926,-2.107831381699208,9.63356893988993,-4.9518216197308025,0.0,-20.0,-20.0,110.0,-3.9879815104518177
508,5.08,2.7401607881513756,-4.433059480186134,2.1131308694953717,-2.1094305120689834,9.6332214945474,-4.961377875161783,0.0,-20.0,-20.0,110.0,-4.009523941604641
509,5.09,2.749288672939931,-4.445146635278231,2.0956370326254508,-2.1110295819006257,9.632873786262646,-4.970934110913819,0.0,-20.0,-20.0,110.0,-4.031056485466038
510,5.1000000000000005,2.758416557728486,-4.457233790370329,2.07814319575553,-2.112628591148715,9.632525815045915,-4.980490326972802,0.0,-20.0,-20.0,110.0,-4.052579301386161
511,5.11,2.7675444425170412,-4.469320945462425,2.060649358885609,-2.1142275397678345,9.632177580907456,-4.990046523324615,0.0,-20.0,-20.0,110.0,-4.07409254596808
512,5.12,2.7766723273055964,-4.481408100554522,2.0431555220156876,-2.1158264277125687,9.63182908385753,-4.999602699955145,0.0,-20.0,-20.0,110.0,-4.095596373141808
513,5.13,2.7858002120941516,-4.493495255646619,2.0256616851457663,-2.1174252549375026,9.631480323906406,-5.009158856850277,0.0,-20.0,-20.0,110.0,-4.117090934236468
514,5.14,2.794928096882707,-4.5055824107387155,2.008167848275845,-2.1190240213972285,9.63113130106435,-5.018714993995916,0.0,-20.0,-20.0,110.0,-4.1385763780503675
515,5.15,2.804055981671262,-4.517669565830812,1.9906740114059238,-2.120622727046335,9.630782015341657,-5.028271111377952,0.0,-20.0,-20.0,110.0,-4.160052850919353
516,5.16,2.813183866459817,-4.529756720922908,1.9731801745360027,-2.1222213718394154,9.630432466748605,-5.03782720898227,0.0,-20.0,-20.0,110.0,-4.181520496783288
517,5.17,2.8223117512483724,-4.541843876015004,1.9556863376660816,-2.1238199557310624,9.630082655295498,-5.047383286794751,0.0,-20.0,-20.0,110.0,-4.202979457250624
518,5.18,2.8314396360369276,-4.5539310311070995,1.9381925007961605,-2.125418478675877,9.62973258099264,-5.0569393448013,0.0,-20.0,-20.0,110.0,-4.224429871661317
519,5.19,2.840567520825483,-4.566018186199195,1.9206986639262393,-2.127016940628463,9.629382243850342,-5.0664953829878385,0.0,-20.0,-20.0,110.0,-4.245871877147885
520,5.2,2.849695405614038,-4.57810534129129,1.9032048270563182,-2.1286153415434237,9.629031643878928,-5.07605140134027,0.0,-20.0,-20.0,110.0,-4.267305608694805
521,5.21,2.858823290402593,-4.590192496383385,1.885710990186397,-2.130213681375363,9.628680781088722,-5.0856073998444815,0.0,-20.0,-20.0,110.0,-4.288731199196242
522,5.22,2.8679511751911484,-4.60227965147548,1.8682171533164758,-2.131811960078889,9.628329655490065,-5.095163378486382,0.0,-20.0,-20.0,110.0,-4.31014877951208
523,5.23,2.8770790599797036,-4.614366806567575,1.8507233164465544,-2.133410177608615,9.627978267093297,-5.104719337251891,0.0,-20.0,-20.0,110.0,-4.331558478522369
524,5.24,2.886206944768259,-4.62645396165967,1.833229479576633,-2.135008333919152,9.627626615908772,-5.114275276126915,0.0,-20.0,-20.0,110.0,-4.352960423180176
525,5.25,2.895334829556814,-4.638541116751764,1.8157356427067117,-2.136606428965115,9.627274701946845,-5.123831195097363,0.0,-20.0,-20.0,110.0,-4.374354738562926
526,5.26,2.904462714345369,-4.650628271843858,1.7982418058367904,-2.138204462701125,9.626922525217882,-5.133387094149163,0.0,-20.0,-20.0,110.0,-4.395741547922145
527,5.2700000000000005,2.9135905991339244,-4.662715426935952,1.780747968966869,-2.139802435081801,9.626570085732261,-5.142942973268223,0.0,-20.0,-20.0,110.0,-4.417120972731795
528,5.28,2.9227184839224796,-4.674802582028046,1.7632541320969477,-2.141400346061764,9.626217383500359,-5.152498832440452,0.0,-20.0,-20.0,110.0,-4.438493132735135
529,5.29,2.9318463687110348,-4.68688973712014,1.7457602952270264,-2.1429981955956388,9.62586441853257,-5.162054671651766,0.0,-20.0,-20.0,110.0,-4.459858145990173
530,5.3,2.94097425349959,-4.698976892212233,1.728266458357105,-2.1445959836380566,9.625511190839292,-5.171610490888105,0.0,-20.0,-20.0,110.0,-4.481216128913668
531,5.3100000000000005,2.950102138288145,-4.711064047304326,1.7107726214871837,-2.1461937101436495,9.625157700430924,-5.1811662901354145,0.0,-20.0,-20.0,110.0,-4.502567196323884
532,5.32,2.9592300230767004,-4.723151202396419,1.6932787846172623,-2.147791375067046,9.624803947317858,-5.1907220693796114,0.0,-20.0,-20.0,110.0,-4.52391146148195
533,5.33,2.9683579078652556,-4.735238357488512,1.675784947747341,-2.1493889783628917,9.624449931510556,-5.200277828606646,0.0,-20.0,-20.0,110.0,-4.545249036131927
534,5.34,2.9774857926538107,-4.747325512580605,1.6582911108774196,-2.150986519985818,9.624095653019427,-5.209833567802441,0.0,-20.0,-20.0,110.0,-4.566580030539699
535,5.3500000000000005,2.986613677442366,-4.759412667672697,1.6407972740074983,-2.1525839998904654,9.623741111854901,-5.219389286952928,0.0,-20.0,-20.0,110.0,-4.587904553530474
536,5.36,2.995741562230921,-4.771499822764789,1.623303437137577,-2.154181418031477,9.62338630802743,-5.228944986044033,0.0,-20.0,-20.0,110.0,-4.609222712525285
537,5.37,3.0048694470194763,-4.783586977856881,1.6058096002676556,-2.1557787743634975,9.623031241547453,-5.238500665061706,0.0,-20.0,-20.0,110.0,-4.6305346135761924
538,5.38,3.0139973318080315,-4.795674132948974,1.5883157633977343,-2.1573760688411787,9.622675912425438,-5.248056323991904,0.0,-20.0,-20.0,110.0,-4.6518403614003425
539,5.39,3.0231252165965867,-4.807761288041065,1.570821926527813,-2.158973301419169,9.622320320671847,-5.2576119628205635,0.0,-20.0,-20.0,110.0,-4.6731400594130275
540,5.4,3.032253101385142,-4.819848443133156,1.5533280896578916,-2.160570472052122,9.621964466297149,-5.2671675815336405,0.0,-20.0,-20.0,110.0,-4.694433809759505
541,5.41,3.041380986173697,-4.831935598225248,1.5358342527879703,-2.1621675806946925,9.621608349311831,-5.276723180117074,0.0,-20.0,-20.0,110.0,-4.715721713345968
542,5.42,3.0505088709622523,-4.844022753317339,1.5183404159180487,-2.163764627301541,9.621251969726378,-5.28627875855683,0.0,-20.0,-20.0,110.0,-4.737003869869309
543,5.43,3.0596367557508075,-4.85610990840943,1.5008465790481271,-2.1653616118273264,9.620895327551283,-5.295834316838861,0.0,-20.0,-20.0,110.0,-4.758280377845988
544,5.44,3.0687646405393627,-4.868197063501521,1.4833527421782056,-2.1669585342267137,9.620538422797056,-5.305389854949124,0.0,-20.0,-20.0,110.0,-4.779551334639879
545,5.45,3.077892525327918,-4.880284218593611,1.465858905308284,-2.1685553944543656,9.620181255474206,-5.31494537287357,0.0,-20.0,-20.0,110.0,-4.800816836489294
546,5.46,3.087020410116473,-4.892371373685702,1.4483650684383624,-2.170152192464953,9.61982382559325,-5.3245008705981745,0.0,-20.0,-20.0,110.0,-4.822076978532882
547,5.47,3.0961482949050283,-4.904458528777792,1.4308712315684409,-2.1717489282131472,9.619466133164718,-5.334056348108896,0.0,-20.0,-20.0,110.0,-4.843331854834901
548,5.48,3.1052761796935835,-4.916545683869882,1.4133773946985193,-2.173345601653621,9.619108178199145,-5.343611805391705,0.0,-20.0,-20.0,110.0,-4.8645815584093715
549,5.49,3.1144040644821387,-4.928632838961971,1.3958835578285977,-2.174942212741051,9.618749960707067,-5.353167242432576,0.0,-20.0,-20.0,110.0,-4.885826181243607
550,5.5,3.123531949270694,-4.940719994054061,1.3783897209586762,-2.176538761430113,9.61839148069904,-5.362722659217469,0.0,-20.0,-20.0,110.0,-4.907065814320804
551,5.51,3.132659834059249,-4.9528071491461505,1.3608958840887546,-2.178135247675486,9.618032738185594,-5.372278055732363,0.0,-20.0,-20.0,110.0,-4.928300547641872
552,5.5200000000000005,3.1417877188478043,-4.96489430423824,1.343402047218833,-2.1797316714318633,9.617673733177337,-5.381833431963254,0.0,-20.0,-20.0,110.0,-4.949530470246536
553,5.53,3.1509156036363595,-4.976981459330329,1.3259082103489115,-2.1813280326539255,9.617314465684823,-5.39138878789611,0.0,-20.0,-20.0,110.0,-4.9707556702336655
554,5.54,3.1600434884249147,-4.9890686144224174,1.30841437347899,-2.1829243312963658,9.616954935718631,-5.400944123516934,0.0,-20.0,-20.0,110.0,-4.991976234780886
555,5.55,3.16917137321347,-5.001155769514506,1.2909205366090684,-2.1845205673138715,9.616595143289349,-5.4104994388116925,0.0,-20.0,-20.0,110.0,-5.013192250163498
556,5.5600000000000005,3.178299258002025,-5.013242924606595,1.2734266997391468,-2.1861167406611397,9.61623508840757,-5.420054733766385,0.0,-20.0,-20.0,110.0,-5.034403801772766
557,5.57,3.1874271427905803,-5.0253300796986835,1.2559328628692252,-2.187712851292864,9.615874771083899,-5.429610008366998,0.0,-20.0,-20.0,110.0,-5.055610974133458
558,5.58,3.1965550275791355,-5.037417234790771,1.2384390259993037,-2.189308899163746,9.615514191328941,-5.439165262599529,0.0,-20.0,-20.0,110.0,-5.076813850920861
559,5.59,3.2056829123676907,-5.049504389882859,1.220945189129382,-2.190904884228484,9.61515334915332,-5.4487204964499565,0.0,-20.0,-20.0,110.0,-5.0980125149771185
560,5.6000000000000005,3.214810797156246,-5.061591544974947,1.2034513522594605,-2.1925008064417812,9.614792244567662,-5.458275709904275,0.0,-20.0,-20.0,110.0,-5.1192070483270165
561,5.61,3.223938681944801,-5.073678700067035,1.185957515389539,-2.194096665758345,9.6144308775826,-5.467830902948491,0.0,-20.0,-20.0,110.0,-5.140397532193129
562,5.62,3.2330665667333562,-5.085765855159122,1.1684636785196172,-2.1956924621328877,9.61406924820877,-5.477386075568622,0.0,-20.0,-20.0,110.0,-5.161584047010538
563,5.63,3.2421944515219114,-5.0978530102512085,1.1509698416496954,-2.1972881955201204,9.613707356456827,-5.48694122775066,0.0,-20.0,-20.0,110.0,-5.182766672440859
564,5.64,3.2513223363104666,-5.109940165343295,1.1334760047797736,-2.1988838658747554,9.613345202337422,-5.49649635948061,0.0,-20.0,-20.0,110.0,-5.203945487385928
565,5.65,3.260450221099022,-5.122027320435382,1.1159821679098518,-2.20047947315151,9.612982785861222,-5.506051470744479,0.0,-20.0,-20.0,110.0,-5.225120570000826
566,5.66,3.269578105887577,-5.134114475527469,1.09848833103993,-2.2020750173051042,9.612620107038893,-5.515606561528283,0.0,-20.0,-20.0,110.0,-5.246291997706527
567,5.67,3.278705990676132,-5.146201630619555,1.0809944941700083,-2.203670498290259,9.61225716588112,-5.525161631818038,0.0,-20.0,-20.0,110.0,-5.267459847202055
568,5.68,3.2878338754646874,-5.158288785711641,1.0635006573000865,-2.2052659160616996,9.611893962398588,-5.534716681599754,0.0,-20.0,-20.0,110.0,-5.288624194476178
569,5.69,3.2969617602532426,-5.170375940803727,1.0460068204301647,-2.2068612705741555,9.611530496601993,-5.544271710859463,0.0,-20.0,-20.0,110.0,-5.309785114818724
570,5.7,3.306089645041798,-5.182463095895813,1.028512983560243,-2.208456561782356,9.611166768502027,-5.553826719583192,0.0,-20.0,-20.0,110.0,-5.330942682831393
571,5.71,3.315217529830353,-5.194550250987899,1.0110191466903211,-2.210051789641031,9.610802778109411,-5.563381707756947,0.0,-20.0,-20.0,110.0,-5.352096972438219
572,5.72,3.324345414618908,-5.2066374060799845,0.9935253098203993,-2.211646954104914,9.61043852543486,-5.572936675366747,0.0,-20.0,-20.0,110.0,-5.37151749959147
573,5.73,3.3334732994074634,-5.21872456117207,0.9760314729504775,-2.213242055128745,9.610074010489093,-5.5824916223986385,0.0,-20.0,-20.0,110.0,-5.388017614268452
574,5.74,3.3426011841960186,-5.230811716264155,0.9585376360805558,-2.214837092667262,9.609709233282846,-5.59204654883864,0.0,-20.0,-20.0,110.0,-5.404555145315514
575,5.75,3.351729068984574,-5.24289887135624,0.941043799210634,-2.216432066675207,9.609344193826857,-5.601601454672773,0.0,-20.0,-20.0,110.0,-5.421129811538412
576,5.76,3.360856953773129,-5.254986026448324,0.9235499623407122,-2.218026977107323,9.60897889213188,-5.611156339887072,0.0,-20.0,-20.0,110.0,-5.437741334181943
577,5.7700000000000005,3.369984838561684,-5.267073181540408,0.9060561254707903,-2.2196218239183603,9.608613328208662,-5.620711204467589,0.0,-20.0,-20.0,110.0,-5.4543894369115575
578,5.78,3.3791127233502394,-5.279160336632493,0.8885622886008684,-2.2212166070630683,9.608247502067972,-5.630266048400357,0.0,-20.0,-20.0,110.0,-5.471073845794923
579,5.79,3.3882406081387946,-5.291247491724577,0.8710684517309465,-2.222811326496198,9.607881413720571,-5.639820871671409,0.0,-20.0,-20.0,110.0,-5.48779428928341
580,5.8,3.3973684929273498,-5.303334646816661,0.8535746148610246,-2.2244059821725077,9.60751506317725,-5.649375674266802,0.0,-20.0,-20.0,110.0,-5.504550498193511
581,5.8100000000000005,3.406496377715905,-5.3154218019087445,0.8360807779911027,-2.226000574046758,9.607148450448783,-5.658930456172602,0.0,-20.0,-20.0,110.0,-5.52134220568822
582,5.82,3.41562426250446,-5.327508957000828,0.8185869411211808,-2.22759510207371,9.60678157554597,-5.668485217374857,0.0,-20.0,-20.0,110.0,-5.538169147258416
583,5.83,3.4247521472930154,-5.339596112092911,0.8010931042512589,-2.2291895662081256,9.606414438479609,-5.678039957859614,0.0,-20.0,-20.0,110.0,-5.5550310607041595
584,5.84,3.4338800320815706,-5.3516832671849945,0.783599267381337,-2.230783966404768,9.606047039260506,-5.687594677612917,0.0,-20.0,-20.0,110.0,-5.571927686116
585,5.8500000000000005,3.4430079168701258,-5.363770422277078,0.7661054305114151,-2.2323783026184034,9.605679377899483,-5.697149376620812,0.0,-20.0,-20.0,110.0,-5.588858765856304
586,5.86,3.452135801658681,-5.37585757736916,0.7486115936414932,-2.2339725748038033,9.605311454407358,-5.706704054869365,0.0,-20.0,-20.0,110.0,-5.6058240445405
587,5.87,3.461263686447236,-5.387944732461243,0.7311177567715712,-2.2355667829157464,9.604943268794967,-5.7162587123446595,0.0,-20.0,-20.0,110.0,-5.622823269018424
588,5.88,3.4703915712357913,-5.400031887553325,0.7136239199016492,-2.2371609269090036,9.604574821073143,-5.725813349032738,0.0,-20.0,-20.0,110.0,-5.639856188355608
589,5.89,3.4795194560243465,-5.412119042645408,0.6961300830317272,-2.238755006738354,9.604206111252736,-5.735367964919666,0.0,-20.0,-20.0,110.0,-5.656922553814591
590,5.9,3.4886473408129017,-5.424206197737489,0.6786362461618052,-2.2403490223585774,9.603837139344582,-5.744922559991509,0.0,-20.0,-20.0,110.0,-5.674022118836337
591,5.91,3.497775225601457,-5.436293352829571,0.6611424092918832,-2.241942973724466,9.60346790535958,-5.754477134234364,0.0,-20.0,-20.0,110.0,-5.691154639021556
592,5.92,3.506903110390012,-5.4483805079216525,0.6436485724219612,-2.2435368607908015,9.60309840930858,-5.764031687634298,0.0,-20.0,-20.0,110.0,-5.708319872112149
593,5.93,3.5160309951785673,-5.460467663013734,0.6261547355520392,-2.2451306835123734,9.602728651202455,-5.773586220177383,0.0,-20.0,-20.0,110.0,-5.725517577972697
594,5.94,3.5251588799671225,-5.472554818105816,0.6086608986821171,-2.246724441843973,9.602358631052091,-5.783140731849702,0.0,-20.0,-20.0,110.0,-5.742747518571952
595,5.95,3.5342867647556777,-5.484641973197896,0.5911670618121951,-2.248318135740395,9.601988348868383,-5.792695222637335,0.0,-20.0,-20.0,110.0,-5.760009457964422
596,5.96,3.543414649544233,-5.496729128289977,0.5736732249422731,-2.249911765156436,9.601617804662231,-5.802249692526357,0.0,-20.0,-20.0,110.0,-5.777303162271996
597,5.97,3.552542534332788,-5.508816283382058,0.556179388072351,-2.2515053300468937,9.60124699844454,-5.811804141502853,0.0,-20.0,-20.0,110.0,-5.79462839966566
598,5.98,3.5616704191213433,-5.5209034384741384,0.5386855512024289,-2.253098830366572,9.600875930226223,-5.821358569552914,0.0,-20.0,-20.0,110.0,-5.811984940347195
599,5.99,3.5707983039098985,-5.532990593566219,0.5211917143325068,-2.2546922660702737,9.600504600018203,-5.830912976662634,0.0,-20.0,-20.0,110.0,-5.829372556531102
600,6.0,3.5799261886984537,-5.545077748658299,0.5036978774625847,-2.2562856371128097,9.600133007831415,-5.840467362818108,0.0,-20.0,-20.0,110.0,-5.846791022426451
601,6.01,3.5904453442948228,-5.5569915209999,0.49431855007395914,-2.2664658088870606,9.841891583683125,-5.630079507757487,0.0,-20.0,-20.0,110.0,-5.695527694549701
602,6.0200000000000005,3.601041028321548,-5.569226093088422,0.4845473136748402,-1.4435839462334805,10.79374116000805,-2.366539003955615,0.0,-20.0,-20.0,110.0,-6.1564443718417445
603,6.03,3.6132920195295126,-5.581720927892015,0.483119653560027,0.06679753459663783,12.025749356433098,1.4024821030599774,0.0,-20.0,-20.0,110.0,-6.449902507641635
604,6.04,3.625847382799607,-5.594497684073705,0.4824796812644812,2.2591086383770502,13.242233941421908,5.943358107801671,0.0,-20.0,-20.0,110.0,-6.641016183113836
605,6.05,3.6384696201698956,-5.607411485640092,0.4817304735420679,5.268070472396728,14.092292323622253,12.439765209056302,0.0,-20.0,-20.0,110.0,-7.051947524808645
606,6.0600000000000005,3.6510807911298886,-5.620348068985,0.48080824946789597,8.703063661787562,14.342331299028396,19.7228064670674,0.0,-20.0,-20.0,110.0,-7.070623324944676
607,6.07,3.663668669818989,-5.633270164037157,0.4797894229186738,12.259846188473315,13.955107489476534,27.01997657395273,0.0,-20.0,-20.0,110.0,-7.120445482085289
608,6.08,3.6762297532057904,-5.646182267297503,0.4786800912725047,15.799082454644468,12.91391329023446,34.20117636849837,0.0,-20.0,-20.0,110.0,-7.167256947217058
609,6.09,3.6887579691704193,-5.659083980229171,0.4774819265632741,19.2018301013284,11.22868212498465,41.19440592233817,0.0,-20.0,-20.0,110.0,-7.219161149543265
610,6.1000000000000005,3.7012530740902783,-5.671973393565526,0.47619649180740337,22.3637263551171,8.929762480275643,47.94431672683433,0.0,-20.0,-20.0,110.0,-7.276333198409678
611,6.11,3.713712840860275,-5.684848449435864,0.4748249842314475,25.19953663466478,6.0634034164234745,54.418039691490556,0.0,-20.0,-20.0,110.0,-7.338024728903033
612,6.12,3.7261350899714505,-5.697707104823925,0.4733687019500728,27.643653744978916,2.6868374770209598,60.6077773044589,0.0,-20.0,-20.0,110.0,-7.403436509505619
613,6.13,3.7385176880097526,-5.710547334912351,0.47182904342668314,29.64685256275355,-1.1362764499720694,66.53025226660655,0.0,-20.0,-20.0,110.0,-7.471723741297518
614,6.140000000000001,3.750858530287286,-5.723367142833965,0.4702075161586154,31.170574698712606,-5.339206245114782,72.224275638204,0.0,4.6979087591171265,-20.0,110.0,-7.541952474790426
615,6.15,3.7631555618660752,-5.7361645504220125,0.4685057267738534,32.18018308186699,-9.853958209606013,77.74817529691641,0.0,20.0,-20.0,110.0,-7.613192012371283
616,6.16,3.7754068032742794,-5.74893760631127,0.4667253678055107,32.637777421836354,-14.61190650744797,83.17867987145972,0.0,20.0,-20.0,110.0,-7.6845466312452935
617,6.17,3.7876103268420582,-5.761684386599092,0.46486822678111644,32.494866549339505,-19.542859884628566,88.61128380710696,0.0,20.0,-20.0,110.0,-7.755138177710956
618,6.18,3.7997642544307317,-5.774402999164647,0.4629361876329243,31.684863531887746,-24.57264355615229,94.16260221072773,0.0,20.0,-20.0,110.0,-7.824104561270865
619,6.19,3.8118667675106246,-5.787091586410987,0.46093122425492994,30.11535501103858,-29.619106122926624,99.97464367737587,0.0,20.0,-20.0,110.0,-7.890630974582699
620,6.2,3.8239161091502707,-5.799748327054862,0.45885539827464433,27.660687877321042,-34.586280182291375,106.22009740724027,0.0,20.0,-20.0,110.0,-7.953964071917914
621,6.21,3.835910586226323,-5.812371438201753,0.45671085655407523,24.157370100734347,-39.35636892937643,113.10575655793353,0.0,20.0,-20.0,110.0,-8.013425213086764
622,6.22,3.8478485714659043,-5.824959177520653,0.45449982859017,19.4092090027645,-43.779740243984214,120.86684279456708,0.0,20.0,-20.0,110.0,-8.068421539642229
623,6.23,3.8597285054746426,-5.837509845272765,0.45222462380259515,13.217191292340267,-47.665022712625856,129.73699147309216,0.0,20.0,-20.0,110.0,-8.118455473592215
624,6.24,3.8715488986130713,-5.850021786543061,0.44988762861880954,5.457385342035169,-50.77609061329492,139.87044950527252,0.0,20.0,-13.795614242553711,110.0,-8.163131511643
625,6.25,3.883308332952498,-5.862493393182681,0.4474913034017384,-3.7814468534518393,-52.84986079842853,151.2046843643154,0.0,20.0,-1.8368764221668241,110.0,-8.202161722152107
626,6.26,3.8950054642679754,-5.874923105540075,0.44503817921998523,-14.058114029335572,-53.64956161474862,163.3209169274082,0.0,20.0,8.4331876039505,110.0,-8.235369593969255
627,6.2700000000000005,3.9066390202388304,-5.887309412340866,0.44253086022126636,-24.595158784897034,-53.04381970657665,175.460555094126,0.0,20.0,16.95655584335327,110.0,-8.26268641350884
628,6.28,3.9182078149162125,-5.899650857033993,0.4399720027737598,-34.54574503514124,-51.059749124996074,-173.2076964273501,0.0,20.0,20.0,110.0,-8.28417234018488
629,6.29,3.92971072207574,-5.911946035225885,0.4373643472740797,-43.322483295682005,-47.862287899444475,-163.25884767051303,0.0,20.0,20.0,110.0,-8.299949850952876
630,6.3,3.9411467095250203,-5.924193600303792,0.43471067408335057,-50.7156129172557,-43.68030601955545,-154.8933301236595,0.0,20.0,20.0,110.0,-8.310275084947433
631,6.3100000000000005,3.952514821675945,-5.9363922613899565,0.43201382420266166,-56.79351564933696,-38.73852510680361,-148.03647554998977,0.0,20.0,20.0,110.0,-8.315488294898662
632,6.32,3.9638141842039567,-5.948540786498802,0.42927669085993536,-61.75128909594351,-33.22412140316609,-142.4900543018607,0.0,20.0,20.0,110.0,-8.316010971964488
633,6.33,3.9750440052556324,-5.960638004054232,0.4265022158110212,-65.80849882668264,-27.280874609781723,-138.03478405666402,0.0,20.0,20.0,110.0,-8.312335265396397
634,6.34,3.986203576469862,-5.972682804269594,0.42369338573361764,-69.16336604194649,-21.015515379822094,-134.4766023112954,0.0,20.0,20.0,110.0,-8.30501219326937
635,6.3500000000000005,3.997292273917175,-5.984674140390704,0.4208532285937685,-71.98030843731819,-14.506708653947031,-131.65986400088528,0.0,20.0,20.0,110.0,-8.294639165159163
636,6.36,4.008309558831778,-5.996611029965116,0.4179848100210425,-74.3919437621087,-7.8129578176018555,-129.4664810290118,0.0,20.0,20.0,110.0,-8.281846507968048
637,6.37,4.019254978268818,-6.00849255601239,0.4150912296195215,-76.50582263096696,-0.9786331145716667,-127.81094253468731,0.0,20.0,20.0,110.0,-8.26728383531273
638,6.38,4.030128165645859,-6.020317868129068,0.4121756172439772,-78.41202089504502,5.961648679075838,-126.63542974903605,0.0,20.0,20.0,110.0,-8.251606400867502
639,6.390000000000001,4.0409288411827,-6.032086183511809,0.409241129238444,-80.1905762906364,12.979839778989138,-125.90663593341678,0.0,20.0,20.0,110.0,-8.235461791932709
640,6.4,4.051656812236773,-6.043796787899721,0.40629094464241455,-81.91907608103348,20.05203757702379,-125.6150530894572,0.0,20.0,20.0,110.0,-8.219477233846002
641,6.41,4.062311973533984,-6.0554490364341635,0.4033282613692559,-83.68153129919591,27.15643248966768,-125.7775925280892,0.0,20.0,20.0,110.0,-8.204247766115795
642,6.42,4.073251197348646,-6.067329036875742,0.4003933699162567,-85.58079468535333,34.271204045159344,-126.44514382951965,1469.6785888671875,20.0,20.0,109.9940071105957,-8.536078299023014
643,6.43,4.085007508061935,-6.079868950452793,0.3975241308824977,-87.75862744049977,41.37182807511051,-127.71937948581322,2200.0,20.0,20.0,109.98503684997559,-8.746700560700083
644,6.44,4.097756120197291,-6.093217483653496,0.39469371928822067,-90.43292642429532,48.426617644403294,-129.78778896896586,2200.0,20.0,20.0,109.97606658935547,-8.812972594818937
645,6.45,4.1114937896431485,-6.1073796396132805,0.39185680949862783,-93.97452977166014,55.38780059118734,-132.99850254213828,2200.0,20.0,20.0,109.96709632873535,-8.881245557166336
646,6.46,4.126216046327168,-6.122359312357586,0.3889693987249847,-99.0808466948698,62.17085589538724,-138.0324724606085,2200.0,20.0,20.0,109.95812606811523,-8.951726588088453
647,6.47,4.141917255849952,-6.138159400610773,0.38598754471594193,-107.19964300244504,68.59937767083622,-146.3262918650937,2200.0,20.0,20.0,109.94915580749512,-9.024539506406045
648,6.48,4.158590625968776,-6.154781804847702,0.3828674194643139,-121.51732712752519,74.240257807696,-161.05979814889037,2200.0,20.0,20.0,109.940185546875,-9.099723012125152
649,6.49,4.176228214438409,-6.172227425726108,0.3795653627169595,-147.49025369539694,77.9610380536813,172.31308394657222,2200.0,20.0,20.0,109.93121528625488,-9.17723072867179
650,6.5,4.1948209381919765,-6.190496163885357,0.37603793520642587,177.9458546916718,77.8939881312534,136.85520179099498,2200.0,20.0,20.0,109.92224502563477,-9.256932950382604
651,6.51,4.2143585838447715,-6.209586921093487,0.37224197152483524,152.76177138805582,74.13737599255906,110.53217013307639,2200.0,20.0,20.0,109.91327476501465,-9.338619942679053
652,6.5200000000000005,4.234829819492226,-6.2294976027334945,0.36813463256202483,139.18257654502304,68.59815983058535,95.56018261648121,2200.0,19.058520793914795,20.0,109.90430450439453,-9.422006573179772
653,6.53,4.256222207202912,-6.2502251221875165,0.36367345728550815,131.78257984649883,62.37452694571245,86.50080544741895,2200.0,-4.854478240013123,20.0,109.89533424377441,-9.50673634601265
654,6.54,4.27852221370368,-6.27176540705194,0.3588164116644893,127.49508562902524,55.8858887452908,80.27033276734666,2200.0,-20.0,20.0,109.8863639831543,-9.599283121533114
655,6.55,4.301715225458703,-6.294113380415563,0.35352195993126573,124.93705488869466,49.30658208437305,75.46392386953964,2200.0,-20.0,20.0,109.87739372253418,-9.731215875351008
656,6.5600000000000005,4.325785524384616,-6.317262994306549,0.3477490934021807,123.45173216589853,42.72365626833697,71.39833339355984,2200.0,-20.0,10.989992618560791,109.86842346191406,-9.867224172282764
657,6.57,4.350716321583402,-6.341207233911454,0.3414573864360245,122.702622391551,36.18982222700613,67.70547452478458,2200.0,-20.0,-2.409088760614395,109.85945320129395,-10.006712714318592
658,6.58,4.376489768947067,-6.365938122595414,0.33460704025290383,122.50762708491786,29.743339341338718,64.16589527653171,2200.0,-20.0,-10.808905363082886,109.85048294067383,-10.149093316408564
659,6.59,4.403086980985859,-6.391446736074106,0.3271589325341193,122.76613014937759,23.416693891028093,60.635267089035096,2200.0,-20.0,-15.402565002441404,109.84151268005371,-10.293742008727515
660,6.6000000000000005,4.430488077054686,-6.417723197526862,0.3190746447826277,123.42407508898651,17.241102542570058,57.00884553004886,2200.0,-20.0,-17.192741632461548,109.8325424194336,-10.44006650858857
661,6.61,4.458672209691571,-6.444756699320458,0.31031650873787786,124.4561843033639,11.249022972678286,53.20343720799118,2200.0,-20.0,-17.076919078826904,109.82357215881348,-10.587474507371251
662,6.62,4.48761760081159,-6.472535511034571,0.3008476474792598,125.85605112429901,5.475813128236679,49.1477808734986,2200.0,-20.0,-16.070338487625122,109.81460189819336,-10.73540456001903
663,6.63,4.517301571583769,-6.5010469942471465,0.29063201983474235,127.62988100614474,-0.039037205416818814,44.777534754760154,2200.0,-20.0,-14.575431346893312,109.80563163757324,-10.883326739982072
664,6.640000000000001,4.547700570057362,-6.530277615722151,0.2796344661429367,129.7916837461408,-5.250997081447005,40.03324069066843,2200.0,-20.0,-13.12018871307373,109.79666137695312,-11.030748835461786
665,6.65,4.578790198966346,-6.560212962031088,0.26782075334854744,132.3585711626341,-10.109989035044945,34.86070303177512,2200.0,-20.0,-12.468161582946777,109.78769111633301,-11.177221608421602
666,6.66,4.609286486934767,-6.589577357226888,0.27027139201071637,132.87501123581987,-14.282668630600602,30.688105009447302,2200.0,-20.0,-13.052527904510498,109.77872085571289,-10.48558511197872
667,6.67,4.640923191433582,-6.620174408681452,0.26438333985403917,130.2830064076676,-17.900277255712595,28.49856948433248,2200.0,-20.0,-4.882689118385315,109.76975059509277,-10.910218215563217
668,6.68,4.672320183531791,-6.650581001486997,0.2698682324119846,127.7875291839104,-21.746435630996906,26.617079142537623,2200.0,-20.0,-15.689761638641357,109.76078033447266,-10.964563239326228
669,6.69,4.704444152915288,-6.681753256120402,0.2724843919375281,125.36516523586054,-25.796843231789584,25.059254673976138,2200.0,-20.0,-20.0,109.75181007385254,-11.030443090646955
670,6.7,4.737207279412448,-6.713630551762108,0.27451945443944215,122.98413125335182,-30.02406508653055,23.84049283130576,2200.0,-20.0,-20.0,109.74283981323242,-11.101534849414662
671,6.71,4.770625900306751,-6.74624090904996,0.2760288759572022,120.60281316692986,-34.40154008464285,22.98436138764982,2200.0,-20.0,-20.0,109.7338695526123,-11.178057774870485
672,6.72,4.804714171450991,-6.779609910477464,0.2770698609292553,118.16629119247762,-38.9030316607621,22.52724317139588,2200.0,-20.0,-20.0,109.72489929199219,-11.26018912854745
673,6.73,4.839484020681448,-6.813760614943453,0.2777011720884714,115.60026005083674,-43.50170404514921,22.525280382418924,2200.0,-20.0,-20.0,109.71592903137207,-11.348059911514706
674,6.74,4.8749451091246545,-6.848713481479416,0.2779829346640276,112.80056942043014,-48.16859978054547,23.065447064160573,2200.0,-20.0,-20.0,109.70695877075195,-11.441749853515882
675,6.75,4.911104799866397,-6.884486301653112,0.27797643617204426,109.61502677240487,-52.87004783988156,24.284162488346745,2200.0,-20.0,-20.0,109.69798851013184,-11.541282621881315
676,6.76,4.947968133944094,-6.921094140655214,0.27774392254255836,105.81098456391496,-57.56300744491211,26.399973508136323,2200.0,-20.0,-20.0,109.68901824951172,-11.64662164411301
677,6.7700000000000005,4.985537813761062,-6.958549287249117,0.2773483911993085,101.01632499087985,-62.18617372690653,29.772734656817462,2200.0,-20.0,-20.0,109.6800479888916,-11.757666889801522
678,6.78,5.02381419405484,-6.996861212817773,0.2768533816967826,94.61252098108646,-66.64197739079287,35.01064071985856,2200.0,-20.0,-20.0,109.67107772827148,-11.874252826548677
679,6.79,5.0627952805215015,-7.036036539716342,0.27632276455297844,85.56126532222878,-70.75895491510755,43.143645554461415,2200.0,-20.0,-20.0,109.66210746765137,-11.996147665387621
680,6.8,5.102476736147298,-7.076079019084298,0.2758205289501889,72.27351803419394,-74.21781453434198,55.75443623790919,2200.0,-20.0,-20.0,109.65313720703125,-12.123053948853439
681,6.8100000000000005,5.14285189525078,-7.116989518213728,0.2754105699964577,53.320267524769946,-76.46050356540144,74.26768097846107,2200.0,-20.0,-20.0,109.64416694641113,-12.25461049063801
682,6.82,5.1839117851990775,-7.158766017521965,0.27515647624842365,30.49671669633415,-76.8230151927083,96.88584945903489,2200.0,-20.0,-20.0,109.63519668579102,-12.39039563776218
683,6.83,5.225645155730609,-7.201403617137045,0.275121318196653,9.876373480689573,-75.1583230223247,117.5351326791722,2200.0,-20.0,-20.0,109.6262264251709,-12.487461275532397
684,6.84,5.267711572807917,-7.24449749230891,0.2737703223281465,4.736943435181433,-76.72510792931143,122.45979080641305,2200.0,-20.0,-20.0,109.61725616455078,-12.309929089506507
685,6.8500000000000005,5.309941705213107,-7.287894629714441,0.27081551186301245,6.183704553537776,-80.59566707640901,120.6753448125581,2200.0,-20.0,-12.647055387496948,109.60828590393066,-12.294291879939381
686,6.86,5.352886899360427,-7.332197790805577,0.26810242537539114,9.875420404326366,-84.44809008434177,116.64918457739537,2200.0,-20.0,-20.0,109.59931564331055,-12.49994657907509
687,6.87,5.396429546485493,-7.377306763531449,0.26568358049111646,29.876523860948637,-88.16655277227494,96.31388978336481,2200.0,-20.0,-20.0,109.59034538269043,-12.626529836285117
688,6.88,5.440570433024752,-7.423233029423768,0.26329286896122406,158.6219398575962,-87.54099905682652,-32.766252133369925,2200.0,-20.0,-20.0,109.58137512207031,-12.751395619258782
689,6.890000000000001,5.4853041307549955,-7.4699801022888765,0.26086169690093963,171.6861456970551,-83.76551231770777,-46.166506132580395,2200.0,-20.0,-20.0,109.5724048614502,-12.874259621456305
690,6.9,5.530622479434227,-7.517547702190897,0.25832165403005897,174.7180069279788,-79.90962289986314,-49.53652757256704,2200.0,-20.0,-20.0,109.56343460083008,-12.994817731419632
691,6.91,5.576514623545294,-7.565931755929759,0.25560482938836704,175.97875547468712,-76.04029173673472,-51.13834694939167,2200.0,-20.0,-20.0,109.55446434020996,-13.112746505103583
692,6.92,5.622967061805894,-7.615124415202562,0.25264412492357974,176.61790854297016,-72.16669158572886,-52.12229781891372,2200.0,-20.0,-20.0,109.54549407958984,-13.227704686176546
693,6.93,5.669963709344006,-7.6651140926441785,0.24937356536442737,176.96647806935948,-68.29148572624472,-52.82023613335493,2200.0,-20.0,-20.0,109.53652381896973,-13.339335204932157
694,6.94,5.717485972129935,-7.7158855155162165,0.24572860282726672,177.1549243395454,-64.41574933677919,-53.36350389770376,2200.0,-20.0,-20.0,109.52755355834961,-13.447267369626315
695,6.95,5.765512833168384,-7.767419796648732,0.24164641469532164,177.2448471750655,-60.540014828299505,-53.81463051139233,2200.0,-20.0,-20.0,109.51858329772949,-13.551119177584503
696,6.96,5.814020949938706,-7.819694522179844,0.23706619338695573,177.26896214636136,-56.6645891957608,-54.2073195810883,2200.0,-20.0,-20.0,109.50961303710938,-13.650499766415752
697,6.97,5.862570534337836,-7.871764487173598,0.24858672286535435,-178.73336811909124,-55.83908393068604,-59.423808130346316,2200.0,-20.0,-20.0,109.50064277648926,-14.53076707634678
698,6.98,5.911899288786257,-7.925231583074769,0.2509344665796742,-169.92164303165592,-57.440006914530585,-70.23812810028178,2200.0,-20.0,-20.0,109.49167251586914,-14.767174557446644
699,6.99,5.961563395832445,-7.979111620622172,0.2610014457323481,-160.2037660829123,-58.07220017767628,-81.72894736975108,2200.0,-20.0,-20.0,109.48270225524902,-14.890445664960499
700,7.0,6.011794567309481,-8.033926904844716,0.27044091228296535,-150.2084580546788,-57.63337045095139,-93.2759156338289,2200.0,-20.0,-20.0,109.4737319946289,-15.01686023518301
701,7.01,6.062597970318645,-8.089700943504411,0.27929451676192946,-140.63458531128927,-56.12798701008808,-104.18660095382229,2200.0,-20.0,-20.0,109.46476173400879,-15.14626840905823
702,7.0200000000000005,6.113977936841965,-8.146455853715288,0.2876047685924884,-132.00514660877465,-53.65922270760108,-113.94243936830082,2200.0,-20.0,-20.0,109.45579147338867,-15.278506097061188
703,7.03,6.165937960560159,-8.204212323554335,0.295414975161363,-124.55275594402674,-50.3848095537004,-122.31318373442177,2200.0,-20.0,-20.0,109.44682121276855,-15.413371236994985
704,7.04,6.218480687114813,-8.262989583331604,0.3027691802571429,-118.26866589109322,-46.470290063419526,-129.30766497397704,2200.0,-20.0,-20.0,109.43785095214844,-15.55063931315834
705,7.05,6.271607908809412,-8.322805377135227,0.309712100385705,-113.01344326968393,-42.06142296753206,-135.06287725868262,2200.0,-20.0,-20.0,109.42888069152832,-15.690064843190765
706,7.0600000000000005,6.325320560461156,-8.38367593773757,0.3162890595414681,-108.60556565321036,-37.27556348859047,-139.75507433804725,2200.0,-20.0,-20.0,109.4199104309082,-15.83138489748115
707,7.07,6.379618716509796,-8.445615963507409,0.3225459229972721,-104.86870742201837,-32.203430751633626,-143.5520786882334,2200.0,-20.0,-20.0,109.41094017028809,-15.974322835722477
708,7.08,6.434501589373504,-8.50863859725531,0.32852903026896046,-101.64952218268817,-26.914395842496184,-146.5949610174934,2200.0,-20.0,-20.0,109.40196990966797,-16.11859233209498
709,7.09,6.489967529072003,-8.57275540710807,0.3342851273351732,-98.82035010806415,-21.461953488547156,-148.99461586505998,2200.0,-20.0,-20.0,109.39299964904785,-16.26390171323334
710,7.1000000000000005,6.546014024149757,-8.637976369538952,0.3398612981833979,-96.2758491854991,-15.888277362450038,-150.83417317887964,2200.0,-20.0,-19.364535808563232,109.38402938842773,-16.409958537876047
711,7.11,6.602637703918396,-8.704309854659503,0.3453048957650184,-93.92786716483008,-10.227738815865935,-152.1728442341808,2200.0,-20.0,-16.625232696533203,109.37505912780762,-16.556474336428646
712,7.12,6.659834341957671,-8.771762613818181,0.35066347241587925,-91.70024909352921,-4.509588969755748,-153.04939017935072,2200.0,-20.0,-15.578175783157347,109.3660888671875,-16.703169625114654
713,7.13,6.717598861078169,-8.84033976935005,0.3559847099380777,-89.52405174646478,1.2399375390597973,-153.48459096328494,2200.0,-20.0,-15.39396286010742,109.35711860656738,-16.849779054947906
714,7.140000000000001,6.775925339834025,-8.910044806551179,0.3613163494691156,-87.3331224956483,6.995855563055536,-153.48254340072677,2200.0,-20.0,-15.434460639953612,109.34814834594727,-16.996055607487527
715,7.15,6.834807020334015,-8.980879568118713,0.36670612119999824,-85.05979311616598,12.732787700125472,-153.03073380289857,2200.0,-20.0,-15.443658828735352,109.33917808532715,-17.141775058224034
716,7.16,6.894236317335643,-9.052844251169995,0.3722016739979465,-82.63036108999658,18.42324369030392,-152.09882834276615,2200.0,-20.0,-15.485312938690186,109.33020782470703,-17.286740325445503
717,7.17,6.954204828605901,-9.125937406824894,0.3778505050471002,-79.96001191546962,24.035598194425226,-150.63608387422988,2200.0,-20.0,-15.779337882995604,109.32123756408691,-17.43078541225283
718,7.18,7.014703346549703,-9.20015594230036,0.38369988963858614,-76.94688992548859,29.531496835635032,-148.56728833672778,2200.0,-20.0,-16.569480895996094,109.3122673034668,-17.573778778531906
719,7.19,7.075721871124219,-9.275495125532979,0.3897968112437952,-73.46527534171476,34.86234908052434,-145.7873426476902,2200.0,-20.0,-17.958598136901855,109.30329704284668,-17.71562609704183
720,7.2,7.1372496240558885,-9.351948592404813,0.3961878919998615,-69.35860441606228,39.96450456118209,-142.15533577455253,2200.0,-20.0,-19.699339866638184,109.29432678222656,-17.856272405701624
721,7.21,7.199275064346142,-9.429508356604146,0.4029193237265974,-64.43512330856545,44.75277784057013,-137.49098828547554,2200.0,-20.0,-20.0,109.28535652160645,-17.99570377716525
722,7.22,7.26178590495247,-9.508164821892334,0.41003679942614885,-58.47364066255607,49.11253454126896,-131.58099173129722,2200.0,-20.0,-20.0,109.27638626098633,-18.133948120259884
723,7.23,7.3247691304084235,-9.587906796221834,0.41758544536367664,-51.255328543293366,52.892381161310105,-124.21124352236012,2200.0,-20.0,-20.0,109.26741600036621,-18.271076117442746
724,7.24,7.388211015908953,-9.66872150777516,0.42560975355098657,-42.64593005540575,55.903761744419874,-115.2493584387757,2200.0,-20.0,-20.0,109.2584457397461,-18.40719764022115
725,7.25,7.452097147067547,-9.750594624180495,0.4341535166821733,-32.738990122739466,57.93982820855765,-104.78809748418506,2200.0,-20.0,-20.0,109.24947547912598,-18.542462533166866
726,7.26,7.516412441708318,-9.833510273751992,0.44325976286446744,-21.99551459666572,58.82518850819428,-93.28515945615159,2200.0,-20.0,-20.0,109.24050521850586,-18.677057567427642
727,7.2700000000000005,7.5811411725668965,-9.91745106902158,0.4529706920175729,-11.213657570273497,58.48456924645874,-81.5329337242401,2200.0,-20.0,-20.0,109.23153495788574,-18.811203692861113
728,7.28,7.646266989965912,-10.002398131726473,0.4633276135038092,-1.2426905832470436,56.98257049492852,-70.37247325241722,2200.0,-20.0,-17.45891809463501,109.22256469726562,-18.94515077348125
729,7.29,7.711772948134836,-10.088331121058756,0.4743708847886459,7.347186103079287,54.49699428347875,-60.363268583842576,2200.0,-20.0,-13.203518390655516,109.21359443664551,-19.079174179408007
730,7.3,7.777641528394582,-10.175228262535123,0.4861398520763235,14.367234412840991,51.250797967610104,-51.68078038236209,2200.0,-20.0,-8.095454573631287,109.20462417602539,-19.21357072283615
731,7.3100000000000005,7.843854666275912,-10.26306637838441,0.49867279075128007,19.898117693193875,47.454958654464455,-44.228420763504744,2200.0,-20.0,-3.003899455070495,109.19565391540527,-19.348652442717533
732,7.32,7.9103937767857015,-10.351820917699007,0.5120068467041149,24.136192684710462,43.28342934601167,-37.791169494377776,2200.0,-20.0,1.3932542502880096,109.18668365478516,-19.484739870955117
733,7.33,7.977239779879067,-10.44146598786975,0.5261779773975549,27.29379998363802,38.8712435607244,-32.13518495030842,2200.0,-20.0,4.739089608192444,109.17771339416504,-19.62214634468108
734,7.34,8.04437312581776,-10.531974392234101,0.5412209030237832,29.556121160912117,34.32201214570991,-27.0508798420664,2200.0,-20.0,6.893330216407775,109.16874313354492,-19.76118333211032
735,7.3500000000000005,8.111773824489747,-10.623317675334599,0.5571690611425357,31.07016433074099,29.71676082169456,-22.363990098122873,2200.0,-20.0,8.003392815589903,109.1597728729248,-19.902146695739855
736,7.36,8.179421476147297,-10.715466167434123,0.5740545596912822,31.947144323535515,25.121286334182894,-17.93345115978346,2200.0,-20.0,8.223417401313782,109.15080261230469,-20.045319010525223
737,7.37,8.247295302715381,-10.808389031279864,0.5919081328597647,32.268927142771275,20.591679342882813,-13.645452068168106,2200.0,-20.0,7.808602452278136,109.14183235168457,-20.190958670013902
738,7.38,8.315360524291695,-10.90200326466716,0.6106879901083324,32.09480538716417,16.178290973099188,-9.40749091359218,1916.5189208984375,-20.0,7.415834069252013,109.13401794433594,-20.274885065840913
739,7.390000000000001,8.38356296020158,-10.996145631890847,0.6302275240063105,31.467531298733874,11.928499983970577,-5.143699922085118,1443.7177734375,-20.0,7.90145456790924,109.12813091278076,-20.31179701410864
740,7.4,8.451841397370274,-11.090602437677154,0.6502516006840745,30.418534838439534,7.888558243252068,-0.7916984772636662,787.475830078125,-20.0,10.230380296707153,109.12491989135742,-20.299392975340346
741,7.41,8.52013565223601,-11.185128750349334,0.6703862660012481,28.97253060330328,4.1047033833176725,3.69912355841937,0.0,-20.0,13.480675220489502,109.12491989135742,-20.246247557413284
742,7.42,8.588417939758077,-11.279599242984197,0.690421637465265,27.151865955428786,0.623571073653813,8.368056860900248,0.0,-20.0,14.004762172698975,109.12491989135742,-20.355799247168807
743,7.43,8.65669111128233,-11.374018348597515,0.7103549485414703,24.980600900800606,-2.50805263899164,13.242533625370726,0.0,-20.0,12.145737409591675,109.12491989135742,-20.470650932513834
744,7.44,8.724957214879971,-11.468389496349143,0.7301843840408718,22.48830125168052,-5.2441444805891955,18.336952410534703,0.0,-20.0,8.032301664352417,109.12491989135742,-20.59083499669577
745,7.45,8.793218309504736,-11.562716185503366,0.7499082810077624,19.713464095120926,-7.541088036764606,23.651311161643974,0.0,-20.0,-3.1929951906204224,109.12491989135742,-20.716317029277057
746,7.46,8.86147645857787,-11.657001981091136,0.7695251308274718,16.70603689537191,-9.359954191268073,29.17029442551123,0.0,-20.0,-13.610281944274902,109.12491989135742,-20.84700568224357
747,7.47,8.92973373902305,-11.751250504497317,0.7890335829436111,13.528436429537868,-10.669215384025973,34.86359227922164,0.0,-20.0,-13.081848621368406,109.12491989135742,-20.98271649115343
748,7.48,8.99799221175501,-11.845465439083393,0.8084324430469858,10.254574505953688,-11.447478728345544,40.68796959522164,0.0,-20.0,-10.125014781951904,109.12491989135742,-21.123259074518266
749,7.49,9.066253951003706,-11.939650511723952,0.8277206792863789,6.966768108230326,-11.685757419918108,46.59125676909996,0.0,-20.0,-6.647904515266418,109.12491989135742,-21.268335640197833
750,7.5,9.134521021949645,-12.033809494138161,0.8468974215608588,3.750943843539697,-11.38883905716845,52.51798918531577,0.0,-20.0,1.1309246718883514,109.12491989135742,-21.417606062044236
751,7.51,9.20279548126464,-12.127946196859233,0.8659619628996973,0.6911058740054122,-10.575427870430358,58.415739246713784,0.0,-17.98650026321411,6.796146035194397,109.12491989135742,-21.57068210479736
752,7.5200000000000005,9.271079375662309,-12.222064460569964,0.8849137610953148,-2.1357059370956417,-9.277046430262375,64.24091704380604,0.0,1.8219757080078125,10.728604793548584,109.12491989135742,-21.727124102306885
753,7.53,9.33937473376869,-12.31616815245486,0.9037524383347448,-4.662945295190221,-7.535996266744678,69.96305581473699,0.0,20.0,16.75419330596924,109.12491989135742,-21.886464721474567
754,7.54,9.40768357071847,-12.410261163500026,0.9224777830245352,-6.836045832905777,-5.4028357054858445,75.56711426335121,0.0,20.0,20.0,109.12491989135742,-22.048203124103306
755,7.55,9.476007897153814,-12.50434740793514,0.9410897499586657,-8.611971966540743,-2.933914070204336,81.0535691661716,0.0,20.0,20.0,109.12491989135742,-22.211772991191815
756,7.5600000000000005,9.544349679460687,-12.598430798287087,0.9595884597612808,-9.957401419696495,-0.1892987683061054,86.43739842397174,0.0,20.0,20.0,109.12491989135742,-22.376640365185718
757,7.57,9.612710864030388,-12.692515254338003,0.9779741986164621,-10.846134625570492,2.7686599754976235,91.74604496770867,0.0,20.0,20.0,109.12491989135742,-22.54224913503601
758,7.58,9.681093369879465,-12.786604694963335,0.9962474182282687,-11.256436905044096,5.876061630231273,97.01699257843107,0.0,20.0,20.0,109.12491989135742,-22.708040191891193
759,7.59,9.74949908519848,-12.880703031888752,1.0144087351758144,-11.168825977259358,9.06755584828083,102.2952663413415,0.0,20.0,20.0,109.12491989135742,-22.875721473057716
760,7.6000000000000005,9.81792986442794,-12.974814163841698,1.0324589300117142,-10.564696039762186,12.275955639132821,107.63087789377278,0.0,20.0,20.0,109.12491989135742,-23.04306973321454
761,7.61,9.886387525452882,-13.068941970776558,1.050398946110001,-9.426102045052572,15.431560142842313,113.07601427281666,0.0,20.0,20.0,109.12491989135742,-23.208979704099782
762,7.62,9.954873846884949,-13.163090308168552,1.068229888270055,-7.73701240494497,18.46143613919327,118.68160810890343,0.0,20.0,20.0,109.12491989135742,-23.37296355975522
763,7.63,10.023390565390672,-13.257263001356582,1.0859530210778847,-5.486318626770431,21.288976122035,124.49286329038395,0.0,20.0,20.0,109.12491989135742,-23.53456961657352
764,7.640000000000001,10.09193937312921,-13.351463839955494,1.103569767044187,-2.6727623440993105,23.83413358439446,130.5434147980244,0.0,20.0,20.0,109.12491989135742,-23.693388562603374
765,7.65,10.160521915286077,-13.445696572315722,1.1210817045212709,0.6884415137603057,26.01479894734043,136.84819582946818,0.0,20.0,20.0,109.12491989135742,-23.849058896112002
766,7.66,10.229139787666567,-13.53996490003955,1.1384905653910762,4.558255740718095,27.749740280392516,143.39586021472738,0.0,20.0,20.0,109.12491989135742,-24.00127159891254
767,7.67,10.297794534362156,-13.634272472562845,1.1557982325291916,8.867750991295367,28.963277522855805,150.14267091574277,0.0,20.0,20.0,109.12491989135742,-24.149773947177227
768,7.68,10.366464841607534,-13.728597288403865,1.1730632627794488,13.516127047180246,29.591294285146557,157.01061705319842,211.53900146484375,20.0,20.0,109.12405776977539,-24.33491524789551
769,7.69,10.435067002693193,-13.822843368330213,1.1904877022303135,18.37541523900412,29.587494461325157,163.8922919010135,764.714599609375,20.0,20.0,109.12093925476074,-24.57859744689432
770,7.7,10.503462688626888,-13.916842598567339,1.2083774407772039,23.302537151475455,28.928294793312986,170.66312519245344,1412.909423828125,20.0,20.0,109.11517810821533,-24.828530337445322
771,7.71,10.571482476468873,-14.010376755936944,1.2270698888225184,28.156127689607004,27.614734471098267,177.19838756222111,2157.51123046875,20.0,20.0,109.10638046264648,-25.08144535890464
772,7.72,10.63902206506336,-14.103299370008054,1.2467371783872845,32.81316484555351,25.670755633609676,-176.61002900610072,2200.0,18.77049446105957,20.0,109.09741020202637,-25.185226955693594
773,7.73,10.70606281201822,-14.195567570400218,1.2673591754952396,37.1803894290115,23.138346327427673,-170.8420021343247,2200.0,17.79033899307251,20.0,109.08843994140625,-25.272536268210793
774,7.74,10.772592329072156,-14.287146768852127,1.2889045594684345,41.19819471758049,20.071092177813323,-165.54505039195976,2200.0,17.218220233917236,20.0,109.07946968078613,-25.352138142032175
775,7.75,10.838599005761923,-14.378003454218094,1.3113407119947271,44.838034730001766,16.52790447205721,-160.73673143419938,2200.0,16.83532476425171,20.0,109.07049942016602,-25.424351982127913
776,7.76,10.90407199711094,-14.468105178957982,1.3346337147349878,48.095959026240436,12.567971606397327,-156.41091883245005,2200.0,16.594703197479248,20.0,109.0615291595459,-25.48954481775181
777,7.7700000000000005,10.969001240150718,-14.557420605429002,1.3587483990619298,50.9850213263143,8.247337699633656,-152.54520422202825,2200.0,16.54092788696289,20.0,109.05255889892578,-25.54812618224625
778,7.78,11.033377469100971,-14.645919550504436,1.3836483976162883,53.52840700091851,3.6169913073354927,-149.10757153546967,2200.0,16.699466705322266,20.0,109.04358863830566,-25.600542438572077
779,7.79,11.097192229203088,-14.733573028491474,1.4092961975801128,55.75408680507676,-1.2778988949416807,-146.06152348685228,2200.0,17.016003131866455,20.0,109.03461837768555,-25.64727063755631
780,7.8,11.160437889220606,-14.820353292328775,1.4356531955684086,57.691078026110624,-6.397998435147192,-143.36956075977054,2200.0,17.337448596954346,20.0,109.02564811706543,-25.688812042447925
781,7.8100000000000005,11.22310765264482,-14.906233873062332,1.46267975402975,59.36703510695604,-11.70939678700061,-140.99526339083457,2200.0,17.457237243652344,20.0,109.01667785644531,-25.725685441289745
782,7.82,11.285195567665166,-14.991189617617605,1.4903352590275425,60.80678495716116,-17.182999414626618,-138.90431263796663,2200.0,17.18534231185913,20.0,109.0077075958252,-25.758420340725998
783,7.83,11.346696535962247,-15.075196724886263,1.5185781792699806,62.031436955294076,-22.793862252090506,-137.06474374310596,2200.0,16.625370979309082,20.0,108.99873733520508,-25.787550084067803
784,7.84,11.407606320331698,-15.158232780092192,1.5473661262885645,63.05774128611226,-28.520545208982345,-135.44661335423487,2200.0,16.5798020362854,20.0,108.98976707458496,-25.81360490421315
785,7.8500000000000005,11.467921551018442,-15.240276787245104,1.576655915733171,63.897382828344554,-34.344519415786856,-134.02112682451838,2200.0,18.055691719055176,20.0,108.98079681396484,-25.837105028342165
786,7.86,11.527639730516151,-15.321309199351827,1.6064036298119648,64.55583075549062,-40.24963760242426,-132.75907945577248,2200.0,20.0,20.0,108.97182655334473,-25.85855433000919
787,7.87,11.586759236811337,-15.40131194630695,1.6365646809202659,65.03012375723588,-46.22166173936386,-131.6281323078892,2200.0,20.0,20.0,108.96285629272461,-25.87843488357766
788,7.88,11.645279325538167,-15.480268460894562,1.667093876394488,65.30429043255577,-52.24782494235122,-130.58770199518477,2200.0,20.0,20.0,108.95388603210449,-25.897201819613798
789,7.890000000000001,11.703200131006122,-15.558163703082911,1.6979454837949814,65.33913879655535,-58.31636627850552,-129.57825616195632,2200.0,20.0,20.0,108.94491577148438,-25.915276630684033
790,7.9,11.760522665948661,-15.634984180408187,1.7290732988967012,65.04703082541928,-64.41590783506913,-128.4956389497762,2200.0,20.0,20.0,108.93594551086426,-25.933048742358864
791,7.91,11.817248819721026,-15.710717970871869,1.7604307089427107,64.21862205187759,-70.53418827497757,-127.11743256727608,2200.0,20.0,20.0,108.92697525024414,-25.95086520934149
792,7.92,11.87338135745659,-15.785354739548588,1.791970763922106,62.24829922002157,-76.65395211314188,-124.82807359207449,2200.0,20.0,20.0,108.91800498962402,-25.96903169831821
793,7.930000000000001,11.928923915011941,-15.858885755708808,1.8236462418702233,56.493128697294644,-82.72917803940305,-118.97756961338087,2200.0,20.0,20.0,108.9090347290039,-25.987808962512673
794,7.94,11.983880993392663,-15.931303906132559,1.8554097175019604,9.265551696542301,-88.13400726308241,-71.87401533276066,2200.0,20.0,20.0,108.90006446838379,-26.007412515658153
795,7.95,12.038257951416492,-16.002603705974703,1.8872136308386314,-93.39672001994272,-84.5316188361833,30.446634092056815,2200.0,20.0,20.0,108.89109420776367,-26.02801246082238
796,7.96,12.092060997112776,-16.072781307404004,1.91901035611825,-102.60919944937937,-78.52462286960338,39.099126039175516,2200.0,20.0,20.0,108.88212394714355,-26.049734014246162
797,7.97,12.14529717790502,-16.14183450603387,1.950752270892505,-105.61393906363473,-72.45010170739923,41.32224016930841,2200.0,20.0,20.0,108.87315368652344,-26.072658748334845
798,7.98,12.197974369577507,-16.20976274510323,1.9823918252181374,-107.24899450590453,-66.38585723777265,41.94821633555885,2200.0,20.0,20.0,108.86418342590332,-26.096826541706193
799,7.99,12.250101264018667,-16.276567117354,2.013881610848843,-108.41230234382529,-60.353110082898354,41.866547475265406,2200.0,20.0,20.0,108.8552131652832,-26.122238192156427
800,8.0,12.301687355741416,-16.342250364559966,2.0451744303313895,-109.39507318595247,-54.36497827082898,41.3572408077804,2200.0,20.0,20.0,108.84624290466309,-26.148858627006835
801,8.01,12.352742927191787,-16.40681687467509,2.0762233659079707,-110.32319541836301,-48.43293626729466,40.53204559071105,2200.0,20.0,20.0,108.83727264404297,-26.176620632143905
802,8.02,12.403279032866463,-16.47027267657994,2.1069818481256912,-111.26309396146122,-42.56850020862414,39.44009699383183,2200.0,20.0,20.0,108.82830238342285,-26.205429012784194
803,8.03,12.453307482266199,-16.532625432413006,2.1374037240530166,-112.25615163709469,-36.78392013860421,38.10209286434844,2200.0,20.0,20.0,108.81933212280273,-26.23516509339812
804,8.040000000000001,12.502840821716065,-16.59388442747932,2.1674433250018827,-113.33229075263041,-31.09260313283252,36.52361702182067,2200.0,20.0,20.0,108.81036186218262,-26.265691460418758
805,8.05,12.551892315086194,-16.654060557732976,2.1970555336529065,-114.516115979729,-25.509460826239216,34.701037210898775,2200.0,20.0,20.0,108.8013916015625,-26.296856849105023
806,8.06,12.600475923448563,-16.713166314834762,2.226195850479959,-115.82997713831774,-20.051244713065852,32.62438036872396,2200.0,20.0,20.0,108.79242134094238,-26.328501075228978
807,8.07,12.648606283707217,-16.771215768790263,2.2548204593694203,-117.29557592170924,-14.736890447236458,30.278878499762545,2200.0,20.0,20.0,108.78345108032227,-26.360459913314884
808,8.08,12.696298686240977,-16.828224548178646,2.2828862923287865,-118.93476612705375,-9.587872572773417,27.645939769228903,2200.0,20.0,20.0,108.77448081970215,-26.39256982593776
809,8.09,12.743569051599454,-16.884209817987525,2.3103510931790647,-120.7697952501361,-4.628555417741253,24.70394567865832,2200.0,20.0,20.0,108.76551055908203,-26.424672453206956
810,8.1,12.79043390629473,-16.939190255074614,2.3371734801255393,-122.8230423711721,0.11349261001071653,21.429141133409047,2200.0,20.0,20.0,108.75654029846191,-26.456618777852224
811,8.11,12.8369103577327,-16.993186021282416,2.3633130071020734,-125.11620016164925,4.607278901974513,17.79683887895558,2200.0,20.0,20.0,108.7475700378418,-26.488272889226458
812,8.120000000000001,12.88301606832939,-17.046218734237957,2.388730223785107,-127.66878939549075,8.818350873405775,13.783143723291595,2200.0,20.0,20.0,108.73859977722168,-26.519515278841045
813,8.13,12.928769228858862,-17.09831143587527,2.4133867341749355,-130.49588351451592,12.709073209745652,9.36737350529089,2200.0,20.0,20.0,108.72962951660156,-26.55024561055284
814,8.14,12.974188531080287,-17.149488558724048,2.437245253643709,-133.60498407880328,16.239383023473103,4.535269261394029,2200.0,20.0,20.0,108.72065925598145,-26.580384920053216
815,8.15,13.019293139692723,-17.199775890013637,2.4602696643518827,-136.99216382245052,19.36820336112025,-0.7171005688867864,2200.0,20.0,20.0,108.71168899536133,-26.609877210571977
816,8.16,13.064102663666745,-17.249200533647127,2.4824250689375473,-140.63790859671803,22.055660257094175,-6.379158061299286,2200.0,20.0,20.0,108.70271873474121,-26.63869042447955
817,8.17,13.108637127002641,-17.297790870105793,2.503677842386218,-144.50350754729317,24.266127453264417,-12.422193397152027,2200.0,20.0,20.0,108.6937484741211,-26.66681678357401
818,8.18,13.15291693896511,-17.3455765143494,2.5239956819921647,-148.52920879248222,25.971898498857605,-18.79750892275628,2200.0,20.0,20.0,108.68477821350098,-26.694272503866642
819,8.19,13.196962863844604,-17.392588271782945,2.543347655326282,-152.63539882615245,27.15699427008068,-25.437577366277477,2200.0,20.0,20.0,108.67580795288086,-26.721096903572757
820,8.2,13.240795990295386,-17.438858092365265,2.561704246129742,-156.7275107789569,27.820368815484454,-32.26090766932233,2200.0,20.0,20.0,108.66683769226074,-26.74735093538711
821,8.21,13.284437700300094,-17.48441902293924,2.579037398057243,-160.70422704146048,27.977737328111484,-39.180170234815954,2200.0,20.0,20.0,108.65786743164062,-26.77311518583899
822,8.22,13.327909637810293,-17.52930515786762,2.5953205561984896,-164.46727794769876,27.661517305315,-46.11186683631352,2200.0,20.0,20.0,108.64889717102051,-26.79848739536045
823,8.23,13.371233677111885,-17.57355158806211,2.610528706311644,-167.93046765194157,26.91887989025479,-52.985156611667215,2200.0,20.0,20.0,108.63992691040039,-26.823579562431537
824,8.24,13.414431890963602,-17.61719434849677,2.6246384117077217,-171.02591251257945,25.808423758425473,-59.74780036381617,2200.0,20.0,20.0,108.63095664978027,-26.84851470369238
825,8.25,13.457526518555913,-17.660270364299578,2.6376278477303443,-173.7066259872803,24.396268036860487,-66.36833123386768,2200.0,20.0,20.0,108.62198638916016,-26.873423349046334
826,8.26,13.5005399333368,-17.70281739551863,2.6494768337807493,-175.9458387733177,22.752325066874473,-72.83481329560121,2200.0,20.0,20.0,108.61301612854004,-26.89843985519567
827,8.27,13.54349461085774,-17.74487398058204,2.6601668628721833,-177.73421603751115,20.94724876132958,-79.15132152077142,2200.0,20.0,20.0,108.60404586791992,-26.923698458363045
828,8.28,13.586413095804218,-17.786479379224698,2.6696811285922597,-179.07624446031954,19.050240183556532,-85.33340615374415,2200.0,20.0,20.0,108.5950756072998,-26.949331021470535
829,8.290000000000001,13.629317970980564,-17.827673512900926,2.678004549506664,-179.98678658675541,17.127636833860183,-91.40352963283082,2200.0,20.0,20.0,108.58610534667969,-26.975458762444923
830,8.3,13.672231823206037,-17.868496906370687,2.6851237906235483,179.51165973741146,15.242081542677035,-97.38704838314271,2200.0,20.0,20.0,108.57713508605957,-27.00219493961478
831,8.31,13.715177212201509,-17.908990626635866,2.691027282803067,179.39081403665512,13.452025989627598,-103.30895546455038,2200.0,20.0,20.0,108.56816482543945,-27.029637840931112
832,8.32,13.75817663840634,-17.949196221968705,2.695705239379163,179.6176778584443,11.811369442710133,-109.19141605891598,2200.0,20.0,20.0,108.55919456481934,-27.057868650040994
833,8.33,13.801252511146583,-17.98915566020446,2.699149670154032,-179.8449806054135,10.369082886148552,-115.05204354967914,2200.0,20.0,20.0,108.55022430419922,-27.086948993306354
834,8.34,13.844427116972664,-18.02891126652106,2.7013543926783283,-179.03846303305215,9.168736210875778,-120.9028606924361,2200.0,20.0,20.0,108.5412540435791,-27.11691898519303
835,8.35,13.887722588206087,-18.068505660805414,2.7023150408287573,-178.00804566613886,8.247910743329253,-126.74991451203714,2200.0,20.0,20.0,108.53228378295898,-27.147795816708864
836,8.36,13.93116087173613,-18.107981694704737,2.7020290707041092,-176.80274267292515,7.637535447952488,-132.59353035460106,2200.0,20.0,20.0,108.52331352233887,-27.179572929471917
837,8.370000000000001,13.97476369810506,-18.14738238845908,2.700495763858565,-175.47479182826615,7.36122683802367,-138.42918026530606,2200.0,20.0,20.0,108.51434326171875,-27.212219810245113
838,8.38,14.018552550917255,-18.18675086760919,2.6977162278871853,-174.07882090282524,7.434733775725853,-144.2489000157634,2200.0,20.0,20.0,108.50537300109863,-27.245682428718837
839,8.39,14.062548636604955,-18.226130299672345,2.6936933943766506,-172.670754704729,7.865584216019493,-150.0431293670897,2200.0,20.0,20.0,108.49640274047852,-27.279884327243447
840,8.4,14.106772854581283,-18.26556383087717,2.688432014234965,-171.30660946489562,8.653001358842177,-155.80279380604378,2200.0,20.0,20.0,108.4874324798584,-27.31472835665698
841,8.41,14.151245767809899,-18.30509452304682,2.6819386504160003,-170.04137119113247,9.788107955793093,-161.5214167239991,2200.0,20.0,20.0,108.47846221923828,-27.350099038401286
842,8.42,14.19598757381978,-18.344765290717994,2.6742216680575543,-168.92815468024023,11.254381662869813,-167.1970631136152,2200.0,20.0,20.0,108.46949195861816,-27.38586551993833
843,8.43,14.241018076193107,-18.384618838581293,2.6652912220543317,-168.01779215434604,13.028275161561513,-172.83396717371474,2200.0,20.0,20.0,108.46052169799805,-27.421885078344108
844,8.44,14.286356656553943,-18.4246975993263,2.6551592420897037,-167.35892075416302,15.079883055085313,-178.44376878442216,2200.0,20.0,20.0,108.45155143737793,-27.458007115873137
845,8.45,14.332022247085314,-18.465043671972975,2.643839415152226,-166.99854728604194,17.37352774403498,175.95364859188984,2200.0,20.0,20.0,108.44258117675781,-27.494077581244614
846,8.46,14.378033303602432,-18.50569876076887,2.631347165564753,-166.982981941764,19.868146772482614,170.32968868867212,2200.0,20.0,20.0,108.4336109161377,-27.529943741522285
847,8.47,14.424407779209949,-18.54670411473007,2.6176996325556745,-167.35895226196052,22.517389447607055,164.64692369641946,2200.0,20.0,20.0,108.42464065551758,-27.56545922166718
848,8.48,14.471163098571546,-18.588100467902056,2.6029156454034283,-168.17462164260166,25.26936704332278,158.85938089761478,2200.0,20.0,20.0,108.41567039489746,-27.600489222241777
849,8.49,14.518316132820681,-18.629927980415186,2.5870156961870316,-169.48011986989755,28.06605028661029,152.9134327556487,2200.0,20.0,20.0,108.40670013427734,-27.63491582030055
850,8.5,14.565883175141833,-18.67222618040815,2.5700219101769903,-171.3270234885672,30.842380359647592,146.74970563483222,2200.0,20.0,20.0,108.39772987365723,-27.668643254321204
851,8.51,14.613879917052389,-18.715033906891488,2.551958013902628,-173.76600166436475,33.525274821959336,140.3066963509056,2200.0,20.0,20.0,108.38875961303711,-27.701603090971595
852,8.52,14.662321425416025,-18.7583892536222,2.532849300933643,-176.84163967060303,36.032890967486665,133.52703493138102,2200.0,20.0,20.0,108.37978935241699,-27.733759169832727
853,8.53,14.711222120219315,-18.802329514059434,2.5127225954155863,179.41651272721154,38.274763030523786,126.36733143342076,2200.0,20.0,20.0,108.37081909179688,-27.815045601446066
854,8.540000000000001,14.7605957531441,-18.846891127470393,2.4916062134009773,175.00690990402884,40.15369930939998,118.81185687569948,2200.0,20.0,20.0,108.36184883117676,-27.964450984701593
855,8.55,14.810455386969064,-18.892109626254868,2.469529922019979,169.97131438310944,41.57041901782537,110.88839798068847,2200.0,20.0,20.0,108.35287857055664,-28.11166609952719
856,8.56,14.860813375834704,-18.938019584555985,2.4465248965369284,164.40759651602198,42.43147794642128,102.68147334064705,2200.0,20.0,20.0,108.34390830993652,-28.257009080501845
857,8.57,14.911681346352536,-18.984654568253116,2.422623675335296,158.4723963033261,42.65977294165341,94.33530477579505,2200.0,16.537415981292725,20.0,108.3349380493164,-28.40080487549415
858,8.58,14.963070179237194,-19.032047086466008,2.3978601128668697,152.3670337577206,42.205092450886944,86.03994206716712,2200.0,2.1338289976119995,20.0,108.32596778869629,-28.543386667117225
859,8.59,15.014989989232193,-19.080228544244118,2.372269328989186,146.30726673058808,41.050980848766066,78.00106071989423,2200.0,-13.644676208496094,20.0,108.31699752807617,-28.68509315598213
860,8.6,15.067450128176024,-19.12922920403511,2.345887658925329,140.48725002397464,39.21512387873928,70.40397287175817,2200.0,-20.0,20.0,108.30802726745605,-28.826254209880336
861,8.61,15.12045913923899,-19.179078152764326,2.318752580030603,135.0513547691815,36.74312648627377,63.385934833322544,2200.0,-20.0,20.0,108.29905700683594,-28.967198436999702
862,8.620000000000001,15.174024751614779,-19.229803257730463,2.2909026646126187,130.08332879873106,33.69847028108003,57.02552115659905,2200.0,-20.0,20.0,108.29008674621582,-29.108284777363096
863,8.63,15.228153862815345,-19.281431125768776,2.2623775174608634,125.61163391255411,30.152270429477824,51.34804949369132,2200.0,-20.0,20.0,108.2811164855957,-29.249859461626134
864,8.64,15.282852526217209,-19.333987058611687,2.233217723475408,121.62347971945,26.175348622499705,46.33976245210635,2200.0,-20.0,20.0,108.27214622497559,-29.392258431778696
865,8.65,15.33812594157168,-19.38749501393268,2.203464789108499,118.08017595976963,21.833357797514882,41.96343988343653,2200.0,-20.0,20.0,108.26317596435547,-29.535806721459053
866,8.66,15.393978447982207,-19.441977569625223,2.173161081503079,114.92962754967843,17.18452742452185,38.17127415083996,2200.0,-20.0,20.0,108.25420570373535,-29.680815798976827
867,8.67,15.450413518536255,-19.49745589066316,2.142349766003996,112.11476362543222,12.279186335984381,34.91383429502487,2200.0,-20.0,20.0,108.24523544311523,-29.82758006031535
868,8.68,15.50743375631476,-19.553949698180265,2.111074742411189,109.57833467432367,7.160289448142798,32.14561197730614,2200.0,-20.0,20.0,108.23626518249512,-29.976372866963196
869,8.69,15.565040891688648,-19.611477240632492,2.079380580192179,107.26502177714829,1.864409239379115,29.828183920757265,2200.0,-20.0,20.0,108.227294921875,-30.127442364278103
870,8.700000000000001,15.623235780891125,-19.670055267037792,2.047312452793418,105.1217210068028,-3.57712077631149,27.931993051075672,2200.0,-20.0,20.0,108.21832466125488,-30.28100725596401
871,8.71,15.682018405882623,-19.729699002352,2.0149160711554672,103.09658427883808,-9.137059108616135,26.437546561152836,2200.0,-20.0,20.0,108.20935440063477,-30.437252675735518
872,8.72,15.741387875528561,-19.790422125057322,1.9822376165269593,101.13709243201995,-14.791148489517724,25.33665240091784,2200.0,-20.0,20.0,108.20038414001465,-30.596326272749874
873,8.73,15.801342428102556,-19.85223674703241,1.949323672673844,99.18714559102797,-20.517020613171102,24.63424417595651,2200.0,-20.0,20.0,108.19141387939453,-30.758334609357515
874,8.74,15.86187943511734,-19.915153395755187,1.9162211575855337,97.18284476842094,-26.293030480330582,24.35141681464889,2200.0,-20.0,20.0,108.18244361877441,-30.92333995719884
875,8.75,15.922995406476009,-19.979180998871225,1.8829772547839247,95.04622121879159,-32.0968686528796,24.530567565920748,2200.0,-20.0,20.0,108.1734733581543,-31.091357569004682
876,8.76,15.984685996928617,-20.04432687114633,1.849639344343476,92.67549180580475,-37.90368355360358,25.244131869110653,2200.0,-20.0,20.0,108.16450309753418,-31.262353496509053
877,8.77,16.046946013813592,-20.110596703812607,1.8162549337306504,89.92919657296042,-43.683218072112616,26.609580543077886,2200.0,-20.0,20.0,108.15553283691406,-31.436243017629934
878,8.78,16.10976942605943,-20.17799455631178,1.7828715885697861,86.59929596608193,-49.39498769455594,28.81560059751614,2200.0,-20.0,20.0,108.14656257629395,-31.61288972730639
879,8.790000000000001,16.173149374418987,-20.24652285043605,1.749536863440466,82.36421112359041,-54.9794920825332,32.168465614136025,2200.0,-20.0,20.0,108.13759231567383,-31.792105335782928
880,8.8,16.23707818290624,-20.316182366864435,1.7162982328091247,76.7069746572219,-60.3411909855448,37.17341398104491,2200.0,-20.0,20.0,108.12862205505371,-31.973650205853772
881,8.81,16.301547371403156,-20.38697224409001,1.6832030221951526,68.78552251730878,-65.31443450284685,44.66398986942146,2200.0,-20.0,20.0,108.1196517944336,-32.157234647067135
882,8.82,16.366547669402497,-20.45888997973104,1.650298339669186,57.316048666896215,-69.59827005764264,55.91841209434906,2200.0,-20.0,20.0,108.11068153381348,-32.342520970622296
883,8.83,16.43206903085088,-20.531931434216204,1.6176310077786624,40.93099071109683,-72.66698708520589,72.30139157849965,2200.0,-20.0,20.0,108.10171127319336,-32.52912629403392
884,8.84,16.498100650055033,-20.606090836831328,1.5852474959930334,20.17710526064451,-73.81824242131823,93.26592959576287,2200.0,-20.0,20.0,108.09274101257324,-32.716626069996835
885,8.85,16.564630978613472,-20.68136079411221,1.5531938537583472,-0.4466601236164225,-72.68021402317352,114.31538280824648,2200.0,-20.0,20.0,108.08377075195312,-32.90455829951825
886,8.86,16.63164774333496,-20.75773230056546,1.5215156442482287,-16.493743120832157,-69.65478340723136,131.0080342249146,2200.0,-20.0,20.0,108.07480049133301,-33.0924283755875
887,8.870000000000001,16.699137965105024,-20.835194751696708,1.4902578788956573,-27.472907837555162,-65.45564967485265,142.86008242595057,2200.0,-20.0,20.0,108.06583023071289,-33.279714490660105
888,8.88,16.76708797866157,-20.913735959323052,1.4594649527873966,-34.754978902315784,-60.61031259538121,151.25247287075754,2200.0,-20.0,20.0,108.05685997009277,-33.46587352932226
889,8.89,16.835483453240965,-20.993342169144565,1.429180581000508,-39.608097253449074,-55.42067956275413,157.46629553537275,2200.0,-20.0,20.0,108.04788970947266,-33.650347356846275
890,8.9,16.904309414056197,-21.073998080547383,1.3994477359581012,-42.85637196915422,-50.054474988403676,162.34161700403908,2200.0,-20.0,20.0,108.03891944885254,-33.83256940519521
891,8.91,16.973550264569443,-21.15568686860905,1.3703085858793644,-44.9984256330309,-44.61050928010475,166.39623481585022,2200.0,-20.0,20.0,108.02994918823242,-34.01197145055753
892,8.92,17.043189809521976,-21.238390208274854,1.3418044343969988,-46.336070983206106,-39.15265940230225,169.9545760611718,2200.0,-20.0,20.0,108.0209789276123,-34.187990470856455
893,8.93,17.11321127868525,-21.32208830067215,1.3139756614134501,-47.05509135265035,-33.726871939574586,173.22868718364998,2200.0,-20.0,20.0,108.01200866699219,-34.360075467946935
894,8.94,17.183597351297777,-21.4067599015278,1.286861665265816,-47.27139716714087,-28.36998337628057,176.36454663516656,2200.0,-20.0,20.0,108.00303840637207,-34.52769413760955
895,8.950000000000001,17.254330181153495,-21.49238235165222,1.2605008062679817,-47.057322452116196,-23.11459228681196,179.4684014989924,2200.0,-20.0,20.0,107.99406814575195,-34.69033927088586
896,8.96,17.32539142230814,-21.578931609451708,1.2349303516974062,-46.45703126658727,-17.991958509656026,-177.37799616306182,2200.0,-20.0,20.0,107.98509788513184,-34.847534772854814
897,8.97,17.396762255371133,-21.66638228542893,1.2101864222930374,-45.49597302032495,-13.033863602347735,-174.10845015336878,2200.0,-20.0,20.0,107.97612762451172,-34.99884118971851
898,8.98,17.468423414351392,-21.754707678629593,1.1863039403300422,-44.18710810026239,-8.273875694088773,-170.6671435860204,2200.0,-20.0,20.0,107.9671573638916,-35.143860641714014
899,8.99,17.540355214026178,-21.843879814991414,1.1633165793363816,-42.535465627558374,-3.7482118977608905,-167.0059034592757,2200.0,-20.0,20.0,107.95818710327148,-35.28224106818826
900,9.0,17.612537577802915,-21.933869487549373,1.141256715515719,-40.54198463210093,0.5037527915644391,-163.0832338899554,2200.0,-20.0,20.0,107.94921684265137,-35.41367970171154
901,9.01,17.68495006604443,-22.024646298449074,1.1201553809406624,-38.20724295079354,4.439378079953455,-158.8647810334236,2200.0,-20.0,20.0,107.94024658203125,-35.537925700414
902,9.02,17.757571904828513,-22.11617870271779,1.1000422185799124,-35.53542922775494,8.01317063953314,-154.32502338352165,2200.0,-20.0,20.0,107.93127632141113,-35.654781881529466
903,9.03,17.830382015113067,-22.20843405374017,1.0809454392224265,-32.53865659069781,11.177875015672678,-149.44994137070083,2200.0,-20.0,20.0,107.92230606079102,-35.7641055143167
904,9.040000000000001,17.903359042278197,-22.301378650383082,1.0628917803612281,-29.241389317288657,13.886392624525035,-144.24022040082244,2200.0,-20.0,20.0,107.9133358001709,-35.86580814670323
905,9.05,17.9764813860166,-22.394977785711227,1.0459064670989067,-25.68435720679716,16.094587602136933,-138.71422175404436,2200.0,-20.0,20.0,107.90436553955078,-35.959854457108605
906,9.06,18.049727230543436,-22.489195797232302,1.03001317513614,-21.926970109942612,17.764844945550422,-132.90964108833194,2200.0,-20.0,20.0,107.89539527893066,-36.04626014053593
907,9.07,18.12307457509654,-22.583996118607402,1.0152339959036907,-18.047132441618512,18.86997130200533,-126.88269198349761,2200.0,-20.0,20.0,107.88642501831055,-36.12508885592806
908,9.08,18.196501264697286,-22.6793413327592,1.0015894038972428,-14.137730034622676,19.396763604581682,-120.70404455543343,2200.0,-20.0,20.0,107.87745475769043,-36.19644827979423
909,9.09,18.269985021141856,-22.77519322630726,0.9890982262730975,-10.299967916620972,19.348463607604465,-114.4516694685626,2200.0,-20.0,20.0,107.86848449707031,-36.25663703221835
910,9.1,18.34350347419174,-22.871512845256365,0.9777776147611342,-6.634859072786213,18.74548881033708,-108.20187003340224,2200.0,-20.0,20.0,107.8595142364502,-36.30908351482433
911,9.11,18.417034192931542,-22.96826055186061,0.9676430199495212,-3.2349076406023336,17.624268040358075,-102.02053817224004,2200.0,-20.0,20.0,107.85054397583008,-36.354551000385364
912,9.120000000000001,18.490554717261073,-23.065396082582335,0.9587081679933896,-0.1779361527962199,16.034532588857438,-95.95658646060423,2200.0,-20.0,20.0,107.84157371520996,-36.39329990248638
913,9.13,18.564042589487546,-23.162878607061945,0.9509850397970885,2.4758690302336426,14.035781154272449,-90.03864545168335,2200.0,-20.0,20.0,107.83260345458984,-36.42561269693499
914,9.14,18.6374753859827,-23.26066678801114,0.9444838527166509,4.6837557264362495,11.693710860612724,-84.27499622941781,2200.0,-20.0,20.0,107.82363319396973,-36.45178760626454
915,9.15,18.710830748868222,-23.358718841939034,0.9392130448257654,6.417942518675205,9.0772221164637,-78.65589715551359,2200.0,-20.0,20.0,107.81466293334961,-36.506823673283314
916,9.16,18.78408641769179,-23.456992600617546,0.9351792617848219,7.66208012044035,6.256305732493201,-73.15720324325535,2200.0,-20.0,20.0,107.80569267272949,-36.64578822097332
917,9.17,18.857220261054724,-23.55544557318965,0.9323873463485188,8.407678681306132,3.300845492292393,-67.74436140857455,2200.0,-20.0,20.0,107.79672241210938,-36.780549072349416
918,9.18,18.930210308150944,-23.654035008821374,0.930840330543081,8.651209530886,0.2801868021803714,-62.37624558695316,2200.0,-20.0,20.0,107.78775215148926,-36.91171228793505
919,9.19,19.00303478017587,-23.752717959796126,0.9305394305393605,8.392269915056074,-2.736767398958388,-57.00866595118279,2200.0,-20.0,20.0,107.77878189086914,-37.03987249749143
920,9.200000000000001,19.075672121562665,-23.85145134494787,0.9314840442430053,7.632977167706409,-5.681201433230184,-51.5976452644312,2200.0,-20.0,20.0,107.76981163024902,-37.16560340887574
921,9.21,19.148101031002177,-23.950192013327854,0.9336717516175124,6.378626478438478,-8.484043701460623,-46.10267924205689,2200.0,-20.0,20.0,107.7608413696289,-37.289448972243896
922,9.22,19.220300492202036,-24.048896807998304,0.9370983177503622,4.639548104824128,-11.075904021602296,-40.49019123765253,2200.0,-20.0,20.0,107.75187110900879,-37.41191531290028
923,9.23,19.29224980433949,-24.147522629845422,0.9417576986666031,2.4339677821720325,-13.387550404903164,-34.737257104905794,2200.0,-20.0,20.0,107.74290084838867,-37.533463532630506
924,9.24,19.36392861216183,-24.24602650130352,0.9476420498882614,-0.20854295731812802,-15.35114776858853,-28.835415069849827,2200.0,-20.0,20.0,107.73393058776855,-37.65450346479803
925,9.25,19.435316935687716,-24.344365629881832,0.9547417377318339,-3.2437421663382136,-16.90238481322127,-22.79401856977444,2200.0,-20.0,20.0,107.72496032714844,-37.77538845295701
926,9.26,19.506395199462396,-24.44249747138595,0.963045353329932,-6.610531325516789,-17.98343059369516,-16.642242623126098,2200.0,-20.0,20.0,107.71599006652832,-37.89641120637461
927,9.27,19.577144261319376,-24.540379792726345,0.972539729356931,-10.231018389502221,-18.54639545448957,-10.42871561240947,2200.0,-20.0,20.0,107.7070198059082,-38.017800768982326
928,9.28,19.64754544060124,-24.637970734207748,0.9832099594322906,-14.01361601950515,-18.556693399427242,-4.218042320371056,2200.0,-20.0,20.0,107.69804954528809,-38.139720620954435
929,9.290000000000001,19.71758054579233,-24.735228871194547,0.9950394201691009,-17.85914139524876,-17.9955476700481,1.9157188906870772,2200.0,-20.0,20.0,107.68907928466797,-38.26226791486546
930,9.3,19.787231901516286,-24.832113275049444,1.008009795829419,-21.668823329352705,-16.860976371634486,7.897517664486508,2200.0,-20.0,20.0,107.68010902404785,-38.38705599562613
931,9.31,19.85648237485201,-24.928583573244914,1.0221011055421518,-25.35234958702964,-15.166959566071938,13.659844606966535,2200.0,-20.0,20.0,107.67113876342773,-38.513420346348845
932,9.32,19.92541247961242,-25.024707988474358,1.0370436109498289,-28.83412621366684,-12.940905254751762,19.14940791700963,1280.053955078125,-20.0,20.0,107.66591930389404,-38.462762106810835
933,9.33,19.994245955477076,-25.12072546261942,1.0522329285702956,-32.05645818754377,-10.22013406755915,24.33084743475802,0.0,-20.0,20.0,107.66591930389404,-38.35340526467881
934,9.34,20.06311868195111,-25.21678937307134,1.0673255616721966,-34.97940355120379,-7.048294354757577,29.187534590587145,0.0,-20.0,20.0,107.66591930389404,-38.504600196508804
935,9.35,20.13203301249882,-25.312905117016705,1.0823251364201238,-37.5783600799754,-3.4719876860297676,33.72003581326136,0.0,-20.0,20.0,107.66591930389404,-38.65997798472561
936,9.36,20.200990218898177,-25.409076026896894,1.0972341802460184,-39.84035852922295,0.4620099930193617,37.94327741298443,0.0,-20.0,20.0,107.66591930389404,-38.819136153755686
937,9.370000000000001,20.269991510319347,-25.50530535451321,1.1120553528852002,-41.75974350860239,4.708578610486428,41.88357438562818,0.0,-20.0,20.0,107.66591930389404,-38.981636746563964
938,9.38,20.339038031557667,-25.601596266274935,1.126791442489615,-43.33392698749926,9.225282884879604,45.57620285967363,0.0,-20.0,20.0,107.66591930389404,-39.14701316829425
939,9.39,20.408130861360743,-25.697951838572166,1.1414453615534226,-44.55940974730345,13.972737877273333,49.063953806074295,0.0,-20.0,20.0,107.66591930389404,-39.31477735918693
940,9.4,20.47727101085204,-25.794375053280213,1.156020142656878,-45.42794960751533,18.914455468822098,52.39693085576543,0.0,-20.0,20.0,107.66591930389404,-39.484427175487326
941,9.41,20.546459422053317,-25.890868793402067,1.1705189340347288,-45.92249596980087,24.016273202409348,55.63383594667951,0.0,-20.0,20.0,107.66591930389404,-39.65545385485706
942,9.42,20.615696966508,-25.98743583885541,1.1849449949756032,-46.012245287959374,29.2453924715425,58.845138617746734,0.0,-20.0,20.0,107.66591930389404,-39.82734944265019
943,9.43,20.68498444400761,-26.08407886241024,1.1993016910591114,-45.64579506093538,34.568946241225504,62.11888895462866,0.0,-20.0,20.0,107.66591930389404,-39.999614057540505
944,9.44,20.754322581422972,-26.180800425783058,1.2135924892376209,-44.740719997650224,39.95185137211921,65.57062283943073,0.0,-20.0,20.0,107.66591930389404,-40.17176287924174
945,9.450000000000001,20.823712031623394,-26.277602975902212,1.2278209527652284,-43.166693941108235,45.353409473863664,69.36005785523257,0.0,-18.78645896911621,20.0,107.66591930389404,-40.343332810501956
946,9.46,20.893153372525827,-26.37448884132809,1.2419907359895137,-40.71712478530228,50.7215511734624,73.71948212072999,0.0,-17.708523273468018,20.0,107.66591930389404,-40.51388857872343
947,9.47,20.96264710631676,-26.47146022882966,1.2561055790385816,-37.0608628491042,55.98244819497143,79.00218431114202,0.0,-17.10192203521728,20.0,107.66591930389404,-40.683028029022346
948,9.48,21.032149614861396,-26.568446411954625,1.2702097618638035,-31.662819680459933,61.020826462318816,85.76200682702871,301.50653076171875,-16.83995485305786,20.0,107.6646900177002,-40.90282809094251
949,9.49,21.101567923823954,-26.665292610405398,1.2843862863686328,-23.676879581066608,65.64239642007446,94.8606406462257,636.3558349609375,-16.746010780334473,20.0,107.66209506988525,-41.11770415414235
950,9.5,21.17080192667606,-26.761827174895267,1.2987089481224738,-11.925755652735933,69.50916506906358,107.4879853470503,979.26513671875,-16.733717918395996,20.0,107.65810203552246,-41.321312635573726
951,9.51,21.239749952220897,-26.857870740852594,1.31323724301592,4.50753014967347,72.07665827749156,124.57083694941953,1320.6693115234375,-16.760542392730713,20.0,107.65271711349487,-41.51078790235902
952,9.52,21.308311914494706,-26.95324164712515,1.3280141057223085,24.358747105107817,72.7174231377404,144.85211738940723,1651.78564453125,-16.824193000793453,20.0,107.64598178863525,-41.68378287530163
953,9.53,21.376391468212923,-27.047759866752028,1.343065035384372,43.38473748029178,71.20966214780248,164.093241539385,1969.8485107421875,-16.95368766784668,20.0,107.63794994354248,-41.839373114244985
954,9.540000000000001,21.443907922681074,-27.14126874710005,1.358393429106974,58.266106476814635,67.9792651179213,178.97684967925954,2200.0,-17.18482732772827,20.0,107.62897968292236,-41.96468958443887
955,9.55,21.510828564229254,-27.233695002704156,1.373970796449004,68.86445178303724,63.649949233062685,-170.63596000832422,2200.0,-17.531630992889404,20.0,107.62000942230225,-42.038235516528786
956,9.56,21.57715559078472,-27.325027583818738,1.3897498453747401,76.35390687686827,58.677828880332726,-163.57417150059425,2200.0,-17.957408428192135,20.0,107.61103916168213,-42.10618219415789
957,9.57,21.642892099816038,-27.415257162713548,1.4056834326671788,81.81022520344233,53.331678598130445,-158.76792974278607,2200.0,-18.34082841873169,20.0,107.60206890106201,-42.16871484494128
958,9.58,21.708042056024908,-27.504376025200518,1.4217241904696445,85.95871514650595,47.76501590922494,-155.50082003386314,2200.0,-18.70990753173828,20.0,107.5930986404419,-42.22605955211972
959,9.59,21.772610285775656,-27.592378081753072,1.4378245948392938,89.25871945565225,42.06925795216525,-153.3256866855739,2200.0,-19.248759746551514,20.0,107.58412837982178,-42.27847941418378
960,9.6,21.83660247019813,-27.6792588763968,1.4539370344980265,92.00380266128418,36.30275577105632,-151.96484062457077,2200.0,-20.0,20.0,107.57515811920166,-42.326270192159164
961,9.61,21.90002513698525,-27.76501559340356,1.4700138797140179,94.38823707129102,30.50592023818271,-151.24408032107618,2200.0,-20.0,20.0,107.56618785858154,-42.36975542164665
962,9.620000000000001,21.962885650856183,-27.849647061673977,1.486007551158083,96.54670512541317,24.709308507581234,-151.0536238468661,2200.0,-20.0,20.0,107.55721759796143,-42.40928124846046
963,9.63,22.02519220264942,-27.93315375669569,1.5018705886708907,98.5777892824348,18.938192787735687,-151.32539877420092,2200.0,-20.0,20.0,107.54824733734131,-42.445210782479556
964,9.64,22.08695379708203,-28.015537800230653,1.5175557199433132,100.55820283705815,13.21534318788723,-152.01975209132266,2200.0,-20.0,20.0,107.53927707672119,-42.47791866124427
965,9.65,22.148180239229593,-28.096802957681998,1.5330159289804977,102.55174547899048,7.562894994465142,-153.1175993467089,2200.0,-20.0,20.0,107.53030681610107,-42.50778537434704
966,9.66,22.208882119789987,-28.176954633229236,1.5482045242654479,104.61519930035023,2.003758268221898,-154.61577670993097,2200.0,-20.0,20.0,107.52133655548096,-42.535191597683266
967,9.67,22.269070799146505,-28.25599986271519,1.5630752065318148,106.80238525306176,-3.4371753832768768,-156.5243069035924,2200.0,-20.0,20.0,107.51236629486084,-42.56051265808043
968,9.68,22.328758390242985,-28.333947304261354,1.5775821360533464,109.16702132722745,-8.731880287678722,-158.86477709907638,2200.0,-20.0,20.0,107.50339603424072,-42.584113229198984
969,9.69,22.387957740288908,-28.410807226594375,1.591679999356923,111.76464609251971,-13.84801509270195,-161.66924167614673,2200.0,-20.0,20.0,107.4944257736206,-42.60634234492241
970,9.700000000000001,22.44668241131911,-28.486591495074844,1.6053240752663762,114.65356703476405,-18.74768546875262,-164.97909486731342,2200.0,-20.0,20.0,107.48545551300049,-42.62752880494052
971,9.71,22.504946659638254,-28.561313555426924,1.618470300184542,117.89448576683536,-23.38619879712621,-168.8432464684908,2200.0,-20.0,20.0,107.47648525238037,-42.64797703681916
972,9.72,22.56276541423972,-28.634988415116744,1.6310753325717502,121.54810968810898,-27.71097588405148,-173.31470933537477,2200.0,-14.780957698822021,20.0,107.46751499176025,-42.667962982524266
973,9.73,22.620154254139564,-28.707632622110694,1.6430966163740042,125.66972709670516,-31.66096902297481,-178.44445617992284,2200.0,-6.510341763496398,20.0,107.45854473114014,-42.6877299411184
974,9.74,22.67712938423966,-28.779264240549853,1.6544924427627528,130.29963304101489,-35.1672033522088,175.72864048768164,2200.0,-0.3636676073074341,20.0,107.44957447052002,-42.70748649780319
975,9.75,22.733707611247382,-28.84990282214105,1.6652220110348703,135.4489422175747,-38.15534401949188,169.19232686381122,2200.0,5.854889750480652,20.0,107.4406042098999,-42.72740182646289
976,9.76,22.78990631615456,-28.9195693773083,1.6752454816188216,141.08247178231156,-40.55130101112535,161.97839414060357,2200.0,14.64029312133789,20.0,107.43163394927979,-42.74763388984006
977,9.77,22.845743442096584,-28.988286333397486,1.6845240503348544,147.10399683549247,-42.29009377644906,154.1778559161283,2200.0,20.0,20.0,107.42266368865967,-42.76827995907641
978,9.78,22.90123746609643,-29.056077514851545,1.693020000777569,153.35207065568804,-43.3270546903999,145.94526359060183,2200.0,20.0,20.0,107.41369342803955,-42.78940796123833
979,9.790000000000001,22.956407375244236,-29.122968106134746,1.7006967642874848,159.61456261369645,-43.64836493791997,137.4842662742707,2200.0,20.0,20.0,107.40472316741943,-42.811045738222134
980,9.8,23.01127263945537,-29.1889846186268,1.707518975439384,165.66182156083323,-43.27686128384291,129.0145543075972,2200.0,20.0,20.0,107.39575290679932,-42.83318490546208
981,9.81,23.06585318254183,-29.254154853074702,1.71345252431992,171.28687826836034,-42.27034974550923,120.73179310999735,2200.0,20.0,20.0,107.3867826461792,-42.85578197528332
982,9.82,23.120169352347176,-29.31850786008482,1.7184646068657783,176.33615339197712,-40.713074474912425,112.77709289725613,2200.0,20.0,20.0,107.37781238555908,-42.878760174073264
983,9.83,23.174241890039436,-29.382073898591152,1.7225237731310319,-179.27923502307215,-38.70395631536148,105.22593900021464,2200.0,20.0,20.0,107.36884212493896,-42.9020115421204
984,9.84,23.22809189871474,-29.444884392461038,1.7255999735735277,-175.58991425826704,-36.345667575511364,98.09495579989891,2200.0,20.0,20.0,107.35987186431885,-42.925399222129606
985,9.85,23.281740811408405,-29.506971885347927,1.727664603374026,-172.58394185173628,-33.736930143583535,91.3580229511065,2200.0,20.0,20.0,107.35090160369873,-42.94875986347333
986,9.86,23.33521035857727,-29.568369993866522,1.7286905447496321,-170.223504790339,-30.968396244906845,84.96354432094304,2200.0,20.0,20.0,107.34193134307861,-42.97190607499256
987,9.870000000000001,23.38852253510133,-29.629113359148466,1.728652207194281,-168.4581242855869,-28.121279903602332,78.84838798368092,2200.0,20.0,20.0,107.3329610824585,-42.99462885862676
988,9.88,23.44169956684819,-29.68923759683189,1.7275255655682777,-167.23324701644643,-25.267625738766604,72.94739872941246,2200.0,20.0,20.0,107.32399082183838,-43.016699954380236
989,9.89,23.494763876845656,-29.748779245540195,1.7252881959592223,-166.49488352193512,-22.471305447015382,67.19915025619575,2200.0,20.0,20.0,107.31502056121826,-43.03787402808595
990,9.9,23.547738051111867,-29.80777571391008,1.721919309241987,-166.191460926356,-19.789151712625557,61.54908639516472,2200.0,20.0,20.0,107.30605030059814,-43.05789063811974
991,9.91,23.600644804196765,-29.866265226233914,1.717399782271991,-166.27395249548113,-17.271904085898708,55.9510598447439,2200.0,20.0,20.0,107.29708003997803,-43.07647592515954
992,9.92,23.653506944492502,-29.924286766786004,1.7117121866519873,-166.6950744604475,-14.964817241209806,50.36795767510904,2200.0,20.0,20.0,107.28810977935791,-43.0933439797813
993,9.93,23.70634733937313,-29.981880022906488,1.704840815017549,-167.40809420633033,-12.907888593956997,44.77180382177892,2200.0,20.0,20.0,107.2791395187378,-43.10819785499058
994,9.94,23.759188880226013,-30.039085326920198,1.6967717047906428,-168.3656204416313,-11.135727674436417,39.14350855756471,2200.0,20.0,20.0,107.27016925811768,-43.120730204660944
995,9.950000000000001,23.812054447438783,-30.095943596971352,1.687492659354527,-169.51863185809336,-9.677134221248615,33.472297365949714,2200.0,20.0,20.0,107.26119899749756,-43.13062354350147
996,9.96,23.864966875406594,-30.1524962768585,1.6769932666070497,-170.815916779693,-8.554485210978667,27.754786914372925,2200.0,20.0,20.0,107.25222873687744,-43.137550139700004
997,9.97,23.917948917624933,-30.208785274957478,1.6652649148534648,-172.20401725744387,-7.783053664389298,21.9936726185151,2200.0,20.0,20.0,107.24325847625732,-43.21046059941367
998,9.98,23.971023211933442,-30.264852902323632,1.6523008060042395,-173.62768477182811,-7.370389520172784,16.196036751872203,2200.0,20.0,20.0,107.2342882156372,-43.34759714378286
999,9.99,24.024212245976003,-30.32074181006762,1.6380959660479806,-175.03076474441815,-7.315879927483546,10.371358169502358,2200.0,20.0,20.0,107.22531795501709,-43.48335395058538
1000,10.0,24.077538322941923,-30.376494926102367,1.6226472527745668,-176.35735009712258,-7.610571581736841,4.529378391481504,2200.0,20.0,20.0,107.21634769439697,-43.61788736535663
1001,10.01,24.131023527652218,-30.432155391361423,1.6059533607287897,-177.55300146307047,-8.237286446205593,-1.321972072554229,2200.0,20.0,20.0,107.20737743377686,-43.75137989254623
1002,10.02,24.184689693053816,-30.487766495591575,1.5880148233802267,-178.56583824467188,-9.171005830419372,-7.17837533844913,2200.0,20.0,20.0,107.19840717315674,-43.884035165768175
1003,10.03,24.238558367183288,-30.54337161282477,1.568834012500694,-179.3473608569971,-10.379450390895327,-13.040477298000136,2200.0,20.0,20.0,107.18943691253662,-44.01607275727236
1004,10.040000000000001,24.292650780659724,-30.599014136636328,1.5484151347463573,-179.8529554082294,-11.823756816741538,-18.914668617307665,2200.0,20.0,20.0,107.1804666519165,-44.14772291162146
1005,10.05,24.346987814764738,-30.654737415297852,1.5267642254474378,179.95786518108238,-13.459151346163244,-24.813235576614037,2200.0,20.0,20.0,107.17149639129639,-44.279221287825074
1006,10.06,24.401589970165084,-30.71058468693437,1.5038891396143461,-179.87866334841746,-15.235544842236694,-30.75385988126802,2200.0,20.0,20.0,107.16252613067627,-44.41080379282801
1007,10.07,24.456477336331144,-30.766599014795883,1.479799540174988,-179.33078025126352,-17.098018626305045,-36.75845535516046,2200.0,20.0,20.0,107.15355587005615,-44.54270158707119
1008,10.08,24.511669561701762,-30.822823222753744,1.4545068834638688,-178.37177465276994,-18.987228033595272,-42.85131384711177,2200.0,20.0,20.0,107.14458560943604,-44.675136339721405
1009,10.09,24.567185824643264,-30.879299831132087,1.4280244019894213,-176.98115908092345,-20.83981544010418,-49.05651487268244,2200.0,20.0,20.0,107.13561534881592,-44.80831580727947
1010,10.1,24.62304480524733,-30.936070992983822,1.4003670845116531,-175.14662616196767,-22.588989098715352,-55.394570159500056,2200.0,20.0,20.0,107.1266450881958,-44.942429804389704
1011,10.11,24.679264658009597,-30.993178430919734,1.3715516534677232,-172.8668228924323,-24.165476282284065,-61.878371718101796,2200.0,20.0,20.0,107.11767482757568,-45.077646629724704
1012,10.120000000000001,24.735862985427495,-31.050663374597608,1.3415965397883458,-170.15471020210344,-25.499076742872358,-68.50873144373521,2200.0,20.0,20.0,107.10870456695557,-45.214110003061315
1013,10.13,24.79285681255273,-31.10856649897656,1.3105218551529891,-167.04089597308234,-26.520992183910828,-75.27014338341276,2200.0,20.0,20.0,107.09973430633545,-45.351936561727115
1014,10.14,24.850262562530638,-31.166927863439337,1.2783493617365906,-163.57592701226366,-27.166956004292153,-82.12777794414772,2200.0,20.0,20.0,107.09076404571533,-45.491213955097365
1015,10.15,24.908096033269643,-31.2257868518037,1.245102439514314,-159.83031330500782,-27.38093144997015,-89.02692063241793,2200.0,20.0,20.0,107.08179378509521,-45.63199935436045
1016,10.16,24.966372374288778,-31.285182113882527,1.2108060512072476,-155.89129079337735,-27.118837390890903,-95.8958073533481,2200.0,20.0,20.0,107.0728235244751,-95.77432049295453
