Step,Time,X,Y,Z,Roll,Pitch,Yaw,Thrust,GimbalYaw,GimbalPitch,Mass,Reward
0,0,-1.8923888147811208,-0.5588948752165674,11.0,5.499957515353619,0.7559764443787278,0.0363123972344899,0.0,0.0,0.0,110.0,0.0
1,0.01,-1.8860972414109982,-0.5538845320177652,10.965168594019687,5.500119957159104,0.7565913825420799,0.03220097773050905,0.0,-20.0,-20.0,110.0,-7.9117138980721045
2,0.02,-1.8798063151771223,-0.5488735316682242,10.930337259894674,5.500118921281195,0.7581427223859535,0.018088471934297412,0.0,-20.0,-20.0,110.0,-7.877015645624223
3,0.03,-1.8735153954162997,-0.5438625250870404,10.895505926452804,5.49998778798525,0.7590658573842886,0.008560588797347413,0.0,-20.0,-20.0,110.0,-7.840668139809005
4,0.04,-1.8672245501881348,-0.5388514437668317,10.860674601198177,5.499816281296145,0.7597353020859643,0.0009786985438455752,0.0,-20.0,-20.0,110.0,-7.805024807116376
5,0.05,-1.8609337161966677,-0.5338403537049304,10.825843276934261,5.499633182068352,0.7603954333043974,-0.006654766244248116,0.0,-20.0,-20.0,110.0,-7.769578984227396
6,0.06,-1.8546428700184072,-0.5288292806030518,10.791011950875298,5.499451897402696,0.7611173593106206,-0.014864183795240701,0.0,-20.0,-20.0,110.0,-7.734140064671355
7,0.07,-1.8483520049589839,-0.5238182304132215,10.756180622359514,5.499279073832292,0.7619003285060258,-0.023577462213316035,0.0,-20.0,-20.0,110.0,-7.6986640106995665
8,0.08,-1.8420611216346376,-0.5188072018672647,10.721349291517331,5.49911745165068,0.7627269324830992,-0.032610467537866464,0.0,-20.0,-20.0,110.0,-7.6631559205651465
9,0.09,-1.8357702231021706,-0.5137961917353617,10.686517958700371,5.498966756210566,0.7635810853670607,-0.04181577085097978,0.0,-20.0,-20.0,110.0,-7.6276277387506095
10,0.1,-1.8294793128824287,-0.5087851957562164,10.651686624365675,5.4988250147916915,0.7644516596988742,-0.051104107871876664,0.0,-20.0,-20.0,110.0,-7.592089386555571
11,0.11,-1.8231883941564393,-0.5037742098251725,10.61685528895068,5.498689983066075,0.7653319846229667,-0.06042958306940105,0.0,-20.0,-20.0,110.0,-7.556547099003584
12,0.12,-1.8168974693392703,-0.49876323087122637,10.582023952783114,5.498559647397645,0.7662183052371888,-0.06977073083986891,0.0,-20.0,-20.0,110.0,-7.52100396644401
13,0.13,-1.8106065400577767,-0.4937522556738485,10.547192616194646,5.498432065165015,0.7671085166338409,-0.07911823472323565,0.0,-20.0,-20.0,110.0,-7.485461510420511
14,0.14,-1.8043156075368665,-0.4887412827117633,10.512361279348005,5.498305686341273,0.7680013866337766,-0.08846845989257356,0.0,-20.0,-20.0,110.0,-7.449920288037466
15,0.15,-1.7980246726481783,-0.4837303104953916,10.477529942398167,5.498179777150294,0.7688961121287606,-0.09782003167821388,0.0,-20.0,-20.0,110.0,-7.413946176499505
16,0.16,-1.7917337360524823,-0.4787193385918853,10.442698605395577,5.4980539721069155,0.7697921499813959,-0.1071723756596874,0.0,-20.0,-20.0,110.0,-7.377724974461622
17,0.17,-1.7854427982159802,-0.4737083667600192,10.40786726836964,5.497928081227956,0.7706891333107683,-0.11652522541938692,0.0,-20.0,-20.0,110.0,-7.34149342848393
18,0.18,-1.7791518594516322,-0.46869739487267614,10.373035931336748,5.497802002598632,0.7715868170435005,-0.12587844159432365,0.0,-20.0,-20.0,110.0,-7.305251360857014
19,0.19,-1.7728609199696186,-0.4636864228669361,10.33820459430574,5.497675688123315,0.7724850392288379,-0.13523194117244725,0.0,-20.0,-20.0,110.0,-7.268998583544899
20,0.2,-1.7665699799183467,-0.4586754507352818,10.303373257279311,5.49754912825489,0.7733836847271975,-0.14458566341826498,0.0,-20.0,-20.0,110.0,-7.232734900664809
21,0.21,-1.7602790394248031,-0.4536644785119204,10.268541920255847,5.4974223509037445,0.7742826569704246,-0.15393955357796454,0.0,-20.0,-20.0,110.0,-7.196460111676378
22,0.22,-1.753988098630609,-0.4486535062748298,10.23371058322972,5.497295416559396,0.7751818432494157,-0.1632935523749382,0.0,-20.0,-20.0,110.0,-7.1601740096937645
23,0.23,-1.7476971576401452,-0.44364253408172527,10.198879246196759,5.497168375552884,0.7760811481591181,-0.17264761350949354,0.0,-20.0,-20.0,110.0,-7.12387639031293
24,0.24,-1.7414062165422117,-0.43863156197369835,10.16404790915418,5.497041248206099,0.7769805171976544,-0.18200171160485626,0.0,-20.0,-20.0,110.0,-7.087567045116979
25,0.25,-1.7351152753760701,-0.43362058995441277,10.12921657210215,5.496914038079906,0.7778799190062473,-0.19135583290528935,0.0,-20.0,-20.0,110.0,-7.051245759667159
26,0.26,-1.728824334164394,-0.42860961801638137,10.094385235041695,5.496786740190472,0.7787793356417392,-0.20070996995853524,0.0,-20.0,-20.0,110.0,-7.014912314976952
27,0.27,-1.7225333929201636,-0.42359864614742865,10.059553897974157,5.496659345875897,0.7796787568438374,-0.21006411866469638,0.0,-20.0,-20.0,110.0,-6.97856648776162
28,0.28,-1.7162424516509602,-0.4185876743343971,10.024722560900903,5.496531845628143,0.7805781765914025,-0.21941827668458824,0.0,-20.0,-20.0,110.0,-6.9422080505564745
29,0.29,-1.7099515103615428,-0.4135767025651576,9.989891223823163,5.496404230634211,0.7814775910846363,-0.2287724426018403,0.0,-20.0,-20.0,110.0,-6.9058367717527345
30,0.3,-1.703660569055282,-0.40856573082951764,9.955059886741966,5.49627649347071,0.7823769976319496,-0.23812661549058417,0.0,-20.0,-20.0,110.0,-6.86945241558464
31,0.31,-1.6973696277348789,-0.40355475911942357,9.92022854965812,5.496148628262884,0.7832763940915639,-0.24748079469645493,0.0,-20.0,-20.0,110.0,-6.833054742088393
32,0.32,-1.6910786864026701,-0.3985437874287646,9.885397212572247,5.496020630545632,0.7841757786289502,-0.25683497972750985,0.0,-20.0,-20.0,110.0,-6.796643507045043
33,0.33,-1.6847877450607234,-0.39353281575300614,9.850565875484811,5.495892496999289,0.7850751496337861,-0.2661891702000672,0.0,-20.0,-20.0,110.0,-6.760218461914102
34,0.34,-1.6784968037108514,-0.3885218440888021,9.815734538396157,5.495764225169551,0.7859745057023793,-0.2755433658106419,0.0,-20.0,-20.0,110.0,-6.723779353761642
35,0.35000000000000003,-1.672205862354606,-0.3835108724336623,9.780903201306547,5.495635813227236,0.7868738456359476,-0.2848975663194019,0.0,-20.0,-20.0,110.0,-6.6873259251852115
36,0.36,-1.6659149209932806,-0.3784999007857001,9.746071864216177,5.4955072597857955,0.7877731684339256,-0.29425177153839205,0.0,-20.0,-20.0,110.0,-6.650857914236686
37,0.37,-1.6596239796279288,-0.3734889291434566,9.711240527125202,5.495378563773192,0.788672473277621,-0.3036059813218469,0.0,-20.0,-20.0,110.0,-6.614375054343671
38,0.38,-1.6533330382593951,-0.36847795750578255,9.676409190033747,5.495249724346055,0.7895717595067573,-0.3129601955577661,0.0,-20.0,-20.0,110.0,-6.577877074229676
39,0.39,-1.6470420968883484,-0.3634669858717615,9.641577852941905,5.495120740832954,0.7904710265932795,-0.32231441416067785,0.0,-20.0,-20.0,110.0,-6.541363697833006
40,0.4,-1.6407511555153145,-0.35845601424065815,9.606746515849757,5.49499161269614,0.7913702741160729,-0.33166863706563,0.0,-20.0,-20.0,110.0,-6.504834644224462
41,0.41000000000000003,-1.6344602141407076,-0.35344504261188137,9.571915178757363,5.494862339504393,0.7922695017387417,-0.34102286422338535,0.0,-20.0,-20.0,110.0,-6.468289627523634
42,0.42,-1.6281692727648531,-0.3484340709849568,9.537083841664774,5.494732920912525,0.7931687091912529,-0.3503770955966936,0.0,-20.0,-20.0,110.0,-6.431728356813804
43,0.43,-1.6218783313880083,-0.3434230993595052,9.502252504572033,5.494603356645105,0.7940678962553644,-0.3597313311574532,0.0,-20.0,-20.0,110.0,-6.395150536055412
44,0.44,-1.6155873900103765,-0.3384121277352237,9.467421167479166,5.494473646483126,0.7949670627533102,-0.3690855708845797,0.0,-20.0,-20.0,110.0,-6.35855586399802
45,0.45,-1.6092964486321193,-0.33340115611187154,9.4325898303862,5.494343790252998,0.795866208539091,-0.3784398147624264,0.0,-20.0,-20.0,110.0,-6.321944034090826
46,0.46,-1.6030055072533647,-0.32839018448925716,9.397758493293159,5.4942137878175075,0.7967653334917635,-0.38779406277957174,0.0,-20.0,-20.0,110.0,-6.285314734391642
47,0.47000000000000003,-1.5967145658742146,-0.3233792128672289,9.362927156200055,5.494083639068412,0.7976644375102345,-0.39714831492791414,0.0,-20.0,-20.0,110.0,-6.248667647474344
48,0.48,-1.5904236244947503,-0.31836824124566604,9.328095819106904,5.49395334392051,0.7985635205091848,-0.40650257120196726,0.0,-20.0,-20.0,110.0,-6.212002450334779
49,0.49,-1.5841326831150364,-0.31335726962447297,9.293264482013713,5.493822902306853,0.7994625824158483,-0.4158568315983134,0.0,-20.0,-20.0,110.0,-6.175318814295122
50,0.5,-1.5778417417351243,-0.30834629800357366,9.25843314492049,5.4936923141749805,0.8003616231674594,-0.42521109611517566,0.0,-20.0,-20.0,110.0,-6.138616404906634
51,0.51,-1.5715508003550545,-0.30333532638290783,9.223601807827244,5.493561579483908,0.8012606427092132,-0.43456536475207047,0.0,-20.0,-20.0,110.0,-6.101894881850836
52,0.52,-1.5652598589748596,-0.29832435476242747,9.188770470733978,5.493430698201761,0.8021596409926403,-0.44391963750954605,0.0,-20.0,-20.0,110.0,-6.065153898838995
53,0.53,-1.5589689175945654,-0.2933133831420945,9.153939133640696,5.493299670303903,0.80305861797431,-0.4532739143889663,0.0,-20.0,-20.0,110.0,-6.028393103510037
54,0.54,-1.552677976214192,-0.28830241152187863,9.119107796547402,5.493168495771436,0.8039575736147977,-0.4626281953923472,0.0,-20.0,-20.0,110.0,-5.9916121373267215
55,0.55,-1.5463870348337558,-0.2832914399017558,9.084276459454099,5.493037174590032,0.8048565078778607,-0.4719824805222135,0.0,-20.0,-20.0,110.0,-5.954810635470128
56,0.56,-1.54009609345327,-0.2782804682817068,9.049445122360787,5.49290570674899,0.805755420729785,-0.4813367697815001,0.0,-20.0,-20.0,110.0,-5.917988226732441
57,0.5700000000000001,-1.5338051520727443,-0.2732694966617165,9.01461378526747,5.492774092240496,0.8066543121388658,-0.49069106317346634,0.0,-20.0,-20.0,110.0,-5.8811445334079355
58,0.58,-1.5275142106921875,-0.2682585250417729,8.979782448174147,5.492642331059033,0.8075531820749943,-0.5000453607016249,0.0,-20.0,-20.0,110.0,-5.84427917118222
59,0.59,-1.5212232693116057,-0.26324755342186623,8.94495111108082,5.492510423200904,0.8084520305093276,-0.509399662369691,0.0,-20.0,-20.0,110.0,-5.807391749019671
60,0.6,-1.5149323279310039,-0.2582365818019889,8.91011977398749,5.492378368663866,0.8093508574140317,-0.5187539681815401,0.0,-20.0,-20.0,110.0,-5.770481869049022
61,0.61,-1.5086413865503863,-0.25322561018213485,8.87528843689416,5.49224616744683,0.8102496627620733,-0.5281082781411829,0.0,-20.0,-20.0,110.0,-5.733549126447112
62,0.62,-1.502350445169756,-0.24821463856229928,8.840457099800824,5.492113819549623,0.8111484465270549,-0.5374625922527272,0.0,-20.0,-20.0,110.0,-5.696593109320734
63,0.63,-1.496059503789116,-0.24320366694247836,8.80562576270749,5.491981324972801,0.8120472086830848,-0.5468169105203655,0.0,-20.0,-20.0,110.0,-5.6596133985865995
64,0.64,-1.489768562408468,-0.23819269532266904,8.770794425614152,5.491848683717499,0.8129459492046739,-0.5561712329483532,0.0,-20.0,-20.0,110.0,-5.622609567849333
65,0.65,-1.4834776210278138,-0.23318172370286888,8.735963088520814,5.491715895785322,0.8138446680666512,-0.5655255595409904,0.0,-20.0,-20.0,110.0,-5.585581183277544
66,0.66,-1.4771866796471544,-0.22817075208307597,8.701131751427475,5.491582961178236,0.8147433652441013,-0.5748798903026242,0.0,-20.0,-20.0,110.0,-5.548527803477866
67,0.67,-1.4708957382664913,-0.2231597804632888,8.666300414334136,5.491449879898499,0.8156420407123094,-0.5842342252376306,0.0,-20.0,-20.0,110.0,-5.511448979367011
68,0.68,-1.4646047968858251,-0.21814880884350615,8.631469077240796,5.491316651948607,0.8165406944467222,-0.5935885643504122,0.0,-20.0,-20.0,110.0,-5.474344254041743
69,0.6900000000000001,-1.4583138555051562,-0.21313783722372703,8.596637740147456,5.491183277331243,0.8174393264229132,-0.6029429076453904,0.0,-20.0,-20.0,110.0,-5.437213162646824
70,0.7000000000000001,-1.4520229141244854,-0.20812686560395066,8.561806403054115,5.491049756049233,0.8183379366165587,-0.6122972551270048,0.0,-20.0,-20.0,110.0,-5.400055232240817
71,0.71,-1.445731972743813,-0.2031158939841765,8.526975065960775,5.490916088105528,0.8192365250034152,-0.6216516067997069,0.0,-20.0,-20.0,110.0,-5.3628699816597605
72,0.72,-1.4394410313631394,-0.19810492236440402,8.492143728867434,5.4907822735031715,0.8201350915593033,-0.6310059626679545,0.0,-20.0,-20.0,110.0,-5.325656921378729
73,0.73,-1.4331500899824647,-0.19309395074463287,8.457312391774094,5.490648312245297,0.8210336362600971,-0.6403603227362171,0.0,-20.0,-20.0,110.0,-5.28841555337114
74,0.74,-1.4268591486017894,-0.1880829791248627,8.422481054680754,5.490514204335063,0.8219321590817062,-0.64971468700897,0.0,-20.0,-20.0,110.0,-5.251145370965912
75,0.75,-1.4205682072211132,-0.18307200750509325,8.387649717587411,5.490379949775711,0.822830660000078,-0.6590690554906935,0.0,-20.0,-20.0,110.0,-5.21384585870231
76,0.76,-1.4142772658404366,-0.17806103588532438,8.35281838049407,5.490245548570516,0.8237291389911838,-0.668423428185871,0.0,-20.0,-20.0,110.0,-5.176516492182591
77,0.77,-1.4079863244597597,-0.17305006426555591,8.317987043400727,5.490111000722783,0.8246275960310157,-0.6777778050989858,0.0,-20.0,-20.0,110.0,-5.13915673792228
78,0.78,-1.4016953830790824,-0.16803909264578773,8.283155706307385,5.489976306235845,0.8255260310955822,-0.6871321862345229,0.0,-20.0,-20.0,110.0,-5.10176605319817
79,0.79,-1.3954044416984048,-0.16302812102601974,8.248324369214043,5.489841465113055,0.8264244441609051,-0.6964865715969686,0.0,-20.0,-20.0,110.0,-5.064343885893926
80,0.8,-1.389113500317727,-0.15801714940625186,8.2134930321207,5.489706477357785,0.8273228352030175,-0.7058409611908125,0.0,-20.0,-20.0,110.0,-5.026889674343319
81,0.81,-1.382822558937049,-0.15300617778648404,8.178661695027358,5.489571342973426,0.8282212041979606,-0.715195355020547,0.0,-20.0,-20.0,110.0,-4.989402847171041
82,0.8200000000000001,-1.376531617556371,-0.1479952061667162,8.143830357934016,5.489436061963374,0.8291195511217833,-0.7245497530906635,0.0,-20.0,-20.0,110.0,-4.9518828231310685
83,0.8300000000000001,-1.370240676175693,-0.1429842345469483,8.108999020840674,5.4893006343310455,0.830017875950539,-0.7339041554056547,0.0,-20.0,-20.0,110.0,-4.914329010942561
84,0.84,-1.3639497347950147,-0.13797326292718035,8.074167683747332,5.489165060079858,0.8309161786602868,-0.7432585619700115,0.0,-20.0,-20.0,110.0,-4.876740809123261
85,0.85,-1.3576587934143365,-0.1329622913074123,8.03933634665399,5.489029339213244,0.8318144592270886,-0.7526129727882284,0.0,-20.0,-20.0,110.0,-4.839117605820339
86,0.86,-1.3513678520336583,-0.12795131968764414,8.004505009560647,5.488893471734638,0.8327127176270102,-0.7619673878647968,0.0,-20.0,-20.0,110.0,-4.801458778638717
87,0.87,-1.3450769106529799,-0.12294034806787585,7.969673672467306,5.488757457647486,0.8336109538361189,-0.7713218072042043,0.0,-20.0,-20.0,110.0,-4.763763694466781
88,0.88,-1.3387859692723014,-0.11792937644810743,7.934842335373965,5.4886212969552375,0.8345091678304852,-0.7806762308109444,0.0,-20.0,-20.0,110.0,-4.726031709299491
89,0.89,-1.332495027891623,-0.11291840482833886,7.9000109982806235,5.488484989661346,0.8354073595861813,-0.7900306586895101,0.0,-20.0,-20.0,110.0,-4.688262168058838
90,0.9,-1.3262040865109446,-0.10790743320857012,7.865179661187282,5.4883485357692745,0.8363055290792805,-0.799385090844392,0.0,-20.0,-20.0,110.0,-4.6504544044116525
91,0.91,-1.3199131451302661,-0.10289646158880121,7.830348324093941,5.488211935282484,0.8372036762858579,-0.8087395272800809,0.0,-20.0,-20.0,110.0,-4.612607740584713
92,0.92,-1.3136222037495877,-0.09788548996903214,7.7955169870006,5.4880751882044505,0.83810180118199,-0.8180939680010703,0.0,-20.0,-20.0,110.0,-4.574721487177119
93,0.93,-1.3073312623689093,-0.09287451834926289,7.760685649907258,5.487938294538643,0.8389999037437536,-0.827448413011852,0.0,-20.0,-20.0,110.0,-4.536794942969945
94,0.9400000000000001,-1.3010403209882309,-0.08786354672949347,7.725854312813917,5.487801254288545,0.8398979839472268,-0.8368028623169103,0.0,-20.0,-20.0,110.0,-4.498827394733116
95,0.9500000000000001,-1.2947493796075524,-0.08285257510972387,7.691022975720576,5.487664067457638,0.8407960417684884,-0.8461573159207347,0.0,-20.0,-20.0,110.0,-4.460818117029476
96,0.96,-1.288458438226874,-0.07784160348995409,7.656191638627234,5.4875267340494105,0.8416940771836187,-0.8555117738278181,0.0,-20.0,-20.0,110.0,-4.422766372016052
97,0.97,-1.2821674968461956,-0.07283063187018411,7.621360301533893,5.487389254067352,0.8425920901686981,-0.8648662360426494,0.0,-20.0,-20.0,110.0,-4.384671409242488
98,0.98,-1.2758765554655171,-0.06781966025041396,7.586528964440552,5.487251627514956,0.8434900806998079,-0.8742207025697168,0.0,-20.0,-20.0,110.0,-4.346532465446591
99,0.99,-1.2695856140848387,-0.06280868863064362,7.5516976273472105,5.487113854395726,0.8443880487530301,-0.8835751734135076,0.0,-20.0,-20.0,110.0,-4.308348764347024
100,1.0,-1.2632946727041603,-0.0577977170108731,7.516866290253869,5.486975934713161,0.8452859943044477,-0.8929296485785096,0.0,-20.0,-20.0,110.0,-4.270119516433067
101,1.01,-1.2570037313234819,-0.05278674539110239,7.482034953160528,5.4868378684707695,0.8461839173301433,-0.9022841280692078,0.0,-20.0,-20.0,110.0,-4.231843918751479
102,1.02,-1.2507127899428034,-0.04777577377133149,7.447203616067187,5.486699655672064,0.847081817806201,-0.9116386118900898,0.0,-20.0,-20.0,110.0,-4.193521154690418
103,1.03,-1.244421848562125,-0.04276480215156041,7.412372278973845,5.486561296320557,0.8479796957087055,-0.9209931000456422,0.0,-20.0,-20.0,110.0,-4.155150393760393
104,1.04,-1.2381309071814466,-0.037753830531789136,7.377540941880504,5.486422790419766,0.8488775510137418,-0.9303475925403529,0.0,-20.0,-20.0,110.0,-4.116730791372258
105,1.05,-1.2318399658007682,-0.032742858912017676,7.342709604787163,5.4862841379732155,0.8497753836973964,-0.9397020893787069,0.0,-20.0,-20.0,110.0,-4.078261488612219
106,1.06,-1.2255490244200897,-0.02773188729224603,7.307878267693821,5.48614533898443,0.8506731937357546,-0.9490565905651867,0.0,-20.0,-20.0,110.0,-4.039741612013832
107,1.07,-1.2192580830394113,-0.022720915672474192,7.27304693060048,5.486006393456938,0.8515709811049031,-0.9584110961042732,0.0,-20.0,-20.0,110.0,-4.001170273327026
108,1.08,-1.2129671416587329,-0.017709944052702164,7.238215593507139,5.485867301394274,0.8524687457809298,-0.9677656060004546,0.0,-20.0,-20.0,110.0,-3.96254656928407
109,1.09,-1.2066762002780544,-0.012698972432929953,7.2033842564137975,5.485728062799986,0.8533664877399243,-0.9771201202582138,0.0,-20.0,-20.0,110.0,-3.9238695813625593
110,1.1,-1.200385258897376,-0.00768800081315755,7.168552919320456,5.485588677677592,0.8542642069579711,-0.9864746388820281,0.0,-20.0,-20.0,110.0,-3.885138375545348
111,1.11,-1.1940943175166976,-0.0026770291933849596,7.133721582227115,5.4854491460306525,0.8551619034111616,-0.9958291618763848,0.0,-20.0,-20.0,110.0,-3.8463520020774578
112,1.12,-1.1878033761360192,0.002333942426387822,7.098890245133774,5.48530946786271,0.8560595770755856,-1.0051836892457666,0.0,-20.0,-20.0,110.0,-3.8075094952199797
113,1.1300000000000001,-1.1815124347553407,0.00734491404616079,7.064058908040432,5.485169643177319,0.8569572279273332,-1.0145382209946565,0.0,-20.0,-20.0,110.0,-3.7686098730009254
114,1.1400000000000001,-1.1752214933746623,0.012355885665933949,7.029227570947091,5.485029671978036,0.8578548559424953,-1.0238927571275311,0.0,-20.0,-20.0,110.0,-3.7296521369630877
115,1.1500000000000001,-1.1689305519939839,0.017366857285707294,6.99439623385375,5.4848895542684195,0.8587524610971639,-1.0332472976488758,0.0,-20.0,-20.0,110.0,-3.690635271908864
116,1.16,-1.1626396106133055,0.02237782890548083,6.9595648967604085,5.484749290052035,0.8596500433674303,-1.0426018425631662,0.0,-20.0,-20.0,110.0,-3.6515582456421134
117,1.17,-1.156348669232627,0.027388800525254556,6.924733559667067,5.484608879332444,0.8605476027293872,-1.0519563918748869,0.0,-20.0,-20.0,110.0,-3.612420008706999
118,1.18,-1.1500577278519486,0.03239977214502847,6.889902222573726,5.484468322113223,0.8614451391591277,-1.0613109455885112,0.0,-20.0,-20.0,110.0,-3.573219494123907
119,1.19,-1.1437667864712702,0.03741074376480257,6.855070885480385,5.484327618397944,0.8623426526327456,-1.0706655037085215,0.0,-20.0,-20.0,110.0,-3.5339556171223965
120,1.2,-1.1374758450905917,0.04242171538457686,6.820239548387043,5.484186768190187,0.8632401431263346,-1.080020066239392,0.0,-20.0,-20.0,110.0,-3.494627274871254
121,1.21,-1.1311849037099133,0.04743268700435134,6.785408211293702,5.4840457714935305,0.8641376106159896,-1.0893746331855982,0.0,-20.0,-20.0,110.0,-3.455233346205662
122,1.22,-1.1248939623292349,0.05244365862412601,6.750576874200361,5.4839046283115644,0.8650350550778061,-1.0987292045516213,0.0,-20.0,-20.0,110.0,-3.415772691351547
123,1.23,-1.1186030209485565,0.05745463024390087,6.715745537107019,5.483763338647876,0.8659324764878804,-1.1080837803419414,0.0,-20.0,-20.0,110.0,-3.376244151647082
124,1.24,-1.112312079567878,0.06246560186367592,6.680914200013678,5.483621902506059,0.8668298748223087,-1.1174383605610316,0.0,-20.0,-20.0,110.0,-3.336646549261488
125,1.25,-1.1060211381871996,0.06747657348345115,6.646082862920337,5.48348031988971,0.8677272500571882,-1.126792945213368,0.0,-20.0,-20.0,110.0,-3.2969786869111175
126,1.26,-1.0997301968065212,0.07248754510322658,6.6112515258269955,5.483338590802431,0.8686246021686168,-1.1361475343034289,0.0,-20.0,-20.0,110.0,-3.2572393475728787
127,1.27,-1.0934392554258427,0.07749851672300219,6.576420188733654,5.483196715247825,0.8695219311326927,-1.145502127835689,0.0,-20.0,-20.0,110.0,-3.2174272941951134
128,1.28,-1.0871483140451643,0.08250948834277799,6.541588851640313,5.483054693229501,0.8704192369255146,-1.1548567258146225,0.0,-20.0,-20.0,110.0,-3.1775412694059586
129,1.29,-1.080857372664486,0.08752045996255399,6.506757514546972,5.48291252475107,0.8713165195231819,-1.1642113282447037,0.0,-20.0,-20.0,110.0,-3.1375799952193035
130,1.3,-1.0745664312838075,0.09253143158233017,6.47192617745363,5.482770209816149,0.8722137789017946,-1.1735659351304049,0.0,-20.0,-20.0,110.0,-3.0975421727383896
131,1.31,-1.068275489903129,0.09754240320210654,6.437094840360289,5.4826277484283565,0.8731110150374533,-1.1829205464762,0.0,-20.0,-20.0,110.0,-3.0574264818572097
132,1.32,-1.0619845485224506,0.10255337482188309,6.402263503266948,5.482485140591315,0.8740082279062589,-1.1922751622865608,0.0,-20.0,-20.0,110.0,-3.017231580959747
133,1.33,-1.0556936071417722,0.10756434644165984,6.367432166173606,5.4823423863086544,0.8749054174843127,-1.201629782565956,0.0,-20.0,-20.0,110.0,-2.9769561066172274
134,1.34,-1.0494026657610938,0.11257531806143678,6.332600829080265,5.482199485584,0.8758025837477172,-1.2109844073188605,0.0,-20.0,-20.0,110.0,-2.93659867328347
135,1.35,-1.0431117243804153,0.1175862896812139,6.297769491986924,5.482056438420992,0.8766997266725753,-1.2203390365497475,0.0,-20.0,-20.0,110.0,-2.896157872988481
136,1.36,-1.036820782999737,0.12259726130099122,6.2629381548935825,5.481913244823264,0.877596846234991,-1.229693670263089,0.0,-20.0,-20.0,110.0,-2.8556322750304814
137,1.37,-1.0305298416190585,0.12760823292076873,6.228106817800241,5.481769904794459,0.8784939424110679,-1.2390483084633552,0.0,-20.0,-20.0,110.0,-2.8150204256664515
138,1.3800000000000001,-1.02423890023838,0.13261920454054643,6.1932754807069,5.481626418338225,0.8793910151769102,-1.248402951155013,0.0,-20.0,-20.0,110.0,-2.774320847801441
139,1.3900000000000001,-1.0179479588577016,0.1376301761603243,6.158444143613559,5.481482785458207,0.8802880645086233,-1.257757598342534,0.0,-20.0,-20.0,110.0,-2.733532040676789
140,1.4000000000000001,-1.0116570174770232,0.14264114778010237,6.123612806520217,5.481339006158062,0.8811850903823127,-1.2671122500303844,0.0,-20.0,-20.0,110.0,-2.6926524795574784
141,1.41,-1.0053660760963448,0.14765211939988063,6.088781469426876,5.481195080441456,0.8820820927740869,-1.2764669062230338,0.0,-20.0,-20.0,110.0,-2.6516806154188024
142,1.42,-0.9990751347156662,0.15266309101965908,6.053950132333535,5.481051008312027,0.8829790716600486,-1.2858215669249466,0.0,-20.0,-20.0,110.0,-2.610614874632684
143,1.43,-0.9927841933349877,0.15767406263943773,6.019118795240193,5.480906789773452,0.8838760270163075,-1.2951762321405935,0.0,-20.0,-20.0,110.0,-2.569453658653746
144,1.44,-0.9864932519543091,0.16268503425921654,5.984287458146852,5.480762424829397,0.8847729588189719,-1.304530901874445,0.0,-20.0,-20.0,110.0,-2.528195343705544
145,1.45,-0.9802023105736306,0.16769600587899555,5.949456121053511,5.480617913483532,0.88566986704415,-1.3138855761309647,0.0,-20.0,-20.0,110.0,-2.48683828046719
146,1.46,-0.9739113691929521,0.17270697749877476,5.9146247839601696,5.480473255739538,0.8865667516679507,-1.3232402549146192,0.0,-20.0,-20.0,110.0,-2.44538079376069
147,1.47,-0.9676204278122735,0.17771794911855415,5.879793446866828,5.48032845160109,0.8874636126664849,-1.332594938229876,0.0,-20.0,-20.0,110.0,-2.4038211822393363
148,1.48,-0.961329486431595,0.18272892073833374,5.844962109773487,5.4801835010718705,0.888360450015862,-1.3419496260811963,0.0,-20.0,-20.0,110.0,-2.3621577180775293
149,1.49,-0.9550385450509165,0.1877398923581135,5.810130772680146,5.480038404155566,0.8892572636921934,-1.3513043184730478,0.0,-20.0,-20.0,110.0,-2.3203886466623977
150,1.5,-0.9487476036702379,0.19275086397789346,5.775299435586804,5.479893160855869,0.89015405367159,-1.3606590154098934,0.0,-20.0,-20.0,110.0,-2.2785121862876654
151,1.51,-0.9424566622895594,0.1977618355976736,5.740468098493463,5.4797477711764735,0.8910508199301644,-1.3700137168961977,0.0,-20.0,-20.0,110.0,-2.236526527850179
152,1.52,-0.9361657209088808,0.20277280721745394,5.705636761400122,5.479602235121076,0.8919475624440297,-1.379368422936425,0.0,-20.0,-20.0,110.0,-2.1944298345496014
153,1.53,-0.9298747795282023,0.20778377883723448,5.6708054243067805,5.479456552693381,0.8928442811892988,-1.3887231335350378,0.0,-20.0,-20.0,110.0,-2.1522202415917633
154,1.54,-0.9235838381475238,0.21279475045701518,5.635974087213439,5.479310723897089,0.8937409761420858,-1.3980778486964962,0.0,-20.0,-20.0,110.0,-2.1098958558962617
155,1.55,-0.9172928967668452,0.21780572207679608,5.601142750120098,5.479164748735912,0.8946376472785046,-1.4074325684252622,0.0,-20.0,-20.0,110.0,-2.0674547558088423
156,1.56,-0.9110019553861667,0.22281669369657717,5.566311413026757,5.479018627213563,0.8955342945746702,-1.4167872927257967,0.0,-20.0,-20.0,110.0,-2.024894990819237
157,1.57,-0.9047110140054881,0.22782766531635845,5.531480075933415,5.478872359333756,0.8964309180066987,-1.4261420216025622,0.0,-20.0,-20.0,110.0,-1.982214581285108
158,1.58,-0.8984200726248096,0.23283863693613993,5.496648738840074,5.478725945100213,0.8973275175507065,-1.4354967550600173,0.0,-20.0,-20.0,110.0,-1.9394115181628355
159,1.59,-0.8921291312441311,0.23784960855592158,5.461817401746733,5.478579384516657,0.8982240931828097,-1.4448514931026224,0.0,-20.0,-20.0,110.0,-1.8964837627459081
160,1.6,-0.8858381898634525,0.24286058017570342,5.426986064653391,5.478432677586817,0.8991206448791261,-1.4542062357348393,0.0,-20.0,-20.0,110.0,-1.8534292464117488
161,1.61,-0.879547248482774,0.24787155179548545,5.39215472756005,5.478285824314422,0.9000171726157746,-1.4635609829611285,0.0,-20.0,-20.0,110.0,-1.8102458703778477
162,1.62,-0.8732563071020955,0.2528825234152677,5.357323390466709,5.478138824703212,0.9009136763688731,-1.4729157347859452,0.0,-20.0,-20.0,110.0,-1.766931505468162
163,1.6300000000000001,-0.8669653657214169,0.2578934950350501,5.3224920533733675,5.477991678756921,0.9018101561145407,-1.4822704912137492,0.0,-20.0,-20.0,110.0,-1.7234839918907712
164,1.6400000000000001,-0.8606744243407384,0.2629044666548327,5.287660716280026,5.477844386479296,0.9027066118288972,-1.491625252248995,0.0,-20.0,-20.0,110.0,-1.6799011390278953
165,1.6500000000000001,-0.8543834829600598,0.2679154382746155,5.252829379186685,5.47769694787408,0.9036030434880631,-1.5009800178961428,0.0,-20.0,-20.0,110.0,-1.6361807252393767
166,1.6600000000000001,-0.8480925415793813,0.2729264098943985,5.217998042093344,5.477549362945023,0.9044994510681602,-1.5103347881596536,0.0,-20.0,-20.0,110.0,-1.592320497680915
167,1.67,-0.8418016001987028,0.2779373815141816,5.183166705000002,5.477401631695882,0.905395834545309,-1.5196895630439793,0.0,-20.0,-20.0,110.0,-1.5483181721383499
168,1.68,-0.8355106588180242,0.282948353133965,5.148335367906661,5.477253754130411,0.9062921938956318,-1.5290443425535745,0.0,-20.0,-20.0,110.0,-1.5041714328793598
169,1.69,-0.8292197174373457,0.2879593247537485,5.1135040308133215,5.477105730252371,0.9071885290952518,-1.5383991266928918,0.0,-20.0,-20.0,110.0,-1.45987793252418
170,1.7,-0.8229287760566671,0.2929702963735323,5.078672693719981,5.476957560065531,0.9080848401202916,-1.5477539154663889,0.0,-20.0,-20.0,110.0,-1.415435291936813
171,1.71,-0.8166378346759886,0.2979812679933162,5.043841356626641,5.476809243573657,0.9089811269468759,-1.5571087088785225,0.0,-20.0,-20.0,110.0,-1.3708411001385938
172,1.72,-0.8103468932953101,0.3029922396131003,5.0090100195333,5.476660780780517,0.9098773895511295,-1.5664635069337467,0.0,-20.0,-20.0,110.0,-1.3260929142458413
173,1.73,-0.8040559519146315,0.3080032112328846,4.97417868243996,5.476512171689897,0.9107736279091769,-1.5758183096365093,0.0,-20.0,-20.0,110.0,-1.281188259433624
174,1.74,-0.797765010533953,0.3130141828526691,4.9393473453466195,5.476363416305568,0.9116698419971441,-1.5851731169912633,0.0,-20.0,-20.0,110.0,-1.2361246289277266
175,1.75,-0.7914740691532745,0.3180251544724538,4.904516008253279,5.476214514631319,0.9125660317911573,-1.594527929002462,0.0,-20.0,-20.0,110.0,-1.1908994840270575
176,1.76,-0.7851831277725959,0.32303612609223864,4.869684671159939,5.476065466670935,0.9134621972673423,-1.6038827456745548,0.0,-20.0,-20.0,110.0,-1.145510254158939
177,1.77,-0.7788921863919174,0.32804709771202367,4.834853334066598,5.47591627242821,0.9143583384018277,-1.6132375670119912,0.0,-20.0,-20.0,110.0,-1.0999543369698208
178,1.78,-0.7726012450112388,0.3330580693318089,4.800021996973258,5.4757669319069375,0.9152544551707417,-1.622592393019226,0.0,-20.0,-20.0,110.0,-1.054229098454205
179,1.79,-0.7663103036305603,0.33806904095159435,4.765190659879917,5.475617445110915,0.9161505475502131,-1.631947223700709,0.0,-20.0,-20.0,110.0,-1.008331873124719
180,1.8,-0.7600193622498818,0.34308001257138,4.730359322786577,5.475467812043946,0.9170466155163717,-1.6413020590608927,0.0,-20.0,-20.0,110.0,-0.9622599642265043
181,1.81,-0.7537284208692032,0.3480909841911658,4.695527985693237,5.475318032709835,0.9179426590453471,-1.6506568991042245,0.0,-20.0,-20.0,110.0,-0.9160106439993242
182,1.82,-0.7474374794885247,0.3531019558109518,4.660696648599896,5.475168107112393,0.9188386781132698,-1.6600117438351527,0.0,-20.0,-20.0,110.0,-0.869581153990964
183,1.83,-0.7411465381078461,0.35811292743073797,4.625865311506556,5.475018035255434,0.9197346726962708,-1.6693665932581263,0.0,-20.0,-20.0,110.0,-0.8229687054258875
184,1.84,-0.7348555967271676,0.36312389905052433,4.591033974413215,5.474867817142772,0.9206306427704821,-1.6787214473775938,0.0,-20.0,-20.0,110.0,-0.7761704796332327
185,1.85,-0.7285646553464891,0.3681348706703109,4.556202637319875,5.474717452778232,0.9215265883120359,-1.6880763061980004,0.0,-20.0,-20.0,110.0,-0.7291836285386792
186,1.86,-0.7222737139658105,0.3731458422900977,4.5213713002265346,5.474566942165638,0.9224225092970656,-1.697431169723795,0.0,-20.0,-20.0,110.0,-0.6820052752249098
187,1.87,-0.715982772585132,0.3781568139098846,4.486539963133194,5.474416285308817,0.9233184057017042,-1.7067860379594195,0.0,-20.0,-20.0,110.0,-0.6346325145658369
188,1.8800000000000001,-0.7096918312044534,0.38316778552967173,4.451708626039854,5.474265482211601,0.9242142775020866,-1.716140910909326,0.0,-20.0,-20.0,110.0,-0.5870624139400732
189,1.8900000000000001,-0.7034008898237749,0.38817875714945904,4.416877288946513,5.474114532877828,0.925110124674347,-1.7254957885779538,0.0,-20.0,-20.0,110.0,-0.5392920140295538
190,1.9000000000000001,-0.6971099484430964,0.39318972876924657,4.382045951853173,5.473963437311337,0.926005947194621,-1.734850670969752,0.0,-20.0,-20.0,110.0,-0.4913183297096584
191,1.9100000000000001,-0.6908190070624178,0.39820070038903427,4.3472146147598325,5.473812195515969,0.926901745039045,-1.744205558089164,0.0,-20.0,-20.0,110.0,-0.44313835103758414
192,1.92,-0.6845280656817393,0.40321167200882213,4.312383277666492,5.473660807495577,0.927797518183755,-1.7535604499406352,0.0,-20.0,-20.0,110.0,-0.3947490443463366
193,1.93,-0.6782371243010608,0.4082226436286102,4.277551940573152,5.473509273254006,0.9286932666048885,-1.7629153465286063,0.0,-20.0,-20.0,110.0,-0.346147353452115
194,1.94,-0.6719461829203822,0.41323361524839847,4.242720603479811,5.4733575927951135,0.9295889902785835,-1.7722702478575185,0.0,-20.0,-20.0,110.0,-0.2973302009835572
195,1.95,-0.6656552415397037,0.41824458686818694,4.207889266386471,5.473205766122755,0.9304846891809782,-1.7816251539318142,0.0,-20.0,-20.0,110.0,-0.2482944898418634
196,1.96,-0.6593643001590251,0.4232555584879756,4.1730579292931305,5.473053793240793,0.9313803632882123,-1.7909800647559404,0.0,-20.0,-20.0,110.0,-0.19903710480156464
197,1.97,-0.6530733587783466,0.4282665301077644,4.13822659219979,5.472901674153095,0.9322760125764252,-1.8003349803343378,0.0,-20.0,-20.0,110.0,-0.14955491426236478
198,1.98,-0.6467824173976681,0.4332775017275534,4.10339525510645,5.472749408863532,0.9331716370217571,-1.8096899006714462,0.0,-20.0,-20.0,110.0,-0.09984477216332727
199,1.99,-0.6404914760169895,0.4382884733473426,4.068563918013109,5.472596997375973,0.9340672366003486,-1.8190448257717058,0.0,-20.0,-20.0,110.0,-0.04990352007153176
200,2.0,-0.634200534636311,0.44329944496713203,4.033732580919769,5.472444439694298,0.9349628112883422,-1.828399755639561,0.0,-20.0,-20.0,110.0,0.00027201054180905904
201,2.0100000000000002,-0.6279095932556324,0.4483104165869216,3.9989012438264284,5.472291735822389,0.9358583610618801,-1.8377546902794493,0.0,-20.0,-20.0,110.0,0.050684995823687996
202,2.02,-0.6216186518749539,0.45332138820671136,3.964069906733088,5.472138885764127,0.9367538858971046,-1.847109629695809,0.0,-20.0,-20.0,110.0,0.0822745255622887
203,2.0300000000000002,-0.6153277104942754,0.45833235982650133,3.9292385696397476,5.471985889523402,0.9376493857701584,-1.8564645738930727,0.0,-20.0,-20.0,110.0,0.09833439388961562
204,2.04,-0.6090367691135968,0.4633433314462915,3.894407232546407,5.471832747104106,0.9385448606571861,-1.8658195228756782,0.0,-20.0,-20.0,110.0,0.11462491382596025
205,2.05,-0.6027458277329183,0.46835430306608183,3.859575895453067,5.471679458510134,0.9394403105343322,-1.875174476648067,0.0,-20.0,-20.0,110.0,0.1311386909764205
206,2.06,-0.5964548863522398,0.47336527468587236,3.8247445583597264,5.471526023745386,0.9403357353777418,-1.8845294352146753,0.0,-20.0,-20.0,110.0,0.14786831441567297
207,2.07,-0.5901639449715612,0.47837624630566306,3.789913221266386,5.471372442813764,0.9412311351635607,-1.8938843985799367,0.0,-20.0,-20.0,110.0,0.16480634943027378
208,2.08,-0.5838730035908827,0.48338721792545397,3.7550818841730456,5.471218715719177,0.9421265098679354,-1.90323936674829,0.0,-20.0,-20.0,110.0,0.18194532992191123
209,2.09,-0.5775820622102041,0.48839818954524505,3.720250547079705,5.471064842465532,0.9430218594670133,-1.9125943397241685,0.0,-20.0,-20.0,110.0,0.19927775044505194
210,2.1,-0.5712911208295256,0.49340916116503636,3.6854192099863647,5.470910823056759,0.9439171839369439,-1.9219493175120124,0.0,-20.0,-20.0,110.0,0.21679605785027334
211,2.11,-0.5650001794488471,0.49842013278482783,3.6505878728930243,5.470756657496747,0.9448124832538715,-1.931304300116248,0.0,-20.0,-20.0,110.0,0.23449264250242044
212,2.12,-0.5587092380681685,0.5034311044046195,3.615756535799684,5.470602345789436,0.9457077573939474,-1.9406592875413127,0.0,-20.0,-20.0,110.0,0.25235982904032855
213,2.13,-0.55241829668749,0.5084420760244113,3.5809251987063435,5.470447887938747,0.946603006333321,-1.950014279791644,0.0,-20.0,-20.0,110.0,0.2703898666421788
214,2.14,-0.5461273553068114,0.5134530476442033,3.546093861613003,5.470293283948611,0.9474982300481429,-1.9593692768716726,0.0,-20.0,-20.0,110.0,0.28857491875780306
215,2.15,-0.5398364139261329,0.5184640192639955,3.5112625245196627,5.470138533822961,0.9483934285145631,-1.9687242787858295,0.0,-20.0,-20.0,110.0,0.30690705226612847
216,2.16,-0.5335454725454544,0.523474990883788,3.4764311874263223,5.4699836375657345,0.9492886017087331,-1.978079285538543,0.0,-20.0,-20.0,110.0,0.3253782260126671
217,2.17,-0.5272545311647758,0.5284859625035806,3.441599850332982,5.4698285951808705,0.9501837496068056,-1.9874342971342496,0.0,-20.0,-20.0,110.0,0.3439802786783349
218,2.18,-0.5209635897840973,0.5334969341233734,3.4067685132396415,5.469673406672312,0.9510788721849333,-1.9967893135773829,0.0,-20.0,-20.0,110.0,0.3627049159269581
219,2.19,-0.5146726484034188,0.5385079057431664,3.371937176146301,5.46951807204401,0.9519739694192696,-2.0061443348723715,0.0,-20.0,-20.0,110.0,0.38154369677461464
220,2.2,-0.5083817070227402,0.5435188773629596,3.3371058390529607,5.469362591299912,0.9528690412859678,-2.0154993610236422,0.0,-20.0,-20.0,110.0,0.40048801911933685
221,2.21,-0.5020907656420617,0.5485298489827529,3.3022745019596202,5.469206964443978,0.9537640877611833,-2.024854392035629,0.0,-20.0,-20.0,110.0,0.41952910436474444
222,2.22,-0.4957998242613832,0.5535408206025465,3.26744316486628,5.469051191480164,0.9546591088210713,-2.034209427912758,0.0,-20.0,-20.0,110.0,0.4386579810657717
223,2.23,-0.4895088828807047,0.5585517922223402,3.2326118277729394,5.468895272412432,0.9555541044417867,-2.0435644686594507,0.0,-20.0,-20.0,110.0,0.45786546751880786
224,2.24,-0.4832179415000262,0.5635627638421341,3.197780490679599,5.46873920724475,0.9564490745994865,-2.052919514280141,0.0,-20.0,-20.0,110.0,0.4771421532122603
225,2.25,-0.47692700011934774,0.5685737354619282,3.1629491535862586,5.4685829959810865,0.9573440192703275,-2.0622745647792566,0.0,-20.0,-20.0,110.0,0.49647837904673575
226,2.2600000000000002,-0.47063605873866926,0.5735847070817226,3.128117816492918,5.468426638625421,0.9582389384304676,-2.071629620161226,0.0,-20.0,-20.0,110.0,0.5158642162266003
227,2.27,-0.4643451173579908,0.5785956787015171,3.093286479399578,5.468270135181726,0.9591338320560655,-2.080984680430476,0.0,-20.0,-20.0,110.0,0.5352894437168172
228,2.2800000000000002,-0.4580541759773123,0.5836066503213118,3.0584551423062374,5.468113485653985,0.9600287001232805,-2.0903397455914297,0.0,-20.0,-20.0,110.0,0.554743524150219
229,2.29,-0.4517632345966338,0.5886176219411067,3.023623805212897,5.46795669004618,0.9609235426082712,-2.099694815648509,0.0,-20.0,-20.0,110.0,0.5742155780613377
230,2.3000000000000003,-0.44547229321595533,0.5936285935609017,2.9887924681195566,5.467799748362304,0.961818359487198,-2.10904989060614,0.0,-20.0,-20.0,110.0,0.5936943563127699
231,2.31,-0.43918135183527685,0.5986395651806969,2.953961131026216,5.467642660606347,0.962713150736222,-2.1184049704687493,0.0,-20.0,-20.0,110.0,0.6131682105696061
232,2.32,-0.43289041045459836,0.6036505368004924,2.9191297939328757,5.467485426782307,0.9636079163315052,-2.1277600552407603,0.0,-20.0,-20.0,110.0,0.6326250616659315
233,2.33,-0.4265994690739199,0.6086615084202881,2.8842984568395353,5.467328046894186,0.964502656249209,-2.1371151449265944,0.0,-20.0,-20.0,110.0,0.6520523656952917
234,2.34,-0.4203085276932414,0.6136724800400839,2.849467119746195,5.467170520945982,0.9653973704654968,-2.1464702395306796,0.0,-20.0,-20.0,110.0,0.6714370776441433
235,2.35,-0.4140175863125629,0.6186834516598799,2.8146357826528545,5.467012848941707,0.9662920589565316,-2.1558253390574342,0.0,-20.0,-20.0,110.0,0.6907656123735842
236,2.36,-0.40772664493188443,0.6236944232796762,2.779804445559514,5.4668550308853705,0.9671867216984775,-2.16518044351128,0.0,-20.0,-20.0,110.0,0.7100238027402147
237,2.37,-0.40143570355120595,0.6287053948994725,2.7449731084661737,5.466697066780989,0.9680813586675001,-2.174535552896643,0.0,-20.0,-20.0,110.0,0.7291968546319478
238,2.38,-0.39514476217052746,0.6337163665192691,2.7101417713728333,5.466538956632582,0.9689759698397639,-2.183890667217938,0.0,-20.0,-20.0,110.0,0.7482692986787717
239,2.39,-0.388853820789849,0.6387273381390659,2.675310434279493,5.466380700444168,0.9698705551914346,-2.1932457864795865,0.0,-20.0,-20.0,110.0,0.7672249383822831
240,2.4,-0.3825628794091705,0.6437383097588628,2.6404790971861525,5.466222298219775,0.9707651146986794,-2.202600910686005,0.0,-20.0,-20.0,110.0,0.7860467943912274
241,2.41,-0.376271938028492,0.64874928137866,2.605647760092812,5.466063749963434,0.9716596483376653,-2.2119560398416134,0.0,-20.0,-20.0,110.0,0.8047170446336092
242,2.42,-0.36998099664781353,0.6537602529984573,2.5708164229994717,5.465905055679176,0.9725541560845594,-2.2213111739508307,0.0,-20.0,-20.0,110.0,0.823216959999424
243,2.43,-0.36369005526713505,0.6587712246182549,2.5359850859061313,5.465746215371042,0.9734486379155316,-2.2306663130180775,0.0,-20.0,-20.0,110.0,0.8415268352522431
244,2.44,-0.35739911388645657,0.6637821962380526,2.5011537488127917,5.465587229043071,0.9743430938067505,-2.24002145704777,0.0,-20.0,-20.0,110.0,0.8596259148330091
245,2.45,-0.3511081725057781,0.6687931678578505,2.4663224117194518,5.465428096699308,0.9752375237343855,-2.249376606044323,0.0,-20.0,-20.0,110.0,0.8774923132064967
246,2.46,-0.3448172311250996,0.6738041394776486,2.431491074626112,5.4652688183438025,0.9761319276746072,-2.2587317600121546,0.0,-20.0,-20.0,110.0,0.8951029293904996
247,2.47,-0.3385262897444211,0.6788151110974469,2.396659737532772,5.465109393980607,0.9770263056035866,-2.2680869189556794,0.0,-20.0,-20.0,110.0,0.9124333553011691
248,2.48,-0.33223534836374263,0.6838260827172453,2.361828400439432,5.464949823613776,0.9779206574974957,-2.2774420828793134,0.0,-20.0,-20.0,110.0,0.9294577775463807
249,2.49,-0.32594440698306415,0.688837054337044,2.326997063346092,5.464790107247369,0.9788149833325068,-2.2867972517874704,0.0,-20.0,-20.0,110.0,0.9461488723041066
250,2.5,-0.31965346560238567,0.6938480259568428,2.292165726252752,5.46463024488545,0.9797092830847928,-2.296152425684567,0.0,-20.0,-20.0,110.0,0.9624776929368287
251,2.5100000000000002,-0.3133625242217072,0.6988589975766418,2.257334389159412,5.464470236532088,0.9806035567305268,-2.305507604575012,0.0,-20.0,-20.0,110.0,0.9784135500183343
252,2.52,-0.3070715828410287,0.7038699691964411,2.222503052066072,5.464310082191353,0.9814978042458845,-2.314862788463223,0.0,-20.0,-20.0,110.0,0.9939238834891505
253,2.5300000000000002,-0.3007806414603502,0.7088809408162405,2.187671714972732,5.4641497818673175,0.9823920256070396,-2.324217977353613,0.0,-20.0,-20.0,110.0,1.0089741267150385
254,2.54,-0.29448970007967173,0.7138919124360401,2.152840377879392,5.463989335564062,0.9832862207901688,-2.333573171250592,0.0,-20.0,-20.0,110.0,1.023527562304185
255,2.5500000000000003,-0.28819875869899325,0.7189028840558399,2.118009040786052,5.463828743285667,0.9841803897714471,-2.34292837015857,0.0,-20.0,-20.0,110.0,1.0375451696483908
256,2.56,-0.28190781731831477,0.7239138556756399,2.083177703692712,5.463668005036221,0.9850745325270522,-2.352283574081963,0.0,-20.0,-20.0,110.0,1.0509854642983958
257,2.57,-0.2756168759376363,0.7289248272954401,2.048346366599372,5.463507120819813,0.9859686490331618,-2.3616387830251817,0.0,-20.0,-20.0,110.0,1.0638043294715087
258,2.58,-0.2693259345569578,0.7339357989152404,2.0135150295060322,5.463346090640533,0.9868627392659535,-2.3709939969926355,0.0,-20.0,-20.0,110.0,1.0759548402299308
259,2.59,-0.2630349931762793,0.738946770535041,1.9786836924126923,5.463184914502482,0.9877568032016066,-2.380349215988731,0.0,-20.0,-20.0,110.0,1.0873870811719373
260,2.6,-0.25674405179560084,0.7439577421548417,1.9438523553193523,5.46302359240976,0.9886508408163,-2.3897044400178795,0.0,-20.0,-20.0,110.0,1.0980479588573933
261,2.61,-0.25045311041492235,0.7489687137746426,1.9090210182260123,5.46286212436647,0.9895448520862141,-2.399059669084487,0.0,-20.0,-20.0,110.0,1.107881010658833
262,2.62,-0.24416216903424384,0.7539796853944437,1.8741896811326724,5.462700510376721,0.9904388369875299,-2.4084149031929654,0.0,-20.0,-20.0,110.0,1.1168262123050683
263,2.63,-0.23787122765356533,0.7589906570142451,1.8393583440393324,5.462538750444624,0.9913327954964288,-2.4177701423477185,0.0,-20.0,-20.0,110.0,1.1248197870841659
264,2.64,-0.23158028627288682,0.7640016286340465,1.8045270069459924,5.4623768445742975,0.9922267275890924,-2.427125386553152,0.0,-20.0,-20.0,110.0,1.1317940205151888
265,2.65,-0.2252893448922083,0.7690126002538482,1.7696956698526525,5.462214792769858,0.9931206332417039,-2.4364806358136732,0.0,-20.0,-20.0,110.0,1.1376770853032645
266,2.66,-0.2189984035115298,0.7740235718736501,1.7348643327593125,5.46205259503543,0.9940145124304463,-2.4458358901336887,0.0,-20.0,-20.0,110.0,1.1423928825791962
267,2.67,-0.2127074621308513,0.7790345434934521,1.7000329956659725,5.46189025137514,0.9949083651315044,-2.4551911495176095,0.0,-20.0,-20.0,110.0,1.1458609068104735
268,2.68,-0.20641652075017278,0.7840455151132544,1.6652016585726326,5.461727761793117,0.9958021913210631,-2.4645464139698388,0.0,-20.0,-20.0,110.0,1.1479961433678783
269,2.69,-0.20012557936949427,0.7890564867330568,1.6303703214792926,5.4615651262934986,0.9966959909753074,-2.4739016834947813,0.0,-20.0,-20.0,110.0,1.1487090095467112
270,2.7,-0.19383463798881576,0.7940674583528594,1.5955389843859527,5.461402344880418,0.9975897640704229,-2.4832569580968356,0.0,-20.0,-20.0,110.0,1.1479053518674784
271,2.71,-0.18754369660813724,0.7990784299726622,1.5607076472926127,5.461239417558024,0.9984835105825964,-2.492612237780407,0.0,-20.0,-20.0,110.0,1.1454865146944158
272,2.72,-0.18125275522745873,0.8040894015924652,1.5258763101992727,5.461076344330456,0.9993772304880156,-2.501967522549899,0.0,-20.0,-20.0,110.0,1.1413494975632286
273,2.73,-0.17496181384678022,0.8091003732122685,1.4910449731059328,5.4609131252018654,1.0002709237628682,-2.511322812409713,0.0,-20.0,-20.0,110.0,1.1353872210207012
274,2.74,-0.1686708724661017,0.8141113448320718,1.4562136360125928,5.4607497601764186,1.001164590383345,-2.5206781073642595,0.0,-20.0,-20.0,110.0,1.127488923124287
275,2.75,-0.1623799310854232,0.8191223164518754,1.4213822989192528,5.460586249258244,1.0020582303256316,-2.530033407417924,0.0,-20.0,-20.0,110.0,1.1175407108504083
276,2.7600000000000002,-0.1560889897047447,0.8241332880716792,1.3865509618259129,5.46042259245152,1.0029518435659193,-2.539388712575116,0.0,-20.0,-20.0,110.0,1.1054262922726508
277,2.77,-0.14979804832406618,0.8291442596914831,1.351719624732573,5.460258789760405,1.0038454300803994,-2.5487440228402356,0.0,-20.0,-20.0,110.0,1.0910279161763121
278,2.7800000000000002,-0.14350710694338767,0.8341552313112872,1.316888287639233,5.460094841189071,1.0047389898452628,-2.5580993382176813,0.0,-20.0,-20.0,110.0,1.0742275453758101
279,2.79,-0.13721616556270916,0.8391662029310916,1.282056950545893,5.459930746741688,1.0056325228367016,-2.5674546587118496,0.0,-20.0,-20.0,110.0,1.0549082879191523
280,2.8000000000000003,-0.13092522418203065,0.8441771745508961,1.247225613452553,5.459766506422429,1.0065260290309082,-2.5768099843271384,0.0,-20.0,-20.0,110.0,1.032956106059598
281,2.81,-0.12463428280135214,0.8491881461707008,1.2123942763592133,5.459602120235476,1.0074195084040751,-2.586165315067946,0.0,-20.0,-20.0,110.0,1.0082618157763632
282,2.82,-0.11834334142067363,0.8541991177905057,1.1775629392658735,5.459437588185012,1.0083129609323975,-2.5955206509386715,0.0,-20.0,-20.0,110.0,0.9807233791855517
283,2.83,-0.11205240003999511,0.8592100894103109,1.1427316021725338,5.459272910275221,1.0092063865920702,-2.6048759919437163,0.0,-20.0,-20.0,110.0,0.9502484779568194
284,2.84,-0.1057614586593166,0.8642210610301161,1.107900265079194,5.459108086510295,1.0100997853592881,-2.6142313380874764,0.0,-20.0,-20.0,110.0,0.9167573376166182
285,2.85,-0.0994705172786381,0.8692320326499215,1.0730689279858543,5.458943116894429,1.010993157210247,-2.623586689374347,0.0,-20.0,-20.0,110.0,0.8801857505082092
286,2.86,-0.09317957589795958,0.8742430042697272,1.0382375908925146,5.458778001431819,1.0118865021211438,-2.632942045808722,0.0,-20.0,-20.0,110.0,0.8404882198344251
287,2.87,-0.08688863451728107,0.879253975889533,1.0034062537991748,5.458612740126666,1.0127798200681757,-2.642297407394995,0.0,-20.0,-20.0,110.0,0.7976411199259701
288,2.88,-0.08059769313660256,0.884264947509339,0.9685749167058351,5.458447332983178,1.0136731110275403,-2.651652774137562,0.0,-20.0,-20.0,110.0,0.7551537417939269
289,2.89,-0.07430675175592405,0.8892759191291453,0.9337435796124953,5.45828178000556,1.0145663749754368,-2.6610081460408184,0.0,-20.0,-20.0,110.0,0.7098634385815238
290,2.9,-0.06801581037524554,0.8942868907489517,0.8989122425191556,5.458116081198028,1.0154596118880639,-2.670363523109152,0.0,-20.0,-20.0,110.0,0.6614467983056441
291,2.91,-0.06172486899456703,0.8992978623687583,0.8640809054258158,5.457950236564795,1.0163528217416216,-2.6797189053469577,0.0,-20.0,-20.0,110.0,0.6099956644897588
292,2.92,-0.05543392761388852,0.9043088339885651,0.8292495683324761,5.457784246110083,1.017246004512311,-2.689074292758629,0.0,-20.0,-20.0,110.0,0.555634465988464
293,2.93,-0.049142986233210006,0.9093198056083721,0.7944182312391364,5.457618109838116,1.0181391601763332,-2.698429685348558,0.0,-20.0,-20.0,110.0,0.49852015247389503
294,2.94,-0.042852044852531496,0.9143307772281792,0.7595868941457966,5.457451827753122,1.0190322887098897,-2.707785083121134,0.0,-20.0,-20.0,110.0,0.43884105811137886
295,2.95,-0.036561103471852985,0.9193417488479866,0.7247555570524569,5.457285399859329,1.0199253900891834,-2.717140486080745,0.0,-20.0,-20.0,110.0,0.37681463659720216
296,2.96,-0.030270162091174477,0.9243527204677942,0.6899242199591171,5.4571188261609755,1.0208184642904174,-2.726495894231781,0.0,-20.0,-20.0,110.0,0.31268408079927856
297,2.97,-0.02397922071049597,0.9293636920876018,0.6550928828657774,5.456952106662298,1.0217115112897956,-2.735851307578632,0.0,-20.0,-20.0,110.0,0.2467139175380578
298,2.98,-0.017688279329817463,0.9343746637074097,0.6202615457724376,5.45678524136754,1.022604531063523,-2.7452067261256836,0.0,-20.0,-20.0,110.0,0.17918474462142428
299,2.99,-0.011397337949138954,0.9393856353272179,0.5854302086790979,5.456618230280947,1.0234975235878037,-2.754562149877324,0.0,-20.0,-20.0,110.0,0.11038734429147705
300,3.0,-0.0051063965684604445,0.9443966069470262,0.5505988715857583,5.456451073406768,1.0243904888388449,-2.7639175788379426,0.0,-20.0,-20.0,110.0,0.040616456482456285
301,3.0100000000000002,0.0011845448122180641,0.9494075785668347,0.5157675344924186,5.456283770749262,1.0252834267928528,-2.77327301301193,0.0,-20.0,-20.0,110.0,-0.029835479553956434
302,3.02,0.007635353552203827,0.9530344691028177,0.49802625492471353,5.7710344318607705,1.004338253448136,-2.192800178327921,0.0,-20.0,-20.0,110.0,0.2698094250559404
303,3.0300000000000002,0.014230192390917018,0.956955320339075,0.4799400801593144,6.253756468470593,1.5013946646480503,-3.1803050394302437,0.0,-20.0,-20.0,110.0,0.7134179033130075
304,3.04,0.02122888509618156,0.9595830513869782,0.4804971807105511,6.406549604214921,2.258124168548772,-3.5778004064338615,0.0,-20.0,-20.0,110.0,0.5209917390111174
305,3.0500000000000003,0.02839560656072465,0.9623334901875407,0.483548070587886,6.229108626851729,3.1822534415915054,-4.110221854341725,0.0,-20.0,-20.0,110.0,0.39413631594038834
306,3.06,0.03562787541757812,0.9652574934244503,0.487154098518619,5.753003667575449,4.20954581408197,-5.322029970089464,0.0,-20.0,-20.0,110.0,0.22882218795233647
307,3.0700000000000003,0.042865735894733005,0.9682745788093016,0.49065995762698195,5.0742678122244005,5.277611199828713,-7.275524045205167,0.0,-20.0,-20.0,110.0,0.11541324366855801
308,3.08,0.05009725295725459,0.9713133945199717,0.49407844616085544,4.302045417556867,6.310174246505373,-9.39510218007541,0.0,-20.0,-20.0,110.0,0.1399391130838369
309,3.09,0.05732383791811427,0.974344421589708,0.4974612926282752,3.458340659170843,7.290992867063092,-11.533668309446968,0.0,-20.0,-20.0,110.0,0.13084955081347524
310,3.1,0.06454775256771404,0.9773774567936065,0.5008194230270986,2.545299003927908,8.216074913827788,-13.69235397160118,0.0,-20.0,-20.0,110.0,0.12035542472734093
311,3.11,0.07176850257417199,0.9804123123797099,0.504152942839044,1.5653552441655636,9.081457803336471,-15.871562544666533,0.0,-20.0,-20.0,110.0,0.10910055398137816
312,3.12,0.07898569906683293,0.9834488019342873,0.5074618932247852,0.5212764272596448,9.883262705372378,-18.071059590482974,0.0,-20.0,-20.0,110.0,0.09698181817097021
313,3.13,0.08619893318861704,0.9864867449145638,0.5107463251735799,-0.583860066811749,10.61775209111082,-20.29028755056231,0.0,-20.0,-20.0,110.0,0.08408181026346848
314,3.14,0.09340781148919712,0.9895259562094076,0.5140062957677083,-1.7466247562440835,11.281340338677099,-22.52819719328744,0.0,-20.0,-20.0,110.0,0.07040061272436685
315,3.15,0.10061193746537786,0.992566250427586,0.5172418701742694,-2.9632214886808863,11.870623753612769,-24.783236117039678,0.0,-20.0,-20.0,110.0,0.05595788958371353
316,3.16,0.10781091624386627,0.9956074409244987,0.5204531211902325,-4.229487277214708,12.382414625307947,-27.053369065073635,0.0,-20.0,-20.0,110.0,0.04077373670658377
317,3.17,0.11500435455610926,0.9986493401873604,0.5236401292726149,-5.5409015851498795,12.81377434003175,-29.33609929930696,0.0,-20.0,-20.0,110.0,0.024868900456302107
318,3.18,0.12219186082207067,1.0016917600621682,0.5268029825476682,-6.892606590046123,13.162045533864042,-31.628498826854138,0.0,-20.0,-20.0,110.0,0.008264948360500707
319,3.19,0.12937304531235935,1.0047345119259858,0.5299417767950395,-8.279438714731045,13.424882322900832,-33.92724875606187,0.0,-20.0,-20.0,110.0,-0.00901563986221074
320,3.2,0.13654752026837821,1.0077774068156382,0.5330566154335161,-9.695971095343534,13.600277522532814,-36.22868980527905,0.0,-20.0,-20.0,110.0,-0.026949425943968403
321,3.21,0.1437149000205009,1.010820255547674,0.5361476095005037,-11.13656611038494,13.686585854282734,-38.52888229453593,0.0,-20.0,-20.0,110.0,-0.045512010479338255
322,3.22,0.15087480116346336,1.0138628688354827,0.5392148776099567,-12.595436459775051,13.682542123074818,-40.82367424624184,0.0,-20.0,-20.0,110.0,-0.0646780421598526
323,3.23,0.1580268426846663,1.0169050573971692,0.5422585459148521,-14.066712688336837,13.587273607526068,-43.10877550195678,0.0,-20.0,-20.0,110.0,-0.0844212266977902
324,3.24,0.16517064614289256,1.0199466320826842,0.5452787480453014,-15.544514731738628,13.40030608220915,-45.37983555794133,0.0,-20.0,-20.0,110.0,-0.10471434694510137
325,3.25,0.1723058356740748,1.0229874038848543,0.5482756251062552,-17.023024616113577,13.121563152241325,-47.632522395471796,0.0,-20.0,-20.0,110.0,-0.12552930036951335
326,3.2600000000000002,0.17943203815869746,1.0260271840469188,0.551249325618179,-18.496557617997727,12.75135889513257,-49.862599696767454,0.0,-20.0,-20.0,110.0,-0.14683714626103725
327,3.27,0.1865488832688457,1.0290657840839645,0.554200005499737,-19.959629244298796,12.290384093832897,-52.06599976981061,0.0,-20.0,-20.0,110.0,-0.16860818106689743
328,3.2800000000000002,0.19365600363365598,1.0321030158732343,0.5571278280044812,-21.40701551721221,11.73968656556635,-54.23888979124482,0.0,-20.0,-20.0,110.0,-0.19081199780819166
329,3.29,0.2007530349652849,1.0351386917191485,0.5600329636668275,-22.8338045757379,11.100646347397836,-56.377729440798554,0.0,-20.0,-20.0,110.0,-0.21341755607667942
330,3.3000000000000003,0.20783961618069652,1.0381726244163647,0.56291559024621,-24.235438136373336,10.374946678724028,-58.479318522528445,0.0,-20.0,-20.0,110.0,-0.2363932541812198
331,3.31,0.21491538952029043,1.041204627311396,0.5657758926693348,-25.607741944999287,9.564541832056147,-60.54083376081878,0.0,-20.0,-20.0,110.0,-0.2597070030131785
332,3.3200000000000003,0.22198000066395648,1.0442345143631806,0.5686140629705193,-26.946944941601547,8.671622887490356,-62.55985455423927,0.0,-20.0,-20.0,110.0,-0.2833263012180499
333,3.33,0.22903309884497916,1.0472621002029252,0.5714303002300942,-28.249687400783877,7.698582527499781,-64.53437801870788,0.0,-20.0,-20.0,110.0,-0.3072183112749063
334,3.34,0.2360743369621341,1.050287200193466,0.5742248105108143,-29.513018767202155,6.647979855979228,-66.46282411644835,0.0,-20.0,-20.0,110.0,-0.33134993616087915
335,3.35,0.24310337169024152,1.05330963048828,0.5769978067922122,-30.734386252845045,5.5225061309907915,-68.34403202607992,0.0,-20.0,-20.0,110.0,-0.3556878963607325
336,3.36,0.25011986358935234,1.056329208090202,0.579749508902838,-31.911615493021692,4.324952158218244,-70.17724915258842,0.0,-20.0,-20.0,110.0,-0.38019880703237574
337,3.37,0.2571234772126599,1.0593457509098525,0.5824801434503485,-33.04288467270289,3.058177935524799,-71.96211430690516,0.0,-20.0,-20.0,110.0,-0.40484925515427317
338,3.38,0.26411388121316465,1.0623590778237635,0.5851899437494354,-34.12669354659465,1.7250849805917485,-73.69863661592362,0.0,-20.0,-20.0,110.0,-0.4296058764737317
339,3.39,0.2710907484490773,1.0653690087321752,0.5878791497476025,-35.16182870309763,0.3285916234514239,-75.38717167378492,0.0,-20.0,-20.0,110.0,-0.4544354320613718
340,3.4,0.2780537560879235,1.068375364616485,0.590548007948809,-36.14732628493083,-1.1283885888415335,-77.02839633588789,0.0,-20.0,-20.0,110.0,-0.479304884265497
341,3.41,0.28500258570930487,1.0713779675963313,0.5931967713350118,-37.08243319836646,-2.642965342502401,-78.62328341018605,0.0,-20.0,-20.0,110.0,-0.5041814718543168
342,3.42,0.29193692340627225,1.074376640986292,0.5958256992856324,-37.96656763729112,-4.212286921284818,-80.17307733593957,0.0,-20.0,-20.0,110.0,-0.5290327841337429
343,3.43,0.2988564598852697,1.0773712093521903,0.5984350574949833,-38.799279532793925,-5.833552612959307,-81.67927177515327,0.0,-20.0,-20.0,110.0,-0.5538268338321373
344,3.44,0.30576089056461236,1.0803614985669854,0.6010251178876792,-39.58021132479811,-7.504022333944075,-83.14358988987384,0.0,-20.0,-20.0,110.0,-0.578532128549221
345,3.45,0.31264991567146305,1.0833473358662407,0.6035961585320648,-40.30905924643833,-9.221023676317348,-84.56796794933202,0.0,-20.0,-20.0,110.0,-0.6031177405733141
346,3.46,0.319523240337277,1.0863285499031492,0.6061484635516865,-40.9855351177048,-10.981956592859413,-85.95454281163133,0.0,-20.0,-20.0,110.0,-0.627553374877922
347,3.47,0.3263805746916833,1.0893049708031035,0.6086823230348359,-41.609328462259704,-12.784295932969181,-87.30564376010511,0.0,-20.0,-20.0,110.0,-0.6518094351159412
348,3.48,0.33322163395477383,1.0922764302177923,0.611198032942196,-42.18006858736836,-14.625592027725279,-88.6237891479852,0.0,-20.0,-20.0,110.0,-0.6758570874367976
349,3.49,0.3400461385277709,1.0952427613788078,0.6136958950126163,-42.69728609621413,-16.50346949807235,-89.91168831951158,0.0,-20.0,-20.0,110.0,-0.6996683219590649
350,3.5,0.34685381408204374,1.0982037991507483,0.6161762166670507,-43.16037312689901,-18.41562442762372,-91.17224933425919,0.0,-20.0,-20.0,110.0,-0.7232160117387042
351,3.5100000000000002,0.35364439164644745,1.1011593800837975,0.6186393109106847,-43.56854142338307,-20.359820001750524,-92.40859312868459,0.0,-20.0,-20.0,110.0,-0.7464739690808926
352,3.52,0.3604176076929551,1.104109342465767,0.6210854962332857,-43.920777128232785,-22.33388066760558,-93.62407491125892,0.0,-20.0,-20.0,110.0,-0.769416999051601
353,3.5300000000000002,0.3671732042205574,1.1070535263735837,0.6235150965078077,-44.21579093003234,-24.335684814795755,-94.8223138148145,0.0,-20.0,-20.0,110.0,-0.7920209500539153
354,3.54,0.3739109288374012,1.1099917737242055,0.6259284408872818,-44.45196188034702,-26.36315591187302,-96.0072321361151,0.0,-20.0,-20.0,110.0,-0.8142627613428083
355,3.5500000000000003,0.38063053484114295,1.1129239283249526,0.6283258637000263,-44.62727279140439,-28.41425195675808,-97.18310589849095,0.0,-20.0,-20.0,110.0,-0.8361205073617684
356,3.56,0.38736323182369664,1.1158604509594976,0.6307338687196474,-44.73921732558771,-30.48694383469049,-98.35463955619116,135.24888610839844,-20.0,-20.0,109.99944877624512,-0.8891642509902534
357,3.5700000000000003,0.39425034871953585,1.118849510789279,0.6332666486575524,-44.78466498527633,-32.57917746823515,-99.52707528114415,601.542724609375,-20.0,-20.0,109.99699592590332,-1.0237232196125463
358,3.58,0.4015232521848122,1.121971131265462,0.6361026328783543,-44.7597593360832,-34.68886060141477,-100.70629376010902,1104.582763671875,-20.0,-20.0,109.99249172210693,-1.182314536869137
359,3.59,0.40943521414125705,1.1253146942450882,0.639423865877517,-44.65982005366253,-36.81386019348141,-101.89892265347008,1639.1964111328125,-20.0,-20.0,109.98580837249756,-1.3650075488022737
360,3.6,0.4182576827027915,1.1289777745912972,0.6434122735101532,-44.47917842534144,-38.951977042883314,-103.11249739969996,2194.4443359375,-20.0,-20.0,109.97686100006104,-1.5702867519868278
361,3.61,0.4281372873043839,1.1330153702238142,0.6481492765295721,-44.21105546786808,-41.100953032098296,-104.35561329795996,2200.0,-20.0,-20.0,109.96789073944092,-1.666211723353875
362,3.62,0.4390867548631988,1.137435800398135,0.6536155440961632,-43.84731675210067,-43.25843673702755,-105.63816831753947,2200.0,-20.0,-20.0,109.9589204788208,-1.761608121421895
363,3.63,0.4511168568588092,1.1422466290079292,0.6597909569007666,-43.37807322647801,-45.42189885114731,-106.97172760174482,2200.0,-20.0,-20.0,109.94995021820068,-1.857753030757929
364,3.64,0.46423801344539384,1.1474552930553235,0.6666551854458942,-42.791268183649535,-47.58856870115418,-108.36993574098457,2200.0,-20.0,-20.0,109.94097995758057,-1.9547965992168548
365,3.65,0.4784602930555554,1.1530691025141953,0.6741876925290082,-42.07214859771557,-49.755352700433406,-109.84904556683507,2200.0,-20.0,-20.0,109.93200969696045,-2.052871579778304
366,3.66,0.4937934095876452,1.1590952386885824,0.6823677399799515,-41.202583419263114,-51.91872764601705,-111.42860041697803,2200.0,-20.0,-20.0,109.92303943634033,-2.1520924439825313
367,3.67,0.5102467197126316,1.1655407526125483,0.6911743954247147,-40.16018093450001,-54.07459935542931,-113.13231766578734,2200.0,-20.0,-20.0,109.91406917572021,-2.2525549996632814
368,3.68,0.5278292202997458,1.172412563490564,0.7005865390730436,-38.91714392032417,-56.21811317533034,-114.98923470410503,2200.0,-20.0,-20.0,109.9050989151001,-2.354336402013918
369,3.69,0.5465495459600969,1.1797174571774516,0.7105828705274934,-37.43878760382675,-58.34339724110768,-117.03519228763962,2200.0,-20.0,-20.0,109.89612865447998,-2.457495495805213
370,3.7,0.5664159667074,1.187462084696912,0.7211419156116556,-35.68163687983709,-60.44321144081308,-119.31473873925142,2200.0,-20.0,-20.0,109.88715839385986,-2.5620734475138707
371,3.71,0.5874363857349318,1.1956529607976458,0.7322420332153902,-33.591030139117706,-62.50846433760953,-121.88352760085714,2200.0,-20.0,-20.0,109.87818813323975,-2.668094633473131
372,3.72,0.6096183373077929,1.2042964625460728,0.7438614221550077,-31.09822117006357,-64.52754702582004,-124.81121722858458,2200.0,-20.0,-20.0,109.86921787261963,-2.7755677509134666
373,3.73,0.6329689847695368,1.2133988279546395,0.7559781280464644,-28.117162620775023,-66.4854196365898,-128.18468880775757,2200.0,-20.0,-20.0,109.86024761199951,-2.8844871166168535
374,3.74,0.6574951186622056,1.2229661546447186,0.7685700501897352,-24.54162822016789,-68.36238228261887,-132.11092555841728,2200.0,-20.0,-20.0,109.8512773513794,-2.994834114953129
375,3.75,0.6832031549588014,1.2330043985430907,0.7816149484626523,-20.244368302443842,-70.1324933429716,-136.71785856143424,2200.0,-20.0,-20.0,109.84230709075928,-3.1065787545333103
376,3.7600000000000002,0.7100991334072172,1.2435193726110199,0.7950904502225957,-15.081994438537077,-71.7617243125178,-142.14948338017965,2200.0,-20.0,-20.0,109.83333683013916,-3.2196812913182753
377,3.77,0.7381887159846483,1.254516745604931,0.8089740572145406,-8.912416103454719,-73.20627695906174,-148.54842453094298,2200.0,-20.0,-20.0,109.82436656951904,-3.3340938761288172
378,3.7800000000000002,0.7674771854615127,1.2660020408677282,0.8232431524840647,-1.6343968503476995,-74.41217662390194,-156.016380316281,2200.0,-20.0,-20.0,109.81539630889893,-3.449762186223571
379,3.79,0.7979694440739179,1.2779806351497929,0.8378750072940294,6.74508363351888,-75.31822294961572,-164.54676163356478,2200.0,-20.0,-20.0,109.80642604827881,-3.5666270038563925
380,3.8000000000000003,0.8296700123037275,1.290457757458739,0.8528467880437456,16.0320055101674,-75.86470910789161,-173.94586866940205,2200.0,-20.0,-20.0,109.79745578765869,-3.684625709264254
381,3.81,0.8625830277652998,1.3034384879370167,0.868135563189536,25.810986198840023,-76.00792674721811,176.20143114389083,2200.0,-20.0,-20.0,109.78848552703857,-3.8036936610439738
382,3.8200000000000003,0.8967122441979983,1.3169277567664854,0.8837183101657013,35.52122935719718,-75.73465758122158,166.45575376871935,2200.0,-20.0,-20.0,109.77951526641846,-3.9237654429750566
383,3.83,0.9320610305636012,1.3309303430991215,0.8995719223049881,44.62898511877425,-75.06712294453393,157.35073812319152,2200.0,-20.0,-20.0,109.77054500579834,-4.044775962656946
384,3.84,0.9686323702477706,1.3454508740130389,0.9156732157577443,52.78084906391337,-74.05453919447032,149.23974709122928,2200.0,-20.0,-20.0,109.76157474517822,-4.166661393496869
385,3.85,1.006428860364783,1.360493823493066,0.9319989364090339,59.84398613589511,-72.7577172784465,142.25564377519953,2200.0,-20.0,-20.0,109.7526044845581,-4.2893599573102135
386,3.86,1.0454527111647602,1.3760635114351385,0.9485257667930574,65.85122354705692,-71.23592005438842,136.3656989508225,2200.0,-20.0,-20.0,109.74363422393799,-4.412812549851192
387,3.87,1.0857057455426877,1.392164102673833,0.9652303330043047,70.92162240032019,-69.53995520289824,131.45102000298706,2200.0,-20.0,-20.0,109.73466396331787,-4.5369632158243505
388,3.88,1.1271893986485553,1.4087996060323986,0.9820892116049301,75.20090775936349,-67.7104175634828,127.36612161282574,2200.0,-20.0,-20.0,109.72569370269775,-4.661759483261367
389,3.89,1.1699047175980049,1.4259738733947023,0.9990789365279102,78.82929863845278,-65.77860248053291,123.97109672817164,2200.0,-20.0,-20.0,109.71672344207764,-4.787152569573538
390,3.9,1.2138523612829262,1.443690598798553,1.0161760059755978,81.92860885384401,-63.76828935032342,121.1445168780923,2200.0,-20.0,-20.0,109.70775318145752,-4.915759786548997
391,3.91,1.259032600281497,1.4619533175499242,1.0333568893133431,84.59956586326409,-61.6975191821084,118.78611470701233,2200.0,-20.0,-20.0,109.6987829208374,-5.044999841960857
392,3.92,1.3054453168672209,1.4807654053576522,1.050598033957899,86.92351359367971,-59.58006570623807,116.81508272947707,2200.0,-20.0,-20.0,109.68981266021729,-5.174688366516814
393,3.93,1.3530900051165786,1.5001300774882438,1.0678758722603692,88.96550350275345,-57.426560767887956,115.16698406048089,2200.0,-20.0,-20.0,109.68084239959717,-5.304797463664767
394,3.94,1.4019657711149693,1.5200503879404934,1.0851668283834928,90.77745965356209,-55.24532504801034,113.79058934090395,2200.0,-20.0,-20.0,109.67187213897705,-5.435302525327983
395,3.95,1.452071333260293,1.5405292286366978,1.102447325143364,92.4009413089296,-53.04297234740217,112.64511643415516,2200.0,-20.0,-17.78975486755371,109.66290187835693,-5.566182252213303
396,3.96,1.503405022543057,1.5615693285803758,1.1196937908913076,93.86940031588612,-50.824847341743606,111.69797592314808,2200.0,-20.0,-14.111413955688477,109.65393161773682,-5.697418387993697
397,3.97,1.555964782642735,1.583173252863997,1.1368826663218954,95.20996548763536,-48.595343114142004,110.92298950731973,2200.0,-20.0,-10.72868824005127,109.6449613571167,-5.828995656106358
398,3.98,1.6097481699139957,1.6053434014892496,1.1539904109808556,96.44482520382479,-46.35813285186831,110.29900912371538,2200.0,-20.0,-7.628354430198669,109.63599109649658,-5.960901006705882
399,3.99,1.6647523533510942,1.6280820078867138,1.1709935093611263,97.592288185264,-44.11634082692863,109.80885623758822,2200.0,-20.0,-4.748987555503845,109.62702083587646,-6.093122876325985
400,4.0,1.7209741148566042,1.6513911371643275,1.1878684765285854,98.6675941015469,-41.872670373767555,109.4385092079087,2200.0,-20.0,-1.9924874603748322,109.61805057525635,-6.225650395644221
401,4.01,1.7784098500005865,1.6752726840893069,1.2045918633893067,99.68353327234198,-39.62950187130123,109.17648069635223,2200.0,-20.0,0.7532601058483124,109.60908031463623,-6.358472388132805
402,4.0200000000000005,1.837055569810238,1.6997283704770783,1.2211402613810491,100.65091119336114,-37.38897354874758,109.01336136416293,2200.0,-20.0,3.588753342628479,109.60011005401611,-6.491575187037641
403,4.03,1.896906903653806,1.72475974341775,1.2374903084379518,101.57892452140922,-35.153045422942675,108.94146094137733,2200.0,-20.0,6.5858155488967896,109.591139793396,-6.624949097334598
404,4.04,1.9579591019500122,1.750368172821104,1.2536186943221475,102.47547630687635,-32.923544782924715,108.95450447577237,2200.0,-20.0,9.786301255226135,109.58216953277588,-6.7585827102272065
405,4.05,2.020207038124331,1.7765548505746378,1.2695021683063203,103.34744529507564,-30.702197829762408,109.04735414729399,2200.0,-20.0,13.209009170532227,109.57319927215576,-6.89246648732416
406,4.0600000000000005,2.083645210453619,1.803320788960893,1.2851175460550508,104.20088398305964,-28.490656870615673,109.21580808418953,2200.0,-20.0,16.858201026916504,109.56422901153564,-7.026590347433061
407,4.07,2.148267743816885,1.8306668188944533,1.3004417166998725,105.04117027698764,-26.290523811672287,109.45645014641362,2200.0,-20.0,20.0,109.55525875091553,-7.160943163893471
408,4.08,2.21406839175154,1.8585935880224893,1.315451649880059,105.87312753258131,-24.10337148542926,109.76653621651074,2200.0,-20.0,20.0,109.54628849029541,-7.295512534140754
409,4.09,2.281040538816777,1.8871015586842146,1.3301244028387673,106.70112269713825,-21.93076395836405,110.14390913512364,2200.0,-20.0,20.0,109.5373182296753,-7.430284756789287
410,4.1,2.349177202964719,1.9161910061008052,1.3444371276301272,107.52914874921308,-19.774273219182774,110.58692724992468,2200.0,-20.0,20.0,109.52834796905518,-7.565244858283341
411,4.11,2.41847103777026,1.9458620170596366,1.3583670784161397,108.36089294802659,-17.635491902135488,111.09439642023415,2200.0,-20.0,20.0,109.51937770843506,-7.700376148786888
412,4.12,2.4889143346025855,1.9761144889330753,1.3718916187731751,109.19979134876053,-15.516044006602788,111.66551073580483,2200.0,-20.0,20.0,109.51040744781494,-7.835659781952664
413,4.13,2.560499024785296,2.0069481290401,1.3849882289596545,110.04907138521443,-13.417592710145998,112.29979894276767,2200.0,-20.0,20.0,109.50143718719482,-7.97107380919738
414,4.14,2.6332166824280314,2.038362453618758,1.3976345133291006,110.91178793825016,-11.341850727065593,112.99708590598179,2200.0,-20.0,20.0,109.4924669265747,-8.106595706525985
415,4.15,2.707058526125526,2.0703567882085054,1.4098082073120035,111.79085159171989,-9.290589690788297,113.7574590875896,2200.0,-20.0,20.0,109.48349666595459,-8.24219685955592
416,4.16,2.7820154225399207,2.1029302660076103,1.421487185155188,112.68905279563866,-7.265649549167057,114.58124527870899,2200.0,-20.0,20.0,109.47452640533447,-8.377847872615774
417,4.17,2.858077888547451,2.1360818283293246,1.4326494669365675,113.60907657495947,-5.268943980391685,115.46897636471473,2200.0,-20.0,20.0,109.46555614471436,-8.513515042627873
418,4.18,2.9352360941749165,2.169810224335083,1.4432732258669223,114.5535134221678,-3.3024666395412368,116.42136211335453,2200.0,-20.0,20.0,109.45658588409424,-8.649160833291022
419,4.19,3.01347986561584,2.2041140109939725,1.4533367955186784,115.52486583112865,-1.3682970342943628,117.43926480472692,2200.0,-20.0,20.0,109.44761562347412,-8.784743607376484
420,4.2,3.0927986883899683,2.238991553101596,1.4628186770439928,116.52555027739334,0.5313942237399112,118.52367420089145,2200.0,-20.0,20.0,109.438645362854,-8.920217311023972
421,4.21,3.1731817106338083,2.274441023363259,1.4716975463759834,117.55789445096951,2.3943410231946083,119.67568175584165,2200.0,-20.0,20.0,109.42967510223389,-9.055531120434923
422,4.22,3.254617746516919,2.31046040255018,1.4799522614030822,118.62412957595888,4.218178438526959,120.89645322647216,2200.0,-20.0,20.0,109.42070484161377,-9.19062905735591
423,4.23,3.337095279782586,2.3470474797363123,1.4875618691062267,119.72637766669303,6.000440736538348,122.18719900658596,2200.0,-20.0,20.0,109.41173458099365,-9.32544957503111
424,4.24,3.4206024674130813,2.384199852620952,1.4945056126499618,120.86663357749266,7.738560972360929,123.54914161324658,2200.0,-20.0,20.0,109.40276432037354,-9.45992511272412
425,4.25,3.5051271434198643,2.4219149279401186,1.5007629384202315,122.04674172073769,9.429872481571799,124.98347984608564,2200.0,-20.0,20.0,109.39379405975342,-9.593981614650493
426,4.26,3.590656822758656,2.460189921968207,1.5063135030030423,123.26836737396863,11.07161261559593,126.49134924449754,2200.0,-20.0,20.0,109.3848237991333,-9.72753800787768
427,4.2700000000000005,3.677178705368693,2.4990218611105277,1.511137180099144,124.53296258675066,12.660929104109357,128.0737786054938,2200.0,-20.0,20.0,109.37585353851318,-9.860505633041008
428,4.28,3.764679680334975,2.5384075825869297,1.5152140673703822,125.84172684389051,14.194889454800496,129.73164251051756,2200.0,-20.0,20.0,109.36688327789307,-9.992787621250661
429,4.29,3.8531463301719144,2.5783437352065084,1.5185244932136475,127.19556285147645,15.670493811590896,131.46561005220548,2200.0,-20.0,20.0,109.35791301727295,-10.124278210112243
430,4.3,3.9425649352265255,2.618826780233315,1.5210490234584157,128.59502809019398,17.08469168088083,133.27609025703495,2200.0,-20.0,20.0,109.34894275665283,-10.254861991232458
431,4.3100000000000005,4.032921478199133,2.659852992342935,1.5227684679839146,130.04028312530502,18.43440289477765,135.16317506680812,2200.0,-20.0,20.0,109.33997249603271,-10.384413080894149
432,4.32,4.124201648779409,2.70141846066974,1.5236638872519506,131.53103806633374,19.716543103729173,137.12658116363843,2200.0,-20.0,20.0,109.3310022354126,-10.512794204746914
433,4.33,4.21639084839546,2.7435190899445585,1.523716598751473,133.06649901429023,20.928053972308863,139.16559238267737,2200.0,-20.0,20.0,109.32203197479248,-10.639855686379688
434,4.34,4.30947419507355,2.7861506017224142,1.5229081833509865,134.64531679116288,22.065938086645307,141.27900492583385,2200.0,-20.0,20.0,109.31306171417236,-10.765434328521536
435,4.3500000000000005,4.403436528405954,2.8293085356999,1.5212204915549965,136.26554067375187,23.127298368875884,143.46507802701106,2200.0,-20.0,20.0,109.30409145355225,-10.889352174344161
436,4.36,4.498262414624331,2.8729882511216465,1.5186356496607505,137.92458019795902,24.109381536462028,145.72149307153256,2200.0,-20.0,20.0,109.29512119293213,-11.011415134924473
437,4.37,4.59393615177588,2.917184928275255,1.5151360658116317,139.6191782977361,25.00962485183095,148.04532437709102,2200.0,-20.0,20.0,109.28615093231201,-11.131411467330567
438,4.38,4.690441775024302,2.9618935701205884,1.5107044359874746,141.34539768571923,25.825705398107218,150.4330243483132,2200.0,-16.11124038696289,20.0,109.2771806716919,-11.24910956350159
439,4.39,4.78776306215094,3.007109004047185,1.5053237496545044,143.09861702214658,26.555592681439922,152.88042399020648,2200.0,-11.916983127593992,20.0,109.26821041107178,-11.364256046203385
440,4.4,4.885883539524094,3.052825883983171,1.4989772950183335,144.87354219686608,27.197602971745802,155.38275316002577,2200.0,-7.861331105232239,20.0,109.25924015045166,-11.476573308494418
441,4.41,4.984786488583348,3.099038693116961,1.491648664272887,146.66424099391207,27.750449960378006,157.93468453548806,2200.0,-3.9590948820114136,20.0,109.25026988983154,-11.58575780580746
442,4.42,5.084454952806931,3.145741747405322,1.4833217588987813,148.46420177778327,28.21328746426405,160.53040330510885,2200.0,-0.2067786455154419,20.0,109.24129962921143,-11.691477647202372
443,4.43,5.184871744848009,3.192929198439784,1.473980794747522,150.266423064978,28.585738420647143,163.1637059551947,2200.0,3.4280866384506226,20.0,109.23232936859131,-11.804714085308518
444,4.44,5.286019452909474,3.240595045034526,1.4636103124869342,152.06361483876088,28.867914793339445,165.8281165644683,2200.0,7.009368538856506,20.0,109.22335910797119,-12.01656542977408
445,4.45,5.387880444670679,3.2887331270331037,1.4521951801193946,153.8483097267921,29.060431572063678,168.51700395354842,2200.0,10.61741590499878,20.0,109.21438884735107,-12.226741796079702
446,4.46,5.490436872665895,3.33733714039331,1.4397206048353186,155.61302072357216,29.164415491381853,171.22369933766694,2200.0,14.314501285552979,20.0,109.20541858673096,-12.435192693241657
447,4.47,5.593670678669841,3.386400633853264,1.4261721350715701,157.35032084543423,29.18150063670528,173.94162743769863,2200.0,18.1240177154541,20.0,109.19644832611084,-12.641874757150648
448,4.48,5.697563599049059,3.435917013183289,1.411535665736819,159.05295570708785,29.11381442213563,176.66443577173698,2200.0,20.0,20.0,109.18747806549072,-12.846753999665927
449,4.49,5.802097170169461,3.485879544647225,1.3957974422546182,160.71396578833287,28.96395586145545,179.38611361640824,2200.0,20.0,20.0,109.1785078048706,-13.049805384809385
450,4.5,5.907252733713121,3.53628135870443,1.3789440645241258,162.3268031914312,28.734966151425922,-177.89890470702335,2200.0,20.0,20.0,109.16953754425049,-13.251011998187883
451,4.51,6.013011442107334,3.587115453509041,1.360962490686888,163.8854265426735,28.430289708308646,-175.19565433162882,2200.0,20.0,20.0,109.16056728363037,-13.450364320603066
452,4.5200000000000005,6.119354264221239,3.638374697959761,1.341840040687268,165.38436488098364,28.053725076504353,-172.50857362663248,2200.0,20.0,20.0,109.15159702301025,-13.647860335750433
453,4.53,6.226261990733825,3.6900518354291245,1.3215643999033717,166.81876582577507,27.609375979959356,-169.84145890596827,2200.0,20.0,20.0,109.14262676239014,-13.843502608480286
454,4.54,6.333715240798296,3.7421394852691248,1.3001236221469676,168.1844210950305,27.101599614970873,-167.19744109227722,2200.0,20.0,20.0,109.13365650177002,-14.037302772349573
455,4.55,6.4416944670041945,3.7946301476290722,1.2775061332211652,169.47777744860662,26.53495787160012,-164.57898622137037,2200.0,20.0,20.0,109.1246862411499,-14.22927536560931
456,4.5600000000000005,6.550179962000817,3.8475162051495393,1.2537007338496813,170.69591853452158,25.91416534495828,-161.98791006380054,2200.0,20.0,20.0,109.11571598052979,-14.419440521921382
457,4.57,6.659151864470603,3.9007899259520364,1.228696602746156,171.8365374958073,25.24404391713408,-159.42540929838836,2200.0,20.0,20.0,109.10674571990967,-14.607822621258244
458,4.58,6.768590165188381,3.954443466411327,1.2024832995554926,172.8978998325184,24.529482600847818,-156.89210482818115,2200.0,20.0,20.0,109.09777545928955,-14.794449683806326
459,4.59,6.878474713069302,4.008468873955969,1.1750507676677917,173.87879917867082,23.775402488909954,-154.38809372375417,2200.0,20.0,20.0,109.08880519866943,-14.979352818736043
460,4.6000000000000005,6.9887852212164026,4.062858089893029,1.146389336898647,174.77850868631336,22.986726656280425,-151.9130066789862,2200.0,20.0,20.0,109.07983493804932,-15.162565717534674
461,4.61,7.0995012729765,4.117602952249168,1.1164897260389512,175.59673053424703,22.16835483231733,-149.4660683167018,2200.0,20.0,20.0,109.0708646774292,-15.344124183243322
462,4.62,7.210602328009742,4.172695198621216,1.085343045280729,176.33354575701082,21.325142584848813,-147.04615815231395,2200.0,20.0,20.0,109.06189441680908,-15.524065690696332
463,4.63,7.322067728375195,4.228126469031457,1.0529407985254453,176.98936618306482,20.46188466209594,-144.65187048992115,2200.0,20.0,20.0,109.05292415618896,-15.702428975939094
464,4.64,7.433876704633026,4.283888308784645,1.0192748855798364,177.56488983780258,19.583302050733902,-142.28157196571186,2200.0,20.0,20.0,109.04395389556885,-15.879253654795408
465,4.65,7.54600838196282,4.3399721713250266,0.9843376042427032,178.0610607517196,18.69403224484861,-139.93345584941443,2200.0,20.0,20.0,109.03498363494873,-16.05288868686631
466,4.66,7.6584417862972725,4.396369421092257,0.9481216522848567,178.47903374463544,17.79862218676593,-137.60559255290053,2200.0,20.0,20.0,109.02601337432861,-16.223241360946638
467,4.67,7.771155850462684,4.453071336373825,0.9106201293218925,178.82014436481396,16.901523164573273,-135.295976075955,2200.0,20.0,19.40286159515381,109.0170431137085,-16.39256584893765
468,4.68,7.8841294203154995,4.5100691121431105,0.8718265386178446,179.0858833596242,16.007085797229774,-133.00256632313636,2200.0,20.0,16.69992446899414,109.00807285308838,-16.56087857951248
469,4.69,7.997341260892516,4.567353862854528,0.8317347889879837,179.27787467408004,15.119552827149803,-130.72332729076578,2200.0,20.0,14.11095142364502,108.99910259246826,-16.728195832845888
470,4.7,8.110770062343267,4.624916625103283,0.7903391967828937,179.39785862272404,14.243053397668378,-128.4562613308041,2200.0,20.0,11.586170196533201,108.99013233184814,-16.894533952343963
471,4.71,8.224394445659236,4.682748360141494,0.7476344878164318,179.4476805744191,13.381600001808142,-126.1994398072024,2200.0,20.0,9.090166687965393,108.98116207122803,-17.059908709372866
472,4.72,8.33819296813691,4.740839956131126,0.7036157992743161,179.42928423380553,12.53908626627102,-123.95103021420489,2200.0,20.0,6.601143479347229,108.97219181060791,-17.22433530598807
473,4.73,8.452144128739553,4.799182230139905,0.6582786814197167,179.34470892136434,11.71928498933792,-121.70931996297355,2200.0,20.0,4.108777642250061,108.9632215499878,-17.387828238325906
474,4.74,8.56622637331643,4.857765929814387,0.6116190991598619,179.196090693136,10.925845983743951,-119.472737055149,2200.0,20.0,1.612132042646408,108.95425128936768,-17.55040098643038
475,4.75,8.680418099791428,4.916581734699061,0.563633433270474,178.98566721289606,10.16229762513395,-117.23986815537778,2200.0,20.0,-0.8821578323841095,108.94528102874756,-17.712065426530263
476,4.76,8.794697663400786,4.97562025701647,0.5143184809270259,178.71578304099066,9.432067190315239,-115.00947549147214,2200.0,20.0,-3.36209237575531,108.93631076812744,-17.872829046250917
477,4.7700000000000005,8.909043382849598,5.034872042949731,0.463671455058796,178.38889275410722,8.73849111138231,-112.78050887874112,2200.0,20.0,-5.812425017356873,108.92734050750732,-18.032703590791634
478,4.78,9.023433546419056,5.094327573994369,0.41168998448484956,178.00756372358774,8.084799566686621,-110.5521148698876,2200.0,20.0,-8.216411471366882,108.9183702468872,-18.19169721521923
479,4.79,9.137846419059294,5.153977269314206,0.35837211435339583,177.5744792675997,7.474089895196833,-108.3236440366376,2200.0,20.0,-10.557374954223631,108.90939998626709,-17.995177420884858
480,4.8,9.241372650390367,5.212808800804468,0.3299062500933349,172.16514279811946,-4.6888203361416965,-162.2777594286002,2200.0,20.0,-11.020910739898682,108.90042972564697,-31.8909366274815
481,4.8100000000000005,9.338005997769105,5.265778428927225,0.32543180702878227,-170.9771327584597,-16.350005231064205,128.75365243269277,2200.0,20.0,20.0,108.89145946502686,-29.08573971434233
482,4.82,9.428854419233627,5.325978073578374,0.32483294521790085,-149.852434862387,-0.2869839382580132,73.44656687983873,2200.0,20.0,20.0,108.88248920440674,-25.79856340369946
483,4.83,9.523806399131173,5.38589313130361,0.3241964571630559,-153.9944168624793,33.92156193995169,26.028527879050692,1948.4346923828125,20.0,20.0,108.87454414367676,-26.569838435243234
484,4.84,9.620890833248653,5.445080977532676,0.32581865395886295,151.782531441407,47.37750201118533,-50.18044624656711,0.0,20.0,20.0,108.87454414367676,-26.511899816442984
485,4.8500000000000005,9.720879963601668,5.503572596725933,0.3296680600153315,115.4428594716478,9.276829958155457,-99.04959571816022,0.0,20.0,20.0,108.87454414367676,-26.729459110549964
486,4.86,9.823505223144961,5.561467372490556,0.33484770338084346,109.11983869708266,-44.15596663641023,-116.5981050376098,2200.0,20.0,20.0,108.86557388305664,-27.188889528131007
487,4.87,9.928310938023055,5.618854772143994,0.3405394902731089,-100.47388151950291,-78.09603626206314,87.4908367563012,2200.0,20.0,20.0,108.85660362243652,-27.221767998282196
488,4.88,10.035314820512536,5.675758366354885,0.34630844071001643,-80.02433952665481,-22.100600684398263,73.58991969453022,2200.0,20.0,20.0,108.8476333618164,-27.453346654041084
489,4.89,10.14445352145951,5.732197996751357,0.35171494593546815,-65.78700560940514,31.092355664637076,90.48031525434055,2200.0,20.0,20.0,108.83866310119629,-27.88541852874429
490,4.9,10.255582478745866,5.788207035764442,0.35634994774115286,-0.9664975286412407,58.16703717381629,166.1782494800086,2200.0,20.0,20.0,108.82969284057617,-28.266644109741573
491,4.91,10.368485856005458,5.843830711663001,0.3598492902567656,41.41365424489034,24.493125127132917,-128.12038141689325,2200.0,20.0,20.0,108.82072257995605,-28.318625875089566
492,4.92,10.466954305573644,5.904193316693023,0.37662212329277284,36.98914776452528,-6.431521704926094,-96.04032366495703,2200.0,20.0,20.0,108.81175231933594,-20.688716939389874
493,4.93,10.56897447894222,5.9624888036233585,0.39115265316159253,25.561095241786543,-17.313426295995857,-77.38990737998812,2200.0,-15.10538578033447,20.0,108.80278205871582,-23.56537507064048
494,4.94,10.660181457095671,6.026657746053707,0.41498620995355595,11.369901892465359,-20.762819594608562,-55.18047727432027,2200.0,-20.0,20.0,108.7938117980957,-21.62564307835116
495,4.95,10.753832049725034,6.088980490547498,0.4364720341643472,-1.2734115910379418,-16.494238163360045,-32.63589774520171,2200.0,-20.0,20.0,108.78484153747559,-21.62692759772517
496,4.96,10.84668575317983,6.15168922959004,0.45915392420715295,-3.31557874359832,-9.995247890413308,-43.6572602127862,2200.0,-20.0,20.0,108.77587127685547,-25.033171966864145
497,4.97,10.937945120256929,6.215302216596712,0.48354766330396365,-6.443854505792666,-7.09215365447365,-67.05939528685884,0.0,-6.4169496297836295,-20.0,108.77587127685547,-23.2047507093279
498,4.98,11.02963655122185,6.278427624692232,0.5051868989295425,-10.720764153383225,-9.553668747227603,-93.23381589473378,0.0,-20.0,-20.0,108.77587127685547,-22.64566547644536
499,4.99,11.12126253766711,6.341340925264496,0.525933316473728,-12.707507414499151,-16.97887566120747,-118.88620614433657,2200.0,-20.0,-20.0,108.76690101623535,-23.475055155663295
500,5.0,11.212803680841716,6.404212785180495,0.5464720129996076,-8.878893708630772,-27.077847318022428,-145.31793392505514,2200.0,-20.0,-3.1230372190475464,108.75793075561523,-23.735760986557413
501,5.01,11.30426565920788,6.467054801504241,0.5668561604822071,3.6882943276800666,-35.68186095457269,-175.34030592375117,2200.0,-20.0,20.0,108.74896049499512,-23.90862186677143
502,5.0200000000000005,11.395648281342721,6.529874178130062,0.5871284470341396,24.280693597145792,-37.09106647074133,150.86728038182923,2200.0,-20.0,20.0,108.739990234375,-23.9868579639448
503,5.03,11.48695442391228,6.5926761462844805,0.6073200568697518,44.42253724079765,-27.95298591906109,120.75400826903636,2200.0,-17.31626033782959,20.0,108.73101997375488,-23.988418134743426
504,5.04,11.578186040246775,6.655464307291864,0.6274522445121701,57.832763676882976,-10.481134215073817,99.74878626902785,2200.0,20.0,20.0,108.72204971313477,-23.94995910580655
505,5.05,11.669342363471653,6.718241241217248,0.6475396589428695,65.44764536175813,11.751583609246518,86.24702196578295,2200.0,20.0,20.0,108.71307945251465,-23.915887303449228
506,5.0600000000000005,11.760419929962735,6.7810090758720225,0.6675935938328688,69.39575028404177,36.53475176319354,77.47918929240565,2200.0,20.0,20.0,108.70410919189453,-23.925380705549422
507,5.07,11.851413927642815,6.843769833313743,0.6876244372633964,70.450632559252,62.692744987931064,71.2246776547975,2200.0,20.0,20.0,108.69513893127441,-24.00223092639225
508,5.08,11.942319754575665,6.906525625857541,0.7076430188637911,3.2128452676375487,88.77199105451771,0.6387359244916448,2200.0,20.0,20.0,108.6861686706543,-24.149821543951365
509,5.09,12.033134268686942,6.969278585970095,0.7276609551804517,-104.3236307751877,63.29929216103299,-106.73852580669981,2200.0,20.0,20.0,108.67719841003418,-24.353027580628805
510,5.1000000000000005,12.123856419052,7.032030885306893,0.7476904991810379,-107.4964297849453,36.48002217502134,-105.86995789208538,2200.0,20.0,20.0,108.66822814941406,-24.58415805392904
511,5.11,12.214487423295344,7.094784623249321,0.7677440428545025,-111.9775137723448,10.53962189239397,-100.95022616613583,2200.0,20.0,20.0,108.65925788879395,-24.812835477934243
512,5.12,12.30503069424879,7.157541742852431,0.7878336884666145,-120.06568797166817,-13.367299201425254,-90.75659010605516,2200.0,20.0,20.0,108.65028762817383,-25.01531032638117
513,5.13,12.395491528596338,7.220304037632379,0.807970962673338,-135.29514393189515,-32.708833307152545,-71.67558166963259,2200.0,20.0,20.0,108.64131736755371,-25.18005758775182
514,5.14,12.485876781461975,7.283073092840454,0.8281666461898287,-160.58694299768754,-42.28306633238495,-40.32164458734098,2200.0,20.0,20.0,108.6323471069336,-25.30933990571237
515,5.15,12.576194685224541,7.34585031287213,0.8484306191321973,173.5697712553818,-37.83640576387001,-5.3458125669076555,2200.0,20.0,20.0,108.62337684631348,-25.415260719407197
516,5.16,12.666454781922877,7.408636850354057,0.8687716202530085,159.83217841815392,-24.000825679209022,22.009671043844865,2200.0,20.0,20.0,108.61440658569336,-25.513765057928143
517,5.17,12.756667831212589,7.471433567055158,0.8891969699534914,157.4870253526036,-8.078549954879147,44.54472001070921,2200.0,20.0,20.0,108.60543632507324,-25.617828301548165
518,5.18,12.846845606168134,7.534241000119745,0.9097123282767692,163.43079856344653,4.8499320146402605,67.49799562236024,2200.0,20.0,20.0,108.59646606445312,-25.73286242827176
519,5.19,12.937000610242006,7.597059344811571,0.930321532490014,174.84432960931343,10.88134218427684,92.99356164537159,2200.0,20.0,20.0,108.58749580383301,-25.855776013349548
520,5.2,13.027145757246853,7.659888455921349,0.9510265328996949,-173.21675600141256,8.047792570445568,119.24737011872831,2200.0,19.44448709487915,20.0,108.57852554321289,-25.97774341196248
521,5.21,13.1172940593067,7.722727862038765,0.9718274231440351,-166.1942252869384,-2.065742173751997,143.80314421850179,2200.0,-20.0,20.0,108.56955528259277,-26.08935219146506
522,5.22,13.207458360004912,7.785576810744555,0.9927225724074642,-167.13788989932456,-15.365229446212856,167.58821850567907,2200.0,-20.0,20.0,108.56058502197266,-26.185788928112252
523,5.23,13.297651115514208,7.84843428048865,1.0137087125985624,-177.62222651433012,-26.70952926387033,-165.96926416590472,2200.0,-20.0,20.0,108.55161476135254,-26.271749629019922
524,5.24,13.387884146514706,7.911299001454285,1.0347809566661221,163.50998905453045,-30.19749502541616,-135.68111442574593,2200.0,-20.0,20.0,108.54264450073242,-26.35646246989105
525,5.25,13.478168429073882,7.9741694622487085,1.0559328951417553,144.16946417471704,-22.342178198127755,-107.63300469635313,2200.0,-20.0,20.0,108.5336742401123,-26.45255056643917
526,5.26,13.568513925246492,8.037043957733285,1.0771567536932454,131.32268409337735,-5.381011296425451,-87.31808315623955,2200.0,-20.0,20.0,108.52470397949219,-26.57090712727269
527,5.2700000000000005,13.658929451525923,8.099920624038749,1.0984435818657308,125.25552534733129,16.682068885529027,-73.29406208550857,2200.0,-20.0,19.8032283782959,108.51573371887207,-26.713922780077077
528,5.28,13.749422570008058,8.162797472133116,1.1197834240123776,125.59158577781311,41.12539016113107,-61.35549561551929,2200.0,-20.0,-5.8969175815582275,108.50676345825195,-26.8723398365129
529,5.29,13.83999946076984,8.225672416424064,1.141165466251315,139.732552506029,65.54346229401531,-41.071642659280855,2200.0,-20.0,-15.819835662841795,108.49779319763184,-27.026361963648483
530,5.3,13.93066472096945,8.288543302240816,1.1625781831621844,-137.82340467930769,75.33359577943182,43.56812778298621,2200.0,-20.0,-12.803165912628174,108.48882293701172,-27.15118107509269
531,5.3100000000000005,14.021676780380096,8.351408849402011,1.184040473881323,-95.4299649256211,53.75857501480283,84.72031525387663,1376.3497314453125,-20.0,-18.86281728744507,108.48321056365967,-27.0856915055474
532,5.32,14.113722865943691,8.414248481593537,1.2055380658300285,-85.01923297479513,27.817408058896792,90.12314793853264,0.0,-20.0,-20.0,108.48321056365967,-26.888485474983696
533,5.33,14.207227362381845,8.47702303502013,1.2269335279056628,-77.9778912605573,2.062325940413369,86.90796393834877,0.0,-20.0,-20.0,108.48321056365967,-26.910878356205302
534,5.34,14.302162138613626,8.53970208966379,1.2480245614137093,-68.75861991258888,-22.06107384012305,76.77209050603874,0.0,-20.0,-20.0,108.48321056365967,-26.902301895694464
535,5.3500000000000005,14.398471604757706,8.60225552114908,1.2686242226536268,-51.97340234817379,-42.065325119590874,55.910012287955425,0.0,-5.66204309463501,-20.0,108.48321056365967,-26.900092819215708
536,5.36,14.496075263737074,8.664655662195196,1.2885545032288142,-21.660441023473833,-52.1228194860808,18.546151537355826,0.0,2.6987510919570923,-20.0,108.48321056365967,-26.944147707777596
537,5.37,14.594869180609647,8.72687778943992,1.3076495573722575,9.403715952300164,-46.94001089921338,-22.994528048985035,0.0,-13.41550350189209,-20.0,108.48321056365967,-27.06516632553073
538,5.38,14.69472787813081,8.788900581080986,1.3257586994143091,24.549815470885022,-32.82363052732926,-52.949106818302205,0.0,-18.497464656829834,-20.0,108.48321056365967,-27.274401110662385
539,5.39,14.795506618221966,8.850706522861259,1.3427491284448867,28.016895354712158,-17.631812943029338,-76.72105345600869,0.0,-20.0,-20.0,108.48321056365967,-27.558311957771053
540,5.4,14.89704402803718,8.912282184839123,1.3585083316254856,24.885205538198296,-5.432686944513867,-100.1340242591928,0.0,-20.0,-20.0,108.48321056365967,-27.880845677704357
541,5.41,14.998933878881509,8.97372366988457,1.373585093064017,18.409560776286686,1.5393417881824647,-125.30916726440634,2200.0,-20.0,-20.0,108.47424030303955,-28.640218866708658
542,5.42,15.100835177020315,9.03514794410882,1.388568553522213,12.066829974592602,2.8116789341824204,-151.87172724485865,2200.0,-20.0,-12.959508895874023,108.46527004241943,-28.907590597195554
543,5.43,15.202748931444507,9.096550662575318,1.403464905485996,9.134271974605907,0.19210253526453014,-178.7568339395547,2200.0,-20.0,15.300524234771729,108.45629978179932,-29.08473962347785
544,5.44,15.304662995456006,9.157932154763426,1.418273484154479,11.10599944456427,-2.856021203905906,154.3475091785372,2200.0,-20.0,20.0,108.4473295211792,-29.156654325189994
545,5.45,15.406565240267179,9.219292967612025,1.4329948864088684,17.034878191279486,-2.6831181221068454,127.61490017968435,2200.0,-20.0,20.0,108.43835926055908,-29.135690552036415
546,5.46,15.508443711418783,9.280633898481698,1.4476311572448641,23.922538724855553,3.0064635866067104,102.03297251980042,2200.0,8.924697041511536,20.0,108.42938899993896,-29.058176060208567
547,5.47,15.610286820790183,9.341955995400816,1.4621858833878518,28.214568625721746,14.244156188776044,78.35262669957058,2200.0,20.0,20.0,108.42041873931885,-28.974433482246212
548,5.48,15.712083713271227,9.40326057470554,1.476664409677983,26.739667795312588,29.154329624098153,55.16166283798456,2200.0,20.0,20.0,108.41144847869873,-28.935035495341225
549,5.49,15.81382461302032,9.464549200236794,1.4910737752463177,15.056563282140697,44.25329109576085,27.536175708731456,2200.0,20.0,20.0,108.40247821807861,-28.97763677848925
550,5.5,15.91550088432675,9.525823610101382,1.5054223053197655,-12.924606591484393,52.6763532336072,-11.78344637333719,2200.0,20.0,20.0,108.3935079574585,-29.117509844105687
551,5.51,16.01710512655219,9.587085677186167,1.5197193405139915,-46.175151366116886,46.16432988256546,-52.76459657212226,2200.0,20.0,20.0,108.38453769683838,-29.34499502590863
552,5.5200000000000005,16.118631147152957,9.648337360623476,1.5339749646138792,-66.02216469392155,27.767993543036976,-77.298597614636,2200.0,20.0,20.0,108.37556743621826,-29.62996877249875
553,5.53,16.22007402767722,9.70958068150944,1.5481998894512443,-76.48189898068895,4.26300213158466,-89.3861841027165,2200.0,20.0,20.0,108.36659717559814,-29.931655142264418
554,5.54,16.321430224005322,9.770817699332133,1.562405342046709,-83.68936656746456,-21.26122908352552,-94.03500909760689,2200.0,20.0,20.0,108.35762691497803,-30.210576956959642
555,5.55,16.422697670410393,9.832050483298543,1.5766029223671505,-92.53994754133493,-47.29074406317226,-91.17541089414236,2200.0,20.0,20.0,108.34865665435791,-30.43901636882272
556,5.5600000000000005,16.523875865599415,9.893281078646822,1.5908044262800713,-119.92982347748696,-71.05520674614449,-65.798550079034,2200.0,20.0,20.0,108.3396863937378,-30.607017517340747
557,5.57,16.62496592756038,9.954511469318811,1.6050216397611556,150.91608222732032,-70.55337059493239,24.7694573830655,2200.0,20.0,20.0,108.33071613311768,-30.722536651274833
558,5.58,16.72597061024957,10.015743538689248,1.619266112768802,127.60428556979323,-47.19764782765531,53.233946601708226,2200.0,20.0,20.0,108.32174587249756,-30.80625910220602
559,5.59,16.826894281509375,10.076979029782333,1.6335489204863078,125.08135327403615,-22.564208218835603,65.88265830182746,2200.0,20.0,20.0,108.31277561187744,-30.88323380077378
560,5.6000000000000005,16.92774285832951,10.138219505637705,1.647880421133823,129.5853109360955,0.2165939668120867,79.0739529564216,2200.0,20.0,20.0,108.30380535125732,-30.974322455654296
561,5.61,17.028523691501288,10.199466313434034,1.6622700246026831,140.6103999198416,18.68288704269337,97.61281516814641,2200.0,20.0,20.0,108.2948350906372,-31.09024569621751
562,5.62,17.129245397299048,10.260720555950623,1.676725993956384,158.59925208163452,29.07379246390391,123.9546970200209,2200.0,20.0,20.0,108.28586483001709,-31.22991409476086
563,5.63,17.229917642991985,10.321983075484894,1.6912553042863856,178.36706150033885,28.24453214787303,154.39426217783333,2200.0,20.0,20.0,108.27689456939697,-31.383118543581077
564,5.64,17.33055091620725,10.383254447933142,1.7058635632931043,-168.86538648441905,18.318145341331654,-178.1333560958571,2200.0,-20.0,20.0,108.26792430877686,-31.53615229925134
565,5.65,17.431156304320258,10.44453498842461,1.7205549562121838,-165.74370909064874,5.042250159438426,-154.02808785549453,2200.0,-20.0,20.0,108.25895404815674,-31.677947467424463
566,5.66,17.53174531202039,10.505824736700617,1.73533215358967,-171.03287210356515,-6.221850796326817,-129.86407749439115,2200.0,-20.0,20.0,108.24998378753662,-31.80435618969048
567,5.67,17.632329640641,10.567123459040518,1.7501962631160872,177.79817565769528,-11.065608225196357,-103.87662615337707,2200.0,-20.0,20.0,108.2410135269165,-31.919122216680506
568,5.68,17.732920988166107,10.62843064179146,1.765146819000633,165.71973768360687,-7.106891055621673,-77.91588276182878,2200.0,-20.0,20.0,108.23204326629639,-32.03126872854404
569,5.69,17.83353083920628,10.689745526816163,1.7801818662194449,158.13363470595405,4.4762712151238695,-54.39855352318336,2200.0,-20.0,20.0,108.22307300567627,-32.14992738026437
570,5.7,17.93417028957078,10.751067129939468,1.7952980433561514,158.21026847855066,20.090468410285666,-32.180057235457355,2200.0,-20.0,20.0,108.21410274505615,-32.27914175043699
571,5.71,18.03484988646496,10.812394257147982,1.8104906478753844,168.80666438277686,35.048157014705275,-6.581639772064327,2200.0,-20.0,16.38556480407715,108.20513248443604,-32.414722461228976
572,5.72,18.135579468344414,10.873725521388131,1.8257536975755315,-167.71082668835598,42.56754619788123,26.974387119385263,2200.0,-20.0,-2.3664577305316925,108.19616222381592,-32.54465806450247
573,5.73,18.236367990411885,10.935059359619638,1.8410799870914176,-140.68406780819976,36.354380451921976,60.72170393314653,2200.0,-20.0,-20.0,108.1871919631958,-32.653202717404724
574,5.74,18.337223264242922,10.99639403420728,1.8564611661557573,-122.98745297738925,18.84187440397778,82.7631354783268,2200.0,-20.0,-20.0,108.17822170257568,-32.72757226654232
575,5.75,18.438151914806557,11.057727699189781,1.8718878955234592,-113.53049708272285,-4.248389741789751,94.74188884520444,2200.0,-20.0,-20.0,108.16925144195557,-32.764192330436565
576,5.76,18.539159363276745,11.119058422256147,1.887350111837152,-108.39328143622555,-29.815381517157054,100.77094208744953,2200.0,-20.0,-20.0,108.16028118133545,-32.772672475369006
577,5.7700000000000005,18.640487992153027,11.180388851893344,1.902887727967625,-105.15927066707533,-56.47890827700385,102.72083702124819,1420.2789306640625,-20.0,-20.0,108.15449047088623,-32.64362334451666
578,5.78,18.74266866659789,11.241710035027738,1.9185363872178272,-96.25455958044017,-83.45859221963842,94.8817861482987,498.6516418457031,-3.2329261302948,-20.0,108.15245723724365,-32.53714695614347
579,5.79,18.846150866137766,11.302992077472524,1.934197789921232,70.03915618673574,-69.44775563148042,-73.85949521564864,0.0,-14.764652252197267,-20.0,108.15245723724365,-32.57941389009654
580,5.8,18.951079523982685,11.364199555965621,1.949688490125246,69.99133895102669,-43.06836223541197,-80.01765534450077,0.0,-20.0,-20.0,108.15245723724365,-32.78680750614901
581,5.8100000000000005,19.05741711938535,11.425301738718488,1.9648151041212638,66.75993967512026,-17.847922504887954,-87.90671058308921,0.0,-20.0,-20.0,108.15245723724365,-33.05711392986842
582,5.82,19.164558827424536,11.486323354048837,1.9796593942697192,60.230303444542386,5.202186247392476,-99.94500861120201,1936.677490234375,-20.0,-20.0,108.14456081390381,-33.7149740501917
583,5.83,19.27184416895413,11.54732293111953,1.9944132590846357,48.49433615198054,24.20381981383926,-118.72964072881295,2200.0,-20.0,-0.08519604802131653,108.13559055328369,-34.04085706526957
584,5.84,19.379195667583925,11.608305573755814,2.009115008316708,29.76906574101153,35.85778102525851,-146.67282515031292,2200.0,-20.0,16.56355381011963,108.12662029266357,-34.27760287310539
585,5.8500000000000005,19.48660624902583,11.669269759279423,2.0237580395588934,8.152335447945415,37.060766489362706,179.5373380043104,2200.0,-20.0,20.0,108.11765003204346,-34.439252666149365
586,5.86,19.594067242070462,11.730214526932995,2.038334935938865,-6.9998450582779235,29.703099417970666,148.28064846501718,2200.0,-20.0,20.0,108.10867977142334,-34.504695540007965
587,5.87,19.701569132712038,11.791139139000796,2.052839334832859,-13.014118846540892,19.43314021741208,121.2655391407725,2200.0,-20.0,20.0,108.09970951080322,-34.4775575449696
588,5.88,19.809101648622637,11.852043093954114,2.0672661061097095,-12.43012004614756,10.900935228576154,95.69551088454152,2200.0,-20.0,20.0,108.0907392501831,-34.386823935146445
589,5.89,19.916653850217443,11.912926169499691,2.0816115820355887,-8.612972202870699,6.7889729661018565,69.76890377032528,2200.0,20.0,20.0,108.08176898956299,-34.279952232764444
590,5.9,20.02421437601074,11.973788440081726,2.0958738136949244,-5.225856509041879,7.663574614759001,43.3305015850312,2200.0,20.0,20.0,108.07279872894287,-34.21068631062517
591,5.91,20.131771702745827,12.034630323109711,2.110052752500506,-5.534215297287974,11.794312113645566,16.50789741601383,2200.0,20.0,20.0,108.06382846832275,-34.22474679388562
592,5.92,20.23931448272587,12.095452473361242,2.1241498802036585,-11.243529091684106,15.71360042101973,-11.084673870360369,2200.0,20.0,20.0,108.05485820770264,-34.347844734130305
593,5.93,20.346831672916085,12.15625579927562,2.1381681074705337,-21.46491120513201,15.457786609006922,-39.09768173706987,2200.0,20.0,20.0,108.04588794708252,-34.578661514273
594,5.94,20.454312710722434,12.217041401049004,2.1521115694665185,-32.558364852562995,8.469187068800416,-65.27157367374885,2200.0,20.0,20.0,108.0369176864624,-34.89005326676971
595,5.95,20.561747629775564,12.27781056529864,2.165985611245218,-40.68357122566571,-5.1023448311139115,-87.5744399877531,2200.0,20.0,20.0,108.02794742584229,-35.23695183988356
596,5.96,20.669127218030546,12.338564756331499,2.179796772533247,-43.73456693359111,-23.348940491401667,-106.69772564806375,2200.0,20.0,20.0,108.01897716522217,-35.56895080307667
597,5.97,20.776443192163374,12.399305600783144,2.1935527353297526,-39.099586468477945,-43.86661689215946,-126.66469558672274,2200.0,20.0,20.0,108.01000690460205,-35.8437769568256
598,5.98,20.883688372763043,12.460034864619272,2.20726222886096,-15.884380307591902,-62.40401066516486,-160.1034765194532,2200.0,20.0,20.0,108.00103664398193,-36.03776271291463
599,5.99,20.990856847546468,12.520754424146004,2.2209348942249627,40.952083553198776,-64.63155720350184,136.7539429409629,2200.0,20.0,20.0,107.99206638336182,-36.15046463058588
600,6.0,21.097944115229268,12.581466231860295,2.2345811129938618,73.64886709359305,-45.930731549899384,101.12207737242399,2200.0,20.0,20.0,107.9830961227417,-36.20244757552621
601,6.01,21.204947207804583,12.642172277264239,2.2482118068250134,86.02933861391361,-21.253846320924307,89.33976671054675,2200.0,20.0,20.0,107.97412586212158,-36.227354646061166
602,6.0200000000000005,21.311864779817547,12.70287454428948,2.261838209917282,93.90394268185771,4.67484523384176,86.90744428075321,2200.0,20.0,20.0,107.96515560150146,-36.26102027657507
603,6.03,21.41869714741096,12.763574966790705,2.275471623037703,103.30591153269184,30.167953392823843,92.0207709395153,2200.0,20.0,20.0,107.95618534088135,-36.33110795269186
604,6.04,21.525446258930952,12.82427538668845,2.289123166265845,122.52876295056348,52.619271962050824,110.6855357101078,2200.0,20.0,20.0,107.94721508026123,-36.450333211919244
605,6.05,21.63211559650488,12.88497751994814,2.3028035563337435,167.85856656376998,62.72607485231567,158.62026141279765,2200.0,20.0,20.0,107.93824481964111,-36.61498745624237
606,6.0600000000000005,21.7387100378456,12.945682931183581,2.3165229236663816,-152.45875932234944,50.71658724056875,-155.62559300841016,2200.0,19.006550312042236,20.0,107.929274559021,-36.8086722926084
607,6.07,21.845235717223897,13.006393011722745,2.330290667019254,-140.10135269571768,29.962030889706433,-132.64078837870363,2200.0,-20.0,20.0,107.92030429840088,-37.009521475052495
608,6.08,21.951699929546322,13.06710896132096,2.34411527719481,-139.9511315478995,9.095347297382453,-115.23120105710579,2200.0,-20.0,20.0,107.91133403778076,-37.198041694526545
609,6.09,22.058111079451578,13.12783174002509,2.3580041228199637,-147.36524063737767,-8.245098404740336,-95.75179218578391,2200.0,-20.0,20.0,107.90236377716064,-37.363150477046105
610,6.1000000000000005,22.164478446107278,13.18856207278025,2.3719633681669507,-160.96321938355618,-18.604770760944195,-71.23703569726922,2200.0,-20.0,20.0,107.89339351654053,-37.50419543875246
611,6.11,22.270812033116684,13.24930042578446,2.3859978892100577,-176.6389802586608,-19.29284067081544,-43.39967246096815,2200.0,-20.0,20.0,107.88442325592041,-37.6290165322796
612,6.12,22.377122328283736,13.310047034050973,2.4001112904649755,172.33432507437956,-11.39683047265028,-16.78737140102646,2200.0,-20.0,20.0,107.8754529953003,-37.748819000973384
613,6.13,22.483420150139267,13.370801899882371,2.4143058874220134,169.5250117767261,0.528115837190974,7.6795090884321375,2200.0,-20.0,20.0,107.86648273468018,-37.872464868530066
614,6.140000000000001,22.589716507084376,13.431564788841978,2.42858265783987,175.17570205142553,11.247506488047454,32.534818866957224,2200.0,-20.0,20.0,107.85751247406006,-38.00231979709413
615,6.15,22.69602244055672,13.492335225839005,2.442941188015334,-172.50216369120412,15.860311252572034,59.33356506437422,2200.0,-20.0,20.0,107.84854221343994,-38.13333093095499
616,6.16,22.802348844045977,13.553112494802209,2.457379632638977,-158.58709585306687,11.315782086868229,85.70099921645962,2200.0,-20.0,20.0,107.83957195281982,-38.25566396080591
617,6.17,22.908706259015375,13.613895643631222,2.4718947007138294,-148.85813248303324,-1.5833178964499461,108.36432095821534,2200.0,-20.0,20.0,107.8306016921997,-38.35980119647523
618,6.18,23.015104654229287,13.674683495496716,2.486481676233962,-146.1755640908504,-19.561431450104713,128.03253773057432,2200.0,-20.0,20.0,107.82163143157959,-38.44198864219128
619,6.19,23.121553200616912,13.735474668357748,2.5011344848434502,-153.2801671500218,-38.822226446820224,149.66292444000487,2200.0,-12.960822582244873,20.0,107.81266117095947,-38.5076967299486
620,6.2,23.228060058896187,13.796267602458782,2.5158458123114205,-177.73499392939482,-53.35151769812886,-176.75002673050406,2200.0,-7.7121591567993155,20.0,107.80369091033936,-38.57143439070116
621,6.21,23.334632213150634,13.857060594019993,2.53060728072695,142.42860506660486,-52.161104361688686,-131.59927634294434,2200.0,-16.255483627319336,20.0,107.79472064971924,-38.652623995700694
622,6.22,23.441275391938124,13.917851841589336,2.5454096714323082,116.60060427132271,-34.90614365823396,-103.48391660826663,2200.0,-20.0,20.0,107.78575038909912,-38.768629726405436
623,6.23,23.5479940238207,13.978639483979675,2.560243133003469,104.2561972993736,-11.1883317799645,-91.78607533928842,2200.0,-20.0,20.0,107.776780128479,-38.92739100667401
624,6.24,23.654791200941535,14.039421633962425,2.575097367501919,96.6206577713221,14.597418847264583,-88.65273135383939,2200.0,-20.0,20.0,107.76780986785889,-39.122452771892696
625,6.25,23.761668640538804,14.100196405049699,2.5899617946293993,88.45266877011325,40.72453541823104,-92.65143248723287,2200.0,-20.0,20.0,107.75883960723877,-39.33249026451978
626,6.26,23.868626663153055,14.1609619415692,2.6048257176738043,68.80734061939165,65.10778113898172,-112.32846744572821,2200.0,-20.0,20.0,107.74986934661865,-39.526028905372826
627,6.2700000000000005,23.97566419791533,14.22171644790591,2.619678492097721,-7.77964049651814,73.51493075591004,167.58709235755987,2200.0,-20.0,20.0,107.74089908599854,-39.67035916321828
628,6.28,24.08277880444979,14.282458216778128,2.634509692000579,-46.44456234999393,53.989277025367365,121.80992666257195,2200.0,-20.0,20.0,107.73192882537842,-39.74206456072984
629,6.29,24.18996670174642,14.343185657144316,2.6493092775365987,-52.55156981421756,30.88299564246957,104.08821468004744,2200.0,-20.0,20.0,107.7229585647583,-39.735823489246854
630,6.3,24.297222804027673,14.403897323008424,2.66406777074041,-50.37784472031254,9.377516291696221,88.42105586570072,2200.0,-20.0,20.0,107.71398830413818,-39.668453795333555
631,6.3100000000000005,24.40454077341634,14.464591944010797,2.678776443863809,-42.8440446873213,-8.434713832954877,69.42707101075734,2200.0,-20.0,20.0,107.70501804351807,-39.576491448736064
632,6.32,24.5119130987182,14.525268467763542,2.6934275099311753,-30.52727344013164,-20.213525419961417,44.998419193887365,2200.0,20.0,20.0,107.69604778289795,-39.507449661216214
633,6.33,24.619331206549692,14.585926040248594,2.7080144035852336,-16.094232116150714,-24.126333621871883,16.239126730528824,2200.0,20.0,20.0,107.68707752227783,-39.50776003422458
634,6.34,24.726785651448605,14.646564114170415,2.722531851295892,-4.730364288623642,-21.116977207907375,-12.966549048579491,2200.0,20.0,20.0,107.67810726165771,-39.609085703592875
635,6.3500000000000005,24.834266425700903,14.707182346903517,2.7369758137003677,0.45294313836075933,-15.028095933377568,-40.518484417979195,2200.0,20.0,20.0,107.6691370010376,-39.81935613426903
636,6.36,24.941763121432757,14.76778063901628,2.7513435053632427,0.07415515773130733,-10.091190015354135,-67.06542767698025,2200.0,20.0,20.0,107.66016674041748,-40.11951266391205
637,6.37,25.049265088108623,14.82835911564572,2.765633394560915,-3.1627046401865626,-9.206464149058139,-93.40082357683934,2200.0,20.0,20.0,107.65119647979736,-40.46805332683326
638,6.38,25.156761564171966,14.888918133931211,2.779845273499508,-5.6395191744800615,-13.165366587695704,-119.60362048485099,2200.0,20.0,20.0,107.64222621917725,-40.811830026167065
639,6.390000000000001,25.26424184046396,14.949458286721706,2.7939803147715607,-3.857676213051729,-20.427227039202183,-146.16811829682086,2200.0,20.0,20.0,107.63325595855713,-41.10013725375119
640,6.4,25.371695448756345,15.009980400160348,2.808041097285523,4.713961570890818,-27.477400730688895,-174.64088851130026,2200.0,20.0,20.0,107.62428569793701,-41.298042868710134
641,6.41,25.4791123651324,15.070485524535272,2.8220315959343,19.971460827901225,-29.562017988570393,154.54488201441205,2200.0,20.0,20.0,107.6153154373169,-41.39515247740692
642,6.42,25.58648322067809,15.130974919253875,2.8359571341220406,36.835638542359945,-23.10515125451357,125.39753950078823,2200.0,20.0,20.0,107.60634517669678,-41.40737949115371
643,6.43,25.69379951297727,15.19145003002401,2.849824300792968,49.55454308388404,-8.501921848781874,102.5352615126828,2200.0,20.0,20.0,107.59737491607666,-41.37142647998832
644,6.44,25.801053804343038,15.25191246002814,2.8636408237956283,56.86486236324517,11.55922143849257,85.96605161952527,2200.0,20.0,20.0,107.58840465545654,-41.33379128301378
645,6.45,25.90823988812467,15.312363933653044,2.877415400436174,59.264318617085486,34.75978785980627,73.04369990306401,2200.0,20.0,20.0,107.57943439483643,-41.337706319171346
646,6.46,26.015352897125066,15.372806256644395,2.891157488880478,54.30945090752415,59.4293583886398,58.56558783340007,2200.0,20.0,20.0,107.57046413421631,-41.411854534030695
647,6.47,26.12238934496432,15.433241277140066,2.904877085178614,-0.195880698073178,80.31208680930061,-1.2611458529925006,2200.0,20.0,20.0,107.56149387359619,-41.56401078821997
648,6.48,26.229347121652264,15.493670850521225,2.918584514192468,-85.16948362835514,64.04006487882151,-88.03164659363426,2200.0,20.0,20.0,107.55252361297607,-41.78112176049856
649,6.49,26.336225472630343,15.554096809169033,2.9322902482329796,-96.92733491509827,37.89637026708589,-97.95706105708317,2200.0,-15.26622533798218,20.0,107.54355335235596,-42.035300993246004
650,6.5,26.44302500453344,15.614520932666073,2.9460047427552505,-103.30618138393456,11.588933036094062,-97.76654714578466,2200.0,-20.0,20.0,107.53458309173584,-42.293455648626896
651,6.51,26.549747760596556,15.674944913283962,2.9597382380274464,-111.20680664179424,-13.55928542396871,-91.30352784498038,2200.0,-20.0,20.0,107.52561283111572,-42.52726330834816
652,6.5200000000000005,26.656397195611554,15.735370321249553,2.9735005740481126,-125.37742427971045,-35.47629128690981,-75.72436145389342,2200.0,-20.0,20.0,107.5166425704956,-42.72058399243068
653,6.53,26.76297803066171,15.79579858101598,2.987301043682746,-152.5547077420553,-48.95080680596324,-44.55348431965544,2200.0,-20.0,20.0,107.50767230987549,-42.872029371919446
654,6.54,26.86949612207406,15.856230961470965,3.0011482606009086,174.08721946956595,-46.58602992596134,-4.170157419922197,2200.0,-20.0,20.0,107.49870204925537,-42.99252993627434
655,6.55,26.975958324350344,15.916668562882437,3.0150500634640256,155.45743421529403,-31.918740240376195,25.5925349926673,2200.0,-20.0,20.0,107.48973178863525,-43.09931070927508
656,6.5600000000000005,27.082372413070154,15.977112298979241,3.0290133997947475,150.76275867043836,-13.990711961762086,47.36313312765711,2200.0,-20.0,20.0,107.48076152801514,-43.20865537775951
657,6.57,27.188747001909245,16.03756287653171,3.043044191798004,155.0330151938141,1.835016276292424,68.53793429020251,2200.0,-20.0,20.0,107.47179126739502,-43.33012072853057
658,6.58,27.295091430860577,16.098020774911046,3.0571471955376133,165.74655225300017,11.680726587879422,92.74318476302878,2200.0,-20.0,20.0,107.4628210067749,-43.46412946188841
659,6.59,27.40141561950701,16.158486228722428,3.071325866146603,178.98366432895634,12.768670448140847,119.3703247354508,2200.0,3.237599730491638,20.0,107.45385074615479,-43.603491600398236
660,6.6000000000000005,27.507729879410558,16.218959220097172,3.0855822189180944,-171.1533657632709,5.511286004009145,145.19112089866292,2200.0,20.0,20.0,107.44488048553467,-43.73782486109989
661,6.61,27.61404468837896,16.279439408929928,3.099916705480377,-168.6175783844988,-6.3822992774711365,169.40760896295916,2200.0,20.0,20.0,107.43591022491455,-43.85950818869622
662,6.62,27.720370436505565,16.33992625018711,3.1143283122394236,-174.80049864548766,-17.942451772560158,-165.50319833721028,2200.0,20.0,20.0,107.42693996429443,-43.967289058236425
663,6.63,27.826717298232257,16.40041896525907,3.1288147453286035,170.89943713502043,-23.77632826861226,-137.49985434855748,2200.0,20.0,20.0,107.41796970367432,-44.06756717602433
664,6.640000000000001,27.93309506558202,16.460916605971843,3.1433725738213316,153.67601029840372,-19.763394100063568,-109.5096629217458,2200.0,20.0,20.0,107.4089994430542,-44.17177686661109
665,6.65,28.039513041296516,16.52141804422435,3.1579972261400115,140.60879325677888,-6.260332138669398,-86.71241974237883,2200.0,19.675896167755127,20.0,107.40002918243408,-44.29121858603211
666,6.66,28.145979886611965,16.581921981373966,3.1726830056030972,134.2553395667811,13.313573993804656,-69.40527212741424,2200.0,12.9207181930542,20.0,107.39105892181396,-44.43120632110304
667,6.67,28.25250344463464,16.64242695932486,3.1874231184156225,135.37933732527642,35.738322396570055,-53.694668963834616,2200.0,4.79861319065094,20.0,107.38208866119385,-44.58702572644832
668,6.68,28.35909056123645,16.70293138480603,3.2022097538631136,150.478019212863,57.62330542634882,-30.02196185160687,2200.0,-8.889597654342651,20.0,107.37311840057373,-44.74354096567165
669,6.69,28.465746928229667,16.763433532298713,3.2170342101196447,-156.35271551882363,67.82346494562462,27.517211235135363,2200.0,-20.0,20.0,107.36414813995361,-44.87931502553432
670,6.7,28.572477022221367,16.82393161998195,3.2318870884381283,-111.07883831974712,52.4244785968591,73.77374769961006,2200.0,-20.0,20.0,107.3551778793335,-44.97357739665633
671,6.71,28.679284064719436,16.884423817291502,3.2467584549463426,-95.77820138972905,28.01405333754983,86.68562723845929,2200.0,-20.0,20.0,107.34620761871338,-45.014441744245886
672,6.72,28.78616993260444,16.944908284306877,3.2616380127346223,-87.52233939522436,2.1240658141149638,88.18798058690435,2200.0,-20.0,20.0,107.33723735809326,-45.00524193468722
673,6.73,28.893135038740862,17.00538320122516,3.2765152717431953,-79.04240977825117,-23.323674675669682,82.39898374187028,2200.0,-20.0,20.0,107.32826709747314,-44.96641051848607
674,6.74,29.000178241657167,17.06584680890295,3.2913797676825407,-63.99575905357567,-46.32008429003582,65.98558112012108,2200.0,-20.0,20.0,107.31929683685303,-44.93178494084728
675,6.75,29.10729682892411,17.126297452565456,3.3062213108568894,-29.13231749926782,-60.83850575176261,26.494876287510515,2200.0,-7.758301496505736,20.0,107.31032657623291,-44.93997459375107
676,6.76,29.214486583757534,17.186733626576014,3.321030235525648,15.083147636267196,-55.934906793960074,-25.725569240698842,2200.0,10.786137580871582,20.0,107.3013563156128,-45.02310216178144
677,6.7700000000000005,29.321741966547695,17.247153972783263,3.3357975667982207,33.96923262676023,-38.7989259973237,-56.72474360340909,2200.0,20.0,20.0,107.29238605499268,-45.196636588109456
678,6.78,29.429056371389436,17.30755732530371,3.350515105944785,37.92741012706669,-20.202010421615523,-78.16452800883724,2200.0,20.0,20.0,107.28341579437256,-45.45286986468613
679,6.79,29.536422268632148,17.36794269540495,3.3651754854185674,34.59607228006253,-4.244389344074374,-99.15288212505747,2200.0,20.0,20.0,107.27444553375244,-45.76119763800794
680,6.8,29.643831316355957,17.428309288828533,3.3797722666503804,26.76193960247631,6.6617841993576175,-122.8851614028713,2200.0,20.0,20.0,107.26547527313232,-46.07516383595362
681,6.8100000000000005,29.751274401505256,17.48865652592039,3.3943000981865707,17.270416778233724,11.148335278701472,-149.39154503250413,2200.0,20.0,20.0,107.2565050125122,-46.34451364557684
682,6.82,29.858741751880178,17.54898406394278,3.4087548676104005,9.912391051377137,9.991966580365395,-176.82376568904547,2200.0,20.0,20.0,107.24753475189209,-46.52889785330771
683,6.83,29.966237274104028,17.60927258208441,3.423011340424358,7.319140968317865,6.246167492634846,156.1137831013308,1800.64306640625,20.0,20.0,107.24019289016724,-46.527033542933395
684,6.84,30.07374598664516,17.669467376561816,3.4367272703465215,9.523915968335858,3.7463150158620575,129.43497287272908,1092.71435546875,20.0,20.0,107.23573732376099,-46.35869583918042
685,6.8500000000000005,30.181160768209885,17.7295050701014,3.4494890271475094,14.296139126780162,5.481469387630306,103.21586557424077,443.42156982421875,20.0,20.0,107.23392915725708,-46.125631751704695
686,6.86,30.288282133647353,17.789343279285884,3.46098718312227,18.156713205288856,12.469643048642522,77.9231021867616,0.0,20.0,20.0,107.23392915725708,-45.905585803540454
687,6.87,30.39490090553479,17.848976619432356,3.4711395800716556,17.569225872705,23.4899378570109,52.9814254689119,0.0,20.0,20.0,107.23392915725708,-45.805241922011554
688,6.88,30.50083686742613,17.90842633215623,3.4800242057077275,8.989425809001471,35.3883888900359,25.52793979462731,0.0,20.0,20.0,107.23392915725708,-45.778454025811286
689,6.890000000000001,30.606090567505383,17.967739022313985,3.4879406815754894,-10.613290624160046,42.75626474410196,-8.188899001670382,831.612060546875,20.0,20.0,107.2305383682251,-46.034936150416655
690,6.9,30.711012430257714,18.02699587169819,3.4954772120253024,-36.06279779379363,39.337044951690224,-44.01885351001452,2200.0,20.0,20.0,107.22156810760498,-46.530393982825025
691,6.91,30.815865937872832,18.08624503580879,3.5029711651364988,-55.22569958482063,24.8440398422783,-70.6652454208192,2200.0,15.291969776153563,20.0,107.21259784698486,-46.82005607083824
692,6.92,30.920652503361392,18.145483727853968,3.510425962010407,-66.32545546387705,3.821773942001844,-86.861304141538,2200.0,-20.0,20.0,107.20362758636475,-47.135742590540666
693,6.93,31.02536747870359,18.204713697615215,3.517850782340815,-72.83192152193458,-20.44581857094455,-96.1362354317542,2200.0,-20.0,20.0,107.19465732574463,-47.43404369589397
694,6.94,31.130007640783994,18.26393673899363,3.52525536348504,-77.6563136699964,-46.337096781995946,-100.3186380744629,2200.0,-20.0,20.0,107.18568706512451,-47.681682210176085
695,6.95,31.234571082619247,18.323154646291112,3.532649736904235,-86.88907071845502,-72.85233650967335,-95.60010629900077,2200.0,-20.0,20.0,107.1767168045044,-47.86322237611038
696,6.96,31.33905722322201,18.382369190644216,3.540044101461005,126.95239632355707,-78.88943494409122,49.63052324351838,2200.0,-20.0,20.0,107.16774654388428,-47.982933094151136
697,6.97,31.443466712346655,18.44158209721826,3.5474486310197886,113.75459484624704,-52.435862073394446,65.47018885790398,2200.0,-20.0,20.0,107.15877628326416,-48.06075231849315
698,6.98,31.5478014454399,18.500795020516826,3.554873353167909,114.42314452633056,-26.234993903367172,71.88316858580724,2200.0,-16.014373302459717,20.0,107.14980602264404,-48.12415251385878
699,6.99,31.652064603646824,18.56000951634316,3.5623279977995117,119.31868762054732,-1.514032172077402,80.73843104053357,2200.0,14.274635314941406,20.0,107.14083576202393,-48.198767394961955
700,7.0,31.756260712037086,18.61922700368824,3.569821787480103,129.62437029528834,20.00016259503136,95.47670209414815,2200.0,20.0,20.0,107.13186550140381,-48.300832633674894
701,7.01,31.86039569699723,18.678448695773575,3.5773630964706493,148.2142496279786,34.766472050653455,119.92590356601357,2200.0,20.0,20.0,107.12289524078369,-48.433774024748296
702,7.0200000000000005,31.964476711058186,18.7376755933123,3.5849593175637526,173.00682006337033,37.76100201990809,152.91339812445835,2200.0,20.0,20.0,107.11392498016357,-48.58947312722481
703,7.03,32.06851184124972,18.796908469747148,3.5926167649467438,-168.06868694569502,28.847989024611042,-176.38798814098007,2200.0,20.0,20.0,107.10495471954346,-48.753237727108
704,7.04,32.17250988286288,18.856147889051957,3.6003406526894834,-160.61069059291287,14.348320943105335,-151.75509265103048,2200.0,20.0,20.0,107.09598445892334,-48.91037669451506
705,7.05,32.27648014856375,18.91539420890352,3.608135099446668,-162.61740943125406,0.2817901246684751,-128.9110127873735,2200.0,20.0,20.0,107.08701419830322,-49.05187780711302
706,7.0600000000000005,32.38043235289302,18.974647576655208,3.616003082369222,-171.62593222259355,-8.82208017802433,-104.32618636901731,2200.0,20.0,20.0,107.0780439376831,-49.17705300749608
707,7.07,32.48437649288906,19.03390792346251,3.6239463779208303,176.18722624385458,-9.746419467731872,-78.07432591253199,2200.0,20.0,20.0,107.06907367706299,-49.29241879665283
708,7.08,32.58832271102042,19.09317495923353,3.631965503477996,166.46514815276254,-2.264665959351255,-52.85222072052502,2200.0,20.0,20.0,107.06010341644287,-49.40751386126801
709,7.09,32.69228113699849,19.152448170056793,3.6400596698384544,163.42477866782792,10.59894886652756,-29.39723822851482,2200.0,20.0,20.0,107.05113315582275,-49.52952269428389
710,7.1000000000000005,32.796261709947736,19.21172682050314,3.648226755908184,169.37040102586286,24.296958514101366,-4.883841493217364,2200.0,20.0,20.0,107.04216289520264,-49.6590086497243
711,7.11,32.900273985647246,19.271009961576336,3.656463312919804,-174.33902056247123,33.127518459861335,24.336863030324174,2200.0,20.0,20.0,107.03319263458252,-49.78862691568206
712,7.12,33.00432693164737,19.330296446952204,3.6647646035063444,-152.162607507773,31.25053184704907,55.797602941422234,2200.0,-2.780061364173889,20.0,107.0242223739624,-49.90551412859287
713,7.13,33.10842878183234,19.389584952526693,3.6731247166819836,-134.3689484868054,18.018609770420753,80.68242034184182,2200.0,-20.0,20.0,107.01525211334229,-49.996706237506636
714,7.140000000000001,33.212586879776296,19.44887401021711,3.681536705593567,-124.22888564795245,-2.358779265359735,96.94249663704302,2200.0,-20.0,20.0,107.00628185272217,-50.05542438640211
715,7.15,33.31680754432266,19.508162036513145,3.68999269841863,-120.05726414365735,-26.317800099479122,107.92030147087995,2200.0,-20.0,20.0,106.99731159210205,-50.085808012382365
716,7.16,33.42109592781018,19.56744735812521,3.6984840488975,-122.04277634193828,-51.84212756668037,118.16564762064277,2200.0,-20.0,20.0,106.98834133148193,-50.104144489143
717,7.17,33.52545586692071,19.6267282418359,3.7070014793868795,-148.1549974484922,-76.33207639100843,147.95443879645586,2200.0,-20.0,20.0,106.97937107086182,-50.13543655721533
718,7.18,33.62988979066615,19.686002931014315,3.7155352784733395,102.26330259284775,-70.74601401336639,-102.38684503556559,2200.0,-20.0,20.0,106.9704008102417,-50.206114197531775
719,7.19,33.73439870658326,19.74526968404041,3.724075519792058,84.9710874542414,-45.061951369080674,-88.52178767847894,2200.0,-20.0,20.0,106.96143054962158,-50.335037615467726
720,7.2,33.83898225020824,19.80452680970625,3.732612268164345,78.23638528706853,-18.98591614425799,-89.51597242296684,2200.0,-20.0,20.0,106.95246028900146,-50.52577556187975
721,7.21,33.94363875736178,19.86377269468637,3.7411357564358023,71.21979165207865,5.930745165722345,-96.76799668967762,2200.0,-20.0,20.0,106.94349002838135,-50.76300868495103
722,7.22,34.04836533459311,19.923005827288232,3.749636536580405,59.935010802247874,28.09885939322292,-111.48585720608938,2200.0,-20.0,20.0,106.93451976776123,-51.014693090107514
723,7.23,34.153157920729164,19.982224817643655,3.7581056165235136,39.312825077804526,44.08396640898539,-138.25967747099114,2200.0,-16.488893032073975,20.0,106.92554950714111,-51.23986378348142
724,7.24,34.258011353116046,20.041428417345493,3.7665345895513243,9.475810889968933,48.025906851204034,-177.2371855953036,2200.0,-6.8012535572052,20.0,106.916579246521,-51.40005596372745
725,7.25,34.3633328748782,20.10053922496836,3.774493160522659,-13.425643644805398,39.383906979352744,147.01024352229217,292.3238830566406,17.718851566314697,20.0,106.91538715362549,-51.11515942455127
726,7.26,34.469529848465434,20.15944858661249,3.7814405102571618,-22.940338353364023,25.60462245838549,119.89384083034979,0.0,20.0,20.0,106.91538715362549,-51.0582182620177
727,7.2700000000000005,34.57650327428434,20.218132208585864,3.7871887532845543,-23.606193186199018,12.58054174314336,95.90346726088235,0.0,20.0,20.0,106.91538715362549,-100.98345553046951
