Step,Time,X,Y,Z,Roll,Pitch,Yaw,Thrust,GimbalYaw,GimbalPitch,Mass,Reward
0,0,-2.2096211936542365,1.1951332192219954,11.0,-1.266337885622041,-6.705272082733854,0.07418687199912766,0.0,0.0,0.0,110.0,0.0
1,0.01,-2.204467126700132,1.1951184091020692,10.985200729859951,-1.2656325731667208,-6.705145757701887,0.07000288825454296,0.0,-20.0,-20.0,110.0,-8.977488940934773
2,0.02,-2.1993137012899457,1.1951042577596278,10.970401369715907,-1.263776614919863,-6.705267382308664,0.055699842108566,0.0,-20.0,-20.0,110.0,-8.96293411965514
3,0.03,-2.1941602826490683,1.195090112645657,10.95560200863543,-1.2626534585427958,-6.70547247267321,0.046043552286558334,0.0,-20.0,-20.0,110.0,-8.946730196748803
4,0.04,-2.189006937516629,1.195076042891695,10.940802637247621,-1.26182799101289,-6.705699962884524,0.038370682969705326,0.0,-20.0,-20.0,110.0,-8.931227040620033
5,0.05,-2.1838536038392817,1.1950619820243635,10.92600326431635,-1.2610093195679004,-6.705942566743095,0.030660816481067492,0.0,-20.0,-20.0,110.0,-8.915920906593941
6,0.06,-2.1787002585453554,1.1950479045213547,10.911203893118424,-1.2601142240715606,-6.706191634703013,0.022376981216765783,0.0,-20.0,-20.0,110.0,-8.900622052042857
7,0.07,-2.173546894886743,1.1950338041266153,10.896404524585755,-1.2591444861410166,-6.7064394746740685,0.013584238458676685,0.0,-20.0,-20.0,110.0,-8.885286493439459
8,0.08,-2.1683935132997374,1.1950196821028902,10.881605158639267,-1.258120996060449,-6.706681575459829,0.004464264740438432,0.0,-20.0,-20.0,110.0,-8.86991864990178
9,0.09,-2.1632401165865653,1.1950055417214092,10.86680579487722,-1.257063345096604,-6.706916437261093,-0.00483438626974385,0.0,-20.0,-20.0,110.0,-8.854529897409599
10,0.1,-2.158086708177723,1.194991387294052,10.852006432800954,-1.2559853625218134,-6.707144544958761,-0.014220446577195905,0.0,-20.0,-20.0,110.0,-8.839130039772014
11,0.11,-2.1529332912354406,1.1949772229337394,10.837207071947722,-1.2548954585385739,-6.707367113318336,-0.02364641873856955,0.0,-20.0,-20.0,110.0,-8.823725337549577
12,0.12,-2.147779868194882,1.1949630517858676,10.822407711961644,-1.2537985441107369,-6.707585355333367,-0.033089809288017774,0.0,-20.0,-20.0,110.0,-8.808318936177688
13,0.13,-2.142626440732174,1.1949488763676082,10.80760835258998,-1.2526975650225527,-6.707800298652167,-0.042540551284953224,0.0,-20.0,-20.0,110.0,-8.79291229820593
14,0.14,-2.137473010051471,1.1949346986618863,10.792808993647299,-1.2515944960967127,-6.708012733747337,-0.05199445248400387,0.0,-20.0,-20.0,110.0,-8.777506086615968
15,0.15,-2.1323195770183454,1.1949205198578727,10.778009635005528,-1.250490474747325,-6.708223267619439,-0.06144990327989943,0.0,-20.0,-20.0,110.0,-8.7621005529466
16,0.16,-2.1271661422606605,1.1949063407098974,10.763210276574158,-1.2493860126365834,-6.708432363417885,-0.07090625231880793,0.0,-20.0,-20.0,110.0,-8.746695801117987
17,0.17,-2.1220127062422143,1.1948921614733825,10.748410918293004,-1.2482813625080078,-6.708640357483658,-0.08036319600159443,0.0,-20.0,-20.0,110.0,-8.731291864945321
18,0.18,-2.1168592692842307,1.1948779822865594,10.733611560121236,-1.247176657297846,-6.7088474840974905,-0.08982057339143118,0.0,-20.0,-20.0,110.0,-8.715888761901732
19,0.19,-2.1117058316047825,1.1948638032202725,10.718812202031646,-1.2460719643878642,-6.709053900917406,-0.09927828856431697,0.0,-20.0,-20.0,110.0,-8.700486502524416
20,0.2,-2.1065523933540757,1.1948496242891375,10.704012844006245,-1.2449673078683112,-6.709259718132484,-0.10873627348703985,0.0,-20.0,-20.0,110.0,-8.685085092947391
21,0.21,-2.101398954652097,1.1948354454686398,10.689213486031466,-1.2438626733221865,-6.709465021721663,-0.11819446976532548,0.0,-20.0,-20.0,110.0,-8.669684537864322
22,0.22,-2.0962455156334423,1.1948212666851084,10.674414128093108,-1.2427580183764297,-6.709669902512902,-0.12765281534315817,0.0,-20.0,-20.0,110.0,-8.654284840420168
23,0.23,-2.0910920763909973,1.1948070878851136,10.659614770181431,-1.2416532950238928,-6.709874455042106,-0.13711125089676612,0.0,-20.0,-20.0,110.0,-8.638886005391623
24,0.24,-2.0859386370309907,1.1947929090123763,10.644815412285187,-1.2405484800662414,-6.710078737681165,-0.1465697411294273,0.0,-20.0,-20.0,110.0,-8.623488041986455
25,0.25,-2.0807851975977942,1.1947787300567771,10.63001605439938,-1.239443567801891,-6.710282784095006,-0.15602826660864783,0.0,-20.0,-20.0,110.0,-8.608090956197925
26,0.26,-2.075631758117028,1.1947645510221254,10.615216696520916,-1.2383385618711453,-6.7104866135439725,-0.16548681671603732,0.0,-20.0,-20.0,110.0,-8.59269475318312
27,0.27,-2.070478318603223,1.1947503719186758,10.600417338647857,-1.2372334702440828,-6.710690236938322,-0.17494538562659429,0.0,-20.0,-20.0,110.0,-8.57729943762612
28,0.28,-2.065324879064662,1.1947361927587392,10.585617980778958,-1.2361283022019176,-6.710893660522243,-0.18440397006429085,0.0,-20.0,-20.0,110.0,-8.561905013959578
29,0.29,-2.0601714395063264,1.194722013554209,10.570818622913372,-1.2350230666182893,-6.71109688807562,-0.1938625680817745,0.0,-20.0,-20.0,110.0,-8.546511486493923
30,0.3,-2.0550179999315774,1.194707834315346,10.556019265050473,-1.2339177711204303,-6.711299922155999,-0.2033211784172713,0.0,-20.0,-20.0,110.0,-8.531118859490068
31,0.31,-2.04986456034302,1.1946936550503826,10.541219907189776,-1.2328124218300718,-6.711502764736844,-0.21277980016873593,0.0,-20.0,-20.0,110.0,-8.515727137198962
32,0.32,-2.0447111207428827,1.194679475765614,10.526420549330878,-1.231707023445063,-6.711705417492449,-0.2222384326368837,0.0,-20.0,-20.0,110.0,-8.50033632388217
33,0.33,-2.039557681133146,1.1946652964657198,10.511621191473443,-1.230601579479139,-6.711907881898206,-0.23169707525367209,0.0,-20.0,-20.0,110.0,-8.484946423821759
34,0.34,-2.0344042415155634,1.1946511171541434,10.49682183361719,-1.2294960925381708,-6.712110159250908,-0.24115572755043918,0.0,-20.0,-20.0,110.0,-8.469534982692032
35,0.35000000000000003,-2.02925080189165,1.1946369378334334,10.482022475761882,-1.2283905645667361,-6.712312250666322,-0.25061438914193757,0.0,-20.0,-20.0,110.0,-8.454041870561221
36,0.36,-2.0240973622626806,1.194622758505506,10.467223117907329,-1.2272849970400166,-6.712514157079696,-0.26007305971525047,0.0,-20.0,-20.0,110.0,-8.438548904454777
37,0.37,-2.0189439226296995,1.1946085791718344,10.452423760053374,-1.2261793911006422,-6.712715879256311,-0.2695317390195087,0.0,-20.0,-20.0,110.0,-8.423056082963276
38,0.38,-2.013790482993548,1.1945943998335742,10.437624402199894,-1.2250737476511397,-6.712917417810596,-0.2789904268556423,0.0,-20.0,-20.0,110.0,-8.40756340466062
39,0.39,-2.0086370433548923,1.1945802204916443,10.422825044346787,-1.2239680674150415,-6.713118773229377,-0.2884491230665885,0.0,-20.0,-20.0,110.0,-8.392070868103941
40,0.4,-2.0034836037142587,1.1945660411467818,10.40802568649398,-1.2228623509777952,-6.713319945895417,-0.2979078275285426,0.0,-20.0,-20.0,110.0,-8.37657847183366
41,0.41000000000000003,-1.9983301640720588,1.1945518617995798,10.39322632864141,-1.221756598815402,-6.713520936108629,-0.3073665401435929,0.0,-20.0,-20.0,110.0,-8.361086214373554
42,0.42,-1.9931767244286183,1.1945376824505145,10.378426970789025,-1.2206508113157153,-6.713721744103913,-0.3168252608338072,0.0,-20.0,-20.0,110.0,-8.34559409423087
43,0.43,-1.9880232847841928,1.1945235030999668,10.363627612936789,-1.2195449887951835,-6.713922370065422,-0.32628398953663695,0.0,-20.0,-20.0,110.0,-8.330102109896417
44,0.44,-1.9828698451389848,1.1945093237482416,10.34882825508467,-1.2184391315124692,-6.714122814137684,-0.3357427262014111,0.0,-20.0,-20.0,110.0,-8.314610259844592
45,0.45,-1.9777164054931546,1.194495144395581,10.334028897232647,-1.21733323967968,-6.714323076434179,-0.3452014707866842,0.0,-20.0,-20.0,110.0,-8.299118542533396
46,0.46,-1.9725629658468302,1.1944809650421775,10.319229539380698,-1.2162273134716182,-6.71452315704392,-0.35466022325822366,0.0,-20.0,-20.0,110.0,-8.283626956404394
47,0.47000000000000003,-1.9674095262001123,1.194466785688184,10.304430181528806,-1.2151213530333307,-6.714723056036558,-0.36411898358747075,0.0,-20.0,-20.0,110.0,-8.26813549988269
48,0.48,-1.962256086553082,1.1944526063337226,10.289630823676964,-1.214015358486215,-6.714922773466361,-0.37357775175035063,0.0,-20.0,-20.0,110.0,-8.252644171376843
49,0.49,-1.9571026469058035,1.194438426978889,10.274831465825157,-1.2129093299329075,-6.7151223093753645,-0.38303652772634306,0.0,-20.0,-20.0,110.0,-8.237152969278801
50,0.5,-1.9519492072583278,1.1944242476237596,10.260032107973382,-1.2118032674611734,-6.715321663795852,-0.3924953114977492,0.0,-20.0,-20.0,110.0,-8.221661891963823
51,0.51,-1.9467957676106953,1.1944100682683956,10.245232750121628,-1.2106971711469892,-6.715520836752348,-0.40195410304911094,0.0,-20.0,-20.0,110.0,-8.20617093779037
52,0.52,-1.9416423279629382,1.1943958889128445,10.230433392269896,-1.2095910410569795,-6.7157198282631905,-0.4114129023667506,0.0,-20.0,-20.0,110.0,-8.190680105100048
53,0.53,-1.9364888883150824,1.1943817095571454,10.215634034418176,-1.2084848772503478,-6.715918638341811,-0.42087170943840424,0.0,-20.0,-20.0,110.0,-8.17518939221747
54,0.54,-1.931335448667148,1.1943675302013281,10.20083467656647,-1.2073786797804054,-6.716117266997737,-0.43033052425292967,0.0,-20.0,-20.0,110.0,-8.159698797450181
55,0.55,-1.926182009019151,1.1943533508454176,10.186035318714772,-1.2062724486957803,-6.716315714237388,-0.4397893468000754,0.0,-20.0,-20.0,110.0,-8.144208319088563
56,0.56,-1.9210285693711047,1.1943391714894327,10.171235960863084,-1.2051661840413772,-6.716513980064723,-0.44924817707029635,0.0,-20.0,-20.0,110.0,-8.128717955405708
57,0.5700000000000001,-1.9158751297230188,1.1943249921333885,10.1564366030114,-1.204059885859145,-6.716712064481744,-0.4587070150546085,0.0,-20.0,-20.0,110.0,-8.113227704657337
58,0.58,-1.910721690074902,1.1943108127772974,10.141637245159721,-1.2029535541886816,-6.716909967488899,-0.46816586074447303,0.0,-20.0,-20.0,110.0,-8.097737565081692
59,0.59,-1.9055682504267601,1.1942966334211693,10.126837887308046,-1.2018471890677167,-6.717107689085409,-0.4776247141317044,0.0,-20.0,-20.0,110.0,-8.082247534899404
60,0.6,-1.9004148107785983,1.1942824540650117,10.112038529456372,-1.200740790532496,-6.717305229269509,-0.48708357520839723,0.0,-20.0,-20.0,110.0,-8.066757612313422
61,0.61,-1.895261371130421,1.1942682747088307,10.097239171604704,-1.1996343586180838,-6.717502588038662,-0.49654244396686836,0.0,-20.0,-20.0,110.0,-8.051267795508886
62,0.62,-1.8901079314822313,1.194254095352631,10.082439813753036,-1.1985278933586103,-6.717699765389715,-0.5060013203996114,0.0,-20.0,-20.0,110.0,-8.035778082653014
63,0.63,-1.8849544918340317,1.1942399159964165,10.067640455901369,-1.1974213947874612,-6.717896761319025,-0.5154602044992603,0.0,-20.0,-20.0,110.0,-8.020288471895006
64,0.64,-1.8798010521858242,1.1942257366401905,10.052841098049702,-1.1963148629374314,-6.718093575822564,-0.5249190962585603,0.0,-20.0,-20.0,110.0,-8.004798961365923
65,0.65,-1.8746476125376104,1.1942115572839551,10.038041740198038,-1.1952082978408438,-6.718290208895996,-0.5343779956703442,0.0,-20.0,-20.0,110.0,-7.989309549178589
66,0.66,-1.8694941728893915,1.1941973779277124,10.023242382346373,-1.1941016995296516,-6.718486660534747,-0.5438369027275152,0.0,-20.0,-20.0,110.0,-7.973820233427462
67,0.67,-1.8643407332411688,1.194183198571464,10.00844302449471,-1.1929950680355104,-6.718682930734043,-0.553295817423031,0.0,-20.0,-20.0,110.0,-7.9583310121885535
68,0.68,-1.859187293592943,1.1941690192152108,9.993643666643047,-1.1918884033898403,-6.718879019488965,-0.562754739749894,0.0,-20.0,-20.0,110.0,-7.942841883519279
69,0.6900000000000001,-1.8540338539447148,1.1941548398589543,9.978844308791384,-1.1907817056238763,-6.719074926794475,-0.5722136697011407,0.0,-20.0,-20.0,110.0,-7.927352845458383
70,0.7000000000000001,-1.8488804142964845,1.194140660502695,9.964044950939721,-1.1896749747687043,-6.719270652645437,-0.5816726072698352,0.0,-20.0,-20.0,110.0,-7.9118638960258
71,0.71,-1.8437269746482527,1.1941264811464336,9.949245593088058,-1.1885682108552948,-6.719466197036647,-0.5911315524490627,0.0,-20.0,-20.0,110.0,-7.896375033222565
72,0.72,-1.8385735350000196,1.1941123017901702,9.934446235236397,-1.1874614139145236,-6.719661559962837,-0.600590505231926,0.0,-20.0,-20.0,110.0,-7.880886255030685
73,0.73,-1.8334200953517856,1.1940981224339058,9.919646877384736,-1.1863545839771938,-6.719856741418702,-0.6100494656115408,0.0,-20.0,-20.0,110.0,-7.865397559413033
74,0.74,-1.8282666557035507,1.1940839430776402,9.904847519533075,-1.1852477210740484,-6.7200517413988985,-0.619508433581033,0.0,-20.0,-20.0,110.0,-7.849908944313238
75,0.75,-1.8231132160553152,1.194069763721374,9.890048161681413,-1.1841408252357863,-6.720246559898058,-0.628967409133537,0.0,-20.0,-20.0,110.0,-7.834420407655571
76,0.76,-1.8179597764070792,1.194055584365107,9.875248803829752,-1.1830338964930682,-6.72044119691079,-0.638426392262193,0.0,-20.0,-20.0,110.0,-7.818931947344829
77,0.77,-1.8128063367588427,1.1940414050088397,9.860449445978091,-1.1819269348765287,-6.720635652431694,-0.6478853829601464,0.0,-20.0,-20.0,110.0,-7.803443561266232
78,0.78,-1.807652897110606,1.1940272256525721,9.84565008812643,-1.180819940416777,-6.7208299264553535,-0.6573443812205458,0.0,-20.0,-20.0,110.0,-7.7879552472853
79,0.79,-1.8024994574623692,1.1940130462963043,9.830850730274769,-1.1797129131444064,-6.721024018976348,-0.666803387036543,0.0,-20.0,-20.0,110.0,-7.772467003247744
80,0.8,-1.797346017814132,1.1939988669400365,9.816051372423107,-1.178605853089996,-6.72121792998925,-0.6762624004012914,0.0,-20.0,-20.0,110.0,-7.7569788269793545
81,0.81,-1.7921925781658947,1.1939846875837687,9.801252014571446,-1.1774987602841143,-6.721411659488633,-0.6857214213079454,0.0,-20.0,-20.0,110.0,-7.741490716285893
82,0.8200000000000001,-1.7870391385176572,1.193970508227501,9.786452656719785,-1.1763916347573191,-6.721605207469064,-0.695180449749661,0.0,-20.0,-20.0,110.0,-7.726002668952968
83,0.8300000000000001,-1.7818856988694196,1.1939563288712332,9.771653298868124,-1.1752844765401658,-6.721798573925114,-0.7046394857195943,0.0,-20.0,-20.0,110.0,-7.710514682745925
84,0.84,-1.776732259221182,1.1939421495149654,9.756853941016463,-1.1741772856632005,-6.721991758851355,-0.7140985292109027,0.0,-20.0,-20.0,110.0,-7.695026755409751
85,0.85,-1.7715788195729443,1.1939279701586976,9.742054583164801,-1.1730700621569696,-6.722184762242359,-0.7235575802167423,0.0,-20.0,-20.0,110.0,-7.679538884668932
86,0.86,-1.7664253799247065,1.19391379080243,9.72725522531314,-1.1719628060520153,-6.722377584092702,-0.7330166387302701,0.0,-20.0,-20.0,110.0,-7.6640510682273595
87,0.87,-1.7612719402764687,1.1938996114461626,9.712455867461479,-1.1708555173788782,-6.722570224396962,-0.7424757047446424,0.0,-20.0,-20.0,110.0,-7.648563303768214
88,0.88,-1.756118500628231,1.1938854320898953,9.697656509609818,-1.1697481961680964,-6.72276268314972,-0.7519347782530145,0.0,-20.0,-20.0,110.0,-7.633075588953857
89,0.89,-1.7509650609799932,1.1938712527336282,9.682857151758157,-1.1686408424502086,-6.722954960345563,-0.7613938592485421,0.0,-20.0,-20.0,110.0,-7.617587921425703
90,0.9,-1.7458116213317554,1.1938570733773612,9.668057793906495,-1.1675334562557529,-6.723147055979082,-0.7708529477243798,0.0,-20.0,-20.0,110.0,-7.602100298804119
91,0.91,-1.7406581816835176,1.1938428940210943,9.653258436054834,-1.1664260376152664,-6.72333897004487,-0.7803120436736828,0.0,-20.0,-20.0,110.0,-7.58661271868831
92,0.92,-1.7355047420352796,1.1938287146648277,9.638459078203173,-1.1653185865592866,-6.723530702537526,-0.7897711470896038,0.0,-20.0,-20.0,110.0,-7.571125178656209
93,0.93,-1.7303513023870416,1.1938145353085612,9.623659720351512,-1.1642111031183524,-6.723722253451652,-0.7992302579652961,0.0,-20.0,-20.0,110.0,-7.555637676264349
94,0.9400000000000001,-1.7251978627388036,1.193800355952295,9.60886036249985,-1.1631035873230027,-6.723913622781858,-0.8086893762939117,0.0,-20.0,-20.0,110.0,-7.5401502090477805
95,0.9500000000000001,-1.7200444230905656,1.1937861765960287,9.59406100464819,-1.1619960392037765,-6.724104810522755,-0.8181485020686019,0.0,-20.0,-20.0,110.0,-7.52466277451992
96,0.96,-1.7148909834423276,1.1937719972397627,9.579261646796528,-1.1608884587912125,-6.7242958166689615,-0.8276076352825177,0.0,-20.0,-20.0,110.0,-7.509175370172476
97,0.97,-1.7097375437940896,1.1937578178834969,9.564462288944867,-1.159780846115852,-6.7244866412151,-0.8370667759288083,0.0,-20.0,-20.0,110.0,-7.493687993475309
98,0.98,-1.7045841041458516,1.1937436385272313,9.549662931093206,-1.1586732012082366,-6.724677284155795,-0.8465259240006237,0.0,-20.0,-20.0,110.0,-7.478200641876336
99,0.99,-1.6994306644976136,1.193729459170966,9.534863573241545,-1.1575655240989104,-6.724867745485683,-0.8559850794911118,0.0,-20.0,-20.0,110.0,-7.462713312801406
100,1.0,-1.6942772248493756,1.1937152798147008,9.520064215389883,-1.1564578148184155,-6.725058025199397,-0.8654442423934202,0.0,-20.0,-20.0,110.0,-7.447226003654212
101,1.01,-1.6891237852011376,1.1937011004584357,9.505264857538222,-1.155350073397296,-6.725248123291583,-0.8749034127006953,0.0,-20.0,-20.0,110.0,-7.431738711816143
102,1.02,-1.6839703455528996,1.1936869211021708,9.490465499686561,-1.1542422998660975,-6.725438039756886,-0.8843625904060833,0.0,-20.0,-20.0,110.0,-7.416251434646209
103,1.03,-1.6788169059046616,1.193672741745906,9.4756661418349,-1.1531344942553667,-6.725627774589959,-0.8938217755027291,0.0,-20.0,-20.0,110.0,-7.400764169480913
104,1.04,-1.6736634662564236,1.1936585623896416,9.460866783983239,-1.1520266565956512,-6.7258173277854585,-0.9032809679837771,0.0,-20.0,-20.0,110.0,-7.385276913634141
105,1.05,-1.6685100266081856,1.1936443830333774,9.446067426131577,-1.1509187869174988,-6.726006699338048,-0.9127401678423709,0.0,-20.0,-20.0,110.0,-7.369789664397054
106,1.06,-1.6633565869599476,1.1936302036771134,9.431268068279916,-1.1498108852514592,-6.726195889242391,-0.9221993750716523,0.0,-20.0,-20.0,110.0,-7.3543024190379755
107,1.07,-1.6582031473117096,1.1936160243208496,9.416468710428255,-1.1487029516280831,-6.726384897493166,-0.9316585896647636,0.0,-20.0,-20.0,110.0,-7.338815174802295
108,1.08,-1.6530497076634716,1.1936018449645858,9.401669352576594,-1.1475949860779213,-6.7265737240850445,-0.9411178116148455,0.0,-20.0,-20.0,110.0,-7.32332792891234
109,1.09,-1.6478962680152336,1.1935876656083222,9.386869994724933,-1.1464869886315274,-6.726762369012714,-0.9505770409150388,0.0,-20.0,-20.0,110.0,-7.307840678567284
110,1.1,-1.6427428283669956,1.1935734862520588,9.372070636873271,-1.1453789593194545,-6.726950832270858,-0.9600362775584818,0.0,-20.0,-20.0,110.0,-7.292353420943025
111,1.11,-1.6375893887187576,1.1935593068957957,9.35727127902161,-1.1442708981722574,-6.727139113854171,-0.9694955215383134,0.0,-20.0,-20.0,110.0,-7.276866153192095
112,1.12,-1.6324359490705196,1.1935451275395328,9.342471921169949,-1.1431628052204923,-6.727327213757351,-0.9789547728476715,0.0,-20.0,-20.0,110.0,-7.261378872443526
113,1.1300000000000001,-1.6272825094222816,1.19353094818327,9.327672563318288,-1.1420546804947163,-6.7275151319751005,-0.9884140314796933,0.0,-20.0,-20.0,110.0,-7.245891575802775
114,1.1400000000000001,-1.6221290697740436,1.1935167688270074,9.312873205466627,-1.140946524025486,-6.727702868502126,-0.9978732974275136,0.0,-20.0,-20.0,110.0,-7.2304042603515954
115,1.1500000000000001,-1.6169756301258056,1.193502589470745,9.298073847614965,-1.1398383358433615,-6.7278904233331405,-1.0073325706842684,0.0,-20.0,-20.0,110.0,-7.214916923147942
116,1.16,-1.6118221904775676,1.1934884101144827,9.283274489763304,-1.138730115978902,-6.728077796462864,-1.0167918512430925,0.0,-20.0,-20.0,110.0,-7.199429561225859
117,1.17,-1.6066687508293296,1.1934742307582207,9.268475131911643,-1.1376218644626692,-6.728264987886018,-1.0262511390971185,0.0,-20.0,-20.0,110.0,-7.183942171595382
118,1.18,-1.6015153111810916,1.1934600514019589,9.253675774059982,-1.1365135813252254,-6.728451997597331,-1.0357104342394794,0.0,-20.0,-20.0,110.0,-7.168454751242428
119,1.19,-1.5963618715328536,1.1934458720456973,9.23887641620832,-1.1354052665971333,-6.728638825591533,-1.0451697366633075,0.0,-20.0,-20.0,110.0,-7.152967297128704
120,1.2,-1.5912084318846156,1.193431692689436,9.22407705835666,-1.1342969203089577,-6.728825471863368,-1.054629046361734,0.0,-20.0,-20.0,110.0,-7.137479806191586
121,1.21,-1.5860549922363776,1.1934175133331746,9.209277700504998,-1.133188542491264,-6.729011936407576,-1.0640883633278888,0.0,-20.0,-20.0,110.0,-7.121992275344033
122,1.22,-1.5809015525881396,1.1934033339769134,9.194478342653337,-1.1320801331746186,-6.729198219218906,-1.073547687554902,0.0,-20.0,-20.0,110.0,-7.106504701474479
123,1.23,-1.5757481129399016,1.1933891546206525,9.179678984801676,-1.1309716923895858,-6.7293843202920955,-1.0830070190358994,0.0,-20.0,-20.0,110.0,-7.091017081446743
124,1.24,-1.5705946732916636,1.1933749752643918,9.164879626950015,-1.1298632201667393,-6.729570239621933,-1.092466357764013,0.0,-20.0,-20.0,110.0,-7.075529412099901
125,1.25,-1.5654412336434256,1.1933607959081314,9.150080269098353,-1.1287547165366463,-6.729755977203168,-1.101925703732368,0.0,-20.0,-20.0,110.0,-7.06004169024823
126,1.26,-1.5602877939951876,1.1933466165518711,9.135280911246692,-1.1276461815298775,-6.72994153303057,-1.1113850569340913,0.0,-20.0,-20.0,110.0,-7.044553912681071
127,1.27,-1.5551343543469496,1.193332437195611,9.120481553395031,-1.1265376151770043,-6.730126907098912,-1.1208444173623069,0.0,-20.0,-20.0,110.0,-7.029066076162758
128,1.28,-1.5499809146987116,1.193318257839351,9.10568219554337,-1.1254290175086,-6.730312099402971,-1.1303037850101405,0.0,-20.0,-20.0,110.0,-7.013578177432505
129,1.29,-1.5448274750504736,1.1933040784830913,9.090882837691709,-1.1243203885552393,-6.730497109937533,-1.1397631598707159,0.0,-20.0,-20.0,110.0,-6.9980902132043274
130,1.3,-1.5396740354022356,1.1932898991268317,9.076083479840047,-1.1232117283474963,-6.730681938697384,-1.1492225419371558,0.0,-20.0,-20.0,110.0,-6.982602180166933
131,1.31,-1.5345205957539976,1.1932757197705723,9.061284121988386,-1.122103036915946,-6.730866585677323,-1.158681931202582,0.0,-20.0,-20.0,110.0,-6.967114074983635
132,1.32,-1.5293671561057596,1.1932615404143132,9.046484764136725,-1.1209943142911654,-6.731051050872146,-1.1681413276601158,0.0,-20.0,-20.0,110.0,-6.951625894292265
133,1.33,-1.5242137164575216,1.1932473610580543,9.031685406285064,-1.1198855605037341,-6.731235334276657,-1.1776007313028791,0.0,-20.0,-20.0,110.0,-6.936137634705068
134,1.34,-1.5190602768092836,1.1932331817017954,9.016886048433403,-1.11877677558423,-6.731419435885666,-1.1870601421239895,0.0,-20.0,-20.0,110.0,-6.920649292808631
135,1.35,-1.5139068371610456,1.1932190023455367,9.002086690581741,-1.1176679595632333,-6.731603355693987,-1.1965195601165675,0.0,-20.0,-20.0,110.0,-6.905160865163781
136,1.36,-1.5087533975128076,1.1932048229892782,8.98728733273008,-1.1165591124713248,-6.731787093696439,-1.2059789852737308,0.0,-20.0,-20.0,110.0,-6.889672348305505
137,1.37,-1.5035999578645696,1.19319064363302,8.972487974878419,-1.1154502343390873,-6.731970649887847,-1.2154384175885968,0.0,-20.0,-20.0,110.0,-6.874183738742852
138,1.3800000000000001,-1.4984465182163316,1.193176464276762,8.957688617026758,-1.1143413251971042,-6.732154024263043,-1.2248978570542821,0.0,-20.0,-20.0,110.0,-6.8586950329588685
139,1.3900000000000001,-1.4932930785680936,1.1931622849205041,8.942889259175097,-1.1132323850759582,-6.732337216816858,-1.234357303663902,0.0,-20.0,-20.0,110.0,-6.843206227410494
140,1.4000000000000001,-1.4881396389198556,1.1931481055642466,8.928089901323435,-1.1121234140062364,-6.732520227544134,-1.2438167574105723,0.0,-20.0,-20.0,110.0,-6.8277173185284905
141,1.41,-1.4829861992716176,1.193133926207989,8.913290543471774,-1.1110144120185255,-6.732703056439713,-1.2532762182874064,0.0,-20.0,-20.0,110.0,-6.81222830271736
142,1.42,-1.4778327596233796,1.1931197468517316,8.898491185620111,-1.1099053791434121,-6.7328857034984475,-1.2627356862875179,0.0,-20.0,-20.0,110.0,-6.796739176355259
143,1.43,-1.4726793199751416,1.1931055674954745,8.883691827768448,-1.1087963154114848,-6.733068168715191,-1.2721951614040192,0.0,-20.0,-20.0,110.0,-6.781249935793937
144,1.44,-1.4675258803269036,1.1930913881392176,8.868892469916785,-1.1076872208533326,-6.733250452084805,-1.281654643630022,0.0,-20.0,-20.0,110.0,-6.765760577358638
145,1.45,-1.4623724406786656,1.1930772087829609,8.854093112065122,-1.1065780954995459,-6.733432553602154,-1.2911141329586373,0.0,-20.0,-20.0,110.0,-6.750271097348039
146,1.46,-1.4572190010304276,1.1930630294267044,8.83929375421346,-1.1054689393807176,-6.733614473262106,-1.3005736293829757,0.0,-20.0,-20.0,110.0,-6.734781492034176
147,1.47,-1.4520655613821896,1.1930488500704481,8.824494396361796,-1.1043597525274396,-6.73379621105954,-1.3100331328961459,0.0,-20.0,-20.0,110.0,-6.719291757662373
148,1.48,-1.4469121217339516,1.193034670714192,8.809695038510133,-1.1032505349703043,-6.733977766989334,-1.3194926434912566,0.0,-20.0,-20.0,110.0,-6.703801890451159
149,1.49,-1.4417586820857136,1.1930204913579359,8.79489568065847,-1.1021412867399076,-6.734159141046374,-1.3289521611614157,0.0,-20.0,-20.0,110.0,-6.688311886592228
150,1.5,-1.4366052424374756,1.19300631200168,8.780096322806807,-1.1010320078668452,-6.734340333225548,-1.3384116858997293,0.0,-20.0,-20.0,110.0,-6.672821742250335
151,1.51,-1.4314518027892376,1.1929921326454245,8.765296964955144,-1.0999226983817145,-6.734521343521756,-1.3478712176993046,0.0,-20.0,-20.0,110.0,-6.6573314535632715
152,1.52,-1.4262983631409996,1.1929779532891691,8.750497607103481,-1.0988133583151114,-6.7347021719298965,-1.3573307565532466,0.0,-20.0,-20.0,110.0,-6.641841016641772
153,1.53,-1.4211449234927616,1.192963773932914,8.735698249251818,-1.0977039876976362,-6.734882818444876,-1.3667903024546602,0.0,-20.0,-20.0,110.0,-6.626350427569464
154,1.54,-1.4159914838445236,1.1929495945766588,8.720898891400156,-1.096594586559888,-6.735063283061604,-1.3762498553966487,0.0,-20.0,-20.0,110.0,-6.610859682402819
155,1.55,-1.4108380441962856,1.192935415220404,8.706099533548493,-1.095485154932468,-6.735243565774997,-1.385709415372315,0.0,-20.0,-20.0,110.0,-6.595368777171077
156,1.56,-1.4056846045480476,1.1929212358641492,8.69130017569683,-1.0943756928459782,-6.735423666579978,-1.3951689823747622,0.0,-20.0,-20.0,110.0,-6.579877707876218
157,1.57,-1.4005311648998096,1.1929070565078947,8.676500817845167,-1.093266200331021,-6.73560358547147,-1.4046285563970906,0.0,-20.0,-20.0,110.0,-6.5643864704928765
158,1.58,-1.3953777252515716,1.1928928771516405,8.661701459993504,-1.092156677418201,-6.735783322444405,-1.4140881374324017,0.0,-20.0,-20.0,110.0,-6.548895060968322
159,1.59,-1.3902242856033336,1.1928786977953865,8.64690210214184,-1.091047124138122,-6.735962877493719,-1.4235477254737943,0.0,-20.0,-20.0,110.0,-6.533403475222396
160,1.6,-1.3850708459550956,1.1928645184391327,8.632102744290178,-1.0899375405213907,-6.736142250614355,-1.4330073205143683,0.0,-20.0,-20.0,110.0,-6.517911709147469
161,1.61,-1.3799174063068576,1.1928503390828789,8.617303386438515,-1.0888279265986143,-6.736321441801257,-1.442466922547222,0.0,-20.0,-20.0,110.0,-6.502419758608398
162,1.62,-1.3747639666586196,1.1928361597266253,8.602504028586852,-1.0877182824003986,-6.736500451049362,-1.451926531565449,0.0,-20.0,-20.0,110.0,-6.486927619442493
163,1.6300000000000001,-1.3696105270103816,1.192821980370372,8.587704670735189,-1.0866086079573571,-6.736679278353658,-1.4613861475621528,0.0,-20.0,-20.0,110.0,-6.471435287459461
164,1.6400000000000001,-1.3644570873621436,1.1928078010141188,8.572905312883526,-1.0854989033000977,-6.736857923709091,-1.470845770530426,0.0,-20.0,-20.0,110.0,-6.455942758441395
165,1.6500000000000001,-1.3593036477139055,1.1927936216578658,8.558105955031863,-1.0843891684592313,-6.737036387110628,-1.4803054004633636,0.0,-20.0,-20.0,110.0,-6.440450028142723
166,1.6600000000000001,-1.3541502080656675,1.1927794423016131,8.5433065971802,-1.0832794034653699,-6.737214668553238,-1.4897650373540603,0.0,-20.0,-20.0,110.0,-6.424957092290185
167,1.67,-1.3489967684174295,1.1927652629453607,8.528507239328537,-1.0821696083491268,-6.737392768031903,-1.4992246811956094,0.0,-20.0,-20.0,110.0,-6.40946394658281
168,1.68,-1.3438433287691915,1.1927510835891082,8.513707881476874,-1.081059783141116,-6.737570685541599,-1.508684331981104,0.0,-20.0,-20.0,110.0,-6.393970586691883
169,1.69,-1.3386898891209535,1.192736904232856,8.49890852362521,-1.0799499278719524,-6.7377484210773195,-1.5181439897036357,0.0,-20.0,-20.0,110.0,-6.37847700826093
170,1.7,-1.3335364494727155,1.192722724876604,8.484109165773548,-1.0788400425722513,-6.7379259746340505,-1.5276036543562967,0.0,-20.0,-20.0,110.0,-6.3629832069056995
171,1.71,-1.3283830098244775,1.192708545520352,8.469309807921885,-1.077730127272632,-6.7381033462067945,-1.5370633259321762,0.0,-20.0,-20.0,110.0,-6.347489178214145
172,1.72,-1.3232295701762395,1.1926943661641005,8.454510450070222,-1.076620182003712,-6.73828053579055,-1.546523004424364,0.0,-20.0,-20.0,110.0,-6.33199491774642
173,1.73,-1.3180761305280015,1.1926801868078492,8.439711092218559,-1.0755102067961086,-6.738457543380327,-1.555982689825949,0.0,-20.0,-20.0,110.0,-6.316500421034858
174,1.74,-1.3129226908797635,1.1926660074515978,8.424911734366896,-1.074400201680443,-6.738634368971134,-1.5654423821300196,0.0,-20.0,-20.0,110.0,-6.301005683583973
175,1.75,-1.3077692512315255,1.1926518280953466,8.410112376515233,-1.073290166687337,-6.738811012557991,-1.5749020813296633,0.0,-20.0,-20.0,110.0,-6.285510700870469
176,1.76,-1.3026158115832875,1.1926376487390957,8.39531301866357,-1.0721801018474129,-6.7389874741359215,-1.5843617874179665,0.0,-20.0,-20.0,110.0,-6.270015468343217
177,1.77,-1.2974623719350495,1.192623469382845,8.380513660811907,-1.0710700071912935,-6.739163753699953,-1.593821500388015,0.0,-20.0,-20.0,110.0,-6.254519981423284
178,1.78,-1.2923089322868115,1.1926092900265945,8.365714302960244,-1.0699598827496033,-6.739339851245117,-1.6032812202328937,0.0,-20.0,-20.0,110.0,-6.239024235503928
179,1.79,-1.2871554926385735,1.1925951106703443,8.350914945108581,-1.068849728552967,-6.739515766766453,-1.6127409469456864,0.0,-20.0,-20.0,110.0,-6.223528225950619
180,1.8,-1.2820020529903355,1.1925809313140943,8.336115587256918,-1.0677395446320113,-6.739691500259002,-1.6222006805194769,0.0,-20.0,-20.0,110.0,-6.208031948101047
181,1.81,-1.2768486133420975,1.1925667519578442,8.321316229405255,-1.0666293310173631,-6.739867051717812,-1.6316604209473484,0.0,-20.0,-20.0,110.0,-6.19253539726515
182,1.82,-1.2716951736938595,1.1925525726015944,8.306516871553592,-1.0655190877396508,-6.7400424211379395,-1.6411201682223824,0.0,-20.0,-20.0,110.0,-6.177038568725134
183,1.83,-1.2665417340456215,1.1925383932453448,8.29171751370193,-1.064408814829504,-6.740217608514438,-1.6505799223376603,0.0,-20.0,-20.0,110.0,-6.161541457735505
184,1.84,-1.2613882943973835,1.1925242138890955,8.276918155850266,-1.0632985123175527,-6.740392613842376,-1.6600396832862623,0.0,-20.0,-20.0,110.0,-6.146044059523097
185,1.85,-1.2562348547491455,1.1925100345328463,8.262118797998603,-1.062188180234427,-6.740567437116816,-1.6694994510612677,0.0,-20.0,-20.0,110.0,-6.130546369287114
186,1.86,-1.2510814151009075,1.1924958551765974,8.24731944014694,-1.06107781861076,-6.740742078332835,-1.6789592256557557,0.0,-20.0,-20.0,110.0,-6.115048382199168
187,1.87,-1.2459279754526695,1.1924816758203487,8.232520082295277,-1.0599674274771844,-6.740916537485512,-1.6884190070628038,0.0,-20.0,-20.0,110.0,-6.099550093403327
188,1.8800000000000001,-1.2407745358044315,1.1924674964641,8.217720724443614,-1.0588570068643355,-6.741090814569929,-1.6978787952754906,0.0,-20.0,-20.0,110.0,-6.084051498016162
189,1.8900000000000001,-1.2356210961561935,1.1924533171078515,8.202921366591951,-1.0577465568028477,-6.741264909581175,-1.707338590286892,0.0,-20.0,-20.0,110.0,-6.068552591126813
190,1.9000000000000001,-1.2304676565079555,1.1924391377516033,8.188122008740288,-1.0566360773233572,-6.741438822514346,-1.7167983920900836,0.0,-20.0,-20.0,110.0,-6.053053367797031
191,1.9100000000000001,-1.2253142168597175,1.1924249583953552,8.173322650888625,-1.0555255684565017,-6.741612553364538,-1.72625820067814,0.0,-20.0,-20.0,110.0,-6.03755382306126
192,1.92,-1.2201607772114795,1.1924107790391074,8.158523293036962,-1.0544150302329183,-6.741786102126856,-1.7357180160441368,0.0,-20.0,-20.0,110.0,-6.022053951926695
193,1.93,-1.2150073375632415,1.1923965996828598,8.1437239351853,-1.0533044626832468,-6.741959468796408,-1.7451778381811471,0.0,-20.0,-20.0,110.0,-6.006553749373369
194,1.94,-1.2098538979150035,1.1923824203266122,8.128924577333636,-1.0521938658381274,-6.742132653368311,-1.7546376670822428,0.0,-20.0,-20.0,110.0,-5.991053210354218
195,1.95,-1.2047004582667655,1.1923682409703649,8.114125219481974,-1.0510832397282017,-6.742305655837683,-1.7640975027404968,0.0,-20.0,-20.0,110.0,-5.975552329795181
196,1.96,-1.1995470186185275,1.1923540616141177,8.09932586163031,-1.049972584384111,-6.742478476199647,-1.77355734514898,0.0,-20.0,-20.0,110.0,-5.9600511025952825
197,1.97,-1.1943935789702895,1.1923398822578708,8.084526503778648,-1.048861899836499,-6.742651114449334,-1.7830171943007629,0.0,-20.0,-20.0,110.0,-5.944549523626731
198,1.98,-1.1892401393220515,1.192325702901624,8.069727145926985,-1.0477511861160087,-6.742823570581876,-1.7924770501889151,0.0,-20.0,-20.0,110.0,-5.929047587735027
199,1.99,-1.1840866996738135,1.1923115235453776,8.054927788075322,-1.0466404432532859,-6.742995844592417,-1.801936912806506,0.0,-20.0,-20.0,110.0,-5.913545289739063
200,2.0,-1.1789332600255755,1.1922973441891314,8.040128430223659,-1.0455296712789766,-6.743167936476096,-1.8113967821466028,0.0,-20.0,-20.0,110.0,-5.898042624431245
201,2.0100000000000002,-1.1737798203773375,1.192283164832885,8.025329072371996,-1.0444188702237274,-6.74333984622807,-1.8208566582022738,0.0,-20.0,-20.0,110.0,-5.882539586577602
202,2.02,-1.1686263807290995,1.192268985476639,8.010529714520333,-1.0433080401181867,-6.7435115738434845,-1.830316540966586,0.0,-20.0,-20.0,110.0,-5.867036170917931
203,2.0300000000000002,-1.1634729410808615,1.1922548061203933,7.99573035666867,-1.0421971809930035,-6.743683119317508,-1.8397764304326045,0.0,-20.0,-20.0,110.0,-5.851532372165913
204,2.04,-1.1583195014326235,1.1922406267641477,7.980930998817007,-1.0410862928788283,-6.743854482645301,-1.8492363265933958,0.0,-20.0,-20.0,110.0,-5.8360281850092575
205,2.05,-1.1531660617843855,1.1922264474079023,7.966131640965344,-1.0399753758063117,-6.744025663822036,-1.8586962294420226,0.0,-20.0,-20.0,110.0,-5.820523604109853
206,2.06,-1.1480126221361475,1.1922122680516571,7.951332283113681,-1.038864429806105,-6.744196662842886,-1.8681561389715498,0.0,-20.0,-20.0,110.0,-5.805018624103916
207,2.07,-1.1428591824879095,1.1921980886954122,7.936532925262018,-1.0377534549088618,-6.744367479703032,-1.877616055175041,0.0,-20.0,-20.0,110.0,-5.78951323960215
208,2.08,-1.1377057428396715,1.1921839093391673,7.921733567410355,-1.0366424511452357,-6.7445381143976615,-1.8870759780455562,0.0,-20.0,-20.0,110.0,-5.774007445189917
209,2.09,-1.1325523031914335,1.1921697299829226,7.906934209558692,-1.0355314185458802,-6.744708566921948,-1.8965359075761548,0.0,-20.0,-20.0,110.0,-5.75850123542741
210,2.1,-1.1273988635431955,1.192155550626678,7.892134851707029,-1.0344203571414534,-6.744878837271115,-1.9059958437599043,0.0,-20.0,-20.0,110.0,-5.742994604849824
211,2.11,-1.1222454238949575,1.1921413712704338,7.877335493855366,-1.0333092669626114,-6.745048925440351,-1.9154557865898612,0.0,-20.0,-20.0,110.0,-5.727487547967566
212,2.12,-1.1170919842467195,1.1921271919141898,7.862536136003703,-1.0321981480400115,-6.745218831424862,-1.924915736059084,0.0,-20.0,-20.0,110.0,-5.711980059266434
213,2.13,-1.1119385445984815,1.192113012557946,7.84773677815204,-1.0310870004043127,-6.745388555219859,-1.9343756921606319,0.0,-20.0,-20.0,110.0,-5.696472133207829
214,2.14,-1.1067851049502435,1.1920988332017022,7.832937420300377,-1.0299758240861747,-6.745558096820555,-1.9438356548875628,0.0,-20.0,-20.0,110.0,-5.6809637642289665
215,2.15,-1.1016316653020055,1.1920846538454586,7.818138062448714,-1.0288646191162578,-6.745727456222173,-1.9532956242329318,0.0,-20.0,-20.0,110.0,-5.665454946743097
216,2.16,-1.0964782256537675,1.1920704744892152,7.803338704597051,-1.0277533855252239,-6.7458966334199415,-1.9627556001897979,0.0,-20.0,-20.0,110.0,-5.649945675139736
217,2.17,-1.0913247860055295,1.192056295132972,7.788539346745388,-1.0266421233437346,-6.746065628409086,-1.972215582751215,0.0,-20.0,-20.0,110.0,-5.6344359437849025
218,2.18,-1.0861713463572915,1.1920421157767291,7.773739988893725,-1.025530832602454,-6.746234441184847,-1.981675571910237,0.0,-20.0,-20.0,110.0,-5.61892574702136
219,2.19,-1.0810179067090535,1.1920279364204864,7.758940631042062,-1.0244195133320466,-6.746403071742466,-1.9911355676599205,0.0,-20.0,-20.0,110.0,-5.603415079168878
220,2.2,-1.0758644670608155,1.192013757064244,7.744141273190399,-1.023308165563179,-6.746571520077189,-2.0005955699933162,0.0,-20.0,-20.0,110.0,-5.587903934524496
221,2.21,-1.0707110274125775,1.1919995777080015,7.729341915338736,-1.0221967893265171,-6.746739786184265,-2.010055578903479,0.0,-20.0,-20.0,110.0,-5.572392307362791
222,2.22,-1.0655575877643395,1.1919853983517592,7.714542557487073,-1.021085384652728,-6.746907870058955,-2.0195155943834577,0.0,-20.0,-20.0,110.0,-5.55688019193617
223,2.23,-1.0604041481161015,1.1919712189955172,7.69974319963541,-1.0199739515724804,-6.747075771696517,-2.028975616426307,0.0,-20.0,-20.0,110.0,-5.541367582475155
224,2.24,-1.0552507084678635,1.1919570396392754,7.684943841783747,-1.018862490116443,-6.747243491092219,-2.0384356450250736,0.0,-20.0,-20.0,110.0,-5.525854473188686
225,2.25,-1.0500972688196255,1.1919428602830338,7.670144483932084,-1.017751000315286,-6.747411028241333,-2.047895680172809,0.0,-20.0,-20.0,110.0,-5.510340858264442
226,2.2600000000000002,-1.0449438291713875,1.1919286809267924,7.655345126080421,-1.0166394821996814,-6.747578383139139,-2.057355721862562,0.0,-20.0,-20.0,110.0,-5.494826731869149
227,2.27,-1.0397903895231495,1.1919145015705512,7.640545768228758,-1.0155279358003002,-6.747745555780915,-2.06681577008738,0.0,-20.0,-20.0,110.0,-5.479312088148932
228,2.2800000000000002,-1.0346369498749115,1.19190032221431,7.625746410377095,-1.0144163611478163,-6.74791254616195,-2.0762758248403106,0.0,-20.0,-20.0,110.0,-5.463796921229634
229,2.29,-1.0294835102266735,1.1918861428580692,7.610947052525432,-1.0133047582729031,-6.748079354277537,-2.0857358861144006,0.0,-20.0,-20.0,110.0,-5.448281225217202
230,2.3000000000000003,-1.0243300705784355,1.1918719635018284,7.596147694673769,-1.0121931272062366,-6.748245980122971,-2.0951959539026968,0.0,-20.0,-20.0,110.0,-5.432764994198027
231,2.31,-1.0191766309301975,1.191857784145588,7.581348336822106,-1.0110814679784925,-6.748412423693557,-2.1046560281982427,0.0,-20.0,-20.0,110.0,-5.417248222239333
232,2.32,-1.0140231912819595,1.1918436047893477,7.566548978970443,-1.0099697806203487,-6.748578684984598,-2.114116108994083,0.0,-20.0,-20.0,110.0,-5.401730903389563
233,2.33,-1.0088697516337215,1.1918294254331077,7.5517496211187805,-1.0088580651624812,-6.748744763991412,-2.1235761962832624,0.0,-20.0,-20.0,110.0,-5.38621303167878
234,2.34,-1.0037163119854835,1.1918152460768676,7.5369502632671175,-1.00774632163557,-6.748910660709316,-2.133036290058824,0.0,-20.0,-20.0,110.0,-5.37069460111908
235,2.35,-0.9985628723372454,1.191801066720628,7.5221509054154545,-1.0066345500702945,-6.7490763751336305,-2.1424963903138083,0.0,-20.0,-20.0,110.0,-5.355175605705021
236,2.36,-0.9934094326890073,1.1917868873643884,7.5073515475637915,-1.0055227504973352,-6.7492419072596865,-2.151956497041258,0.0,-20.0,-20.0,110.0,-5.339656039414047
237,2.37,-0.9882559930407692,1.191772708008149,7.4925521897121286,-1.0044109229473737,-6.749407257082814,-2.1614166102342147,0.0,-20.0,-20.0,110.0,-5.324135896206954
238,2.38,-0.983102553392531,1.19175852865191,7.477752831860466,-1.0032990674510935,-6.749572424598353,-2.1708767298857174,0.0,-20.0,-20.0,110.0,-5.308615170028347
239,2.39,-0.9779491137442929,1.191744349295671,7.462953474008803,-1.0021871840391783,-6.749737409801646,-2.1803368559888052,0.0,-20.0,-20.0,110.0,-5.29309385480711
240,2.4,-0.9727956740960548,1.1917301699394323,7.44815411615714,-1.0010752727423113,-6.749902212688042,-2.1897969885365174,0.0,-20.0,-20.0,110.0,-5.277571944456907
241,2.41,-0.9676422344478167,1.1917159905831936,7.433354758305477,-0.999963333591178,-6.7500668332528955,-2.1992571275218915,0.0,-20.0,-20.0,110.0,-5.262049432876682
242,2.42,-0.9624887947995786,1.191701811226955,7.418555400453814,-0.998851366616465,-6.750231271491563,-2.2087172729379643,0.0,-20.0,-20.0,110.0,-5.246526313951172
243,2.43,-0.9573353551513405,1.1916876318707168,7.403756042602151,-0.997739371848859,-6.750395527399408,-2.2181774247777724,0.0,-20.0,-20.0,110.0,-5.231002581551443
244,2.44,-0.9521819155031024,1.1916734525144788,7.388956684750488,-0.9966273493190491,-6.7505596009718,-2.2276375830343524,0.0,-20.0,-20.0,110.0,-5.215478229535438
245,2.45,-0.9470284758548643,1.191659273158241,7.374157326898825,-0.9955152990577251,-6.750723492204114,-2.237097747700738,0.0,-20.0,-20.0,110.0,-5.199953251748539
246,2.46,-0.9418750362066262,1.1916450938020033,7.359357969047162,-0.9944032210955768,-6.750887201091727,-2.2465579187699642,0.0,-20.0,-20.0,110.0,-5.184427642024142
247,2.47,-0.936721596558388,1.191630914445766,7.344558611195499,-0.9932911154632952,-6.751050727630023,-2.256018096235065,0.0,-20.0,-20.0,110.0,-5.16890139418425
248,2.48,-0.9315681569101499,1.1916167350895286,7.329759253343836,-0.9921789821915713,-6.751214071814393,-2.2654782800890723,0.0,-20.0,-20.0,110.0,-5.1533745020400845
249,2.49,-0.9264147172619118,1.1916025557332914,7.314959895492173,-0.9910668213110984,-6.75137723364023,-2.2749384703250186,0.0,-20.0,-20.0,110.0,-5.137846959392706
250,2.5,-0.9212612776136737,1.1915883763770545,7.30016053764051,-0.9899546328525703,-6.751540213102933,-2.284398666935936,0.0,-20.0,-20.0,110.0,-5.122318760033656
251,2.5100000000000002,-0.9161078379654356,1.1915741970208178,7.285361179788847,-0.9888424168466828,-6.751703010197909,-2.293858869914855,0.0,-20.0,-20.0,110.0,-5.106789897745624
252,2.52,-0.9109543983171975,1.1915600176645813,7.270561821937184,-0.9877301733241307,-6.751865624920564,-2.303319079254805,0.0,-20.0,-20.0,110.0,-5.091260366303101
253,2.5300000000000002,-0.9058009586689594,1.191545838308345,7.255762464085521,-0.9866179023156118,-6.752028057266315,-2.312779294948815,0.0,-20.0,-20.0,110.0,-5.075730159473098
254,2.54,-0.9006475190207213,1.191531658952109,7.240963106233858,-0.9855056038518218,-6.752190307230579,-2.3222395169899137,0.0,-20.0,-20.0,110.0,-5.0601992710158425
255,2.5500000000000003,-0.8954940793724832,1.191517479595873,7.226163748382195,-0.9843932779634602,-6.752352374808784,-2.331699745371129,0.0,-20.0,-20.0,110.0,-5.044667694685502
256,2.56,-0.890340639724245,1.1915033002396371,7.211364390530532,-0.9832809246812266,-6.7525142599963575,-2.341159980085489,0.0,-20.0,-20.0,110.0,-5.029135424230949
257,2.57,-0.8851872000760069,1.1914891208834015,7.196565032678869,-0.9821685440358215,-6.752675962788735,-2.350620221126019,0.0,-20.0,-20.0,110.0,-5.013602453396507
258,2.58,-0.8800337604277688,1.1914749415271662,7.181765674827206,-0.9810561360579453,-6.7528374831813585,-2.3600804684857453,0.0,-20.0,-20.0,110.0,-4.998068775922747
259,2.59,-0.8748803207795307,1.191460762170931,7.166966316975543,-0.9799437007783012,-6.752998821169671,-2.369540722157692,0.0,-20.0,-20.0,110.0,-4.982534385547297
260,2.6,-0.8697268811312926,1.191446582814696,7.15216695912388,-0.9788312382275904,-6.7531599767491235,-2.3790009821348836,0.0,-20.0,-20.0,110.0,-4.9669992760056525
261,2.61,-0.8645734414830545,1.1914324034584611,7.137367601272217,-0.9777187484365187,-6.753320949915171,-2.3884612484103447,0.0,-20.0,-20.0,110.0,-4.951463441032033
262,2.62,-0.8594200018348164,1.1914182241022264,7.122568243420553,-0.9766062314357896,-6.753481740663275,-2.397921520977097,0.0,-20.0,-20.0,110.0,-4.935926874360243
263,2.63,-0.8542665621865783,1.191404044745992,7.107768885568889,-0.9754936872561103,-6.753642348988899,-2.4073817998281632,0.0,-20.0,-20.0,110.0,-4.920389569724565
264,2.64,-0.8491131225383401,1.1913898653897577,7.0929695277172256,-0.9743811159281873,-6.753802774887517,-2.4168420849565644,0.0,-20.0,-20.0,110.0,-4.904851520860664
265,2.65,-0.843959682890102,1.1913756860335236,7.078170169865562,-0.9732685174827276,-6.753963018354602,-2.4263023763553218,0.0,-20.0,-20.0,110.0,-4.889312721506518
266,2.66,-0.8388062432418639,1.1913615066772898,7.063370812013898,-0.9721558919504417,-6.754123079385635,-2.4357626740174556,0.0,-20.0,-20.0,110.0,-4.873773165403371
267,2.67,-0.8336528035936258,1.1913473273210562,7.048571454162234,-0.9710432393620374,-6.754282957976104,-2.445222977935985,0.0,-20.0,-20.0,110.0,-4.858232846296716
268,2.68,-0.8284993639453877,1.1913331479648226,7.03377209631057,-0.9699305597482253,-6.754442654121499,-2.4546832881039276,0.0,-20.0,-20.0,110.0,-4.842691757937287
269,2.69,-0.8233459242971496,1.1913189686085892,7.018972738458906,-0.9688178531397171,-6.754602167817315,-2.4641436045143026,0.0,-20.0,-20.0,110.0,-4.827149894082085
270,2.7,-0.8181924846489115,1.191304789252356,7.004173380607242,-0.9677051195672255,-6.7547614990590565,-2.4736039271601276,0.0,-20.0,-20.0,110.0,-4.811607248495432
271,2.71,-0.8130390450006734,1.1912906098961231,6.9893740227555785,-0.9665923590614622,-6.754920647842226,-2.4830642560344174,0.0,-20.0,-20.0,110.0,-4.796063814950029
272,2.72,-0.8078856053524353,1.1912764305398904,6.974574664903915,-0.9654795716531424,-6.755079614162337,-2.4925245911301883,0.0,-20.0,-20.0,110.0,-4.7805195872280715
273,2.73,-0.8027321657041971,1.191262251183658,6.959775307052251,-0.96436675737298,-6.755238398014907,-2.501984932440456,0.0,-20.0,-20.0,110.0,-4.764974559122359
274,2.74,-0.797578726055959,1.1912480718274256,6.944975949200587,-0.9632539162516919,-6.7553969993954555,-2.5114452799582354,0.0,-20.0,-20.0,110.0,-4.749428724437454
275,2.75,-0.7924252864077209,1.1912338924711934,6.930176591348923,-0.9621410483199954,-6.755555418299512,-2.520905633676539,0.0,-20.0,-20.0,110.0,-4.7338820769908505
276,2.7600000000000002,-0.7872718467594828,1.1912197131149613,6.915377233497259,-0.9610281536086077,-6.755713654722606,-2.5303659935883807,0.0,-20.0,-20.0,110.0,-4.718334610614186
277,2.77,-0.7821184071112447,1.1912055337587295,6.900577875645595,-0.9599152321482473,-6.755871708660275,-2.539826359686773,0.0,-20.0,-20.0,110.0,-4.702786319154465
278,2.7800000000000002,-0.7769649674630066,1.191191354402498,6.8857785177939315,-0.9588022839696336,-6.75602958010806,-2.549286731964727,0.0,-20.0,-20.0,110.0,-4.6872371964753246
279,2.79,-0.7718115278147685,1.1911771750462665,6.870979159942268,-0.9576893091034868,-6.756187269061511,-2.5587471104152533,0.0,-20.0,-20.0,110.0,-4.67168723645832
280,2.8000000000000003,-0.7666580881665304,1.1911629956900354,6.856179802090604,-0.9565763075805273,-6.75634477551618,-2.568207495031363,0.0,-20.0,-20.0,110.0,-4.656136433004242
281,2.81,-0.7615046485182922,1.1911488163338042,6.84138044423894,-0.9554632794314788,-6.75650209946762,-2.5776678858060653,0.0,-20.0,-20.0,110.0,-4.640584780034468
282,2.82,-0.7563512088700541,1.1911346369775733,6.826581086387276,-0.954350224687065,-6.756659240911399,-2.5871282827323685,0.0,-20.0,-20.0,110.0,-4.625032271492334
283,2.83,-0.751197769221816,1.1911204576213426,6.811781728535612,-0.9532371433780085,-6.75681619984308,-2.5965886858032814,0.0,-20.0,-20.0,110.0,-4.609478901344556
284,2.84,-0.7460443295735779,1.191106278265112,6.796982370683948,-0.9521240355350342,-6.756972976258241,-2.606049095011812,0.0,-20.0,-20.0,110.0,-4.593924663582655
285,2.85,-0.7408908899253398,1.1910920989088818,6.782183012832284,-0.9510109011888681,-6.757129570152456,-2.6155095103509662,0.0,-20.0,-20.0,110.0,-4.578369552224443
286,2.86,-0.7357374502771016,1.1910779195526517,6.7673836549806206,-0.9498977403702373,-6.757285981521308,-2.62496993181375,0.0,-20.0,-20.0,110.0,-4.562813561315524
287,2.87,-0.7305840106288634,1.191063740196422,6.752584297128957,-0.94878455310987,-6.757442210360386,-2.6344303593931704,0.0,-20.0,-20.0,110.0,-4.547256684930836
288,2.88,-0.7254305709806251,1.191049560840192,6.737784939277293,-0.9476713394384935,-6.757598256665282,-2.64389079308223,0.0,-20.0,-20.0,110.0,-4.531698917176225
289,2.89,-0.7202771313323869,1.1910353814839625,6.722985581425629,-0.9465580993868371,-6.757754120431596,-2.6533512328739333,0.0,-20.0,-20.0,110.0,-4.516140252190051
290,2.9,-0.7151236916841487,1.191021202127733,6.708186223573965,-0.9454448329856323,-6.75790980165493,-2.6628116787612846,0.0,-20.0,-20.0,110.0,-4.500580684144838
291,2.91,-0.7099702520359105,1.191007022771504,6.693386865722301,-0.9443315402656088,-6.758065300330894,-2.6722721307372863,0.0,-20.0,-20.0,110.0,-4.485020207248948
292,2.92,-0.7048168123876722,1.190992843415275,6.678587507870637,-0.9432182212574994,-6.758220616455098,-2.6817325887949397,0.0,-20.0,-20.0,110.0,-4.469458815748306
293,2.93,-0.699663372739434,1.1909786640590463,6.6637881500189735,-0.9421048759920364,-6.758375750023165,-2.691193052927247,0.0,-20.0,-20.0,110.0,-4.453896503928151
294,2.94,-0.6945099330911958,1.1909644847028178,6.64898879216731,-0.9409915044999545,-6.758530701030717,-2.7006535231272077,0.0,-20.0,-20.0,110.0,-4.43833326611483
295,2.95,-0.6893564934429576,1.1909503053465893,6.634189434315646,-0.9398781068119878,-6.758685469473382,-2.710113999387823,0.0,-20.0,-20.0,110.0,-4.422769096677629
296,2.96,-0.6842030537947194,1.190936125990361,6.619390076463982,-0.9387646829588719,-6.758840055346796,-2.7195744817020917,0.0,-20.0,-20.0,110.0,-4.407203990030651
297,2.97,-0.6790496141464811,1.190921946634133,6.604590718612318,-0.9376512329713435,-6.758994458646595,-2.7290349700630125,0.0,-20.0,-20.0,110.0,-4.391637940634727
298,2.98,-0.6738961744982429,1.1909077672779051,6.589791360760654,-0.9365377568801396,-6.759148679368426,-2.7384954644635826,0.0,-20.0,-20.0,110.0,-4.3760709429993625
299,2.99,-0.6687427348500047,1.1908935879216775,6.57499200290899,-0.9354242547159987,-6.7593027175079365,-2.7479559648968004,0.0,-20.0,-20.0,110.0,-4.360502991684748
300,3.0,-0.6635892952017665,1.1908794085654502,6.5601926450573265,-0.9343107265096601,-6.759456573060781,-2.7574164713556613,0.0,-20.0,-20.0,110.0,-4.344934081303787
301,3.0100000000000002,-0.6584358555535282,1.1908652292092228,6.545393287205663,-0.9331971722918637,-6.759610246022621,-2.7668769838331624,0.0,-20.0,-20.0,110.0,-4.329364206524186
302,3.02,-0.65328241590529,1.1908510498529956,6.530593929353999,-0.9320835920933503,-6.759763736389118,-2.7763375023222974,0.0,-20.0,-20.0,110.0,-4.313793362070579
303,3.0300000000000002,-0.6481289762570518,1.1908368704967687,6.515794571502335,-0.9309699859448611,-6.759917044155943,-2.785798026816061,0.0,-20.0,-20.0,110.0,-4.298221542726703
304,3.04,-0.6429755366088136,1.190822691140542,6.500995213650671,-0.9298563538771393,-6.760070169318772,-2.795258557307448,0.0,-20.0,-20.0,110.0,-4.2826487433376155
305,3.0500000000000003,-0.6378220969605753,1.1908085117843155,6.486195855799007,-0.9287426959209276,-6.760223111873286,-2.8047190937894517,0.0,-20.0,-20.0,110.0,-4.267074958811964
306,3.06,-0.6326686573123371,1.1907943324280892,6.471396497947343,-0.9276290121069714,-6.760375871815166,-2.8141796362550635,0.0,-20.0,-20.0,110.0,-4.251500184124296
307,3.0700000000000003,-0.6275152176640989,1.1907801530718631,6.456597140095679,-0.9265153024660158,-6.760528449140104,-2.823640184697277,0.0,-20.0,-20.0,110.0,-4.235924414317433
308,3.08,-0.6223617780158607,1.190765973715637,6.441797782244016,-0.9254015670288063,-6.760680843843795,-2.83310073910908,0.0,-20.0,-20.0,110.0,-4.22034764450487
309,3.09,-0.6172083383676225,1.1907517943594113,6.426998424392352,-0.9242878058260899,-6.760833055921938,-2.842561299483467,0.0,-20.0,-20.0,110.0,-4.204769869873256
310,3.1,-0.6120548987193842,1.1907376150031856,6.412199066540688,-0.9231740188886157,-6.760985085370242,-2.8520218658134247,0.0,-20.0,-20.0,110.0,-4.189191085684897
311,3.11,-0.606901459071146,1.1907234356469603,6.397399708689024,-0.9220602062471317,-6.761136932184416,-2.8614824380919432,0.0,-20.0,-20.0,110.0,-4.173611287280336
312,3.12,-0.6017480194229078,1.190709256290735,6.38260035083736,-0.9209463679323875,-6.761288596360173,-2.870943016312012,0.0,-20.0,-20.0,110.0,-4.158030470080967
313,3.13,-0.5965945797746696,1.1906950769345102,6.367800992985696,-0.919832503975133,-6.761440077893238,-2.880403600466618,0.0,-20.0,-20.0,110.0,-4.142448629591726
314,3.14,-0.5914411401264313,1.1906808975782854,6.353001635134032,-0.9187186144061195,-6.761591376779334,-2.889864190548748,0.0,-20.0,-20.0,110.0,-4.1268657614038124
315,3.15,-0.5862877004781931,1.1906667182220607,6.3382022772823685,-0.9176046992560992,-6.761742493014192,-2.899324786551389,0.0,-20.0,-20.0,110.0,-4.111281861197488
316,3.16,-0.5811342608299549,1.1906525388658362,6.323402919430705,-0.9164907585558251,-6.761893426593551,-2.9087853884675274,0.0,-20.0,-20.0,110.0,-4.095696924744922
317,3.17,-0.5759808211817167,1.190638359509612,6.308603561579041,-0.9153767923360522,-6.762044177513149,-2.9182459962901475,0.0,-20.0,-20.0,110.0,-4.0801109479131
318,3.18,-0.5708273815334785,1.190624180153388,6.293804203727377,-0.9142628006275343,-6.762194745768733,-2.9277066100122333,0.0,-20.0,-20.0,110.0,-4.064523926666803
319,3.19,-0.5656739418852402,1.190610000797164,6.279004845875713,-0.9131487834610279,-6.762345131356055,-2.9371672296267697,0.0,-20.0,-20.0,110.0,-4.048935857071619
320,3.2,-0.560520502237002,1.1905958214409404,6.264205488024049,-0.9120347408672891,-6.76249533427087,-2.946627855126739,0.0,-20.0,-20.0,110.0,-4.033346735297056
321,3.21,-0.5553670625887638,1.1905816420847168,6.249406130172385,-0.9109206728770743,-6.762645354508942,-2.956088486505123,0.0,-20.0,-20.0,110.0,-4.017756557619681
322,3.22,-0.5502136229405256,1.1905674627284935,6.2346067723207215,-0.9098065795211431,-6.7627951920660365,-2.9655491237549056,0.0,-20.0,-20.0,110.0,-4.002165320426357
323,3.23,-0.5450601832922873,1.1905532833722703,6.219807414469058,-0.9086924608302533,-6.762944846937925,-2.9750097668690665,0.0,-20.0,-20.0,110.0,-3.986573020217516
324,3.24,-0.5399067436440491,1.1905391040160473,6.205008056617394,-0.9075783168351661,-6.763094319120387,-2.9844704158405877,0.0,-20.0,-20.0,110.0,-3.970979653610532
325,3.25,-0.5347533039958109,1.1905249246598246,6.19020869876573,-0.9064641475666407,-6.7632436086092005,-2.993931070662447,0.0,-20.0,-20.0,110.0,-3.955385217343132
326,3.2600000000000002,-0.5295998643475727,1.1905107453036021,6.175409340914066,-0.9053499530554402,-6.763392715400156,-3.003391731327625,0.0,-20.0,-20.0,110.0,-3.939789708276894
327,3.27,-0.5244464246993344,1.1904965659473798,6.160609983062402,-0.9042357333323263,-6.763541639489042,-3.012852397829099,0.0,-20.0,-20.0,110.0,-3.924193123400815
328,3.2800000000000002,-0.5192929850510962,1.1904823865911576,6.145810625210738,-0.9031214884280623,-6.763690380871659,-3.022313070159848,0.0,-20.0,-20.0,110.0,-3.908595459834953
329,3.29,-0.514139545402858,1.1904682072349355,6.131011267359074,-0.9020072183734121,-6.7638389395438105,-3.031773748312849,0.0,-20.0,-20.0,110.0,-3.892996714834128
330,3.3000000000000003,-0.5089861057546198,1.1904540278787137,6.116211909507411,-0.9008929231991419,-6.763987315501301,-3.041234432281079,0.0,-20.0,-20.0,110.0,-3.877396885791727
331,3.31,-0.5038326661063816,1.190439848522492,6.101412551655747,-0.8997786029360166,-6.764135508739946,-3.0506951220575127,0.0,-20.0,-20.0,110.0,-3.8617959702435596
332,3.3200000000000003,-0.49867922645814333,1.1904256691662707,6.086613193804083,-0.8986642576148033,-6.76428351925556,-3.0601558176351267,0.0,-20.0,-20.0,110.0,-3.8461939658717994
333,3.33,-0.4935257868099051,1.1904114898100495,6.071813835952419,-0.8975498872662697,-6.7644313470439705,-3.0696165190068947,0.0,-20.0,-20.0,110.0,-3.83059087050902
334,3.34,-0.4883723471616669,1.1903973104538286,6.057014478100755,-0.8964354919211839,-6.764578992101001,-3.0790772261657913,0.0,-20.0,-20.0,110.0,-3.814986682142288
335,3.35,-0.48321890751342866,1.1903831310976076,6.042215120249091,-0.8953210716103153,-6.764726454422486,-3.0885379391047887,0.0,-20.0,-20.0,110.0,-3.7993813989173666
336,3.36,-0.47806546786519044,1.190368951741387,6.027415762397427,-0.8942066263644337,-6.764873734004266,-3.097998657816861,0.0,-20.0,-20.0,110.0,-3.783775019142967
337,3.37,-0.4729120282169522,1.1903547723851664,6.0126164045457635,-0.8930921562143106,-6.7650208308421815,-3.1074593822949788,0.0,-20.0,-20.0,110.0,-3.768167541295135
338,3.38,-0.467758588568714,1.1903405930289461,5.9978170466941,-0.8919776611907181,-6.765167744932081,-3.1169201125321138,0.0,-20.0,-20.0,110.0,-3.752558964021675
339,3.39,-0.4626051489204758,1.190326413672726,5.983017688842436,-0.8908631413244282,-6.765314476269821,-3.1263808485212374,0.0,-20.0,-20.0,110.0,-3.7369492861467033
340,3.4,-0.45745170927223755,1.1903122343165062,5.968218330990772,-0.8897485966462142,-6.765461024851259,-3.135841590255319,0.0,-20.0,-20.0,110.0,-3.7213385066752656
341,3.41,-0.4522982696239993,1.1902980549602864,5.953418973139108,-0.8886340271868486,-6.765607390672241,-3.1453023377273217,0.0,-20.0,-20.0,110.0,-3.7057266247980714
342,3.42,-0.4471448299757611,1.1902838756040668,5.938619615287443,-0.8875194329771108,-6.765753573728668,-3.1547630909302278,0.0,-20.0,-20.0,110.0,-3.6901136398962873
343,3.43,-0.4419913903275229,1.1902696962478474,5.923820257435779,-0.8864048140477736,-6.765899574016401,-3.1642238498569975,0.0,-20.0,-20.0,110.0,-3.674499551546478
344,3.44,-0.43683795067928466,1.1902555168916282,5.909020899584114,-0.8852901704296153,-6.766045391531318,-3.1736846145006004,0.0,-20.0,-20.0,110.0,-3.6588843595255978
345,3.45,-0.43168451103104644,1.1902413375354093,5.894221541732449,-0.8841755021534136,-6.7661910262693015,-3.1831453848540017,0.0,-20.0,-20.0,110.0,-3.6432680638161075
346,3.46,-0.4265310713828082,1.1902271581791906,5.879422183880784,-0.8830608092499468,-6.766336478226242,-3.1926061609101684,0.0,-20.0,-20.0,110.0,-3.62765066461119
347,3.47,-0.42137763173457,1.190212978822972,5.8646228260291196,-0.8819460917499939,-6.766481747398034,-3.2020669426620643,0.0,-20.0,-20.0,110.0,-3.6120321623200624
348,3.48,-0.41622419208633177,1.1901987994667536,5.849823468177455,-0.8808313496843343,-6.766626833780577,-3.2115277301026577,0.0,-20.0,-20.0,110.0,-3.596412557573405
349,3.49,-0.41107075243809355,1.1901846201105353,5.83502411032579,-0.8797165830837493,-6.766771737369776,-3.220988523224911,0.0,-20.0,-20.0,110.0,-3.5807918512288905
350,3.5,-0.4059173127898553,1.1901704407543172,5.820224752474125,-0.8786017919790218,-6.766916458161541,-3.2304493220217876,0.0,-20.0,-20.0,110.0,-3.5651700443768264
351,3.5100000000000002,-0.4007638731416171,1.1901562613980994,5.8054253946224605,-0.8774869764009342,-6.767060996151787,-3.2399101264862504,0.0,-20.0,-20.0,110.0,-3.549547138345903
352,3.52,-0.3956104334933789,1.1901420820418818,5.790626036770796,-0.8763721363802692,-6.767205351336432,-3.249370936611262,0.0,-20.0,-20.0,110.0,-3.5339231347090725
353,3.5300000000000002,-0.39045699384514065,1.1901279026856644,5.775826678919131,-0.8752572719478111,-6.767349523711405,-3.2588317523897845,0.0,-20.0,-20.0,110.0,-3.518298035289525
354,3.54,-0.38530355419690243,1.1901137233294472,5.761027321067466,-0.8741423831343457,-6.767493513272632,-3.268292573814779,0.0,-20.0,-20.0,110.0,-3.502671842166795
355,3.5500000000000003,-0.3801501145486642,1.19009954397323,5.7462279632158015,-0.8730274699706576,-6.767637320016052,-3.2777534008792046,0.0,-20.0,-20.0,110.0,-3.487044557682983
356,3.56,-0.374996674900426,1.190085364617013,5.731428605364137,-0.8719125324875348,-6.767780943937604,-3.2872142335760226,0.0,-20.0,-20.0,110.0,-3.471416184449109
357,3.5700000000000003,-0.36984323525218776,1.1900711852607964,5.716629247512472,-0.8707975707157647,-6.767924385033232,-3.296675071898192,0.0,-20.0,-20.0,110.0,-3.4557867253515764
358,3.58,-0.3646897956039495,1.1900570059045799,5.701829889660807,-0.8696825846861354,-6.768067643298892,-3.306135915838671,0.0,-20.0,-20.0,110.0,-3.44015618355878
359,3.59,-0.3595363559557112,1.1900428265483636,5.6870305318091425,-0.8685675744294356,-6.768210718730534,-3.3155967653904175,0.0,-20.0,-20.0,110.0,-3.4245245625278375
360,3.6,-0.35438291630747293,1.1900286471921475,5.672231173957478,-0.8674525399764563,-6.7683536113241205,-3.3250576205463886,0.0,-20.0,-20.0,110.0,-3.408891866011446
361,3.61,-0.34922947665923465,1.1900144678359315,5.657431816105813,-0.866337481357988,-6.768496321075618,-3.334518481299541,0.0,-20.0,-20.0,110.0,-3.393258098064887
362,3.62,-0.34407603701099637,1.1900002884797156,5.642632458254148,-0.8652223986048234,-6.768638847981001,-3.3439793476428323,0.0,-20.0,-20.0,110.0,-3.377623263053163
363,3.63,-0.3389225973627581,1.1899861091235,5.6278331004024835,-0.8641072917477542,-6.768781192036241,-3.3534402195692166,0.0,-20.0,-20.0,110.0,-3.3619873656582784
364,3.64,-0.3337691577145198,1.1899719297672846,5.613033742550819,-0.8629921608175732,-6.768923353237321,-3.3629010970716475,0.0,-20.0,-20.0,110.0,-3.346350410886649
365,3.65,-0.32861571806628154,1.1899577504110694,5.598234384699154,-0.8618770058450747,-6.769065331580229,-3.372361980143082,0.0,-20.0,-20.0,110.0,-3.330712404076681
366,3.66,-0.32346227841804326,1.1899435710548545,5.583435026847489,-0.8607618268610538,-6.769207127060955,-3.381822868776471,0.0,-20.0,-20.0,110.0,-3.315073350906483
367,3.67,-0.318308838769805,1.1899293916986398,5.5686356689958245,-0.859646623896306,-6.769348739675498,-3.3912837629647687,0.0,-20.0,-20.0,110.0,-3.2994332574017218
368,3.68,-0.3131553991215667,1.189915212342425,5.55383631114416,-0.8585313969816285,-6.769490169419855,-3.4007446627009257,0.0,-20.0,-20.0,110.0,-3.28379212994366
369,3.69,-0.3080019594733284,1.1899010329862105,5.539036953292495,-0.8574161461478179,-6.769631416290038,-3.410205567977896,0.0,-20.0,-20.0,110.0,-3.268149975277322
370,3.7,-0.30284851982509015,1.1898868536299962,5.52423759544083,-0.8563008714256729,-6.769772480282056,-3.4196664787886295,0.0,-20.0,-20.0,110.0,-3.2525068005198365
371,3.71,-0.29769508017685187,1.1898726742737822,5.5094382375891655,-0.8551855728459922,-6.769913361391929,-3.429127395126077,0.0,-20.0,-20.0,110.0,-3.2368626131689355
372,3.72,-0.2925416405286136,1.1898584949175683,5.494638879737501,-0.8540702504395759,-6.770054059615677,-3.438588316983188,0.0,-20.0,-20.0,110.0,-3.2212174211116213
373,3.73,-0.2873882008803753,1.1898443155613547,5.479839521885836,-0.8529549042372243,-6.770194574949329,-3.448049244352912,0.0,-20.0,-20.0,110.0,-3.2055712326330092
374,3.74,-0.28223476123213703,1.1898301362051413,5.465040164034171,-0.8518395342697388,-6.770334907388919,-3.4575101772281966,0.0,-20.0,-20.0,110.0,-3.189924056425325
375,3.75,-0.27708132158389875,1.189815956848928,5.4502408061825065,-0.8507241405679214,-6.770475056930479,-3.46697111560199,0.0,-20.0,-20.0,110.0,-3.1742759015971
376,3.7600000000000002,-0.2719278819356605,1.1898017774927148,5.435441448330842,-0.8496087231625763,-6.770615023570057,-3.4764320594672404,0.0,-20.0,-20.0,110.0,-3.1586267776825308
377,3.77,-0.2667744422874222,1.1897875981365018,5.420642090479177,-0.8484932820845057,-6.770754807303698,-3.485893008816894,0.0,-20.0,-20.0,110.0,-3.1429766946510256
378,3.7800000000000002,-0.2616210026391839,1.189773418780289,5.405842732627512,-0.8473778173645155,-6.770894408127457,-3.4953539636438955,0.0,-20.0,-20.0,110.0,-3.1273256629169355
379,3.79,-0.25646756299094564,1.1897592394240766,5.3910433747758475,-0.8462623290334105,-6.771033826037393,-3.504814923941192,0.0,-20.0,-20.0,110.0,-3.1116736933494793
380,3.8000000000000003,-0.25131412334270736,1.1897450600678643,5.376244016924183,-0.8451468171219968,-6.771173061029567,-3.5142758897017283,0.0,-20.0,-20.0,110.0,-3.096020797282853
381,3.81,-0.24616068369446908,1.189730880711652,5.361444659072518,-0.8440312816610817,-6.771312113100048,-3.5237368609184485,0.0,-20.0,-20.0,110.0,-3.080366986526544
382,3.8200000000000003,-0.2410072440462308,1.18971670135544,5.346645301220853,-0.8429157226814713,-6.771450982244912,-3.5331978375842956,0.0,-20.0,-20.0,110.0,-3.064712273375841
383,3.83,-0.23585380439799253,1.189702521999228,5.3318459433691885,-0.8418001402139765,-6.771589668460234,-3.5426588196922135,0.0,-20.0,-20.0,110.0,-3.0490566706225497
384,3.84,-0.23070036474975425,1.1896883426430165,5.317046585517524,-0.8406845342894057,-6.771728171742098,-3.5521198072351434,0.0,-20.0,-20.0,110.0,-3.033400191565911
385,3.85,-0.22554692510151597,1.189674163286805,5.302247227665859,-0.8395689049385693,-6.771866492086597,-3.561580800206029,0.0,-20.0,-20.0,110.0,-3.017742850023745
386,3.86,-0.2203934854532777,1.189659983930594,5.287447869814194,-0.838453252192278,-6.77200462948982,-3.57104179859781,0.0,-20.0,-20.0,110.0,-3.0020846603437867
387,3.87,-0.21524004580503941,1.189645804574383,5.2726485119625295,-0.8373375760813441,-6.772142583947869,-3.580502802403426,0.0,-20.0,-20.0,110.0,-2.9864256374152713
388,3.88,-0.21008660615680114,1.189631625218172,5.257849154110865,-0.8362218766365804,-6.772280355456848,-3.5899638116158186,0.0,-20.0,-20.0,110.0,-2.970765796680714
389,3.89,-0.20493316650856286,1.1896174458619613,5.2430497962592,-0.8351061538887994,-6.772417944012864,-3.599424826227926,0.0,-20.0,-20.0,110.0,-2.955105154147935
390,3.9,-0.19977972686032458,1.1896032665057508,5.228250438407535,-0.8339904078688151,-6.772555349612036,-3.6088858462326887,0.0,-20.0,-20.0,110.0,-2.939443726402317
391,3.91,-0.1946262872120863,1.1895890871495405,5.2134510805558705,-0.8328746386074428,-6.77269257225048,-3.6183468716230416,0.0,-20.0,-20.0,110.0,-2.923781530619292
392,3.92,-0.18947284756384802,1.1895749077933304,5.198651722704206,-0.8317588461354986,-6.772829611924321,-3.627807902391927,0.0,-20.0,-20.0,110.0,-2.908118584577066
393,3.93,-0.18431940791560975,1.1895607284371206,5.183852364852541,-0.830643030483799,-6.772966468629689,-3.6372689385322774,0.0,-20.0,-20.0,110.0,-2.892454906669604
394,3.94,-0.17916596826737147,1.189546549080911,5.169053007000876,-0.8295271916831604,-6.773103142362721,-3.646729980037033,0.0,-20.0,-20.0,110.0,-2.876790515919847
395,3.95,-0.1740125286191332,1.1895323697247013,5.1542536491492115,-0.8284113297644004,-6.773239633119554,-3.656191026899126,0.0,-20.0,-20.0,110.0,-2.8611254319931976
396,3.96,-0.16885908897089488,1.189518190368492,5.139454291297547,-0.827295444758338,-6.773375940896337,-3.665652079111493,0.0,-20.0,-20.0,110.0,-2.8454596752112575
397,3.97,-0.16370564932265658,1.1895040110122828,5.124654933445882,-0.8261795366957938,-6.773512065689215,-3.6751131366670675,0.0,-20.0,-20.0,110.0,-2.8297932665658267
398,3.98,-0.15855220967441827,1.1894898316560738,5.109855575594217,-0.8250636056075887,-6.773648007494349,-3.6845741995587846,0.0,-20.0,-20.0,110.0,-2.814126227733183
399,3.99,-0.15339877002617996,1.189475652299865,5.0950562177425525,-0.8239476515245436,-6.773783766307895,-3.6940352677795762,0.0,-20.0,-20.0,110.0,-2.798458581088617
400,4.0,-0.14824533037794166,1.1894614729436566,5.080256859890888,-0.8228316744774794,-6.773919342126021,-3.7034963413223774,0.0,-20.0,-20.0,110.0,-2.7827903497212674
401,4.01,-0.14309189072970335,1.1894472935874483,5.065457502039223,-0.8217156744972193,-6.774054734944898,-3.7129574201801185,0.0,-20.0,-20.0,110.0,-2.7671215574492236
402,4.0200000000000005,-0.13793845108146505,1.18943311423124,5.050658144187558,-0.8205996516145873,-6.774189944760702,-3.7224185043457316,0.0,-20.0,-20.0,110.0,-2.751452228834921
403,4.03,-0.13278501143322674,1.189418934875032,5.0358587863358935,-0.8194836058604079,-6.774324971569613,-3.7318795938121463,0.0,-20.0,-20.0,110.0,-2.7357823892008395
404,4.04,-0.12763157178498843,1.189404755518824,5.021059428484229,-0.8183675372655048,-6.774459815367817,-3.741340688572295,0.0,-20.0,-20.0,110.0,-2.7201120646454893
405,4.05,-0.12247813213675013,1.1893905761626165,5.006260070632564,-0.817251445860705,-6.774594476151506,-3.7508017886191065,0.0,-20.0,-20.0,110.0,-2.704441282059714
406,4.0600000000000005,-0.11732469248851182,1.189376396806409,4.991460712780899,-0.8161353316768336,-6.774728953916876,-3.760262893945509,0.0,-20.0,-20.0,110.0,-2.688770069143291
407,4.07,-0.11217125284027352,1.1893622174502019,4.9766613549292344,-0.8150191947447186,-6.77486324866013,-3.769724004544432,0.0,-20.0,-20.0,110.0,-2.673098454421864
408,4.08,-0.10701781319203521,1.1893480380939947,4.96186199707757,-0.8139030350951885,-6.774997360377472,-3.7791851204088043,0.0,-20.0,-20.0,110.0,-2.657426467264185
409,4.09,-0.1018643735437969,1.1893338587377877,4.947062639225905,-0.812786852759073,-6.775131289065114,-3.788646241531551,0.0,-20.0,-20.0,110.0,-2.6417541378996927
410,4.1,-0.0967109338955586,1.189319679381581,4.93226328137424,-0.8116706477672001,-6.7752650347192755,-3.7981073679056014,0.0,-20.0,-20.0,110.0,-2.6260814974364193
411,4.11,-0.09155749424732029,1.1893055000253745,4.917463923522575,-0.8105544201504015,-6.775398597336178,-3.807568499523878,0.0,-20.0,-20.0,110.0,-2.61040857787924
412,4.12,-0.08640405459908199,1.1892913206691682,4.902664565670911,-0.8094381699395083,-6.775531976912046,-3.817029636379311,0.0,-20.0,-20.0,110.0,-2.5947354121484723
413,4.13,-0.08125061495084367,1.1892771413129621,4.887865207819246,-0.8083218971653527,-6.775665173443114,-3.8264907784648217,0.0,-20.0,-20.0,110.0,-2.5790620340988206
414,4.14,-0.07609717530260536,1.1892629619567563,4.873065849967581,-0.8072056018587672,-6.775798186925619,-3.835951925773336,0.0,-20.0,-20.0,110.0,-2.5633884785386853
415,4.15,-0.07094373565436704,1.1892487826005504,4.858266492115916,-0.8060892840505839,-6.775931017355804,-3.8454130782977773,0.0,-20.0,-20.0,110.0,-2.5477147812498377
416,4.16,-0.06579029600612872,1.1892346032443448,4.843467134264252,-0.8049729437716365,-6.776063664729899,-3.854874236031061,0.0,-20.0,-20.0,110.0,-2.53204097900746
417,4.17,-0.0606368563578904,1.1892204238881394,4.828667776412587,-0.8038565810527634,-6.776196129044191,-3.8643353989661273,0.0,-20.0,-20.0,110.0,-2.5163671096005658
418,4.18,-0.05548341670965208,1.1892062445319342,4.813868418560922,-0.8027401959247985,-6.776328410294918,-3.8737965670958867,0.0,-20.0,-20.0,110.0,-2.500693211852819
419,4.19,-0.05032997706141376,1.1891920651757293,4.799069060709257,-0.8016237884185784,-6.776460508478347,-3.8832577404132644,0.0,-20.0,-20.0,110.0,-2.485019325643726
420,4.2,-0.04517653741317544,1.1891778858195245,4.784269702857593,-0.8005073585649407,-6.776592423590743,-3.892718918911179,0.0,-20.0,-20.0,110.0,-2.469345491930235
421,4.21,-0.04002309776493712,1.18916370646332,4.769470345005928,-0.7993909063947233,-6.776724155628383,-3.9021801025825513,0.0,-20.0,-20.0,110.0,-2.453671752768745
422,4.22,-0.0348696581166988,1.1891495271071155,4.754670987154262,-0.7982744319387659,-6.776855704587541,-3.9116412914203007,0.0,-20.0,-20.0,110.0,-2.437998151337518
423,4.23,-0.029716218468460478,1.1891353477509112,4.7398716293025975,-0.797157935227906,-6.776987070464503,-3.9211024854173484,0.0,-20.0,-20.0,110.0,-2.422324731959528
424,4.24,-0.02456277882022215,1.1891211683947072,4.725072271450932,-0.7960414162929853,-6.777118253255558,-3.930563684566609,0.0,-20.0,-20.0,110.0,-2.406651540125714
425,4.25,-0.019409339171983828,1.1891069890385033,4.710272913599266,-0.7949248751648441,-6.777249252956997,-3.940024888861004,0.0,-20.0,-20.0,110.0,-2.390978622518697
426,4.26,-0.014255899523745499,1.1890928096822997,4.695473555747601,-0.7938083118743247,-6.777380069565124,-3.9494860982934497,0.0,-20.0,-20.0,110.0,-2.375306027036908
427,4.2700000000000005,-0.009102459875507172,1.1890786303260963,4.680674197895935,-0.7926917264522697,-6.7775107030762385,-3.9589473128568624,0.0,-20.0,-20.0,110.0,-2.3596338028191983
428,4.28,-0.003949020227268843,1.1890644509698929,4.665874840044269,-0.7915751189295221,-6.77764115348665,-3.968408532544159,0.0,-20.0,-20.0,110.0,-2.343962000269881
429,4.29,0.0012044194209694888,1.1890502716136897,4.651075482192604,-0.790458489336926,-6.777771420792673,-3.9778697573482544,0.0,-20.0,-20.0,110.0,-2.3282906710842566
430,4.3,0.0063578590692078205,1.1890360922574867,4.636276124340938,-0.7893418377053262,-6.777901504990629,-3.9873309872620637,0.0,-20.0,-20.0,110.0,-2.312619868274604
431,4.3100000000000005,0.011511298717446153,1.189021912901284,4.621476766489272,-0.7882251640655686,-6.77803140607684,-3.9967922222785037,0.0,-20.0,-20.0,110.0,-2.2969496461966576
432,4.32,0.016664738365684488,1.1890077335450815,4.606677408637607,-0.7871084684484992,-6.778161124047637,-4.006253462390485,0.0,-20.0,-20.0,110.0,-2.2812800605765657
433,4.33,0.021818178013922825,1.1889935541888792,4.591878050785941,-0.7859917508849654,-6.778290658899354,-4.015714707590921,0.0,-20.0,-20.0,110.0,-2.265611168538366
434,4.34,0.02697161766216116,1.1889793748326771,4.5770786929342755,-0.784875011405815,-6.77842001062833,-4.025175957872728,0.0,-20.0,-20.0,110.0,-2.2499430286319453
435,4.3500000000000005,0.032125057310399496,1.188965195476475,4.56227933508261,-0.7837582500418965,-6.778549179230911,-4.034637213228814,0.0,-20.0,-20.0,110.0,-2.234275700861532
436,4.36,0.03727849695863784,1.1889510161202732,4.547479977230944,-0.7826414668240577,-6.7786781647034475,-4.0440984736520935,0.0,-20.0,-20.0,110.0,-2.2186092467147036
437,4.37,0.04243193660687618,1.1889368367640716,4.532680619379279,-0.7815246617831498,-6.778806967042295,-4.053559739135478,0.0,-20.0,-20.0,110.0,-2.2029437291919285
438,4.38,0.04758537625511452,1.1889226574078702,4.517881261527613,-0.7804078349500227,-6.778935586243814,-4.063021009671874,0.0,-20.0,-20.0,110.0,-2.1872792128366516
439,4.39,0.05273881590335286,1.188908478051669,4.503081903675947,-0.7792909863555291,-6.779064022304368,-4.072482285254196,0.0,-20.0,-20.0,110.0,-2.1716157637659306
440,4.4,0.0578922555515912,1.188894298695468,4.488282545824282,-0.7781741160305212,-6.779192275220329,-4.081943565875351,0.0,-20.0,-20.0,110.0,-2.1559534497016197
441,4.41,0.06304569519982954,1.1888801193392673,4.473483187972616,-0.7770572240058525,-6.77932034498807,-4.091404851528248,0.0,-20.0,-20.0,110.0,-2.14029234000214
442,4.42,0.06819913484806789,1.1888659399830666,4.45868383012095,-0.7759403103123754,-6.779448231603978,-4.100866142205796,0.0,-20.0,-20.0,110.0,-2.124632505694815
443,4.43,0.07335257449630624,1.188851760626866,4.443884472269285,-0.7748233749809451,-6.779575935064433,-4.110327437900901,0.0,-20.0,-20.0,110.0,-2.108974019508792
444,4.44,0.07850601414454458,1.1888375812706657,4.429085114417619,-0.7737064180424156,-6.77970345536583,-4.1197887386064735,0.0,-20.0,-20.0,110.0,-2.0933169559085645
445,4.45,0.08365945379278293,1.1888234019144657,4.4142857565659535,-0.772589439527643,-6.779830792504563,-4.129250044315416,0.0,-20.0,-20.0,110.0,-2.0776613911280997
446,4.46,0.08881289344102128,1.1888092225582658,4.399486398714288,-0.7714724394674846,-6.779957946477033,-4.138711355020637,0.0,-20.0,-20.0,110.0,-2.062007403205574
447,4.47,0.09396633308925963,1.1887950432020662,4.384687040862622,-0.7703554178927974,-6.780084917279648,-4.148172670715041,0.0,-20.0,-20.0,110.0,-2.0463550720187387
448,4.48,0.09911977273749797,1.1887808638458666,4.3698876830109565,-0.7692383748344397,-6.780211704908821,-4.157633991391531,0.0,-20.0,-20.0,110.0,-2.0307044793209146
449,4.49,0.10427321238573632,1.1887666844896672,4.355088325159291,-0.768121310323271,-6.780338309360963,-4.167095317043015,0.0,-20.0,-20.0,110.0,-2.0150557087776337
450,4.5,0.10942665203397468,1.188752505133468,4.340288967307625,-0.7670042243901479,-6.780464730632486,-4.1765566476623865,0.0,-20.0,-20.0,110.0,-1.9994088460039356
451,4.51,0.11458009168221303,1.188738325777269,4.32548960945596,-0.7658871170659342,-6.780590968719846,-4.186017983242565,0.0,-20.0,-20.0,110.0,-1.9837639786023087
452,4.5200000000000005,0.11973353133045139,1.1887241464210703,4.310690251604294,-0.7647699883814889,-6.78071702361946,-4.195479323776446,0.0,-20.0,-20.0,110.0,-1.9681211962013339
453,4.53,0.12488697097868975,1.1887099670648718,4.295890893752628,-0.7636528383676744,-6.780842895327764,-4.20494066925693,0.0,-20.0,-20.0,110.0,-1.9524805904949813
454,4.54,0.13004041062692812,1.1886957877086735,4.281091535900963,-0.7625356670553541,-6.780968583841203,-4.214402019676922,0.0,-20.0,-20.0,110.0,-1.9368422552826199
455,4.55,0.13519385027516648,1.1886816083524752,4.266292178049297,-0.7614184744753896,-6.781094089156221,-4.223863375029318,0.0,-20.0,-20.0,110.0,-1.921206286509709
456,4.5600000000000005,0.14034728992340484,1.188667428996277,4.251492820197631,-0.7603012606586449,-6.781219411269273,-4.233324735307022,0.0,-20.0,-20.0,110.0,-1.905572782309223
457,4.57,0.1455007295716432,1.1886532496400792,4.236693462345966,-0.7591840256359851,-6.781344550176818,-4.242786100502934,0.0,-20.0,-20.0,110.0,-1.8899418430437798
458,4.58,0.15065416921988156,1.1886390702838816,4.2218941044943,-0.7580667694382749,-6.7814695058753145,-4.25224747060995,0.0,-20.0,-20.0,110.0,-1.8743135713485064
459,4.59,0.15580760886811992,1.1886248909276842,4.2070947466426345,-0.7569494920963805,-6.7815942783612355,-4.261708845620971,0.0,-20.0,-20.0,110.0,-1.85868807217465
460,4.6000000000000005,0.16096104851635828,1.188610711571487,4.192295388790969,-0.7558321936411679,-6.781718867631051,-4.271170225528895,0.0,-20.0,-20.0,110.0,-1.843065452833932
461,4.61,0.16611448816459665,1.18859653221529,4.177496030939303,-0.7547148741035057,-6.78184327368124,-4.28063161032662,0.0,-20.0,-20.0,110.0,-1.827445823043669
462,4.62,0.171267927812835,1.188582352859093,4.162696673087638,-0.7535975335142621,-6.781967496508288,-4.290093000007042,0.0,-20.0,-20.0,110.0,-1.81182929497266
463,4.63,0.17642136746107337,1.1885681735028963,4.147897315235972,-0.7524801719043056,-6.782091536108679,-4.299554394563058,0.0,-20.0,-20.0,110.0,-1.7962159832878597
464,4.64,0.18157480710931173,1.1885539941466998,4.133097957384306,-0.7513627893045063,-6.782215392478909,-4.309015793987565,0.0,-20.0,-20.0,110.0,-1.780606005201832
465,4.65,0.1867282467575501,1.1885398147905035,4.118298599532641,-0.7502453857457334,-6.782339065615478,-4.318477198273457,0.0,-20.0,-20.0,110.0,-1.7649994805210074
466,4.66,0.19188168640578845,1.1885256354343074,4.103499241680975,-0.7491279612588585,-6.782462555514887,-4.327938607413629,0.0,-20.0,-20.0,110.0,-1.7493965316947602
467,4.67,0.19703512605402682,1.1885114560781116,4.088699883829309,-0.7480105158747536,-6.78258586217365,-4.337400021400976,0.0,-20.0,-20.0,110.0,-1.733797283865282
468,4.68,0.20218856570226518,1.1884972767219157,4.073900525977644,-0.746893049624291,-6.782708985588276,-4.346861440228391,0.0,-20.0,-20.0,110.0,-1.7182018649183017
469,4.69,0.20734200535050354,1.18848309736572,4.059101168125978,-0.7457755625383434,-6.7828319257552865,-4.356322863888767,0.0,-20.0,-20.0,110.0,-1.7026104055346314
470,4.7,0.21249544499874193,1.1884689180095247,4.0443018102743125,-0.7446580546477841,-6.782954682671208,-4.365784292374997,0.0,-20.0,-20.0,110.0,-1.6870230392425627
471,4.71,0.2176488846469803,1.1884547386533295,4.029502452422647,-0.7435405259834886,-6.783077256332566,-4.375245725679974,0.0,-20.0,-20.0,110.0,-1.6714399024711162
472,4.72,0.22280232429521868,1.1884405592971345,4.014703094570981,-0.7424229765763316,-6.783199646735896,-4.384707163796589,0.0,-20.0,-20.0,110.0,-1.655861134604153
473,4.73,0.22795576394345707,1.1884263799409398,3.9999037367193155,-0.74130540645719,-6.783321853877742,-4.3941686067177335,0.0,-20.0,-20.0,110.0,-1.6402868780353554
474,4.74,0.23310920359169546,1.1884122005847453,3.98510437886765,-0.7401878156569396,-6.783443877754644,-4.403630054436298,0.0,-20.0,-20.0,110.0,-1.6247172782240942
475,4.75,0.23826264323993385,1.1883980212285508,3.9703050210159843,-0.7390702042064585,-6.783565718363154,-4.413091506945173,0.0,-20.0,-20.0,110.0,-1.6091524837521736
476,4.76,0.24341608288817224,1.1883838418723565,3.9555056631643186,-0.7379525721366234,-6.783687375699828,-4.422552964237246,0.0,-20.0,-20.0,110.0,-1.5935926463814791
477,4.7700000000000005,0.24856952253641063,1.1883696625161624,3.940706305312653,-0.7368349194783139,-6.783808849761226,-4.432014426305408,0.0,-20.0,-20.0,110.0,-1.5780379211125244
478,4.78,0.253722962184649,1.1883554831599685,3.9259069474609873,-0.7357172462624092,-6.783930140543911,-4.441475893142548,0.0,-20.0,-20.0,110.0,-1.5624884662439016
479,4.79,0.2588764018328874,1.188341303803775,3.9111075896093217,-0.7345995525197905,-6.784051248044457,-4.4509373647415496,0.0,-20.0,-20.0,110.0,-1.546944443432659
480,4.8,0.2640298414811258,1.1883271244475815,3.896308231757656,-0.7334818382813383,-6.784172172259438,-4.460398841095305,0.0,-20.0,-20.0,110.0,-1.5314060177555904
481,4.8100000000000005,0.2691832811293642,1.1883129450913883,3.8815088739059904,-0.7323641035779325,-6.784292913185435,-4.469860322196698,0.0,-20.0,-20.0,110.0,-1.5158733577714532
482,4.82,0.27433672077760257,1.188298765735195,3.8667095160543243,-0.7312463484404559,-6.784413470819035,-4.479321808038616,0.0,-20.0,-20.0,110.0,-1.5003466355841257
483,4.83,0.27949016042584096,1.1882845863790021,3.8519101582026587,-0.730128572899792,-6.784533845156828,-4.488783298613944,0.0,-20.0,-20.0,110.0,-1.4848260269066964
484,4.84,0.28464360007407935,1.1882704070228094,3.8371108003509926,-0.7290107769868257,-6.784654036195409,-4.4982447939155685,0.0,-20.0,-20.0,110.0,-1.4693117111264942
485,4.8500000000000005,0.28979703972231774,1.1882562276666169,3.8223114424993265,-0.7278929607324385,-6.7847740439313835,-4.507706293936373,0.0,-20.0,-20.0,110.0,-1.4538038713710681
486,4.86,0.29495047937055613,1.1882420483104246,3.8075120846476604,-0.726775124167516,-6.784893868361355,-4.517167798669242,0.0,-20.0,-20.0,110.0,-1.4383026945751112
487,4.87,0.3001039190187945,1.1882278689542325,3.7927127267959944,-0.7256572673229451,-6.785013509481935,-4.526629308107058,0.0,-20.0,-20.0,110.0,-1.42280837154834
488,4.88,0.3052573586670329,1.1882136895980404,3.7779133689443283,-0.7245393902296119,-6.785132967289741,-4.536090822242706,0.0,-20.0,-20.0,110.0,-1.4073210970443253
489,4.89,0.3104107983152713,1.1881995102418486,3.763114011092662,-0.7234214929184033,-6.785252241781394,-4.545552341069066,0.0,-20.0,-20.0,110.0,-1.3918410698302712
490,4.9,0.3155642379635097,1.188185330885657,3.748314653240996,-0.722303575420208,-6.785371332953525,-4.555013864579022,0.0,-20.0,-20.0,110.0,-1.3763684927577582
491,4.91,0.3207176776117481,1.1881711515294655,3.73351529538933,-0.7211856377659124,-6.785490240802761,-4.564475392765456,0.0,-20.0,-20.0,110.0,-1.3609035728344292
492,4.92,0.32587111725998646,1.1881569721732743,3.718715937537664,-0.7200676799864061,-6.785608965325741,-4.573936925621246,0.0,-20.0,-20.0,110.0,-1.345446521296636
493,4.93,0.33102455690822485,1.1881427928170833,3.703916579685998,-0.7189497021125796,-6.785727506519109,-4.583398463139275,0.0,-20.0,-20.0,110.0,-1.3299975536830284
494,4.94,0.33617799655646324,1.1881286134608926,3.6891172218343318,-0.7178317041753235,-6.785845864379512,-4.592860005312423,0.0,-20.0,-20.0,110.0,-1.3145568899090938
495,4.95,0.34133143620470163,1.1881144341047019,3.6743178639826657,-0.7167136862055282,-6.785964038903602,-4.602321552133565,0.0,-20.0,-20.0,110.0,-1.2991247543426345
496,4.96,0.34648487585294,1.1881002547485113,3.6595185061309996,-0.7155956482340858,-6.7860820300880365,-4.611783103595585,0.0,-20.0,-20.0,110.0,-1.2837013758801838
497,4.97,0.3516383155011784,1.188086075392321,3.6447191482793335,-0.7144775902918888,-6.786199837929479,-4.62124465969136,0.0,-20.0,-20.0,110.0,-1.268286988024348
498,4.98,0.3567917551494168,1.188071896036131,3.6299197904276674,-0.7133595124098304,-6.7863174624245985,-4.630706220413767,0.0,-20.0,-20.0,110.0,-1.252881828962072
499,4.99,0.3619451947976552,1.188057716679941,3.6151204325760014,-0.7122414146188042,-6.7864349035700675,-4.640167785755684,0.0,-20.0,-20.0,110.0,-1.2374861416438128
500,5.0,0.3670986344458936,1.1880435373237515,3.6003210747243353,-0.7111232969497046,-6.786552161362565,-4.649629355709987,0.0,-20.0,-20.0,110.0,-1.2221001738636161
501,5.01,0.37225207409413197,1.188029357967562,3.585521716872669,-0.7100051594334268,-6.7866692357987715,-4.659090930269552,0.0,-20.0,-20.0,110.0,-1.2067241783400784
502,5.0200000000000005,0.37740551374237036,1.1880151786113726,3.570722359021003,-0.7088870021008673,-6.78678612687538,-4.668552509427256,0.0,-20.0,-20.0,110.0,-1.1913584127981853
503,5.03,0.38255895339060875,1.1880009992551834,3.555923001169337,-0.7077688249829224,-6.786902834589081,-4.678014093175973,0.0,-20.0,-20.0,110.0,-1.1760031400520092
504,5.04,0.38771239303884714,1.1879868198989945,3.541123643317671,-0.7066506281104904,-6.787019358936576,-4.6874756815085785,0.0,-20.0,-20.0,110.0,-1.1606586280882418
505,5.05,0.3928658326870855,1.1879726405428057,3.526324285466005,-0.705532411514466,-6.787135699914553,-4.6969372744179365,0.0,-20.0,-20.0,110.0,-1.1453251501505595
506,5.0600000000000005,0.3980192723353239,1.1879584611866172,3.5115249276143388,-0.7044141752257507,-6.787251857519751,-4.706398871896941,0.0,-20.0,-20.0,110.0,-1.1300029848247695
507,5.07,0.4031727119835623,1.1879442818304289,3.4967255697626727,-0.7032959192752429,-6.787367831748869,-4.715860473938455,0.0,-20.0,-20.0,110.0,-1.114692416124767
508,5.08,0.40832615163180075,1.1879301024742406,3.4819262119110066,-0.7021776436938423,-6.787483622598626,-4.725322080535348,0.0,-20.0,-20.0,110.0,-1.0993937335792094
509,5.09,0.4134795912800392,1.1879159231180525,3.4671268540593405,-0.7010593485124497,-6.787599230065749,-4.734783691680498,0.0,-20.0,-20.0,110.0,-1.0841072323189407
510,5.1000000000000005,0.41863303092827764,1.1879017437618646,3.4523274962076744,-0.6999410337619656,-6.7877146541469635,-4.744245307366772,0.0,-20.0,-20.0,110.0,-1.0688332131650933
511,5.11,0.4237864705765161,1.187887564405677,3.4375281383560083,-0.698822699473292,-6.78782989483901,-4.753706927587043,0.0,-20.0,-20.0,110.0,-1.053571982717867
512,5.12,0.42893991022475453,1.1878733850494896,3.4227287805043423,-0.6977043456773321,-6.787944952138624,-4.76316855233418,0.0,-20.0,-20.0,110.0,-1.0383238534459298
513,5.13,0.434093349872993,1.1878592056933024,3.407929422652676,-0.6965859724049887,-6.788059826042552,-4.772630181601055,0.0,-20.0,-20.0,110.0,-1.0230891437764014
514,5.14,0.4392467895212314,1.1878450263371154,3.39313006480101,-0.6954675796871658,-6.788174516547546,-4.782091815380537,0.0,-20.0,-20.0,110.0,-1.0078681781854042
515,5.15,0.44440022916946986,1.1878308469809284,3.378330706949344,-0.694349167554768,-6.788289023650357,-4.791553453665493,0.0,-20.0,-20.0,110.0,-0.9926612872891037
516,5.16,0.4495536688177083,1.1878166676247417,3.363531349097678,-0.6932307360387001,-6.78840334734775,-4.801015096448793,0.0,-20.0,-20.0,110.0,-0.9774688079352148
517,5.17,0.45470710846594675,1.1878024882685552,3.348731991246012,-0.692112285169868,-6.788517487636489,-4.8104767437233065,0.0,-20.0,-20.0,110.0,-0.9622910832949257
518,5.18,0.4598605481141852,1.1877883089123689,3.3339326333943458,-0.6909938149791782,-6.788631444513344,-4.819938395481899,0.0,-20.0,-20.0,110.0,-0.947128462955161
519,5.19,0.46501398776242364,1.1877741295561828,3.3191332755426797,-0.6898753254975378,-6.788745217975094,-4.829400051717438,0.0,-20.0,-20.0,110.0,-0.931981303011162
520,5.2,0.4701674274106621,1.187759950199997,3.3043339176910136,-0.6887568167558543,-6.788858808018517,-4.838861712422792,0.0,-20.0,-20.0,110.0,-0.9168499661592971
521,5.21,0.47532086705890053,1.1877457708438113,3.2895345598393475,-0.6876382887850379,-6.788972214640402,-4.848323377590825,0.0,-20.0,-20.0,110.0,-0.9017348217900502
522,5.22,0.480474306707139,1.1877315914876256,3.274735201987681,-0.686519741615996,-6.789085437837535,-4.857785047214403,0.0,-20.0,-20.0,110.0,-0.8866362460811124
523,5.23,0.4856277463553774,1.1877174121314402,3.2599358441360144,-0.685401175279639,-6.789198477606718,-4.8672467212863895,0.0,-20.0,-20.0,110.0,-0.8715546220905117
524,5.24,0.49078118600361587,1.187703232775255,3.245136486284348,-0.6842825898068758,-6.789311333944749,-4.876708399799651,0.0,-20.0,-20.0,110.0,-0.8564903398496954
525,5.25,0.4959346256518543,1.18768905341907,3.2303371284326814,-0.6831639852286198,-6.789424006848437,-4.886170082747049,0.0,-20.0,-20.0,110.0,-0.8414437964564903
526,5.26,0.5010880653000928,1.1876748740628853,3.215537770581015,-0.6820453615757817,-6.789536496314593,-4.895631770121451,0.0,-20.0,-20.0,110.0,-0.8264153961678511
527,5.2700000000000005,0.5062415049483312,1.1876606947067008,3.2007384127293483,-0.6809267188792736,-6.789648802340035,-4.905093461915717,0.0,-20.0,-20.0,110.0,-0.8114055504923016
528,5.28,0.5113949445965696,1.1876465153505162,3.185939054877682,-0.6798080571700084,-6.789760924921584,-4.9145551581227105,0.0,-20.0,-20.0,110.0,-0.7964146782819838
529,5.29,0.5165483842448081,1.187632335994332,3.1711396970260153,-0.6786893764788994,-6.7898728640560675,-4.924016858735292,0.0,-20.0,-20.0,110.0,-0.7814432058241974
530,5.3,0.5217018238930465,1.1876181566381478,3.1563403391743488,-0.6775706768368621,-6.789984619740319,-4.933478563746325,0.0,-20.0,-20.0,110.0,-0.766491566932337
531,5.3100000000000005,0.526855263541285,1.187603977281964,3.1415409813226822,-0.6764519582748102,-6.790096191971175,-4.94294027314867,0.0,-20.0,-20.0,110.0,-0.7515602030361009
532,5.32,0.5320087031895234,1.1875897979257803,3.1267416234710157,-0.6753332208236595,-6.79020758074548,-4.952401986935188,0.0,-20.0,-20.0,110.0,-0.7366495632708618
533,5.33,0.5371621428377619,1.187575618569597,3.111942265619349,-0.6742144645143274,-6.790318786060079,-4.961863705098738,0.0,-20.0,-20.0,110.0,-0.7217601045660678
534,5.34,0.5423155824860003,1.1875614392134137,3.0971429077676826,-0.6730956893777296,-6.790429807911828,-4.971325427632179,0.0,-20.0,-20.0,110.0,-0.7068922917325475
535,5.3500000000000005,0.5474690221342388,1.1875472598572305,3.082343549916016,-0.6719768954447838,-6.790540646297581,-4.980787154528371,0.0,-20.0,-20.0,110.0,-0.692046597548567
536,5.36,0.5526224617824772,1.1875330805010476,3.0675441920643496,-0.6708580827464072,-6.790651301214205,-4.990248885780174,0.0,-20.0,-20.0,110.0,-0.6772235028445154
537,5.37,0.5577759014307156,1.1875189011448648,3.052744834212683,-0.6697392513135197,-6.790761772658568,-4.9997106213804425,0.0,-20.0,-20.0,110.0,-0.6624234965860448
538,5.38,0.5629293410789541,1.1875047217886823,3.0379454763610165,-0.668620401177041,-6.7908720606275415,-5.009172361322038,0.0,-20.0,-20.0,110.0,-0.6476470759555117
539,5.39,0.5680827807271925,1.1874905424325,3.02314611850935,-0.6675015323678901,-6.790982165118005,-5.0186341055978145,0.0,-20.0,-20.0,110.0,-0.6328947464315618
540,5.4,0.573236220375431,1.1874763630763179,3.0083467606576835,-0.666382644916989,-6.791092086126843,-5.02809585420063,0.0,-20.0,-20.0,110.0,-0.6181670218666622
541,5.41,0.5783896600236694,1.187462183720136,2.993547402806017,-0.6652637388552578,-6.791201823650946,-5.0375576071233406,0.0,-20.0,-20.0,110.0,-0.6034644245624162
542,5.42,0.5835430996719079,1.1874480043639541,2.9787480449543504,-0.6641448142136193,-6.7913113776872045,-5.0470193643588015,0.0,-20.0,-20.0,110.0,-0.5887874853424597
543,5.43,0.5886965393201463,1.1874338250077725,2.963948687102684,-0.6630258710229945,-6.791420748232522,-5.05648112589987,0.0,-20.0,-20.0,110.0,-0.5741367436227368
544,5.44,0.5938499789683848,1.187419645651591,2.9491493292510174,-0.6619069093143078,-6.7915299352837994,-5.065942891739398,0.0,-20.0,-20.0,110.0,-0.5595127474789451
545,5.45,0.5990034186166232,1.1874054662954099,2.934349971399351,-0.6607879291184822,-6.791638938837949,-5.075404661870238,0.0,-20.0,-20.0,110.0,-0.5449160537109392
546,5.46,0.6041568582648617,1.187391286939229,2.9195506135476843,-0.659668930466442,-6.791747758891883,-5.08486643628525,0.0,-20.0,-20.0,110.0,-0.5303472279038531
547,5.47,0.6093102979131001,1.1873771075830482,2.9047512556960178,-0.6585499133891131,-6.79185639544252,-5.094328214977281,0.0,-20.0,-20.0,110.0,-0.5158068444857121
548,5.48,0.6144637375613385,1.1873629282268676,2.8899518978443512,-0.6574308779174214,-6.7919648484867885,-5.103789997939187,0.0,-20.0,-20.0,110.0,-0.5012954867812802
549,5.49,0.619617177209577,1.187348748870687,2.8751525399926847,-0.656311824082293,-6.7920731180216185,-5.113251785163822,0.0,-20.0,-20.0,110.0,-0.48681374706188896
550,5.5,0.6247706168578154,1.1873345695145068,2.860353182141018,-0.6551927519146548,-6.792181204043942,-5.122713576644033,0.0,-20.0,-20.0,110.0,-0.4723622265909839
551,5.51,0.6299240565060539,1.1873203901583267,2.8455538242893517,-0.654073661445434,-6.792289106550701,-5.132175372372672,0.0,-20.0,-20.0,110.0,-0.45794153566509344
552,5.5200000000000005,0.6350774961542923,1.1873062108021468,2.830754466437685,-0.6529545527055596,-6.792396825538843,-5.141637172342595,0.0,-20.0,-20.0,110.0,-0.44355229364995175
553,5.53,0.6402309358025308,1.1872920314459672,2.8159551085860186,-0.6518354257259602,-6.792504361005314,-5.151098976546645,0.0,-20.0,-20.0,110.0,-0.42919512901145895
554,5.54,0.6453843754507692,1.1872778520897878,2.801155750734352,-0.650716280537565,-6.792611712947074,-5.160560784977678,0.0,-20.0,-20.0,110.0,-0.4148706793411787
555,5.55,0.6505378150990077,1.1872636727336083,2.7863563928826856,-0.6495971171713032,-6.7927188813610835,-5.170022597628539,0.0,-20.0,-20.0,110.0,-0.4005795913760426
556,5.5600000000000005,0.6556912547472461,1.1872494933774291,2.771557035031019,-0.6484779356581054,-6.792825866244308,-5.179484414492081,0.0,-20.0,-20.0,110.0,-0.386322521011927
557,5.57,0.6608446943954845,1.1872353140212502,2.7567576771793525,-0.647358736028903,-6.792932667593715,-5.188946235561148,0.0,-20.0,-20.0,110.0,-0.3721001333107681
558,5.58,0.665998134043723,1.1872211346650714,2.741958319327686,-0.646239518314629,-6.793039285406287,-5.198408060828591,0.0,-20.0,-20.0,110.0,-0.3579131025008364
559,5.59,0.6711515736919614,1.1872069553088929,2.7271589614760194,-0.6451202825462158,-6.793145719679002,-5.207869890287256,0.0,-20.0,-20.0,110.0,-0.34376211196982664
560,5.6000000000000005,0.6763050133401999,1.1871927759527146,2.712359603624353,-0.644001028754596,-6.793251970408847,-5.217331723929991,0.0,-20.0,-20.0,110.0,-0.32964785425036247
561,5.61,0.6814584529884383,1.1871785965965365,2.6975602457726864,-0.6428817569707022,-6.793358037592815,-5.226793561749641,0.0,-20.0,-20.0,110.0,-0.31557103099752715
562,5.62,0.6866118926366768,1.1871644172403584,2.6827608879210194,-0.6417624672254696,-6.793463921227901,-5.236255403739054,0.0,-20.0,-20.0,110.0,-0.3015323529580277
563,5.63,0.6917653322849152,1.1871502378841805,2.6679615300693524,-0.6406431595498344,-6.793569621311109,-5.245717249891073,0.0,-20.0,-20.0,110.0,-0.2875325399305535
564,5.64,0.6969187719331537,1.1871360585280029,2.6531621722176855,-0.6395238339747303,-6.793675137839443,-5.255179100198546,0.0,-20.0,-20.0,110.0,-0.2735723207169254
565,5.65,0.7020722115813921,1.1871218791718254,2.6383628143660185,-0.6384044905310945,-6.79378047080992,-5.2646409546543165,0.0,-20.0,-20.0,110.0,-0.2596524330635682
566,5.66,0.7072256512296305,1.1871076998156482,2.6235634565143515,-0.6372851292498638,-6.793885620219553,-5.274102813251227,0.0,-20.0,-20.0,110.0,-0.24577362359288343
567,5.67,0.712379090877869,1.1870935204594713,2.6087640986626845,-0.636165750161976,-6.793990586065367,-5.283564675982125,0.0,-20.0,-20.0,110.0,-0.23193664772402725
568,5.68,0.7175325305261074,1.1870793411032945,2.5939647408110176,-0.6350463532983681,-6.79409536834439,-5.293026542839851,0.0,-20.0,-20.0,110.0,-0.21814226958265034
569,5.69,0.7226859701743459,1.1870651617471177,2.5791653829593506,-0.6339269386899768,-6.79419996705364,-5.302488413817238,0.0,-20.0,-20.0,110.0,-0.204391261899088
570,5.7,0.7278394098225843,1.1870509823909412,2.5643660251076836,-0.6328075063677441,-6.794304382190181,-5.3119502889071475,0.0,-20.0,-20.0,110.0,-0.19068440589450833
571,5.71,0.7329928494708228,1.1870368030347649,2.5495666672560167,-0.6316880563626093,-6.794408613751047,-5.321412168102415,0.0,-20.0,-20.0,110.0,-0.17702249115453542
572,5.72,0.7381462891190612,1.1870226236785888,2.5347673094043497,-0.6305685887055128,-6.794512661733284,-5.330874051395878,0.0,-20.0,-20.0,110.0,-0.16340631548979448
573,5.73,0.7432997287672997,1.187008444322413,2.5199679515526827,-0.6294491034273955,-6.794616526133943,-5.34033593878038,0.0,-20.0,-20.0,110.0,-0.14983668478287812
574,5.74,0.7484531684155381,1.1869942649662373,2.5051685937010157,-0.6283296005591994,-6.794720206950086,-5.34979783024876,0.0,-20.0,-20.0,110.0,-0.13631441282118434
575,5.75,0.7536066080637766,1.1869800856100616,2.4903692358493488,-0.6272100801318649,-6.794823704178776,-5.359259725793857,0.0,-20.0,-20.0,110.0,-0.12284032111509693
576,5.76,0.758760047712015,1.1869659062538862,2.475569877997682,-0.6260905421763361,-6.7949270178170815,-5.368721625408512,0.0,-20.0,-20.0,110.0,-0.1094152387009438
577,5.7700000000000005,0.7639134873602534,1.186951726897711,2.460770520146015,-0.6249709867235566,-6.795030147862076,-5.3781835290855655,0.0,-20.0,-20.0,110.0,-0.09604000192818435
578,5.78,0.7690669270084919,1.186937547541536,2.445971162294348,-0.6238514138044693,-6.795133094310839,-5.387645436817854,0.0,-20.0,-20.0,110.0,-0.08271545423025653
579,5.79,0.7742203666567303,1.1869233681853613,2.431171804442681,-0.6227318234500192,-6.7952358571604545,-5.397107348598214,0.0,-20.0,-20.0,110.0,-0.06944244587852691
580,5.8,0.7793738063049688,1.1869091888291867,2.416372446591014,-0.6216122156911511,-6.795338436408014,-5.40656926441949,0.0,-20.0,-20.0,110.0,-0.0562218337187583
581,5.8100000000000005,0.7845272459532073,1.1868950094730124,2.401573088739347,-0.6204925905588115,-6.795440832050611,-5.416031184274512,0.0,-20.0,-20.0,110.0,-0.04305448088952965
582,5.82,0.7896806856014459,1.186880830116838,2.38677373088768,-0.6193729480839465,-6.795543044085344,-5.42549310815612,0.0,-20.0,-20.0,110.0,-0.029941256522036552
583,5.83,0.7948341252496844,1.186866650760664,2.371974373036013,-0.6182532882975031,-6.795645072509317,-5.434955036057151,0.0,-20.0,-20.0,110.0,-0.016883035420685047
584,5.84,0.799987564897923,1.1868524714044901,2.357175015184346,-0.6171336112304285,-6.795746917319642,-5.4444169679704375,0.0,-20.0,-20.0,110.0,-0.0038806977239180668
585,5.8500000000000005,0.8051410045461616,1.1868382920483165,2.342375657332679,-0.616013916913671,-6.795848578513436,-5.4538789038888185,0.0,-20.0,-20.0,110.0,0.00906487145529708
586,5.86,0.8102944441944001,1.186824112692143,2.327576299481012,-0.614894205378179,-6.795950056087815,-5.463340843805129,0.0,-20.0,-20.0,110.0,0.02195278240989368
587,5.87,0.8154478838426387,1.1868099333359698,2.312776941629345,-0.6137744766549011,-6.796051350039908,-5.472802787712202,0.0,-20.0,-20.0,110.0,0.034782141240587566
588,5.88,0.8206013234908772,1.1867957539797969,2.297977583777678,-0.6126547307747877,-6.796152460366843,-5.482264735602872,0.0,-20.0,-20.0,110.0,0.04755205027977431
589,5.89,0.8257547631391158,1.1867815746236239,2.283178225926011,-0.6115349677687898,-6.796253387065756,-5.491726687469972,0.0,-20.0,-20.0,110.0,0.06026160853797406
590,5.9,0.8309082027873543,1.1867673952674511,2.268378868074344,-0.6104151876678573,-6.796354130133791,-5.501188643306336,0.0,-20.0,-20.0,110.0,0.07290991217334922
591,5.91,0.8360616424355929,1.1867532159112786,2.253579510222677,-0.6092953905029428,-6.796454689568092,-5.510650603104799,0.0,-20.0,-20.0,110.0,0.08549605498480235
592,5.92,0.8412150820838314,1.1867390365551063,2.2387801523710102,-0.6081755763049981,-6.7965550653658084,-5.520112566858188,0.0,-20.0,-20.0,110.0,0.09801912892914748
593,5.93,0.84636852173207,1.1867248571989342,2.2239807945193433,-0.6070557451049764,-6.7966552575241,-5.529574534559341,0.0,-20.0,-20.0,110.0,0.11047822466282026
594,5.94,0.8515219613803086,1.1867106778427623,2.2091814366676763,-0.6059358969338305,-6.796755266040126,-5.539036506201085,0.0,-20.0,-20.0,110.0,0.12287243210857304
595,5.95,0.8566754010285471,1.1866964984865904,2.1943820788160093,-0.6048160318225138,-6.796855090911053,-5.548498481776251,0.0,-20.0,-20.0,110.0,0.13520084104757588
596,5.96,0.8618288406767857,1.1866823191304188,2.1795827209643424,-0.6036961498019822,-6.796954732134055,-5.5579604612776725,0.0,-20.0,-20.0,110.0,0.14746254173731044
597,5.97,0.8669822803250242,1.1866681397742473,2.1647833631126754,-0.6025762509031892,-6.797054189706307,-5.567422444698177,0.0,-20.0,-20.0,110.0,0.15965662555561438
598,5.98,0.8721357199732628,1.1866539604180761,2.1499840052610084,-0.6014563351570915,-6.797153463624991,-5.576884432030595,0.0,-20.0,-20.0,110.0,0.1717821856712013
599,5.99,0.8772891596215013,1.1866397810619052,2.1351846474093414,-0.6003364025946445,-6.797252553887293,-5.586346423267757,0.0,-20.0,-20.0,110.0,0.18383831774092207
600,6.0,0.8824425992697399,1.1866256017057344,2.1203852895576745,-0.5992164532468041,-6.7973514604904075,-5.59580841840249,0.0,-20.0,-20.0,110.0,0.19582412063402752
601,6.01,0.8875960389179784,1.1866114223495638,2.1055859317060075,-0.59809648714453,-6.797450183431531,-5.605270417427621,0.0,-20.0,-20.0,110.0,0.2077386971836091
602,6.0200000000000005,0.892749478566217,1.1865972429933933,2.09078657385434,-0.5969765043187787,-6.797548722707867,-5.614732420335981,0.0,-20.0,-20.0,110.0,0.21958115496535952
603,6.03,0.8979029182144556,1.186583063637223,2.075987216002673,-0.5958565048005083,-6.797647078316623,-5.624194427120396,0.0,-20.0,-20.0,110.0,0.2313506071037498
604,6.04,0.9030563578626941,1.186568884281053,2.0611878581510057,-0.5947364886206784,-6.797745250255011,-5.633656437773693,0.0,-20.0,-20.0,110.0,0.24304617310564364
605,6.05,0.9082097975109327,1.186554704924883,2.0463885002993383,-0.5936164558102486,-6.797843238520251,-5.643118452288701,0.0,-20.0,-20.0,110.0,0.2546669797213208
606,6.0600000000000005,0.9133632371591712,1.1865405255687134,2.031589142447671,-0.5924964064001796,-6.797941043109565,-5.65258047065824,0.0,-20.0,-20.0,110.0,0.26621216183281043
607,6.07,0.9185166768074098,1.186526346212544,2.0167897845960034,-0.5913763404214313,-6.79803866402018,-5.662042492875142,0.0,-20.0,-20.0,110.0,0.27768086336936704
608,6.08,0.9236701164556483,1.1865121668563747,2.001990426744336,-0.5902562579049652,-6.798136101249329,-5.67150451893223,0.0,-20.0,-20.0,110.0,0.28907223824985
609,6.09,0.9288235561038869,1.1864979875002055,1.9871910688926688,-0.5891361588817432,-6.798233354794256,-5.680966548822328,0.0,-20.0,-20.0,110.0,0.30038545135167993
610,6.1000000000000005,0.9339769957521254,1.1864838081440365,1.9723917110410016,-0.5880160433827276,-6.798330424652199,-5.690428582538261,0.0,-20.0,-20.0,110.0,0.3040755874903995
611,6.11,0.939130435400364,1.1864696287878678,1.9575923531893344,-0.5868959114388818,-6.798427310820409,-5.699890620072853,0.0,-20.0,-20.0,110.0,0.30043021576780027
612,6.12,0.9442838750486026,1.1864554494316992,1.942792995337667,-0.5857757630811682,-6.798524013296141,-5.709352661418928,0.0,-20.0,-20.0,110.0,0.2967030292783229
613,6.13,0.9494373146968411,1.186441270075531,1.9279936374859996,-0.5846555983405518,-6.798620532076653,-5.718814706569308,0.0,-20.0,-20.0,110.0,0.29289243650137886
614,6.140000000000001,0.9545907543450797,1.1864270907193628,1.9131942796343322,-0.5835354172479964,-6.79871686715921,-5.7282767555168155,0.0,-20.0,-20.0,110.0,0.28899686199002517
615,6.15,0.9597441939933182,1.1864129113631947,1.8983949217826648,-0.5824152198344681,-6.798813018541082,-5.737738808254277,0.0,-20.0,-20.0,110.0,0.2850147474434961
616,6.16,0.9648976336415568,1.1863987320070268,1.8835955639309974,-0.5812950061309324,-6.798908986219542,-5.747200864774508,0.0,-20.0,-20.0,110.0,0.2809445528015924
617,6.17,0.9700510732897953,1.1863845526508592,1.86879620607933,-0.5801747761683556,-6.799004770191871,-5.756662925070335,0.0,-20.0,-20.0,110.0,0.2767847573598348
618,6.18,0.9752045129380339,1.1863703732946917,1.8539968482276625,-0.5790545299777051,-6.799100370455356,-5.766124989134577,0.0,-20.0,-20.0,110.0,0.272533860904204
619,6.19,0.9803579525862725,1.1863561939385245,1.8391974903759951,-0.5779342675899477,-6.7991957870072826,-5.775587056960054,0.0,-20.0,-20.0,110.0,0.268190384864168
620,6.2,0.985511392234511,1.1863420145823576,1.8243981325243277,-0.5768139890360512,-6.799291019844949,-5.785049128539587,0.0,-20.0,-20.0,110.0,0.26375287348259596
621,6.21,0.9906648318827496,1.1863278352261908,1.8095987746726603,-0.5756936943469839,-6.799386068965655,-5.794511203865995,0.0,-20.0,-20.0,110.0,0.25921989500101905
622,6.22,0.9958182715309881,1.186313655870024,1.7947994168209929,-0.5745733835537158,-6.799480934366707,-5.8039732829320965,0.0,-20.0,-20.0,110.0,0.2545900428586172
623,6.23,1.0009717111792267,1.1862994765138575,1.7800000589693254,-0.5734530566872156,-6.799575616045415,-5.813435365730713,0.0,-20.0,-20.0,110.0,0.24986193690315858
624,6.24,1.0061251508274651,1.1862852971576912,1.765200701117658,-0.5723327137784527,-6.7996701139990785,-5.822897452254648,0.0,-20.0,-20.0,110.0,0.24503422461203245
625,6.25,1.0112785904757036,1.186271117801525,1.7504013432659906,-0.5712123548583999,-6.799764428225051,-5.8323595424967465,0.0,-20.0,-20.0,110.0,0.24010558232137877
626,6.26,1.016432030123942,1.1862569384453592,1.7356019854143232,-0.570091979958027,-6.799858558720641,-5.841821636449812,0.0,-20.0,-20.0,110.0,0.23507471646119535
627,6.2700000000000005,1.0215854697721805,1.1862427590891935,1.7208026275626558,-0.568971589108306,-6.799952505483181,-5.851283734106662,0.0,-20.0,-20.0,110.0,0.22994036479423438
628,6.28,1.026738909420419,1.186228579733028,1.7060032697109884,-0.5678511823402097,-6.800046268510008,-5.860745835460113,0.0,-20.0,-20.0,110.0,0.22470129765632052
629,6.29,1.0318923490686573,1.1862144003768627,1.691203911859321,-0.5667307596847108,-6.800139847798462,-5.870207940502983,0.0,-20.0,-20.0,110.0,0.21935631919567214
630,6.3,1.0370457887168958,1.1862002210206974,1.6764045540076535,-0.565610321172783,-6.800233243345891,-5.879670049228088,0.0,-20.0,-20.0,110.0,0.21390426860866035
631,6.3100000000000005,1.0421992283651345,1.1861860416645325,1.6616051961559861,-0.5644898668353994,-6.80032645514965,-5.889132161628239,0.0,-20.0,-20.0,110.0,0.2083440213693643
632,6.32,1.047352668013373,1.1861718623083677,1.6468058383043185,-0.5633693967035347,-6.80041948320709,-5.898594277696256,0.0,-20.0,-20.0,110.0,0.20267449045017402
633,6.33,1.0525061076616116,1.1861576829522031,1.632006480452651,-0.5622489108081633,-6.800512327515578,-5.908056397424952,0.0,-20.0,-20.0,110.0,0.19689462753058942
634,6.34,1.0576595473098502,1.1861435035960388,1.6172071226009834,-0.5611284091802626,-6.800604988072478,-5.917518520807142,0.0,-20.0,-20.0,110.0,0.19100342419130717
635,6.3500000000000005,1.062812986958089,1.1861293242398745,1.6024077647493158,-0.5600078918508073,-6.800697464875164,-5.926980647835641,0.0,-20.0,-20.0,110.0,0.18499991309057845
636,6.36,1.0679664266063276,1.1861151448837104,1.5876084068976482,-0.5588873588507742,-6.800789757921013,-5.936442778503258,0.0,-20.0,-20.0,110.0,0.17888316911976673
637,6.37,1.0731198662545662,1.1861009655275465,1.5728090490459805,-0.5577668102111409,-6.80088186720741,-5.945904912802811,0.0,-20.0,-20.0,110.0,0.17265231053498148
638,6.38,1.078273305902805,1.1860867861713829,1.5580096911943129,-0.5566462459628845,-6.80097379273174,-5.955367050727109,0.0,-20.0,-20.0,110.0,0.16630650006158443
639,6.390000000000001,1.0834267455510436,1.1860726068152194,1.5432103333426452,-0.5555256661369835,-6.801065534491397,-5.964829192268966,0.0,-20.0,-20.0,110.0,0.1598449459683607
640,6.4,1.0885801851992822,1.1860584274590562,1.5284109754909776,-0.5544050707644167,-6.801157092483779,-5.974291337421193,0.0,-20.0,-20.0,110.0,0.15326690310808155
641,6.41,1.093733624847521,1.1860442481028932,1.51361161763931,-0.5532844598761633,-6.801248466706291,-5.983753486176603,0.0,-20.0,-20.0,110.0,0.1465716739211929
642,6.42,1.0988870644957596,1.1860300687467302,1.4988122597876423,-0.5521638335032025,-6.8013396571563405,-5.993215638528004,0.0,-20.0,-20.0,110.0,0.13975860939935172
643,6.43,1.1040405041439982,1.1860158893905675,1.4840129019359747,-0.5510431916765154,-6.801430663831341,-6.00267779446821,0.0,-20.0,-20.0,110.0,0.13282711000552394
644,6.44,1.109193943792237,1.186001710034405,1.469213544084307,-0.5499225344270825,-6.80152148672871,-6.012139953990029,0.0,-20.0,-20.0,110.0,0.12577662654741012
645,6.45,1.1143473834404756,1.1859875306782426,1.4544141862326394,-0.5488018617858849,-6.801612125845874,-6.021602117086272,0.0,-20.0,-20.0,110.0,0.11860666100096906
646,6.46,1.1195008230887142,1.1859733513220805,1.4396148283809718,-0.5476811737839058,-6.801702581180261,-6.031064283749749,0.0,-20.0,-20.0,110.0,0.1113167672808829
647,6.47,1.124654262736953,1.1859591719659186,1.4248154705293041,-0.5465604704521262,-6.801792852729304,-6.040526453973266,0.0,-20.0,-20.0,110.0,0.10390655195485607
648,6.48,1.1298077023851916,1.185944992609757,1.4100161126776365,-0.5454397518215298,-6.8018829404904455,-6.049988627749634,0.0,-20.0,-20.0,110.0,0.09637567489873596
649,6.49,1.1349611420334302,1.1859308132535953,1.3952167548259689,-0.5443190179231003,-6.801972844461126,-6.059450805071661,0.0,-20.0,-20.0,110.0,0.08872384988953017
650,6.5,1.140114581681669,1.1859166338974338,1.3804173969743012,-0.5431982687878213,-6.802062564638799,-6.068912985932155,0.0,-20.0,-20.0,110.0,0.08095084513351075
651,6.51,1.1452680213299076,1.1859024545412726,1.3656180391226336,-0.5420775044466761,-6.802152101020919,-6.0783751703239215,0.0,-20.0,-20.0,110.0,0.07305648372672122
652,6.5200000000000005,1.1504214609781462,1.1858882751851116,1.3508186812709657,-0.5409567249306511,-6.802241453604943,-6.087837358239769,0.0,-20.0,-20.0,110.0,0.06504064404535383
653,6.53,1.155574900626385,1.1858740958289509,1.3360193234192979,-0.5398359302707311,-6.802330622388338,-6.097299549672504,0.0,-20.0,-20.0,110.0,0.0569032600636147
654,6.54,1.1607283402746236,1.1858599164727903,1.32121996556763,-0.5387151204979024,-6.802419607368575,-6.106761744614934,0.0,-20.0,-20.0,110.0,0.04864432159687372
655,6.55,1.1658817799228622,1.1858457371166298,1.3064206077159621,-0.5375942956431519,-6.8025084085431295,-6.116223943059862,0.0,-20.0,-20.0,110.0,0.04026387446808148
656,6.5600000000000005,1.171035219571101,1.1858315577604694,1.2916212498642943,-0.5364734557374671,-6.802597025909481,-6.1256861450000955,0.0,-20.0,-20.0,110.0,0.031762020595649795
657,6.57,1.1761886592193396,1.1858173784043093,1.2768218920126264,-0.5353526008118348,-6.802685459465116,-6.135148350428438,0.0,-20.0,-20.0,110.0,0.02313891800119114
658,6.58,1.1813420988675782,1.1858031990481495,1.2620225341609586,-0.534231730897243,-6.802773709207523,-6.144610559337696,0.0,-20.0,-20.0,110.0,0.014394780735761808
659,6.59,1.186495538515817,1.1857890196919898,1.2472231763092907,-0.5331108460246803,-6.802861775134202,-6.154072771720673,0.0,-20.0,-20.0,110.0,0.0055298787234731445
660,6.6000000000000005,1.1916489781640556,1.1857748403358304,1.2324238184576228,-0.5319899462251355,-6.802949657242652,-6.163534987570171,0.0,-20.0,-20.0,110.0,-0.0034554624783848104
661,6.61,1.1968024178122942,1.1857606609796711,1.217624460605955,-0.5308690315295992,-6.803037355530378,-6.172997206878995,0.0,-20.0,-20.0,110.0,-0.012560862003336087
662,6.62,1.201955857460533,1.185746481623512,1.2028251027542871,-0.5297481019690617,-6.803124869994895,-6.18245942963995,0.0,-20.0,-20.0,110.0,-0.021785884084146195
663,6.63,1.2071092971087716,1.185732302267353,1.1880257449026193,-0.5286271575745133,-6.803212200633719,-6.191921655845834,0.0,-20.0,-20.0,110.0,-0.031130038545773314
664,6.640000000000001,1.2122627367570102,1.1857181229111942,1.1732263870509514,-0.5275061983769445,-6.803299347444368,-6.201383885489454,0.0,-20.0,-20.0,110.0,-0.04059278138259395
665,6.65,1.217416176405249,1.1857039435550356,1.1584270291992835,-0.526385224407346,-6.803386310424359,-6.2108461185635955,0.0,-20.0,-20.0,110.0,-0.050173515419424025
666,6.66,1.2225696160534876,1.1856897641988773,1.1436276713476157,-0.5252642356967125,-6.803473089571252,-6.220308355061087,0.0,-20.0,-20.0,110.0,-0.05987159105550938
667,6.67,1.2277230557017262,1.1856755848427192,1.1288283134959478,-0.5241432322760353,-6.8035596848825675,-6.229770594974718,0.0,-20.0,-20.0,110.0,-0.06968630709044088
668,6.68,1.232876495349965,1.1856614054865613,1.11402895564428,-0.5230222141763078,-6.80364609635585,-6.239232838297288,0.0,-20.0,-20.0,110.0,-0.07961691163057197
669,6.69,1.2380299349982036,1.1856472261304034,1.099229597792612,-0.5219011814285234,-6.803732323988648,-6.248695085021598,0.0,-20.0,-20.0,110.0,-0.08966260307430465
670,6.7,1.2431833746464422,1.1856330467742457,1.0844302399409442,-0.5207801340636765,-6.803818367778511,-6.258157335140447,0.0,-20.0,-20.0,110.0,-0.09982253117429424
671,6.71,1.248336814294681,1.1856188674180883,1.0696308820892764,-0.5196590721127606,-6.803904227723001,-6.267619588646634,0.0,-20.0,-20.0,110.0,-0.11009579817433726
672,6.72,1.2534902539429196,1.185604688061931,1.0548315242376083,-0.5185379956067723,-6.803989903819678,-6.277081845532961,0.0,-20.0,-20.0,110.0,-0.12048146001846713
673,6.73,1.2586436935911582,1.185590508705774,1.0400321663859402,-0.5174169045767063,-6.804075396066112,-6.286544105792223,0.0,-20.0,-20.0,110.0,-0.13097852762948786
674,6.74,1.263797133239397,1.1855763293496173,1.0252328085342721,-0.5162957990535594,-6.804160704459873,-6.296006369417221,0.0,-20.0,-20.0,110.0,-0.14158596825395392
675,6.75,1.2689505728876356,1.1855621499934605,1.010433450682604,-0.5151746790683279,-6.804245828998545,-6.305468636400753,0.0,-20.0,-20.0,110.0,-0.15230270687034994
676,6.76,1.2741040125358742,1.185547970637304,0.9956340928309361,-0.514053544652009,-6.804330769679706,-6.314930906735615,0.0,-20.0,-20.0,110.0,-0.16179170839016652
677,6.7700000000000005,1.279257452184113,1.1855337912811477,0.980834734979268,-0.5129323958356004,-6.804415526500948,-6.324393180414605,0.0,-20.0,-20.0,110.0,-0.16821685246626847
678,6.78,1.2844108918323516,1.1855196119249916,0.9660353771275999,-0.5118112326501004,-6.804500099459865,-6.333855457430521,0.0,-20.0,-20.0,110.0,-0.1747810566361683
679,6.79,1.2895643314805902,1.1855054325688357,0.9512360192759318,-0.510690055126507,-6.804584488554056,-6.343317737776159,0.0,-20.0,-20.0,110.0,-0.18148284707343967
680,6.8,1.294717771128829,1.18549125321268,0.9364366614242637,-0.5095688632958186,-6.8046686937811245,-6.352780021444315,0.0,-20.0,-20.0,110.0,-0.18832071735023329
681,6.8100000000000005,1.2998712107770676,1.1854770738565246,0.9216373035725957,-0.5084476571890353,-6.8047527151386795,-6.362242308427786,0.0,-20.0,-20.0,110.0,-0.19529313013192404
682,6.82,1.3050246504253062,1.1854628945003691,0.9068379457209276,-0.5073264368371581,-6.804836552624337,-6.371704598719365,0.0,-20.0,-20.0,110.0,-0.20239851890705338
683,6.83,1.310178090073545,1.185448715144214,0.8920385878692595,-0.5062052022711861,-6.804920206235715,-6.381166892311849,0.0,-20.0,-20.0,110.0,-0.20963528974802695
684,6.84,1.3153315297217836,1.185434535788059,0.8772392300175914,-0.5050839535221217,-6.80500367597044,-6.390629189198032,0.0,-20.0,-20.0,110.0,-0.21700182309794988
685,6.8500000000000005,1.3204849693700222,1.1854203564319041,0.8624398721659233,-0.5039626906209654,-6.80508696182614,-6.400091489370707,0.0,-20.0,-20.0,110.0,-0.2244964755789389
686,6.86,1.325638409018261,1.1854061770757496,0.8476405143142552,-0.50284141359872,-6.805170063800452,-6.40955379282267,0.0,-20.0,-20.0,110.0,-0.23211758181721745
687,6.87,1.3307918486664996,1.1853919977195952,0.832841156462587,-0.5017201224863876,-6.805252981891017,-6.419016099546714,0.0,-20.0,-20.0,110.0,-0.23986345628029013
688,6.88,1.3359452883147382,1.1853778183634411,0.8180417986109189,-0.5005988173149707,-6.805335716095477,-6.42847840953563,0.0,-20.0,-20.0,110.0,-0.2477323951215091
689,6.890000000000001,1.341098727962977,1.185363639007287,0.8032424407592507,-0.4994774981154729,-6.805418266411487,-6.437940722782216,0.0,-20.0,-20.0,110.0,-0.25572267802737947
690,6.9,1.3462521676112156,1.1853494596511331,0.7884430829075825,-0.4983561649188978,-6.805500632836702,-6.4474030392792585,0.0,-20.0,-20.0,110.0,-0.26383257006301275
691,6.91,1.3514056072594542,1.1853352802949795,0.7736437250559143,-0.49723481775625117,-6.805582815368779,-6.456865359019553,0.0,-20.0,-20.0,110.0,-0.27206032351120024
692,6.92,1.356559046907693,1.185321100938826,0.7588443672042461,-0.49611345665853696,-6.805664814005387,-6.46632768199589,0.0,-20.0,-20.0,110.0,-0.2804041797006861
693,6.93,1.3617124865559316,1.1853069215826728,0.7440450093525779,-0.49499208165676006,-6.805746628744199,-6.475790008201061,0.0,-20.0,-20.0,110.0,-0.28886237081933575
694,6.94,1.3668659262041702,1.1852927422265198,0.7292456515009097,-0.4938706927819262,-6.805828259582889,-6.485252337627859,0.0,-20.0,-20.0,110.0,-0.2974331217080154
695,6.95,1.372019365852409,1.1852785628703668,0.7144462936492415,-0.49274929006504187,-6.805909706519137,-6.4947146702690715,0.0,-20.0,-20.0,110.0,-0.3061146516311537
696,6.96,1.3771728055006476,1.1852643835142143,0.6996469357975733,-0.49162787353711423,-6.805990969550633,-6.50417700611749,0.0,-20.0,-20.0,110.0,-0.3149051760201237
697,6.97,1.3823262451488862,1.1852502041580617,0.684847577945905,-0.4905064432291506,-6.806072048675069,-6.513639345165906,0.0,-20.0,-20.0,110.0,-0.3238029081857563
698,6.98,1.387479684797125,1.1852360248019094,0.6700482200942368,-0.48938499917215805,-6.8061529438901385,-6.523101687407106,0.0,-20.0,-20.0,110.0,-0.3328060609964827
699,6.99,1.3926331244453636,1.1852218454457573,0.6552488622425685,-0.4882635413971444,-6.806233655193547,-6.532564032833881,0.0,-20.0,-20.0,110.0,-0.3419128485188133
700,7.0,1.3977865640936022,1.1852076660896054,0.6404495043909002,-0.4871420699351191,-6.8063141825830025,-6.542026381439021,0.0,-20.0,-20.0,110.0,-0.35112148761706374
701,7.01,1.402940003741841,1.1851934867334537,0.6256501465392319,-0.4860205848170909,-6.806394526056214,-6.551488733215314,0.0,-20.0,-20.0,110.0,-0.36043019950946154
702,7.0200000000000005,1.4080934433900796,1.185179307377302,0.6108507886875636,-0.4848990860740681,-6.806474685610901,-6.560951088155547,0.0,-20.0,-20.0,110.0,-0.36983721127799185
703,7.03,1.4132468830383182,1.1851651280211506,0.5960514308358953,-0.48377757373706165,-6.806554661244786,-6.570413446252507,0.0,-20.0,-20.0,110.0,-0.3793407573295685
704,7.04,1.418400322686557,1.1851509486649994,0.581252072984227,-0.4826560478370824,-6.806634452955598,-6.579875807498982,0.0,-20.0,-20.0,110.0,-0.38893908080635475
705,7.05,1.4235537623347956,1.1851367693088484,0.5664527151325587,-0.4815345084051413,-6.8067140607410686,-6.58933817188776,0.0,-20.0,-20.0,110.0,-0.39863043494329786
706,7.0600000000000005,1.4287072019830342,1.1851225899526976,0.5516533572808904,-0.4804129554722502,-6.806793484598937,-6.598800539411627,0.0,-20.0,-20.0,110.0,-0.40841308437116597
707,7.07,1.433860641631273,1.185108410596547,0.536853999429222,-0.4792913890694202,-6.806872724526945,-6.608262910063369,0.0,-20.0,-20.0,110.0,-0.41828530636363015
708,7.08,1.4390140812795116,1.1850942312403967,0.5220546415775535,-0.4781698092276634,-6.8069517805228426,-6.617725283835773,0.0,-20.0,-20.0,110.0,-0.42824539202715584
709,7.09,1.4441675209277502,1.1850800518842464,0.5072552837258851,-0.4770482159779923,-6.807030652584384,-6.6271876607216225,0.0,-20.0,-20.0,110.0,-0.438291647432709
710,7.1000000000000005,1.449320960575989,1.1850658725280963,0.4924559258742167,-0.47592660935142095,-6.807109340709328,-6.636650040713705,0.0,-20.0,-20.0,110.0,-0.33265916636877435
711,7.11,1.4538219795535359,1.1852118976300552,0.48456317216774725,-0.5399616096628891,-6.89968443052644,-6.644176413410972,0.0,-20.0,-20.0,110.0,-0.10152941878076083
712,7.12,1.4575446113724706,1.185489731382814,0.48482905696619005,-0.6428589688750146,-6.940673990144993,-6.583041515444617,0.0,-20.0,-20.0,110.0,-0.2572127959399827
713,7.13,1.4613466073046297,1.18577432089746,0.4871524175457423,-0.7575531743278323,-6.81709848470692,-6.338822750919127,0.0,-20.0,-20.0,110.0,-0.3609476856704307
714,7.140000000000001,1.4652700410467085,1.1860373804845636,0.49004729554338894,-0.8851372715379658,-6.492684806642888,-5.829899677631962,0.0,-20.0,-20.0,110.0,-0.42739098370534423
715,7.15,1.4693097527299837,1.1862778481186975,0.49292065359181964,-1.0248979941747223,-6.0400540646102225,-5.046805752229359,0.0,-20.0,-20.0,110.0,-0.4907041540116468
716,7.16,1.4733828672595375,1.1865130082306452,0.4957659786003647,-1.163784636558637,-5.548930918638318,-4.119012675523234,0.0,-20.0,-20.0,110.0,-0.48920657581333027
717,7.17,1.4774570312140158,1.1867484733151505,0.49860551362546124,-1.2870041814026187,-5.054853216290529,-3.191661254234698,0.0,-20.0,-20.0,110.0,-0.49562434059711535
718,7.18,1.4815278652641821,1.1869842759889693,0.5014346447421825,-1.394383540142127,-4.558373875283063,-2.2660338211259585,0.0,-20.0,-20.0,110.0,-0.49839791931931565
719,7.19,1.4855991124076506,1.1872199463587518,0.5042584082266136,-1.4859114660038542,-4.059876971111041,-1.3418894592857118,0.0,-20.0,-20.0,110.0,-0.5013366629674267
720,7.2,1.4896707343354438,1.1874554682293517,0.5070768018449718,-1.5615765895023324,-3.5597439396167303,-0.4190554477497748,0.0,-20.0,-20.0,110.0,-0.5044285792880729
721,7.21,1.4937426758658994,1.187690865129369,0.509889821507152,-1.6213871458043896,-3.0583574001569787,0.502655847782597,0.0,-20.0,-20.0,110.0,-0.5076951977891632
722,7.22,1.4978149021305582,1.1879261286575922,0.5126974656345142,-1.6653549797994291,-2.5560983913518913,1.4234664147278129,0.0,-20.0,-20.0,110.0,-0.5111293332957305
723,7.23,1.5018873684522391,1.1881612586211838,0.5154997321232476,-1.6934888435859823,-2.0533451077323717,2.343599906261457,0.0,-20.0,-20.0,110.0,-0.5147312461740857
724,7.24,1.5059600322366484,1.1883962538938047,0.5182966193030598,-1.705801535231953,-1.5504753334823507,3.263271906052515,0.0,-20.0,-20.0,110.0,-0.5185004545182528
725,7.25,1.510032850870414,1.1886311140013524,0.5210881258073623,-1.7023092651924971,-1.0478673728388777,4.182697448862907,0.0,-20.0,-20.0,110.0,-0.5224369218862716
726,7.26,1.5141057740792787,1.1888658387373958,0.5238742504359315,-1.6830317047419292,-0.5459020615877366,5.102093670735482,0.0,-20.0,-20.0,110.0,-0.5265406322567358
727,7.2700000000000005,1.5181787634170436,1.1891004264794882,0.5266549927561359,-1.6479913952123129,-0.044960702862567134,6.021677541253582,0.0,-20.0,-20.0,110.0,-0.5308107737955711
728,7.28,1.522251766799372,1.18933487694231,0.5294303522932544,-1.5972131015171718,0.45458046238832095,6.94165758415013,0.0,-20.0,-20.0,110.0,-0.5352471397009347
729,7.29,1.5263247448685708,1.189569188811546,0.5322003292454212,-1.53072560100725,0.9523442485547942,7.862239163301265,0.0,-20.0,-20.0,110.0,-0.5398489161296193
730,7.3,1.5303976536252584,1.1898033618022539,0.5349649240131232,-1.4485613057079751,1.4479532199531937,8.783626123251448,0.0,-20.0,-20.0,110.0,-0.5446158152131053
731,7.3100000000000005,1.5344704486552632,1.1900373955459798,0.5377241373598596,-1.3507561579673626,1.9410299057500264,9.70601998718085,0.0,-20.0,-20.0,110.0,-0.5495474218243221
732,7.32,1.5385430853528423,1.1902712895627823,0.5404779704221843,-1.2373497837738288,2.431196934929475,10.629618933578296,0.0,-20.0,-20.0,110.0,-0.5546431884359415
733,7.33,1.5426155190260216,1.1905050433069342,0.5432264247119103,-1.108385707421441,2.9180770885254375,11.554616905127112,0.0,-20.0,-20.0,110.0,-0.5599024619731009
734,7.34,1.5466877049866619,1.1907386562332793,0.5459695021133275,-0.9639116269735791,3.4012933488701353,12.481202810797898,0.0,-20.0,-20.0,110.0,-0.565324526879257
735,7.3500000000000005,1.5507595985481128,1.1909721277892351,0.5487072048836341,-0.8039797189779716,3.880468955365102,13.409559909886088,0.0,-20.0,-20.0,110.0,-0.5709085962835657
736,7.36,1.5548311550673657,1.1912054574533537,0.5514395356499507,-0.6286469419481875,4.3552274344639885,14.339865282324435,0.0,-20.0,-20.0,110.0,-0.5766538351528205
737,7.37,1.5589023299309213,1.1914386447184528,0.5541664974097681,-0.4379753664442106,4.825192641516213,15.272289275014902,0.0,-20.0,-20.0,110.0,-0.5825593502759903
738,7.38,1.5629730785561131,1.1916716890893664,0.5568880935307006,-0.232032531952477,5.289988817652472,16.206994932799077,0.0,-20.0,-20.0,110.0,-0.588624189326862
739,7.390000000000001,1.5670433563928643,1.1919045900815044,0.5596043277502366,-0.010891828695079054,5.749240662840529,17.144137418868578,0.0,-20.0,-20.0,110.0,-0.5948473404374511
740,7.4,1.5711131189257974,1.1921373472199572,0.5623152041754746,0.2253670976436706,6.20257342626746,18.083863428074164,0.0,-20.0,-20.0,110.0,-0.6012277321283447
741,7.41,1.5751823216766352,1.1923699600390003,0.5650207272828381,0.47665792050038375,6.649613015142193,19.026310596022576,0.0,-20.0,-20.0,110.0,-0.6077642335074948
742,7.42,1.57925092020682,1.1926024280818974,0.5677209019177626,0.7428871888049328,7.089986122915929,19.971606906597344,0.0,-20.0,-20.0,110.0,-0.614455654672731
743,7.43,1.5833188701202876,1.1928347509009063,0.5704157332943531,1.0239538678758464,7.5233203778132145,20.91987010039492,0.0,-20.0,-20.0,110.0,-0.6213007472611203
744,7.44,1.5873861270663385,1.1930669280574047,0.5731052269950135,1.3197488678112264,7.949244512462265,21.871207086477575,0.0,-20.0,-20.0,110.0,-0.6282982050951461
745,7.45,1.5914526467425627,1.19329895912207,0.575789388970049,1.6301545625703509,8.367388555309763,22.82571335982316,0.0,-20.0,-20.0,110.0,-0.6354466648862382
746,7.46,1.5955183848977965,1.1935308436750638,0.5784682255372448,1.9550443031563078,8.77738404439896,23.783472426917907,0.0,-20.0,-20.0,110.0,-0.6427447069691135
747,7.47,1.599583297335096,1.193762581306201,0.5811417433814212,2.294281928525712,9.178864263975512,24.744555242093043,0.0,-20.0,-20.0,110.0,-0.6501908560523012
748,7.48,1.603647339914721,1.1939941716150881,0.5838099495539655,2.6477212780709833,9.571464504259087,25.70901965742948,0.0,-20.0,-20.0,110.0,-0.6577835819791912
749,7.49,1.6077104685571217,1.1942256142112377,0.5864728514723411,3.0152057097417932,9.954822344578298,26.6769098893212,0.0,-20.0,-20.0,110.0,-0.6655213004994874
750,7.5,1.6117726392459317,1.194456908714155,0.5891304569195724,3.3965676280894366,10.328577959910751,27.648256005068763,0.0,-20.0,-20.0,110.0,-0.6734023740533698
751,7.51,1.6158338080309655,1.1946880547534091,0.5917827740437072,3.7916280267239295,10.692374450699585,28.623073433149443,0.0,-20.0,-20.0,110.0,-0.6814251125714192
752,7.5200000000000005,1.6198939310312153,1.1949190519686907,0.5944298113572528,4.200196049860786,11.045858195633404,29.60136250106318,0.0,-20.0,-20.0,110.0,-0.6895877742928382
753,7.53,1.62395296443785,1.1951499000098609,0.5970715777365895,4.622068577795558,11.388679226879276,30.583108004874205,0.0,-20.0,-20.0,110.0,-0.6978885666038877
754,7.54,1.6280108645172156,1.1953805985369925,0.599708082421358,5.057029841272309,11.72049162705,31.568278814749494,0.0,-20.0,-20.0,110.0,-0.7063256468976475
755,7.55,1.6320675876138302,1.1956111472204083,0.6023393350138229,5.504851069801008,12.040953946968186,32.556827520931144,0.0,-20.0,-20.0,110.0,-0.7148971234557006
756,7.5600000000000005,1.6361230901533825,1.1958415457407137,0.6049653454782105,5.965290179022021,12.349729643063315,33.54869012466637,0.0,-20.0,-20.0,110.0,-0.7236010563519067
757,7.57,1.6401773286457222,1.1960717937888279,0.6075861241400228,6.438091502207784,12.646487533005068,34.54378577865017,0.0,-20.0,-20.0,110.0,-0.7324354583782312
758,7.58,1.644230259687849,1.196301891066012,0.6102016816853252,6.9229855709269135,12.930902267939835,35.54201658150752,0.0,-20.0,-20.0,110.0,-0.7413982959924349
759,7.59,1.6482818399668986,1.1965318372838947,0.6128120291600112,7.419688949769151,13.20265481945967,36.543267430750184,0.0,-20.0,-20.0,110.0,-0.7504874902872937
760,7.6000000000000005,1.6523320262631205,1.196761632164497,0.6154171779690406,7.927904129836656,13.461432979197067,37.54740593848217,0.0,-20.0,-20.0,110.0,-0.7597009179810437
761,7.61,1.6563807754528526,1.1969912754402536,0.618017139875654,8.44731948544445,13.706931868708374,38.55428241389604,0.0,-20.0,-20.0,110.0,-0.7690364124286144
762,7.62,1.6604280445114905,1.1972207668540351,0.6206119270005622,8.977609298137752,13.938854457086586,39.56372991629615,0.0,-20.0,-20.0,110.0,-0.7784917646532573
763,7.63,1.6644737905164488,1.197450106159167,0.6232015518211111,9.518433851725536,14.15691208353444,40.575564382003066,0.0,-20.0,-20.0,110.0,-0.7880647243980567
764,7.640000000000001,1.6685179706501176,1.1976792931194484,0.625786027170422,10.069439601547499,14.360824981935536,41.58958482803745,0.0,-20.0,-20.0,110.0,-0.7977530011968686
765,7.65,1.6725605422028111,1.197908327509169,0.6283653662365073,10.630259420638005,14.550322804287669,42.60557363495094,0.0,-20.0,-20.0,110.0,-0.8075542654641381
766,7.66,1.6766014625757106,1.1981372091131273,0.6309395825613614,11.200512924828189,14.725145139713524,43.623296910572506,0.0,-20.0,-20.0,110.0,-0.8174661496030656
767,7.67,1.680640689283797,1.1983659377266438,0.6335086900400283,11.779806878141644,14.885042025642209,44.6425049357733,0.0,-20.0,-20.0,110.0,-0.8274862491315207
768,7.68,1.6846781799587804,1.1985945131555766,0.6360727029196435,12.367735679096883,15.029774447665273,45.66293269263079,0.0,-20.0,-20.0,110.0,-0.8376121238251827
769,7.69,1.6887138923520182,1.1988229352163364,0.6386316357984518,12.963881927739015,15.159114824515253,46.68430047460044,0.0,-20.0,-20.0,110.0,-0.8478412988772349
770,7.7,1.692747784337425,1.1990512037358978,0.6411855036248026,13.567817072394824,15.27284747459672,47.70631457749216,0.0,-20.0,-20.0,110.0,-0.8581712660740478
771,7.71,1.696779813914378,1.1992793185518122,0.6437343216961184,14.179102134290513,15.370769060521406,48.7286680692096,0.0,-20.0,-20.0,110.0,-0.8685994849862024
772,7.72,1.7008099392106082,1.1995072795122195,0.6462781056578416,14.797288507303827,15.45268900816233,49.75104163535884,0.0,-20.0,-20.0,110.0,-0.8791233841742206
773,7.73,1.704838118467467,1.199735086504794,0.6488168715086303,15.421918809151892,15.518429891527207,50.773104557599936,0.0,-18.07915210723877,-20.0,110.0,-0.8897403778812882
774,7.74,1.70886431002606,1.1999627394767973,0.6513506356054899,16.052527953451825,15.56782770951971,51.794515886753274,0.0,-14.612226486206056,-20.0,110.0,-0.900447909307054
775,7.75,1.7128884724463074,1.2001902382469363,0.6538794146235338,16.68864381296009,15.600732379862649,52.81492508857748,0.0,-11.22455358505249,-20.0,110.0,-0.911243216464786
776,7.76,1.716910564181643,1.2004175830094166,0.6564032256710925,17.32978890721563,15.617007576879999,53.833974317951835,0.0,-7.918309569358825,-20.0,110.0,-0.9221238790037459
777,7.7700000000000005,1.72093054408434,1.2006447735206491,0.6589220861131546,17.97548106217418,15.61653134090386,54.85129827289151,0.0,-4.693425297737122,-20.0,110.0,-0.9330870848751306
778,7.78,1.724948371099156,1.2008718096219226,0.6614360136748396,18.62523454808751,15.599196283059069,55.866525471250675,0.0,-1.5475305914878845,-20.0,110.0,-0.9441300669334275
779,7.79,1.7289640045327626,1.2010986909879136,0.6639450263320689,19.27856139057235,15.564909847221845,56.8792791886851,0.0,1.523926556110382,-20.0,110.0,-0.9552499745263493
780,7.8,1.7329774037795478,1.2013254174806796,0.6664491424004069,19.934972219439384,15.513594969724151,57.88917746577473,0.0,4.527674913406372,-20.0,110.0,-0.9664438728424508
781,7.8100000000000005,1.7369885286229645,1.2015519887388837,0.6689483804571549,20.593977171516027,15.44518952520378,58.89583630916369,0.0,7.4721759557724,-20.0,110.0,-0.9777088389496432
782,7.82,1.7409973381549437,1.2017784051919431,0.6714427597552206,21.255087952798313,15.359646010134234,59.898871644848874,0.0,10.367331504821777,-20.0,110.0,-0.9890423258868105
783,7.83,1.7450037920488932,1.2020046668501598,0.6739322997179246,21.917819078885653,15.25693164504881,60.89790015475832,0.0,13.22390079498291,-20.0,110.0,-1.0004415384207035
784,7.84,1.7490078501941788,1.2022307736899713,0.6764170200784078,22.581688933029618,15.137028408197086,61.892540205384876,0.0,16.052968502044678,-20.0,110.0,-1.0119036357143885
785,7.8500000000000005,1.7530094726716574,1.202456725683527,0.6788969408888745,23.246220888012893,14.99993295513967,62.88241296583499,0.0,18.8653826713562,-20.0,110.0,-1.0234257511570244
786,7.86,1.7570086197572823,1.202682522809559,0.6813720825164681,23.910944480205725,14.845656466603874,63.867143592977726,0.0,20.0,-20.0,110.0,-1.035005007015852
787,7.87,1.761005251927519,1.2029081650511737,0.6838424656406116,24.57539650391224,14.674224433761387,64.84636238581166,0.0,20.0,-20.0,110.0,-1.0466385010141093
788,7.88,1.764999329769488,1.2031336524254739,0.6863081112985242,25.23912206354529,14.485676356768055,65.8197059674308,0.0,20.0,-20.0,110.0,-1.058323330282842
789,7.890000000000001,1.768990813987989,1.2033589849731559,0.6887690408845991,25.90167564405487,14.280065418747906,66.78681841657406,0.0,20.0,-20.0,110.0,-1.070056596113112
790,7.9,1.7729796654657375,1.2035841627397226,0.6912252761206744,26.562622122875787,14.057458148264558,67.74735229442011,0.0,20.0,-20.0,110.0,-1.0818353913213925
791,7.91,1.7769658452794506,1.2038091857775093,0.6936768390467164,27.22153769379599,13.817934043441849,68.70096959579006,0.0,20.0,-20.0,110.0,-1.0936568008853644
792,7.92,1.7809493147021889,1.204034054148531,0.6961237520186896,27.87801071445834,13.56158515558608,69.64734263485279,0.0,20.0,-20.0,110.0,-1.1055179041898324
793,7.930000000000001,1.7849300352020565,1.2042587679255676,0.6985660377086875,28.531642479255023,13.288515638215472,70.5861548603212,0.0,20.0,-20.0,110.0,-1.1174157768442814
794,7.94,1.7889079684410916,1.2044833271922586,0.7010037191052206,29.182047916080172,12.998841267417237,71.51710159456032,0.0,20.0,-20.0,110.0,-1.1293474921549447
795,7.95,1.7928830762753467,1.2047077320429245,0.7034368195129898,29.828856204916097,12.692688938047167,72.43989069313173,0.0,20.0,-20.0,110.0,-1.1413101224896531
796,7.96,1.7968553207561122,1.2049319825824067,0.7058653625520757,30.47171131661564,12.370196139389318,73.35424312297938,0.0,20.0,-20.0,110.0,-1.1533007406309665
797,7.97,1.8008246641319245,1.205156078925984,0.7082893721566796,31.11027247091935,12.03151041355657,74.25989345857688,0.0,20.0,-20.0,110.0,-1.165316421136053
798,7.98,1.8047910688510065,1.205380021199351,0.710708872573587,31.744214513531492,11.67678879985295,75.15659029618632,0.0,20.0,-20.0,110.0,-1.1773542417005904
799,7.99,1.808754497563888,1.2056038095386352,0.7131238883604889,32.37322821287971,11.306197268338558,76.04409658708832,0.0,20.0,-20.0,110.0,-1.1894112845210785
800,8.0,1.8127149131260665,1.2058274440904255,0.7155344443842421,32.997020477944226,10.91991014584283,76.92218989129644,0.0,20.0,-20.0,110.0,-1.2014846376509534
801,8.01,1.8166722786006442,1.2060509250118008,0.7179405658191085,33.61531449923455,10.5181095376298,77.79066255388157,0.0,20.0,-20.0,110.0,-1.2135713963474115
802,8.02,1.8206265572609226,1.2062742524703491,0.7203422781449874,34.22784981560372,10.100984747824734,78.64932180659923,0.0,20.0,-20.0,110.0,-1.2256686644074308
803,8.03,1.8245777125929588,1.2064974266441792,0.722739607145642,34.83438231012035,9.6687317015735,79.49798979802601,0.0,20.0,-20.0,110.0,-1.237773555492525
804,8.040000000000001,1.828525708298089,1.2067204477219233,0.725132578906915,35.43468413866825,9.221552371734667,80.33650355585937,0.0,20.0,-20.0,110.0,-1.249883194442388
805,8.05,1.8324705082954287,1.2069433159027332,0.7275212198149298,36.02854359531403,8.759654212709776,81.16471488541201,0.0,20.0,-20.0,110.0,-1.2619947185776692
806,8.06,1.836412076724355,1.2071660313962727,0.7299055565542742,36.61576491877786,8.283249603808105,81.98249020863427,0.0,20.0,-20.0,110.0,-1.274105278992019
807,8.07,1.8403503779469743,1.2073885944227087,0.7322856161061637,37.196168044564665,7.792555304323509,82.78971034822634,0.0,20.0,-20.0,110.0,-1.2862120418332763
808,8.08,1.8442853765505722,1.2076110052126983,0.7346614257465834,37.76958830746474,7.2877919222779655,83.58627026155884,0.0,20.0,-20.0,110.0,-1.2983121895734993
809,8.09,1.8482170373500537,1.207833264007375,0.7370330130444109,38.33587609922012,6.769183398561726,84.3720787292109,0.0,20.0,-20.0,110.0,-1.310402922267341
810,8.1,1.8521453253903637,1.2080553710583355,0.7394004058595167,38.89489648617847,6.236956507976579,85.1470580029619,0.0,20.0,-20.0,110.0,-1.3224814587982245
811,8.11,1.8560702059488965,1.208277326627622,0.7417636323408451,39.446528791727324,5.691340378469457,85.9111434180459,0.0,20.0,-20.0,110.0,-1.334545038111693
812,8.120000000000001,1.859991644537887,1.208499130987709,0.7441227209244744,39.990666148221926,5.13256602962966,86.66428297439924,0.0,20.0,-20.0,110.0,-1.3465909204353295
813,8.13,1.8639096069067873,1.2087207844214807,0.7464777003316581,40.5272150229968,4.560865931317375,87.40643689150936,0.0,20.0,-20.0,110.0,-1.35861638848461
814,8.14,1.8678240590446258,1.2089422872222173,0.7488285995668448,41.05609472289005,3.9764735830947053,88.13757714131336,0.0,20.0,-20.0,110.0,-1.3706187486540997
815,8.15,1.8717349671823516,1.2091636396935732,0.7511754479156804,41.577236881516335,3.379623114944981,88.85768696340209,0.0,20.0,-20.0,110.0,-1.3825953321933726
816,8.16,1.8756422977951617,1.2093848421495563,0.7535182749429893,42.090584933305784,2.770548909592715,89.56676036656846,0.0,20.0,-20.0,110.0,-1.3945434963670835
817,8.17,1.8795460176048104,1.209605894914508,0.7558571104907372,42.59609357808629,2.149485246575707,90.26480162049968,0.0,20.0,-20.0,110.0,-1.4064606255985916
818,8.18,1.8834460935819028,1.2098267983230806,0.7581919846759748,43.09372823973259,1.5166659680735697,90.95182474116021,0.0,20.0,-20.0,110.0,-1.4183441325965704
819,8.19,1.887342492948171,1.2100475527202141,0.7605229278887617,43.58346452214071,0.8723241663629675,91.62785297314878,0.0,20.0,-20.0,110.0,-1.4301914594640315
820,8.2,1.8912351831787328,1.2102681584611141,0.7628499707900729,44.065287665515775,0.21669189264983235,92.29291827204337,0.0,20.0,-20.0,110.0,-1.4420000787892127
821,8.21,1.8951241320043333,1.2104886159112254,0.7651731443096851,44.53919200568945,-0.4500001130778816,92.94706078947746,0.0,20.0,-20.0,110.0,-1.4537674947177495
822,8.22,1.8990093074135692,1.2107089254462087,0.7674924796440452,45.00518043891247,-1.1275226716268296,93.59032836342185,0.0,20.0,-20.0,110.0,-1.4654912440056407
823,8.23,1.9028906776550938,1.210929087451914,0.769808008254121,45.46326389430254,-1.8156483941348942,94.22277601588237,0.0,20.0,-20.0,110.0,-1.4771688970524168
824,8.24,1.9067682112398059,1.2111491023243546,0.7721197618632321,45.91346081586952,-2.514151892167028,94.84446545996715,0.0,20.0,-20.0,110.0,-1.488798058914044
825,8.25,1.9106418769430198,1.2113689704696786,0.7744277724548642,46.35579665579117,-3.2228099690264145,95.45546461803038,0.0,20.0,-20.0,110.0,-1.500376370295019
826,8.26,1.914511643806617,1.211588692304143,0.7767320722704647,46.79030338037575,-3.9414017929835086,96.05584715236441,0.0,20.0,-20.0,110.0,-1.5119015085191818
827,8.27,1.9183774811411802,1.2118082682540832,0.779032693807221,47.217018989922316,-4.669709053161494,96.64569200968873,0.0,20.0,-20.0,110.0,-1.5233711884787422
828,8.28,1.9222393585281081,1.212027698755885,0.7813296698158201,47.63598705347919,-5.407516098843858,97.22508298047623,0.0,20.0,-20.0,110.0,-1.5347831635610683
829,8.290000000000001,1.9260972458217114,1.2122469842559527,0.7836230332981924,48.047256259303005,-6.154610062988164,97.79410827396211,0.0,20.0,-20.0,110.0,-1.5461352265527635
830,8.3,1.9299511131512905,1.2124661252106812,0.7859128175052369,48.45087998163931,-6.910780970741154,98.35286010950163,0.0,20.0,-20.0,110.0,-1.5574252105205972
831,8.31,1.9338009309231954,1.2126851220864219,0.7881990559345294,48.846915864276674,-7.675821833754385,98.90143432477785,0.0,20.0,-20.0,110.0,-1.5686509896688512
832,8.32,1.9376466698228625,1.212903975359452,0.7904817823280142,49.2354254211742,-8.449528731097615,99.43993000121107,0.0,20.0,-20.0,110.0,-1.5798104801726582
833,8.33,1.941488300816838,1.213122685515941,0.7927610306696788,49.61647365432184,-9.231700877559879,99.96844910678615,0.0,20.0,-20.0,110.0,-1.5909016409869587
834,8.34,1.9453257951547762,1.2133412530519176,0.7950368351832113,49.99012868886899,-10.022140680116369,100.48709615639346,0.0,20.0,-20.0,110.0,-1.6019224746306369
835,8.35,1.949159124371423,1.2135596784732356,0.7973092303296423,50.356461425443925,-10.82065378332327,100.99597788967182,0.0,20.0,-20.0,110.0,-1.612871027945519
836,8.36,1.9529882602885762,1.2137779622955391,0.7995782508049697,50.715545209487274,-11.627049104383625,101.49520296624742,0.0,20.0,-20.0,110.0,-1.6237453928298173
837,8.370000000000001,1.9568131750170283,1.213996105044226,0.8018439315377672,51.06745551733584,-12.441138858605198,101.9848816781822,0.0,20.0,-20.0,110.0,-1.6345437069457236
838,8.38,1.9606338409584876,1.214214107254413,0.8041063076867777,51.412269658715466,-13.262738575947315,102.4651256793746,0.0,20.0,-20.0,110.0,-1.6452641544007915
839,8.39,1.964450230807482,1.2144319694708983,0.80636541463849,51.75006649523644,-14.091667109327243,102.93604773159689,0.0,20.0,-20.0,110.0,-1.6559049664028114
840,8.4,1.9682623175532388,1.2146496922481236,0.8086212880046996,52.08092617442706,-14.92774663532983,103.39776146680589,0.0,20.0,-20.0,110.0,-1.6664644218878584
841,8.41,1.9720700744815476,1.2148672761501367,0.8108739636200549,52.40492987879348,-15.770802647935405,103.85038116532364,0.0,20.0,-20.0,110.0,-1.6769408481212595
842,8.42,1.975873475176601,1.215084721750552,0.8131234775395877,52.7221595893526,-16.620663945852264,104.29402154945647,0.0,20.0,-20.0,110.0,-1.6873326212711905
843,8.43,1.9796724935228147,1.2153020296325112,0.8153698660362275,53.03269786305158,-17.47716261401065,104.72879759209744,0.0,20.0,-20.0,110.0,-1.6976381669546512
844,8.44,1.9834671037066285,1.2155192003886433,0.8176131655983028,53.33662762345911,-18.3401339997459,105.15482433984431,0.0,20.0,-20.0,110.0,-1.7078559607556054
845,8.45,1.9872572802182837,1.2157362346210232,0.8198534129270252,53.63403196409163,-19.209416684169426,105.57221675015747,0.0,20.0,-20.0,110.0,-1.7179845287150455
846,8.46,1.9910429978535826,1.215953132941131,0.8220906449339612,53.92499396371899,-20.08485244919706,105.98108954208142,0.0,20.0,-20.0,110.0,-1.7280224477927781
847,8.47,1.9948242317156248,1.2161698959698088,0.8243248987384871,54.20959651297989,-20.966286240676556,106.381557060059,0.0,20.0,-20.0,110.0,-1.7379683463007756
848,8.48,1.998600957216523,1.2163865243372194,0.8265562116652321,54.48792215162561,-21.853566128028064,106.7737331503777,0.0,20.0,-20.0,110.0,-1.7478209043078787
849,8.49,2.0023731500790984,1.2166030186828012,0.8287846212415048,54.760052915700996,-22.74654326078472,107.1577310498036,0.0,20.0,-20.0,110.0,-1.7575788540157307
850,8.5,2.0061407863384706,1.2168193796377318,0.8310101651957889,55.0260701996632,-23.64507179858823,107.53366324630743,0.0,20.0,-18.71912956237793,110.0,-1.7672409667323938
851,8.51,2.009903842345363,1.2170356078147153,0.8332328814529072,55.286054655945186,-24.549008768225107,107.90164132894955,0.0,20.0,-16.528196334838867,110.0,-1.776806051372723
852,8.52,2.0136622947687015,1.2172517037443544,0.8354528081330246,55.54008605560663,-25.45821408045343,108.26177603662713,0.0,20.0,-14.301118850708008,110.0,-1.7862729166793014
853,8.53,2.017416120592994,1.2174676685255985,0.8376699835214065,55.78824314363815,-26.372550544819635,108.61417706982044,0.0,20.0,-12.029523849487305,110.0,-1.7956407622471318
854,8.540000000000001,2.021165297127111,1.2176835023559278,0.8398844461310085,56.03060360999292,-27.291883577693767,108.95895305312605,0.0,20.0,-9.70681607723236,110.0,-1.804908284783931
855,8.55,2.0249098020027207,1.2178992060872995,0.8420962346224145,56.2672439028675,-28.21608141961763,109.29621158111235,0.0,20.0,-7.3300498723983765,110.0,-1.8140746311438427
856,8.56,2.0286496131753595,1.2181147804423855,0.8443053878427149,56.498239136924354,-29.1450150299354,109.6260591791477,0.0,20.0,-4.901332259178162,110.0,-1.8231389195050054
857,8.57,2.0323847089156875,1.2183302261945415,0.8465119448315629,56.723662942165916,-30.07855813609071,109.94860138219049,0.0,20.0,-2.428845912218094,110.0,-1.8321003486224487
858,8.58,2.0361150677980286,1.2185455441596715,0.8487159448450423,56.94358727111419,-31.016587321074688,110.26394285646022,0.0,20.0,0.07336661219596863,110.0,-1.8409581916445101
859,8.59,2.039840668722513,1.2187607350766412,0.8509174273307254,57.15808209637877,-31.958982251318428,110.57218769639891,0.0,20.0,2.586527466773987,110.0,-1.849711728797393
860,8.6,2.043561490851787,1.218975799939654,0.8531164320084916,57.36721569223203,-32.905625298336204,110.87343867536573,0.0,20.0,5.089464783668518,110.0,-1.8583604264883544
861,8.61,2.047277513841797,1.219190739158881,0.8553129985048471,57.57105474835901,-33.85640072429889,111.16779700481865,0.0,20.0,7.561383843421936,110.0,-1.8669034633725876
862,8.620000000000001,2.050988717607044,1.219405553461356,0.8575071667255741,57.76966410461561,-34.81119488315966,111.45536270298804,0.0,20.0,9.984579682350159,110.0,-1.8753402546960998
863,8.63,2.0546950823845394,1.219620243616241,0.8596989767587854,57.96310659569754,-35.76989638237437,111.73623473205653,0.0,20.0,12.346467971801758,110.0,-1.883670288915665
864,8.64,2.058396588738812,1.21983481041138,0.8618884688673768,58.151442931027304,-36.73239610601842,112.01051107481871,0.0,20.0,14.640390872955322,110.0,-1.8918931142992095
865,8.65,2.0620932175690014,1.2200492546392427,0.8640756834760012,58.334731596053025,-37.698587167433075,112.27828878285275,0.0,20.0,16.86544895172119,110.0,-1.9000083308854476
866,8.66,2.0657849500210745,1.2202635769837091,0.8662606613725937,58.513028757264536,-38.668364765401996,112.5396639838727,0.0,20.0,19.025845527648926,110.0,-1.9080155294525394
867,8.67,2.069471767904879,1.2204777785190144,0.8684434427580728,58.686388168372346,-39.64162624751992,112.79473204041075,0.0,20.0,20.0,110.0,-1.9159145529556372
868,8.68,2.0731536529267296,1.2206918598385923,0.8706240689879692,58.85486107508067,-40.61827100061213,113.0435876113381,0.0,20.0,20.0,110.0,-1.9237050570900647
869,8.69,2.076830587401233,1.2209058218237454,0.8728025809601564,59.0184959443237,-41.59820043187036,113.28632480920827,0.0,20.0,20.0,110.0,-1.9313868797230849
870,8.700000000000001,2.0805025539343482,1.2211196652874978,0.8749790198324997,59.177338492928605,-42.581317815235224,113.52303721320173,0.0,20.0,20.0,110.0,-1.938959878064285
871,8.71,2.0841695354787113,1.2213333910571986,0.8771534268934817,59.331431488239474,-43.567528255228396,113.75381805708066,0.0,20.0,20.0,110.0,-1.9464239655963862
872,8.72,2.0878315153285225,1.2215469999716022,0.8793258435742807,59.48081454980923,-44.55673864498699,113.97876042091747,0.0,20.0,20.0,110.0,-1.9537791101954456
873,8.73,2.0914884769809494,1.2217604926362746,0.8814963118274936,59.62552381327689,-45.54885745777002,114.19795739352335,0.0,20.0,20.0,110.0,-1.9610251627243018
874,8.74,2.095140404709194,1.221973870393101,0.883664872577677,59.76559247420759,-46.54379466921446,114.41150196466822,0.0,20.0,20.0,110.0,-1.9681625467997423
875,8.75,2.0987872826859393,1.22218713387211,0.8858315680729282,59.90104932605996,-47.541462605803545,114.61948832439748,0.0,20.0,20.0,110.0,-1.9751912033369363
876,8.76,2.102429095592356,1.2224002839618193,0.8879964402639305,60.03191882802797,-48.541775011130134,114.82201149889598,0.0,20.0,20.0,110.0,-1.982111325729916
877,8.77,2.106065828428885,1.222613321510878,0.890159531315042,60.1582211570936,-49.54464699146679,115.01916752791763,0.0,20.0,20.0,110.0,-1.9889231226110553
878,8.78,2.109697466561391,1.2228262473940201,0.8923208834723528,60.27997174018553,-50.5499950573905,115.21105394959206,0.0,20.0,20.0,110.0,-1.9956268637957817
879,8.790000000000001,2.1133239957133036,1.2230390625026681,0.8944805390829831,60.397180753332314,-51.5577371213547,115.3977703164462,0.0,20.0,20.0,110.0,-2.0022228743326633
880,8.8,2.116945401961847,1.2232517677400399,0.8966385406049353,60.5098525674086,-52.56779247136851,115.57941876510942,0.0,20.0,20.0,110.0,-2.00871153112613
881,8.81,2.120561671736933,1.2234643640181875,0.8987949306103259,60.61798511891008,-53.580081730993975,115.75610466222724,0.0,20.0,20.0,110.0,-2.0150932606993224
882,8.82,2.124172791821523,1.223676852256462,0.9009497517845648,60.72156918125299,-54.594526812303734,115.92793735151847,0.0,20.0,20.0,110.0,-2.021368537790227
883,8.83,2.1277787493526303,1.2238892333809663,0.9031030469235126,60.82058750874757,-55.611050866191476,116.09503102979295,0.0,20.0,20.0,110.0,-2.0275378845067986
884,8.84,2.1313795318224904,1.22410150832452,0.9052548589298994,60.91501382123394,-56.62957823246622,116.25750578364627,0.0,20.0,20.0,110.0,-2.033601869758468
885,8.85,2.1349751270796893,1.224313678026801,0.9074052308096638,61.004811591382655,-57.650034390706686,116.41548882447775,0.0,20.0,20.0,110.0,-2.0395611087637184
886,8.86,2.1385655233301755,1.2245257434344863,0.9095542056684606,61.089932587995214,-58.672345911994974,116.56911596818654,0.0,20.0,20.0,110.0,-2.045416262531265
887,8.870000000000001,2.142150709138171,1.2247377055013318,0.9117018267083744,61.170315116539655,-59.69644041125584,116.71853341807339,0.0,20.0,20.0,110.0,-2.051168037280334
888,8.88,2.1457306734269976,1.2249495651881843,0.9138481372247907,61.245881881700384,-60.7222464997972,116.86389992598883,0.0,20.0,20.0,110.0,-2.056817183799725
889,8.89,2.149305405479857,1.2251613234629515,0.9159931806033601,61.3165373745592,-61.74969373762674,117.00538942897256,0.0,20.0,20.0,110.0,-2.0623644967573935
890,8.9,2.1528748949405614,1.2253729813005423,0.9181370003170061,61.382164657136215,-62.77871258511277,117.14319428854168,0.0,20.0,20.0,110.0,-2.067810813973137
891,8.91,2.156439131814244,1.225584539682796,0.9202796399229445,61.4426213764177,-63.809234353518754,117.27752930039968,0.0,20.0,20.0,110.0,-2.07315701566379
892,8.92,2.1599981064680445,1.2257959995984085,0.9224211430596987,61.49773478427285,-64.841191153849,117.40863669807315,0.0,20.0,20.0,110.0,-2.0784040236666415
893,8.93,2.163551809631765,1.2260073620428587,0.9245615534441048,61.547295462277205,-65.87451584328053,117.53679245137171,0.0,20.0,20.0,110.0,-2.083552800643976
894,8.94,2.1671002323985116,1.2262186280183358,0.9267009148683062,61.5910493416216,-66.90914196821116,117.66231426941309,0.0,20.0,20.0,110.0,-2.0886043492699033
895,8.950000000000001,2.170643366225303,1.2264297985336696,0.9288392711967387,61.62868745308604,-67.94500370259071,117.78557187315826,0.0,20.0,20.0,110.0,-2.093559711399842
896,8.96,2.174181202933664,1.2266408746042612,0.9309766663631088,61.65983261745827,-68.98203577967703,117.90700032700678,0.0,20.0,20.0,110.0,-2.098419967222806
897,8.97,2.1777137347101854,1.226851857252012,0.9331131443673664,61.68402195648372,-70.02017341458564,118.02711754930351,0.0,20.0,20.0,110.0,-2.103186234396616
898,8.98,2.1812409541070648,1.2270627475052562,0.9352487492726707,61.700683610127896,-71.05935221384426,118.14654761591488,0.0,20.0,20.0,110.0,-2.107859667166346
899,8.99,2.1847628540426185,1.2272735463986886,0.9373835252023542,61.70910529185832,-72.0995080664058,118.26605222511598,0.0,20.0,20.0,110.0,-2.112441455466415
900,9.0,2.18827942780177,1.227484254973295,0.9395175163368814,61.70839113872289,-73.14057700782851,118.38657386696211,0.0,20.0,20.0,110.0,-2.1169328240068404
901,9.01,2.191790669036514,1.2276948742762805,0.941650766910803,61.69740143901829,-74.1824950449597,118.5092961143076,0.0,20.0,20.0,110.0,-2.1213350313442354
902,9.02,2.195296571766352,1.2279054053609975,0.9437833212097076,61.67466675251533,-75.22519792129982,118.63572952046417,0.0,20.0,20.0,110.0,-2.125649368938139
903,9.03,2.198797130378705,1.2281158492868733,0.9459152235671706,61.63826276721809,-76.26862079115502,118.76783677948748,0.0,20.0,20.0,110.0,-2.12987716019332
904,9.040000000000001,2.2022923396293015,1.2283262071193382,0.9480465183616972,61.585623228615006,-77.31269774965877,118.9082198130998,0.0,20.0,20.0,110.0,-2.134019759488659
905,9.05,2.2057821946425387,1.22853647992975,0.9501772500136652,61.51325198513312,-78.35736112770967,119.06040774050926,0.0,20.0,20.0,110.0,-2.1380785511932423
906,9.06,2.209266690911816,1.2287466687953223,0.9523074629822627,61.41626442767522,-79.40254038903267,119.2293154532195,0.0,20.0,20.0,110.0,-2.1420549486702716
907,9.07,2.21274582429985,1.2289567747990497,0.9544372017624249,61.287627514646644,-80.44816032390544,119.42200360340118,0.0,20.0,20.0,110.0,-2.1459503932694566
908,9.08,2.216219591038954,1.2291667990296329,0.9565665108817671,61.11683889413283,-81.49413793346866,119.64899949414121,0.0,20.0,20.0,110.0,-2.149766353308487
909,9.09,2.2196879877313034,1.229376742581404,0.9586954348975162,60.88749464964609,-82.54037671847293,119.92672934513728,0.0,20.0,20.0,110.0,-2.15350432304423
910,9.1,2.2231510113491653,1.2295866065542504,0.9608240183934397,60.57247752084072,-83.58675540811969,120.28233008241922,0.0,20.0,20.0,110.0,-2.157165821634296
911,9.11,2.226608659235111,1.2297963920535404,0.9629523059767731,60.123523261570114,-84.6331035446423,120.76408298971424,0.0,20.0,20.0,110.0,-2.160752392089615
912,9.120000000000001,2.2300609291021964,1.2300061001900462,0.965080342275146,59.44566130085154,-85.67914166845695,121.46697305587647,0.0,20.0,20.0,110.0,-2.1642656002186587
913,9.13,2.2335078190341195,1.2302157320798668,0.9672081719335058,58.32287245092573,-86.72430714121582,122.60703127418616,0.0,20.0,20.0,110.0,-2.1677070335639748
914,9.14,2.236949327485355,1.230425288844352,0.9693358396110416,56.13643602023091,-87.76709227096234,124.80298753569473,0.0,20.0,20.0,110.0,-2.1710783003316814
915,9.15,2.2403854532812573,1.2306347716100257,0.9714633899781058,50.13727490914527,-88.80094440724578,130.8039255387516,0.0,20.0,20.0,110.0,-2.1743810283145817
916,9.16,2.243816195618146,1.230844181508506,0.9735908677131356,-2.631045638977017,-89.70668424740656,-176.43371595780886,0.0,20.0,20.0,110.0,-2.177616863809529
917,9.17,2.247241554063356,1.23105351967643,0.9757183174995745,-100.90497376989192,-89.03532624119431,-78.17348739942081,0.0,20.0,20.0,110.0,-2.180787470529754
918,9.18,2.250661528555272,1.231262787255373,0.9778457840227915,-109.28463222907119,-88.00732381285734,-69.81526722305155,0.0,20.0,20.0,110.0,-2.1838945285127656
919,9.19,2.25407611940333,1.2314719853917715,0.9799733119670028,-111.94639133280965,-86.9659624531493,-67.18268888502578,0.0,20.0,20.0,110.0,-2.1869397330245186
920,9.200000000000001,2.257485327287996,1.2316811152368436,0.9821009460121914,-113.25347156305172,-85.92166049601842,-65.91253826617448,0.0,20.0,20.0,110.0,-2.1899247934604986
921,9.21,2.2608891532607203,1.2318901779465101,0.9842287308310284,-114.03487126617962,-84.87642048035886,-65.17582597405372,0.0,20.0,20.0,110.0,-2.192851432244388
922,9.22,2.2642875987438655,1.2320991746813137,0.9863567110857936,-114.55921266926313,-83.83092834015248,-64.70394132873476,0.0,20.0,20.0,110.0,-2.195721383724989
923,9.23,2.2676806655306065,1.23230810660634,0.9884849314252979,-114.93960169649682,-82.7855060016257,-64.38379254942741,0.0,20.0,20.0,110.0,-2.1985363930720374
924,9.24,2.2710683557848084,1.2325169748911367,0.9906134364818066,-115.2319101341162,-81.7403417569598,-64.15952459362916,0.0,20.0,20.0,110.0,-2.201298215171605
925,9.25,2.2744506720408757,1.2327257807096341,0.9927422708679623,-115.46690621791588,-80.69556546920317,-64.00038857467048,0.0,20.0,20.0,110.0,-2.204008613521731
926,9.26,2.277827617203581,1.2329345252400625,0.9948714791737113,-115.6629296087212,-79.65127823023424,-63.88806679228376,0.0,20.0,20.0,110.0,-2.2066693591289233
927,9.27,2.281199194547861,1.2331432096648722,0.99700110596323,-115.831592691834,-78.60756571073745,-63.810971440160294,0.0,20.0,20.0,110.0,-2.2092822294062495
928,9.28,2.284565407718592,1.2333518351706523,0.9991311957718538,-115.98060791169726,-77.56450479407552,-63.76141727922875,0.0,20.0,20.0,110.0,-2.211849007073577
929,9.290000000000001,2.2879262607303414,1.2335604029480467,1.0012617931030081,-116.11530013349896,-76.52216713876058,-63.734109284913494,0.0,20.0,20.0,110.0,-2.2148130254902534
930,9.3,2.291281757967087,1.2337689141916754,1.0033929424251404,-116.23946614365516,-75.48062121664935,-63.72528315640775,0.0,20.0,20.0,110.0,-2.2180380806708495
931,9.31,2.2946319041819168,1.233977370100049,1.0055246881686566,-116.35588799230177,-74.43993354326895,-63.732191984804096,0.0,20.0,20.0,110.0,-2.2212217798797345
932,9.32,2.297976704496702,1.234185771875488,1.007657074722858,-116.46665258307137,-73.4001694561773,-63.75278667477604,0.0,20.0,20.0,110.0,-2.224365926893534
933,9.33,2.3013161644017424,1.2343941207240399,1.009790146432883,-116.57335777262492,-72.36139362876291,-63.78550985730722,0.0,20.0,20.0,110.0,-2.2274723252847646
934,9.34,2.30465028975539,1.2346024178553952,1.0119239475966497,-116.67724936923912,-71.32367042312022,-63.829158904131,0.0,20.0,20.0,110.0,-2.2305427773482753
935,9.35,2.3079790867836425,1.234810664482804,1.0140585224618046,-116.77931462874652,-70.28706414176742,-63.882792445543195,0.0,20.0,20.0,110.0,-2.2335790830343654
936,9.36,2.311302562079717,1.235018861822994,1.0161939152226722,-116.88034755390325,-69.25163921394704,-63.945665085469365,0.0,20.0,20.0,110.0,-2.2365830388892176
937,9.370000000000001,2.3146207226035953,1.2352270110960843,1.0183301700172087,-116.98099544346275,-68.21746033857389,-64.01718086746158,0.0,20.0,20.0,110.0,-2.239556437003237
938,9.38,2.3179335756815407,1.2354351135255035,1.0204673309239607,-117.08179268585263,-67.18459259783855,-64.09685949667417,0.0,20.0,20.0,110.0,-2.242501063967912
939,9.39,2.321241129005599,1.2356431703379034,1.0226054419590278,-117.18318569760903,-66.15310155058677,-64.18431141760921,0.0,20.0,20.0,110.0,-2.2454186998418395
940,9.4,2.324543390633063,1.2358511827630758,1.0247445470730285,-117.28555160092166,-65.12305331154818,-64.27921915321663,0.0,20.0,20.0,110.0,-2.248311117126405
941,9.41,2.32784036898592,1.236059152033868,1.026884690148071,-117.38921240090491,-64.09451462054069,-64.38132314466834,0.0,20.0,20.0,110.0,-2.251180079751845
942,9.42,2.3311320728502714,1.2362670793860961,1.0290259149947298,-117.49444587924341,-63.067552904508176,-64.49041087508486,0.0,20.0,20.0,110.0,-2.254027342074154
943,9.43,2.3344185113757248,1.2364749660584622,1.0311682653490253,-117.6014940589274,-62.04223633440399,-64.60630842242283,0.0,20.0,20.0,110.0,-2.2568546478834577
944,9.44,2.3376996940747667,1.2366828132924665,1.0333117848694107,-117.71056984963569,-61.01863387835991,-64.72887383188032,0.0,20.0,20.0,110.0,-2.259663729424424
945,9.450000000000001,2.340975630822105,1.2368906223323242,1.0354565171337622,-117.82186231453018,-59.99681535218601,-64.85799186696677,0.0,20.0,20.0,110.0,-2.26245630642924
946,9.46,2.344246331853989,1.2370983944248777,1.0376025056363758,-117.93554088124765,-58.976851467969745,-64.99356981635256,0.0,20.0,20.0,110.0,-2.2652340851637214
947,9.47,2.3475118077675026,1.2373061308195117,1.039749793784971,-118.05175873626766,-57.95881388134881,-65.13553411721442,0.0,20.0,20.0,110.0,-2.2679987574870726
948,9.48,2.350807924724392,1.2375141774304197,1.0418890280379731,-118.17068122180987,-56.94277009357032,-65.28381006645306,118.61724853515625,20.0,20.0,109.99951648712158,-2.2970459449297507
949,9.49,2.354222153577955,1.2377233563827816,1.0439966061479964,-118.29249622143108,-55.9287812752016,-65.43831508824142,289.9350891113281,20.0,20.0,109.99833393096924,-2.340314803452086
950,9.5,2.357860736843921,1.2379346257701351,1.0460422223360701,-118.41739006554216,-54.916907074645536,-65.59897564045177,472.152587890625,20.0,20.0,109.99640846252441,-2.3896797100975102
951,9.51,2.3618360019447304,1.2381489510699888,1.0479919142319059,-118.54554002621039,-53.90720752099913,-65.76573198849336,665.4044189453125,20.0,20.0,109.99369525909424,-2.445410848675069
952,9.52,2.3662659103882757,1.2383672968953694,1.0498080370971687,-118.67711572667251,-52.89974315270932,-65.93853675549023,868.2680053710938,20.0,20.0,109.99015522003174,-2.5074326218305334
953,9.53,2.3712726358226597,1.2385906104215187,1.0514495259294852,-118.81227968760452,-51.89457528972629,-66.11735412885325,1077.64306640625,20.0,20.0,109.98576068878174,-2.575253313325305
954,9.540000000000001,2.3769803051818665,1.2388197989577239,1.052872466363276,-118.95118721420633,-50.89176643182689,-66.30215954817918,1289.2652587890625,20.0,20.0,109.9805040359497,-2.648036052247671
955,9.55,2.3835124026007684,1.2390557067085957,1.0540308524209758,-119.09398602331767,-49.89138071017119,-66.49293958179912,1498.8319091796875,20.0,20.0,109.97439289093018,-2.7248218269585385
956,9.56,2.3909895320405723,1.239299096676737,1.0548773183358462,-119.24081607178186,-48.89348428821465,-66.68969167647845,1703.199951171875,20.0,20.0,109.9674482345581,-2.8047963403037826
957,9.57,2.3995280773326617,1.239550641512058,1.0553636473759667,-119.39180989032698,-47.898145629777474,-66.89242358651578,1901.0172119140625,20.0,20.0,109.95969676971436,-2.887457431729329
958,9.58,2.4092398811656017,1.2398109232457548,1.055440975715916,-119.54709344140002,-46.905435613909354,-67.10115248663064,2092.5390625,20.0,20.0,109.95116424560547,-2.972613654740077
959,9.59,2.420209481951744,1.2400802742111916,1.0550681495526912,-119.70677353194998,-45.91543112205649,-67.31591294855897,2200.0,20.0,20.0,109.94219398498535,-3.0430175559056596
960,9.6,2.43246462172734,1.2403585886788397,1.0542231962889663,-119.87092237085001,-44.92821967771783,-67.53676634991798,2200.0,20.0,20.0,109.93322372436523,-3.0919478998548064
961,9.61,2.44600127921344,1.2406455281873774,1.0528953364574227,-120.03959474495096,-43.94389558900328,-67.7637885546068,2200.0,20.0,20.0,109.92425346374512,-3.1408589966637335
962,9.620000000000001,2.4608153539517663,1.2409407539082125,1.0510738558618544,-120.21284734500168,-42.96255504572962,-67.99705682853336,2200.0,20.0,20.0,109.915283203125,-3.189713651883243
963,9.63,2.4769026508018874,1.2412439261060297,1.0487480624844105,-120.3907387150761,-41.984296175686666,-68.23664988732106,2200.0,20.0,20.0,109.90631294250488,-3.2384728251586323
964,9.64,2.494258879917301,1.2415547043836352,1.045907287355322,-120.57332920571524,-41.009219101619536,-68.48264793624442,2200.0,20.0,20.0,109.89734268188477,-3.287093945106717
965,9.65,2.5128796567308997,1.2418727479270786,1.0425408854288791,-120.760680929706,-40.03742599889672,-68.73513270302594,2200.0,20.0,20.0,109.88837242126465,-3.335529649067725
966,9.66,2.532760501950022,1.2421977157509805,1.03863823646554,-120.95285771956524,-39.069021153826476,-68.99418746397787,2200.0,20.0,20.0,109.87940216064453,-3.38372675337658
967,9.67,2.553896841561287,1.2425292669439876,1.0341887459200387,-121.14992508590208,-38.104111022575715,-69.25989706384682,2200.0,20.0,20.0,109.87043190002441,-3.431625348190082
968,9.68,2.5762840068453974,1.2428670609142796,1.0291818458353594,-121.35195017591232,-37.14280429063778,-69.53234792961406,2200.0,20.0,20.0,109.8614616394043,-3.479157955875893
969,9.69,2.5999172344021155,1.2432107576350517,1.023606995742433,-121.55900173131991,-36.18521193278668,-69.81162807841298,2200.0,20.0,20.0,109.85249137878418,-3.5888853445625437
970,9.700000000000001,2.624791666185589,1.243560017889896,1.0174536835654155,-121.77115004512696,-35.231447273446506,-70.09782711964608,2200.0,20.0,20.0,109.84352111816406,-3.700048797910647
971,9.71,2.650902349550218,1.2439145035180046,1.0107114265323967,-121.98846691656918,-34.281626047393885,-70.39103625131484,2200.0,20.0,20.0,109.83455085754395,-3.812366017068497
972,9.72,2.678244237307248,1.2442738776591198,1.0033697720913797,-122.21102560370092,-33.33586646070188,-70.69134825051518,2200.0,20.0,20.0,109.82558059692383,-3.9258242166959785
973,9.73,2.706812187792267,1.2446378049981528,0.995418298831379,-122.43890077305139,-32.394289251821625,-70.99885745799587,2200.0,20.0,20.0,109.81661033630371,-4.038466486008883
974,9.74,2.7366009649437824,1.2450059520093923,0.9868466174084658,-122.67216844580864,-31.45701775268672,-71.31365975663023,2200.0,20.0,20.0,109.8076400756836,-4.150714399537735
975,9.75,2.7676052383930574,1.2453779872002302,0.9776443714765922,-122.91090593999472,-30.524177949711763,-71.63585254360518,2200.0,20.0,20.0,109.79866981506348,-4.264049406113404
976,9.76,2.7998195835653683,1.2457535813543241,0.9678012386230217,-123.15519180809896,-29.59589854454351,-71.96553469609233,2200.0,20.0,20.0,109.78969955444336,-4.378474960678733
977,9.77,2.833238481792863,1.2461324077741185,0.957306931308184,-123.40510576963788,-28.672311014407793,-72.30280653012784,2200.0,20.0,20.0,109.78072929382324,-4.493993914868603
978,9.78,2.8678563204391687,1.2465141425226487,0.9461511978097719,-123.66072863810666,-27.753549671880087,-72.64776975239273,2200.0,20.0,20.0,109.77175903320312,-4.610608497441623
979,9.790000000000001,2.9036673930359225,1.2468984646645525,0.93432382317089,-123.92214224178258,-26.839751723890377,-73.0005274045532,2200.0,20.0,20.0,109.76278877258301,-4.728320305680977
980,9.8,2.9406658994313717,1.2472850565062052,0.9218146301520636,-124.18942933783498,-25.931057329755916,-73.36118379978983,2200.0,20.0,20.0,109.75381851196289,-4.84713030666052
981,9.81,2.9788459459512002,1.2476736038349097,0.9086134801869079,-124.46267351918823,-25.027609658016008,-73.72984445111727,2200.0,20.0,20.0,109.74484825134277,-4.967038847325394
982,9.82,3.0182015455717313,1.2480637961570549,0.8947102743412587,-124.74195911357599,-24.129554941823315,-74.10661599106874,2200.0,20.0,20.0,109.73587799072266,-5.088045672370739
983,9.83,3.058726618105637,1.2484553269351735,0.8800949542755543,-125.02737107421575,-23.237042532625072,-74.49160608229637,2200.0,20.0,20.0,109.72690773010254,-5.21014994892754
984,9.84,3.1004149904003153,1.2488478938238157,0.8647575032102611,-125.31899486152443,-22.350224951845288,-74.88492331861623,2200.0,20.0,20.0,109.71793746948242,-5.33335029708775
985,9.85,3.14326039654905,1.2492411989041659,0.8486879468941276,-125.61691631528838,-21.469257940256103,-75.28667711600764,2200.0,20.0,20.0,109.7089672088623,-5.457644825325299
986,9.86,3.187256478115095,1.2496349489173226,0.831876354575046,-125.92122151669223,-20.594300504701696,-75.69697759305869,2200.0,20.0,20.0,109.69999694824219,-5.583031169897954
987,9.870000000000001,3.232396784368803,1.250028855496167,0.8143128399733023,-126.23199663960757,-19.725514961812966,-76.11593544033633,2200.0,20.0,20.0,109.69102668762207,-5.709506537349318
988,9.88,3.2786747725379213,1.2504226353957413,0.7959875622569851,-126.5493277905375,-18.863066978324742,-76.54366177814774,2200.0,20.0,20.0,109.68205642700195,-5.837067749269375
989,9.89,3.326083808071177,1.2508160107220638,0.7768907270193259,-126.87330083661205,-18.007125607579994,-76.98026800215212,2200.0,20.0,20.0,109.67308616638184,-5.965711288518914
990,9.9,3.374617164915249,1.2512087091593003,0.7570125872577349,-127.20400122103234,-17.15786332177698,-77.42586561627856,2200.0,20.0,20.0,109.66411590576172,-6.095433346173836
991,9.91,3.424268025805243,1.2516004641952216,0.7363434443542961,-127.54151376536673,-16.315456039486943,-77.88056605240591,2200.0,20.0,20.0,109.6551456451416,-6.226229868502239
992,9.92,3.475029482568766,1.2519910153448646,0.7148736490574817,-127.88592245811147,-15.480083147939405,-78.34448047626651,2200.0,20.0,20.0,109.64617538452148,-6.358096603347802
993,9.93,3.5268945364437045,1.2523801083723296,0.6925936024648409,-128.23731022894384,-14.651927519542966,-78.81771957904624,2200.0,20.0,20.0,109.63720512390137,-6.491029145356568
994,9.94,3.579856098409777,1.2527674955106332,0.6694937570064162,-128.5957587081169,-13.831175522078562,-79.30039335417105,2200.0,20.0,20.0,109.62823486328125,-6.625022979549678
995,9.950000000000001,3.6339069895339673,1.253152935679544,0.6455646174286392,-128.9613479704709,-13.018017021972078,-79.79261085879354,2200.0,20.0,20.0,109.61926460266113,-6.760073522811993
996,9.96,3.6890399413299044,1.2535361947013297,0.6207967417784499,-129.33415626357078,-12.212645380022698,-80.29447995952542,2200.0,20.0,20.0,109.61029434204102,-6.896176162932236
997,9.97,3.7452475961312635,1.2539170455143391,0.5951807423873867,-129.71425971952166,-11.415257438933997,-80.80610706200027,2200.0,20.0,20.0,109.6013240814209,-7.033326294896654
998,9.98,3.802522507479264,1.2542952683843462,0.5687072868553875,-130.10173205006456,-10.62605350196565,-81.32759682390079,2200.0,20.0,20.0,109.59235382080078,-7.171519354201327
999,9.99,3.8608571405243146,1.2546706511135866,0.541367099034041,-130.49664422461416,-9.845237301996066,-81.85905185114245,2200.0,20.0,20.0,109.58338356018066,-7.310750847009186
1000,10.0,3.920243872441872,1.2550429892474113,0.5131509600090266,-130.8990641309723,-9.073015960260232,-82.40057237697475,2200.0,20.0,20.0,109.57441329956055,-7.451016377035469
1001,10.01,3.9806749928625567,1.2554120862784888,0.48404970908147643,-131.30905621853105,-8.309599934003062,-82.95225592384142,2200.0,20.0,20.0,109.56544303894043,-7.592311669098692
1002,10.02,4.042142704316575,1.2557777538484824,0.45405424474799183,-131.7266811238736,-7.55520295226753,-83.51419694793348,2200.0,20.0,20.0,109.55647277832031,-7.734632589323083
1003,10.03,4.104639122692481,1.2561398119471359,0.42315552567904624,-132.1519952787874,-6.810041939018318,-84.08648646647403,2200.0,20.0,20.0,109.5475025177002,-7.877975162023282
1004,10.040000000000001,4.168156277706245,1.256498089096418,0.39134457169120557,-132.5850506065078,-6.074337136164446,-84.66921186832819,2200.0,20.0,18.99019718170166,109.53853225708008,-8.022335619905071
1005,10.05,4.23268611338303,1.2568524225458566,0.3586124647274267,-133.02589482675543,-5.348313549102756,-85.26245804195865,2200.0,20.0,16.972200870513912,109.52956199645996,-8.167710424555443
1006,10.06,4.298220488535415,1.2572026584381466,0.32495034985187127,-133.4745721796594,-4.632203557680828,-85.8663097528809,2200.0,20.0,15.00818967819214,109.52059173583984,-8.314096316143681
1007,10.07,4.364751177206887,1.2575486517849628,0.29034943621194576,-133.93112315157384,-3.926248169335002,-86.4808525226851,2200.0,20.0,13.126702308654785,109.51162147521973,-8.461490294684925
1008,10.08,4.4122715917895245,1.2576465716197867,0.2828957474485198,-134.07862303971118,-7.7087500343909365,-83.00880213038228,2200.0,20.0,11.359081268310547,109.50265121459961,-8.569529144914393
1009,10.09,4.465007862754761,1.2577198534736969,0.26923872666847254,-135.51914360208696,-20.075630212555872,-71.54470000393957,2200.0,20.0,20.0,109.49368095397949,-8.403983184167215
1010,10.1,4.507416529095706,1.2576592811938816,0.2703377295970879,-141.00022482540552,-33.597336551271574,-56.845997664676936,2200.0,20.0,20.0,109.48471069335938,-9.819091477230236
1011,10.11,4.550637877398774,1.2575572420543826,0.2710731415734779,-152.5802854067539,-45.3423113771883,-37.657662700609706,2200.0,20.0,20.0,109.47574043273926,-9.901563888141142
1012,10.120000000000001,4.5948748902854035,1.2574288301089065,0.270997783491113,-172.70989275230826,-52.785861000196036,-11.02186238200469,2200.0,20.0,20.0,109.46677017211914,-9.977950806521873
1013,10.13,4.640151536314424,1.257267170464598,0.27014283300421027,161.7146368727575,-52.7034337369799,20.333888886009934,2200.0,20.0,20.0,109.45779991149902,-10.045665602288187
1014,10.14,4.6864907934269375,1.2570654346581658,0.26854020582400995,140.90782563084824,-44.85024958953046,46.50459993266753,2200.0,20.0,20.0,109.4488296508789,-10.103242423489208
1015,10.15,4.7339146264035366,1.2568168446399381,0.26622252841822813,128.3010544126714,-32.173268180823655,64.35582752414334,2200.0,20.0,20.0,109.43985939025879,-10.150657560365866
1016,10.16,4.782443966406362,1.2565146777194511,0.26322310993707415,121.43480514630463,-17.090032273673025,76.69320415187624,2200.0,20.0,20.0,109.43088912963867,-10.189488793035235
1017,10.17,4.83209869271598,1.2561522726756804,0.2595759130789856,118.1611163841757,-0.8181965032306295,86.16062196774561,2200.0,20.0,20.0,109.42191886901855,-10.222877940107123
1018,10.18,4.88289761654384,1.2557230370625174,0.25531552373024835,117.56996507735,16.020558082469346,94.5299133879136,2200.0,20.0,20.0,109.41294860839844,-10.255285503111942
1019,10.19,4.934858466671221,1.255220455589772,0.2504771192937149,119.84261353532946,32.99154440574586,103.41872022142933,2200.0,20.0,20.0,109.40397834777832,-10.303612847699512
1020,10.200000000000001,4.987997876092907,1.2546380957093233,0.245096434684833,126.8630636302484,49.51383959312073,115.51445512010046,2200.0,-13.09105396270752,20.0,109.3950080871582,-10.402799346738144
1021,10.21,5.04233138129661,1.2539696341601452,0.23920973069454018,145.42111330288577,63.97609484362417,138.08351635230144,2200.0,-20.0,20.0,109.38603782653809,-10.513635047616521
1022,10.22,5.097873394773497,1.253208815652673,0.23285373510081872,-170.60044055522383,70.2959669556773,-174.690922433499,2200.0,-20.0,20.0,109.37706756591797,-10.640245162756319
1023,10.23,5.154637188948242,1.252349522089068,0.22606565609657833,-130.1831454886576,61.920966826663545,-131.5889660058433,2200.0,-20.0,20.0,109.36809730529785,-10.785210961020361
1024,10.24,5.21263485025812,1.2513856971615651,0.2188831064250491,-113.51519855531019,46.53539308575028,-112.65285274464951,2200.0,-20.0,20.0,109.35912704467773,-10.948903581160799
1025,10.25,5.271877287188863,1.2503113961103256,0.2113441036150301,-106.29443005295835,29.185070576416614,-103.46265304010433,2200.0,-20.0,20.0,109.35015678405762,-11.129424778393078
1026,10.26,5.332374231723223,1.249120792572251,0.20348702591335913,-102.66825794806148,11.121995583362022,-98.05285575247954,2200.0,-20.0,20.0,109.3411865234375,-11.322646872376906
1027,10.27,5.394134244375039,1.2478081929570368,0.19535057228789326,-100.76029572363862,-7.274820182141556,-94.40710957409382,2200.0,-20.0,9.830242991447449,109.33221626281738,-11.52255789111125
1028,10.28,5.457164713070216,1.2463680499461676,0.1869737211993439,-99.91914949029942,-25.852125463904514,-91.63660909209833,2200.0,-20.0,-0.19068792462348938,109.32324600219727,-11.721862385542552
1029,10.290000000000001,5.521471841682871,1.244794972665859,0.17839569008086004,-100.07263508176575,-44.529163448609786,-89.10428163461505,2200.0,-20.0,-5.25113046169281,109.31427574157715,-11.912777910492908
1030,10.3,5.587060628977978,1.2430837353020834,0.16965589589630517,-102.07726397982317,-63.23709428364775,-85.59408204046909,2200.0,-20.0,-10.905160903930664,109.30530548095703,-12.051623509539972
1031,10.31,5.651286668694409,1.241893294980469,0.16008335890150446,-107.59602982480504,-63.767441923279705,-78.79423162935682,2200.0,-20.0,-16.44094467163086,109.29633522033691,-11.270443568780971
1032,10.32,5.715195939695203,1.2408179947699771,0.15054757892122259,-111.12855949344063,-52.667313844830666,-74.65259225173446,2200.0,-20.0,-20.0,109.2873649597168,-11.797905650307225
1033,10.33,5.77517624446965,1.2399145155279303,0.1580521117083751,-109.0641813986278,-41.817360751222566,-75.58005187066152,2200.0,-20.0,-20.0,109.27839469909668,-9.896664983192302
1034,10.34,5.83839840040241,1.2389589597013642,0.1564730116791307,-104.38119535845918,-33.80779158321746,-77.5297652329679,2200.0,-20.0,-20.0,109.26942443847656,-10.51437305298978
1035,10.35,5.900581241592315,1.2380798343468873,0.16352070981773933,-100.76858749853983,-25.603585911318113,-78.09137338727508,2200.0,-20.0,-20.0,109.26045417785645,-10.540871498385863
1036,10.36,5.961975206514356,1.2366563665500259,0.1697461529856169,-101.30289928189863,-26.364352370955196,-76.05731063049943,2200.0,-20.0,-20.0,109.25148391723633,-9.836577375619813
1037,10.370000000000001,6.02462218349358,1.2354584133148947,0.175828402705122,-102.69502247344877,-28.51516238421256,-73.5708979330352,2200.0,-20.0,-20.0,109.24251365661621,-9.694712247547962
1038,10.38,6.088322906673225,1.2343992019420646,0.1815481940463559,-104.15079344220824,-30.608466450236968,-70.96348091251052,2200.0,-20.0,-20.0,109.2335433959961,-9.827183556611805
1039,10.39,6.153271657341882,1.2335988308321604,0.18699352073374098,-105.67573508020357,-32.64072813874346,-68.23084322144976,2200.0,-20.0,-20.0,109.22457313537598,-9.95958028572082
1040,10.4,6.2194566929744015,1.2330874668930103,0.19214206605624543,-107.27522981712909,-34.608286909334176,-65.36874258718427,2200.0,-20.0,-20.0,109.21560287475586,-10.09180180441602
1041,10.41,6.286865147185495,1.232895010675437,0.1969717927032651,-108.9544293687348,-36.5073686285072,-62.373039213498686,2200.0,-20.0,-20.0,109.20663261413574,-10.223745794728355
1042,10.42,6.355483042258674,1.233051070289186,0.20146096285996784,-110.71813074344983,-38.334103720604034,-59.23984397767637,2200.0,-20.0,-20.0,109.19766235351562,-10.355308742980858
1043,10.43,6.425295302719776,1.2335849354887696,0.20558815790378024,-112.57062022938985,-40.08455463562968,-55.965691555112336,2200.0,-20.0,-20.0,109.18869209289551,-10.486386226139313
1044,10.44,6.496285769818949,1.2345255519347669,0.2093322977404165,-114.51548686326166,-41.75475437353505,-52.547741057014896,2200.0,-20.0,-20.0,109.17972183227539,-10.616873037899227
1045,10.450000000000001,6.568437216854854,1.2359014956739536,0.2126726598035867,-116.55540795954323,-43.34075778886157,-48.98400360394243,2200.0,-20.0,-20.0,109.17075157165527,-10.74666321070711
1046,10.46,6.64173136532408,1.2377409478905639,0.2155888977219434,-118.69191200707701,-44.8387071375544,-45.27359227681993,2200.0,-20.0,-20.0,109.16178131103516,-10.875649989414018
1047,10.47,6.716148901901681,1.240071669976916,0.21806105964193553,-120.92512837557996,-46.24491273855182,-41.41698514977395,2200.0,-20.0,-20.0,109.15281105041504,-11.003725792136766
1048,10.48,6.791669496261723,1.242920978962811,0.2200696061881925,-123.25353834874463,-47.55594866551602,-37.41628681791825,2200.0,-20.0,-20.0,109.14384078979492,-11.130782173769065
1049,10.49,6.8682718197405705,1.2463157233342157,0.22159542804170643,-125.67374736146861,-48.768762038867905,-33.27546843788512,2200.0,-20.0,-20.0,109.1348705291748,-11.25670979557904
1050,10.5,6.945933564837641,1.2502822592649334,0.22261986311754878,-128.1803030398552,-49.880792783650364,-29.000561607862764,2200.0,-20.0,-20.0,109.12590026855469,-11.381398399479508
1051,10.51,7.024631465542103,1.2548464272806055,0.22312471332607853,-130.7655865079721,-50.89009877023807,-24.59977858635084,2200.0,-20.0,-20.0,109.11693000793457,-11.504736784838496
1052,10.52,7.104341318469867,1.260033529372018,0.2230922609035382,-133.41980407714948,-51.795479290486,-20.083531721588184,2200.0,-20.0,-20.0,109.10795974731445,-11.626612786691345
1053,10.53,7.1850380047931415,1.2658683065736112,0.2225052842992788,-136.13110169997174,-52.59658817767765,-15.464329705375468,2200.0,-20.0,-20.0,109.09898948669434,-11.746913255571899
1054,10.540000000000001,7.266695512943766,1.2723749170226994,0.221347073607677,-138.88581492066,-53.2940269533894,-10.756537911074131,2200.0,-20.0,-20.0,109.09001922607422,-11.865524040295607
1055,10.55,7.349286962071226,1.2795769145148017,0.2196014455332901,-141.6688530358889,-53.8894085507301,-5.976004081468123,2200.0,-20.0,-20.0,109.0810489654541,-11.982329975763678
1056,10.56,7.432784626235993,1.287497227570441,0.21725275787811205,-144.46419964404691,-54.38538365158846,-1.1395671533407985,2200.0,-20.0,-20.0,109.07207870483398,-12.097214878253299
1057,10.57,7.517159959318759,1.2961581390286712,0.2142859235400616,-147.25549565625818,-54.78562446633288,3.7355169049232955,2200.0,-20.0,-20.0,109.06310844421387,-12.210061550844285
1058,10.58,7.601835536529598,1.3056797397560218,0.22269072114309701,-136.63450515179224,-50.96733959877158,-6.627811016654743,2200.0,-20.0,-20.0,109.05413818359375,-14.327911391320695
1059,10.59,7.687367475060319,1.3155918556364394,0.224857509000337,-120.25294861788372,-38.8459549696151,-24.09746916202654,2200.0,-20.0,-20.0,109.04516792297363,-15.266169527261768
1060,10.6,7.773223203856706,1.3262020815159428,0.23259552630112007,-110.77538966157893,-23.803427243463535,-33.73083142584158,2200.0,-20.0,-20.0,109.03619766235352,-15.307980860348207
1061,10.61,7.859649397306274,1.3374324880593913,0.24004557782250155,-104.88115921850923,-7.41463597465489,-38.805174417304286,2200.0,-20.0,-20.0,109.0272274017334,-15.348499270558966
1062,10.620000000000001,7.946348463455359,1.3489676023021309,0.24737094492272932,-100.71011327796067,9.620440139594496,-40.97870696140674,716.6488037109375,-20.0,-20.0,109.02430534362793,-15.066342207729246
1063,10.63,8.032889717049342,1.3603022795677093,0.25474235768270187,-97.13001396905182,26.942121134837937,-40.857202626162376,0.0,-20.0,-20.0,109.02430534362793,-14.934283511538403
1064,10.64,8.119139747888534,1.3712552470418324,0.2621710696343016,-92.99407911574167,44.301901577866246,-38.178485488406565,0.0,-20.0,-20.0,109.02430534362793,-14.965616807106825
1065,10.65,8.205107121944407,1.381815906520968,0.26961876680060215,-85.67415742636832,61.37894111909854,-30.771431023762226,0.0,-20.0,-20.0,109.02430534362793,-15.022742824887612
1066,10.66,8.290802270104212,1.3919768482907675,0.2770498753725513,-61.20971048279362,76.8653887662069,-4.895122689825526,0.0,-20.0,-20.0,109.02430534362793,-15.108411098055791
1067,10.67,8.376237279415728,1.4017331060519371,0.28442892137094056,26.606660834754532,78.2486951654086,85.59038518680487,0.0,-20.0,-20.0,109.02430534362793,-15.221778828689619
1068,10.68,8.461425819965225,1.4110821863035263,0.2917207479311088,55.10300188467212,63.68037156538366,118.06362096509172,0.0,-20.0,10.011346340179443,109.02430534362793,-15.358255251361712
1069,10.69,8.546383060088349,1.420024086090962,0.29889072457401406,61.32165079850255,47.58459224680443,129.7305936527195,0.0,-20.0,20.0,109.02430534362793,-15.50981361633397
1070,10.700000000000001,8.631125572249108,1.4285612879284562,0.305904981015452,62.59234390604927,31.6730241941481,138.21506835995348,0.0,-20.0,20.0,109.02430534362793,-15.665879070396294
1071,10.71,8.715671236610651,1.4366987554648185,0.312730560855888,61.52562418354395,16.363635116201635,146.58915984659296,0.0,-20.0,20.0,109.02430534362793,-15.81434403294406
1072,10.72,8.800306461176651,1.4449754525457024,0.31946298269487877,61.04285789595174,1.4048217951490585,155.70235478820038,1430.358154296875,-3.9191347360610966,20.0,109.01847267150879,-16.072543261187146
1073,10.73,8.8852930653869,1.4541099699374471,0.3267924689006515,60.879335815381424,-13.755868536557044,165.07808307812337,2200.0,20.0,20.0,109.00950241088867,-16.623585608471437
1074,10.74,8.970760952877354,1.4643623356352207,0.33467723298694557,58.2315479569729,-28.841937256499396,175.20301904056754,2200.0,20.0,20.0,109.00053215026855,-16.7549679737172
1075,10.75,9.056663030553825,1.4757223943504185,0.3431809909302185,51.81222116433683,-43.36218071008986,-172.03367237223114,2200.0,20.0,20.0,108.99156188964844,-16.849461965950407
1076,10.76,9.142982245420166,1.4882052868405962,0.3522880662879971,38.12476190353822,-56.20224545845027,-152.75815110661793,2200.0,20.0,20.0,108.98259162902832,-16.91207281142197
1077,10.77,9.229701377592626,1.5018256670133956,0.36198253687362864,10.74557549560622,-64.3340245665428,-120.29006516612894,2200.0,20.0,20.0,108.9736213684082,-16.950870467847164
1078,10.78,9.316803041494063,1.516597689387758,0.372248230484241,-25.02324728218445,-62.86465496185088,-79.73818083006705,2200.0,20.0,20.0,108.96465110778809,-16.976132427202145
1079,10.790000000000001,9.404269690816996,1.532535003540715,0.38306872592623786,-48.46396214988102,-52.80483209310689,-51.65434758681956,2200.0,20.0,20.0,108.95568084716797,-16.999266849512612
1080,10.8,9.492083622418198,1.5496507516565965,0.3944273568208782,-60.048637699700244,-38.95250069787213,-35.399068458743564,2200.0,20.0,20.0,108.94671058654785,-17.031634714661877
1081,10.81,9.580226979728684,1.567957567252451,0.40630721820442267,-65.80582055156897,-23.620404238794997,-24.741930404386277,2200.0,20.0,20.0,108.93774032592773,-17.08339354232165
1082,10.82,9.668681756041101,1.5874675739646684,0.4186911751815278,-68.54264087673108,-7.636022775775605,-16.587303613134225,2200.0,20.0,20.0,108.92877006530762,-17.16248120104995
1083,10.83,9.757429798100498,1.6081923838148964,0.4315618730422032,-69.29857188227096,8.648363576603911,-9.415352533226443,2200.0,20.0,20.0,108.9197998046875,-17.273842338463908
1084,10.84,9.84645281028877,1.6301430948192446,0.4449017483800046,-68.21895454197157,25.018376595688483,-2.154710976945597,2200.0,20.0,20.0,108.91082954406738,-17.41897353941373
1085,10.85,9.935732359637633,1.6533302880111425,0.4586930408915266,-64.57298332005382,41.237747169168536,6.566752394298712,2200.0,20.0,20.0,108.90185928344727,-17.59582932846074
1086,10.86,10.025249881860441,1.6777640239891822,0.47291780557491453,-55.60786953198663,56.79107313723516,19.872332353452947,2200.0,20.0,20.0,108.89288902282715,-17.7990932239069
1087,10.870000000000001,10.114986688538773,1.703453839062724,0.4875579250136683,-31.381326140481583,69.7319153195539,47.937233496945446,2200.0,20.0,20.0,108.88391876220703,-18.02078024204773
1088,10.88,10.2049239755235,1.7304087410263256,0.5025951213901704,21.420133390001386,72.36672636798575,104.23487785785376,2200.0,20.0,20.0,108.87494850158691,-18.251103472722566
1089,10.89,10.295042832513552,1.758637204585674,0.5180109678649508,55.76221544266916,61.53584065951813,141.85319244972905,2200.0,20.0,20.0,108.8659782409668,-18.479511052730317
1090,10.9,10.385324253669411,1.7881471664851014,0.5337868990012541,68.4309704248855,46.25119340970586,157.68574412309252,2200.0,20.0,20.0,108.85700798034668,-18.695783682165047
1091,10.91,10.475749149018187,1.8189460204344479,0.5499042200074609,73.93525065799368,29.78203403548594,166.35445500809715,2200.0,20.0,20.0,108.84803771972656,-18.89107830355739
1092,10.92,10.566298356526485,1.8510406120783403,0.5663441142089974,76.59257233235984,12.865916729538926,172.32190475888132,2200.0,5.184670090675354,20.0,108.83906745910645,-19.05881020239463
1093,10.93,10.656952653631501,1.8844372336481157,0.5830876493802597,77.73485940545666,-4.26223030329656,177.14578002218332,2200.0,-8.319364190101624,20.0,108.83009719848633,-19.195286866236234
1094,10.94,10.747692769475828,1.9191416126286034,0.6001157839157011,77.74111056083925,-21.495683811076024,-178.37321376714073,2200.0,-20.0,20.0,108.82112693786621,-19.300037525128126
1095,10.950000000000001,10.838499396873013,1.955158898011238,0.6174093625190361,76.4137068741054,-38.7557345660155,-173.4731578640392,2200.0,-20.0,20.0,108.8121566772461,-19.37579534613006
1096,10.96,10.929353200556235,1.9924936621730547,0.6349491069099337,72.47767849351968,-55.91475501041405,-166.57692921869594,2200.0,-20.0,20.0,108.80318641662598,-19.428134797660977
1097,10.97,11.02023481655746,2.031149899754163,0.6527156245129215,59.246288535289246,-72.44915045324085,-150.82202032274617,2200.0,-20.0,20.0,108.79421615600586,-19.46485436463508
1098,10.98,11.11112485537769,2.0711310348688077,0.6706894190116338,-16.770173810370746,-81.61658567072692,-72.6099891204548,2200.0,-20.0,20.0,108.78524589538574,-19.495123703292972
1099,10.99,11.202003905733214,2.1124399244219068,0.6888509021292522,-69.86600874771517,-68.71857849981218,-17.576272595204863,2200.0,-20.0,20.0,108.77627563476562,-19.52850604729262
1100,11.0,11.292852539366743,2.15507885954911,0.707180406131586,-79.73370202742502,-51.79811212234698,-5.981861886838946,2200.0,-20.0,20.0,108.76730537414551,-19.573960114967335
1101,11.01,11.38365131708419,2.1990495662042115,0.7256581966770592,-83.35698746136487,-34.388561778329105,-0.8124314258054387,2200.0,-20.0,20.0,108.75833511352539,-19.63892549471656
1102,11.02,11.474380796019705,2.2443532054618833,0.7442644857568657,-85.16512199338538,-16.8216383907303,2.37971775987409,2200.0,-20.0,20.0,108.74936485290527,-19.728584999985088
1103,11.03,11.565045022086617,2.2906729886735246,0.7629558919376426,-86.2229283955815,0.8226686678065067,4.66603267119719,1178.8043212890625,-20.0,20.0,108.74455833435059,-19.63513728946613
1104,11.040000000000001,11.655683802232671,2.3373252591016893,0.7816717625895969,-86.91458973476885,18.51453464199104,6.421031256499783,0.0,-20.0,20.0,108.74455833435059,-19.53084421641523
1105,11.05,11.746324166273133,2.3839435605197874,0.8003857379277337,-87.42790704858447,36.23948352906511,7.7894770411466485,0.0,-20.0,20.0,108.74455833435059,-19.68632144193726
1106,11.06,11.836967699164516,2.430527943939369,0.8190990195140493,-87.91958770460326,53.98881220040349,8.778800435603095,0.0,-20.0,20.0,108.74455833435059,-19.86009667802742
1107,11.07,11.92761489118031,2.477078452572899,0.8378121135398456,-88.81216547468284,71.75516018268823,9.051137036820094,0.0,-20.0,20.0,108.74455833435059,-20.044701807810533
1108,11.08,12.018266231025654,2.5235951441777393,0.8565255262452055,-135.12511886486436,89.3241737104012,-36.37254834113498,0.0,-20.0,20.0,108.74455833435059,-20.231733636041294
1109,11.09,12.108922205600683,2.570078091026284,0.8752397637286611,94.4615034731282,72.650792719232,-166.16192233867318,0.0,-17.793700695037842,20.0,108.74455833435059,-20.412753411993393
1110,11.1,12.199529300178947,2.6168327481340303,0.893946000469111,93.78632458362627,54.85237396061356,-166.49466296015714,992.7780151367188,-9.332320094108582,20.0,108.74050998687744,-20.780475993396415
1111,11.11,12.289959884619167,2.664533953255098,0.912614117216883,93.79394252645105,37.049556524469295,-166.47406500579137,2200.0,-3.450309634208679,20.0,108.73153972625732,-21.172537806701648
1112,11.120000000000001,12.38013002812634,2.713548658233571,0.9312126259603272,94.10445993761918,19.250555152660684,-166.57549678433259,2200.0,5.443940162658691,20.0,108.7225694656372,-21.29890235691393
1113,11.13,12.470019849864801,2.763871586758593,0.949721010485476,94.72211194781168,1.4653829749096727,-166.97690021175205,2200.0,18.28557014465332,20.0,108.71359920501709,-21.399764393775918
1114,11.14,12.559610680828348,2.815497119573897,0.9681195370350724,95.79825059708924,-16.288810689156644,-167.89455978692817,2200.0,20.0,20.0,108.70462894439697,-21.47651669357145
1115,11.15,12.648883990577243,2.86841908920206,0.9863885061439892,97.73327134481733,-33.97602191091766,-169.76605952526464,2200.0,20.0,20.0,108.69565868377686,-21.53288531947014
1116,11.16,12.73782137834889,2.92263078162152,1.0045083176962808,101.69094667018048,-51.498695262223876,-173.78554374512888,2200.0,20.0,20.0,108.68668842315674,-21.57528927627944
1117,11.17,12.826404599014932,2.978124933146055,1.0224594456080984,112.51447260260015,-68.45143852668342,175.17134146358123,2200.0,20.0,20.0,108.67771816253662,-21.61212470845784
1118,11.18,12.914615571071808,3.034893724396667,1.0402224463737195,166.5408462223727,-80.82477680187931,120.72704466345866,2200.0,20.0,20.0,108.6687479019165,-21.64873183962436
1119,11.19,13.002436383490656,3.092928780563774,1.0577779615323026,-122.35271863196778,-71.5400872768816,48.94893410385063,2200.0,20.0,20.0,108.65977764129639,-21.69229303991797
1120,11.200000000000001,13.089849299837665,3.1522211740063586,1.0751067213162198,-108.63563550518282,-54.89944060176619,34.22594963856953,2200.0,20.0,20.0,108.65080738067627,-21.74893935668407
1121,11.21,13.17683676089071,3.2127614283725494,1.0921895499936642,-104.45338903909352,-37.51623960966252,28.58026013263408,2200.0,20.0,20.0,108.64183712005615,-21.823128848232862
1122,11.22,13.26338138656718,3.274539523467691,1.1090073727962326,-103.04452607012253,-19.983231799549134,25.05011807532112,2200.0,20.0,20.0,108.63286685943604,-21.91721869012399
1123,11.23,13.34946597778963,3.3375449006335156,1.125541224283852,-103.08435805743939,-2.4496876815976356,21.961756053241555,2200.0,20.0,20.0,108.62389659881592,-22.03127197757322
1124,11.24,13.43507351865533,3.401766468572905,1.1417722578845317,-104.39481174388665,14.990126542665026,18.47083487603423,2200.0,20.0,20.0,108.6149263381958,-22.16311409244865
1125,11.25,13.520187179164834,3.4671926096671406,1.1576817563510942,-107.46839916539129,32.20305231963251,13.632132303494892,2200.0,20.0,20.0,108.60595607757568,-22.308626437039468
1126,11.26,13.60479031872956,3.5338111868263122,1.1732511428692947,-114.02405587528472,48.87831170472604,5.482800740188639,2200.0,20.0,20.0,108.59698581695557,-22.46224014911112
1127,11.27,13.688866490669476,3.6016095508404127,1.1884619925317321,-129.8617414016133,63.960146688416614,-11.935518620077957,2200.0,20.0,20.0,108.58801555633545,-22.617571796590482
1128,11.28,13.772399447883773,3.670574548111746,1.2032960438689515,-171.8498683354441,72.67042967409672,-55.61708983071075,2200.0,20.0,20.0,108.57904529571533,-22.76812913648008
1129,11.290000000000001,13.855373149808775,3.7406925285841317,1.2177352101182948,140.46942380362802,66.44656016557543,-105.22718036497272,2200.0,20.0,20.0,108.57007503509521,-22.90800917295434
1130,11.3,13.937771770669755,3.8119493536565168,1.2317615899250565,121.54798509727308,52.09878878832723,-126.45890576694636,2200.0,20.0,20.0,108.5611047744751,-23.03251343012524
1131,11.31,14.019579708902691,3.8843304038794426,1.2453574772153493,114.35369941723465,35.79989802522063,-136.5416008138825,2200.0,20.0,20.0,108.55213451385498,-23.13861609910798
1132,11.32,14.10078159749243,3.9578205862750964,1.258505370054307,111.54859306379863,18.96887637833477,-143.11293754336816,2200.0,20.0,20.0,108.54316425323486,-23.22523819582015
1133,11.33,14.181362314868782,4.032404341183476,1.271187978398663,111.11827538913369,2.0342310345246224,-148.68778045704966,2200.0,20.0,20.0,108.53419399261475,-23.293303035504785
1134,11.34,14.261306995811507,4.108065648694045,1.2833882311203748,112.66487243199424,-14.761508206647973,-154.58243573768698,2200.0,20.0,20.0,108.52522373199463,-23.345573267475746
1135,11.35,14.340601042653216,4.184788034371681,1.2950892800026321,116.72986504815229,-31.13199866071577,-162.12836529406658,2200.0,20.0,20.0,108.51625347137451,-23.386289029581015
1136,11.36,14.41923013388391,4.2625545758061065,1.3062745073194755,125.24036070119992,-46.49586056971242,-173.68092956460225,2200.0,20.0,20.0,108.5072832107544,-23.42066210152764
1137,11.370000000000001,14.497180234452003,4.341347907187982,1.316927528813182,143.18579894312887,-59.25680532725259,165.49879419941345,2200.0,20.0,20.0,108.49831295013428,-23.454270784924073
1138,11.38,14.574437603607024,4.421150224501537,1.3270321983460454,176.91456820303932,-65.05684809195263,128.8573572544545,2200.0,20.0,20.0,108.48934268951416,-23.492435117670944
1139,11.39,14.650988801827443,4.501943290059068,1.3365726117375796,-149.00051897599707,-59.6754662146688,91.63412963143239,2200.0,20.0,20.0,108.48037242889404,-23.539636879443634
1140,11.4,14.726820695946662,4.583708437634545,1.345533110900352,-130.85898523144863,-47.22552040253666,69.92063831300447,2200.0,20.0,20.0,108.47140216827393,-23.599047951932423
1141,11.41,14.801920462810825,4.6664265781379,1.3538982884713826,-122.57860456397594,-32.21134066907656,57.36437240947534,2200.0,20.0,20.0,108.46243190765381,-23.672215802535327
1142,11.42,14.876529426884835,4.749766048332388,1.3618617823751962,-119.09742438485247,-16.32490493612534,48.50602793640558,749.47216796875,20.0,20.0,108.45937633514404,-23.493508567145078
1143,11.43,14.951025088890262,4.833242594009171,1.3697328737566767,-118.52864023875021,-0.2282228466158078,40.81408551777643,0.0,20.0,20.0,108.45937633514404,-23.480988746753784
1144,11.44,15.025539116339319,4.916695922474496,1.3776203793574915,-120.473370689106,15.67089969630196,32.74878013210092,0.0,20.0,20.0,108.45937633514404,-23.628444548166172
1145,11.450000000000001,15.100072287981918,5.00012714650156,1.3855249602140367,-125.54129716823125,30.90383753223807,22.7364384186852,0.0,20.0,20.0,108.45937633514404,-23.78170847292776
1146,11.46,15.174624887969747,5.083536797856199,1.393446970992807,-135.63916110838554,44.60483396536707,8.32500985321955,0.0,20.0,20.0,108.45937633514404,-23.935996204599412
1147,11.47,15.249197192174446,5.166925417492127,1.4013867588888873,-154.3113411625901,54.83156587565845,-14.383538397383788,0.0,20.0,20.0,108.45937633514404,-24.086563191153864
1148,11.48,15.323789468132755,5.250293555398694,1.4093446634877507,177.78059139141595,58.044919606867175,-46.31949302352677,0.0,14.428889751434326,20.0,108.45937633514404,-24.229235295944214
1149,11.49,15.398401974995185,5.333641770406078,1.4173210165922772,152.10209044491333,52.46607966529809,-76.26217460398551,0.0,9.718545079231262,20.0,108.45937633514404,-24.360860775155498
1150,11.5,15.47303496328839,5.416970629628902,1.4253161418743598,136.6459742807717,41.1208527366431,-96.48665526055603,0.0,5.396562218666077,20.0,108.45937633514404,-24.47963543832379
1151,11.51,15.54741493430593,5.500516281096914,1.4330914068123723,128.76245294486193,27.20111934254941,-109.98617442467256,1385.7196044921875,-3.723083734512329,20.0,108.45372581481934,-24.8325753061322
1152,11.52,15.62110411683135,5.584642718084935,1.4402615152824427,125.3752252734509,12.274420006867834,-120.33488273313525,2200.0,-13.875212669372557,20.0,108.44475555419922,-25.040041849565647
1153,11.53,15.693932728007967,5.6694645338720395,1.4466737031222883,125.10117462998872,-2.889515450845929,-129.70756418672133,2200.0,-11.327693462371826,20.0,108.4357852935791,-25.073239166637038
1154,11.540000000000001,15.765891815144116,5.754957323740754,1.4523161910903235,127.71524228200764,-17.742495387318133,-139.68066322953536,2200.0,-2.891562581062317,20.0,108.42681503295898,-25.098486720789417
1155,11.55,15.836973238403369,5.841097138210779,1.4571777767215819,133.92995977606103,-31.626509004417873,-151.9446438818169,2200.0,6.581949591636658,20.0,108.41784477233887,-25.119807585449802
1156,11.56,15.907169232563254,5.927859745923296,1.4612475847862352,145.4762909077801,-43.40309241624,-168.81751602393405,2200.0,17.284770011901855,20.0,108.40887451171875,-25.14128756731447
1157,11.57,15.976472395288903,6.015220684726084,1.4645150889895089,164.29161576704823,-50.97241100708194,167.36563391021005,2200.0,20.0,20.0,108.39990425109863,-25.166640321695507
1158,11.58,16.04487570214102,6.103155215682327,1.466970073285071,-172.08900550133075,-51.72765903882912,138.7570390438479,2200.0,20.0,20.0,108.39093399047852,-25.1987067192063
1159,11.59,16.112372516200523,6.191638401564463,1.4686026955836016,-152.0818062409143,-45.38715570067719,113.48108876195214,2200.0,20.0,20.0,108.3819637298584,-25.239213026628992
1160,11.6,16.17895660427003,6.28064507257353,1.4694034602463315,-139.5368535329073,-34.45038788428986,95.06319607656104,2200.0,20.0,20.0,108.37299346923828,-25.288541722960225
1161,11.61,16.244622144736184,6.3701498319400365,1.46936323141699,-132.8597307767646,-21.254029359063576,81.48938050138487,2200.0,20.0,20.0,108.36402320861816,-25.34572105106988
1162,11.620000000000001,16.30936372471407,6.460127060420048,1.4684732341786917,-130.18150016879744,-7.125155914052238,70.28325734985144,2200.0,20.0,20.0,108.35505294799805,-25.408560125209444
1163,11.63,16.373176333663412,6.550550923143104,1.4667250565312824,-130.6407832045362,7.151334177740212,59.62992137444836,2200.0,20.0,20.0,108.34608268737793,-25.473921049432747
1164,11.64,16.43605535633942,6.641395378629811,1.4641106528005512,-134.26625235281338,20.917713370824615,47.987056754252784,2200.0,20.0,20.0,108.33711242675781,-25.538094279494153
1165,11.65,16.497996566595052,6.732634189470048,1.4606223483012422,-141.8914471318214,33.32586797981193,33.63053795384037,2200.0,20.0,20.0,108.3281421661377,-25.597231655573655
1166,11.66,16.55899612242863,6.824240934337181,1.4562528447903798,-154.93555473315584,42.986550406059116,14.572060505688977,2200.0,20.0,20.0,108.31917190551758,-25.647786176060603
1167,11.67,16.61905056238991,6.916189021153601,1.4509952261555237,-173.7015742874379,47.8121604304768,-9.898575490673004,2200.0,20.0,20.0,108.31020164489746,-25.686907054745724
1168,11.68,16.678156803275964,7.008451701195758,1.4448429639178115,165.97481857239632,46.15225634306811,-35.95375216340592,2200.0,20.0,20.0,108.30123138427734,-25.712744710856544
1169,11.69,16.73631213908473,7.101002083920524,1.4377899222539452,150.077181193824,38.702390453590105,-57.939145777803766,2200.0,20.0,20.0,108.29226112365723,-25.72463139136211
1170,11.700000000000001,16.793514241236707,7.193813152251796,1.429830362348644,140.1756571348219,27.642160337465505,-74.66442666007737,2200.0,20.0,20.0,108.28329086303711,-25.72311804276652
1171,11.71,16.84976116006902,7.286857778023015,1.4209589459735685,135.0206039066049,14.758378664355718,-87.88213688044806,2200.0,20.0,20.0,108.27432060241699,-25.72181254280833
1172,11.72,16.905051327506133,7.380108737214837,1.4111707382813337,133.43483481421018,1.1542099569420983,-99.50623759576587,2200.0,20.0,16.179757118225098,108.26535034179688,-25.80111085863381
1173,11.73,16.95938356086954,7.473538724688202,1.4004612100382952,134.98755014925146,-12.404742707496824,-111.11971097616605,2200.0,20.0,7.191806435585022,108.25638008117676,-25.875910968977323
1174,11.74,17.01275706835786,7.56712036810323,1.3888262393739446,139.98556739394724,-25.162818102857077,-124.25198923156826,2200.0,20.0,4.5908766984939575,108.24740982055664,-25.949647901014743
1175,11.75,17.065171453417776,7.660826240291028,1.376262113542781,149.38693583955663,-36.06904677794325,-140.62803560842414,2200.0,20.0,1.8177776038646698,108.23843955993652,-26.02548670977713
1176,11.76,17.11668973732185,7.754623417908249,1.3628268787431568,164.14709086451145,-43.49933792889978,-161.72311753056815,1918.019775390625,20.0,-6.3677752017974845,108.23061847686768,-26.050820635655526
1177,11.77,17.167680584236027,7.848462763938788,1.3488776476116429,-177.09388757961003,-45.53038798747981,173.42837490654824,550.53564453125,20.0,-0.9493632614612578,108.22837352752686,-25.87288796682116
1178,11.78,17.21857198639183,7.942306653238045,1.334832335524941,-159.33973046705268,-41.46560649305211,149.48385608608464,0.0,20.0,8.667779564857483,108.22837352752686,-25.870362637165876
1179,11.790000000000001,17.269486823412755,8.036149525897642,1.3208112722472052,-146.5478079829341,-32.664826954990346,130.04169080120917,0.0,20.0,0.13910338282585144,108.22837352752686,-25.98669040954234
1180,11.8,17.320425136414222,8.129992670590356,1.3068144555061718,-138.9127200804893,-21.072068321206693,114.86130654445545,0.0,20.0,-8.514904379844666,108.22837352752686,-26.109958174593793
1181,11.81,17.3713868752888,8.22383677957506,1.2928419156925837,-135.3183675313445,-8.1055676485165,102.22832830823333,0.0,20.0,-18.706785440444946,108.22837352752686,-26.23751224971626
1182,11.82,17.422371979866643,8.31768254620763,1.2788936725932312,-135.01242365615067,5.306491850964988,90.49112519953526,0.0,20.0,-20.0,108.22837352752686,-26.366183506799622
1183,11.83,17.47338037942428,8.4115306626011,1.2649697365566295,-137.9224397635126,18.415356738659625,78.15654381234171,0.0,20.0,-20.0,108.22837352752686,-26.492670980289617
1184,11.84,17.524411993538898,8.505381820260977,1.2510701072907273,-144.66123705450593,30.354088802715868,63.626806428040844,0.0,20.0,-20.0,108.22837352752686,-26.613944678367783
1185,11.85,17.57546673190678,8.599236709299154,1.2371947741719562,-156.32106113506015,39.82851877370068,45.16371792216201,0.0,20.0,-20.0,108.22837352752686,-26.727615128863466
1186,11.86,17.626544494421726,8.693096018186335,1.223343716212629,-173.17359133651678,44.97577364269938,22.035280140794573,0.0,20.0,-20.0,108.22837352752686,-26.83222567066821
1187,11.870000000000001,17.677645171222057,8.786960433467542,1.2095169020696823,167.92990785535252,44.19125743363806,-2.9796181764848466,0.0,20.0,-20.0,108.22837352752686,-26.927432690415067
1188,11.88,17.72876864272269,8.880830639566573,1.1957142900464481,152.218275193279,37.74065514940808,-24.99822697354827,0.0,12.508094310760498,-13.625264167785645,108.22837352752686,-27.014051974581065
1189,11.89,17.779914781440866,8.97470732464244,1.1819358240766584,141.83499789057595,27.4366531695548,-42.25918106343891,0.0,-15.176360607147215,-0.16853049397468564,108.22837352752686,-27.093962064386137
1190,11.9,17.831083444556622,9.068591160687674,1.1681814487905,136.0747254951433,15.01330896564031,-55.958147093003646,0.0,-20.0,5.310642123222351,108.22837352752686,-27.169887270991204
1191,11.91,17.88212730545646,9.162429854177166,1.1543003537002183,133.90752499686906,1.6206578317023204,-67.83305207273612,695.12890625,-20.0,7.822389006614686,108.2255392074585,-27.3775137533774
1192,11.92,17.932583909609445,9.256043543021553,1.139816722174562,134.89149812041663,-11.945280924382137,-79.43578398899172,2200.0,-20.0,7.261614203453064,108.21656894683838,-27.73354804509532
1193,11.93,17.98214173103483,9.349291887148363,1.1244070828984283,139.30011614103142,-24.93638773522606,-92.30259773635213,2200.0,-20.0,-0.8424897491931915,108.20759868621826,-27.7914493407685
1194,11.94,18.03080789149968,9.442146888494987,1.1080759450464865,148.1385112145965,-36.33991521725618,-108.2420457537816,2200.0,-20.0,-12.083837985992432,108.19862842559814,-27.854685387778474
1195,11.950000000000001,18.078589830240105,9.534582309720921,1.090827768034609,162.68886584655323,-44.534682437978205,-129.0776106790445,2200.0,-20.0,-5.118749141693115,108.18965816497803,-27.92476240204967
1196,11.96,18.125495369159932,9.626572073642164,1.0726674276491617,-177.83356163226875,-47.38161018874132,-154.42552174387217,2200.0,-20.0,8.176227807998657,108.18068790435791,-28.002045892395675
1197,11.97,18.171532707964193,9.71809027601602,1.0536001966520385,-158.6546319531049,-43.78487253451753,-179.39864774073155,2200.0,-20.0,20.0,108.1717176437378,-28.085676845405768
1198,11.98,18.21671039384137,9.809111193408686,1.0336317624560705,-144.62657243334021,-35.001712045190914,160.51885605637688,2200.0,-20.0,20.0,108.16274738311768,-28.173716157854493
1199,11.99,18.26103735799795,9.899609299393191,1.0127681905220727,-136.1436750032721,-23.127201921485867,145.32611210158285,2200.0,-20.0,20.0,108.15377712249756,-28.26330883344015
1200,12.0,18.304522902482898,9.98955927926686,0.9910159443214915,-131.8782820457381,-9.678243691183198,133.15727385376928,2200.0,-20.0,20.0,108.14480686187744,-28.349140693931176
1201,12.01,18.347176700363097,10.078936031930471,0.9683818796640066,-130.89052920542795,4.413896079697186,122.24952274983337,2200.0,-20.0,20.0,108.13583660125732,-28.426987543888934
1202,12.02,18.3890087797506,10.167714676905014,0.9448732438449249,-133.0091368254695,18.463715389321592,111.06259822487297,2200.0,1.404653191566467,20.0,108.1268663406372,-28.49640440700305
1203,12.030000000000001,18.430029513626824,10.25587056460078,0.9204976714008702,-138.90124498888585,31.716696340263162,97.88558035681632,2200.0,20.0,20.0,108.11789608001709,-28.55480048975742
1204,12.040000000000001,18.470249589319263,10.343379301332517,0.8952632050967549,-150.17583939399083,42.97146242919315,80.44838923815207,2200.0,20.0,20.0,108.10892581939697,-28.600656885254526
1205,12.05,18.5096800616396,10.430216750308848,0.869178259183145,-168.51169718674078,50.126550711030575,56.62080587582377,2200.0,20.0,18.49895715713501,108.09995555877686,-28.633679263286922
1206,12.06,18.548332330386533,10.516359056893556,0.842251632582199,168.6233507286602,50.66257391166416,28.591635521424827,2200.0,20.0,5.969401001930237,108.09098529815674,-28.654876615890167
1207,12.07,18.586218140084203,10.60178264423314,0.8144925076851909,149.08380285415956,44.26927256115934,3.9140091740102494,2200.0,20.0,-5.700289607048035,108.08201503753662,-28.666498437749848
1208,12.08,18.623349558090464,10.686464222165734,0.7859104508083337,136.53172930292345,33.24926656741489,-14.063782630524836,2200.0,20.0,-18.45151424407959,108.0730447769165,-28.67181391326095
1209,12.09,18.6597389884545,10.77038080942343,0.7565153858281178,129.56914643397428,19.817261669908486,-27.12837006985434,2200.0,20.0,-20.0,108.06407451629639,-28.674698244981336
1210,12.1,18.695581400753337,10.853711118365323,0.7265185899186739,126.4300610382877,5.246548152879972,-37.60581373974681,1118.7747802734375,20.0,-20.0,108.05951309204102,-28.485523926525175
1211,12.11,18.73125388231161,10.936852967602755,0.6963350805374812,126.27570554555273,-9.733194507428799,-47.2469177261284,0.0,20.0,-20.0,108.05951309204102,-28.318614778982223
1212,12.120000000000001,18.76694431973102,11.0200152664719,0.6661729697747188,129.18423418178136,-24.551057896440597,-57.61088518149677,0.0,20.0,-20.0,108.05951309204102,-28.385683915403206
1213,12.13,18.802652001880833,11.103199561948557,0.6360313072115463,136.2943145314871,-38.47074571466106,-70.70488400738095,0.0,20.0,-20.0,108.05951309204102,-28.46492437946729
1214,12.14,18.83837656932317,11.186406404174251,0.605909790688911,150.2375486859381,-50.08565558499143,-89.70367548706865,0.0,20.0,-20.0,108.05951309204102,-28.556908298977838
1215,12.15,18.87411765514866,11.269636333548684,0.5758081092525963,173.74426065782592,-56.56012604035618,-117.70854014270172,0.0,20.0,-20.0,108.05951309204102,-28.660725113728088
1216,12.16,18.90987488524961,11.35288988045081,0.5457259432174055,-158.86082524672847,-54.74974541193973,-149.32904470328256,0.0,20.0,-20.0,108.05951309204102,-28.774044928441587
1217,12.17,18.945647878527513,11.436167564955197,0.5156629643202465,-139.06205594351437,-45.59365846882159,-173.33574269106535,0.0,20.0,-20.0,108.05951309204102,-28.893349472471538
1218,12.18,18.981436247066476,11.519469896585408,0.4856188358820782,-127.948890353735,-32.50016918988254,171.08758750545311,0.0,20.0,-20.0,108.05951309204102,-29.014307792910902
1219,12.19,19.01723959630111,11.602797374081401,0.45559321297308797,-122.24203493569028,-17.620571285795222,160.31047659054622,0.0,20.0,-20.0,108.05951309204102,-29.132256730093886
1220,12.200000000000001,19.053057525181334,11.686150485179446,0.42558574257839854,-119.89041526881164,-1.9506332164144684,151.75246563992891,0.0,20.0,-20.0,108.05951309204102,-29.242733248634693
1221,12.21,19.088889626338613,11.7695297064026,0.395596063760669,-120.15208806015545,13.981027144069449,143.75751765589058,0.0,20.0,-20.0,108.05951309204102,-29.341998509405876
1222,12.22,19.124735486256906,11.85293550285808,0.36562380782047954,-123.28987508681291,29.74429098130416,134.80164666952322,0.0,20.0,-20.0,108.05951309204102,-29.427493118798427
1223,12.23,19.160594685449077,11.93636832803917,0.3356685984568532,-130.90953770176316,44.69891435918524,122.5678273699343,0.0,20.0,-20.0,108.05951309204102,-29.49816945392509
1224,12.24,19.196466798638177,12.01982862363092,0.305730051929985,-147.28714098359828,57.328127287649004,102.34414455321088,0.0,20.0,-20.0,108.05951309204102,-29.55465973921677
1225,12.25,19.232351394942487,12.103316819319772,0.27580777722727473,-178.2211614326867,63.7090113284167,68.03821595999287,0.0,20.0,-20.0,108.05951309204102,-29.599256315604993
1226,12.26,19.268248038063454,12.186833332607671,0.24590137623290806,148.03906684479787,59.46645736815783,31.17719493035085,0.0,20.0,-20.0,108.05951309204102,-29.635701383661363
1227,12.27,19.304156279590657,12.27037857335896,0.2160104396296655,128.45719975902793,47.628018131988476,8.52604926980945,0.0,-19.362952709197998,-20.0,108.05951309204102,-29.66881080451438
1228,12.280000000000001,19.340075685461173,12.35395292566833,0.18613456306179674,118.93495249338176,32.714607499182556,-4.226435549441119,0.0,-20.0,-20.0,108.05951309204102,-29.588542708306377
1229,12.290000000000001,19.375000261982205,12.435044088502178,0.16295292679250203,110.88861387610368,19.8664914184408,-12.438519481020949,0.0,-20.0,-20.0,108.05951309204102,-29.135273519394108
1230,12.3,19.40918930462507,12.494679987549418,0.1664918893370938,104.98253753637107,18.820185085604365,-14.30561555495108,2200.0,-20.0,-20.0,108.0505428314209,-28.483216514275814
1231,12.31,19.443310467791306,12.562250059307132,0.16092805429420923,104.08996870486692,34.280600345166135,-11.474839617249307,2200.0,-20.0,20.0,108.04157257080078,-27.530824764257687
1232,12.32,19.47757966612671,12.616126316594933,0.16987611754794416,105.17292147171685,52.18215816831084,-7.773115016790428,2200.0,-20.0,20.0,108.03260231018066,-29.126073204125507
1233,12.33,19.511259968808947,12.670293182176756,0.17675515485510712,110.49424150046326,70.03822745316448,-0.8454706369172904,2200.0,20.0,20.0,108.02363204956055,-29.15123796115416
1234,12.34,19.540716361386078,12.719316933370438,0.19214804872847344,116.5944853757531,76.3790229454742,5.843974206381153,2200.0,20.0,20.0,108.01466178894043,-25.984551078647854
1235,12.35,19.566283940371118,12.764728236175136,0.21361053799561416,117.67683969531733,77.35671055347373,7.2231837798704985,2200.0,20.0,20.0,108.00569152832031,-26.170763458857774
1236,12.36,19.591274713746326,12.807892445713081,0.23639546806027373,118.94585416065452,78.33025016012581,8.784420905963225,2200.0,20.0,20.0,107.9967212677002,-25.969913964269853
1237,12.370000000000001,19.616210196162523,12.850257468148078,0.25800806416498645,120.44947437321089,79.29811088736689,10.57721290784391,2200.0,20.0,20.0,107.98775100708008,-25.955605059201478
1238,12.38,19.640690966576216,12.89133376134556,0.2794914673436158,122.25547900563525,80.2582093493314,12.669247311621548,2200.0,20.0,20.0,107.97878074645996,-25.9403519816851
1239,12.39,19.664721893547917,12.931119122051415,0.30085089879556437,124.45910083691709,81.20756792665603,15.155652028752923,2200.0,20.0,20.0,107.96981048583984,-25.92416794785537
1240,12.4,19.688307873590773,12.96961137735383,0.3220915999485137,127.19721388241979,82.14180299474307,18.173212065087,2200.0,20.0,20.0,107.96084022521973,-25.907066820053046
1241,12.41,19.711453829453212,13.0068083859671,0.3432188315674391,130.67097835977464,83.05425306240959,21.923021331207096,2200.0,20.0,20.0,107.95186996459961,-25.889062684885225
1242,12.42,19.734164708802084,13.04270803934367,0.3642378727940369,135.18141112642076,83.93444496092464,26.706049872409032,2200.0,20.0,20.0,107.94289970397949,-25.87016986080947
1243,12.43,19.75644548345509,13.077308262547385,0.3851540201403485,141.1808236043036,84.76535489582523,32.97457623492382,2200.0,20.0,20.0,107.93392944335938,-25.850402903579322
1244,12.44,19.778301148793435,13.110607014994953,0.40597258653098167,149.32581912715932,85.51864916553917,41.38518056103072,2200.0,20.0,20.0,107.92495918273926,-25.829776722535758
1245,12.450000000000001,19.79973672338545,13.142602291069482,0.4266989004111562,160.44062966435112,86.14756473673533,52.762078095614804,2200.0,20.0,20.0,107.91598892211914,-25.808306663098012
1246,12.46,19.820757248731578,13.17329212064602,0.4473383049358086,175.0984184406801,86.58167636851601,67.67841952109733,2200.0,20.0,20.0,107.90701866149902,-25.78600859216783
1247,12.47,19.84136778908703,13.202674569552066,0.4678961572406353,-167.47488013845256,86.74107765889212,85.36012934103148,2200.0,20.0,20.0,107.8980484008789,-25.762898984180307
1248,12.48,19.861573431334882,13.230747739979774,0.48837782778847916,-150.00462274292374,86.58604739078129,103.0818426180437,2200.0,20.0,20.0,107.88907814025879,-25.738995007725
1249,12.49,19.88137928489331,13.257509770861548,0.5087886997805451,-135.252363731633,86.15354681464382,118.08199770747477,2200.0,20.0,20.0,107.88010787963867,-25.714314613615944
1250,12.5,19.90079048164749,13.282958838217326,0.5291341686206403,-124.04397427762396,85.52254369386762,129.53471669681034,2200.0,20.0,20.0,107.87113761901855,-25.688876625210522
1251,12.51,19.919812175900244,13.307093155479501,0.5494196414210736,-115.82509121063295,84.7636993568784,137.99435625434725,2200.0,20.0,20.0,107.86216735839844,-25.662700831104413
1252,12.52,19.938449544337484,13.329910973799947,0.5696505365402522,-109.77008564994671,83.92420299538293,144.2865387603804,2200.0,20.0,20.0,107.85319709777832,-25.63580807939107
1253,12.530000000000001,19.9567077860054,13.351410582342629,0.589832283143773,-105.2167113505155,83.03269667316914,149.07350376908855,2200.0,20.0,20.0,107.8442268371582,-25.60822037159531
1254,12.540000000000001,19.974592122296638,13.37159030856459,0.6099703207825424,-101.7079214594566,82.10639128066776,152.81229108983442,2200.0,20.0,20.0,107.83525657653809,-25.579960953141764
1255,12.55,19.992107796943227,13.39044851848758,0.6300700989829635,-98.93948051118163,81.15587073031074,155.80712865301334,2200.0,20.0,20.0,107.82628631591797,-25.551054395740056
1256,12.56,20.00926007601409,13.407983616962078,0.6501370768454391,-96.7081459528756,80.18786559992019,158.26125086526892,2200.0,20.0,20.0,107.81731605529785,-25.521526665288068
1257,12.57,20.026054247915305,13.424194047925214,0.6701767226483698,-94.87568929830523,79.20680774481602,160.3128773536231,2200.0,20.0,20.0,107.80834579467773,-25.4914051668182
1258,12.58,20.04249562339157,13.439078294653681,0.6901945134555159,-93.34597105447477,78.215712664217,162.05813795168064,2200.0,20.0,20.0,107.79937553405762,-25.460718755704242
1259,12.59,20.058589535527492,13.452634880012518,0.7101959347251035,-92.0505783804088,77.21669410316214,163.56543496626574,2200.0,20.0,20.0,107.7904052734375,-25.429497702017798
1260,12.6,20.074341339747647,13.464862366700444,0.7301864799194412,-90.93975774594199,76.21127369773038,164.88451045430662,2200.0,20.0,20.0,107.78143501281738,-25.397773592918377
1261,12.61,20.089756413814438,13.475759357492256,0.7501716501140967,-89.97659152319353,75.2005731847958,166.05226957517232,2200.0,20.0,20.0,107.77246475219727,-25.365579156843985
1262,12.620000000000001,20.104840157823034,13.485324495478642,0.7701569536059103,-89.13318075425774,74.1854372695762,167.09659777308178,2200.0,20.0,20.0,107.76349449157715,-25.332947993778266
1263,12.63,20.11959799419278,13.493556464303678,0.7901479055192927,-88.38808977251254,73.16651431981165,168.0389161106383,2200.0,20.0,20.0,107.75452423095703,-25.299914198913353
1264,12.64,20.1340353676545,13.500453988400201,0.810150027410392,-87.72460023837567,72.1443106843468,168.89592719139785,2200.0,20.0,20.0,107.74555397033691,-25.266511873466477
1265,12.65,20.148157745233334,13.506015833223183,0.8301688468688253,-87.1294949464122,71.11922808403986,169.68083131355436,2200.0,20.0,20.0,107.7365837097168,-25.23277452680551
1266,12.66,20.161970616226725,13.510240805481134,0.8502098971167554,-86.59219526528081,70.09158987752731,170.4041889924435,2200.0,20.0,20.0,107.72761344909668,-25.198734388230204
1267,12.67,20.175479492177242,13.513127753365609,0.8702787166051639,-86.10413909881747,69.06165985476494,171.07454296291522,2200.0,20.0,20.0,107.71864318847656,-25.16442166343582
1268,12.68,20.18868990684001,13.514675566778775,0.8903808486072238,-85.65832534154326,68.0296559111681,171.69887368776074,2200.0,20.0,20.0,107.70967292785645,-25.129863787205437
1269,12.69,20.20160741614455,13.514883177559021,0.9105218408087211,-85.24897549479167,66.99576015003647,172.28293770556706,2200.0,20.0,20.0,107.70070266723633,-25.095084736443496
1270,12.700000000000001,20.214237598150795,13.513749559704554,0.9307072448955085,-84.87127899725387,65.96012645124796,172.8315222638424,2200.0,20.0,20.0,107.69173240661621,-25.060104472200578
1271,12.71,20.226586052999213,13.511273729594906,0.9509426161379977,-84.5211992267687,64.922886214901,173.3486392802847,2200.0,20.0,20.0,107.6827621459961,-25.024938572819064
1272,12.72,20.238658402854824,13.507454746210302,0.9712335129727264,-84.19532405641746,63.88415277177672,173.83767474887668,2200.0,20.0,20.0,107.67379188537598,-24.989598102179528
1273,12.73,20.25046029184507,13.502291711348741,0.9915854965810443,-83.89074953250733,62.84402480723845,174.3015050230016,2200.0,20.0,20.0,107.66482162475586,-24.95408972987243
1274,12.74,20.261997385991393,13.495783769840756,1.0120041304649832,-83.6049884576132,61.80258904628536,174.74258819221458,2200.0,20.0,20.0,107.65585136413574,-24.920092095058106
1275,12.75,20.273275373134485,13.487930109761699,1.0324949800203838,-83.33589789999662,60.759922379116354,175.16303653117598,2200.0,20.0,20.0,107.64688110351562,-24.887073218095413
1276,12.76,20.28429996285311,13.478729962641477,1.0530636121073622,-83.08162122898692,59.716093558646804,175.56467442100183,2200.0,20.0,20.0,107.63791084289551,-24.853843237730118
1277,12.77,20.295076886376446,13.468182603671607,1.0737155946182069,-82.84054140254943,58.671164567400126,175.9490850166594,2200.0,20.0,20.0,107.62894058227539,-24.82039522637874
1278,12.780000000000001,20.305611896489904,13.456287351909488,1.0944564960428014,-82.61124304680446,57.62519172674251,176.3176481205032,2200.0,20.0,20.0,107.61997032165527,-24.786721007463346
1279,12.790000000000001,20.31591076743438,13.44304357047976,1.1152918850316753,-82.39248146108535,56.578226603655445,176.6715711282279,2200.0,20.0,20.0,107.61100006103516,-24.752811865114293
1280,12.8,20.32597929479891,13.42845066677267,1.1362273299567895,-82.18315711999678,55.530316757181836,177.01191447564503,2200.0,20.0,20.0,107.60202980041504,-24.718659166266345
1281,12.81,20.33582329540666,13.412508092639273,1.1572683984701653,-81.98229456990882,54.48150635699233,177.33961268871568,2200.0,20.0,20.0,107.59305953979492,-24.684254875292552
1282,12.82,20.3454486071943,13.395215344583413,1.1784206570604698,-81.7890248621948,53.43183669926204,177.65549189439923,2200.0,20.0,20.0,107.5840892791748,-24.649591955824352
1283,12.83,20.354861089084686,13.376571963950314,1.1996896706076736,-81.60257085103386,52.38134663956443,177.96028446436253,2200.0,20.0,20.0,107.57511901855469,-24.61466466519247
1284,12.84,20.36406662085282,13.35657753711169,1.2210810019359017,-81.42223482528024,51.33007295831229,178.2546413219083,2200.0,20.0,20.0,107.56614875793457,-24.579468753732595
1285,12.85,20.373071102985154,13.335231695647288,1.2426002113645935,-81.24738805293046,50.27805067106843,178.53914233345054,2200.0,20.0,20.0,107.55717849731445,-24.544001584541284
1286,12.86,20.381880456532166,13.312534116522668,1.2642528562580975,-81.07746190122648,49.22531329356824,178.814305121349,2200.0,20.0,20.0,107.54820823669434,-24.508262189996074
1287,12.870000000000001,20.390500622954203,13.288484522263209,1.286044490573827,-80.91194026138407,48.171893069364074,179.08059256896018,2200.0,20.0,20.0,107.53923797607422,-24.472251280371246
1288,12.88,20.398937563960672,13.263082681124143,1.3079806644090988,-80.75035305873786,47.117821166486344,179.33841923695053,2200.0,20.0,20.0,107.5302677154541,-24.4359712179529
1289,12.89,20.407197261342475,13.236328407256561,1.330066923546784,-80.5922706700353,46.06312784832199,179.58815686897046,2200.0,20.0,20.0,107.52129745483398,-24.399425967755118
1290,12.9,20.415285716797776,13.208221560869255,1.352308808999904,-80.43729910215869,45.00784262296147,179.83013913223067,2200.0,20.0,20.0,107.51232719421387,-24.362621033634895
1291,12.91,20.423208951751104,13.178762048386304,1.3747118565552978,-80.28507581257279,43.951994374510036,-179.9353342875043,2200.0,20.0,20.0,107.50335693359375,-24.32556338651199
1292,12.92,20.43097300716575,13.14794982260028,1.3972815963164926,-80.13526607270505,42.89561147925077,-179.70799413791212,2200.0,20.0,20.0,107.49438667297363,-24.288261389616792
1293,12.93,20.438583943349553,13.115784882820998,1.4200235522459144,-79.98755979235665,41.83872190905868,-179.48759851740516,2200.0,20.0,20.0,107.48541641235352,-24.2507247242421
1294,12.94,20.446047839754062,13.082267275019676,1.442943241706569,-79.84166873695018,40.78135332406728,-179.27393018974834,2200.0,20.0,20.0,107.4764461517334,-24.21296431833707
1295,12.950000000000001,20.453370794767093,13.04739709196843,1.4660461750033316,-79.69732408059996,39.723533156268445,-179.0667942392226,2200.0,20.0,20.0,107.46747589111328,-24.174992279420845
1296,12.96,20.46055892549872,13.011174473374982,1.489337854923978,-79.55427424714615,38.665288685460816,-178.86601601872363,2200.0,20.0,20.0,107.45850563049316,-24.136821832656608
1297,12.97,20.46761836756074,12.973599606012533,1.5128237762800971,-79.41228299882388,37.606647108748604,-178.67143935073076,2200.0,20.0,20.0,107.44953536987305,-24.09846726447097
1298,12.98,20.474555274839645,12.934672723844622,1.5365094254480218,-79.27112773845701,36.54763560461253,-178.48292494731467,2200.0,20.0,20.0,107.44056510925293,-24.05994387178532
1299,12.99,20.481375819263114,12.89439410814498,1.5604002799099144,-79.130597996222,35.48828139242977,-178.30034902052503,2200.0,20.0,20.0,107.43159484863281,-24.021267916715757
1300,13.0,20.488086190560125,12.852764087612208,1.5845018077951507,-78.99049407631577,34.428611788197756,-178.12360205880594,2200.0,20.0,20.0,107.4226245880127,-23.982456586460795
1301,13.01,20.494692596014644,12.809783038479244,1.6088194674221366,-78.85062584244255,33.368654257116404,-177.95258774868717,2200.0,20.0,20.0,107.41365432739258,-23.943527958018276
1302,13.02,20.501201260213048,12.7654513846175,1.633358706840702,-78.71081162403505,32.308436463599726,-177.78722202401954,2200.0,20.0,20.0,107.40468406677246,-23.904500967333
1303,13.030000000000001,20.507618424785235,12.719769597635606,1.6581249633752115,-78.5708772276465,31.247986319218366,-177.6274322275668,2200.0,20.0,20.0,107.39571380615234,-23.865395382461717
1304,13.040000000000001,20.51395034813954,12.672738196972688,1.6831236631685305,-78.4306550400755,30.187332029016815,-177.47315637191286,2200.0,20.0,20.0,107.38674354553223,-23.8262317803492
1305,13.05,20.52020330519147,12.624357749986068,1.7083602207269923,-78.28998321158093,29.12650213660171,-177.3243424884661,2200.0,20.0,20.0,107.37777328491211,-23.787031526823515
1306,13.06,20.526383587086343,12.574628872033365,1.7338400384665043,-78.14870490906813,28.06552556835662,-177.1809480548904,2200.0,20.0,20.0,107.36880302429199,-23.747816759441523
1307,13.07,20.53249750091592,12.523552226548867,1.759568506259936,-78.00666763041998,27.00443167710763,-177.04293949261435,2200.0,20.0,20.0,107.35983276367188,-23.708610372843232
1308,13.08,20.53855136942901,12.471128525114144,1.7855510009859326,-77.86372257224868,25.943250285535683,-176.91029172720238,2200.0,20.0,20.0,107.35086250305176,-23.669436006299442
1309,13.09,20.544551530736214,12.41735852752284,1.8117928860792925,-77.71972404428377,24.882011729610443,-176.7829878053424,2200.0,20.0,20.0,107.34189224243164,-23.63031803316589
1310,13.1,20.55050433800883,12.362243041839529,1.8382995110830538,-77.57452892441611,23.820746902302286,-176.6610185630441,2200.0,20.0,20.0,107.33292198181152,-23.59128155198269
1311,13.11,20.55641615917198,12.305782924452654,1.8650762112024284,-77.42799614910403,22.759487297816126,-176.54438234036442,2200.0,20.0,20.0,107.3239517211914,-23.5523523789828
1312,13.120000000000001,20.562293376592066,12.247979080121405,1.8921283068607289,-77.27998623443997,21.698265056579476,-176.43308473860736,2200.0,20.0,20.0,107.31498146057129,-23.51355704179626
1313,13.13,20.56814238675864,12.18883246201656,1.9194611032574247,-77.13036082367992,20.637113011209614,-176.3271384164921,2200.0,20.0,20.0,107.30601119995117,-23.474922774157218
1314,13.14,20.573969599960723,12.128344071755167,1.947079889928473,-76.97898225747437,19.57606473368023,-176.22656292226245,2200.0,20.0,20.0,107.29704093933105,-23.436477511439865
1315,13.15,20.579781439957713,12.066514959429085,1.9749899403090618,-76.82571316341055,18.51515458390448,-176.1313845591307,2200.0,20.0,20.0,107.28807067871094,-23.398249886866076
1316,13.16,20.585584343644936,12.003346223627265,2.003196511298905,-76.67041606179802,17.45441775995136,-176.04163628182053,2200.0,20.0,20.0,107.27910041809082,-23.36026922824261
1317,13.17,20.591384760713925,11.93883901145181,2.03170484283023,-76.51295298490218,16.393890350113892,-175.9573576223001,2200.0,20.0,20.0,107.2701301574707,-23.322565555097874
1318,13.18,20.597189153307568,11.87299451852769,2.0605201574385994,-76.35318510706628,15.333609387050629,-175.87859464309068,2200.0,20.0,20.0,107.26115989685059,-23.28516957610207
1319,13.19,20.603003995670118,11.805813989006154,2.0896476598366935,-76.19097238336161,14.27361290422784,-175.80539991679538,2200.0,20.0,20.0,107.25218963623047,-23.248112686662363
1320,13.200000000000001,20.608835773792315,11.737298715561732,2.119092536491208,-76.02617319457612,13.21393999489531,-175.7378325307289,2200.0,20.0,20.0,107.24321937561035,-23.211426966595212
1321,13.21,20.61469098505154,11.667450039382867,2.148859955202987,-75.85864399649466,12.154630873839556,-175.67595811574145,2200.0,20.0,20.0,107.23424911499023,-23.1751451777851
1322,13.22,20.62057613784726,11.596269350156085,2.1789550646905362,-75.68823897154311,11.095726942166566,-175.61984889852343,2200.0,20.0,20.0,107.22527885437012,-23.139300761745933
1323,13.23,20.626497751231767,11.523758086043731,2.209382994177049,-75.51480968096998,10.037270855379594,-175.5695837768561,2200.0,20.0,20.0,107.21630859375,-23.10392783700807
1324,13.24,20.632462354536344,11.449917733655209,2.2401488529810734,-75.33820471581552,8.979306595030728,-175.5252484174361,2200.0,20.0,20.0,107.20733833312988,-23.06906119625642
1325,13.25,20.638476486993007,11.374749828011751,2.2712577301109613,-75.15826934498584,7.921879544241615,-175.4869353760554,2200.0,20.0,20.0,107.19836807250977,-23.03473630315327
1326,13.26,20.64454669735184,11.29825595250465,2.3027146938632232,-74.97484515879631,6.865036567405276,-175.45474424006142,2200.0,20.0,20.0,107.18939781188965,-23.00098928878047
1327,13.27,20.65067954349415,11.220437738846998,2.334524791424919,-74.7877697063843,5.808826094400924,-175.42878179315673,2200.0,20.0,20.0,107.18042755126953,-22.96785694763959
1328,13.280000000000001,20.656881592041433,11.141296867018879,2.366693048480216,-74.59687612541383,4.753298209676506,-175.40916220272737,2200.0,20.0,20.0,107.17145729064941,-22.935376733151816
1329,13.290000000000001,20.6631594179604,11.060835065206033,2.399224468821242,-74.40199276250611,3.69850474657539,-175.3960072300117,2200.0,20.0,20.0,107.1624870300293,-22.903586752602102
1330,13.3,20.66951960416402,10.979054109732006,2.43212403396335,-74.20294278283127,2.6444993873122407,-175.38944646354165,2200.0,20.0,20.0,107.15351676940918,-22.87252576147266
1331,13.31,20.675968741108875,10.895955824983727,2.4653967027649295,-73.99954376728729,1.5913377690304775,-175.38961757640476,2200.0,20.0,20.0,107.14454650878906,-22.842233157114617
1332,13.32,20.682513426388788,10.811542083330599,2.4990474110518814,-73.79160729567556,0.5390775964055365,-175.39666660798872,2200.0,20.0,20.0,107.13557624816895,-22.812748971706643
1333,13.33,20.689160264324943,10.72581480503706,2.5330810712468717,-73.57893851425565,-0.5122212387076384,-175.41074827098254,2200.0,20.0,20.0,107.12660598754883,-22.784113864451378
1334,13.34,20.695915865552614,10.63877595816863,2.5675025720034927,-73.3613356860294,-1.5624965300463263,-175.43202628451937,2200.0,20.0,20.0,107.11763572692871,-22.756369112960606
1335,13.35,20.702786846604546,10.550427558491473,2.602316777845441,-73.13858972206334,-2.6116836215540364,-175.46067373445567,2200.0,20.0,20.0,107.1086654663086,-22.729556603784435
1336,13.36,20.70977982949123,10.46077166936549,2.6375285288108286,-72.91048369211208,-3.6597152632160457,-175.49687346189077,2200.0,20.0,20.0,107.09969520568848,-22.703718822034926
1337,13.370000000000001,20.716901441278104,10.36981040163097,2.673142640101744,-72.67679231275281,-4.706521457446791,-175.54081848113998,2200.0,20.0,20.0,107.09072494506836,-22.678898840061354
1338,13.38,20.72415831365988,10.27754591348879,2.7091639017391653,-72.43728141118363,-5.752029295307219,-175.59271242848203,2200.0,20.0,20.0,107.08175468444824,-22.655140305130566
1339,13.39,20.731557082532053,10.183980410374248,2.745597078223347,-72.19170736277735,-6.796162781774178,-175.65277004310948,2200.0,20.0,20.0,107.07278442382812,-22.632487426070327
1340,13.4,20.73910438755977,10.08911614482452,2.78244690819977,-71.93981650041727,-7.838842649220079,-175.72121768181583,2200.0,20.0,20.0,107.06381416320801,-22.610984958830528
1341,13.41,20.7468068717442,9.992955416339775,2.819718104130781,-71.6813444935755,-8.879986158198006,-175.79829386905809,2200.0,20.0,20.0,107.05484390258789,-22.590678190922624
1342,13.42,20.754671180986513,9.895500571238031,2.857415351972998,-71.41601569502748,-9.91950688455156,-175.8842498841334,2200.0,20.0,20.0,107.04587364196777,-22.571612924692552
1343,13.43,20.76270396364957,9.796754002503718,2.8955433108606057,-71.14354245303076,-10.957314491793149,-175.97935038730537,2200.0,20.0,20.0,107.03690338134766,-22.553835459390474
1344,13.44,20.77091187011754,9.696718149630065,2.934106612794621,-70.86362438673328,-11.993314487609325,-176.08387408680593,2200.0,20.0,20.0,107.02793312072754,-22.5373925719956
1345,13.450000000000001,20.779301552353505,9.595395498455327,2.973109862338233,-70.57594762252069,-13.027407963261057,-176.1981144487203,2200.0,20.0,20.0,107.01896286010742,-22.522331496759126
1346,13.46,20.787879663455215,9.492788580992878,3.012557636318303,-70.28018398896411,-14.059491314547284,-176.3223804518334,2200.0,20.0,20.0,107.0099925994873,-22.508699903428298
1347,13.47,20.796652857209132,9.388899975255294,3.052454483533127,-69.97599016799522,-15.089455942898075,-176.4569973895717,2200.0,20.0,20.0,107.00102233886719,-22.496545874118144
1348,13.48,20.80562778764288,9.283732305072395,3.092804924466527,-69.66300679991755,-16.11718793504791,-176.60230772121292,2200.0,20.0,20.0,106.99205207824707,-22.485917878795703
1349,13.49,20.81481110857629,9.177288239903369,3.133613451008379,-69.340857539868,-17.14256771961873,-176.7586719745457,2200.0,20.0,20.0,106.98308181762695,-22.476864749347374
1350,13.5,20.824209473171077,9.069570494643036,3.174884526181645,-69.00914806337647,-18.16546969881575,-176.92646970214614,2200.0,20.0,20.0,106.97411155700684,-22.469435652200758
1351,13.51,20.833829533479392,8.96058182942227,3.2166225838759894,-68.66746501874395,-19.185761853297915,-177.1061004933798,2200.0,20.0,20.0,106.96514129638672,-22.463680059473592
1352,13.52,20.843677939991327,8.850325049402711,3.2588320285880648,-68.31537492407635,-20.20330531814134,-177.29798504413247,2200.0,20.0,20.0,106.9561710357666,-22.45964771862839
1353,13.530000000000001,20.85376134118152,8.738803004565783,3.30151723516853,-67.95242300698952,-21.217953927659007,-177.50256628610964,2200.0,20.0,20.0,106.94720077514648,-22.457388620611603
1354,13.540000000000001,20.864086383054993,8.626018589496148,3.344682548575882,-67.57813198524896,-22.22955372667801,-177.7203105773058,2200.0,20.0,20.0,106.93823051452637,-22.456952966461902
1355,13.55,20.874659708692374,8.511974743159612,3.388332283637161,-67.19200078694547,-23.237942445708484,-177.95170895491893,2200.0,20.0,20.0,106.92926025390625,-22.45839113237356
1356,13.56,20.88548795779464,8.396674448675618,3.432470724815593,-66.7935032092546,-24.242948937260138,-178.19727845154677,2200.0,20.0,20.0,106.92028999328613,-22.461753633209756
1357,13.57,20.896577766227484,8.280120733084368,3.4771021259852457,-66.38208651540452,-25.24439257038731,-178.45756347493537,2200.0,20.0,20.0,106.91131973266602,-22.467091084457266
1358,13.58,20.90793576556549,8.162316667108684,3.52223071021274,-65.95716997021519,-26.24208258035699,-178.73313725081823,2200.0,20.0,20.0,106.9023494720459,-22.474454162630128
1359,13.59,20.919568582636224,8.043265364910692,3.5678606695460817,-65.51814331549964,-27.235817370159797,-179.02460332746597,2200.0,20.0,20.0,106.89337921142578,-22.483893564123626
1360,13.6,20.931482839064373,7.922969983843405,3.6139961648106627,-65.0643651877788,-28.225383760402586,-179.33259713941038,2200.0,20.0,20.0,106.88440895080566,-22.495459962533513
1361,13.61,20.943685150816076,7.801433724197323,3.6606413254124894,-64.59516148219741,-29.21055618395862,-179.65778762637962,2200.0,20.0,20.0,106.87543869018555,-22.50920396446031
1362,13.620000000000001,20.95618212774359,7.67865982894211,3.7078002491486743,-64.1098236682924,-30.19109582159933,179.99912109827977,2200.0,20.0,20.0,106.86646842956543,-22.525176063820425
1363,13.63,20.968980373130407,7.554651583463489,3.7554770020252413,-63.607607065420616,-31.166749674711042,179.6373880375647,2200.0,20.0,20.0,106.85749816894531,-22.543426594701774
1364,13.64,20.98208648323696,7.429412315295417,3.8036756180822837,-63.08772908826852,-32.13724957110721,179.2562335696463,2200.0,20.0,20.0,106.8485279083252,-22.56400568279694
1365,13.65,20.995507046847056,7.302945393847666,3.85240009922651,-62.549367476028436,-33.102311099907254,178.8548376892096,2200.0,20.0,20.0,106.83955764770508,-22.586963195466073
1366,13.66,21.009248644815166,7.1752542301289095,3.9016544150712162,-61.99165852262247,-34.06163247147859,178.43233824873448,2200.0,20.0,20.0,106.83058738708496,-22.612348690483024
1367,13.67,21.02331784961469,7.046342276465411,3.9514425027837103,-61.413695329896015,-35.01489329855094,177.98782922168834,2200.0,20.0,20.0,106.82161712646484,-22.640211363527484
1368,13.68,21.037721224887346,6.916213026215435,4.0017682669402195,-60.81452611110829,-35.9617532948284,177.52035901500062,2200.0,20.0,20.0,106.81264686584473,-22.67059999449621
1369,13.69,21.05246532499379,6.784870013479491,4.052635579388303,-60.193152578444725,-36.90185088779182,177.0289288645856,2200.0,20.0,20.0,106.80367660522461,-22.703562892713602
1370,13.700000000000001,21.067556694565617,6.652316812806514,4.1040482791167925,-59.54852845581278,-37.83480174292021,176.51249135521104,2200.0,20.0,20.0,106.79470634460449,-22.739147841132052
1371,13.71,21.083001868058837,6.518557038896109,4.1560101721332785,-58.87955816701138,-38.76019719732357,175.96994911483745,2200.0,20.0,20.0,106.78573608398438,-22.777402039621133
1372,13.72,21.098807369309,6.383594346296966,4.208525031349157,-58.18509575964246,-39.67760260181438,175.40015374382682,2200.0,20.0,20.0,106.77676582336426,-22.818372047452726
1373,13.73,21.11497971108802,6.247432429101563,4.2615965964722395,-57.4639441370209,-40.58655557181608,174.80190505130565,2200.0,20.0,20.0,106.76779556274414,-22.862103725102102
1374,13.74,21.131525394662912,6.110075020637295,4.315228573906953,-56.71485468398568,-41.48656414928702,174.17395068461087,2200.0,20.0,20.0,106.75882530212402,-22.908642175489874
1375,13.75,21.148450909356463,5.971525893154121,4.369424636662116,-55.93652738804448,-42.37710488010709,173.5149862532747,2200.0,20.0,20.0,106.7498550415039,-22.95803168480202
1376,13.76,21.165762732110043,5.831788857508882,4.424188424266291,-55.12761157477484,-43.25762081423833,172.82365606649148,2200.0,20.0,20.0,106.74088478088379,-23.010315663033285
1377,13.77,21.183467327048614,5.690867762846393,4.47952354269074,-54.2867073958813,-44.12751943951431,172.09855462248498,2200.0,20.0,20.0,106.73191452026367,-23.065536584407607
1378,13.780000000000001,21.20157114504807,5.5487664962774454,4.53543356427993,-53.412368229665304,-44.986170564277764,171.3382290095505,2200.0,20.0,20.0,106.72294425964355,-23.12373592783812
1379,13.790000000000001,21.220080623305073,5.40548898255385,4.591922027689632,-52.50310417667432,-45.832904169379965,170.54118240155174,2200.0,20.0,20.0,106.71397399902344,-23.1849541175994
1380,13.8,21.23900218490935,5.261039183740637,4.648992437832556,-51.55738685751211,-46.667008256407335,169.7058788548687,2200.0,20.0,20.0,106.70500373840332,-23.24923046438634
1381,13.81,21.258342238418788,5.115421098885555,4.706648265831532,-50.57365574448871,-47.487726726545496,168.8307496384853,2200.0,20.0,20.0,106.6960334777832,-23.316603106948094
1382,13.82,21.278107177437185,4.9686387636859966,4.76489294898022,-49.55032628289768,-48.29425733332205,167.91420135301377,2200.0,20.0,20.0,106.68706321716309,-23.387108954489825
1383,13.83,21.298303380194987,4.820696250153478,4.82372989071131,-48.4858000796918,-49.08574976267857,166.95462611643555,2200.0,20.0,20.0,106.67809295654297,-23.46078363003453
1384,13.84,21.31893720913294,4.671597666275814,4.883162460572201,-47.37847745510338,-49.86130390543692,165.95041411210977,2200.0,20.0,20.0,106.66912269592285,-23.537661414953952
1385,13.85,21.340015010488884,4.5213471556771125,4.943193994208124,-46.22677266357887,-50.61996840019466,164.89996880542475,2200.0,20.0,20.0,106.66015243530273,-23.617775194864755
1386,13.86,21.36154311388771,4.369948897275729,5.003827793352682,-45.02913209077125,-51.36073953886376,163.80172513583886,2200.0,20.0,20.0,106.65118217468262,-23.70115640711194
1387,13.870000000000001,21.383527831934625,4.2174071049403254,5.065067125825766,-43.78405571897322,-52.082560642137594,162.6541709766944,2200.0,20.0,20.0,106.6422119140625,-23.78783499003418
1388,13.88,21.405975459811796,4.06372602714414,5.126915225538818,-42.49012211918244,-52.78432202763916,161.45587212099818,2200.0,20.0,20.0,106.63324165344238,-23.877839334235816
1389,13.89,21.428892274878468,3.908909946617646,5.189375292507388,-41.146017168185914,-53.46486170862438,160.2055009915521,2200.0,20.0,20.0,106.62427139282227,-23.971196236065207
1390,13.9,21.452284536274693,3.752963179999699,5.252450492870951,-39.750566597465145,-54.12296697481686,158.90186918223486,2200.0,20.0,20.0,106.61530113220215,-24.067930853512213
1391,13.91,21.47615848452864,3.595890077487335,5.316143958919925,-38.302772351172955,-54.75737701788111,157.54396380768122,2200.0,20.0,20.0,106.60633087158203,-24.16806666472701
1392,13.92,21.50052034116776,3.4376950224843448,5.380458789129859,-36.80185255755828,-55.366786770429535,156.13098746572965,2200.0,20.0,20.0,106.59736061096191,-24.271625429361094
1393,13.93,21.52537630833371,3.278382431248766,5.4453980482027164,-35.24728469842347,-55.94985212722665,154.66240139721637,2200.0,20.0,20.0,106.5883903503418,-24.3786271529237
1394,13.94,21.5507325684012,3.1179567525394343,5.510964767115201,-33.638851294022665,-56.50519670802517,153.13797116051705,2200.0,20.0,20.0,106.57942008972168,-24.489090054332554
1395,13.950000000000001,21.57659528360088,2.9564224672617243,5.577161943174084,-31.976687110465186,-57.03142030073844,151.55781382788962,2200.0,20.0,20.0,106.57044982910156,-24.603030536847516
1396,13.96,21.60297059564626,2.793784088112628,5.643992540078444,-30.26132655379291,-57.52710908898228,149.92244536777883,2200.0,20.0,20.0,106.56147956848145,-24.720463162537712
1397,13.97,21.629864625364796,2.6300461592253024,5.711459487988771,-28.493749557900983,-57.990847717419996,148.23282652023758,2200.0,20.0,20.0,106.55250930786133,-24.84140063044872
1398,13.98,21.657283472333194,2.4652132558132256,5.779565683602855,-26.67542392979049,-58.42123318061787,146.49040512894211,2200.0,20.0,20.0,106.54353904724121,-24.965853758597298
1399,13.99,21.685233214517012,2.299289983814102,5.848313990238405,-24.808341821421088,-58.816890436451025,144.69715259905405,2200.0,20.0,20.0,106.5345687866211,-25.093831469928883
1400,14.0,21.713719907914633,2.132280979533653,5.917707237922301,-22.895047796151534,-59.17648954545834,142.85559194890064,2200.0,20.0,20.0,106.52559852600098,-25.225340782340563
1401,14.01,21.742749586205612,1.9641909092894256,5.987748223486418,-20.93865589645259,-59.49876402717968,140.96881486214153,2200.0,20.0,20.0,106.51662826538086,-25.36038680286396
1402,14.02,21.77232826040359,1.7950244690547663,6.058439710669941,-18.942853243221585,-59.7825300101025,139.04048527073076,2200.0,20.0,20.0,106.50765800476074,-25.49897272607991
1403,14.030000000000001,21.802461918513686,1.6247863841030852,6.129784430228074,-16.911888040811128,-60.0267056424426,137.0748273427685,2200.0,20.0,20.0,106.49868774414062,-25.641099836821542
1404,14.040000000000001,21.833156525194525,1.4534814086525545,6.201785080047089,-14.850540442595573,-60.23033013743369,135.07659633004192,2200.0,20.0,20.0,106.48971748352051,-25.786767517199966
1405,14.05,21.864418021424935,1.281114325511371,6.274444325265578,-12.76407554005256,-60.39258176068336,133.05103153821113,2200.0,20.0,20.0,106.48074722290039,-25.935973257962825
1406,14.06,21.896252324175325,1.10768994572372,6.347764798401879,-10.658178732576172,-60.51279403937738,131.00379167683013,2200.0,20.0,20.0,106.47177696228027,-26.08871267418869
1407,14.07,21.92866532608385,0.9332131082165729,6.4217490994875215,-8.538874841749777,-60.59046949213499,128.94087395290586,2200.0,20.0,20.0,106.46280670166016,-26.24497952527573
1408,14.08,21.961662895137366,0.7576886794474502,6.496399796206648,-6.412433451553919,-60.625290248482855,126.8685193894414,2200.0,20.0,20.0,106.45383644104004,-26.404765739189543
1409,14.09,21.99525087435724,0.5811215530532833,6.571719424041278,-4.285263968453968,-60.617125047161544,124.79310786287807,2200.0,20.0,20.0,106.44486618041992,-26.56806144088734
1410,14.1,22.02943508149007,0.40351664950050403,6.647710486422328,-2.1638046870286622,-60.5660322657831,122.72104714506598,2200.0,20.0,20.0,106.4358959197998,-26.734854984834517
1411,14.11,22.064221308703306,0.22487891573649216,6.724375454886289,-0.05441062197590137,-60.47225882815938,120.65866071056527,2200.0,20.0,20.0,106.42692565917969,-26.905132991497883
1412,14.120000000000001,22.099615322285853,0.04521332484250834,6.801716769237449,2.036755033658356,-60.33623504323884,118.612079169089,2200.0,20.0,20.0,106.41795539855957,-27.078880387683828
1413,14.13,22.13562286235367,-0.13547512431175993,6.8797368377155586,4.103821253915488,-60.158565632412625,116.5871398931613,2200.0,20.0,20.0,106.40898513793945,-27.256080450567712
1414,14.14,22.172249642560416,-0.317181407411914,6.958438037168821,6.141297400694433,-59.94001738204619,114.58929876928143,2200.0,20.0,20.0,106.40001487731934,-27.43671485524611
1415,14.15,22.209501349813113,-0.4999004750406974,7.037822713232114,8.144146306061682,-59.68150400062907,112.62355708634644,2200.0,20.0,20.0,106.39104461669922,-27.62076372562505
1416,14.16,22.247383643992933,-0.6836272530178636,7.117893180510308,10.107840281780769,-59.384068855050586,110.69440549560805,2200.0,20.0,20.0,106.3820743560791,-27.808205688435823
1417,14.17,22.285902157681075,-0.8683566427379377,7.198651722766582,12.028399247871754,-59.04886630421887,108.80578585030639,2200.0,20.0,20.0,106.37310409545898,-27.999017930165735
1418,14.18,22.325062495889757,-1.0540835215057516,7.280100593115611,13.90241123411589,-58.67714234236321,106.96107067101626,2200.0,20.0,20.0,106.36413383483887,-28.193176256668426
1419,14.19,22.364870235798353,-1.2408027428696358,7.36224201422151,15.727036417863518,-58.270215215538926,105.16305907329637,2200.0,20.0,20.0,106.35516357421875,-28.390655155208997
1420,14.200000000000001,22.405330926494702,-1.4285091369521496,7.445078178500412,17.49999656026073,-57.82945659302526,103.41398729547123,2200.0,20.0,20.0,106.34619331359863,-28.591427858698815
1421,14.21,22.446450088721562,-1.6171975107782397,7.5286112483275565,19.219552165925,-57.35627377194644,101.71555150145636,2200.0,20.0,20.0,106.33722305297852,-28.79546641184971
1422,14.22,22.488233214628252,-1.8068626486007064,7.612843356248765,20.88446992251356,-56.852093279951646,100.06894030212375,2200.0,20.0,20.0,106.3282527923584,-29.002741738981726
1423,14.23,22.530685767527473,-1.997499312222878,7.697776605196182,22.493983003607802,-56.318346127191035,98.47487441172048,2200.0,20.0,20.0,106.31928253173828,-29.213223713222384
1424,14.24,22.57381318165732,-2.1891022413183725,7.783413068708137,24.047746681872898,-55.756454853034306,96.93365099231414,2200.0,20.0,20.0,106.31031227111816,-29.426881226808135
1425,14.25,22.61762086194847,-2.3816661537478505,7.8697547911530314,25.545791446443864,-55.1678224204249,95.44519049224223,2200.0,20.0,20.0,106.30134201049805,-29.64368226222447
1426,14.26,22.662114183796575,-2.575185745872649,7.956803787957075,26.98847549474357,-54.553822934512965,94.00908410828764,2200.0,20.0,20.0,106.29237174987793,-29.863593963905274
1427,14.27,22.70729849283981,-2.76965569286519,8.044562045835784,28.3764381147036,-53.915794103233445,92.62464035552843,2200.0,20.0,20.0,106.28340148925781,-30.086582710225056
1428,14.280000000000001,22.753179104741623,-2.9650706490160768,8.133031523029079,29.710555120455624,-53.255031315234355,91.29092958171292,2200.0,20.0,20.0,106.2744312286377,-30.31261418551337
1429,14.290000000000001,22.799761304978627,-3.1614252480377636,8.222214149539845,30.991897175977666,-52.572783183327125,90.0068255915914,2200.0,20.0,20.0,106.26546096801758,-30.541653451829678
1430,14.3,22.84705034863368,-3.358714103364713,8.312111827375865,32.221691551315196,-51.87024838714465,88.77104383649052,2200.0,20.0,20.0,106.25649070739746,-30.773665020261813
1431,14.31,22.89505146019405,-3.556931808449947,8.402726430794912,33.40128761203922,-51.14857364446269,87.58217586837416,2200.0,20.0,20.0,106.24752044677734,-31.008612921480047
1432,14.32,22.94376983335478,-3.7560729370578936,8.494059806552931,34.532126146315235,-50.40885264416755,86.43871995391503,2200.0,20.0,20.0,106.23855018615723,-31.246460775337045
1433,14.33,22.99321063082708,-3.956132043553452,8.586113774155146,35.61571248308657,-49.65212578291091,85.33910789496838,2200.0,20.0,20.0,106.22957992553711,-31.487171859287187
1434,14.34,23.04337898415186,-4.157103663187176,8.67889012610993,36.65359324484863,-48.8793805601397,84.2817282118603,2200.0,20.0,20.0,106.22060966491699,-31.730709175407497
1435,14.35,23.09427999351831,-4.3589823123765035,8.77239062818535,37.647336503404226,-48.09155250086948,83.2649459209815,2200.0,20.0,20.0,106.21163940429688,-31.977035515841195
1436,14.36,23.145918727587475,-4.561762488982947,8.866617019668183,38.598515060611255,-47.28952649106962,82.28711918455275,2200.0,20.0,20.0,106.20266914367676,-32.22611352648053
1437,14.370000000000001,23.198300223320906,-4.765438672585164,8.961571013625326,39.50869255241917,-46.47413842596161,81.3466131341366,2200.0,20.0,20.0,106.19369888305664,-32.47790576871336
1438,14.38,23.251429485814235,-4.970005324747834,9.05725429716739,40.379412068012115,-45.64617708626424,80.44181117594114,2200.0,20.0,20.0,106.18472862243652,-32.73237477910229
1439,14.39,23.305311488135708,-5.175456889286268,9.15366853171439,41.212186981905994,-44.806386171064275,79.57112407992184,2200.0,20.0,20.0,106.1757583618164,-32.98948312685683
1440,14.4,23.359951171169627,-5.381787792526681,9.25081535326336,42.00849371147642,-43.95546642834384,78.73299714005636,2200.0,20.0,20.0,106.16678810119629,-33.249193468975484
1441,14.41,23.415353443464678,-5.5889924435620575,9.348696372657754,42.769766132557756,-43.094077835125944,77.92591567299203,2200.0,20.0,20.0,106.15781784057617,-33.51146860296414
1442,14.42,23.471523181087072,-5.797065234503546,9.447313175858481,43.49739140900531,-42.222841788730285,77.14840909900556,2200.0,20.0,20.0,106.14884757995605,-33.7762715170521
1443,14.43,23.528465227478474,-6.006000540727325,9.546667324216452,44.19270701666351,-41.34234327882391,76.39905382465717,2200.0,20.0,20.0,106.13987731933594,-34.043565437819446
1444,14.44,23.586184393318714,-6.215792721116868,9.64676035474646,44.85699876675111,-40.45313301688582,75.67647512194192,2200.0,20.0,20.0,106.13090705871582,-34.31331387520139
1445,14.450000000000001,23.644685456393162,-6.426436118300563,9.74759378040227,45.49149965735857,-39.5557295055146,74.97934817504616,2200.0,20.0,20.0,106.1219367980957,-34.585480664819045
1446,14.46,23.703973161464805,-6.637925058884632,9.849169090352774,46.09738940397367,-38.650621034828546,74.30639844359061,2200.0,20.0,20.0,106.11296653747559,-34.860030007617624
1447,14.47,23.764052220150873,-6.850253853681293,9.951487750259057,46.675794520399414,-37.738267597136215,73.65640147077781,2200.0,20.0,20.0,106.10399627685547,-35.136926506802574
1448,14.48,23.824927310804085,-7.063416797932119,10.054551202552224,47.22778883991692,-36.81910271424318,73.02818224636077,2200.0,20.0,20.0,106.09502601623535,-35.41613520207285
1449,14.49,23.886603078398366,-7.277408171526551,10.158360866711856,47.754394383051775,-35.8935351743141,72.42061421783778,2200.0,20.0,20.0,106.08605575561523,-35.697621601171
1450,14.5,23.94908413441901,-7.492222239215526,10.262918139544936,48.256582492877875,-34.96195067721767,71.83261802868535,2200.0,20.0,20.0,106.07708549499512,-35.9813517087758
1451,14.51,24.01237505675728,-7.7078532508201745,10.368224395465111,48.735275171547755,-34.02471338883963,71.26316004967373,2200.0,20.0,20.0,106.068115234375,-36.26729205277173
1452,14.52,24.076480389609287,-7.924295441435546,10.474280986772134,49.191346562799495,-33.08216740604351,70.7112507582356,2200.0,20.0,20.0,106.05914497375488,-36.555409707951625
1453,14.530000000000001,24.1414046433792,-8.14154303162935,10.581089243931352,49.62562453472427,-32.13463813484312,70.17594301130694,2200.0,20.0,20.0,106.05017471313477,-36.84567105768123
1454,14.540000000000001,24.207152294586656,-8.359590227635666,10.688650475853082,50.03889232523439,-31.18243358500218,69.65633024889452,2200.0,20.0,20.0,106.04120445251465,-37.13804536240515
1455,14.55,24.27372778577832,-8.57843122154359,10.79696597017175,50.431890219628926,-30.225845584695595,69.15154465863738,2200.0,20.0,20.0,106.03223419189453,-37.43250186367769
1456,14.56,24.34113552544355,-8.798060191480817,10.906036993524625,50.80531723551432,-29.265150919188134,68.66075532577042,2200.0,20.0,20.0,106.02326393127441,-37.7290099956068
1457,14.57,24.40937988793408,-9.018471301792117,11.015864791830026,51.159832795306166,-28.300612397612735,68.1831663878942,2200.0,20.0,20.0,106.0142936706543,-38.0275398226004
1458,14.58,24.478465213387686,-9.239658703212688,11.126450590564852,51.49605837067319,-27.332479852020697,67.71801520981357,2200.0,20.0,20.0,106.00532341003418,-38.32806204898538
1459,14.59,24.548395807655723,-9.461616533036398,11.237795595041291,51.81457908675014,-26.36099107284967,67.26457059021358,2200.0,20.0,20.0,105.99635314941406,-38.6305480266068
1460,14.6,24.619175942234506,-9.684338915278857,11.349900990682565,52.11594527680913,-25.386372684901314,66.82213100906385,2200.0,20.0,20.0,105.98738288879395,-38.934969760479696
1461,14.61,24.69080985420044,-9.907819960835361,11.462767943297582,52.40067398044715,-24.408840967807546,66.39002292224875,2200.0,20.0,20.0,105.97841262817383,-39.24129991261055
1462,14.620000000000001,24.76330174614885,-10.132053767633662,11.576397599354346,52.669250380284815,-23.42860262483175,65.96759910796177,2200.0,20.0,20.0,105.96944236755371,-39.54951180406915
1463,14.63,24.836655786136394,-10.357034420781579,11.690791086251988,52.92212917375267,-22.445855503694315,65.55423706779669,2200.0,20.0,20.0,105.9604721069336,-39.85957941542754
1464,14.64,24.91087610762706,-10.582755992709473,11.805949512591278,53.159735877817056,-21.460789272949377,65.1493374841701,2200.0,20.0,20.0,105.95150184631348,-40.17147738565187
1465,14.65,24.985966809441592,-10.809212543307526,11.921873968443496,53.382468065525785,-20.473586057252792,64.7523227346484,2200.0,20.0,20.0,105.94253158569336,-40.485181009555596
1466,14.66,25.06193195571034,-11.03639812005791,12.0385655256175,53.59069653405877,-19.484421034709356,64.36263546293284,2200.0,20.0,20.0,105.93356132507324,-40.800666233906306
1467,14.67,25.138775575829385,-11.2643067581618,12.156025237924892,53.78476640461294,-18.49346299928814,63.979737205570714,2200.0,20.0,20.0,105.92459106445312,-41.11790965228965
1468,14.68,25.216501664419972,-11.492932480661247,12.27425414144311,53.96499815493576,-17.500874891143287,63.60310707295632,2200.0,20.0,20.0,105.91562080383301,-41.43688849882242
1469,14.69,25.295114181291037,-11.722269298555974,12.39325325477635,54.13168858569504,-16.50681429750229,63.23224048277595,2200.0,20.0,20.0,105.90665054321289,-41.75758064080621
1470,14.700000000000001,25.37461705140485,-11.952311210915045,12.513023579314165,54.28511172214008,-15.51143392663511,62.86664794375587,2200.0,20.0,20.0,105.89768028259277,-42.07996457042131
1471,14.71,25.455014164845675,-12.183052204983493,12.63356609948761,54.42551965269965,-14.514882057274772,62.505853887354334,2200.0,20.0,20.0,105.88871002197266,-42.40401939553553
1472,14.72,25.53630937679134,-12.414486256283885,12.754881783022832,54.55314330628982,-13.517302965695825,62.14939554486305,2200.0,20.0,20.0,105.87973976135254,-42.72972482973174
1473,14.73,25.618506507487666,-12.646607328712875,12.876971581191947,54.66819317016852,-12.518837332563972,61.796821867308175,2200.0,20.0,20.0,105.87076950073242,-43.057061181612156
1474,14.74,25.70160934222566,-12.879409374632779,12.9998364290611,54.77085995020591,-11.519622631524014,61.447692485460074,2200.0,20.0,20.0,105.8617992401123,-43.38600934348971
1475,14.75,25.78562163132139,-13.112886334958182,13.123477245735566,54.861315175433006,-10.519793501381836,61.10157670723319,2200.0,20.0,20.0,105.85282897949219,-43.716550779507564
1476,14.76,25.87054709009849,-13.347032139237648,13.247894934601801,54.93971174869512,-9.519482103655037,60.758052549772344,2200.0,20.0,20.0,105.84385871887207,-44.04866751328791
1477,14.77,25.956389398873153,-13.581840705730537,13.373090383566284,55.006184445185305,-8.51881846715692,60.41670580352873,2200.0,20.0,20.0,105.83488845825195,-44.38234211515647
1478,14.780000000000001,26.043152202941606,-13.817305941479,13.499064465291074,55.0608503605647,-7.517930821192734,60.077129125664335,2200.0,20.0,20.0,105.82591819763184,-44.71755768902776
1479,14.790000000000001,26.130839112569944,-14.053421742375182,13.625818037425919,55.103809310293556,-6.516945918887643,59.73892116018363,2200.0,20.0,20.0,105.81694793701172,-45.05429785898837
1480,14.8,26.219453702986208,-14.290181993223678,13.753351942836847,55.13514418171176,-5.515989352082948,59.40168568223839,2200.0,20.0,20.0,105.8079776763916,-45.39254675566041
1481,14.81,26.308999514374722,-14.52758056779931,13.881667009831098,55.15492124031364,-4.515185859184961,59.06503076412183,2200.0,20.0,20.0,105.79900741577148,-45.7322890023769
1482,14.82,26.399480051872494,-14.765611328900272,14.010764052378288,55.163190391567255,-3.5146596273001554,58.72856796054033,2200.0,20.0,20.0,105.79003715515137,-46.0735097012372
1483,14.83,26.49089878556769,-15.00426812839668,14.140643870327718,55.15998539953427,-2.514534589934576,58.39191151081748,2200.0,20.0,20.0,105.78106689453125,-46.416194419077314
1484,14.84,26.583259150500066,-15.243544807274612,14.271307249621689,55.14532406345303,-1.5149347215105906,58.05467755577269,2200.0,20.0,20.0,105.77209663391113,-46.76032917339868
1485,14.85,26.676564546663222,-15.483435195675694,14.402754962504737,55.11920835335887,-0.5159843299173666,57.716483367093865,2200.0,20.0,20.0,105.76312637329102,-47.10590041830657
1486,14.86,26.77081833900873,-15.723933112932285,14.5349877677287,55.08162450573188,0.48219165171545664,57.37694658710555,2200.0,20.0,20.0,105.7541561126709,-47.452895030475844
1487,14.870000000000001,26.866023857451907,-15.965032367598337,14.668006410753458,55.03254308008493,1.4794673728522756,57.03568447692012,2200.0,20.0,20.0,105.74518585205078,-47.80130029520244
1488,14.88,26.962184396879252,-16.206726757476,14.801811623943333,54.97191897733612,2.475715771834066,56.692313171052916,2200.0,20.0,20.0,105.73621559143066,-48.15110389253945
1489,14.89,27.059303217157428,-16.449010069638057,14.936404126758978,54.89969142075137,3.470808279463193,56.3464469366723,2200.0,20.0,20.0,105.72724533081055,-48.50229388358745
1490,14.9,27.157383543143702,-16.6918760804462,15.071784625944685,54.815783900194155,4.464614518750921,55.997697435753956,2200.0,20.0,20.0,105.71827507019043,-48.85485869691169
1491,14.91,27.256428564697803,-16.935318555565356,15.207953815711047,54.720104080386776,5.4570019996672645,55.645672988528574,2200.0,20.0,20.0,105.70930480957031,-49.208787115160284
1492,14.92,27.35644143669508,-17.179331249973966,15.344912377912838,54.61254367386674,6.4478358077563485,55.289977836708346,2200.0,20.0,20.0,105.7003345489502,-49.564068261868336
1493,14.93,27.457425279040876,-17.423907907970477,15.482660982222054,54.49297827932127,7.43697828545077,54.93021140511678,2200.0,20.0,20.0,105.69136428833008,-49.92069158847745
1494,14.94,27.559383176686104,-17.66904226317598,15.621200286296025,54.36126718600057,8.424288704909332,54.56596756048421,2200.0,20.0,20.0,105.68239402770996,-50.27864686159218
1495,14.950000000000001,27.662318179643847,-17.914728038533216,15.760530935940503,54.21725314495173,9.40962293118811,54.19683386632562,2200.0,20.0,20.0,105.67342376708984,-50.63792415047352
1496,14.96,27.766233303007006,-18.16095894630189,15.900653565267653,54.06076210788115,10.392833074539613,53.822390832989754,2200.0,20.0,20.0,105.66445350646973,-50.998513814796645
1497,14.97,27.871131526966856,-18.407728688050547,16.04156879684888,53.89160293455174,11.373767130595875,53.44221116218115,2200.0,20.0,20.0,105.65548324584961,-51.360406492656736
1498,14.98,27.977015796832454,-18.65503095464496,16.183277241862385,53.70956706974967,12.352268607191748,53.05585898546649,2200.0,20.0,20.0,105.64651298522949,-51.72359308887723
1499,14.99,28.08388902305084,-18.90285942623323,16.325779500235427,53.5144281910265,13.328176136537756,52.662889096554714,2200.0,20.0,20.0,105.63754272460938,-52.08806476356518
1500,15.0,28.191754081227923,-19.151207772227618,16.46907616078115,53.305941828635156,14.301323071445136,52.26284617742672,2200.0,20.0,20.0,105.62857246398926,-52.45381292097488
1501,15.01,28.300613812150004,-19.400069651283264,16.613167801329983,53.08384495934453,15.271537064267264,51.855264018748336,2200.0,20.0,20.0,105.61960220336914,-52.8208291986532
1502,15.02,28.410471021805893,-19.64943871127387,16.758054988855488,52.84785557613815,16.23863962721573,51.43966473538717,2200.0,20.0,20.0,105.61063194274902,-53.18910545687232
1503,15.030000000000001,28.521328481409466,-19.899308589264454,16.90373827959462,52.59767223619246,17.202445672683076,51.01555797832145,2200.0,20.0,20.0,105.6016616821289,-53.558633768358426
1504,15.040000000000001,28.633188927422676,-20.149672911481264,17.050218219162346,52.33297358999722,18.162763032184962,50.58244014476746,2200.0,20.0,20.0,105.59269142150879,-53.929406408316424
1505,15.05,28.746055061578918,-20.400525293279024,17.197495342660517,52.05341789502587,19.11939195255447,50.139793588946546,2200.0,20.0,20.0,105.58372116088867,-54.30141584474418
1506,15.06,28.859929550906674,-20.651859339105492,17.345570174781038,51.758642518018945,20.072124567995687,49.68708583664615,2200.0,20.0,20.0,105.57475090026855,-54.67465472903248
1507,15.07,28.97481502775337,-20.903668642463597,17.49444322990313,51.44826343069422,21.02074434665927,49.22376880751466,2200.0,20.0,20.0,105.56578063964844,-55.049115886868854
1508,15.08,29.09071408980941,-21.155946785871155,17.64411501218481,51.12187470458927,21.965025510406225,48.74927804999253,2200.0,20.0,20.0,105.55681037902832,-55.4247923094109
1509,15.09,29.20762930013229,-21.40868734081831,17.794586015648395,50.779048011760686,22.904732426507774,48.26303199483629,2200.0,20.0,20.0,105.5478401184082,-55.801677144755516
1510,15.1,29.325563187170737,-21.661883867722835,17.945856724260068,50.4193321392512,23.839618970095664,47.76443123443424,2200.0,20.0,20.0,105.53886985778809,-56.1797636896821
1511,15.11,29.444518244788835,-21.915529915883386,18.09792761200342,50.04225252658825,24.769427856314266,47.252857836495956,2200.0,20.0,20.0,105.52989959716797,-56.55904538167099
1512,15.120000000000001,29.564496932290034,-22.169619023430833,18.250799142946995,49.64731083713965,25.69388994125436,46.72767470231349,2200.0,20.0,20.0,105.52092933654785,-56.939515791192825
1513,15.13,29.68550167444106,-22.424144717277795,18.404471771305694,49.233984575919884,26.61272349096201,46.1882249815897,2200.0,20.0,20.0,105.51195907592773,-57.32116861426197
1514,15.14,29.80753486149555,-22.679100513066484,18.558945941496113,48.801726768447196,27.525633418073188,45.63383155786967,2200.0,20.0,20.0,105.50298881530762,-57.703997665252594
1515,15.15,29.930598849217493,-22.934479915115006,18.714222088185718,48.349965717528384,28.432310485922446,45.06379662093252,2200.0,20.0,20.0,105.4940185546875,-58.087996869963185
1516,15.16,30.05469595890527,-23.190276416390265,18.870300636320632,47.87810529123448,29.332430351593963,44.47740114112843,2200.0,18.2216739654541,20.0,105.48504829406738,-58.47316012613381
1517,15.17,30.179828477442626,-23.44648349844369,19.027182001185807,47.385527794055555,30.225651822818694,43.873903484125584,2200.0,15.991158485412598,20.0,105.47607803344727,-58.85948137008735
1518,15.18,30.305998657372562,-23.703094631378704,19.184866588510953,46.87159705255795,31.11161526297458,43.25253873156528,2200.0,13.793675899505613,20.0,105.46710777282715,-59.24695452646345
1519,15.19,30.43320871696346,-23.960103274274918,19.34335479428381,46.33565866144682,31.989942331084343,42.612519650800834,2200.0,11.628332138061523,20.0,105.45813751220703,-59.635573607399984
1520,15.200000000000001,30.561460840341844,-24.21750287542995,19.502647004798682,45.7770448216051,32.86023437355877,41.953036382648314,2200.0,9.494668841362,20.0,105.44916725158691,-60.02533245502181
1521,15.21,30.69075717759754,-24.475286873062657,19.66274359638057,45.19507698074392,33.72207205074381,41.273257953784864,2200.0,7.392734885215758,20.0,105.4401969909668,-60.41622523980113
1522,15.22,30.82109984494008,-24.733448696261977,19.82364493510155,44.589068476326645,34.57501566487224,40.57233495709717,2200.0,5.323113799095154,20.0,105.43122673034668,-60.80824621790733
1523,15.23,30.952490924842767,-24.991981766240478,19.985351376277663,43.95832439198552,35.41860664354979,39.849403892165306,2200.0,3.287016749382019,20.0,105.42225646972656,-61.20139008202865
1524,15.24,31.08493246619509,-25.250879497815575,20.14786326377191,43.3021378493134,36.25236923604241,39.103591914813926,2200.0,1.2862461805343628,20.0,105.41328620910645,-111.59565207559439
