Step,Time,X,Y,Z,Roll,Pitch,Yaw,Thrust,GimbalYaw,GimbalPitch,Mass,Reward
0,0,0.8627954112575982,-1.4275915070984344,11.0,6.922033606138887,1.1848876810004427,0.07166421765094477,0.0,0.0,0.0,110.0,0.0
1,0.01,0.8627133117332211,-1.4347394113973466,10.995063414000754,6.922165632551641,1.1856043952727746,0.06756914491514661,0.0,-20.0,-20.0,110.0,-9.371757079055824
2,0.02,0.862630565314394,-1.4418866609291283,10.990126920971475,6.922059930187518,1.1875048596544096,0.05350163907136132,0.0,-20.0,-20.0,110.0,-9.368979989703389
3,0.03,0.8625478124959745,-1.44903390421596,10.985190428830983,6.9218582583502695,1.188662851292155,0.04400720126064218,0.0,-20.0,-20.0,110.0,-9.36456208256018
4,0.04,0.8624649851114259,-1.4561810731106888,10.980253947278285,6.921630680258579,1.1895187581080706,0.03645354726406399,0.0,-20.0,-20.0,110.0,-9.360855957292248
5,0.05,0.8623821465767544,-1.4633282332446622,10.975317467021522,6.921391045347353,1.1903668367977998,0.028846890040121274,0.0,-20.0,-20.0,110.0,-9.357353095289676
6,0.06,0.8622993203411662,-1.4704754102284079,10.970380984462436,6.921148814436027,1.1912913040069715,0.020663955493151337,0.0,-20.0,-20.0,110.0,-9.35386197417
7,0.07,0.862216513070936,-1.4776226099596246,10.965444498746216,6.920911179279135,1.1922895497955912,0.011977245565356918,0.0,-20.0,-20.0,110.0,-9.350338187037652
8,0.08,0.8621337241184047,-1.4847698312000128,10.96050801003683,6.920682264056469,1.193339492255359,0.0029710246201194624,0.0,-20.0,-20.0,110.0,-9.346786743884415
9,0.09,0.8620509503798314,-1.491917070735424,10.955571518789265,6.920462902246565,1.1944213301564641,-0.006207427639213261,0.0,-20.0,-20.0,110.0,-9.343219601031716
10,0.1,0.8619681883138169,-1.4990643243309834,10.950635025591486,6.920251797482337,1.195521689531717,-0.015468991569447053,0.0,-20.0,-20.0,110.0,-9.339646675425824
11,0.11,0.8618854347293387,-1.5062115879068605,10.945698531005322,6.920047057539056,1.1966327413170332,-0.02476783701429088,0.0,-20.0,-20.0,110.0,-9.336074207290066
12,0.12,0.8618026872089375,-1.5133588584116453,10.940762035451607,6.91984683700593,1.1977501846770273,-0.0340825040512526,0.0,-20.0,-20.0,110.0,-9.33250529010643
13,0.13,0.8617199441327391,-1.520506132675059,10.935825539348977,6.919649293009575,1.1988716748708281,-0.04340364477484678,0.0,-20.0,-20.0,110.0,-9.32894143759825
14,0.14,0.8616372042779422,-1.5276534091894343,10.930889042905955,6.919452909736051,1.1999958860346518,-0.05272757807583766,0.0,-20.0,-20.0,110.0,-9.32538321280356
15,0.15,0.8615544667861155,-1.5348006864669148,10.925952546321055,6.919256962306784,1.2011219796613244,-0.06205289740519146,0.0,-20.0,-20.0,110.0,-9.321830898735753
16,0.16,0.8614717309968144,-1.5419479640679394,10.9210160496614,6.919061088118752,1.202249397750943,-0.07137900925523367,0.0,-20.0,-20.0,110.0,-9.318284580382134
17,0.17,0.8613889964480517,-1.549095241751963,10.916079552965824,6.918865094195042,1.2033777646839776,-0.08070563615461193,0.0,-20.0,-20.0,110.0,-9.314744298489728
18,0.18,0.8613062628262412,-1.5562425193869251,10.91114305625689,6.918668877063892,1.2045068308862625,-0.09003263322171372,0.0,-20.0,-20.0,110.0,-9.311210075965636
19,0.19,0.8612235299209795,-1.5633897969097463,10.906206559546643,6.918472389704411,1.2056364317611643,-0.09935991422183618,0.0,-20.0,-20.0,110.0,-9.307681927350933
20,0.2,0.8611407975826217,-1.5705370743164877,10.901270062838675,6.918275625220535,1.2067664488884904,-0.10868741581135702,0.0,-20.0,-20.0,110.0,-9.304159861835364
21,0.21,0.8610580656754079,-1.5776843516471497,10.896333566130961,6.9180786146701365,1.207896780472706,-0.11801508108154868,0.0,-20.0,-20.0,110.0,-9.300643887340653
22,0.22,0.8609753340666645,-1.584831628972351,10.891397069417692,6.917881420725479,1.2090273074886724,-0.12734285033396522,0.0,-20.0,-20.0,110.0,-9.297134007188461
23,0.23,0.8608926026402084,-1.5919789063555332,10.886460572693586,6.917684089629032,1.2101579372990534,-0.13667068057393095,0.0,-20.0,-20.0,110.0,-9.293630234144423
24,0.24,0.8608098713171316,-1.5991261838287893,10.88152407595639,6.917486638632408,1.2112886174588327,-0.14599854858629838,0.0,-20.0,-20.0,110.0,-9.290132577722538
25,0.25,0.8607271400601486,-1.606273461393142,10.876587579206758,6.917289069415239,1.2124193178535614,-0.15532644186543415,0.0,-20.0,-20.0,110.0,-9.286641045759119
26,0.26,0.8606444088477506,-1.6134207390396185,10.871651082446226,6.9170913759006085,1.213550021259415,-0.16465435365211795,0.0,-20.0,-20.0,110.0,-9.2831556453538
27,0.27,0.8605616776675885,-1.620568016755273,10.866714585676624,6.916893548840374,1.2146807177906078,-0.17398228021896556,0.0,-20.0,-20.0,110.0,-9.279676383194872
28,0.28,0.8604789465123778,-1.6277152945266093,10.861778088899742,6.916695578454588,1.2158114015858925,-0.18331021942606723,0.0,-20.0,-20.0,110.0,-9.276203265747236
29,0.29,0.8603962153774675,-1.6348625723414043,10.856841592117162,6.916497455839946,1.2169420688842312,-0.19263816996869423,0.0,-20.0,-20.0,110.0,-9.272736299357241
30,0.3,0.8603134842595004,-1.6420098501894922,10.851905095330187,6.91629917357495,1.218072716974046,-0.2019661309912663,0.0,-20.0,-20.0,110.0,-9.269275490309246
31,0.31,0.8602307531557521,-1.6491571280628907,10.846968598539842,6.916100725823104,1.2192033436724454,-0.2112941018913195,0.0,-20.0,-20.0,110.0,-9.265820844855261
32,0.32,0.8601480220638551,-1.6563044059555632,10.842032101746911,6.915902108163258,1.2203339471024672,-0.2206220822204898,0.0,-20.0,-20.0,110.0,-9.262372369229873
33,0.33,0.8600652909817157,-1.663451683863034,10.83709560495198,6.9157033173118885,1.221464525618356,-0.22995007163392,0.0,-20.0,-20.0,110.0,-9.25893006965739
34,0.34,0.8599825599075046,-1.670598961781998,10.832159108155487,6.915504350839598,1.2225950777898036,-0.23927806986293074,0.0,-20.0,-20.0,110.0,-9.255493952354948
35,0.35000000000000003,0.8598998288396621,-1.6777462397099894,10.827222611357767,6.915305206932311,1.2237256023989935,-0.24860607669833792,0.0,-20.0,-20.0,110.0,-9.252064023533702
36,0.36,0.8598170977768919,-1.6848935176451352,10.822286114559073,6.9151058842117505,1.2248560984317434,-0.25793409197853456,0.0,-20.0,-20.0,110.0,-9.248640289399301
37,0.37,0.8597343667181395,-1.6920407955859837,10.817349617759602,6.9149063816101295,1.225986565059124,-0.2672621155799222,0.0,-20.0,-20.0,110.0,-9.24522275615211
38,0.38,0.8596516356625624,-1.6991880735313893,10.812413120959512,6.914706698286354,1.2271170016125061,-0.2765901474088836,0.0,-20.0,-20.0,110.0,-9.241811429987445
39,0.39,0.8595689046094936,-1.7063353514804376,10.807476624158928,6.914506833570522,1.2282474075564256,-0.2859181873950897,0.0,-20.0,-20.0,110.0,-9.238406317095862
40,0.4,0.8594861735584082,-1.7134826294323948,10.802540127357949,6.914306786926286,1.2293777824627858,-0.29524623548606793,0.0,-20.0,-20.0,110.0,-9.235007423663436
41,0.41000000000000003,0.8594034425088931,-1.720629907386671,10.797603630556655,6.914106557923916,1.230508125988404,-0.30457429164293043,0.0,-20.0,-20.0,110.0,-9.231614755872032
42,0.42,0.8593207114606238,-1.7277771853427937,10.79266713375511,6.913906146219864,1.2316384378565663,-0.3139023558370995,0.0,-20.0,-20.0,110.0,-9.228228319899541
43,0.43,0.8592379804133434,-1.734924463300384,10.787730636953368,6.913705551540429,1.232768717842433,-0.3232304280478426,0.0,-20.0,-20.0,110.0,-9.224848121920061
44,0.44,0.8591552493668491,-1.74207174125914,10.782794140151466,6.913504773668384,1.2338989657617236,-0.33255850826043426,0.0,-20.0,-20.0,110.0,-9.221474168103999
45,0.45,0.8590725183209795,-1.7492190192188222,10.77785764334944,6.913303812431929,1.235029181462007,-0.34188659646478536,0.0,-20.0,-20.0,110.0,-9.218106464618199
46,0.46,0.8589897872756067,-1.7563662971792395,10.772921146547317,6.913102667695615,1.236159364815988,-0.35121469265441246,0.0,-20.0,-20.0,110.0,-9.21474501762596
47,0.47000000000000003,0.8589070562306286,-1.763513575140241,10.767984649745111,6.912901339352959,1.23728951571629,-0.3605427968256562,0.0,-20.0,-20.0,110.0,-9.21138983328707
48,0.48,0.8588243251859643,-1.7706608531017063,10.763048152942844,6.912699827320472,1.238419634071367,-0.3698709089770799,0.0,-20.0,-20.0,110.0,-9.208040917757835
49,0.49,0.8587415941415493,-1.77780813106354,10.758111656140526,6.91249813153292,1.2395497198022756,-0.3791990291090027,0.0,-20.0,-20.0,110.0,-9.204698277191065
50,0.5,0.8586588630973324,-1.7849554090256667,10.753175159338168,6.912296251939527,1.240679772840108,-0.3885271572231328,0.0,-20.0,-20.0,110.0,-9.201361917736051
51,0.51,0.8585761320532729,-1.7921026869880259,10.74823866253578,6.9120941885009906,1.241809793123947,-0.39785529332227876,0.0,-20.0,-20.0,110.0,-9.198031845538583
52,0.52,0.8584934010093382,-1.7992499649505698,10.743302165733366,6.911891941187105,1.2429397805992326,-0.40718343741012125,0.0,-20.0,-20.0,110.0,-9.194708066740874
53,0.53,0.858410669965503,-1.8063972429132606,10.738365668930934,6.911689509974893,1.2440697352164618,-0.41651158949103245,0.0,-20.0,-20.0,110.0,-9.191390587481589
54,0.54,0.8583279389217465,-1.813544520876068,10.733429172128485,6.911486894847126,1.245199656930151,-0.42583974956993226,0.0,-20.0,-20.0,110.0,-9.188079413895762
55,0.55,0.8582452078780527,-1.8206917988389686,10.728492675326024,6.911284095791127,1.24632954569801,-0.4351679176521745,0.0,-20.0,-20.0,110.0,-9.184774552114801
56,0.56,0.8581624768344087,-1.8278390768019426,10.723556178523552,6.9110811127978495,1.247459401480285,-0.44449609374345794,0.0,-20.0,-20.0,110.0,-9.181476008266436
57,0.5700000000000001,0.8580797457908041,-1.834986354764975,10.718619681721073,6.910877945861139,1.2485892242392382,-0.45382427784975365,0.0,-20.0,-20.0,110.0,-9.178183788474682
58,0.58,0.8579970147472311,-1.842133632728054,10.713683184918587,6.910674594977128,1.2497190139387333,-0.4631524699772496,0.0,-20.0,-20.0,110.0,-9.1748978988598
59,0.59,0.8579142837036831,-1.8492809106911696,10.708746688116095,6.910471060143775,1.2508487705439053,-0.47248067013230555,0.0,-20.0,-20.0,110.0,-9.171618345538262
60,0.6,0.8578315526601547,-1.8564281886543144,10.7038101913136,6.9102673413604885,1.2519784940209013,-0.48180887832141667,0.0,-20.0,-20.0,110.0,-9.168345134622703
61,0.61,0.8577488216166421,-1.8635754666174826,10.698873694511102,6.9100634386278275,1.2531081843366718,-0.491137094551187,0.0,-20.0,-20.0,110.0,-9.165078272221885
62,0.62,0.8576660905731421,-1.8707227445806691,10.693937197708602,6.90985935194727,1.2542378414588053,-0.5004653188283055,0.0,-20.0,-20.0,110.0,-9.161817764440658
63,0.63,0.857583359529652,-1.8778700225438703,10.6890007009061,6.909655081321032,1.2553674653553988,-0.5097935511595294,0.0,-20.0,-20.0,110.0,-9.158563617379901
64,0.64,0.8575006284861698,-1.8850173005070832,10.684064204103596,6.909450626751898,1.2564970559949513,-0.5191217915516693,0.0,-20.0,-20.0,110.0,-9.155315837136502
65,0.65,0.8574178974426939,-1.892164578470305,10.67912770730109,6.9092459882431205,1.2576266133462848,-0.5284500400115785,0.0,-20.0,-20.0,110.0,-9.152074429803289
66,0.66,0.8573351663992229,-1.899311856433534,10.674191210498584,6.909041165798322,1.2587561373784748,-0.5377782965461442,0.0,-20.0,-20.0,110.0,-9.14883940146901
67,0.67,0.8572524353557559,-1.906459134396769,10.669254713696077,6.908836159421417,1.2598856280607997,-0.5471065611622792,0.0,-20.0,-20.0,110.0,-9.145610758218277
68,0.68,0.8571697043122921,-1.913606412360008,10.66431821689357,6.908630969116553,1.2610150853627002,-0.5564348338669178,0.0,-20.0,-20.0,110.0,-9.142388506131523
69,0.6900000000000001,0.8570869732688308,-1.920753690323251,10.65938172009106,6.908425594888067,1.262144509253745,-0.5657631146670112,0.0,-20.0,-20.0,110.0,-9.13917265128495
70,0.7000000000000001,0.8570042422253714,-1.9279009682864967,10.654445223288551,6.908220036740446,1.2632738997036037,-0.5750914035695225,0.0,-20.0,-20.0,110.0,-9.1359631997505
71,0.71,0.8569215111819136,-1.9350482462497445,10.649508726486042,6.908014294678293,1.2644032566820294,-0.5844197005814253,0.0,-20.0,-20.0,110.0,-9.132760157595808
72,0.72,0.856838780138457,-1.9421955242129938,10.644572229683533,6.907808368706314,1.2655325801588388,-0.593748005709701,0.0,-20.0,-20.0,110.0,-9.129563530884134
73,0.73,0.8567560490950015,-1.9493428021762444,10.639635732881024,6.907602258829284,1.2666618701038996,-0.6030763189613375,0.0,-20.0,-20.0,110.0,-9.126373325674354
74,0.74,0.8566733180515467,-1.9564900801394962,10.634699236078514,6.907395965052047,1.2677911264871227,-0.6124046403433265,0.0,-20.0,-20.0,110.0,-9.123189548020882
75,0.75,0.8565905870080927,-1.9636373581027486,10.629762739276005,6.907189487379494,1.2689203492784502,-0.6217329698626641,0.0,-20.0,-20.0,110.0,-9.120012203973648
76,0.76,0.8565078559646391,-1.9707846360660017,10.624826242473496,6.906982825816555,1.270049538447851,-0.6310613075263485,0.0,-20.0,-20.0,110.0,-9.116841299578047
77,0.77,0.8564251249211858,-1.977931914029255,10.619889745670987,6.9067759803682,1.2711786939653154,-0.6403896533413798,0.0,-20.0,-20.0,110.0,-9.113676840874867
78,0.78,0.8563423938777329,-1.9850791919925088,10.614953248868478,6.9065689510394215,1.2723078158008496,-0.6497180073147591,0.0,-20.0,-20.0,110.0,-9.1105188339003
79,0.79,0.8562596628342802,-1.9922264699557626,10.610016752065969,6.906361737835239,1.2734369039244748,-0.6590463694534895,0.0,-20.0,-20.0,110.0,-9.107367284685841
80,0.8,0.8561769317908278,-1.9993737479190168,10.60508025526346,6.906154340760685,1.2745659583062219,-0.6683747397645736,0.0,-20.0,-20.0,110.0,-9.104222199258267
81,0.81,0.8560942007473755,-2.0065210258822708,10.60014375846095,6.905946759820815,1.2756949789161318,-0.6777031182550148,0.0,-20.0,-20.0,110.0,-9.101083583639596
82,0.8200000000000001,0.8560114697039234,-2.0136683038455248,10.595207261658441,6.905738995020695,1.2768239657242522,-0.687031504931816,0.0,-20.0,-20.0,110.0,-9.097951443847027
83,0.8300000000000001,0.8559287386604714,-2.0208155818087787,10.590270764855932,6.905531046365402,1.2779529187006358,-0.6963598998019808,0.0,-20.0,-20.0,110.0,-9.094825785892901
84,0.84,0.8558460076170193,-2.0279628597720327,10.585334268053423,6.905322913860021,1.2790818378153415,-0.7056883028725114,0.0,-20.0,-20.0,110.0,-9.091706615784656
85,0.85,0.8557632765735674,-2.0351101377352867,10.580397771250913,6.905114597509655,1.2802107230384312,-0.7150167141504105,0.0,-20.0,-20.0,110.0,-9.088593939524783
86,0.86,0.8556805455301155,-2.0422574156985402,10.575461274448404,6.904906097319407,1.2813395743399711,-0.7243451336426799,0.0,-20.0,-20.0,110.0,-9.085487763110775
87,0.87,0.8555978144866637,-2.049404693661794,10.570524777645895,6.904697413294391,1.2824683916900295,-0.7336735613563209,0.0,-20.0,-20.0,110.0,-9.082388092535071
88,0.88,0.8555150834432119,-2.0565519716250473,10.565588280843386,6.904488545439725,1.2835971750586768,-0.7430019972983342,0.0,-20.0,-20.0,110.0,-9.079294933785038
89,0.89,0.8554323523997601,-2.0636992495883004,10.560651784040877,6.904279493760535,1.2847259244159868,-0.7523304414757198,0.0,-20.0,-20.0,110.0,-9.076208292842896
90,0.9,0.8553496213563083,-2.0708465275515535,10.555715287238367,6.9040702582619575,1.2858546397320336,-0.7616588938954771,0.0,-20.0,-20.0,110.0,-9.073128175685682
91,0.91,0.8552668903128566,-2.0779938055148066,10.550778790435858,6.903860838949128,1.2869833209768942,-0.7709873545646044,0.0,-20.0,-20.0,110.0,-9.070054588285215
92,0.92,0.8551841592694049,-2.0851410834780593,10.54584229363335,6.903651235827189,1.2881119681206465,-0.7803158234900998,0.0,-20.0,-20.0,110.0,-9.066987536608027
93,0.93,0.8551014282259533,-2.092288361441312,10.54090579683084,6.90344144890129,1.2892405811333687,-0.7896443006789602,0.0,-20.0,-20.0,110.0,-9.063927026615326
94,0.9400000000000001,0.8550186971825016,-2.0994356394045646,10.53596930002833,6.903231478176575,1.2903691599851392,-0.7989727861381797,0.0,-20.0,-20.0,110.0,-9.060873064262966
95,0.9500000000000001,0.8549359661390499,-2.1065829173678168,10.531032803225822,6.903021323658223,1.2914977046460454,-0.8083012798747579,0.0,-20.0,-20.0,110.0,-9.057825655501365
96,0.96,0.8548532350955982,-2.113730195331069,10.526096306423312,6.902810985351391,1.2926262150861663,-0.8176297818956868,0.0,-20.0,-20.0,110.0,-9.054784806275498
97,0.97,0.8547705040521465,-2.1208774732943207,10.521159809620803,6.902600463261244,1.293754691275586,-0.826958292207961,0.0,-20.0,-20.0,110.0,-9.051750522524813
98,0.98,0.8546877730086948,-2.1280247512575725,10.516223312818294,6.902389757392957,1.294883133184389,-0.8362868108185728,0.0,-20.0,-20.0,110.0,-9.048722810183213
99,0.99,0.8546050419652431,-2.1351720292208243,10.511286816015785,6.902178867751709,1.2960115407826605,-0.8456153377345148,0.0,-20.0,-20.0,110.0,-9.045701675178991
100,1.0,0.8545223109217914,-2.1423193071840756,10.506350319213276,6.901967794342679,1.297139914040487,-0.854943872962778,0.0,-20.0,-20.0,110.0,-9.042687123434792
101,1.01,0.8544395798783397,-2.149466585147327,10.501413822410766,6.901756537171058,1.2982682529279557,-0.8642724165103525,0.0,-20.0,-20.0,110.0,-9.039679160867557
102,1.02,0.854356848834888,-2.156613863110578,10.496477325608257,6.901545096242039,1.2993965574151551,-0.8736009683842283,0.0,-20.0,-20.0,110.0,-9.036662589758595
103,1.03,0.8542741177914364,-2.1637611410738287,10.491540828805748,6.9013334715608154,1.3005248274721737,-0.8829295285913942,0.0,-20.0,-20.0,110.0,-9.033646472571856
104,1.04,0.8541913867479847,-2.170908419037079,10.486604332003239,6.901121663132594,1.3016530630691017,-0.8922580971388376,0.0,-20.0,-20.0,110.0,-9.03063690951432
105,1.05,0.854108655704533,-2.1780556970003295,10.48166783520073,6.900909670962576,1.302781264176029,-0.901586674033546,0.0,-20.0,-20.0,110.0,-9.027633906349273
106,1.06,0.8540259246610813,-2.18520297496358,10.47673133839822,6.900697495055975,1.3039094307630477,-0.9109152592825054,0.0,-20.0,-20.0,110.0,-9.024637468833738
107,1.07,0.8539431936176296,-2.19235025292683,10.471794841595711,6.9004851354180055,1.3050375628002508,-0.9202438528927009,0.0,-20.0,-20.0,110.0,-9.021647602718428
108,1.08,0.8538604625741779,-2.19949753089008,10.466858344793202,6.900272592053888,1.3061656602577307,-0.9295724548711171,0.0,-20.0,-20.0,110.0,-9.018664313747704
109,1.09,0.8537777315307262,-2.2066448088533295,10.461921847990693,6.900059864968846,1.3072937231055812,-0.9389010652247378,0.0,-20.0,-20.0,110.0,-9.015687607659524
110,1.1,0.8536950004872745,-2.213792086816579,10.456985351188184,6.8998469541681064,1.3084217513138978,-0.9482296839605451,0.0,-20.0,-20.0,110.0,-9.012717490185384
111,1.11,0.8536122694438228,-2.220939364779828,10.452048854385675,6.8996338596569045,1.3095497448527753,-0.9575583110855214,0.0,-20.0,-20.0,110.0,-9.009753967050294
112,1.12,0.8535295384003712,-2.228086642743077,10.447112357583165,6.8994205814404825,1.3106777036923114,-0.9668869466066479,0.0,-20.0,-20.0,110.0,-9.006797043972705
113,1.1300000000000001,0.8534468073569195,-2.2352339207063263,10.442175860780656,6.899207119524078,1.311805627802602,-0.9762155905309038,0.0,-20.0,-20.0,110.0,-9.003846726664468
114,1.1400000000000001,0.8533640763134678,-2.242381198669575,10.437239363978147,6.898993473912941,1.3129335171537457,-0.9855442428652686,0.0,-20.0,-20.0,110.0,-9.000903020830792
115,1.1500000000000001,0.8532813452700161,-2.2495284766328236,10.432302867175638,6.898779644612321,1.3140613717158418,-0.9948729036167216,0.0,-20.0,-20.0,110.0,-8.997965932170182
116,1.16,0.8531986142265644,-2.256675754596072,10.427366370373129,6.898565631627475,1.3151891914589897,-1.0042015727922395,0.0,-20.0,-20.0,110.0,-8.995035466374407
117,1.17,0.8531158831831127,-2.26382303255932,10.42242987357062,6.898351434963666,1.31631697635329,-1.013530250398799,0.0,-20.0,-20.0,110.0,-8.992111629128427
118,1.18,0.853033152139661,-2.270970310522568,10.41749337676811,6.898137054626156,1.3174447263688436,-1.0228589364433758,0.0,-20.0,-20.0,110.0,-8.989194426110375
119,1.19,0.8529504210962093,-2.2781175884858156,10.412556879965601,6.897922490620217,1.3185724414757534,-1.0321876309329452,0.0,-20.0,-20.0,110.0,-8.98628386299148
120,1.2,0.8528676900527576,-2.2852648664490633,10.407620383163092,6.897707742951124,1.3197001216441218,-1.0415163338744808,0.0,-20.0,-20.0,110.0,-8.983379945436031
121,1.21,0.852784959009306,-2.2924121444123107,10.402683886360583,6.897492811624154,1.320827766844053,-1.0508450452749563,0.0,-20.0,-20.0,110.0,-8.98048267910132
122,1.22,0.8527022279658543,-2.299559422375558,10.397747389558074,6.8972776966445934,1.3219553770456511,-1.0601737651413432,0.0,-20.0,-20.0,110.0,-8.977592069637613
123,1.23,0.8526194969224026,-2.306706700338805,10.392810892755564,6.897062398017729,1.3230829522190222,-1.0695024934806139,0.0,-20.0,-20.0,110.0,-8.97470812268807
124,1.24,0.8525367658789509,-2.3138539783020518,10.387874395953055,6.896846915748853,1.3242104923342726,-1.0788312302997383,0.0,-20.0,-20.0,110.0,-8.971830843888718
125,1.25,0.8524540348354992,-2.3210012562652986,10.382937899150546,6.8966312498432645,1.325337997361509,-1.0881599756056863,0.0,-20.0,-20.0,110.0,-8.968960238868394
126,1.26,0.8523713037920475,-2.328148534228545,10.378001402348037,6.896415400306265,1.3264654672708391,-1.0974887294054265,0.0,-20.0,-20.0,110.0,-8.966096313248697
127,1.27,0.8522885727485958,-2.3352958121917915,10.373064905545528,6.8961993671431605,1.327592902032372,-1.1068174917059277,0.0,-20.0,-20.0,110.0,-8.963239072643935
128,1.28,0.8522058417051441,-2.3424430901550375,10.368128408743019,6.895983150359261,1.3287203016162177,-1.116146262514156,0.0,-20.0,-20.0,110.0,-8.960388522661075
129,1.29,0.8521231106616924,-2.3495903681182835,10.36319191194051,6.895766749959883,1.329847665992486,-1.1254750418370782,0.0,-20.0,-20.0,110.0,-8.957544668899711
130,1.3,0.8520403796182408,-2.356737646081529,10.358255415138,6.895550165950346,1.3309749951312886,-1.1348038296816596,0.0,-20.0,-20.0,110.0,-8.954707516951975
131,1.31,0.8519576485747891,-2.3638849240447746,10.353318918335491,6.895333398335975,1.3321022890027368,-1.1441326260548637,0.0,-20.0,-20.0,110.0,-8.951877072402533
132,1.32,0.8518749175313374,-2.37103220200802,10.348382421532982,6.895116447122099,1.3332295475769438,-1.1534614309636546,0.0,-20.0,-20.0,110.0,-8.9490533408285
133,1.33,0.8517921864878857,-2.378179479971265,10.343445924730473,6.894899312314052,1.3343567708240236,-1.1627902444149953,0.0,-20.0,-20.0,110.0,-8.946236327799413
134,1.34,0.851709455444434,-2.3853267579345103,10.338509427927963,6.894681993917174,1.3354839587140905,-1.1721190664158476,0.0,-20.0,-20.0,110.0,-8.943426038877165
135,1.35,0.8516267244009823,-2.392474035897755,10.333572931125454,6.8944644919367875,1.336611111217257,-1.1814478969731694,0.0,-20.0,-20.0,110.0,-8.94062247961597
136,1.36,0.8515439933575306,-2.3996213138609996,10.328636434322945,6.894246806378278,1.337738228303645,-1.1907767360939263,0.0,-20.0,-20.0,110.0,-8.937825655562287
137,1.37,0.8514612623140789,-2.406768591824244,10.323699937520436,6.8940289372469765,1.338865309943368,-1.2001055837850745,0.0,-20.0,-20.0,110.0,-8.93503557225481
138,1.3800000000000001,0.8513785312706272,-2.413915869787488,10.318763440717927,6.893810884548242,1.3399923561065452,-1.2094344400535724,0.0,-20.0,-20.0,110.0,-8.932252235224379
139,1.3900000000000001,0.8512958002271755,-2.4210631477507323,10.313826943915418,6.8935926482874335,1.3411193667632941,-1.218763304906377,0.0,-20.0,-20.0,110.0,-8.929475649993954
140,1.4000000000000001,0.8512130691837239,-2.428210425713976,10.308890447112908,6.893374228469919,1.3422463418837356,-1.228092178350446,0.0,-20.0,-20.0,110.0,-8.926705822078556
141,1.41,0.8511303381402722,-2.43535770367722,10.3039539503104,6.893155625101064,1.3433732814379886,-1.2374210603927343,0.0,-20.0,-20.0,110.0,-8.923942756985216
142,1.42,0.8510476070968205,-2.442504981640463,10.29901745350789,6.892936838186248,1.3445001853961749,-1.2467499510401963,0.0,-20.0,-20.0,110.0,-8.921186460212924
143,1.43,0.8509648760533688,-2.4496522596037065,10.29408095670538,6.892717867730848,1.345627053728416,-1.256078850299786,0.0,-20.0,-20.0,110.0,-8.918436937252592
144,1.44,0.8508821450099171,-2.4567995375669494,10.289144459902872,6.89249871374025,1.3467538864048358,-1.2654077581784569,0.0,-20.0,-20.0,110.0,-8.915694193586976
145,1.45,0.8507994139664654,-2.4639468155301922,10.284207963100362,6.892279376219842,1.3478806833955572,-1.2747366746831608,0.0,-20.0,-20.0,110.0,-8.91295823469066
146,1.46,0.8507166829230137,-2.471094093493435,10.279271466297853,6.892059855175014,1.349007444670705,-1.2840655998208488,0.0,-20.0,-20.0,110.0,-8.910229066029977
147,1.47,0.850633951879562,-2.4782413714566776,10.274334969495344,6.8918401506111655,1.3501341702004042,-1.2933945335984713,0.0,-20.0,-20.0,110.0,-8.90750669306297
148,1.48,0.8505512208361103,-2.48538864941992,10.269398472692835,6.891620262533698,1.351260859954781,-1.3027234760229773,0.0,-20.0,-20.0,110.0,-8.904791121239345
149,1.49,0.8504684897926587,-2.492535927383162,10.264461975890326,6.891400190948019,1.3523875139039625,-1.312052427101316,0.0,-20.0,-20.0,110.0,-8.902082356000411
150,1.5,0.850385758749207,-2.499683205346404,10.259525479087817,6.8911799358595385,1.3535141320180772,-1.321381386840434,0.0,-20.0,-20.0,110.0,-8.899380402779041
151,1.51,0.8503030277057553,-2.5068304833096455,10.254588982285307,6.890959497273672,1.3546407142672534,-1.330710355247279,0.0,-20.0,-20.0,110.0,-8.89668526699961
152,1.52,0.8502202966623036,-2.513977761272887,10.249652485482798,6.89073887519584,1.3557672606216205,-1.3400393323287967,0.0,-20.0,-20.0,110.0,-8.893996954077956
153,1.53,0.8501375656188519,-2.5211250392361286,10.244715988680289,6.890518069631469,1.3568937710513091,-1.349368318091932,0.0,-20.0,-20.0,110.0,-8.891315469421313
154,1.54,0.8500548345754002,-2.5282723171993697,10.23977949187778,6.890297080585985,1.3580202455264498,-1.3586973125436288,0.0,-20.0,-20.0,110.0,-8.888640818428275
155,1.55,0.8499721035319485,-2.535419595162611,10.23484299507527,6.890075908064826,1.3591466840171758,-1.3680263156908303,0.0,-20.0,-20.0,110.0,-8.885973006488749
156,1.56,0.8498893724884968,-2.5425668731258515,10.229906498272761,6.889854552073428,1.3602730864936192,-1.3773553275404786,0.0,-20.0,-20.0,110.0,-8.883312038983878
157,1.57,0.8498066414450451,-2.549714151089092,10.224970001470252,6.889633012617233,1.361399452925914,-1.3866843480995152,0.0,-20.0,-20.0,110.0,-8.880657921286023
158,1.58,0.8497239104015935,-2.5568614290523324,10.220033504667743,6.889411289701691,1.3625257832841944,-1.3960133773748806,0.0,-20.0,-20.0,110.0,-8.878010658758688
159,1.59,0.8496411793581418,-2.5640087070155726,10.215097007865234,6.88918938333225,1.363652077538597,-1.4053424153735146,0.0,-20.0,-20.0,110.0,-8.875370256756485
160,1.6,0.8495584483146901,-2.571155984978813,10.210160511062725,6.88896729351437,1.3647783356592564,-1.414671462102355,0.0,-20.0,-20.0,110.0,-8.872736720625069
161,1.61,0.8494757172712384,-2.5783032629420526,10.205224014260216,6.888745020253513,1.3659045576163114,-1.4240005175683403,0.0,-20.0,-20.0,110.0,-8.870110055701097
162,1.62,0.8493929862277867,-2.5854505409052924,10.200287517457706,6.888522563555143,1.367030743379899,-1.4333295817784069,0.0,-20.0,-20.0,110.0,-8.867490267312181
163,1.6300000000000001,0.849310255184335,-2.5925978188685317,10.195351020655197,6.888299923424728,1.3681568929201586,-1.442658654739492,0.0,-20.0,-20.0,110.0,-8.864877360776818
164,1.6400000000000001,0.8492275241408833,-2.599745096831771,10.190414523852688,6.888077099867745,1.3692830062072296,-1.451987736458529,0.0,-20.0,-20.0,110.0,-8.86227134140436
165,1.6500000000000001,0.8491447930974316,-2.6068923747950103,10.185478027050179,6.8878540928896745,1.3704090832112523,-1.4613168269424528,0.0,-20.0,-20.0,110.0,-8.859672214494958
166,1.6600000000000001,0.8490620620539799,-2.6140396527582492,10.18054153024767,6.887630902496001,1.3715351239023683,-1.4706459261981972,0.0,-20.0,-20.0,110.0,-8.857079985339496
167,1.67,0.8489793310105282,-2.621186930721488,10.17560503344516,6.8874075286922105,1.3726611282507204,-1.4799750342326934,0.0,-20.0,-20.0,110.0,-8.854494659219558
168,1.68,0.8488965999670766,-2.6283342086847266,10.170668536642651,6.887183971483798,1.3737870962264505,-1.4893041510528737,0.0,-20.0,-20.0,110.0,-8.851916241407373
169,1.69,0.8488138689236249,-2.635481486647965,10.165732039840142,6.886960230876258,1.374913027799704,-1.4986332766656687,0.0,-20.0,-20.0,110.0,-8.849344737165758
170,1.7,0.8487311378801732,-2.642628764611203,10.160795543037633,6.886736306875095,1.3760389229406245,-1.5079624110780074,0.0,-20.0,-20.0,110.0,-8.846780151748069
171,1.71,0.8486484068367215,-2.649776042574441,10.155859046235124,6.886512199485816,1.3771647816193582,-1.5172915542968188,0.0,-20.0,-20.0,110.0,-8.84422249039815
172,1.72,0.8485656757932698,-2.656923320537679,10.150922549432615,6.886287908713932,1.3782906038060516,-1.5266207063290307,0.0,-20.0,-20.0,110.0,-8.841671758350294
173,1.73,0.8484829447498181,-2.6640705985009165,10.145986052630105,6.886063434564957,1.3794163894708522,-1.5359498671815703,0.0,-20.0,-20.0,110.0,-8.839127960829165
174,1.74,0.8484002137063664,-2.671217876464154,10.141049555827596,6.885838777044413,1.380542138583908,-1.5452790368613638,0.0,-20.0,-20.0,110.0,-8.836591103049779
175,1.75,0.8483174826629147,-2.678365154427391,10.136113059025087,6.885613936157826,1.3816678511153682,-1.5546082153753358,0.0,-20.0,-20.0,110.0,-8.834061190217417
176,1.76,0.848234751619463,-2.6855124323906283,10.131176562222578,6.885388911910721,1.3827935270353824,-1.5639374027304107,0.0,-20.0,-20.0,110.0,-8.831538227527615
177,1.77,0.8481520205760114,-2.692659710353865,10.126240065420069,6.885163704308637,1.3839191663141024,-1.573266598933512,0.0,-20.0,-20.0,110.0,-8.829022220166074
178,1.78,0.8480692895325597,-2.6998069883171016,10.12130356861756,6.884938313357094,1.3850447689216754,-1.5825958039915582,0.0,-20.0,-20.0,110.0,-8.82651317330864
179,1.79,0.847986558489108,-2.7069542662803383,10.11636707181505,6.884712739061666,1.3861703348282615,-1.591925017911478,0.0,-20.0,-20.0,110.0,-8.824011092121227
180,1.8,0.8479038274456563,-2.7141015442435745,10.111430575012541,6.884486981427886,1.3872958640040098,-1.6012542407001882,0.0,-20.0,-20.0,110.0,-8.82151598175978
181,1.81,0.8478210964022046,-2.7212488222068107,10.106494078210032,6.884261040461306,1.388421356419075,-1.6105834723646084,0.0,-20.0,-20.0,110.0,-8.819027847370235
182,1.82,0.8477383653587529,-2.7283961001700465,10.101557581407523,6.884034916167483,1.3895468120436123,-1.6199127129116575,0.0,-20.0,-20.0,110.0,-8.816546694088432
183,1.83,0.8476556343153012,-2.7355433781332823,10.096621084605014,6.88380860855198,1.3906722308477775,-1.629241962348253,0.0,-20.0,-20.0,110.0,-8.814072527040107
184,1.84,0.8475729032718495,-2.7426906560965176,10.091684587802504,6.883582117620359,1.391797612801727,-1.6385712206813126,0.0,-20.0,-20.0,110.0,-8.811605351340804
185,1.85,0.8474901722283978,-2.749837934059753,10.086748090999995,6.883355443378194,1.3929229578756197,-1.6479004879177517,0.0,-20.0,-20.0,110.0,-8.809145172095853
186,1.86,0.8474074411849462,-2.7569852120229883,10.081811594197486,6.883128585831056,1.394048266039613,-1.6572297640644849,0.0,-20.0,-20.0,110.0,-8.806691994400294
187,1.87,0.8473247101414945,-2.764132489986223,10.076875097394977,6.882901544984529,1.3951735372638676,-1.6665590491284274,0.0,-20.0,-20.0,110.0,-8.804245823338844
188,1.8800000000000001,0.8472419790980428,-2.771279767949458,10.071938600592468,6.882674320844193,1.3962987715185422,-1.6758883431164913,0.0,-20.0,-20.0,110.0,-8.801806663985841
189,1.8900000000000001,0.8471592480545911,-2.7784270459126925,10.067002103789958,6.882446913415637,1.397423968773799,-1.6852176460355899,0.0,-20.0,-20.0,110.0,-8.799374521405182
190,1.9000000000000001,0.8470765170111394,-2.785574323875927,10.06206560698745,6.882219322704457,1.3985491289998,-1.6945469578926344,0.0,-20.0,-20.0,110.0,-8.796949400650286
191,1.9100000000000001,0.8469937859676877,-2.792721601839161,10.05712911018494,6.88199154871625,1.3996742521667078,-1.7038762786945347,0.0,-20.0,-20.0,110.0,-8.79453130676404
192,1.92,0.846911054924236,-2.799868879802395,10.05219261338243,6.8817635914566155,1.400799338244686,-1.7132056084482001,0.0,-20.0,-20.0,110.0,-8.792120244778744
193,1.93,0.8468283238807843,-2.807016157765629,10.047256116579922,6.881535450931163,1.4019243872038996,-1.7225349471605405,0.0,-20.0,-20.0,110.0,-8.789716219716048
194,1.94,0.8467455928373326,-2.8141634357288625,10.042319619777412,6.881307127145504,1.4030493990145139,-1.7318642948384628,0.0,-20.0,-20.0,110.0,-8.78731923658694
195,1.95,0.846662861793881,-2.821310713692096,10.037383122974903,6.881078620105249,1.4041743736466952,-1.741193651488873,0.0,-20.0,-20.0,110.0,-8.784929300391646
196,1.96,0.8465801307504293,-2.828457991655329,10.032446626172394,6.880849929816026,1.405299311070611,-1.7505230171186785,0.0,-20.0,-20.0,110.0,-8.782546416119608
197,1.97,0.8464973997069776,-2.8356052696185623,10.027510129369885,6.880621056283455,1.4064242112564294,-1.7598523917347835,0.0,-20.0,-20.0,110.0,-8.78017058874943
198,1.98,0.8464146686635259,-2.8427525475817954,10.022573632567376,6.880391999513169,1.4075490741743193,-1.7691817753440917,0.0,-20.0,-20.0,110.0,-8.77780182324882
199,1.99,0.8463319376200742,-2.849899825545028,10.017637135764867,6.880162759510799,1.4086738997944508,-1.7785111679535062,0.0,-20.0,-20.0,110.0,-8.775440124574539
200,2.0,0.8462492065766225,-2.8570471035082607,10.012700638962357,6.879933336281982,1.409798688086994,-1.7878405695699293,0.0,-20.0,-20.0,110.0,-8.77308549767236
201,2.0100000000000002,0.8461664755331708,-2.864194381471493,10.007764142159848,6.879703729832365,1.410923439022121,-1.7971699802002625,0.0,-20.0,-20.0,110.0,-8.770737947477004
202,2.02,0.8460837444897191,-2.871341659434725,10.00282764535734,6.879473940167595,1.4120481525700046,-1.8064993998514058,0.0,-20.0,-20.0,110.0,-8.768397478912094
203,2.0300000000000002,0.8460010134462674,-2.878488937397957,9.997891148554833,6.879243967293325,1.4131728287008176,-1.8158288285302588,0.0,-20.0,-20.0,110.0,-8.766064096890108
204,2.04,0.8459182824028157,-2.8856362153611887,9.992954651752326,6.879013811215209,1.4142974673847346,-1.8251582662437191,0.0,-20.0,-20.0,110.0,-8.763737806312323
205,2.05,0.8458355513593641,-2.8927834933244205,9.988018154949819,6.878783471938909,1.4154220685919303,-1.834487712998685,0.0,-20.0,-20.0,110.0,-8.761418612068766
206,2.06,0.8457528203159124,-2.899930771287652,9.983081658147311,6.878552949470093,1.416546632292581,-1.8438171688020524,0.0,-20.0,-20.0,110.0,-8.759106519038154
207,2.07,0.8456700892724607,-2.907078049250883,9.978145161344804,6.8783222438144165,1.4176711584568604,-1.853146633660714,0.0,-20.0,-20.0,110.0,-8.75680153208787
208,2.08,0.845587358229009,-2.914225327214114,9.973208664542296,6.878091354977582,1.4187956470549528,-1.8624761075815714,0.0,-20.0,-20.0,110.0,-8.754503656073867
209,2.09,0.8455046271855573,-2.921372605177345,9.968272167739789,6.877860282965255,1.4199200980570332,-1.871805590571515,0.0,-20.0,-20.0,110.0,-8.75221289584067
210,2.1,0.8454218961421056,-2.9285198831405754,9.963335670937282,6.8776290277831205,1.4210445114332815,-1.8811350826374365,0.0,-20.0,-20.0,110.0,-8.749929256221273
211,2.11,0.8453391650986539,-2.935667161103806,9.958399174134774,6.877397589436866,1.4221688871538785,-1.8904645837862295,0.0,-20.0,-20.0,110.0,-8.747652742037134
212,2.12,0.8452564340552022,-2.9428144390670363,9.953462677332267,6.877165967932184,1.4232932251890051,-1.8997940940247835,0.0,-20.0,-20.0,110.0,-8.745383358098094
213,2.13,0.8451737030117505,-2.9499617170302663,9.94852618052976,6.876934163274773,1.4244175255088434,-1.9091236133599894,0.0,-20.0,-20.0,110.0,-8.743121109202333
214,2.14,0.8450909719682989,-2.9571089949934963,9.943589683727252,6.876702175470338,1.4255417880835766,-1.9184531417987358,0.0,-20.0,-20.0,110.0,-8.740866000136329
215,2.15,0.8450082409248472,-2.964256272956726,9.938653186924745,6.876470004524583,1.426666012883388,-1.9277826793479116,0.0,-20.0,-20.0,110.0,-8.73861803567479
216,2.16,0.8449255098813955,-2.9714035509199554,9.933716690122237,6.876237650443219,1.4277901998784628,-1.937112226014403,0.0,-20.0,-20.0,110.0,-8.73637722058062
217,2.17,0.8448427788379438,-2.9785508288831846,9.92878019331973,6.876005113231962,1.4289143490389873,-1.946441781805097,0.0,-20.0,-20.0,110.0,-8.734143559604863
218,2.18,0.8447600477944921,-2.9856981068464137,9.923843696517222,6.875772392896535,1.430038460335148,-1.9557713467268785,0.0,-20.0,-20.0,110.0,-8.731917057486642
219,2.19,0.8446773167510404,-2.992845384809643,9.918907199714715,6.87553948944266,1.4311625337371316,-1.965100920786633,0.0,-20.0,-20.0,110.0,-8.729697718953119
220,2.2,0.8445945857075887,-2.9999926627728715,9.913970702912207,6.875306402876067,1.4322865692151276,-1.974430503991242,0.0,-20.0,-20.0,110.0,-8.727485548719448
221,2.21,0.844511854664137,-3.0071399407361,9.9090342061097,6.875073133202491,1.4334105667393244,-1.98376009634759,0.0,-20.0,-20.0,110.0,-8.725280551488709
222,2.22,0.8444291236206853,-3.0142872186993284,9.904097709307193,6.874839680427673,1.4345345262799123,-1.9930896978625567,0.0,-20.0,-20.0,110.0,-8.723082731951875
223,2.23,0.8443463925772337,-3.0214344966625566,9.899161212504685,6.874606044557353,1.435658447807083,-2.002419308543024,0.0,-20.0,-20.0,110.0,-8.720892094787741
224,2.24,0.844263661533782,-3.0285817746257844,9.894224715702178,6.8743722255972814,1.4367823312910273,-2.0117489283958716,0.0,-20.0,-20.0,110.0,-8.718708644662907
225,2.25,0.8441809304903303,-3.035729052589012,9.88928821889967,6.874138223553207,1.437906176701939,-2.021078557427977,0.0,-20.0,-20.0,110.0,-8.716532386231682
226,2.2600000000000002,0.8440981994468786,-3.04287633055224,9.884351722097163,6.873904038430889,1.439029984010012,-2.030408195646219,0.0,-20.0,-20.0,110.0,-8.714363324136073
227,2.27,0.8440154684034269,-3.0500236085154673,9.879415225294656,6.873669670236087,1.4401537531854403,-2.039737843057474,0.0,-20.0,-20.0,110.0,-8.712201463005705
228,2.2800000000000002,0.8439327373599752,-3.0571708864786946,9.874478728492148,6.873435118974569,1.4412774841984195,-2.0490674996686176,0.0,-20.0,-20.0,110.0,-8.7100468074578
229,2.29,0.8438500063165235,-3.0643181644419215,9.86954223168964,6.8732003846521055,1.442401177019146,-2.0583971654865256,0.0,-20.0,-20.0,110.0,-8.707899362097097
230,2.3000000000000003,0.8437672752730718,-3.0714654424051484,9.864605734887133,6.8729654672744696,1.4435248316178175,-2.0677268405180707,0.0,-20.0,-20.0,110.0,-8.705759131515832
231,2.31,0.8436845442296201,-3.0786127203683753,9.859669238084626,6.872730366847442,1.4446484479646313,-2.077056524770128,0.0,-20.0,-20.0,110.0,-8.703626120293654
232,2.32,0.8436018131861684,-3.0857599983316018,9.854732741282119,6.872495083376807,1.4457720260297882,-2.0863862182495674,0.0,-20.0,-20.0,110.0,-8.701500332997602
233,2.33,0.8435190821427168,-3.092907276294828,9.849796244479611,6.872259616868353,1.4468955657834865,-2.0957159209632605,0.0,-20.0,-20.0,110.0,-8.699381774182044
234,2.34,0.8434363510992651,-3.100054554258054,9.844859747677104,6.872023967327876,1.448019067195928,-2.1050456329180793,0.0,-20.0,-20.0,110.0,-8.697270448388625
235,2.35,0.8433536200558134,-3.10720183222128,9.839923250874596,6.871788134761172,1.4491425302373144,-2.114375354120891,0.0,-20.0,-20.0,110.0,-8.69516636014622
236,2.36,0.8432708890123617,-3.1143491101845058,9.834986754072089,6.871552119174041,1.4502659548778487,-2.1237050845785643,0.0,-20.0,-20.0,110.0,-8.69306951397089
237,2.37,0.84318815796891,-3.1214963881477313,9.830050257269582,6.871315920572291,1.4513893410877339,-2.1330348242979666,0.0,-20.0,-20.0,110.0,-8.69097991436582
238,2.38,0.8431054269254583,-3.128643666110957,9.825113760467074,6.871079538961734,1.4525126888371749,-2.1423645732859655,0.0,-20.0,-20.0,110.0,-8.688897565821271
239,2.39,0.8430226958820066,-3.135790944074182,9.820177263664567,6.870842974348171,1.4536359980963738,-2.15169433154942,0.0,-20.0,-20.0,110.0,-8.686822472814546
240,2.4,0.8429399648385549,-3.142938222037407,9.81524076686206,6.870606226737452,1.4547592688355433,-2.1610240990952043,0.0,-20.0,-20.0,110.0,-8.684754639809915
241,2.41,0.8428572337951032,-3.150085500000632,9.810304270059552,6.870369296135388,1.455882501024887,-2.1703538759301773,0.0,-20.0,-20.0,110.0,-8.682694071258585
242,2.42,0.8427745027516516,-3.1572327779638565,9.805367773257045,6.87013218254781,1.457005694634614,-2.179683662061202,0.0,-20.0,-20.0,110.0,-8.680640771598643
243,2.43,0.8426917717081999,-3.1643800559270807,9.800431276454537,6.869894885980549,1.4581288496349323,-2.1890134574951396,0.0,-20.0,-20.0,110.0,-8.678594745255
244,2.44,0.8426090406647482,-3.171527333890305,9.79549477965203,6.869657406439446,1.4592519659960526,-2.1983432622388515,0.0,-20.0,-20.0,110.0,-8.676555996639363
245,2.45,0.8425263096212965,-3.178674611853529,9.790558282849522,6.869419743930344,1.4603750436881853,-2.2076730762991956,0.0,-20.0,-20.0,110.0,-8.674524530150158
246,2.46,0.8424435785778448,-3.185821889816753,9.785621786047015,6.86918189845909,1.4614980826815425,-2.2170028996830315,0.0,-20.0,-20.0,110.0,-8.672500350172495
247,2.47,0.8423608475343931,-3.1929691677799767,9.780685289244508,6.868943870031537,1.4626210829463369,-2.2263327323972177,0.0,-20.0,-20.0,110.0,-8.670483461078122
248,2.48,0.8422781164909414,-3.2001164457432,9.775748792442,6.868705658653542,1.4637440444527818,-2.235662574448611,0.0,-20.0,-20.0,110.0,-8.668473867225366
249,2.49,0.8421953854474897,-3.2072637237064234,9.770812295639493,6.868467264330965,1.464866967171092,-2.2449924258440666,0.0,-20.0,-20.0,110.0,-8.666471572959079
250,2.5,0.842112654404038,-3.2144110016696463,9.765875798836985,6.868228687069675,1.4659898510714824,-2.254322286590438,0.0,-20.0,-20.0,110.0,-8.664476582610622
251,2.5100000000000002,0.8420299233605864,-3.2215582796328692,9.760939302034478,6.8679899268755396,1.4671126961241694,-2.2636521566945826,0.0,-20.0,-20.0,110.0,-8.662488900497763
252,2.52,0.8419471923171347,-3.228705557596092,9.75600280523197,6.867750983754434,1.4682355022993705,-2.27298203616335,0.0,-20.0,-20.0,110.0,-8.660508530924686
253,2.5300000000000002,0.841864461273683,-3.2358528355593146,9.751066308429463,6.867511857712241,1.4693582695673042,-2.282311925003594,0.0,-20.0,-20.0,110.0,-8.658535478181875
254,2.54,0.8417817302302313,-3.243000113522537,9.746129811626956,6.867272548754842,1.4704809978981885,-2.291641823222165,0.0,-20.0,-20.0,110.0,-8.656569746546142
255,2.5500000000000003,0.8416989991867796,-3.250147391485759,9.741193314824448,6.867033056888129,1.471603687262244,-2.300971730825913,0.0,-20.0,-20.0,110.0,-8.654611340280509
256,2.56,0.8416162681433279,-3.257294669448981,9.73625681802194,6.866793382117991,1.472726337629691,-2.310301647821687,0.0,-20.0,-20.0,110.0,-8.652660263634202
257,2.57,0.8415335370998762,-3.264441947412203,9.731320321219433,6.86655352445033,1.4738489489707522,-2.3196315742163343,0.0,-20.0,-20.0,110.0,-8.650716520842586
258,2.58,0.8414508060564245,-3.2715892253754246,9.726383824416926,6.866313483891044,1.47497152125565,-2.328961510016704,0.0,-20.0,-20.0,110.0,-8.648780116127115
259,2.59,0.8413680750129728,-3.278736503338646,9.721447327614419,6.86607326044604,1.4760940544546077,-2.3382914552296405,0.0,-20.0,-20.0,110.0,-8.646851053695299
260,2.6,0.8412853439695211,-3.2858837813018673,9.716510830811911,6.8658328541212335,1.4772165485378503,-2.3476214098619903,0.0,-20.0,-20.0,110.0,-8.644929337740633
261,2.61,0.8412026129260695,-3.2930310592650884,9.711574334009404,6.8655922649225385,1.478339003475603,-2.3569513739205963,0.0,-20.0,-20.0,110.0,-8.643014972442554
262,2.62,0.8411198818826178,-3.300178337228309,9.706637837206896,6.865351492855876,1.4794614192380922,-2.3662813474123032,0.0,-20.0,-20.0,110.0,-8.641107961966414
263,2.63,0.8410371508391661,-3.30732561519153,9.701701340404389,6.865110537927167,1.4805837957955448,-2.3756113303439523,0.0,-20.0,-20.0,110.0,-8.639208310463404
264,2.64,0.8409544197957144,-3.3144728931547505,9.696764843601882,6.864869400142348,1.4817061331181896,-2.3849413227223852,0.0,-20.0,-20.0,110.0,-8.637316022070523
265,2.65,0.8408716887522627,-3.3216201711179707,9.691828346799374,6.864628079507351,1.4828284311762552,-2.394271324554442,0.0,-20.0,-20.0,110.0,-8.635431100910521
266,2.66,0.840788957708811,-3.328767449081191,9.686891849996867,6.8643865760281155,1.483950689939972,-2.4036013358469623,0.0,-20.0,-20.0,110.0,-8.633553551091852
267,2.67,0.8407062266653593,-3.3359147270444107,9.68195535319436,6.86414488971058,1.485072909379571,-2.4129313566067836,0.0,-20.0,-20.0,110.0,-8.631683376708635
268,2.68,0.8406234956219076,-3.3430620050076305,9.677018856391852,6.863903020560698,1.486195089465284,-2.422261386840746,0.0,-20.0,-20.0,110.0,-8.62982058184059
269,2.69,0.840540764578456,-3.35020928297085,9.672082359589345,6.863660968584417,1.4873172301673436,-2.431591426555682,0.0,-20.0,-20.0,110.0,-8.627965170553002
270,2.7,0.8404580335350043,-3.357356560934069,9.667145862786837,6.863418733787699,1.488439331455984,-2.4409214757584294,0.0,-20.0,-20.0,110.0,-8.62611714689668
271,2.71,0.8403753024915526,-3.3645038388972885,9.66220936598433,6.863176316176503,1.4895613933014398,-2.4502515344558233,0.0,-20.0,-20.0,110.0,-8.624276514907883
272,2.72,0.8402925714481009,-3.3716511168605074,9.657272869181822,6.862933715756795,1.4906834156739466,-2.459581602654695,0.0,-20.0,-20.0,110.0,-8.622443278608307
273,2.73,0.8402098404046492,-3.3787983948237263,9.652336372379315,6.862690932534547,1.4918053985437405,-2.468911680361879,0.0,-20.0,-20.0,110.0,-8.620617442005
274,2.74,0.8401271093611975,-3.385945672786945,9.647399875576808,6.862447966515732,1.492927341881059,-2.4782417675842052,0.0,-20.0,-20.0,110.0,-8.618799009090354
275,2.75,0.8400443783177458,-3.3930929507501633,9.6424633787743,6.862204817706332,1.4940492456561405,-2.487571864328505,0.0,-20.0,-20.0,110.0,-8.616987983842021
276,2.7600000000000002,0.8399616472742941,-3.4002402287133813,9.637526881971793,6.861961486112328,1.495171109839225,-2.4969019706016087,0.0,-20.0,-20.0,110.0,-8.615184370222899
277,2.77,0.8398789162308424,-3.4073875066765993,9.632590385169285,6.861717971739711,1.4962929344005527,-2.5062320864103436,0.0,-20.0,-20.0,110.0,-8.613388172181052
278,2.7800000000000002,0.8397961851873907,-3.4145347846398173,9.627653888366778,6.861474274594475,1.497414719310364,-2.5155622117615386,0.0,-20.0,-20.0,110.0,-8.61159939364969
279,2.79,0.839713454143939,-3.421682062603035,9.62271739156427,6.861230394682615,1.4985364645389012,-2.524892346662019,0.0,-20.0,-20.0,110.0,-8.609818038547115
280,2.8000000000000003,0.8396307231004874,-3.4288293405662524,9.617780894761763,6.860986332010135,1.4996581700564076,-2.534222491118611,0.0,-20.0,-20.0,110.0,-8.608044110776653
281,2.81,0.8395479920570357,-3.4359766185294696,9.612844397959256,6.860742086583047,1.500779835833127,-2.5435526451381394,0.0,-20.0,-20.0,110.0,-8.606277614226643
282,2.82,0.839465261013584,-3.4431238964926867,9.607907901156748,6.860497658407355,1.5019014618393045,-2.552882808727428,0.0,-20.0,-20.0,110.0,-8.604518552770365
283,2.83,0.8393825299701323,-3.4502711744559034,9.602971404354241,6.860253047489079,1.5030230480451856,-2.5622129818932984,0.0,-20.0,-20.0,110.0,-8.602766930266002
284,2.84,0.8392997989266806,-3.45741845241912,9.598034907551733,6.860008253834239,1.5041445944210179,-2.571543164642574,0.0,-20.0,-20.0,110.0,-8.60102275055659
285,2.85,0.8392170678832289,-3.4645657303823367,9.593098410749226,6.8597632774488595,1.5052661009370476,-2.580873356982074,0.0,-20.0,-20.0,110.0,-8.599286017469977
286,2.86,0.8391343368397772,-3.471713008345553,9.588161913946719,6.859518118338971,1.5063875675635243,-2.590203558918619,0.0,-20.0,-20.0,110.0,-8.597556734818772
287,2.87,0.8390516057963255,-3.478860286308769,9.583225417144211,6.859272776510606,1.5075089942706978,-2.5995337704590282,0.0,-20.0,-20.0,110.0,-8.595834906400302
288,2.88,0.8389688747528738,-3.486007564271985,9.578288920341704,6.859027251969804,1.5086303810288186,-2.608863991610118,0.0,-20.0,-20.0,110.0,-8.59412053599656
289,2.89,0.8388861437094222,-3.493154842235201,9.573352423539196,6.85878154472261,1.5097517278081378,-2.618194222378706,0.0,-20.0,-20.0,110.0,-8.59241362737417
290,2.9,0.8388034126659705,-3.500302120198416,9.568415926736689,6.8585356547750695,1.5108730345789074,-2.627524462771608,0.0,-20.0,-20.0,110.0,-8.59071418428433
291,2.91,0.8387206816225188,-3.5074493981616315,9.563479429934182,6.858289582133223,1.511994301311378,-2.636854712795632,0.0,-20.0,-20.0,110.0,-8.589022210462776
292,2.92,0.8386379505790671,-3.514596676124847,9.558542933131674,6.858043326803155,1.5131155279758102,-2.6461849724576036,0.0,-20.0,-20.0,110.0,-8.587337709629724
293,2.93,0.8385552195356154,-3.5217439540880617,9.553606436329167,6.857796888790914,1.514236714542456,-2.655515241764331,0.0,-20.0,-20.0,110.0,-8.585660685489838
294,2.94,0.8384724884921637,-3.5288912320512766,9.54866993952666,6.857550268102567,1.515357860981572,-2.6648455207226247,0.0,-20.0,-20.0,110.0,-8.58399114173217
295,2.95,0.838389757448712,-3.536038510014491,9.543733442724152,6.857303464744179,1.5164789672634147,-2.674175809339296,0.0,-20.0,-20.0,110.0,-8.582329082030137
296,2.96,0.8383070264052603,-3.5431857879777056,9.538796945921645,6.857056478721829,1.5176000333582422,-2.6835061076211555,0.0,-20.0,-20.0,110.0,-8.580674510041456
297,2.97,0.8382242953618086,-3.55033306594092,9.533860449119137,6.856809310041597,1.5187210592363143,-2.69283641557501,0.0,-20.0,-20.0,110.0,-8.579027429408097
298,2.98,0.838141564318357,-3.557480343904134,9.52892395231663,6.856561958709569,1.5198420448678898,-2.7021667332076693,0.0,-20.0,-20.0,110.0,-8.577387843756256
299,2.99,0.8380588332749053,-3.564627621867348,9.523987455514122,6.85631442473183,1.5209629902232298,-2.711497060525939,0.0,-20.0,-20.0,110.0,-8.575755756696292
300,3.0,0.8379761022314536,-3.5717748998305616,9.519050958711615,6.856066708114476,1.5220838952725966,-2.7208273975366253,0.0,-20.0,-20.0,110.0,-8.574131171822708
301,3.0100000000000002,0.8378933711880019,-3.578922177793775,9.514114461909108,6.855818808863602,1.5232047599862522,-2.7301577442465335,0.0,-20.0,-20.0,110.0,-8.572514092714064
302,3.02,0.8378106401445502,-3.5860694557569883,9.5091779651066,6.855570726985316,1.5243255843344612,-2.739488100662466,0.0,-20.0,-20.0,110.0,-8.570904522932976
303,3.0300000000000002,0.8377279091010985,-3.5932167337202015,9.504241468304093,6.855322462485717,1.5254463682874881,-2.7488184667912265,0.0,-20.0,-20.0,110.0,-8.569302466026043
304,3.04,0.8376451780576468,-3.6003640116834146,9.499304971501585,6.855074015370923,1.5265671118155983,-2.7581488426396166,0.0,-20.0,-20.0,110.0,-8.567707925523825
305,3.0500000000000003,0.8375624470141951,-3.6075112896466273,9.494368474699078,6.854825385647049,1.527687814889058,-2.767479228214438,0.0,-20.0,-20.0,110.0,-8.566120904940771
306,3.06,0.8374797159707434,-3.61465856760984,9.48943197789657,6.854576573320214,1.5288084774781354,-2.776809623522489,0.0,-20.0,-20.0,110.0,-8.564541407775204
307,3.0700000000000003,0.8373969849272918,-3.621805845573052,9.484495481094063,6.854327578396548,1.529929099553098,-2.786140028570569,0.0,-20.0,-20.0,110.0,-8.562969437509253
308,3.08,0.8373142538838401,-3.6289531235362644,9.479558984291556,6.854078400882172,1.531049681084216,-2.7954704433654753,0.0,-20.0,-20.0,110.0,-8.561404997608836
309,3.09,0.8372315228403884,-3.636100401499476,9.474622487489048,6.853829040783226,1.5321702220417597,-2.8048008679140057,0.0,-20.0,-20.0,110.0,-8.559848091523586
310,3.1,0.8371487917969367,-3.643247679462688,9.469685990686541,6.853579498105849,1.5332907223960006,-2.8141313022229553,0.0,-20.0,-20.0,110.0,-8.558298722686823
311,3.11,0.837066060753485,-3.6503949574259,9.464749493884034,6.85332977285618,1.5344111821172106,-2.82346174629912,0.0,-20.0,-20.0,110.0,-8.556756894515525
312,3.12,0.8369833297100333,-3.657542235389111,9.459812997081526,6.853079865040373,1.535531601175663,-2.832792200149292,0.0,-20.0,-20.0,110.0,-8.555222610410247
313,3.13,0.8369005986665816,-3.6646895133523225,9.454876500279019,6.852829774664576,1.5366519795416318,-2.8421226637802643,0.0,-20.0,-20.0,110.0,-8.553695873755126
314,3.14,0.8368178676231299,-3.6718367913155334,9.449940003476511,6.852579501734947,1.5377723171853923,-2.8514531371988303,0.0,-20.0,-20.0,110.0,-8.552176687917791
315,3.15,0.8367351365796782,-3.6789840692787443,9.445003506674004,6.85232904625765,1.5388926140772206,-2.860783620411778,0.0,-20.0,-20.0,110.0,-8.550665056249354
316,3.16,0.8366524055362266,-3.686131347241955,9.440067009871498,6.852078408238849,1.5400128701873936,-2.8701141134258994,0.0,-20.0,-20.0,110.0,-8.549160982084356
317,3.17,0.8365696744927749,-3.6932786252051653,9.435130513068993,6.8518275876847134,1.5411330854861898,-2.879444616247983,0.0,-20.0,-20.0,110.0,-8.547664468740717
318,3.18,0.8364869434493232,-3.7004259031683757,9.430194016266487,6.85157658460142,1.5422532599438876,-2.888775128884815,0.0,-20.0,-20.0,110.0,-8.5461755195197
319,3.19,0.8364042124058715,-3.7075731811315857,9.425257519463981,6.85132539899515,1.543373393530767,-2.898105651343184,0.0,-20.0,-20.0,110.0,-8.54469413770588
320,3.2,0.8363214813624198,-3.7147204590947958,9.420321022661476,6.851074030872085,1.5444934862171096,-2.9074361836298745,0.0,-20.0,-20.0,110.0,-8.543220326567077
321,3.21,0.8362387503189681,-3.7218677370580053,9.41538452585897,6.850822480238414,1.5456135379731963,-2.916766725751671,0.0,-20.0,-20.0,110.0,-8.54175408935434
322,3.22,0.8361560192755164,-3.729015015021215,9.410448029056464,6.85057074710033,1.5467335487693101,-2.926097277715358,0.0,-20.0,-20.0,110.0,-8.540295429301887
323,3.23,0.8360732882320647,-3.736162292984424,9.405511532253959,6.850318831464037,1.5478535185757352,-2.935427839527718,0.0,-20.0,-20.0,110.0,-8.538844349627068
324,3.24,0.835990557188613,-3.743309570947633,9.400575035451453,6.85006673333573,1.5489734473627557,-2.944758411195531,0.0,-20.0,-20.0,110.0,-8.537400853530334
325,3.25,0.8359078261451613,-3.7504568489108423,9.395638538648948,6.849814452721618,1.5500933351006583,-2.95408899272558,0.0,-20.0,-20.0,110.0,-8.535964944195172
326,3.2600000000000002,0.8358250951017097,-3.757604126874051,9.390702041846442,6.849561989627916,1.5512131817597288,-2.9634195841246442,0.0,-20.0,-20.0,110.0,-8.5345366247881
327,3.27,0.835742364058258,-3.7647514048372597,9.385765545043936,6.849309344060835,1.5523329873102556,-2.972750185399501,0.0,-20.0,-20.0,110.0,-8.533115898458577
328,3.2800000000000002,0.8356596330148063,-3.771898682800468,9.38082904824143,6.849056516026599,1.553452751722526,-2.982080796556929,0.0,-20.0,-20.0,110.0,-8.531702768339017
329,3.29,0.8355769019713546,-3.779045960763676,9.375892551438925,6.848803505531418,1.5545724749668268,-2.9914114176036963,0.0,-20.0,-20.0,110.0,-8.5302972375447
330,3.3000000000000003,0.8354941709279029,-3.7861932387268844,9.37095605463642,6.848550312581549,1.5556921570134559,-3.000742048546594,0.0,-20.0,-20.0,110.0,-8.528899309173758
331,3.31,0.8354114398844512,-3.793340516690092,9.366019557833914,6.848296937183212,1.556811797832701,-3.0100726893923886,0.0,-20.0,-20.0,110.0,-8.527508986307133
332,3.3200000000000003,0.8353287088409995,-3.8004877946533,9.361083061031408,6.848043379342649,1.5579313973948543,-3.0194033401478535,0.0,-20.0,-20.0,110.0,-8.52612627200853
333,3.33,0.8352459777975478,-3.8076350726165074,9.356146564228903,6.847789639066101,1.5590509556702095,-3.028734000819762,0.0,-20.0,-20.0,110.0,-8.524751169324377
334,3.34,0.8351632467540961,-3.8147823505797147,9.351210067426397,6.847535716359816,1.5601704726290608,-3.0380646714148845,0.0,-20.0,-20.0,110.0,-8.523383681283782
335,3.35,0.8350805157106445,-3.8219296285429216,9.346273570623891,6.847281611230048,1.5612899482417038,-3.0473953519399926,0.0,-20.0,-20.0,110.0,-8.522023810898508
336,3.36,0.8349977846671928,-3.8290769065061285,9.341337073821386,6.847027323683053,1.5624093824784349,-3.056726042401855,0.0,-20.0,-20.0,110.0,-8.520671561162919
337,3.37,0.8349150536237411,-3.8362241844693354,9.33640057701888,6.84677285372509,1.563528775309551,-3.0660567428072407,0.0,-20.0,-20.0,110.0,-8.519326935053943
338,3.38,0.8348323225802894,-3.843371462432542,9.331464080216374,6.846518201362431,1.5646481267053511,-3.0753874531629157,0.0,-20.0,-20.0,110.0,-8.517989935531034
339,3.39,0.8347495915368377,-3.8505187403957484,9.326527583413869,6.84626336660134,1.5657674366361338,-3.084718173475647,0.0,-20.0,-20.0,110.0,-8.516660565536137
340,3.4,0.834666860493386,-3.8576660183589544,9.321591086611363,6.8460083494480966,1.5668867050722,-3.0940489037522005,0.0,-20.0,-20.0,110.0,-8.515338827993636
341,3.41,0.8345841294499343,-3.8648132963221604,9.316654589808858,6.845753149908979,1.5680059319838497,-3.1033796439993395,0.0,-20.0,-20.0,110.0,-8.514024725810337
342,3.42,0.8345013984064826,-3.871960574285366,9.311718093006352,6.845497767990273,1.5691251173413863,-3.1127103942238277,0.0,-20.0,-20.0,110.0,-8.512718261875406
343,3.43,0.8344186673630309,-3.8791078522485716,9.306781596203846,6.845242203698265,1.5702442611151128,-3.122041154432427,0.0,-20.0,-20.0,110.0,-8.511419439060342
344,3.44,0.8343359363195793,-3.886255130211777,9.30184509940134,6.8449864570392505,1.5713633632753328,-3.131371924631899,0.0,-20.0,-20.0,110.0,-8.510128260218936
345,3.45,0.8342532052761276,-3.8934024081749823,9.296908602598835,6.844730528019525,1.5724824237923516,-3.140702704829003,0.0,-20.0,-20.0,110.0,-8.508844728187244
346,3.46,0.8341704742326759,-3.9005496861381874,9.29197210579633,6.844474416645393,1.5736014426364753,-3.1500334950304993,0.0,-20.0,-20.0,110.0,-8.507568845783524
347,3.47,0.8340877431892242,-3.907696964101392,9.287035608993824,6.84421812292316,1.5747204197780114,-3.159364295243145,0.0,-20.0,-20.0,110.0,-8.50630061580822
348,3.48,0.8340050121457725,-3.914844242064597,9.282099112191318,6.843961646859139,1.575839355187268,-3.168695105473698,0.0,-20.0,-20.0,110.0,-8.505040041043921
349,3.49,0.8339222811023208,-3.921991520027801,9.277162615388812,6.8437049884596455,1.576958248834553,-3.178025925728914,0.0,-20.0,-20.0,110.0,-8.503787124255307
350,3.5,0.8338395500588691,-3.9291387979910053,9.272226118586307,6.843448147731,1.5780771006901768,-3.187356756015547,0.0,-20.0,-20.0,110.0,-8.502541868189137
351,3.5100000000000002,0.8337568190154174,-3.9362860759542095,9.267289621783801,6.843191124679529,1.5791959107244518,-3.196687596340352,0.0,-20.0,-20.0,110.0,-8.501304275574192
352,3.52,0.8336740879719657,-3.9434333539174133,9.262353124981296,6.842933919311561,1.580314678907689,-3.2060184467100816,0.0,-20.0,-20.0,110.0,-8.500074349121245
353,3.5300000000000002,0.833591356928514,-3.950580631880617,9.25741662817879,6.842676531633429,1.5814334052102006,-3.215349307131488,0.0,-20.0,-20.0,110.0,-8.49885209152302
354,3.54,0.8335086258850624,-3.9577279098438205,9.252480131376284,6.842418961651473,1.5825520896023022,-3.224680177611321,0.0,-20.0,-20.0,110.0,-8.497637505454167
355,3.5500000000000003,0.8334258948416107,-3.964875187807024,9.247543634573779,6.842161209372036,1.5836707320543075,-3.234011058156332,0.0,-20.0,-20.0,110.0,-8.49643059357121
356,3.56,0.833343163798159,-3.9720224657702268,9.242607137771273,6.841903274801469,1.5847893325365325,-3.243341948773268,0.0,-20.0,-20.0,110.0,-8.495231358512523
357,3.5700000000000003,0.8332604327547073,-3.9791697437334297,9.237670640968767,6.841645157946121,1.5859078910192945,-3.252672849468878,0.0,-20.0,-20.0,110.0,-8.494039802898286
358,3.58,0.8331777017112556,-3.9863170216966326,9.232734144166262,6.841386858812349,1.5870264074729112,-3.2620037602499083,0.0,-20.0,-20.0,110.0,-8.492855929330446
359,3.59,0.8330949706678039,-3.993464299659835,9.227797647363756,6.841128377406517,1.5881448818677013,-3.2713346811231045,0.0,-20.0,-20.0,110.0,-8.491679740392698
360,3.6,0.8330122396243522,-4.0006115776230375,9.22286115056125,6.840869713734987,1.5892633141739854,-3.280665612095212,0.0,-20.0,-20.0,110.0,-8.490511238650429
361,3.61,0.8329295085809005,-4.00775885558624,9.217924653758745,6.840610867804133,1.590381704362084,-3.2899965531729727,0.0,-20.0,-20.0,110.0,-8.489350426650697
362,3.62,0.8328467775374488,-4.014906133549442,9.21298815695624,6.84035183962033,1.5915000524023186,-3.2993275043631294,0.0,-20.0,-20.0,110.0,-8.488197306922183
363,3.63,0.8327640464939972,-4.022053411512643,9.208051660153734,6.840092629189956,1.5926183582650122,-3.308658465672424,0.0,-20.0,-20.0,110.0,-8.487051881975175
364,3.64,0.8326813154505455,-4.029200689475845,9.203115163351228,6.839833236519396,1.5937366219204887,-3.3179894371075975,0.0,-20.0,-20.0,110.0,-8.485914154301502
365,3.65,0.8325985844070938,-4.036347967439046,9.198178666548722,6.83957366161504,1.5948548433390732,-3.3273204186753893,0.0,-20.0,-20.0,110.0,-8.484784126374542
366,3.66,0.8325158533636421,-4.043495245402248,9.193242169746217,6.83931390448328,1.5959730224910913,-3.336651410382536,0.0,-20.0,-20.0,110.0,-8.483661800649138
367,3.67,0.8324331223201904,-4.050642523365449,9.188305672943711,6.839053965130515,1.5970911593468697,-3.345982412235778,0.0,-20.0,-20.0,110.0,-8.482547179561616
368,3.68,0.8323503912767387,-4.057789801328649,9.183369176141206,6.8387938435631455,1.598209253876736,-3.3553134242418485,0.0,-20.0,-20.0,110.0,-8.481440265529697
369,3.69,0.832267660233287,-4.06493707929185,9.1784326793387,6.83853353978758,1.5993273060510196,-3.364644446407484,0.0,-20.0,-20.0,110.0,-8.480341060952517
370,3.7,0.8321849291898353,-4.072084357255051,9.173496182536194,6.838273053810231,1.60044531584005,-3.373975478739419,0.0,-20.0,-20.0,110.0,-8.479249568210538
371,3.71,0.8321021981463836,-4.079231635218251,9.168559685733689,6.83801238563751,1.601563283214158,-3.383306521244386,0.0,-20.0,-20.0,110.0,-8.478165789665566
372,3.72,0.832019467102932,-4.086378913181451,9.163623188931183,6.837751535275843,1.6026812081436754,-3.3926375739291172,0.0,-20.0,-20.0,110.0,-8.477089727660681
373,3.73,0.8319367360594803,-4.093526191144651,9.158686692128677,6.83749050273165,1.6037990905989352,-3.401968636800343,0.0,-20.0,-20.0,110.0,-8.476021384520218
374,3.74,0.8318540050160286,-4.100673469107851,9.153750195326172,6.837229288011366,1.6049169305502708,-3.411299709864794,0.0,-20.0,-20.0,110.0,-8.474960762549742
375,3.75,0.8317712739725769,-4.107820747071051,9.148813698523666,6.8369678911214224,1.6060347279680174,-3.4206307931291993,0.0,-20.0,-20.0,110.0,-8.473907864035988
376,3.7600000000000002,0.8316885429291252,-4.11496802503425,9.14387720172116,6.836706312068244,1.6071524828225063,-3.4299618866002795,0.0,-20.0,-20.0,110.0,-8.47286269124687
377,3.77,0.8316058118856735,-4.122115302997448,9.138940704918655,6.836444550858302,1.6082701950840825,-3.439292990284775,0.0,-20.0,-20.0,110.0,-8.471825246431399
378,3.7800000000000002,0.8315230808422218,-4.129262580960647,9.13400420811615,6.836182607498034,1.60938786472308,-3.448624104189406,0.0,-20.0,-20.0,110.0,-8.470795531819691
379,3.79,0.8314403497987701,-4.136409858923846,9.129067711313644,6.835920481993888,1.6105054917098374,-3.4579552283208956,0.0,-20.0,-20.0,110.0,-8.469773549622923
380,3.8000000000000003,0.8313576187553184,-4.143557136887045,9.124131214511138,6.835658174352322,1.6116230760146941,-3.467286362685968,0.0,-20.0,-20.0,110.0,-8.468759302033284
381,3.81,0.8312748877118668,-4.150704414850243,9.119194717708632,6.835395684579798,1.612740617607992,-3.476617507291346,0.0,-20.0,-20.0,110.0,-8.467752791223973
382,3.8200000000000003,0.8311921566684151,-4.157851692813441,9.114258220906127,6.835133012682782,1.6138581164600718,-3.4859486621437505,0.0,-20.0,-20.0,110.0,-8.466754019349137
383,3.83,0.8311094256249634,-4.164998970776639,9.109321724103621,6.834870158667743,1.614975572541277,-3.4952798272499033,0.0,-20.0,-20.0,110.0,-8.46576298854387
384,3.84,0.8310266945815117,-4.172146248739837,9.104385227301115,6.834607122541159,1.616092985821951,-3.5046110026165223,0.0,-20.0,-20.0,110.0,-8.464779700924158
385,3.85,0.83094396353806,-4.179293526703035,9.09944873049861,6.834343904309508,1.617210356272439,-3.5139421882503257,0.0,-20.0,-20.0,110.0,-8.463804158586854
386,3.86,0.8308612324946083,-4.1864408046662325,9.094512233696104,6.834080503979274,1.6183276838630858,-3.5232733841580326,0.0,-20.0,-20.0,110.0,-8.462836363609652
387,3.87,0.8307785014511566,-4.19358808262943,9.089575736893599,6.833816921556945,1.6194449685642394,-3.5326045903463568,0.0,-20.0,-20.0,110.0,-8.461876318051065
388,3.88,0.8306957704077049,-4.200735360592627,9.084639240091093,6.833553157049016,1.6205622103462474,-3.541935806822015,0.0,-20.0,-20.0,110.0,-8.460924023950364
389,3.89,0.8306130393642532,-4.207882638555824,9.079702743288587,6.833289210461985,1.6216794091794586,-3.5512670335917216,0.0,-20.0,-20.0,110.0,-8.459979483327583
390,3.9,0.8305303083208015,-4.215029916519021,9.074766246486082,6.833025081802353,1.6227965650342224,-3.560598270662189,0.0,-20.0,-20.0,110.0,-8.45904269818347
391,3.91,0.8304475772773499,-4.222177194482217,9.069829749683576,6.83276077107663,1.6239136778808907,-3.56992951804013,0.0,-20.0,-20.0,110.0,-8.45811367049947
392,3.92,0.8303648462338982,-4.2293244724454135,9.06489325288107,6.832496278291321,1.6250307476898143,-3.579260775732255,0.0,-20.0,-20.0,110.0,-8.457192402237665
393,3.93,0.8302821151904465,-4.23647175040861,9.059956756078565,6.832231603452946,1.6261477744313464,-3.5885920437452725,0.0,-20.0,-20.0,110.0,-8.456278895340786
394,3.94,0.8301993841469948,-4.243619028371806,9.05502025927606,6.831966746568027,1.6272647580758417,-3.5979233220858933,0.0,-20.0,-20.0,110.0,-8.45537315173216
395,3.95,0.8301166531035431,-4.250766306335001,9.050083762473554,6.831701707643086,1.628381698593654,-3.6072546107608234,0.0,-20.0,-20.0,110.0,-8.454475173315682
396,3.96,0.8300339220600914,-4.257913584298197,9.045147265671048,6.831436486684657,1.6294985959551396,-3.6165859097767705,0.0,-20.0,-20.0,110.0,-8.453584961975794
397,3.97,0.8299511910166397,-4.265060862261392,9.040210768868542,6.831171083699272,1.6306154501306553,-3.6259172191404407,0.0,-20.0,-20.0,110.0,-8.452702519577453
398,3.98,0.829868459973188,-4.2722081402245875,9.035274272066037,6.830905498693469,1.6317322610905596,-3.6352485388585367,0.0,-20.0,-20.0,110.0,-8.451827847966099
399,3.99,0.8297857289297363,-4.279355418187783,9.030337775263531,6.8306397316737915,1.6328490288052113,-3.6445798689377655,0.0,-20.0,-20.0,110.0,-8.45096094896763
400,4.0,0.8297029978862847,-4.286502696150977,9.025401278461025,6.830373782646786,1.6339657532449707,-3.653911209384825,0.0,-20.0,-20.0,110.0,-8.450101824388383
401,4.01,0.8296202668428331,-4.293649974114172,9.02046478165852,6.830107651619008,1.6350824343801982,-3.6632425602064203,0.0,-20.0,-20.0,110.0,-8.449250476015084
402,4.0200000000000005,0.8295375357993813,-4.300797252077366,9.015528284856014,6.829841338597011,1.636199072181256,-3.6725739214092488,0.0,-20.0,-20.0,110.0,-8.448406905614851
403,4.03,0.8294548047559296,-4.307944530040561,9.010591788053508,6.829574843587358,1.6373156666185071,-3.681905293000011,0.0,-20.0,-20.0,110.0,-8.447571114935139
404,4.04,0.829372073712478,-4.315091808003755,9.005655291251003,6.8293081665966175,1.638432217662316,-3.691236674985405,0.0,-20.0,-20.0,110.0,-8.44674310570373
405,4.05,0.8292893426690263,-4.322239085966949,9.000718794448497,6.829041307631356,1.6395487252830474,-3.7005680673721275,0.0,-20.0,-20.0,110.0,-8.445922879628691
406,4.0600000000000005,0.8292066116255747,-4.329386363930142,8.995782297645992,6.828774266698148,1.6406651894510673,-3.7098994701668744,0.0,-20.0,-20.0,110.0,-8.44511043839838
407,4.07,0.8291238805821233,-4.336533641893336,8.990845800843486,6.828507043803577,1.6417816101367435,-3.719230883376341,0.0,-20.0,-20.0,110.0,-8.44430578368137
408,4.08,0.8290411495386717,-4.34368091985653,8.98590930404098,6.8282396389542255,1.6428979873104432,-3.728562307007221,0.0,-20.0,-20.0,110.0,-8.443508917126474
409,4.09,0.8289584184952201,-4.350828197819722,8.980972807238475,6.8279720521566825,1.6440143209425366,-3.7378937410662063,0.0,-20.0,-20.0,110.0,-8.442719840362674
410,4.1,0.8288756874517685,-4.357975475782915,8.976036310435969,6.827704283417539,1.6451306110033932,-3.7472251855599916,0.0,-20.0,-20.0,110.0,-8.441938554999133
411,4.11,0.828792956408317,-4.365122753746108,8.971099813633463,6.827436332743397,1.6462468574633842,-3.7565566404952633,0.0,-20.0,-20.0,110.0,-8.441165062625148
412,4.12,0.8287102253648654,-4.3722700317093,8.966163316830958,6.827168200140855,1.6473630602928822,-3.7658881058787137,0.0,-20.0,-20.0,110.0,-8.440399364810128
413,4.13,0.8286274943214138,-4.379417309672493,8.961226820028452,6.826899885616522,1.6484792194622602,-3.7752195817170286,0.0,-20.0,-20.0,110.0,-8.439641463103573
414,4.14,0.8285447632779622,-4.386564587635685,8.956290323225947,6.826631389177008,1.6495953349418935,-3.7845510680168992,0.0,-20.0,-20.0,110.0,-8.438891359035042
415,4.15,0.8284620322345106,-4.393711865598877,8.951353826423441,6.82636271082893,1.650711406702156,-3.7938825647850094,0.0,-20.0,-20.0,110.0,-8.43814905411415
416,4.16,0.8283793011910591,-4.4008591435620685,8.946417329620935,6.826093850578911,1.651827434713425,-3.8032140720280445,0.0,-20.0,-20.0,110.0,-8.437414549830507
417,4.17,0.8282965701476075,-4.40800642152526,8.94148083281843,6.825824808433572,1.6529434189460772,-3.812545589752689,0.0,-20.0,-20.0,110.0,-8.436687847653731
418,4.18,0.8282138391041559,-4.415153699488452,8.936544336015924,6.8255555843995435,1.654059359370492,-3.821877117965626,0.0,-20.0,-20.0,110.0,-8.435968949033398
419,4.19,0.8281311080607043,-4.422300977451643,8.931607839213418,6.825286178483442,1.6551752559570445,-3.8312086566735264,0.0,-20.0,-20.0,110.0,-8.435257855399039
420,4.2,0.8280483770172528,-4.429448255414834,8.926671342410913,6.825016590691942,1.656291108676123,-3.840540205883092,0.0,-20.0,-20.0,110.0,-8.434554568160085
421,4.21,0.8279656459738012,-4.436595533378025,8.921734845608407,6.824746821031668,1.657406917498105,-3.849871765600992,0.0,-20.0,-20.0,110.0,-8.433859088705887
422,4.22,0.8278829149303496,-4.443742811341216,8.916798348805901,6.824476869509269,1.6585226823933725,-3.859203335833905,0.0,-20.0,-20.0,110.0,-8.433171418405658
423,4.23,0.827800183886898,-4.450890089304407,8.911861852003396,6.824206736131393,1.65963840333231,-3.868534916588509,0.0,-20.0,-20.0,110.0,-8.432491558608474
424,4.24,0.8277174528434464,-4.458037367267597,8.90692535520089,6.823936420904704,1.6607540802853016,-3.877866507871481,0.0,-20.0,-20.0,110.0,-8.43181951064323
425,4.25,0.8276347217999949,-4.465184645230787,8.901988858398385,6.82366592383586,1.6618697132227334,-3.8871981096894968,0.0,-20.0,-20.0,110.0,-8.431155275818623
426,4.26,0.8275519907565433,-4.472331923193977,8.897052361595879,6.823395244931525,1.6629853021149916,-3.89652972204923,0.0,-20.0,-20.0,110.0,-8.430498855423162
427,4.2700000000000005,0.8274692597130917,-4.479479201157167,8.892115864793373,6.823124384198373,1.6641008469324643,-3.9058613449573536,0.0,-20.0,-20.0,110.0,-8.429850250725089
428,4.28,0.8273865286696401,-4.486626479120356,8.887179367990868,6.822853341643075,1.66521634764554,-3.9151929784205386,0.0,-20.0,-20.0,110.0,-8.429209462972405
429,4.29,0.8273037976261886,-4.493773757083545,8.882242871188362,6.822582117272316,1.6663318042246087,-3.9245246224454586,0.0,-20.0,-20.0,110.0,-8.42857649339283
430,4.3,0.827221066582737,-4.500921035046734,8.877306374385858,6.822310711092776,1.6674472166400613,-3.933856277038784,0.0,-20.0,-20.0,110.0,-8.427951343193783
431,4.3100000000000005,0.8271383355392854,-4.5080683130099235,8.872369877583354,6.822039123111146,1.6685625848622896,-3.9431879422071807,0.0,-20.0,-20.0,110.0,-8.427334013562357
432,4.32,0.8270556044958338,-4.515215590973113,8.86743338078085,6.821767353334116,1.6696779088616869,-3.952519617957318,0.0,-20.0,-20.0,110.0,-8.42672450566531
433,4.33,0.8269728734523822,-4.522362868936301,8.862496883978347,6.821495401768387,1.670793188608646,-3.9618513042958634,0.0,-20.0,-20.0,110.0,-8.426122820649034
434,4.34,0.8268901424089307,-4.529510146899489,8.857560387175843,6.821223268420659,1.6719084240735633,-3.9711830012294818,0.0,-20.0,-20.0,110.0,-8.425528959639543
435,4.3500000000000005,0.8268074113654791,-4.536657424862677,8.852623890373339,6.820950953297641,1.6730236152268336,-3.980514708764838,0.0,-20.0,-20.0,110.0,-8.424942923742442
436,4.36,0.8267246803220275,-4.543804702825866,8.847687393570835,6.82067845640604,1.6741387620388548,-3.9898464269085943,0.0,-20.0,-20.0,110.0,-8.424364714042923
437,4.37,0.8266419492785759,-4.550951980789054,8.842750896768331,6.820405777752575,1.6752538644800254,-3.9991781556674146,0.0,-20.0,-20.0,110.0,-8.423794331605732
438,4.38,0.8265592182351243,-4.558099258752241,8.837814399965827,6.820132917343968,1.6763689225207434,-4.008509895047959,0.0,-20.0,-20.0,110.0,-8.423231777475149
439,4.39,0.8264764871916728,-4.565246536715429,8.832877903163324,6.819859875186942,1.6774839361314098,-4.01784164505689,0.0,-20.0,-20.0,110.0,-8.422677052674988
440,4.4,0.8263937561482212,-4.572393814678616,8.82794140636082,6.819586651288226,1.6785989052824257,-4.027173405700863,0.0,-20.0,-20.0,110.0,-8.422130158208555
441,4.41,0.8263110251047696,-4.579541092641803,8.823004909558316,6.819313245654552,1.6797138299441936,-4.036505176986538,0.0,-20.0,-20.0,110.0,-8.421591095058647
442,4.42,0.826228294061318,-4.58668837060499,8.818068412755812,6.819039658292663,1.6808287100871167,-4.045836958920574,0.0,-20.0,-20.0,110.0,-8.421059864187512
443,4.43,0.8261455630178665,-4.593835648568176,8.813131915953308,6.8187658892093,1.6819435456815988,-4.055168751509623,0.0,-20.0,-20.0,110.0,-8.420536466536868
444,4.44,0.8260628319744149,-4.600982926531363,8.808195419150804,6.818491938411211,1.6830583366980467,-4.06450055476034,0.0,-20.0,-20.0,110.0,-8.42002090302784
445,4.45,0.8259801009309633,-4.608130204494549,8.8032589223483,6.818217805905149,1.6841730831068662,-4.073832368679381,0.0,-20.0,-20.0,110.0,-8.419513174560983
446,4.46,0.8258973698875117,-4.615277482457736,8.798322425545797,6.817943491697867,1.6852877848784644,-4.083164193273397,0.0,-20.0,-20.0,110.0,-8.419013282016234
447,4.47,0.8258146388440601,-4.622424760420921,8.793385928743293,6.817668995796131,1.6864024419832504,-4.09249602854904,0.0,-20.0,-20.0,110.0,-8.41852122625292
448,4.48,0.8257319078006086,-4.629572038384107,8.788449431940789,6.817394318206705,1.6875170543916338,-4.101827874512959,0.0,-20.0,-20.0,110.0,-8.418037008109712
449,4.49,0.825649176757157,-4.636719316347293,8.783512935138285,6.817119458936361,1.6886316220740247,-4.111159731171805,0.0,-20.0,-20.0,110.0,-8.417560628404647
450,4.5,0.8255664457137054,-4.643866594310478,8.778576438335781,6.816844417991871,1.6897461450008355,-4.120491598532224,0.0,-20.0,-20.0,110.0,-8.417092087935076
451,4.51,0.8254837146702538,-4.651013872273664,8.773639941533277,6.8165691953800165,1.6908606231424792,-4.129823476600865,0.0,-20.0,-20.0,110.0,-8.416631387477661
452,4.5200000000000005,0.8254009836268023,-4.6581611502368485,8.768703444730773,6.816293791107581,1.6919750564693696,-4.139155365384373,0.0,-20.0,-20.0,110.0,-8.41617852778837
453,4.53,0.8253182525833507,-4.665308428200033,8.76376694792827,6.816018205181351,1.6930894449519216,-4.148487264889392,0.0,-20.0,-20.0,110.0,-8.415733509602443
454,4.54,0.8252355215398991,-4.672455706163218,8.758830451125766,6.815742437608122,1.6942037885605508,-4.157819175122564,0.0,-20.0,-20.0,110.0,-8.415296333634398
455,4.55,0.8251527904964475,-4.679602984126403,8.753893954323262,6.815466488394692,1.6953180872656746,-4.167151096090538,0.0,-20.0,-20.0,110.0,-8.414867000577983
456,4.5600000000000005,0.8250700594529959,-4.686750262089587,8.748957457520758,6.815190357547863,1.6964323410377105,-4.176483027799948,0.0,-20.0,-20.0,110.0,-8.414445511106203
457,4.57,0.8249873284095444,-4.693897540052771,8.744020960718254,6.814914045074439,1.6975465498470779,-4.185814970257439,0.0,-20.0,-20.0,110.0,-8.41403186587127
458,4.58,0.8249045973660928,-4.701044818015955,8.73908446391575,6.814637550981233,1.6986607136641978,-4.195146923469649,0.0,-20.0,-20.0,110.0,-8.413626065504614
459,4.59,0.8248218663226412,-4.708192095979139,8.734147967113246,6.814360875275061,1.699774832459491,-4.204478887443216,0.0,-20.0,-20.0,110.0,-8.413228110616847
460,4.6000000000000005,0.8247391352791896,-4.715339373942323,8.729211470310743,6.814084017962743,1.7008889062033794,-4.213810862184775,0.0,-20.0,-20.0,110.0,-8.412838001797764
461,4.61,0.824656404235738,-4.7224866519055055,8.724274973508239,6.813806979051103,1.7020029348662868,-4.223142847700963,0.0,-20.0,-20.0,110.0,-8.412455739616325
462,4.62,0.8245736731922865,-4.7296339298686885,8.719338476705735,6.813529758546957,1.7031169184186334,-4.232474843998408,0.0,-20.0,-20.0,110.0,-8.412081324620651
463,4.63,0.8244909421488349,-4.736781207831871,8.714401979903231,6.813252356457167,1.704230856830853,-4.24180685108376,0.0,-20.0,-20.0,110.0,-8.411714757337984
464,4.64,0.8244082111053833,-4.743928485795054,8.709465483100727,6.812974772788558,1.7053447500733678,-4.2511388689636425,0.0,-20.0,-20.0,110.0,-8.411356038274702
465,4.65,0.8243254800619317,-4.751075763758237,8.704528986298223,6.812697007547975,1.7064585981166056,-4.260470897644687,0.0,-20.0,-20.0,110.0,-8.411005167916306
466,4.66,0.8242427490184802,-4.758223041721419,8.69959248949572,6.81241906074226,1.7075724009309947,-4.269802937133525,0.0,-20.0,-20.0,110.0,-8.410662146727372
467,4.67,0.8241600179750286,-4.765370319684601,8.694655992693216,6.812140932378271,1.7086861584869657,-4.279134987436783,0.0,-20.0,-20.0,110.0,-8.410326975151596
468,4.68,0.824077286931577,-4.772517597647783,8.689719495890712,6.8118626224628605,1.709799870754949,-4.288467048561091,0.0,-20.0,-20.0,110.0,-8.40999965361173
469,4.69,0.8239945558881254,-4.779664875610965,8.684782999088208,6.811584131002891,1.7109135377053766,-4.2977991205130746,0.0,-20.0,-20.0,110.0,-8.409680182509598
470,4.7,0.8239118248446738,-4.7868121535741475,8.679846502285704,6.811305458005227,1.7120271593086815,-4.3071312032993605,0.0,-20.0,-20.0,110.0,-8.409368562226078
471,4.71,0.8238290938012223,-4.793959431537329,8.6749100054832,6.811026603476743,1.7131407355352977,-4.316463296926575,0.0,-20.0,-20.0,110.0,-8.409064793121097
472,4.72,0.8237463627577707,-4.80110670950051,8.669973508680696,6.810747567424309,1.71425426635566,-4.325795401401338,0.0,-20.0,-20.0,110.0,-8.408768875533598
473,4.73,0.8236636317143191,-4.808253987463691,8.665037011878193,6.810468349854807,1.7153677517402046,-4.335127516730275,0.0,-20.0,-20.0,110.0,-8.408480809781567
474,4.74,0.8235809006708675,-4.815401265426872,8.660100515075689,6.810188950775121,1.7164811916593692,-4.3444596429200075,0.0,-20.0,-20.0,110.0,-8.408200596161981
475,4.75,0.823498169627416,-4.822548543390052,8.655164018273185,6.809909370192137,1.7175945860835917,-4.353791779977153,0.0,-20.0,-20.0,110.0,-8.407928234950834
476,4.76,0.8234154385839644,-4.829695821353233,8.650227521470681,6.80962960811275,1.7187079349833114,-4.363123927908335,0.0,-20.0,-20.0,110.0,-8.407663726403106
477,4.7700000000000005,0.8233327075405128,-4.836843099316413,8.645291024668177,6.809349664543856,1.7198212383289693,-4.372456086720166,0.0,-20.0,-20.0,110.0,-8.407407070752749
478,4.78,0.8232499764970612,-4.843990377279593,8.640354527865673,6.8090695394923575,1.7209344960910062,-4.381788256419268,0.0,-20.0,-20.0,110.0,-8.407158268212708
479,4.79,0.8231672454536096,-4.851137655242773,8.63541803106317,6.808789232965163,1.722047708239865,-4.391120437012252,0.0,-20.0,-20.0,110.0,-8.406917318974873
480,4.8,0.8230845144101581,-4.858284933205953,8.630481534260666,6.808508744969183,1.7231608747459901,-4.400452628505738,0.0,-20.0,-20.0,110.0,-8.4066842232101
481,4.8100000000000005,0.8230017833667065,-4.865432211169132,8.625545037458162,6.808228075511331,1.724273995579825,-4.409784830906337,0.0,-20.0,-20.0,110.0,-8.406458981068184
482,4.82,0.8229190523232549,-4.8725794891323115,8.620608540655658,6.807947224598529,1.7253870707118164,-4.419117044220658,0.0,-20.0,-20.0,110.0,-8.406241592677858
483,4.83,0.8228363212798033,-4.879726767095491,8.615672043853154,6.8076661922377015,1.7265001001124107,-4.428449268455317,0.0,-20.0,-20.0,110.0,-8.40603205814679
484,4.84,0.8227535902363518,-4.88687404505867,8.61073554705065,6.807384978435777,1.7276130837520565,-4.437781503616922,0.0,-20.0,-20.0,110.0,-8.405830377561566
485,4.8500000000000005,0.8226708591929002,-4.894021323021849,8.605799050248146,6.807103583199689,1.7287260216012024,-4.4471137497120825,0.0,-20.0,-20.0,110.0,-8.405636550987687
486,4.86,0.8225881281494486,-4.901168600985027,8.600862553445642,6.806822006536378,1.7298389136302983,-4.456446006747406,0.0,-20.0,-20.0,110.0,-8.405450578469564
487,4.87,0.822505397105997,-4.908315878948206,8.595926056643139,6.806540248452785,1.7309517598097957,-4.4657782747295,0.0,-20.0,-20.0,110.0,-8.405272460030499
488,4.88,0.8224226660625454,-4.915463156911384,8.590989559840635,6.80625830895586,1.7320645601101468,-4.475110553664968,0.0,-20.0,-20.0,110.0,-8.405102195672697
489,4.89,0.8223399350190939,-4.922610434874563,8.58605306303813,6.80597618805255,1.733177314501805,-4.484442843560418,0.0,-20.0,-20.0,110.0,-8.404939785377245
490,4.9,0.8222572039756423,-4.92975771283774,8.581116566235627,6.805693885749816,1.734290022955225,-4.49377514442245,0.0,-20.0,-20.0,110.0,-8.404785229104107
491,4.91,0.8221744729321907,-4.936904990800918,8.576180069433123,6.80541140205462,1.735402685440862,-4.503107456257668,0.0,-20.0,-20.0,110.0,-8.40463852679213
492,4.92,0.8220917418887391,-4.9440522687640955,8.57124357263062,6.805128736973922,1.7365153019291726,-4.512439779072673,0.0,-20.0,-20.0,110.0,-8.404499678359022
493,4.93,0.8220090108452875,-4.951199546727273,8.566307075828115,6.804845890514696,1.7376278723906147,-4.521772112874063,0.0,-20.0,-20.0,110.0,-8.404368683701357
494,4.94,0.821926279801836,-4.95834682469045,8.561370579025612,6.804562862683915,1.7387403967956467,-4.531104457668441,0.0,-20.0,-20.0,110.0,-8.40424554269456
495,4.95,0.8218435487583844,-4.965494102653627,8.556434082223108,6.80427965348856,1.7398528751147293,-4.5404368134624,0.0,-20.0,-20.0,110.0,-8.404130255192927
496,4.96,0.8217608177149328,-4.972641380616803,8.551497585420604,6.803996262935613,1.7409653073183227,-4.5497691802625395,0.0,-20.0,-20.0,110.0,-8.404022821029578
497,4.97,0.8216780866714812,-4.97978865857998,8.5465610886181,6.803712691032063,1.7420776933768896,-4.559101558075454,0.0,-20.0,-20.0,110.0,-8.403923240016493
498,4.98,0.8215953556280297,-4.986935936543157,8.541624591815596,6.803428937784903,1.7431900332608918,-4.568433946907738,0.0,-20.0,-20.0,110.0,-8.403831511944484
499,4.99,0.8215126245845781,-4.9940832145063325,8.536688095013092,6.80314500320113,1.7443023269407947,-4.577766346765983,0.0,-20.0,-20.0,110.0,-8.403747636583203
500,5.0,0.8214298935411265,-5.001230492469508,8.531751598210588,6.802860887287747,1.7454145743870635,-4.5870987576567845,0.0,-20.0,-20.0,110.0,-8.403671613681123
501,5.01,0.8213471624976749,-5.008377770432684,8.526815101408085,6.80257659005176,1.7465267755701646,-4.596431179586731,0.0,-20.0,-20.0,110.0,-8.403603442965561
502,5.0200000000000005,0.8212644314542233,-5.01552504839586,8.52187860460558,6.802292111500178,1.747638930460565,-4.605763612562413,0.0,-20.0,-20.0,110.0,-8.403543124142647
503,5.03,0.8211817004107718,-5.022672326359036,8.516942107803077,6.802007451640004,1.74875103902873,-4.615096056590407,0.0,-20.0,-20.0,110.0,-8.403490656897333
504,5.04,0.8210989693673202,-5.029819604322211,8.512005611000573,6.801722610478288,1.7498631012451362,-4.624428511677324,0.0,-20.0,-20.0,110.0,-8.403446040893392
505,5.05,0.8210162383238686,-5.036966882285386,8.50706911419807,6.801437588022036,1.7509751170802508,-4.633760977829737,0.0,-20.0,-20.0,110.0,-8.403409275773415
506,5.0600000000000005,0.820933507280417,-5.044114160248561,8.502132617395565,6.801152384278282,1.7520870865045457,-4.643093455054232,0.0,-20.0,-20.0,110.0,-8.40338036115881
507,5.07,0.8208507762369655,-5.051261438211736,8.497196120593062,6.800866999254057,1.753199009488494,-4.652425943357394,0.0,-20.0,-20.0,110.0,-8.40335929664979
508,5.08,0.8207680451935139,-5.05840871617491,8.492259623790558,6.8005814329564,1.7543108860025696,-4.661758442745804,0.0,-20.0,-20.0,110.0,-8.403346081825376
509,5.09,0.8206853141500623,-5.065555994138084,8.487323126988054,6.800295685392353,1.755422716017248,-4.671090953226045,0.0,-20.0,-20.0,110.0,-8.403340716243415
510,5.1000000000000005,0.8206025831066107,-5.072703272101258,8.48238663018555,6.800009756568964,1.7565344995030054,-4.6804234748047,0.0,-20.0,-20.0,110.0,-8.403343199440547
511,5.11,0.8205198520631591,-5.079850550064432,8.477450133383046,6.799723646493284,1.7576462364303183,-4.689756007488344,0.0,-20.0,-20.0,110.0,-8.403353530932222
512,5.12,0.8204371210197076,-5.086997828027606,8.472513636580542,6.799437355172371,1.758757926769666,-4.699088551283559,0.0,-20.0,-20.0,110.0,-8.4033717102127
513,5.13,0.820354389976256,-5.094145105990779,8.467577139778038,6.799150882613285,1.7598695704915273,-4.708421106196919,0.0,-20.0,-20.0,110.0,-8.403397736755043
514,5.14,0.8202716589328044,-5.101292383953952,8.462640642975535,6.798864228823089,1.7609811675663831,-4.717753672235002,0.0,-20.0,-20.0,110.0,-8.403431610011118
515,5.15,0.8201889278893528,-5.108439661917125,8.45770414617303,6.798577393808858,1.7620927179647152,-4.727086249404382,0.0,-20.0,-20.0,110.0,-8.40347332941161
516,5.16,0.8201061968459012,-5.1155869398802984,8.452767649370527,6.798290377577662,1.7632042216570067,-4.736418837711633,0.0,-20.0,-20.0,110.0,-8.403522894365988
517,5.17,0.8200234658024497,-5.122734217843472,8.447831152568023,6.798003180136583,1.7643156786137415,-4.745751437163328,0.0,-20.0,-20.0,110.0,-8.403580304262551
518,5.18,0.8199407347589981,-5.129881495806644,8.44289465576552,6.797715801492702,1.7654270888054036,-4.755084047766039,0.0,-20.0,-20.0,110.0,-8.403645558468385
519,5.19,0.8198580037155465,-5.137028773769816,8.437958158963015,6.797428241653108,1.7665384522024798,-4.764416669526333,0.0,-20.0,-20.0,110.0,-8.403718656329405
520,5.2,0.8197752726720949,-5.144176051732988,8.433021662160511,6.797140500624897,1.7676497687754575,-4.773749302450783,0.0,-20.0,-20.0,110.0,-8.403799597170318
521,5.21,0.8196925416286434,-5.151323329696161,8.428085165358008,6.7968525784151606,1.7687610384948247,-4.783081946545954,0.0,-20.0,-20.0,110.0,-8.403888380294653
522,5.22,0.8196098105851918,-5.158470607659333,8.423148668555504,6.796564475031006,1.769872261331071,-4.792414601818414,0.0,-20.0,-20.0,110.0,-8.403985004984753
523,5.23,0.8195270795417402,-5.165617885622504,8.418212171753,6.796276190479534,1.7709834372546867,-4.801747268274729,0.0,-20.0,-20.0,110.0,-8.404089470501773
524,5.24,0.8194443484982886,-5.172765163585676,8.413275674950496,6.79598772476786,1.772094566236164,-4.811079945921462,0.0,-20.0,-20.0,110.0,-8.404201776085683
525,5.25,0.819361617454837,-5.179912441548847,8.408339178147992,6.795699077903098,1.7732056482459948,-4.820412634765178,0.0,-20.0,-20.0,110.0,-8.404321920955287
526,5.26,0.8192788864113855,-5.1870597195120185,8.403402681345488,6.795410249892368,1.7743166832546735,-4.829745334812438,0.0,-20.0,-20.0,110.0,-8.404449904308194
527,5.2700000000000005,0.8191961553679339,-5.194206997475189,8.398466184542984,6.795121240742793,1.7754276712326953,-4.839078046069805,0.0,-20.0,-20.0,110.0,-8.404585725320853
528,5.28,0.8191134243244823,-5.2013542754383595,8.39352968774048,6.794832050461504,1.7765386121505558,-4.848410768543838,0.0,-20.0,-20.0,110.0,-8.404729383148545
529,5.29,0.8190306932810307,-5.20850155340153,8.388593190937977,6.794542679055633,1.7776495059787523,-4.857743502241092,0.0,-20.0,-20.0,110.0,-8.404880876925368
530,5.3,0.8189479622375792,-5.2156488313647005,8.383656694135473,6.7942531265323165,1.7787603526877827,-4.8670762471681295,0.0,-20.0,-20.0,110.0,-8.405040205764283
531,5.3100000000000005,0.8188652311941276,-5.222796109327871,8.378720197332969,6.793963392898702,1.779871152248147,-4.8764090033315055,0.0,-20.0,-20.0,110.0,-8.405207368757067
532,5.32,0.818782500150676,-5.229943387291041,8.373783700530465,6.7936734781619315,1.780981904630345,-4.8857417707377735,0.0,-20.0,-20.0,110.0,-8.405382364974363
533,5.33,0.8186997691072244,-5.23709066525421,8.368847203727961,6.793383382329158,1.7820926098048793,-4.895074549393489,0.0,-20.0,-20.0,110.0,-8.405565193465652
534,5.34,0.8186170380637728,-5.24423794321738,8.363910706925457,6.79309310540754,1.7832032677422518,-4.904407339305204,0.0,-20.0,-20.0,110.0,-8.405755853259281
535,5.3500000000000005,0.8185343070203213,-5.251385221180549,8.358974210122954,6.792802647404237,1.7843138784129666,-4.913740140479471,0.0,-20.0,-20.0,110.0,-8.405954343362453
536,5.36,0.8184515759768697,-5.258532499143719,8.35403771332045,6.792512008326414,1.7854244417875285,-4.9230729529228405,0.0,-20.0,-20.0,110.0,-8.406160662761232
537,5.37,0.8183688449334181,-5.265679777106888,8.349101216517946,6.79222118818124,1.786534957836444,-4.932405776641862,0.0,-20.0,-20.0,110.0,-8.406374810420568
538,5.38,0.8182861138899665,-5.2728270550700564,8.344164719715442,6.791930186975891,1.7876454265302197,-4.941738611643083,0.0,-20.0,-20.0,110.0,-8.406596785284275
539,5.39,0.818203382846515,-5.279974333033225,8.339228222912938,6.791639004717543,1.7887558478393646,-4.951071457933051,0.0,-20.0,-20.0,110.0,-8.406826586275058
540,5.4,0.8181206518030634,-5.287121610996394,8.334291726110434,6.791347641413384,1.7898662217343875,-4.960404315518312,0.0,-20.0,-20.0,110.0,-8.407064212294515
541,5.41,0.8180379207596118,-5.294268888959562,8.32935522930793,6.791056097070599,1.7909765481857993,-4.969737184405412,0.0,-20.0,-20.0,110.0,-8.407309662223133
542,5.42,0.8179551897161602,-5.3014161669227295,8.324418732505427,6.790764371696379,1.7920868271641113,-4.979070064600893,0.0,-20.0,-20.0,110.0,-8.40756293492031
543,5.43,0.8178724586727086,-5.308563444885897,8.319482235702923,6.790472465297922,1.793197058639836,-4.988402956111296,0.0,-20.0,-20.0,110.0,-8.407824029224358
544,5.44,0.8177897276292571,-5.315710722849065,8.31454573890042,6.790180377882432,1.794307242583488,-4.997735858943163,0.0,-20.0,-20.0,110.0,-8.408092943952498
545,5.45,0.8177069965858055,-5.322858000812233,8.309609242097919,6.789888109457113,1.795417378965582,-5.007068773103038,0.0,-20.0,-20.0,110.0,-8.408369677900888
546,5.46,0.8176242655423539,-5.3300052787754,8.304672745295417,6.789595660029178,1.7965274677566343,-5.016401698597456,0.0,-20.0,-20.0,110.0,-8.408654229844608
547,5.47,0.8175415344989023,-5.337152556738567,8.299736248492914,6.78930302960584,1.7976375089271623,-5.025734635432956,0.0,-20.0,-20.0,110.0,-8.408946598537693
548,5.48,0.8174588034554507,-5.344299834701734,8.294799751690412,6.789010218194317,1.798747502447684,-5.0350675836160725,0.0,-20.0,-20.0,110.0,-8.409246782713119
549,5.49,0.8173760724119992,-5.351447112664901,8.28986325488791,6.788717225801837,1.7998574482887193,-5.044400543153343,0.0,-20.0,-20.0,110.0,-8.409554781082836
550,5.5,0.8172933413685476,-5.358594390628068,8.284926758085408,6.788424052435628,1.800967346420788,-5.053733514051302,0.0,-20.0,-20.0,110.0,-8.409870592337741
551,5.51,0.817210610325096,-5.365741668591234,8.279990261282906,6.788130698102924,1.8020771968144127,-5.063066496316482,0.0,-20.0,-20.0,110.0,-8.41019421514773
552,5.5200000000000005,0.8171278792816444,-5.3728889465544,8.275053764480404,6.787837162810961,1.8031869994401153,-5.072399489955414,0.0,-20.0,-20.0,110.0,-8.410525648161673
553,5.53,0.8170451482381929,-5.380036224517566,8.270117267677902,6.787543446566979,1.8042967542684214,-5.08173249497463,0.0,-20.0,-20.0,110.0,-8.410864890007437
554,5.54,0.8169624171947413,-5.387183502480732,8.2651807708754,6.787249549378228,1.805406461269855,-5.091065511380658,0.0,-20.0,-20.0,110.0,-8.411211939291906
555,5.55,0.8168796861512897,-5.394330780443898,8.260244274072898,6.786955471251962,1.8065161204149423,-5.100398539180028,0.0,-20.0,-20.0,110.0,-8.411566794600974
556,5.5600000000000005,0.8167969551078381,-5.401478058407063,8.255307777270396,6.786661212195432,1.8076257316742104,-5.109731578379265,0.0,-20.0,-20.0,110.0,-8.411929454499555
557,5.57,0.8167142240643865,-5.408625336370228,8.250371280467894,6.786366772215901,1.8087352950181894,-5.119064628984898,0.0,-20.0,-20.0,110.0,-8.412299917531614
558,5.58,0.816631493020935,-5.4157726143333935,8.245434783665392,6.786072151320635,1.8098448104174072,-5.12839769100345,0.0,-20.0,-20.0,110.0,-8.412678182220159
559,5.59,0.8165487619774834,-5.422919892296559,8.24049828686289,6.785777349516899,1.8109542778423948,-5.137730764441444,0.0,-20.0,-20.0,110.0,-8.413064247067254
560,5.6000000000000005,0.8164660309340318,-5.430067170259723,8.235561790060387,6.7854823668119755,1.8120636972636848,-5.147063849305404,0.0,-20.0,-20.0,110.0,-8.413458110554043
561,5.61,0.8163832998905802,-5.437214448222887,8.230625293257885,6.785187203213137,1.8131730686518095,-5.156396945601848,0.0,-20.0,-20.0,110.0,-8.413859771140741
562,5.62,0.8163005688471286,-5.4443617261860515,8.225688796455383,6.784891858727667,1.814282391977304,-5.165730053337302,0.0,-20.0,-20.0,110.0,-8.414269227266674
563,5.63,0.8162178378036771,-5.451509004149216,8.220752299652881,6.7845963333628525,1.815391667210703,-5.175063172518279,0.0,-20.0,-20.0,110.0,-8.414686477350257
564,5.64,0.8161351067602255,-5.45865628211238,8.21581580285038,6.784300627125989,1.8165008943225431,-5.184396303151301,0.0,-20.0,-20.0,110.0,-8.415111519789038
565,5.65,0.8160523757167739,-5.4658035600755435,8.210879306047877,6.784004740024358,1.8176100732833578,-5.1937294452428695,0.0,-20.0,-20.0,110.0,-8.41554435295969
566,5.66,0.8159696446733223,-5.472950838038707,8.205942809245375,6.783708672065287,1.8187192040636935,-5.203062598799525,0.0,-20.0,-20.0,110.0,-8.415984975218027
567,5.67,0.8158869136298708,-5.48009811600187,8.201006312442873,6.783412423256071,1.819828286634086,-5.212395763827769,0.0,-20.0,-20.0,110.0,-8.416433384899031
568,5.68,0.8158041825864192,-5.487245393965034,8.19606981564037,6.783115993604023,1.820937320965077,-5.221728940334116,0.0,-20.0,-20.0,110.0,-8.416889580316846
569,5.69,0.8157214515429676,-5.494392671928197,8.191133318837869,6.7828193831164505,1.8220463070272084,-5.231062128325076,0.0,-20.0,-20.0,110.0,-8.417353559764807
570,5.7,0.815638720499516,-5.5015399498913595,8.186196822035367,6.782522591800677,1.8231552447910229,-5.24039532780716,0.0,-20.0,-20.0,110.0,-8.41782532151544
571,5.71,0.8155559894560644,-5.508687227854522,8.181260325232865,6.782225619664024,1.8242641342270653,-5.24972853878688,0.0,-20.0,-20.0,110.0,-8.418304863820492
572,5.72,0.8154732584126129,-5.5158345058176845,8.176323828430363,6.781928466713825,1.825372975305881,-5.2590617612707415,0.0,-20.0,-20.0,110.0,-8.418792184910927
573,5.73,0.8153905273691613,-5.522981783780847,8.17138733162786,6.7816311329574095,1.8264817679980163,-5.268394995265252,0.0,-20.0,-20.0,110.0,-8.41928728299696
574,5.74,0.8153077963257097,-5.530129061744009,8.166450834825358,6.781333618402116,1.8275905122740195,-5.277728240776918,0.0,-20.0,-20.0,110.0,-8.419790156268052
575,5.75,0.8152250652822581,-5.53727633970717,8.161514338022856,6.7810359230552875,1.8286992081044398,-5.287061497812245,0.0,-20.0,-20.0,110.0,-8.420300802892944
576,5.76,0.8151423342388066,-5.544423617670332,8.156577841220354,6.780738046924272,1.829807855459827,-5.296394766377734,0.0,-20.0,-20.0,110.0,-8.420819221019656
577,5.7700000000000005,0.815059603195355,-5.5515708956334935,8.151641344417852,6.780439990016418,1.8309164543107312,-5.3057280464798895,0.0,-20.0,-20.0,110.0,-8.421345408775512
578,5.78,0.8149768721519034,-5.558718173596655,8.14670484761535,6.78014175233908,1.8320250046277067,-5.3150613381252105,0.0,-20.0,-20.0,110.0,-8.421879364267154
579,5.79,0.8148941411084518,-5.565865451559816,8.141768350812848,6.779843333899621,1.8331335063813061,-5.324394641320199,0.0,-20.0,-20.0,110.0,-8.422421085580554
580,5.8,0.8148114100650002,-5.5730127295229765,8.136831854010346,6.779544734705405,1.8342419595420847,-5.333727956071352,0.0,-20.0,-20.0,110.0,-8.422970570781036
581,5.8100000000000005,0.8147286790215487,-5.580160007486137,8.131895357207844,6.779245954763803,1.835350364080597,-5.343061282385169,0.0,-20.0,-20.0,110.0,-8.42352781791329
582,5.82,0.8146459479780971,-5.587307285449298,8.126958860405342,6.778946994082186,1.8364587199674007,-5.352394620268145,0.0,-20.0,-20.0,110.0,-8.424092825001386
583,5.83,0.8145632169346455,-5.594454563412459,8.12202236360284,6.778647852667934,1.8375670271730542,-5.361727969726774,0.0,-20.0,-20.0,110.0,-8.424665590048797
584,5.84,0.8144804858911939,-5.601601841375619,8.117085866800338,6.778348530528429,1.838675285668117,-5.371061330767551,0.0,-20.0,-20.0,110.0,-8.425246111038405
585,5.8500000000000005,0.8143977548477424,-5.608749119338778,8.112149369997836,6.778049027671062,1.839783495423149,-5.380394703396972,0.0,-20.0,-20.0,110.0,-8.425834385932532
586,5.86,0.8143150238042908,-5.615896397301938,8.107212873195333,6.7777493441032215,1.840891656408711,-5.389728087621523,0.0,-20.0,-20.0,110.0,-8.426430412672948
587,5.87,0.8142322927608392,-5.623043675265098,8.102276376392831,6.777449479832305,1.8419997685953664,-5.399061483447698,0.0,-20.0,-20.0,110.0,-8.427034189180894
588,5.88,0.8141495617173876,-5.630190953228258,8.09733987959033,6.777149434865717,1.8431078319536789,-5.408394890881985,0.0,-20.0,-20.0,110.0,-8.427645713357093
589,5.89,0.814066830673936,-5.637338231191417,8.092403382787827,6.776849209210859,1.844215846454214,-5.417728309930872,0.0,-20.0,-20.0,110.0,-8.428264983081776
590,5.9,0.8139840996304845,-5.644485509154576,8.087466885985325,6.7765488028751415,1.8453238120675375,-5.427061740600846,0.0,-20.0,-20.0,110.0,-8.428891996214704
591,5.91,0.8139013685870329,-5.651632787117735,8.082530389182823,6.776248215865981,1.8464317287642171,-5.436395182898393,0.0,-20.0,-20.0,110.0,-8.429526750595167
592,5.92,0.8138186375435813,-5.658780065080894,8.077593892380321,6.775947448190795,1.8475395965148202,-5.445728636829995,0.0,-20.0,-20.0,110.0,-8.430169244042023
593,5.93,0.8137359065001297,-5.665927343044052,8.072657395577819,6.775646499857008,1.8486474152899175,-5.455062102402136,0.0,-20.0,-20.0,110.0,-8.430819474353717
594,5.94,0.8136531754566781,-5.67307462100721,8.067720898775317,6.775345370872051,1.849755185060079,-5.464395579621299,0.0,-20.0,-20.0,110.0,-8.43147743930828
595,5.95,0.8135704444132266,-5.680221898970368,8.062784401972815,6.775044061243352,1.8508629057958779,-5.473729068493966,0.0,-20.0,-20.0,110.0,-8.43214313666337
596,5.96,0.813487713369775,-5.687369176933526,8.057847905170313,6.774742570978352,1.8519705774678858,-5.483062569026614,0.0,-20.0,-20.0,110.0,-8.432816564156287
597,5.97,0.8134049823263234,-5.694516454896684,8.05291140836781,6.7744409000844925,1.8530782000466777,-5.492396081225722,0.0,-20.0,-20.0,110.0,-8.433497719503983
598,5.98,0.8133222512828718,-5.701663732859841,8.047974911565309,6.77413904856922,1.8541857735028289,-5.5017296050977675,0.0,-20.0,-20.0,110.0,-8.43418660040309
599,5.99,0.8132395202394203,-5.708811010822998,8.043038414762806,6.773837016439985,1.8552932978069159,-5.511063140649228,0.0,-20.0,-20.0,110.0,-8.434883204529942
600,6.0,0.8131567891959687,-5.7159582887861555,8.038101917960304,6.773534803704226,1.8564007729295124,-5.520396687886563,0.0,-20.0,-20.0,110.0,-8.435587529540603
601,6.01,0.8130740581525171,-5.723105566749313,8.033165421157802,6.773232410369436,1.8575081988412054,-5.529730246816274,0.0,-20.0,-20.0,110.0,-8.43629957307086
602,6.0200000000000005,0.8129913271090655,-5.73025284471247,8.0282289243553,6.772929836443063,1.8586155755125708,-5.539063817444817,0.0,-20.0,-20.0,110.0,-8.437019332736272
603,6.03,0.8129085960656139,-5.737400122675626,8.023292427552798,6.772627081932579,1.8597229029141906,-5.548397399778665,0.0,-20.0,-20.0,110.0,-8.437746806132186
604,6.04,0.8128258650221624,-5.744547400638782,8.018355930750296,6.772324146845455,1.8608301810166454,-5.557730993824289,0.0,-20.0,-20.0,110.0,-8.438481990833747
605,6.05,0.8127431339787108,-5.751694678601939,8.013419433947794,6.77202103118917,1.8619374097905204,-5.567064599588155,0.0,-20.0,-20.0,110.0,-8.439224884395932
606,6.0600000000000005,0.8126604029352592,-5.758841956565095,8.008482937145292,6.771717734971209,1.8630445892063994,-5.576398217076733,0.0,-20.0,-20.0,110.0,-8.439975484353566
607,6.07,0.8125776718918076,-5.76598923452825,8.00354644034279,6.771414258199053,1.864151719234869,-5.585731846296489,0.0,-20.0,-20.0,110.0,-8.440733788221346
608,6.08,0.812494940848356,-5.773136512491406,7.998609943540288,6.771110600880202,1.8652587998465155,-5.595065487253887,0.0,-20.0,-20.0,110.0,-8.441499793493863
609,6.09,0.8124122098049045,-5.780283790454561,7.993673446737786,6.770806763022145,1.866365831011927,-5.604399139955391,0.0,-20.0,-20.0,110.0,-8.442273497645626
610,6.1000000000000005,0.8123294787614529,-5.787431068417717,7.988736949935284,6.770502744632388,1.867472812701694,-5.613732804407464,0.0,-20.0,-20.0,110.0,-8.443054898131077
611,6.11,0.8122467477180013,-5.794578346380872,7.9838004531327815,6.770198545718432,1.8685797448864057,-5.623066480616566,0.0,-20.0,-20.0,110.0,-8.443843992384632
612,6.12,0.8121640166745497,-5.8017256243440265,7.9788639563302794,6.769894166287792,1.8696866275366542,-5.632400168589158,0.0,-20.0,-20.0,110.0,-8.444640777820686
613,6.13,0.8120812856310982,-5.808872902307181,7.973927459527777,6.769589606347981,1.8707934606230323,-5.6417338683317,0.0,-20.0,-20.0,110.0,-8.445445251833641
614,6.140000000000001,0.8119985545876466,-5.8160201802703355,7.968990962725275,6.769284865906516,1.871900244116134,-5.651067579850649,0.0,-20.0,-20.0,110.0,-8.446257411797943
615,6.15,0.811915823544195,-5.82316745823349,7.964054465922773,6.768979944970922,1.873006977986555,-5.660401303152461,0.0,-20.0,-20.0,110.0,-8.447077255068084
616,6.16,0.8118330925007434,-5.8303147361966445,7.959117969120271,6.768674843548727,1.874113662204891,-5.6697350382435925,0.0,-20.0,-20.0,110.0,-8.447904778978643
617,6.17,0.8117503614572918,-5.837462014159798,7.954181472317769,6.7683695616474635,1.875220296741741,-5.679068785130497,0.0,-20.0,-20.0,110.0,-8.448739980844303
618,6.18,0.8116676304138403,-5.844609292122952,7.949244975515267,6.76806409927467,1.8763268815677019,-5.688402543819627,0.0,-20.0,-20.0,110.0,-8.449582857959879
619,6.19,0.8115848993703887,-5.851756570086105,7.944308478712765,6.767758456437886,1.8774334166533748,-5.697736314317436,0.0,-20.0,-20.0,110.0,-8.450433407600341
620,6.2,0.8115021683269371,-5.858903848049259,7.939371981910263,6.76745263314466,1.8785399019693596,-5.707070096630373,0.0,-20.0,-20.0,110.0,-8.45129162702084
621,6.21,0.8114194372834855,-5.866051126012413,7.934435485107761,6.76714662940254,1.8796463374862595,-5.716403890764886,0.0,-20.0,-20.0,110.0,-8.452157513456728
622,6.22,0.811336706240034,-5.873198403975565,7.929498988305259,6.766840445219084,1.8807527231746775,-5.725737696727425,0.0,-20.0,-20.0,110.0,-8.453031064123595
623,6.23,0.8112539751965824,-5.880345681938718,7.924562491502757,6.766534080601852,1.8818590590052184,-5.735071514524435,0.0,-20.0,-20.0,110.0,-8.45391227621728
624,6.24,0.8111712441531308,-5.887492959901871,7.9196259947002545,6.766227535558406,1.882965344948488,-5.744405344162363,0.0,-20.0,-20.0,110.0,-8.454801146913908
625,6.25,0.8110885131096792,-5.894640237865024,7.9146894978977524,6.765920810096317,1.8840715809750932,-5.753739185647653,0.0,-20.0,-20.0,110.0,-8.455697673369915
626,6.26,0.8110057820662276,-5.901787515828175,7.90975300109525,6.765613904223153,1.8851777670556413,-5.763073038986747,0.0,-20.0,-20.0,110.0,-8.456601852722065
627,6.2700000000000005,0.8109230510227761,-5.908934793791327,7.904816504292748,6.7653068179465,1.8862839031607428,-5.772406904186088,0.0,-20.0,-20.0,110.0,-8.457513682087491
628,6.28,0.8108403199793245,-5.916082071754479,7.899880007490246,6.764999551273937,1.8873899892610073,-5.781740781252116,0.0,-20.0,-20.0,110.0,-8.4584331585637
629,6.29,0.8107575889358729,-5.923229349717631,7.894943510687744,6.76469210421305,1.8884960253270469,-5.7910746701912705,0.0,-20.0,-20.0,110.0,-8.459360279228632
630,6.3,0.8106748578924213,-5.930376627680783,7.890007013885243,6.764384476771434,1.889602011329474,-5.800408571009992,0.0,-20.0,-20.0,110.0,-8.460295041140656
631,6.3100000000000005,0.8105921268489698,-5.937523905643934,7.885070517082742,6.76407666895668,1.890707947238903,-5.809742483714714,0.0,-20.0,-20.0,110.0,-8.461237441338609
632,6.32,0.8105093958055182,-5.944671183607085,7.880134020280241,6.763768680776395,1.8918138330259495,-5.819076408311875,0.0,-20.0,-20.0,110.0,-8.462187476841827
633,6.33,0.8104266647620666,-5.951818461570236,7.875197523477739,6.7634605122381775,1.8929196686612302,-5.8284103448079065,0.0,-20.0,-20.0,110.0,-8.463145144650174
634,6.34,0.810343933718615,-5.958965739533387,7.870261026675238,6.763152163349641,1.8940254541153612,-5.837744293209247,0.0,-20.0,-20.0,110.0,-8.464110441744056
635,6.3500000000000005,0.8102612026751634,-5.9661130174965376,7.865324529872737,6.762843634118401,1.895131189358962,-5.847078253522322,0.0,-20.0,-20.0,110.0,-8.465083365084464
636,6.36,0.8101784716317119,-5.973260295459688,7.860388033070236,6.7625349245520745,1.896236874362653,-5.856412225753567,0.0,-20.0,-20.0,110.0,-8.466063911612999
637,6.37,0.8100957405882603,-5.980407573422838,7.855451536267735,6.762226034658283,1.8973425090970542,-5.8657462099094095,0.0,-20.0,-20.0,110.0,-8.467052078251893
638,6.38,0.8100130095448087,-5.987554851385988,7.850515039465233,6.761916964444659,1.898448093532789,-5.875080205996278,0.0,-20.0,-20.0,110.0,-8.468047861904044
639,6.390000000000001,0.8099302785013571,-5.994702129349138,7.845578542662732,6.7616077139188295,1.8995536276404799,-5.884414214020602,0.0,-20.0,-20.0,110.0,-8.46905125945304
640,6.4,0.8098475474579055,-6.001849407312287,7.840642045860231,6.761298283088435,1.9006591113907527,-5.893748233988806,0.0,-20.0,-20.0,110.0,-8.470062267763206
641,6.41,0.809764816414454,-6.008996685275436,7.83570554905773,6.7609886719611,1.9017645447542284,-5.903082265907299,0.0,-20.0,-20.0,110.0,-8.471080883679598
642,6.42,0.8096820853710024,-6.016143963238585,7.830769052255229,6.760678880544503,1.9028699277015426,-5.912416309782533,0.0,-20.0,-20.0,110.0,-8.472107104028067
643,6.43,0.8095993543275508,-6.0232912412017345,7.8258325554527275,6.760368908846278,1.9039752602033189,-5.921750365620919,0.0,-20.0,-20.0,110.0,-8.473140925615262
644,6.44,0.8095166232840992,-6.030438519164884,7.820896058650226,6.760058756874079,1.905080542230188,-5.931084433428873,0.0,-20.0,-20.0,110.0,-8.47418234522868
645,6.45,0.8094338922406477,-6.037585797128032,7.815959561847725,6.759748424635567,1.906185773752779,-5.940418513212818,0.0,-20.0,-20.0,110.0,-8.475231359636695
646,6.46,0.8093511611971961,-6.04473307509118,7.811023065045224,6.759437912138405,1.9072909547417247,-5.949752604979171,0.0,-20.0,-20.0,110.0,-8.476287965588567
647,6.47,0.8092684301537445,-6.051880353054329,7.806086568242723,6.759127219390262,1.9083960851676576,-5.959086708734352,0.0,-20.0,-20.0,110.0,-8.47735215981449
648,6.48,0.8091856991102929,-6.059027631017477,7.8011500714402215,6.7588163463988105,1.9095011650012126,-5.968420824484776,0.0,-20.0,-20.0,110.0,-8.478423939025626
649,6.49,0.8091029680668413,-6.066174908980625,7.79621357463772,6.758505293171731,1.910606194213025,-5.977754952236856,0.0,-20.0,-20.0,110.0,-8.47950329991412
650,6.5,0.8090202370233898,-6.073322186943773,7.791277077835219,6.758194059716703,1.9117111727737304,-5.987089091997005,0.0,-20.0,-20.0,110.0,-8.480590239153138
651,6.51,0.8089375059799382,-6.08046946490692,7.786340581032718,6.757882646041414,1.9128161006539675,-5.9964232437716385,0.0,-20.0,-20.0,110.0,-8.481684753396907
652,6.5200000000000005,0.8088547749364866,-6.087616742870067,7.781404084230217,6.7575710521535575,1.9139209778243749,-6.005757407567164,0.0,-20.0,-20.0,110.0,-8.482786839280733
653,6.53,0.808772043893035,-6.094764020833215,7.776467587427716,6.757259278060827,1.9150258042555928,-6.015091583389997,0.0,-20.0,-20.0,110.0,-8.483896493421037
654,6.54,0.8086893128495835,-6.101911298796362,7.771531090625214,6.756947323770921,1.9161305799182633,-6.0244257712465386,0.0,-20.0,-20.0,110.0,-8.48501371241539
655,6.55,0.8086065818061319,-6.109058576759509,7.766594593822713,6.756635189291548,1.9172353047830288,-6.033759971143201,0.0,-20.0,-20.0,110.0,-8.486138492842537
656,6.5600000000000005,0.8085238507626803,-6.116205854722655,7.761658097020212,6.756322874630417,1.9183399788205322,-6.043094183086389,0.0,-20.0,-20.0,110.0,-8.487270831262435
657,6.57,0.8084411197192287,-6.123353132685802,7.756721600217711,6.756010379795243,1.919444602001419,-6.052428407082507,0.0,-20.0,-20.0,110.0,-8.488410724216289
658,6.58,0.8083583886757771,-6.130500410648948,7.75178510341521,6.755697704793739,1.9205491742963356,-6.0617626431379605,0.0,-20.0,-20.0,110.0,-8.489558168226573
659,6.59,0.8082756576323256,-6.137647688612094,7.7468486066127085,6.755384849633633,1.9216536956759291,-6.071096891259149,0.0,-20.0,-20.0,110.0,-8.490713159797068
660,6.6000000000000005,0.808192926588874,-6.1447949665752395,7.741912109810207,6.755071814322652,1.9227581661108482,-6.0804311514524745,0.0,-20.0,-20.0,110.0,-8.491875695412894
661,6.61,0.8081101955454224,-6.151942244538385,7.736975613007706,6.754758598868526,1.9238625855717426,-6.089765423724339,0.0,-20.0,-20.0,110.0,-8.493045771540555
662,6.62,0.8080274645019708,-6.159089522501531,7.732039116205205,6.754445203278992,1.9249669540292635,-6.099099708081137,0.0,-20.0,-20.0,110.0,-8.49422338462794
663,6.63,0.8079447334585192,-6.166236800464676,7.727102619402704,6.754131627561794,1.9260712714540633,-6.108434004529269,0.0,-20.0,-20.0,110.0,-8.495408531104394
664,6.640000000000001,0.8078620024150677,-6.173384078427821,7.7221661226002025,6.753817871724677,1.9271755378167947,-6.117768313075131,0.0,-20.0,-20.0,110.0,-8.496601207380726
665,6.65,0.8077792713716161,-6.180531356390966,7.717229625797701,6.753503935775387,1.9282797530881135,-6.1271026337251175,0.0,-20.0,-20.0,110.0,-8.497801409849245
666,6.66,0.8076965403281645,-6.187678634354111,7.7122931289952,6.753189819721682,1.9293839172386744,-6.13643696648562,0.0,-20.0,-20.0,110.0,-8.499009134883812
667,6.67,0.8076138092847129,-6.194825912317255,7.707356632192699,6.752875523571323,1.9304880302391345,-6.145771311363034,0.0,-20.0,-20.0,110.0,-8.50022437883985
668,6.68,0.8075310782412614,-6.2019731902804,7.702420135390198,6.752561047332071,1.9315920920601524,-6.155105668363748,0.0,-20.0,-20.0,110.0,-8.501447138054388
669,6.69,0.8074483471978098,-6.209120468243544,7.697483638587697,6.752246391011695,1.9326961026723877,-6.164440037494154,0.0,-20.0,-20.0,110.0,-8.5026774088461
670,6.7,0.8073656161543582,-6.216267746206688,7.692547141785195,6.7519315546179675,1.9338000620465008,-6.173774418760639,0.0,-20.0,-20.0,110.0,-8.503915187515329
671,6.71,0.8072828851109066,-6.223415024169832,7.687610644982694,6.751616538158668,1.9349039701531534,-6.183108812169589,0.0,-20.0,-20.0,110.0,-8.505160470344135
672,6.72,0.807200154067455,-6.2305623021329755,7.682674148180193,6.751301341641577,1.9360078269630088,-6.192443217727394,0.0,-20.0,-20.0,110.0,-8.50641325359631
673,6.73,0.8071174230240035,-6.237709580096118,7.677737651377692,6.750985965074482,1.9371116324467315,-6.201777635440438,0.0,-20.0,-20.0,110.0,-8.507673533517432
674,6.74,0.8070346919805519,-6.244856858059261,7.672801154575191,6.750670408465172,1.938215386574987,-6.211112065315103,0.0,-20.0,-20.0,110.0,-8.508941306334886
675,6.75,0.8069519609371003,-6.252004136022404,7.667864657772689,6.750354671821444,1.9393190893184415,-6.22044650735777,0.0,-20.0,-20.0,110.0,-8.510216568257919
676,6.76,0.8068692298936487,-6.259151413985547,7.662928160970188,6.750038755151097,1.9404227406477634,-6.229780961574823,0.0,-20.0,-20.0,110.0,-8.511499315477637
677,6.7700000000000005,0.8067864988501972,-6.26629869194869,7.657991664167687,6.749722658461938,1.9415263405336214,-6.2391154279726395,0.0,-20.0,-20.0,110.0,-8.512789544167088
678,6.78,0.8067037678067456,-6.273445969911832,7.653055167365186,6.749406381761772,1.9426298889466864,-6.2484499065576005,0.0,-20.0,-20.0,110.0,-8.51408725048125
679,6.79,0.806621036763294,-6.280593247874974,7.648118670562685,6.749089925058417,1.9437333858576296,-6.2577843973360805,0.0,-20.0,-20.0,110.0,-8.515392430557114
680,6.8,0.8065383057198424,-6.2877405258381165,7.6431821737601835,6.748773288359689,1.9448368312371238,-6.267118900314457,0.0,-20.0,-20.0,110.0,-8.516705080513677
681,6.8100000000000005,0.8064555746763908,-6.294887803801259,7.638245676957682,6.748456471673409,1.9459402250558435,-6.276453415499106,0.0,-20.0,-20.0,110.0,-8.518025196452015
682,6.82,0.8063728436329393,-6.302035081764401,7.633309180155181,6.748139475007407,1.947043567284463,-6.285787942896397,0.0,-20.0,-20.0,110.0,-8.519352774455278
683,6.83,0.8062901125894877,-6.309182359727542,7.62837268335268,6.7478222983695115,1.9481468578936596,-6.295122482512706,0.0,-20.0,-20.0,110.0,-8.520687810588768
684,6.84,0.8062073815460361,-6.316329637690683,7.623436186550179,6.747504941767565,1.9492500968541104,-6.304457034354402,0.0,-20.0,-20.0,110.0,-8.522030300899951
685,6.8500000000000005,0.8061246505025845,-6.323476915653824,7.6184996897476776,6.747187405209404,1.9503532841364943,-6.313791598427857,0.0,-20.0,-20.0,110.0,-8.52338024141849
686,6.86,0.806041919459133,-6.330624193616965,7.613563192945176,6.746869688702876,1.9514564197114919,-6.3231261747394365,0.0,-20.0,-20.0,110.0,-8.52473762815631
687,6.87,0.8059591884156814,-6.337771471580107,7.608626696142676,6.746551792255827,1.9525595035497847,-6.33246076329551,0.0,-20.0,-20.0,110.0,-8.526102457107593
688,6.88,0.8058764573722298,-6.344918749543247,7.603690199340176,6.746233715876116,1.9536625356220543,-6.341795364102443,0.0,-20.0,-20.0,110.0,-8.527474724248854
689,6.890000000000001,0.8057937263287782,-6.352066027506387,7.5987537025376755,6.745915459571583,1.9547655158989805,-6.351129977166583,0.0,-20.0,-20.0,110.0,-8.528854425538954
690,6.9,0.8057109952853266,-6.3592133054695275,7.593817205735175,6.745597023350124,1.9558684443512575,-6.360464602494324,0.0,-20.0,-20.0,110.0,-8.530241556919146
691,6.91,0.8056282642418751,-6.366360583432668,7.588880708932675,6.7452784072195895,1.9569713209495665,-6.369799240092015,0.0,-20.0,-20.0,110.0,-8.531636114313102
692,6.92,0.8055455331984235,-6.373507861395807,7.5839442121301746,6.7449596111878565,1.9580741456645951,-6.379133889966016,0.0,-20.0,-20.0,110.0,-8.533038093626976
693,6.93,0.8054628021549719,-6.380655139358947,7.579007715327674,6.744640635262797,1.9591769184670322,-6.388468552122685,0.0,-20.0,-20.0,110.0,-8.534447490749415
694,6.94,0.8053800711115203,-6.387802417322086,7.574071218525174,6.744321479452297,1.9602796393275672,-6.3978032265683815,0.0,-20.0,-20.0,110.0,-8.535864301551609
695,6.95,0.8052973400680687,-6.394949695285225,7.569134721722674,6.744002143764242,1.9613823082168917,-6.407137913309464,0.0,-20.0,-20.0,110.0,-8.537288521887318
696,6.96,0.8052146090246172,-6.402096973248365,7.564198224920173,6.743682628206521,1.9624849251056986,-6.416472612352287,0.0,-20.0,-20.0,110.0,-8.53872014759293
697,6.97,0.8051318779811656,-6.409244251211503,7.559261728117673,6.743362932787028,1.9635874899646808,-6.425807323703204,0.0,-20.0,-20.0,110.0,-8.540159174487489
698,6.98,0.805049146937714,-6.416391529174642,7.554325231315173,6.743043057513665,1.9646900027645324,-6.435142047368569,0.0,-20.0,-20.0,110.0,-8.541605598372717
699,6.99,0.8049664158942624,-6.42353880713778,7.5493887345126724,6.742723002394337,1.9657924634759503,-6.444476783354734,0.0,-20.0,-20.0,110.0,-8.54305941503308
700,7.0,0.8048836848508109,-6.430686085100919,7.544452237710172,6.7424027674369515,1.9668948720696318,-6.45381153166805,0.0,-20.0,-20.0,110.0,-8.54452062023581
701,7.01,0.8048009538073593,-6.437833363064057,7.539515740907672,6.742082352649422,1.9679972285162752,-6.463146292314866,0.0,-20.0,-20.0,110.0,-8.54598920973095
702,7.0200000000000005,0.8047182227639077,-6.444980641027195,7.5345792441051715,6.741761758039667,1.9690995327865806,-6.472481065301529,0.0,-20.0,-20.0,110.0,-8.547465179251382
703,7.03,0.8046354917204561,-6.452127918990333,7.529642747302671,6.741440983615605,1.9702017848512492,-6.481815850634388,0.0,-20.0,-20.0,110.0,-8.548948524512891
704,7.04,0.8045527606770045,-6.45927519695347,7.524706250500171,6.7411200293851685,1.9713039846809823,-6.491150648319789,0.0,-20.0,-20.0,110.0,-8.55043924121416
705,7.05,0.804470029633553,-6.466422474916608,7.519769753697671,6.740798895356285,1.972406132246483,-6.500485458364073,0.0,-20.0,-20.0,110.0,-8.551937325036867
706,7.0600000000000005,0.8043872985901014,-6.473569752879745,7.51483325689517,6.740477581536892,1.9735082275184568,-6.509820280773584,0.0,-20.0,-20.0,110.0,-8.55344277164567
707,7.07,0.8043045675466498,-6.480717030842881,7.50989676009267,6.74015608793493,1.97461027046761,-6.519155115554667,0.0,-20.0,-20.0,110.0,-8.554955576688283
708,7.08,0.8042218365031982,-6.487864308806018,7.50496026329017,6.739834414558342,1.9757122610646491,-6.528489962713658,0.0,-20.0,-20.0,110.0,-8.5564757357955
709,7.09,0.8041391054597467,-6.495011586769155,7.500023766487669,6.739512561415083,1.9768141992802823,-6.537824822256899,0.0,-20.0,-20.0,110.0,-8.558003244581228
710,7.1000000000000005,0.8040563744162951,-6.502158864732292,7.495087269685169,6.739190528513103,1.9779160850852195,-6.547159694190727,0.0,-20.0,-20.0,110.0,-8.559538098642552
711,7.11,0.8039736433728435,-6.5093061426954275,7.490150772882669,6.73886831586036,1.9790179184501713,-6.556494578521477,0.0,-20.0,-20.0,110.0,-8.561080293559744
712,7.12,0.8038909123293919,-6.516453420658563,7.4852142760801685,6.738545923464819,1.98011969934585,-6.565829475255488,0.0,-20.0,-20.0,110.0,-8.562629824896328
713,7.13,0.8038081812859403,-6.523600698621699,7.480277779277668,6.738223351334448,1.9812214277429694,-6.575164384399092,0.0,-20.0,-20.0,110.0,-8.564186688199104
714,7.140000000000001,0.8037254502424888,-6.530747976584835,7.475341282475168,6.737900599477218,1.9823231036122435,-6.58449930595862,0.0,-20.0,-20.0,110.0,-8.565750878998195
715,7.15,0.8036427191990372,-6.537895254547971,7.470404785672668,6.737577667901107,1.9834247269243883,-6.593834239940406,0.0,-20.0,-20.0,110.0,-8.56732239280709
716,7.16,0.8035599881555856,-6.545042532511106,7.465468288870167,6.737254556614094,1.9845262976501215,-6.6031691863507795,0.0,-20.0,-20.0,110.0,-8.568901225122676
717,7.17,0.803477257112134,-6.552189810474241,7.460531792067667,6.736931265624167,1.9856278157601601,-6.61250414519607,0.0,-20.0,-20.0,110.0,-8.570487371425283
718,7.18,0.8033945260686824,-6.559337088437376,7.455595295265167,6.7366077949393155,1.986729281225225,-6.621839116482604,0.0,-20.0,-20.0,110.0,-8.57208082717873
719,7.19,0.8033117950252309,-6.566484366400511,7.450658798462666,6.736284144567535,1.9878306940160357,-6.6311741002167075,0.0,-20.0,-20.0,110.0,-8.573681587830357
720,7.2,0.8032290639817793,-6.573631644363646,7.445722301660166,6.7359603145168245,1.9889320541033144,-6.640509096404706,0.0,-20.0,-20.0,110.0,-8.575289648811074
721,7.21,0.8031463329383277,-6.58077892232678,7.440785804857666,6.735636304795186,1.9900333614577852,-6.649844105052925,0.0,-20.0,-20.0,110.0,-8.57690500553539
722,7.22,0.8030636018948761,-6.587926200289914,7.4358493080551655,6.73531211541063,1.9911346160501724,-6.659179126167684,0.0,-20.0,-20.0,110.0,-8.578527653401466
723,7.23,0.8029808708514246,-6.595073478253048,7.430912811252665,6.73498774637117,1.9922358178512016,-6.668514159755307,0.0,-20.0,-20.0,110.0,-8.580157587791154
724,7.24,0.802898139807973,-6.602220756216182,7.425976314450165,6.734663197684821,1.9933369668316,-6.6778492058221115,0.0,-20.0,-20.0,110.0,-8.581794804070029
725,7.25,0.8028154087645214,-6.609368034179315,7.421039817647665,6.734338469359608,1.9944380629620952,-6.687184264374418,0.0,-20.0,-20.0,110.0,-8.583439297587448
726,7.26,0.8027326777210698,-6.6165153121424485,7.416103320845164,6.7340135614035574,1.9955391062134167,-6.6965193354185395,0.0,-20.0,-20.0,110.0,-8.585091063676572
727,7.2700000000000005,0.8026499466776182,-6.623662590105582,7.411166824042664,6.7336884738246985,1.996640096556297,-6.705854418960798,0.0,-20.0,-20.0,110.0,-8.586750097654418
728,7.28,0.8025672156341667,-6.630809868068715,7.406230327240164,6.733363206631068,1.9977410339614665,-6.7151895150075065,0.0,-20.0,-20.0,110.0,-8.588416394821907
729,7.29,0.8024844845907151,-6.637957146031848,7.401293830437663,6.7330377598307045,1.9988419183996586,-6.724524623564976,0.0,-20.0,-20.0,110.0,-8.590089950463886
730,7.3,0.8024017535472635,-6.64510442399498,7.396357333635163,6.7327121334316535,1.9999427498416074,-6.73385974463952,0.0,-20.0,-20.0,110.0,-8.59177075984919
731,7.3100000000000005,0.8023190225038119,-6.652251701958113,7.391420836832663,6.732386327441966,2.0010435282580503,-6.74319487823745,0.0,-20.0,-20.0,110.0,-8.593458818230676
732,7.32,0.8022362914603604,-6.659398979921245,7.3864843400301625,6.732060341869694,2.0021442536197234,-6.752530024365076,0.0,-20.0,-20.0,110.0,-8.59515412084526
733,7.33,0.8021535604169088,-6.666546257884377,7.381547843227662,6.731734176722895,2.0032449258973655,-6.761865183028704,0.0,-20.0,-20.0,110.0,-8.596856662913966
734,7.34,0.8020708293734572,-6.67369353584751,7.376611346425162,6.731407832009633,2.004345545061715,-6.771200354234644,0.0,-20.0,-20.0,110.0,-8.598566439641967
735,7.3500000000000005,0.8019880983300056,-6.680840813810641,7.371674849622662,6.731081307737976,2.005446111083514,-6.780535537989199,0.0,-20.0,-20.0,110.0,-8.600283446218626
736,7.36,0.801905367286554,-6.687988091773772,7.366738352820161,6.730754603915995,2.0065466239335037,-6.789870734298675,0.0,-20.0,-20.0,110.0,-8.602007677817541
737,7.37,0.8018226362431025,-6.695135369736904,7.361801856017661,6.730427720551765,2.007647083582427,-6.799205943169373,0.0,-20.0,-20.0,110.0,-8.60373912959658
738,7.38,0.8017399051996509,-6.702282647700035,7.356865359215161,6.730100657653369,2.0087474900010296,-6.808541164607598,0.0,-20.0,-20.0,110.0,-8.605477796697937
739,7.390000000000001,0.8016571741561993,-6.709429925663166,7.35192886241266,6.729773415228893,2.0098478431600566,-6.817876398619647,0.0,-20.0,-20.0,110.0,-8.607223674248157
740,7.4,0.8015744431127477,-6.716577203626296,7.34699236561016,6.729445993286425,2.010948143030255,-6.827211645211821,0.0,-20.0,-20.0,110.0,-8.608976757358201
741,7.41,0.8014917120692961,-6.723724481589427,7.34205586880766,6.729118391834058,2.0120483895823744,-6.836546904390419,0.0,-20.0,-20.0,110.0,-8.610737041123464
742,7.42,0.8014089810258446,-6.730871759552557,7.3371193720051595,6.728790610879894,2.013148582787163,-6.845882176161735,0.0,-20.0,-20.0,110.0,-8.61250452062384
743,7.43,0.801326249982393,-6.738019037515688,7.332182875202659,6.728462650432037,2.0142487226153722,-6.855217460532066,0.0,-20.0,-20.0,110.0,-8.614279190923744
744,7.44,0.8012435189389414,-6.7451663154788175,7.32724637840016,6.728134510498593,2.015348809037754,-6.864552757507705,0.0,-20.0,-20.0,110.0,-8.616061047072181
745,7.45,0.8011607878954898,-6.752313593441947,7.32230988159766,6.72780619108766,2.016448842025057,-6.873888067094929,0.0,-20.0,-20.0,110.0,-8.617850084102761
746,7.46,0.8010780568520383,-6.759460871405077,7.317373384795161,6.727477692207385,2.0175488215480457,-6.883223389300062,0.0,-20.0,-20.0,110.0,-8.619646297033764
747,7.47,0.8009953258085867,-6.766608149368206,7.312436887992662,6.727149013865877,2.0186487475774704,-6.892558724129377,0.0,-20.0,-20.0,110.0,-8.62144968086817
748,7.48,0.8009125947651351,-6.773755427331336,7.307500391190162,6.72682015607126,2.0197486200840893,-6.901894071589163,0.0,-20.0,-20.0,110.0,-8.62326023059371
749,7.49,0.8008298637216835,-6.780902705294465,7.302563894387663,6.726491118831663,2.02084843903866,-6.911229431685706,0.0,-20.0,-20.0,110.0,-8.625077941182907
750,7.5,0.8007471326782319,-6.788049983257594,7.297627397585163,6.726161902155225,2.0219482044119443,-6.920564804425296,0.0,-20.0,-20.0,110.0,-8.626902807593112
751,7.51,0.8006644016347804,-6.795197261220722,7.292690900782664,6.725832506050082,2.0230479161747006,-6.929900189814217,0.0,-20.0,-20.0,110.0,-8.628734824766571
752,7.5200000000000005,0.8005816705913288,-6.802344539183851,7.2877544039801645,6.725502930524382,2.024147574297692,-6.9392355878587475,0.0,-20.0,-20.0,110.0,-8.63057398763044
753,7.53,0.8004989395478772,-6.80949181714698,7.282817907177665,6.725173175586272,2.025247178751682,-6.948570998565176,0.0,-20.0,-20.0,110.0,-8.632420291096846
754,7.54,0.8004162085044256,-6.816639095110108,7.277881410375166,6.7248432412439065,2.026346729507436,-6.957906421939779,0.0,-20.0,-20.0,110.0,-8.634273730062919
755,7.55,0.800333477460974,-6.8237863730732355,7.272944913572666,6.724513127505439,2.02744622653572,-6.967241857988836,0.0,-20.0,-20.0,110.0,-8.636134299410854
756,7.5600000000000005,0.8002507464175225,-6.830933651036363,7.268008416770167,6.724182834379038,2.0285456698073006,-6.97657730671863,0.0,-20.0,-20.0,110.0,-8.638001994007935
757,7.57,0.8001680153740709,-6.838080928999491,7.263071919967667,6.723852361872866,2.0296450592929465,-6.985912768135434,0.0,-20.0,-20.0,110.0,-8.6398768087066
758,7.58,0.8000852843306193,-6.845228206962618,7.258135423165168,6.723521709995097,2.030744394963428,-6.995248242245525,0.0,-20.0,-20.0,110.0,-8.64175873834445
759,7.59,0.8000025532871677,-6.852375484925745,7.253198926362669,6.723190878753908,2.0318436767895163,-7.0045837290551765,0.0,-20.0,-20.0,110.0,-8.643647777744343
760,7.6000000000000005,0.7999198222437162,-6.859522762888872,7.248262429560169,6.722859868157475,2.032942904741983,-7.0139192285706615,0.0,-20.0,-20.0,110.0,-8.645543921714395
761,7.61,0.7998370912002646,-6.866670040851999,7.24332593275767,6.722528678213988,2.0340420787916034,-7.023254740798253,0.0,-20.0,-20.0,110.0,-8.647447165048044
762,7.62,0.799754360156813,-6.873817318815126,7.23838943595517,6.722197308931632,2.035141198909151,-7.03259026574422,0.0,-20.0,-20.0,110.0,-8.649357502524094
763,7.63,0.7996716291133614,-6.880964596778252,7.233452939152671,6.721865760318605,2.0362402650654023,-7.041925803414832,0.0,-20.0,-20.0,110.0,-8.651274928906748
764,7.640000000000001,0.7995888980699098,-6.888111874741378,7.2285164423501715,6.721534032383102,2.0373392772311356,-7.051261353816358,0.0,-20.0,-20.0,110.0,-8.65319943894567
765,7.65,0.7995061670264583,-6.895259152704504,7.223579945547672,6.7212021251333285,2.0384382353771286,-7.060596916955062,0.0,-20.0,-20.0,110.0,-8.655131027376017
766,7.66,0.7994234359830067,-6.9024064306676305,7.218643448745173,6.720870038577475,2.0395371394741573,-7.0699324928371965,0.0,-20.0,-20.0,110.0,-8.657069688918488
767,7.67,0.7993407049395551,-6.909553708630757,7.213706951942673,6.720537772723788,2.040635989493013,-7.0792680814690545,0.0,-20.0,-20.0,110.0,-8.659015418279363
768,7.68,0.7992579738961035,-6.916700986593882,7.208770455140174,6.720205327580464,2.0417347854044734,-7.088603682856883,0.0,-20.0,-20.0,110.0,-8.660968210150553
769,7.69,0.799175242852652,-6.923848264557007,7.2038339583376745,6.719872703155728,2.042833527179321,-7.097939297006943,0.0,-20.0,-20.0,110.0,-8.662928059209648
770,7.7,0.7990925118092004,-6.930995542520132,7.198897461535175,6.719539899457805,2.043932214788342,-7.107274923925491,0.0,-20.0,-20.0,110.0,-8.664894960119948
771,7.71,0.7990097807657488,-6.938142820483257,7.193960964732676,6.719206916494923,2.0450308482023236,-7.116610563618793,0.0,-20.0,-20.0,110.0,-8.66686890753053
772,7.72,0.7989270497222972,-6.945290098446382,7.189024467930176,6.718873754275321,2.046129427392052,-7.1259462160931,0.0,-20.0,-20.0,110.0,-8.668849896076269
773,7.73,0.7988443186788456,-6.952437376409506,7.184087971127677,6.718540412807236,2.0472279523283183,-7.135281881354672,0.0,-20.0,-20.0,110.0,-8.670837920377904
774,7.74,0.7987615876353941,-6.95958465437263,7.179151474325177,6.7182068920989115,2.0483264229819107,-7.144617559409762,0.0,-20.0,-20.0,110.0,-8.672832975042056
775,7.75,0.7986788565919425,-6.966731932335755,7.174214977522678,6.717873192158595,2.0494248393236223,-7.153953250264622,0.0,-20.0,-20.0,110.0,-8.674835054661312
776,7.76,0.7985961255484909,-6.973879210298879,7.169278480720179,6.717539312994543,2.0505232013242454,-7.163288953925506,0.0,-20.0,-20.0,110.0,-8.676844153814224
777,7.7700000000000005,0.7985133945050393,-6.981026488262002,7.164341983917679,6.71720525461501,2.0516215089545744,-7.172624670398663,0.0,-20.0,-20.0,110.0,-8.6788602670654
778,7.78,0.7984306634615878,-6.988173766225126,7.15940548711518,6.716871017028258,2.0527197621854048,-7.181960399690344,0.0,-20.0,-20.0,110.0,-8.680883388965507
779,7.79,0.7983479324181362,-6.995321044188249,7.15446899031268,6.716536600242554,2.0538179609875336,-7.191296141806794,0.0,-20.0,-20.0,110.0,-8.682913514051352
780,7.8,0.7982652013746846,-7.002468322151373,7.149532493510181,6.7162020042661705,2.054916105331758,-7.200631896754263,0.0,-20.0,-20.0,110.0,-8.684950636845905
781,7.8100000000000005,0.798182470331233,-7.009615600114496,7.1445959967076815,6.715867229107381,2.056014195188878,-7.209967664538996,0.0,-20.0,-20.0,110.0,-8.686994751858345
782,7.82,0.7980997392877814,-7.016762878077619,7.139659499905182,6.715532274774468,2.057112230529694,-7.2193034451672355,0.0,-20.0,-20.0,110.0,-8.689045853584119
783,7.83,0.7980170082443299,-7.023910156040741,7.134723003102683,6.715197141275713,2.0582102113250085,-7.228639238645222,0.0,-20.0,-20.0,110.0,-8.69110393650497
784,7.84,0.7979342772008783,-7.031057434003864,7.129786506300183,6.714861828619406,2.0593081375456235,-7.237975044979202,0.0,-20.0,-20.0,110.0,-8.693168995089003
785,7.8500000000000005,0.7978515461574267,-7.038204711966986,7.124850009497684,6.714526336813842,2.060406009162344,-7.247310864175412,0.0,-20.0,-20.0,110.0,-8.695241023790711
786,7.86,0.7977688151139751,-7.045351989930109,7.1199135126951845,6.714190665867315,2.0615038261459766,-7.256646696240087,0.0,-20.0,-20.0,110.0,-8.697320017051025
787,7.87,0.7976860840705235,-7.05249926789323,7.114977015892685,6.713854815788134,2.062601588467327,-7.265982541179473,0.0,-20.0,-20.0,110.0,-8.699405969297368
788,7.88,0.797603353027072,-7.059646545856352,7.110040519090186,6.713518786584606,2.063699296097205,-7.275318398999799,0.0,-20.0,-20.0,110.0,-8.70149887494369
789,7.890000000000001,0.7975206219836204,-7.066793823819474,7.105104022287686,6.7131825782650365,2.0647969490064186,-7.284654269707301,0.0,-20.0,-20.0,110.0,-8.703598728390524
790,7.9,0.7974378909401688,-7.073941101782595,7.100167525485187,6.712846190837746,2.0658945471657804,-7.293990153308217,0.0,-20.0,-20.0,110.0,-8.705705524025024
791,7.91,0.7973551598967172,-7.081088379745716,7.095231028682687,6.712509624311058,2.066992090546102,-7.303326049808773,0.0,-20.0,-20.0,110.0,-8.707819256221008
792,7.92,0.7972724288532657,-7.088235657708837,7.090294531880188,6.71217287869329,2.068089579118197,-7.312661959215203,0.0,-20.0,-20.0,110.0,-8.70993991933901
793,7.930000000000001,0.7971896978098141,-7.0953829356719575,7.085358035077689,6.711835953992779,2.06918701285288,-7.3219978815337345,0.0,-20.0,-20.0,110.0,-8.712067507726326
794,7.94,0.7971069667663625,-7.102530213635078,7.080421538275189,6.711498850217855,2.0702843917209677,-7.331333816770595,0.0,-20.0,-20.0,110.0,-8.714202015717055
795,7.95,0.7970242357229109,-7.109677491598199,7.07548504147269,6.71116156737686,2.0713817156932772,-7.340669764932014,0.0,-20.0,-20.0,110.0,-8.71634343763214
796,7.96,0.7969415046794593,-7.116824769561319,7.07054854467019,6.710824105478135,2.072478984740627,-7.350005726024215,0.0,-20.0,-20.0,110.0,-8.718491767779438
797,7.97,0.7968587736360078,-7.123972047524439,7.065612047867691,6.710486464530033,2.0735761988338375,-7.359341700053422,0.0,-20.0,-20.0,110.0,-8.720647000453727
798,7.98,0.7967760425925562,-7.131119325487559,7.0606755510651915,6.710148644540899,2.074673357943729,-7.368677687025856,0.0,-20.0,-20.0,110.0,-8.722809129936785
799,7.99,0.7966933115491046,-7.1382666034506785,7.055739054262692,6.709810645519081,2.0757704620411217,-7.378013686947726,0.0,-20.0,-20.0,110.0,-8.724978150497423
800,8.0,0.796610580505653,-7.145413881413798,7.050802557460193,6.709472467472964,2.0768675110968475,-7.387349699825283,0.0,-20.0,-20.0,110.0,-8.727154056391521
801,8.01,0.7965278494622015,-7.152561159376917,7.045866060657693,6.709134110410906,2.0779645050817273,-7.396685725664725,0.0,-20.0,-20.0,110.0,-8.7293368418621
802,8.02,0.7964451184187499,-7.159708437340036,7.040929563855195,6.708795574341275,2.0790614439665873,-7.406021764472276,0.0,-20.0,-20.0,110.0,-8.731526501139331
803,8.03,0.7963623873752983,-7.166855715303155,7.035993067052696,6.708456859272447,2.0801583277222546,-7.415357816254148,0.0,-20.0,-20.0,110.0,-8.733723028440624
804,8.040000000000001,0.7962796563318467,-7.174002993266274,7.031056570250198,6.708117965212797,2.0812551563195605,-7.424693881016556,0.0,-20.0,-20.0,110.0,-8.73592641797063
805,8.05,0.7961969252883951,-7.181150271229392,7.026120073447699,6.707778892170715,2.082351929729334,-7.434029958765709,0.0,-20.0,-20.0,110.0,-8.73813666392132
806,8.06,0.7961141942449436,-7.1882975491925105,7.021183576645201,6.707439640154587,2.083448647922407,-7.443366049507827,0.0,-20.0,-20.0,110.0,-8.740353760472019
807,8.07,0.796031463201492,-7.195444827155629,7.016247079842702,6.707100209172806,2.0845453108696126,-7.452702153249118,0.0,-20.0,-20.0,110.0,-8.742577701789441
808,8.08,0.7959487321580404,-7.202592105118747,7.011310583040204,6.706760599233772,2.085641918541785,-7.462038269995791,0.0,-20.0,-20.0,110.0,-8.744808482027759
809,8.09,0.7958660011145888,-7.209739383081865,7.006374086237705,6.706420810345884,2.086738470909761,-7.4713743997540485,0.0,-20.0,-20.0,110.0,-8.747046095328626
810,8.1,0.7957832700711372,-7.216886661044982,7.0014375894352066,6.70608084251755,2.087834967944377,-7.4807105425301055,0.0,-20.0,-20.0,110.0,-8.749290535821238
811,8.11,0.7957005390276857,-7.224033939008099,6.996501092632708,6.705740695757183,2.088931409616471,-7.4900466983301595,0.0,-20.0,-20.0,110.0,-8.751541797622364
812,8.120000000000001,0.7956178079842341,-7.231181216971216,6.9915645958302095,6.705400370073197,2.0900277958968827,-7.499382867160418,0.0,-20.0,-20.0,110.0,-8.753799874836417
813,8.13,0.7955350769407825,-7.238328494934334,6.986628099027711,6.705059865474013,2.091124126756453,-7.508719049027085,0.0,-20.0,-20.0,110.0,-8.756064761555471
814,8.14,0.7954523458973309,-7.245475772897451,6.9816916022252125,6.704719181968055,2.0922204021660247,-7.51805524393636,0.0,-20.0,-20.0,110.0,-8.758336451859329
815,8.15,0.7953696148538794,-7.252623050860567,6.976755105422714,6.704378319563753,2.093316622096441,-7.5273914518944425,0.0,-20.0,-20.0,110.0,-8.760614939815548
816,8.16,0.7952868838104278,-7.2597703288236834,6.971818608620215,6.704037278269541,2.094412786518547,-7.5367276729075305,0.0,-20.0,-20.0,110.0,-8.762900219479517
817,8.17,0.7952041527669762,-7.2669176067868,6.966882111817717,6.703696058093858,2.0955088954031886,-7.546063906981821,0.0,-20.0,-20.0,110.0,-8.765192284894459
818,8.18,0.7951214217235246,-7.274064884749916,6.961945615015218,6.703354659045147,2.0966049487212133,-7.555400154123511,0.0,-20.0,-20.0,110.0,-8.76749113009152
819,8.19,0.795038690680073,-7.281212162713032,6.95700911821272,6.7030130811318545,2.0977009464434704,-7.564736414338797,0.0,-20.0,-20.0,110.0,-8.769796749089782
820,8.2,0.7949559596366215,-7.288359440676148,6.952072621410221,6.7026713243624325,2.098796888540809,-7.574072687633865,0.0,-20.0,-20.0,110.0,-8.77210913589633
821,8.21,0.7948732285931699,-7.295506718639263,6.947136124607723,6.702329388745337,2.0998927749840823,-7.583408974014912,0.0,-20.0,-20.0,110.0,-8.774428284506287
822,8.22,0.7947904975497183,-7.302653996602379,6.942199627805224,6.701987274289031,2.1009886057441416,-7.592745273488129,0.0,-20.0,-20.0,110.0,-8.776754188902862
823,8.23,0.7947077665062667,-7.309801274565494,6.937263131002726,6.701644981001978,2.1020843807918412,-7.6020815860597,0.0,-20.0,-20.0,110.0,-8.7790868430574
824,8.24,0.7946250354628152,-7.316948552528609,6.932326634200227,6.701302508892652,2.1031801000980375,-7.611417911735816,0.0,-20.0,-20.0,110.0,-8.781426240929418
825,8.25,0.7945423044193636,-7.324095830491723,6.927390137397729,6.700959857969523,2.1042757636335856,-7.620754250522661,0.0,-20.0,-20.0,110.0,-8.783772376466665
826,8.26,0.794459573375912,-7.331243108454838,6.92245364059523,6.700617028241074,2.105371371369345,-7.630090602426426,0.0,-20.0,-20.0,110.0,-8.786125243605152
827,8.27,0.7943768423324604,-7.338390386417952,6.917517143792732,6.700274019715787,2.1064669232761744,-7.639426967453289,0.0,-20.0,-20.0,110.0,-8.78848483626922
828,8.28,0.7942941112890088,-7.345537664381067,6.912580646990233,6.699930832402147,2.1075624193249345,-7.648763345609434,0.0,-20.0,-20.0,110.0,-8.790851148371551
829,8.290000000000001,0.7942113802455573,-7.3526849423441805,6.907644150187735,6.699587466308651,2.108657859486488,-7.65809973690104,0.0,-20.0,-20.0,110.0,-8.793224173813252
830,8.3,0.7941286492021057,-7.359832220307294,6.902707653385236,6.699243921443793,2.1097532437316975,-7.667436141334286,0.0,-20.0,-20.0,110.0,-8.795603906483871
831,8.31,0.7940459181586541,-7.366979498270408,6.8977711565827375,6.698900197816078,2.1108485720314283,-7.6767725589153555,0.0,-20.0,-20.0,110.0,-8.797990340261467
832,8.32,0.7939631871152025,-7.374126776233521,6.892834659780239,6.6985562954340105,2.111943844356546,-7.686108989650419,0.0,-20.0,-20.0,110.0,-8.800383469012626
833,8.33,0.793880456071751,-7.381274054196635,6.8878981629777405,6.6982122143061025,2.113039060677918,-7.695445433545657,0.0,-20.0,-20.0,110.0,-8.802783286592545
834,8.34,0.7937977250282994,-7.388421332159748,6.882961666175242,6.697867954440871,2.1141342209664127,-7.704781890607235,0.0,-20.0,-20.0,110.0,-8.805189786845038
835,8.35,0.7937149939848478,-7.395568610122861,6.878025169372743,6.6975235158468305,2.115229325192901,-7.714118360841338,0.0,-20.0,-20.0,110.0,-8.807602963602617
836,8.36,0.7936322629413962,-7.402715888085973,6.873088672570245,6.697178898532508,2.1163243733282524,-7.723454844254126,0.0,-20.0,-20.0,110.0,-8.81002281068651
837,8.370000000000001,0.7935495318979446,-7.409863166049086,6.868152175767746,6.696834102506436,2.1174193653433413,-7.732791340851776,0.0,-20.0,-20.0,110.0,-8.812449321906717
838,8.38,0.7934668008544931,-7.417010444012198,6.863215678965248,6.696489127777144,2.118514301209041,-7.742127850640454,0.0,-20.0,-20.0,110.0,-8.814882491062065
839,8.39,0.7933840698110415,-7.42415772197531,6.858279182162749,6.696143974353171,2.1196091808962265,-7.751464373626328,0.0,-20.0,-20.0,110.0,-8.817322311940236
840,8.4,0.7933013387675899,-7.431304999938422,6.853342685360251,6.695798642243057,2.1207040043757748,-7.760800909815561,0.0,-20.0,-20.0,110.0,-8.819768778317835
841,8.41,0.7932186077241383,-7.438452277901534,6.848406188557752,6.695453131455351,2.1217987716185642,-7.770137459214323,0.0,-20.0,-20.0,110.0,-8.822221883960403
842,8.42,0.7931358766806867,-7.4455995558646455,6.843469691755254,6.695107441998606,2.1228934825954737,-7.77947402182877,0.0,-20.0,-20.0,110.0,-8.824681622622496
843,8.43,0.7930531456372352,-7.4527468338277565,6.838533194952755,6.694761573881376,2.1239881372773843,-7.788810597665068,0.0,-20.0,-20.0,110.0,-8.827147988047708
844,8.44,0.7929704145937836,-7.4598941117908675,6.833596698150257,6.694415527112223,2.1250827356351762,-7.798147186729376,0.0,-20.0,-20.0,110.0,-8.82962097396873
845,8.45,0.792887683550332,-7.4670413897539785,6.828660201347758,6.6940693016997095,2.1261772776397354,-7.807483789027855,0.0,-20.0,-20.0,110.0,-8.83210057410739
846,8.46,0.7928049525068804,-7.4741886677170895,6.82372370454526,6.693722897652392,2.1272717632619393,-7.816820404566642,0.0,-20.0,-20.0,110.0,-8.834586782174696
847,8.47,0.7927222214634289,-7.4813359456802,6.818787207742761,6.693376314978876,2.128366192472685,-7.826157033351932,0.0,-20.0,-20.0,110.0,-8.837079591870877
848,8.48,0.7926394904199773,-7.4884832236433105,6.813850710940263,6.693029553687725,2.129460565242854,-7.83549367538986,0.0,-20.0,-20.0,110.0,-8.83957899688545
849,8.49,0.7925567593765257,-7.495630501606421,6.808914214137764,6.692682613787519,2.1305548815433357,-7.844830330686579,0.0,-20.0,-20.0,110.0,-8.842084990897236
850,8.5,0.7924740283330741,-7.502777779569531,6.803977717335266,6.692335495286849,2.1316491413450196,-7.854166999248242,0.0,-20.0,-20.0,110.0,-8.844597567574425
851,8.51,0.7923912972896225,-7.509925057532641,6.799041220532767,6.691988198194306,2.1327433446187976,-7.863503681081001,0.0,-20.0,-20.0,110.0,-8.84711672057462
852,8.52,0.792308566246171,-7.517072335495751,6.7941047237302685,6.691640722518482,2.133837491335561,-7.872840376191002,0.0,-20.0,-20.0,110.0,-8.849642443544871
853,8.53,0.7922258352027194,-7.52421961345886,6.78916822692777,6.6912930682679885,2.134931581466205,-7.882177084584396,0.0,-20.0,-20.0,110.0,-8.852174730121734
854,8.540000000000001,0.7921431041592678,-7.531366891421969,6.7842317301252715,6.690945235451423,2.1360256149816252,-7.891513806267328,0.0,-20.0,-20.0,110.0,-8.854713573931303
855,8.55,0.7920603731158162,-7.538514169385079,6.779295233322773,6.6905972240774,2.137119591852718,-7.900850541245946,0.0,-20.0,-20.0,110.0,-8.857258968589262
856,8.56,0.7919776420723647,-7.545661447348188,6.774358736520274,6.690249034154532,2.138213512050381,-7.91018728952639,0.0,-20.0,-20.0,110.0,-8.859810907700933
857,8.57,0.7918949110289131,-7.552808725311296,6.769422239717776,6.689900665691439,2.1393073755455134,-7.919524051114804,0.0,-20.0,-20.0,110.0,-8.862369384861314
858,8.58,0.7918121799854615,-7.559956003274404,6.764485742915277,6.689552118696746,2.1404011823090165,-7.928860826017329,0.0,-20.0,-20.0,110.0,-8.86493439365513
859,8.59,0.7917294489420099,-7.567103281237513,6.75954924611278,6.689203393179079,2.141494932311791,-7.938197614240104,0.0,-20.0,-20.0,110.0,-8.867505927656879
860,8.6,0.7916467178985583,-7.574250559200621,6.754612749310282,6.688854489147073,2.1425886255247426,-7.94753441578927,0.0,-20.0,-20.0,110.0,-8.870083980430858
861,8.61,0.7915639868551068,-7.581397837163729,6.7496762525077845,6.688505406609365,2.1436822619187748,-7.956871230670964,0.0,-20.0,-20.0,110.0,-8.872668545531244
862,8.620000000000001,0.7914812558116552,-7.588545115126837,6.744739755705287,6.688156145574597,2.1447758414647935,-7.966208058891318,0.0,-20.0,-20.0,110.0,-8.875259616502099
863,8.63,0.7913985247682036,-7.595692393089944,6.739803258902789,6.687806706051415,2.1458693641337065,-7.975544900456466,0.0,-20.0,-20.0,110.0,-8.877857186877451
864,8.64,0.791315793724752,-7.602839671053052,6.734866762100292,6.687457088048468,2.1469628298964216,-7.984881755372545,0.0,-20.0,-20.0,110.0,-8.880461250181305
865,8.65,0.7912330626813004,-7.609986949016159,6.729930265297794,6.687107291574416,2.148056238723851,-7.994218623645683,0.0,-20.0,-20.0,110.0,-8.88307179992771
866,8.66,0.7911503316378489,-7.617134226979267,6.724993768495296,6.686757316637916,2.149149590586904,-8.003555505282012,0.0,-20.0,-20.0,110.0,-8.885688829620804
867,8.67,0.7910676005943973,-7.624281504942373,6.720057271692799,6.686407163247634,2.150242885456495,-8.01289240028766,0.0,-20.0,-20.0,110.0,-8.888312332754843
868,8.68,0.7909848695509457,-7.63142878290548,6.715120774890301,6.686056831412238,2.151336123303537,-8.022229308668756,0.0,-20.0,-20.0,110.0,-8.890942302814263
869,8.69,0.7909021385074941,-7.638576060868586,6.710184278087803,6.685706321140403,2.1524293040989457,-8.031566230431423,0.0,-20.0,-20.0,110.0,-8.893578733273708
870,8.700000000000001,0.7908194074640426,-7.645723338831693,6.705247781285306,6.685355632440791,2.153522427813635,-8.040903165581769,0.0,-20.0,-20.0,110.0,-8.896221617598092
871,8.71,0.790736676420591,-7.652870616794798,6.700311284482808,6.6850047653221125,2.1546154944185303,-8.050240114125954,0.0,-20.0,-20.0,110.0,-8.898870949242621
872,8.72,0.7906539453771394,-7.660017894757904,6.6953747876803105,6.684653719793043,2.1557085038845467,-8.05957707607008,0.0,-20.0,-20.0,110.0,-8.901526721652864
873,8.73,0.7905712143336878,-7.66716517272101,6.690438290877813,6.684302495862275,2.156801456182607,-8.06891405142027,0.0,-20.0,-20.0,110.0,-8.904188928264773
874,8.74,0.7904884832902362,-7.674312450684115,6.685501794075315,6.683951093538502,2.1578943512836317,-8.07825104018264,0.0,-20.0,-20.0,110.0,-8.906857562504745
875,8.75,0.7904057522467847,-7.681459728647221,6.680565297272818,6.6835995128304235,2.158987189158545,-8.087588042363304,0.0,-20.0,-20.0,110.0,-8.90953261778966
876,8.76,0.7903230212033331,-7.688607006610326,6.67562880047032,6.683247753746748,2.1600799697782724,-8.096925057968388,0.0,-20.0,-20.0,110.0,-8.912214087526912
877,8.77,0.7902402901598815,-7.695754284573431,6.670692303667822,6.682895816296183,2.1611726931137394,-8.106262087004003,0.0,-20.0,-20.0,110.0,-8.914901965114481
878,8.78,0.7901575591164299,-7.702901562536535,6.665755806865325,6.682543700487444,2.162265359135875,-8.115599129476257,0.0,-20.0,-20.0,110.0,-8.917596243940949
879,8.790000000000001,0.7900748280729784,-7.71004884049964,6.660819310062827,6.682191406329252,2.1633579678156067,-8.124936185391268,0.0,-20.0,-20.0,110.0,-8.920296917385562
880,8.8,0.7899920970295268,-7.717196118462745,6.655882813260329,6.681838933830326,2.1644505191238657,-8.134273254755144,0.0,-20.0,-20.0,110.0,-8.923003978818265
881,8.81,0.7899093659860752,-7.724343396425849,6.650946316457832,6.681486282999396,2.165543013031584,-8.143610337573996,0.0,-20.0,-20.0,110.0,-8.925717421599758
882,8.82,0.7898266349426236,-7.731490674388953,6.646009819655334,6.681133453845195,2.166635449509694,-8.15294743385393,0.0,-20.0,-20.0,110.0,-8.928437239081516
883,8.83,0.789743903899172,-7.7386379523520565,6.6410733228528365,6.680780446376458,2.1677278285291313,-8.162284543601054,0.0,-20.0,-20.0,110.0,-8.931163424605856
884,8.84,0.7896611728557205,-7.74578523031516,6.636136826050339,6.6804272606019275,2.1688201500608306,-8.171621666821471,0.0,-20.0,-20.0,110.0,-8.93389597150597
885,8.85,0.7895784418122689,-7.752932508278264,6.631200329247841,6.68007389653035,2.169912414075731,-8.180958803521287,0.0,-20.0,-20.0,110.0,-8.936634873105973
886,8.86,0.7894957107688173,-7.760079786241367,6.626263832445344,6.679720354170473,2.1710046205447693,-8.190295953706602,0.0,-20.0,-20.0,110.0,-8.939380122720937
887,8.870000000000001,0.7894129797253657,-7.76722706420447,6.621327335642846,6.679366633531056,2.172096769438887,-8.19963311738352,0.0,-20.0,-20.0,110.0,-8.942131713656952
888,8.88,0.7893302486819141,-7.774374342167573,6.616390838840348,6.679012734620856,2.1731888607290233,-8.208970294558137,0.0,-20.0,-20.0,110.0,-8.944889639211155
889,8.89,0.7892475176384626,-7.781521620130676,6.611454342037851,6.678658657448636,2.174280894386123,-8.218307485236554,0.0,-20.0,-20.0,110.0,-8.947653892671765
890,8.9,0.789164786595011,-7.788668898093778,6.606517845235353,6.6783044020231666,2.1753728703811284,-8.227644689424865,0.0,-20.0,-20.0,110.0,-8.950424467318154
891,8.91,0.7890820555515594,-7.7958161760568805,6.601581348432855,6.6779499683532215,2.176464788684987,-8.236981907129167,0.0,-20.0,-20.0,110.0,-8.953201356420868
892,8.92,0.7889993245081078,-7.802963454019983,6.596644851630358,6.6775953564475765,2.177556649268644,-8.246319138355554,0.0,-20.0,-20.0,110.0,-8.95598455324168
893,8.93,0.7889165934646563,-7.810110731983085,6.59170835482786,6.677240566315014,2.1786484521030482,-8.255656383110118,0.0,-20.0,-20.0,110.0,-8.958774051033625
894,8.94,0.7888338624212047,-7.817258009946187,6.5867718580253625,6.67688559796432,2.179740197159149,-8.264993641398947,0.0,-20.0,-20.0,110.0,-8.961569843041056
895,8.950000000000001,0.7887511313777531,-7.824405287909288,6.581835361222865,6.676530451404286,2.1808318844078967,-8.274330913228141,0.0,-20.0,-20.0,110.0,-8.964371922499668
896,8.96,0.7886684003343015,-7.831552565872389,6.576898864420367,6.676175126643707,2.1819235138202453,-8.283668198603776,0.0,-20.0,-20.0,110.0,-8.967180282636557
897,8.97,0.7885856692908499,-7.8386998438354905,6.57196236761787,6.6758196236913845,2.1830150853671473,-8.293005497531944,0.0,-20.0,-20.0,110.0,-8.969994916670254
898,8.98,0.7885029382473984,-7.845847121798592,6.567025870815372,6.675463942556123,2.184106599019558,-8.302342810018734,0.0,-20.0,-20.0,110.0,-8.972815817810783
899,8.99,0.7884202072039468,-7.852994399761693,6.562089374012874,6.675108083246731,2.1851980547484327,-8.311680136070223,0.0,-20.0,-20.0,110.0,-8.975642979259671
900,9.0,0.7883374761604952,-7.860141677724793,6.557152877210377,6.674752045772023,2.186289452524731,-8.321017475692498,0.0,-20.0,-20.0,110.0,-8.97847639421003
901,9.01,0.7882547451170436,-7.8672889556878935,6.552216380407879,6.674395830140819,2.1873807923194106,-8.330354828891643,0.0,-20.0,-20.0,110.0,-8.981316055846575
902,9.02,0.788172014073592,-7.874436233650994,6.547279883605381,6.674039436361939,2.1884720741034327,-8.339692195673733,0.0,-20.0,-20.0,110.0,-8.98416195734566
903,9.03,0.7880892830301405,-7.881583511614094,6.542343386802884,6.673682864444209,2.1895632978477595,-8.349029576044845,0.0,-20.0,-20.0,110.0,-8.987014091875354
904,9.040000000000001,0.7880065519866889,-7.888730789577194,6.537406890000386,6.673326114396466,2.1906544635233542,-8.358366970011062,0.0,-20.0,-20.0,110.0,-8.989872452595442
905,9.05,0.7879238209432373,-7.895878067540293,6.5324703931978885,6.67296918622754,2.1917455711011806,-8.367704377578455,0.0,-20.0,-20.0,110.0,-8.9927370326575
906,9.06,0.7878410898997857,-7.9030253455033925,6.527533896395391,6.672612079946276,2.1928366205522054,-8.3770417987531,0.0,-20.0,-20.0,110.0,-8.995607825204916
907,9.07,0.7877583588563342,-7.910172623466492,6.522597399592893,6.6722547955615195,2.1939276118473963,-8.386379233541069,0.0,-20.0,-20.0,110.0,-8.998484823372948
908,9.08,0.7876756278128826,-7.917319901429591,6.517660902790396,6.671897333082116,2.1950185449577213,-8.395716681948434,0.0,-20.0,-20.0,110.0,-9.001368020288742
909,9.09,0.787592896769431,-7.92446717939269,6.512724405987898,6.671539692516924,2.1961094198541513,-8.405054143981266,0.0,-20.0,-20.0,110.0,-9.004257409071414
910,9.1,0.7875101657259794,-7.9316144573557885,6.5077879091854,6.6711818738748025,2.1972002365076575,-8.414391619645631,0.0,-20.0,-20.0,110.0,-9.007152982832043
911,9.11,0.7874274346825278,-7.938761735318887,6.502851412382903,6.6708238771646124,2.198290994889213,-8.4237291089476,0.0,-20.0,-20.0,110.0,-9.010054734673753
912,9.120000000000001,0.7873447036390763,-7.945909013281986,6.497914915580405,6.670465702395225,2.199381694969792,-8.433066611893237,0.0,-20.0,-20.0,110.0,-9.012962657691736
913,9.13,0.7872619725956247,-7.953056291245084,6.492978418777907,6.670107349575508,2.2004723367203707,-8.442404128488603,0.0,-20.0,-20.0,110.0,-9.01587674497329
914,9.14,0.7871792415521731,-7.960203569208182,6.48804192197541,6.669748818714343,2.2015629201119253,-8.451741658739765,0.0,-20.0,-20.0,110.0,-9.018796989597876
915,9.15,0.7870965105087215,-7.9673508471712795,6.483105425172912,6.669390109820609,2.202653445115435,-8.461079202652781,0.0,-20.0,-20.0,110.0,-9.02172338463714
916,9.16,0.78701377946527,-7.974498125134377,6.478168928370415,6.669031222903193,2.2037439117018787,-8.470416760233716,0.0,-20.0,-20.0,110.0,-9.024655923154976
917,9.17,0.7869310484218184,-7.981645403097475,6.473232431567919,6.668672157970985,2.204834319842239,-8.479754331488623,0.0,-20.0,-20.0,110.0,-9.027594598207545
918,9.18,0.7868483173783668,-7.988792681060572,6.468295934765422,6.668312915032881,2.2059246695074974,-8.489091916423565,0.0,-20.0,-20.0,110.0,-9.030539402843328
919,9.19,0.7867655863349152,-7.995939959023669,6.463359437962925,6.667953494097778,2.2070149606686384,-8.498429515044595,0.0,-20.0,-20.0,110.0,-9.033490330103175
920,9.200000000000001,0.7866828552914636,-8.003087236986767,6.458422941160428,6.667593895174583,2.2081051932966465,-8.507767127357768,0.0,-20.0,-20.0,110.0,-9.036447373020334
921,9.21,0.7866001242480121,-8.010234514949863,6.453486444357932,6.667234118272204,2.20919536736251,-8.517104753369136,0.0,-20.0,-20.0,110.0,-9.039410524620482
922,9.22,0.7865173932045605,-8.017381792912959,6.448549947555435,6.666874163399553,2.2102854828372163,-8.526442393084752,0.0,-20.0,-20.0,110.0,-9.042379777921795
923,9.23,0.7864346621611089,-8.024529070876055,6.443613450752938,6.666514030565549,2.2113755396917556,-8.535780046510665,0.0,-20.0,-20.0,110.0,-9.045355125934957
924,9.24,0.7863519311176573,-8.03167634883915,6.438676953950441,6.666153719779113,2.2124655378971183,-8.545117713652923,0.0,-20.0,-20.0,110.0,-9.048336561663236
925,9.25,0.7862692000742058,-8.038823626802246,6.433740457147945,6.66579323104917,2.2135554774242965,-8.554455394517577,0.0,-20.0,-20.0,110.0,-9.051324078102482
926,9.26,0.7861864690307542,-8.045970904765342,6.428803960345448,6.665432564384655,2.2146453582442844,-8.563793089110668,0.0,-20.0,-20.0,110.0,-9.054317668241204
927,9.27,0.7861037379873026,-8.053118182728438,6.423867463542951,6.665071719794502,2.2157351803280765,-8.573130797438242,0.0,-20.0,-20.0,110.0,-9.05731732506059
928,9.28,0.786021006943851,-8.060265460691534,6.418930966740454,6.664710697287651,2.21682494364667,-8.582468519506344,0.0,-20.0,-20.0,110.0,-9.06032304153455
929,9.290000000000001,0.7859382759003994,-8.06741273865463,6.413994469937958,6.66434949687305,2.2179146481710634,-8.59180625532102,0.0,-20.0,-20.0,110.0,-9.063334810629769
930,9.3,0.7858555448569479,-8.074560016617724,6.409057973135461,6.663988118559626,2.21900429387225,-8.60114400488828,0.0,-20.0,-20.0,110.0,-9.06635262530573
931,9.31,0.7857728138134963,-8.081707294580818,6.404121476332964,6.663626562356368,2.220093880721241,-8.610481768214209,0.0,-20.0,-20.0,110.0,-9.06937647851476
932,9.32,0.7856900827700447,-8.088854572543912,6.399184979530467,6.66326482827222,2.2211834086890327,-8.619819545304823,0.0,-20.0,-20.0,110.0,-9.072406363202075
933,9.33,0.7856073517265931,-8.096001850507006,6.394248482727971,6.662902916316143,2.22227287774663,-8.629157336166156,0.0,-20.0,-20.0,110.0,-9.075442272305818
934,9.34,0.7855246206831416,-8.1031491284701,6.389311985925474,6.662540826497103,2.2233622878650356,-8.638495140804249,0.0,-20.0,-20.0,110.0,-9.078484198757094
935,9.35,0.78544188963969,-8.110296406433195,6.384375489122977,6.662178558824072,2.2244516390152587,-8.647832959225127,0.0,-20.0,-20.0,110.0,-9.081532135480003
936,9.36,0.7853591585962384,-8.117443684396289,6.37943899232048,6.66181611330603,2.2255409311683043,-8.657170791434826,0.0,-20.0,-20.0,110.0,-9.084586075391707
937,9.370000000000001,0.7852764275527868,-8.124590962359383,6.374502495517984,6.661453489951955,2.2266301642951833,-8.666508637439374,0.0,-20.0,-20.0,110.0,-9.087646011402436
938,9.38,0.7851936965093352,-8.131738240322477,6.369565998715487,6.661090688770833,2.2277193383669056,-8.675846497244804,0.0,-20.0,-20.0,110.0,-9.090711936415543
939,9.39,0.7851109654658837,-8.138885518285571,6.36462950191299,6.660727709771651,2.228808453354483,-8.685184370857137,0.0,-20.0,-20.0,110.0,-9.093783843327554
940,9.4,0.7850282344224321,-8.146032796248663,6.359693005110493,6.660364552963408,2.2298975092289295,-8.694522258282404,0.0,-20.0,-20.0,110.0,-9.096861725028178
941,9.41,0.7849455033789805,-8.153180074211756,6.354756508307997,6.6600012183551005,2.230986505961259,-8.703860159526629,0.0,-20.0,-20.0,110.0,-9.099945574400378
942,9.42,0.7848627723355289,-8.160327352174848,6.3498200115055,6.659637705955732,2.2320754435224877,-8.713198074595834,0.0,-20.0,-20.0,110.0,-9.103035384320394
943,9.43,0.7847800412920773,-8.16747463013794,6.344883514703003,6.659274015774312,2.2331643218836335,-8.72253600349604,0.0,-20.0,-20.0,110.0,-9.106131147657772
944,9.44,0.7846973102486258,-8.174621908101033,6.339947017900506,6.658910147819853,2.2342531410157154,-8.73187394623327,0.0,-20.0,-20.0,110.0,-9.109232857275426
945,9.450000000000001,0.7846145792051742,-8.181769186064125,6.33501052109801,6.658546102101369,2.2353419008897535,-8.741211902813543,0.0,-20.0,-20.0,110.0,-9.112340506029657
946,9.46,0.7845318481617226,-8.188916464027217,6.330074024295513,6.658181878627885,2.2364306014767696,-8.750549873242871,0.0,-20.0,-20.0,110.0,-9.115454086770201
947,9.47,0.784449117118271,-8.19606374199031,6.325137527493016,6.657817477408428,2.237519242747786,-8.759887857527275,0.0,-20.0,-20.0,110.0,-9.118573592340267
948,9.48,0.7843663860748195,-8.203211019953402,6.320201030690519,6.657452898452025,2.238607824673829,-8.769225855672767,0.0,-20.0,-20.0,110.0,-9.121699015576569
949,9.49,0.7842836550313679,-8.210358297916493,6.315264533888023,6.65708814176771,2.2396963472259226,-8.778563867685362,0.0,-20.0,-20.0,110.0,-9.124830349309367
950,9.5,0.7842009239879163,-8.217505575879583,6.310328037085526,6.656723207364527,2.240784810375097,-8.78790189357107,0.0,-20.0,-20.0,110.0,-9.127967586362518
951,9.51,0.7841181929444647,-8.224652853842674,6.305391540283029,6.656358095251517,2.241873214092377,-8.797239933335899,0.0,-20.0,-20.0,110.0,-9.131110719553492
952,9.52,0.7840354619010131,-8.231800131805764,6.300455043480532,6.6559928054377275,2.242961558348796,-8.80657798698586,0.0,-20.0,-20.0,110.0,-9.134259741693425
953,9.53,0.7839527308575616,-8.238947409768855,6.295518546678036,6.655627337932217,2.2440498431153846,-8.815916054526964,0.0,-20.0,-20.0,110.0,-9.13741464558715
954,9.540000000000001,0.78386999981411,-8.246094687731945,6.290582049875539,6.6552616927440384,2.245138068363176,-8.82525413596521,0.0,-20.0,-20.0,110.0,-9.140575424033235
955,9.55,0.7837872687706584,-8.253241965695036,6.285645553073042,6.654895869882253,2.2462262340632035,-8.834592231306607,0.0,-20.0,-20.0,110.0,-9.14374206982403
956,9.56,0.7837045377272068,-8.260389243658127,6.280709056270545,6.654529869355933,2.2473143401865046,-8.843930340557158,0.0,-20.0,-20.0,110.0,-9.146914575745688
957,9.57,0.7836218066837553,-8.267536521621217,6.275772559468049,6.654163691174145,2.2484023867041154,-8.853268463722863,0.0,-20.0,-20.0,110.0,-9.150092934578218
958,9.58,0.7835390756403037,-8.274683799584308,6.270836062665552,6.653797335345964,2.2494903735870753,-8.862606600809723,0.0,-20.0,-20.0,110.0,-9.153277139095511
959,9.59,0.7834563445968521,-8.281831077547396,6.265899565863055,6.653430801880474,2.2505783008064246,-8.871944751823733,0.0,-20.0,-20.0,110.0,-9.156467182065379
960,9.6,0.7833736135534005,-8.288978355510485,6.260963069060558,6.653064090786757,2.2516661683332035,-8.881282916770898,0.0,-20.0,-20.0,110.0,-9.159663056249602
961,9.61,0.7832908825099489,-8.296125633473574,6.256026572258062,6.652697202073905,2.252753976138456,-8.890621095657208,0.0,-20.0,-20.0,110.0,-9.16286475440395
962,9.620000000000001,0.7832081514664974,-8.303272911436663,6.251090075455565,6.65233013575101,2.253841724193226,-8.899959288488656,0.0,-20.0,-20.0,110.0,-9.166072269278235
963,9.63,0.7831254204230458,-8.310420189399752,6.246153578653068,6.65196289182717,2.2549294124685595,-8.90929749527124,0.0,-20.0,-20.0,110.0,-9.169285593616332
964,9.64,0.7830426893795942,-8.31756746736284,6.2412170818505714,6.651595470311488,2.2560170409355034,-8.918635716010947,0.0,-20.0,-20.0,110.0,-9.172504720156226
965,9.65,0.7829599583361426,-8.32471474532593,6.236280585048075,6.651227871213072,2.257104609565107,-8.927973950713772,0.0,-20.0,-20.0,110.0,-9.175729641630051
966,9.66,0.782877227292691,-8.331862023289018,6.231344088245578,6.650860094541035,2.2581921183284193,-8.9373121993857,0.0,-20.0,-20.0,110.0,-9.17896035076411
967,9.67,0.7827944962492395,-8.339009301252107,6.226407591443081,6.65049214030449,2.2592795671964927,-8.946650462032714,0.0,-20.0,-20.0,110.0,-9.18219684027893
968,9.68,0.7827117652057879,-8.346156579215194,6.2214710946405845,6.6501240085125595,2.2603669561403787,-8.955988738660807,0.0,-20.0,-20.0,110.0,-9.185439102889294
969,9.69,0.7826290341623363,-8.35330385717828,6.216534597838088,6.649755699174369,2.261454285131134,-8.96532702927596,0.0,-20.0,-20.0,110.0,-9.188687131304254
970,9.700000000000001,0.7825463031188847,-8.360451135141368,6.211598101035591,6.6493872122990485,2.262541554139812,-8.974665333884158,0.0,-20.0,-20.0,110.0,-9.191940918227221
971,9.71,0.7824635720754332,-8.367598413104455,6.206661604233094,6.6490185478957295,2.2636287631374707,-8.984003652491378,0.0,-20.0,-20.0,110.0,-9.19520045635593
972,9.72,0.7823808410319816,-8.374745691067542,6.2017251074305975,6.648649705973555,2.2647159120951685,-8.993341985103598,0.0,-20.0,-20.0,110.0,-9.198465738382533
973,9.73,0.78229810998853,-8.381892969030629,6.196788610628102,6.648280686541667,2.2658030009839667,-9.002680331726806,0.0,-20.0,-20.0,110.0,-9.20173675699361
974,9.74,0.7822153789450784,-8.389040246993716,6.191852113825606,6.647911489609215,2.2668900297749244,-9.012018692366974,0.0,-20.0,-20.0,110.0,-9.2050135048702
975,9.75,0.7821326479016268,-8.396187524956803,6.18691561702311,6.647542115185349,2.267976998439106,-9.021357067030078,0.0,-20.0,-20.0,110.0,-9.208295974687852
976,9.76,0.7820499168581753,-8.40333480291989,6.181979120220614,6.647172563279213,2.2690639069475695,-9.030695455722068,0.0,-20.0,-20.0,110.0,-9.211584159116654
977,9.77,0.7819671858147237,-8.410482080882975,6.177042623418118,6.646802833899996,2.270150755271392,-9.040033858448961,0.0,-20.0,-20.0,110.0,-9.21487805082125
978,9.78,0.7818844547712721,-8.41762935884606,6.172106126615622,6.646432927056853,2.2712375433816354,-9.049372275216705,0.0,-20.0,-20.0,110.0,-9.218177642460912
979,9.790000000000001,0.7818017237278205,-8.424776636809145,6.167169629813126,6.64606284275895,2.272324271249367,-9.05871070603127,0.0,-20.0,-20.0,110.0,-9.22148292668954
980,9.8,0.781718992684369,-8.43192391477223,6.162233133010631,6.645692581015465,2.273410938845659,-9.068049150898629,0.0,-20.0,-20.0,110.0,-9.224793896155719
981,9.81,0.7816362616409174,-8.439071192735316,6.157296636208135,6.645322141835573,2.27449754614158,-9.077387609824743,0.0,-20.0,-20.0,110.0,-9.228110543502739
982,9.82,0.7815535305974658,-8.446218470698401,6.152360139405639,6.644951525228463,2.2755840931082054,-9.08672608281558,0.0,-20.0,-20.0,110.0,-9.23143286136864
983,9.83,0.7814707995540142,-8.453365748661486,6.147423642603143,6.644580731203324,2.2766705797166082,-9.096064569877104,0.0,-20.0,-20.0,110.0,-9.234760842386246
984,9.84,0.7813880685105626,-8.460513026624572,6.142487145800647,6.644209759769346,2.2777570059378647,-9.105403071015276,0.0,-20.0,-20.0,110.0,-9.238094479183184
985,9.85,0.7813053374671111,-8.467660304587657,6.137550648998151,6.643838610935728,2.2788433717430516,-9.11474158623606,0.0,-20.0,-20.0,110.0,-9.24143376438194
986,9.86,0.7812226064236595,-8.474807582550742,6.132614152195655,6.643467284711672,2.2799296771032473,-9.12408011554541,0.0,-20.0,-20.0,110.0,-9.244778690599874
987,9.870000000000001,0.7811398753802079,-8.481954860513826,6.12767765539316,6.643095781106385,2.2810159219895327,-9.13341865894929,0.0,-20.0,-20.0,110.0,-9.248129250449274
988,9.88,0.7810571443367563,-8.489102138476909,6.122741158590664,6.642724100129077,2.282102106372988,-9.142757216453656,0.0,-20.0,-20.0,110.0,-9.251485436537365
989,9.89,0.7809744132933047,-8.496249416439992,6.117804661788168,6.6423522417889656,2.2831882302246966,-9.15209578806446,0.0,-20.0,-20.0,110.0,-9.25484724146637
990,9.9,0.7808916822498532,-8.503396694403076,6.112868164985672,6.641980206095267,2.284274293515744,-9.161434373787653,0.0,-20.0,-20.0,110.0,-9.258214657833522
991,9.91,0.7808089512064016,-8.51054397236616,6.107931668183176,6.641607993057211,2.2853602962172146,-9.170772973629193,0.0,-20.0,-20.0,110.0,-9.2615876782311
992,9.92,0.78072622016295,-8.517691250329243,6.10299517138068,6.6412356026840245,2.2864462383001967,-9.18011158759503,0.0,-20.0,-20.0,110.0,-9.264966295246474
993,9.93,0.7806434891194984,-8.524838528292326,6.098058674578184,6.64086303498494,2.2875321197357774,-9.189450215691112,0.0,-20.0,-20.0,110.0,-9.268350501462134
994,9.94,0.7805607580760469,-8.53198580625541,6.0931221777756885,6.640490289969197,2.288617940495048,-9.198788857923383,0.0,-20.0,-20.0,110.0,-9.271740289455709
995,9.950000000000001,0.7804780270325953,-8.539133084218493,6.088185680973193,6.640117367646037,2.2897037005490994,-9.208127514297793,0.0,-20.0,-20.0,110.0,-9.275135651800028
996,9.96,0.7803952959891437,-8.546280362181575,6.083249184170697,6.639744268024711,2.290789399869025,-9.217466184820287,0.0,-20.0,-20.0,110.0,-9.278536581063117
997,9.97,0.7803125649456921,-8.553427640144657,6.078312687368201,6.639370991114467,2.2918750384259194,-9.226804869496814,0.0,-20.0,-20.0,110.0,-9.281943069808268
998,9.98,0.7802298339022405,-8.560574918107738,6.073376190565705,6.6389975369245615,2.292960616190878,-9.236143568333304,0.0,-20.0,-20.0,110.0,-9.285355110594045
999,9.99,0.780147102858789,-8.56772219607082,6.068439693763209,6.638623905464258,2.294046133134999,-9.245482281335704,0.0,-20.0,-20.0,110.0,-9.288772695974327
1000,10.0,0.7800643718153374,-8.574869474033902,6.063503196960713,6.638250096742818,2.2951315892293795,-9.254821008509953,0.0,-20.0,-20.0,110.0,-9.292195818498346
1001,10.01,0.7799816407718858,-8.582016751996983,6.0585667001582175,6.637876110769512,2.2962169844451212,-9.264159749861989,0.0,-20.0,-20.0,110.0,-9.295624470710697
1002,10.02,0.7798989097284342,-8.589164029960065,6.053630203355722,6.637501947553617,2.2973023187533244,-9.273498505397747,0.0,-20.0,-20.0,110.0,-9.299058645151401
1003,10.03,0.7798161786849827,-8.596311307923147,6.048693706553226,6.637127607104399,2.298387592125089,-9.282837275123137,0.0,-20.0,-20.0,110.0,-9.302498334355917
1004,10.040000000000001,0.7797334476415311,-8.603458585886228,6.04375720975073,6.6367530894311635,2.2994728045315274,-9.29217605904414,0.0,-20.0,-20.0,110.0,-9.305943530855172
1005,10.05,0.7796507165980795,-8.61060586384931,6.038820712948234,6.63637839454319,2.3005579559437423,-9.301514857166664,0.0,-20.0,-20.0,110.0,-9.309394227175604
1006,10.06,0.7795679855546279,-8.61775314181239,6.033884216145738,6.636003522449768,2.3016430463328406,-9.310853669496641,0.0,-20.0,-20.0,110.0,-9.312850415839188
1007,10.07,0.7794852545111763,-8.62490041977547,6.028947719343242,6.635628473160194,2.302728075669931,-9.320192496039997,0.0,-20.0,-20.0,110.0,-9.316312089363468
1008,10.08,0.7794025234677248,-8.63204769773855,6.0240112225407465,6.635253246683769,2.3038130439261244,-9.329531336802658,0.0,-20.0,-20.0,110.0,-9.319779240261584
1009,10.09,0.7793197924242732,-8.63919497570163,6.019074725738251,6.634877843029802,2.304897951072532,-9.338870191790553,0.0,-20.0,-20.0,110.0,-9.32325186104232
1010,10.1,0.7792370613808216,-8.64634225366471,6.014138228935755,6.634502262207599,2.305982797080267,-9.348209061009605,0.0,-20.0,-20.0,110.0,-9.326729944210102
1011,10.11,0.77915433033737,-8.65348953162779,6.009201732133259,6.634126504226479,2.307067581920445,-9.35754794446574,0.0,-20.0,-20.0,110.0,-9.33021348226507
1012,10.120000000000001,0.7790715992939184,-8.66063680959087,6.004265235330763,6.633750569095762,2.308152305564181,-9.366886842164874,0.0,-20.0,-20.0,110.0,-9.33370246770307
1013,10.13,0.7789888682504669,-8.66778408755395,5.999328738528267,6.633374456824767,2.309236967982593,-9.37622575411293,0.0,-20.0,-20.0,110.0,-9.337196893015719
1014,10.14,0.7789061372070153,-8.674931365517029,5.994392241725771,6.632998167422827,2.3103215691468,-9.385564680315825,0.0,-20.0,-20.0,110.0,-9.340696750690404
1015,10.15,0.7788234061635637,-8.682078643480107,5.9894557449232755,6.632621700899273,2.311406109027923,-9.394903620779475,0.0,-20.0,-20.0,110.0,-9.344202033210342
1016,10.16,0.7787406751201121,-8.689225921443185,5.98451924812078,6.632245057263444,2.3124905875970843,-9.4042425755098,0.0,-20.0,-20.0,110.0,-9.347712733054582
1017,10.17,0.7786579440766606,-8.696373199406263,5.979582751318284,6.631868236524679,2.313575004825405,-9.413581544512708,0.0,-20.0,-20.0,110.0,-9.351228842698063
1018,10.18,0.778575213033209,-8.703520477369342,5.974646254515788,6.631491238692326,2.3146593606840127,-9.422920527794114,0.0,-20.0,-20.0,110.0,-9.354750354611623
1019,10.19,0.7784924819897574,-8.71066775533242,5.969709757713292,6.631114063775738,2.3157436551440322,-9.43225952535993,0.0,-20.0,-20.0,110.0,-9.358277261262028
1020,10.200000000000001,0.7784097509463058,-8.717815033295498,5.964773260910796,6.630736711784266,2.3168278881765922,-9.441598537216064,0.0,-20.0,-20.0,110.0,-9.361809555112028
1021,10.21,0.7783270199028542,-8.724962311258576,5.9598367641083,6.630359182727275,2.317912059752821,-9.450937563368425,0.0,-20.0,-20.0,110.0,-9.365347228620356
1022,10.22,0.7782442888594027,-8.732109589221654,5.9549002673058045,6.629981476614128,2.318996169843851,-9.460276603822917,0.0,-20.0,-20.0,110.0,-9.368890274241773
1023,10.23,0.7781615578159511,-8.739256867184732,5.949963770503309,6.629603593454194,2.3200802184208125,-9.46961565858545,0.0,-20.0,-20.0,110.0,-9.372438684427088
1024,10.24,0.7780788267724995,-8.746404145147809,5.945027273700813,6.629225533256847,2.3211642054548403,-9.478954727661923,0.0,-20.0,-20.0,110.0,-9.375992451623205
1025,10.25,0.7779960957290479,-8.753551423110887,5.940090776898317,6.628847296031463,2.3222481309170693,-9.488293811058243,0.0,-20.0,-20.0,110.0,-9.379551568273135
1026,10.26,0.7779133646855964,-8.760698701073963,5.935154280095821,6.628468881787426,2.3233319947786355,-9.497632908780306,0.0,-20.0,-20.0,110.0,-9.383116026816031
1027,10.27,0.7778306336421448,-8.76784597903704,5.930217783293325,6.6280902905341215,2.324415797010677,-9.506972020834011,0.0,-20.0,-20.0,110.0,-9.386685819687216
1028,10.28,0.7777479025986932,-8.774993257000116,5.925281286490829,6.627711522280944,2.3254995375843346,-9.516311147225256,0.0,-20.0,-20.0,110.0,-9.390260939318212
1029,10.290000000000001,0.7776651715552416,-8.782140534963192,5.920344789688333,6.627332577037287,2.3265832164707483,-9.525650287959936,0.0,-20.0,-20.0,110.0,-9.393841378136768
1030,10.3,0.77758244051179,-8.789287812926268,5.9154082928858385,6.626953454812552,2.327666833641061,-9.53498944304395,0.0,-20.0,-20.0,110.0,-9.397427128566894
1031,10.31,0.7774997094683385,-8.796435090889345,5.9104717960833435,6.626574155616147,2.328750389066415,-9.544328612483191,0.0,-20.0,-20.0,110.0,-9.401018183028885
1032,10.32,0.7774169784248869,-8.803582368852421,5.9055352992808485,6.626194679457478,2.329833882717958,-9.553667796283548,0.0,-20.0,-20.0,110.0,-9.404614533939332
1033,10.33,0.7773342473814353,-8.810729646815497,5.9005988024783536,6.62581502634596,2.330917314566835,-9.56300699445091,0.0,-20.0,-20.0,110.0,-9.408216173711196
1034,10.34,0.7772515163379837,-8.817876924778572,5.895662305675859,6.625435196291012,2.332000684584196,-9.572346206991169,0.0,-20.0,-20.0,110.0,-9.411823094753778
1035,10.35,0.7771687852945321,-8.825024202741647,5.890725808873364,6.625055189302058,2.3330839927411886,-9.581685433910211,0.0,-20.0,-20.0,110.0,-9.415435289472795
1036,10.36,0.7770860542510806,-8.832171480704721,5.885789312070869,6.624675005388524,2.3341672390089663,-9.591024675213921,0.0,-20.0,-20.0,110.0,-9.419052750270385
1037,10.370000000000001,0.777003323207629,-8.839318758667796,5.880852815268374,6.624294644559844,2.33525042335868,-9.600363930908184,0.0,-20.0,-20.0,110.0,-9.422675469545126
1038,10.38,0.7769205921641774,-8.84646603663087,5.875916318465879,6.623914106825454,2.3363335457614856,-9.60970320099888,0.0,-20.0,-20.0,110.0,-9.426303439692093
1039,10.39,0.7768378611207258,-8.853613314593945,5.870979821663384,6.623533392194782,2.3374166061885324,-9.619042485491876,0.0,-20.0,-20.0,110.0,-9.429936653102855
1040,10.4,0.7767551300772743,-8.86076059255702,5.866043324860889,6.6231525006773015,2.338499604610988,-9.628381784393083,0.0,-20.0,-20.0,110.0,-9.433575102165515
1041,10.41,0.7766723990338227,-8.867907870520094,5.861106828058394,6.622771432282446,2.3395825410000066,-9.637721097708368,0.0,-20.0,-20.0,110.0,-9.437218779264743
1042,10.42,0.7765896679903711,-8.875055148483169,5.856170331255899,6.622390187019672,2.340665415326747,-9.647060425443604,0.0,-20.0,-20.0,110.0,-9.44086767678179
1043,10.43,0.7765069369469195,-8.882202426446241,5.851233834453404,6.622008764898439,2.341748227562372,-9.656399767604665,0.0,-20.0,-20.0,110.0,-9.444521787094532
1044,10.44,0.776424205903468,-8.889349704409314,5.846297337650909,6.621627165928212,2.342830977678045,-9.66573912419743,0.0,-20.0,-20.0,110.0,-9.448181102577466
1045,10.450000000000001,0.7763414748600164,-8.896496982372387,5.841360840848414,6.6212453901184585,2.3439136656449286,-9.675078495227762,0.0,-20.0,-20.0,110.0,-9.451845615601778
1046,10.46,0.7762587438165648,-8.90364426033546,5.836424344045919,6.620863437478651,2.34499629143419,-9.684417880701544,0.0,-20.0,-20.0,110.0,-9.455515318535337
1047,10.47,0.7761760127731132,-8.910791538298533,5.831487847243424,6.620481308018265,2.3460788550169966,-9.693757280624633,0.0,-20.0,-20.0,110.0,-9.459190203742727
1048,10.48,0.7760932817296616,-8.917938816261605,5.826551350440929,6.620099001746784,2.3471613563645177,-9.703096695002904,0.0,-20.0,-20.0,110.0,-9.462870263585293
1049,10.49,0.77601055068621,-8.925086094224678,5.821614853638434,6.619716518673696,2.3482437954479236,-9.71243612384222,0.0,-20.0,-20.0,110.0,-9.466555490421134
1050,10.5,0.7759278196427585,-8.932233372187751,5.816678356835939,6.61933385880849,2.3493261722383854,-9.721775567148446,0.0,-20.0,-20.0,110.0,-9.470245876605162
1051,10.51,0.7758450885993069,-8.939380650150824,5.811741860033444,6.618951022160662,2.350408486707077,-9.731115024927451,0.0,-20.0,-20.0,110.0,-9.473941414489097
1052,10.52,0.7757623575558553,-8.946527928113897,5.806805363230949,6.618568008739712,2.3514907388251745,-9.74045449718509,0.0,-20.0,-20.0,110.0,-9.477642096421526
1053,10.53,0.7756796265124037,-8.953675206076968,5.801868866428454,6.618184818555143,2.3525729285638524,-9.749793983927223,0.0,-20.0,-20.0,110.0,-9.481347914747891
1054,10.540000000000001,0.7755968954689522,-8.960822484040039,5.796932369625959,6.617801451616467,2.353655055894289,-9.759133485159714,0.0,-20.0,-20.0,110.0,-9.485058861810545
1055,10.55,0.7755141644255006,-8.96796976200311,5.791995872823464,6.617417907933191,2.3547371207876653,-9.768473000888418,0.0,-20.0,-20.0,110.0,-9.488774929948764
1056,10.56,0.775431433382049,-8.97511703996618,5.787059376020969,6.61703418751484,2.3558191232151597,-9.777812531119192,0.0,-20.0,-20.0,110.0,-9.492496111498777
1057,10.57,0.7753487023385974,-8.982264317929252,5.782122879218474,6.6166502903709326,2.3569010631479563,-9.787152075857884,0.0,-20.0,-20.0,110.0,-9.496222398793781
1058,10.58,0.7752659712951459,-8.989411595892323,5.777186382415979,6.616266216510997,2.3579829405572377,-9.796491635110353,0.0,-20.0,-20.0,110.0,-9.499953784163965
1059,10.59,0.7751832402516943,-8.996558873855394,5.772249885613484,6.615881965944565,2.35906475541419,-9.805831208882449,0.0,-20.0,-20.0,110.0,-9.503690259936564
1060,10.6,0.7751005092082427,-9.003706151818465,5.767313388810989,6.61549753868117,2.36014650769,-9.815170797180023,0.0,-20.0,-20.0,110.0,-9.507431818435832
1061,10.61,0.7750177781647911,-9.010853429781536,5.762376892008494,6.615112934730355,2.3612281973558553,-9.824510400008922,0.0,-20.0,-20.0,110.0,-9.511178451983126
1062,10.620000000000001,0.7749350471213395,-9.018000707744605,5.757440395205999,6.614728154101665,2.3623098243829457,-9.83385001737499,0.0,-20.0,-20.0,110.0,-9.514930152896872
1063,10.63,0.774852316077888,-9.025147985707674,5.752503898403504,6.614343196804649,2.363391388742463,-9.843189649284076,0.0,-20.0,-20.0,110.0,-9.518686913492637
1064,10.64,0.7747695850344364,-9.032295263670743,5.747567401601009,6.613958062848859,2.3644728904056,-9.85252929574202,0.0,-20.0,-20.0,110.0,-9.522448726083118
1065,10.65,0.7746868539909849,-9.039442541633813,5.7426309047985145,6.613572752243854,2.3655543293435506,-9.861868956754664,0.0,-20.0,-20.0,110.0,-9.52621558297819
1066,10.66,0.7746041229475334,-9.046589819596882,5.7376944079960195,6.613187264999202,2.36663570552751,-9.871208632327857,0.0,-20.0,-20.0,110.0,-9.52998747648492
1067,10.67,0.7745213919040821,-9.053737097559951,5.7327579111935245,6.612801601124464,2.367717018928676,-9.880548322467428,0.0,-20.0,-20.0,110.0,-9.533764398907577
1068,10.68,0.7744386608606306,-9.06088437552302,5.7278214143910295,6.612415760629216,2.3687982695182477,-9.889888027179222,0.0,-20.0,-20.0,110.0,-9.537546342547683
1069,10.69,0.7743559298171792,-9.06803165348609,5.722884917588535,6.612029743523031,2.3698794572674244,-9.899227746469071,0.0,-20.0,-20.0,110.0,-9.541333299704014
1070,10.700000000000001,0.7742731987737277,-9.075178931449159,5.71794842078604,6.611643549815491,2.3709605821474082,-9.90856748034281,0.0,-20.0,-20.0,110.0,-9.545125262672636
1071,10.71,0.7741904677302762,-9.082326209412228,5.713011923983545,6.611257179516183,2.372041644129403,-9.917907228806271,0.0,-20.0,-20.0,110.0,-9.548922223746919
1072,10.72,0.7741077366868248,-9.089473487375296,5.70807542718105,6.610870632634697,2.3731226431846117,-9.927246991865292,0.0,-20.0,-20.0,110.0,-9.552724175217563
1073,10.73,0.7740250056433733,-9.096620765338363,5.703138930378555,6.610483909180627,2.3742035792842424,-9.936586769525697,0.0,-20.0,-20.0,110.0,-9.55653110937262
1074,10.74,0.7739422745999218,-9.10376804330143,5.69820243357606,6.610097009163573,2.375284452399501,-9.945926561793312,0.0,-20.0,-20.0,110.0,-9.560343018497532
1075,10.75,0.7738595435564704,-9.110915321264498,5.693265936773565,6.609709932593137,2.3763652625015985,-9.955266368673971,0.0,-20.0,-20.0,110.0,-9.564159894875115
1076,10.76,0.7737768125130189,-9.118062599227565,5.68832943997107,6.60932267947893,2.3774460095617442,-9.964606190173498,0.0,-20.0,-20.0,110.0,-9.567981730785624
1077,10.77,0.7736940814695674,-9.125209877190633,5.683392943168575,6.6089352498305605,2.3785266935511507,-9.973946026297714,0.0,-20.0,-20.0,110.0,-9.571808518506748
1078,10.78,0.773611350426116,-9.1323571551537,5.67845644636608,6.608547643657649,2.3796073144410324,-9.983285877052445,0.0,-20.0,-20.0,110.0,-9.575640250313649
1079,10.790000000000001,0.7735286193826645,-9.139504433116768,5.673519949563585,6.6081598609698124,2.3806878722026035,-9.99262574244351,0.0,-20.0,-20.0,110.0,-9.579476918478962
1080,10.8,0.773445888339213,-9.146651711079835,5.66858345276109,6.607771901776683,2.3817683668070813,-10.001965622476728,0.0,-20.0,-20.0,110.0,-9.583318515272838
1081,10.81,0.7733631572957615,-9.153798989042901,5.663646955958595,6.607383766087887,2.382848798225683,-10.011305517157918,0.0,-20.0,-20.0,110.0,-9.587165032962957
1082,10.82,0.7732804262523101,-9.160946267005967,5.6587104591561,6.606995453913061,2.3839291664296294,-10.020645426492898,0.0,-20.0,-20.0,110.0,-9.591016463814551
1083,10.83,0.7731976952088586,-9.168093544969032,5.653773962353605,6.606606965261831,2.3850094713901364,-10.02998535048746,0.0,-20.0,-20.0,110.0,-9.594872800090423
1084,10.84,0.7731149641654071,-9.175240822932098,5.64883746555111,6.606218300143866,2.386089713078437,-10.039325289147456,0.0,-20.0,-20.0,110.0,-9.598734034050965
1085,10.85,0.7730322331219557,-9.182388100895164,5.643900968748615,6.605829458568802,2.3871698914657498,-10.048665242478684,0.0,-20.0,-20.0,110.0,-9.60260015795419
1086,10.86,0.7729495020785042,-9.18953537885823,5.63896447194612,6.605440440546296,2.3882500065233,-10.058005210486947,0.0,-20.0,-20.0,110.0,-9.606471164055744
1087,10.870000000000001,0.7728667710350527,-9.196682656821295,5.634027975143626,6.605051246086004,2.389330058222316,-10.067345193178058,0.0,-20.0,-20.0,110.0,-9.610347044608925
1088,10.88,0.7727840399916013,-9.20382993478436,5.629091478341132,6.604661875197584,2.390410046534026,-10.076685190557829,0.0,-20.0,-20.0,110.0,-9.614227791864716
1089,10.89,0.7727013089481498,-9.210977212747427,5.624154981538638,6.6042723278907065,2.3914899714296602,-10.086025202632056,0.0,-20.0,-20.0,110.0,-9.618113398071788
1090,10.9,0.7726185779046983,-9.21812449071049,5.619218484736144,6.603882604175041,2.3925698328804503,-10.095365229406548,0.0,-20.0,-20.0,110.0,-9.622003855476528
1091,10.91,0.7725358468612469,-9.225271768673554,5.61428198793365,6.603492704060265,2.3936496308576305,-10.104705270887107,0.0,-20.0,-20.0,110.0,-9.625899156323072
1092,10.92,0.7724531158177954,-9.232419046636618,5.6093454911311555,6.603102627556058,2.3947293653324335,-10.114045327079538,0.0,-20.0,-20.0,110.0,-9.629799292853306
1093,10.93,0.7723703847743439,-9.239566324599682,5.6044089943286615,6.6027123746721035,2.3958090362760975,-10.123385397989637,0.0,-20.0,-20.0,110.0,-9.633704257306896
1094,10.94,0.7722876537308925,-9.246713602562746,5.599472497526167,6.602321945418093,2.39688864365986,-10.132725483623204,0.0,-20.0,-20.0,110.0,-9.6376140419213
1095,10.950000000000001,0.772204922687441,-9.25386088052581,5.594536000723673,6.601931339803718,2.3979681874549597,-10.142065583986032,0.0,-20.0,-20.0,110.0,-9.641528638931796
1096,10.96,0.7721221916439895,-9.261008158488874,5.589599503921179,6.601540557838677,2.3990476676326375,-10.151405699083918,0.0,-20.0,-20.0,110.0,-9.645448040571498
1097,10.97,0.7720394606005381,-9.268155436451938,5.584663007118685,6.601149599532672,2.400127084164136,-10.16074582892266,0.0,-20.0,-20.0,110.0,-9.649372239071376
1098,10.98,0.7719567295570866,-9.275302714415002,5.579726510316191,6.600758464895412,2.4012064370206994,-10.170085973508044,0.0,-20.0,-20.0,110.0,-9.65330122666028
1099,10.99,0.7718739985136351,-9.282449992378066,5.574790013513697,6.600367153936606,2.4022857261735715,-10.179426132845862,0.0,-20.0,-20.0,110.0,-9.657234995564938
1100,11.0,0.7717912674701837,-9.289597270341128,5.569853516711203,6.599975666665974,2.4033649515940017,-10.188766306941904,0.0,-20.0,-20.0,110.0,-9.661173538010008
1101,11.01,0.7717085364267322,-9.29674454830419,5.564917019908709,6.599584003093236,2.404444113253236,-10.198106495801957,0.0,-20.0,-20.0,110.0,-9.665116846218073
1102,11.02,0.7716258053832807,-9.303891826267252,5.559980523106215,6.599192163228114,2.4055232111225253,-10.20744669943181,0.0,-20.0,-20.0,110.0,-9.669064912409661
1103,11.03,0.7715430743398293,-9.311039104230314,5.555044026303721,6.598800147080342,2.4066022451731213,-10.216786917837243,0.0,-20.0,-20.0,110.0,-9.67301772880328
1104,11.040000000000001,0.7714603432963778,-9.318186382193376,5.5501075295012265,6.59840795465965,2.4076812153762774,-10.22612715102404,0.0,-20.0,-20.0,110.0,-9.676975287615413
1105,11.05,0.7713776122529263,-9.325333660156438,5.5451710326987325,6.598015585975777,2.408760121703247,-10.235467398997983,0.0,-20.0,-20.0,110.0,-9.680937581060558
1106,11.06,0.7712948812094749,-9.3324809381195,5.540234535896238,6.597623041038473,2.4098389641252864,-10.244807661764852,0.0,-20.0,-20.0,110.0,-9.684904601351231
1107,11.07,0.7712121501660234,-9.339628216082563,5.535298039093744,6.597230319857477,2.410917742613653,-10.254147939330425,0.0,-20.0,-20.0,110.0,-9.68887634069799
1108,11.08,0.7711294191225719,-9.346775494045625,5.53036154229125,6.596837422442547,2.4119964571396064,-10.26348823170048,0.0,-20.0,-20.0,110.0,-9.692852791309457
1109,11.09,0.7710466880791205,-9.353922772008685,5.525425045488756,6.596444348803438,2.4130751076744072,-10.272828538880791,0.0,-20.0,-20.0,110.0,-9.69683394539232
1110,11.1,0.770963957035669,-9.361070049971746,5.520488548686262,6.596051098949911,2.414153694189317,-10.28216886087713,0.0,-20.0,-20.0,110.0,-9.700819795151375
1111,11.11,0.7708812259922175,-9.368217327934806,5.515552051883768,6.59565767289173,2.415232216655599,-10.291509197695271,0.0,-20.0,-20.0,110.0,-9.704810332789522
1112,11.120000000000001,0.7707984949487661,-9.375364605897866,5.510615555081274,6.5952640706386685,2.4163106750445187,-10.300849549340983,0.0,-20.0,-20.0,110.0,-9.708805550507787
1113,11.13,0.7707157639053146,-9.382511883860927,5.50567905827878,6.594870292200499,2.4173890693273434,-10.310189915820036,0.0,-20.0,-20.0,110.0,-9.712805440505353
1114,11.14,0.7706330328618631,-9.389659161823987,5.500742561476286,6.594476337587003,2.41846739947534,-10.3195302971382,0.0,-20.0,-20.0,110.0,-9.716809994979556
1115,11.15,0.7705503018184117,-9.396806439787047,5.495806064673792,6.594082206807961,2.41954566545978,-10.328870693301239,0.0,-20.0,-20.0,110.0,-9.720819206125917
1116,11.16,0.7704675707749602,-9.403953717750108,5.4908695678712975,6.593687899873165,2.4206238672519333,-10.338211104314912,0.0,-20.0,-20.0,110.0,-9.724833066138151
1117,11.17,0.7703848397315087,-9.411100995713168,5.4859330710688035,6.593293416792404,2.421702004823073,-10.347551530184992,0.0,-20.0,-20.0,110.0,-9.728851567208194
1118,11.18,0.7703021086880573,-9.418248273676229,5.480996574266309,6.59289875757548,2.422780078144474,-10.356891970917234,0.0,-20.0,-20.0,110.0,-9.7328747015262
1119,11.19,0.7702193776446058,-9.425395551639287,5.476060077463815,6.592503922232189,2.4238580871874102,-10.3662324265174,0.0,-20.0,-20.0,110.0,-9.73690246128058
1120,11.200000000000001,0.7701366466011543,-9.432542829602346,5.471123580661321,6.592108910772342,2.424936031923161,-10.375572896991246,0.0,-20.0,-20.0,110.0,-9.740934838658
1121,11.21,0.7700539155577029,-9.439690107565404,5.466187083858827,6.591713723205748,2.4260139123230053,-10.38491338234453,0.0,-20.0,-20.0,110.0,-9.744971825843407
1122,11.22,0.7699711845142514,-9.446837385528463,5.461250587056333,6.591318359542225,2.427091728358221,-10.394253882583008,0.0,-20.0,-20.0,110.0,-9.749013415020043
1123,11.23,0.7698884534707999,-9.453984663491521,5.456314090253839,6.590922819791588,2.428169480000094,-10.403594397712432,0.0,-20.0,-20.0,110.0,-9.753059598369457
1124,11.24,0.7698057224273485,-9.46113194145458,5.451377593451345,6.590527103963665,2.429247167219905,-10.412934927738556,0.0,-20.0,-20.0,110.0,-9.757110368071531
1125,11.25,0.769722991383897,-9.468279219417639,5.446441096648851,6.590131212068283,2.43032478998894,-10.42227547266713,0.0,-20.0,-20.0,110.0,-9.761165716304482
1126,11.26,0.7696402603404455,-9.475426497380697,5.441504599846357,6.589735144115264,2.4314023482784797,-10.431616032503877,0.0,-20.0,-20.0,110.0,-9.765225635244882
1127,11.27,0.7695575292969941,-9.482573775343756,5.436568103043863,6.589338900114469,2.432479842059823,-10.440956607254597,0.0,-20.0,-20.0,110.0,-9.769290117067674
1128,11.28,0.7694747982535426,-9.489721053306813,5.4316316062413685,6.58894248007573,2.433557271304255,-10.450297196925007,0.0,-20.0,-20.0,110.0,-9.773359153946195
1129,11.290000000000001,0.7693920672100911,-9.49686833126987,5.4266951094388745,6.588545884008892,2.4346346359830657,-10.459637801520852,0.0,-20.0,-20.0,110.0,-9.777432738052179
1130,11.3,0.7693093361666397,-9.504015609232926,5.42175861263638,6.5881491119238085,2.4357119360675488,-10.468978421047876,0.0,-20.0,-20.0,110.0,-9.781510861555779
1131,11.31,0.7692266051231882,-9.511162887195983,5.416822115833886,6.5877521638303325,2.436789171528997,-10.478319055511816,0.0,-20.0,-20.0,110.0,-9.78559351662557
1132,11.32,0.7691438740797367,-9.51831016515904,5.411885619031392,6.587355039738327,2.4378663423387077,-10.487659704918421,0.0,-20.0,-20.0,110.0,-9.789680695428586
1133,11.33,0.7690611430362853,-9.525457443122097,5.406949122228898,6.586957739657658,2.4389434484679775,-10.497000369273424,0.0,-20.0,-20.0,110.0,-9.793772390130314
1134,11.34,0.7689784119928338,-9.532604721085153,5.402012625426404,6.586560263598189,2.4400204898881057,-10.50634104858256,0.0,-20.0,-20.0,110.0,-9.797868592894716
1135,11.35,0.7688956809493823,-9.53975199904821,5.39707612862391,6.5861626115698,2.441097466570393,-10.515681742851568,0.0,-20.0,-20.0,110.0,-9.801969295884238
1136,11.36,0.7688129499059309,-9.546899277011267,5.392139631821416,6.585764783582366,2.4421743784861407,-10.52502245208618,0.0,-20.0,-20.0,110.0,-9.806074491259833
1137,11.370000000000001,0.7687302188624794,-9.554046554974324,5.387203135018922,6.5853667796457716,2.443251225606654,-10.534363176292125,0.0,-20.0,-20.0,110.0,-9.810184171180975
1138,11.38,0.7686474878190279,-9.561193832937379,5.382266638216428,6.584968599769903,2.444328007903234,-10.543703915475135,0.0,-20.0,-20.0,110.0,-9.814298327805652
1139,11.39,0.7685647567755765,-9.568341110900434,5.377330141413934,6.584570243964654,2.445404725347191,-10.553044669640942,0.0,-20.0,-20.0,110.0,-9.818416953290415
1140,11.4,0.768482025732125,-9.575488388863489,5.3723936446114395,6.584171712239917,2.446481377909832,-10.562385438795268,0.0,-20.0,-20.0,110.0,-9.82254003979036
1141,11.41,0.7683992946886735,-9.582635666826544,5.3674571478089455,6.583773004605596,2.4475579655624657,-10.571726222943843,0.0,-20.0,-20.0,110.0,-9.826667579459153
1142,11.42,0.768316563645222,-9.589782944789599,5.362520651006451,6.5833741210715955,2.448634488276405,-10.581067022092386,0.0,-20.0,-20.0,110.0,-9.830799564449048
1143,11.43,0.7682338326017706,-9.596930222752654,5.357584154203957,6.582975061647825,2.449710946022961,-10.590407836246627,0.0,-20.0,-20.0,110.0,-9.834935986910892
1144,11.44,0.7681511015583191,-9.604077500715709,5.352647657401464,6.5825758263442,2.45078733877345,-10.59974866541228,0.0,-20.0,-20.0,110.0,-9.839076838994142
1145,11.450000000000001,0.7680683705148676,-9.611224778678764,5.347711160598971,6.582176415170641,2.451863666499186,-10.60908950959507,0.0,-20.0,-20.0,110.0,-9.843222112846878
1146,11.46,0.7679856394714162,-9.61837205664182,5.342774663796478,6.581776828137067,2.452939929171487,-10.618430368800711,0.0,-20.0,-20.0,110.0,-9.847371800615807
1147,11.47,0.7679029084279647,-9.625519334604872,5.3378381669939845,6.581377065253411,2.4540161267616725,-10.627771243034921,0.0,-20.0,-20.0,110.0,-9.8515258944463
1148,11.48,0.7678201773845132,-9.632666612567926,5.332901670191491,6.5809771265296,2.4550922592410633,-10.637112132303418,0.0,-20.0,-20.0,110.0,-9.855684386482368
1149,11.49,0.7677374463410618,-9.639813890530979,5.327965173388998,6.580577011975574,2.456168326580981,-10.646453036611907,0.0,-20.0,-20.0,110.0,-9.859847268866709
1150,11.5,0.7676547152976103,-9.646961168494032,5.323028676586505,6.580176721601274,2.457244328752748,-10.655793955966107,0.0,-20.0,-20.0,110.0,-9.864014533740686
1151,11.51,0.7675719842541588,-9.654108446457085,5.318092179784012,6.579776255416646,2.4583202657276906,-10.665134890371727,0.0,-20.0,-20.0,110.0,-9.868186173244379
1152,11.52,0.7674892532107074,-9.661255724420139,5.3131556829815185,6.57937561343164,2.459396137477136,-10.674475839834471,0.0,-20.0,-20.0,110.0,-9.87236217951656
1153,11.53,0.7674065221672559,-9.668403002383192,5.308219186179025,6.578974795656211,2.460471943972412,-10.68381680436005,0.0,-20.0,-20.0,110.0,-9.876542544694729
1154,11.540000000000001,0.7673237911238044,-9.675550280346245,5.303282689376532,6.578573802100319,2.461547685184849,-10.693157783954176,0.0,-20.0,-20.0,110.0,-9.880727260915107
1155,11.55,0.767241060080353,-9.682697558309298,5.298346192574039,6.578172632773927,2.462623361085777,-10.70249877862254,0.0,-20.0,-20.0,110.0,-9.884916320312666
1156,11.56,0.7671583290369015,-9.68984483627235,5.293409695771546,6.577771287687003,2.4636989716465307,-10.71183978837085,0.0,-20.0,-20.0,110.0,-9.889109715021121
1157,11.57,0.76707559799345,-9.696992114235401,5.2884731989690525,6.577369766849522,2.464774516838443,-10.721180813204805,0.0,-20.0,-20.0,110.0,-9.893307437172963
1158,11.58,0.7669928669499986,-9.704139392198453,5.283536702166559,6.57696807027146,2.465849996632851,-10.73052185313011,0.0,-20.0,-20.0,110.0,-9.897509478899453
1159,11.59,0.7669101359065471,-9.711286670161504,5.278600205364066,6.576566197962799,2.4669254110010916,-10.739862908152457,0.0,-20.0,-20.0,110.0,-9.901715832330629
1160,11.6,0.7668274048630956,-9.718433948124556,5.273663708561573,6.576164149933526,2.468000759914505,-10.74920397827754,0.0,-20.0,-20.0,110.0,-9.905926489595343
1161,11.61,0.7667446738196442,-9.725581226087607,5.26872721175908,6.575761926193632,2.4690760433444305,-10.758545063511063,0.0,-20.0,-20.0,110.0,-9.910141442821239
1162,11.620000000000001,0.7666619427761927,-9.732728504050659,5.263790714956587,6.57535952675311,2.470151261262212,-10.76788616385871,0.0,-20.0,-20.0,110.0,-9.914360684134785
1163,11.63,0.7665792117327412,-9.73987578201371,5.258854218154093,6.574956951621963,2.471226413639193,-10.777227279326178,0.0,-20.0,-20.0,110.0,-9.918584205661281
1164,11.64,0.7664964806892898,-9.747023059976762,5.2539177213516,6.574554200810179,2.4723015004467124,-10.786568409919125,0.0,-20.0,-20.0,110.0,-9.922811999524852
1165,11.65,0.7664137496458383,-9.754170337939813,5.248981224549107,6.574151274327798,2.4733765216561294,-10.795909555643293,0.0,-20.0,-20.0,110.0,-9.927044057848487
1166,11.66,0.7663310186023868,-9.761317615902863,5.244044727746614,6.573748172184817,2.4744514772387864,-10.805250716504348,0.0,-20.0,-20.0,110.0,-9.931280372754015
1167,11.67,0.7662482875589354,-9.768464893865913,5.239108230944121,6.573344894391255,2.475526367166034,-10.814591892507968,0.0,-20.0,-20.0,110.0,-9.935520936362158
1168,11.68,0.7661655565154839,-9.775612171828962,5.234171734141627,6.572941440957134,2.4766011914092227,-10.823933083659842,0.0,-20.0,-20.0,110.0,-9.939765740792486
1169,11.69,0.7660828254720324,-9.782759449792012,5.229235237339134,6.57253781189248,2.4776759499397074,-10.833274289965647,0.0,-20.0,-20.0,110.0,-9.944014778163481
1170,11.700000000000001,0.766000094428581,-9.789906727755062,5.224298740536641,6.5721340072073255,2.478750642728843,-10.842615511431068,0.0,-20.0,-20.0,110.0,-9.948268040592506
1171,11.71,0.7659173633851295,-9.797054005718111,5.219362243734148,6.571730026911704,2.479825269747984,-10.851956748061777,0.0,-20.0,-20.0,110.0,-9.952525520195836
1172,11.72,0.765834632341678,-9.804201283681161,5.214425746931655,6.571325871015658,2.4808998309684895,-10.861297999863462,0.0,-20.0,-20.0,110.0,-9.95678720908866
1173,11.73,0.7657519012982266,-9.81134856164421,5.209489250129161,6.570921539529237,2.48197432636172,-10.870639266841788,0.0,-20.0,-20.0,110.0,-9.961053099385088
1174,11.74,0.7656691702547751,-9.81849583960726,5.204552753326668,6.570517032462484,2.483048755899035,-10.879980549002436,0.0,-20.0,-20.0,110.0,-9.965323183198164
1175,11.75,0.7655864392113236,-9.825643117570309,5.199616256524175,6.570112349825453,2.484123119551797,-10.889321846351072,0.0,-20.0,-20.0,110.0,-9.969597452639867
1176,11.76,0.7655037081678722,-9.832790395533356,5.194679759721682,6.569707491628207,2.485197417291372,-10.898663158893376,0.0,-20.0,-20.0,110.0,-9.973875899821138
1177,11.77,0.7654209771244207,-9.839937673496404,5.189743262919189,6.569302457880803,2.486271649089125,-10.908004486635006,0.0,-20.0,-20.0,110.0,-9.978158516851868
1178,11.78,0.7653382460809692,-9.847084951459452,5.184806766116695,6.568897248593314,2.4873458149164227,-10.917345829581643,0.0,-20.0,-20.0,110.0,-9.982445295840918
1179,11.790000000000001,0.7652555150375178,-9.8542322294225,5.179870269314202,6.568491863775808,2.4884199147446346,-10.926687187738942,0.0,-20.0,-20.0,110.0,-9.986736228896115
1180,11.8,0.7651727839940663,-9.861379507385548,5.174933772511709,6.568086303438363,2.489493948545131,-10.936028561112572,0.0,-20.0,-20.0,110.0,-9.991031308124281
1181,11.81,0.7650900529506148,-9.868526785348596,5.169997275709216,6.567680567591061,2.4905679162892844,-10.945369949708198,0.0,-20.0,-20.0,110.0,-9.995330525631221
1182,11.82,0.7650073219071634,-9.875674063311644,5.165060778906723,6.5672746562439865,2.4916418179484685,-10.954711353531478,0.0,-20.0,-20.0,110.0,-9.999633873521736
1183,11.83,0.7649245908637119,-9.882821341274692,5.1601242821042295,6.566868569407229,2.492715653494059,-10.96405277258807,0.0,-20.0,-20.0,110.0,-10.00394134389964
1184,11.84,0.7648418598202604,-9.88996861923774,5.155187785301736,6.566462307090883,2.4937894228974313,-10.973394206883636,0.0,-20.0,-20.0,110.0,-10.008252928867757
1185,11.85,0.764759128776809,-9.897115897200786,5.150251288499243,6.566055869305048,2.4948631261299656,-10.982735656423834,0.0,-20.0,-20.0,110.0,-10.012568620527926
1186,11.86,0.7646763977333575,-9.904263175163832,5.14531479169675,6.565649256059826,2.4959367631630403,-10.992077121214313,0.0,-20.0,-20.0,110.0,-10.016888410981023
1187,11.870000000000001,0.764593666689906,-9.911410453126878,5.140378294894257,6.565242467365327,2.497010333968037,-11.001418601260736,0.0,-20.0,-20.0,110.0,-10.021212292326954
1188,11.88,0.7645109356464546,-9.918557731089924,5.1354417980917635,6.564835503231663,2.49808383851634,-11.010760096568744,0.0,-20.0,-20.0,110.0,-10.025540256664673
1189,11.89,0.7644282046030031,-9.92570500905297,5.13050530128927,6.56442836366895,2.499157276779334,-11.020101607143994,0.0,-20.0,-20.0,110.0,-10.029872296092172
1190,11.9,0.7643454735595516,-9.932852287016017,5.125568804486777,6.564021048687311,2.500230648728405,-11.029443132992135,0.0,-20.0,-20.0,110.0,-10.034208402706502
1191,11.91,0.7642627425161002,-9.939999564979063,5.120632307684284,6.563613558296869,2.50130395433494,-11.038784674118808,0.0,-20.0,-20.0,110.0,-10.03854856860379
1192,11.92,0.7641800114726487,-9.947146842942109,5.115695810881791,6.563205892507755,2.5023771935703287,-11.048126230529666,0.0,-20.0,-20.0,110.0,-10.042892785879209
1193,11.93,0.7640972804291972,-9.954294120905155,5.1107593140792975,6.562798051330106,2.5034503664059633,-11.05746780223035,0.0,-20.0,-20.0,110.0,-10.047241046627027
1194,11.94,0.7640145493857458,-9.9614413988682,5.105822817276804,6.562390034774062,2.5045234728132355,-11.066809389226501,0.0,-20.0,-20.0,110.0,-10.051593342940576
1195,11.950000000000001,0.7639318183422943,-9.968588676831244,5.100886320474311,6.561981842849763,2.505596512763541,-11.076150991523765,0.0,-20.0,-20.0,110.0,-10.05594966691229
1196,11.96,0.7638490872988428,-9.975735954794288,5.095949823671818,6.56157347556736,2.5066694862282737,-11.085492609127776,0.0,-20.0,-20.0,110.0,-10.060310010633687
1197,11.97,0.7637663562553914,-9.982883232757333,5.091013326869325,6.561164932937005,2.5077423931788316,-11.094834242044174,0.0,-20.0,-20.0,110.0,-10.064674366195387
1198,11.98,0.7636836252119399,-9.990030510720377,5.0860768300668315,6.560756214968857,2.5088152335866147,-11.104175890278594,0.0,-20.0,-20.0,110.0,-10.069042725687114
1199,11.99,0.7636008941684884,-9.997177788683421,5.081140333264338,6.560347321673077,2.509888007423022,-11.113517553836667,0.0,-20.0,-20.0,110.0,-10.0734150811977
1200,12.0,0.763518163125037,-10.004325066646466,5.076203836461845,6.559938253059831,2.510960714659456,-11.122859232724032,0.0,-20.0,-20.0,110.0,-10.077791424815102
1201,12.01,0.7634354320815855,-10.01147234460951,5.071267339659352,6.5595290091392915,2.5120333552673215,-11.132200926946318,0.0,-20.0,-20.0,110.0,-10.08217174862638
1202,12.02,0.763352701038134,-10.018619622572555,5.06633084285686,6.5591195899216315,2.5131059292180224,-11.141542636509152,0.0,-20.0,-20.0,110.0,-10.086556044717737
1203,12.030000000000001,0.7632699699946826,-10.025766900535599,5.061394346054367,6.558709995417032,2.514178436482968,-11.150884361418168,0.0,-20.0,-20.0,110.0,-10.090944305174496
1204,12.040000000000001,0.7631872389512311,-10.032914178498642,5.056457849251875,6.558300225635678,2.515250877033564,-11.160226101678987,0.0,-20.0,-20.0,110.0,-10.095336522081121
1205,12.05,0.7631045079077796,-10.040061456461684,5.051521352449383,6.557890280587757,2.516323250841222,-11.169567857297237,0.0,-20.0,-20.0,110.0,-10.099732687521216
1206,12.06,0.7630217768643281,-10.047208734424727,5.04658485564689,6.557480160283465,2.5173955578773537,-11.178909628278538,0.0,-20.0,-20.0,110.0,-10.10413279357753
1207,12.07,0.7629390458208767,-10.05435601238777,5.041648358844398,6.5570698647329975,2.518467798113372,-11.188251414628516,0.0,-20.0,-20.0,110.0,-10.108536832331962
1208,12.08,0.7628563147774252,-10.061503290350812,5.036711862041906,6.556659393946558,2.519539971520693,-11.19759321635279,0.0,-20.0,-20.0,110.0,-10.112944795865566
1209,12.09,0.7627735837339737,-10.068650568313855,5.0317753652394135,6.55624874793435,2.5206120780707315,-11.206935033456977,0.0,-20.0,-20.0,110.0,-10.117356676258547
1210,12.1,0.7626908526905223,-10.075797846276897,5.026838868436921,6.555837926706589,2.521684117734906,-11.216276865946696,0.0,-20.0,-20.0,110.0,-10.121772465590283
1211,12.11,0.7626081216470708,-10.08294512423994,5.021902371634429,6.555426930273491,2.522756090484637,-11.225618713827558,0.0,-20.0,-20.0,110.0,-10.126192155939313
1212,12.120000000000001,0.7625253906036193,-10.090092402202982,5.016965874831937,6.555015758645274,2.523827996291345,-11.234960577105177,0.0,-20.0,-20.0,110.0,-10.130615739383344
1213,12.13,0.7624426595601679,-10.097239680166023,5.012029378029444,6.554604411832163,2.524899835126453,-11.24430245578517,0.0,-20.0,-20.0,110.0,-10.135043207999264
1214,12.14,0.7623599285167164,-10.104386958129064,5.007092881226952,6.554192889844389,2.525971606961386,-11.253644349873147,0.0,-20.0,-20.0,110.0,-10.139474553863128
1215,12.15,0.762277197473265,-10.111534236092105,5.00215638442446,6.553781192692187,2.5270433117675695,-11.262986259374713,0.0,-20.0,-20.0,110.0,-10.143909769050184
1216,12.16,0.7621944664298135,-10.118681514055146,4.997219887621967,6.553369320385794,2.5281149495164312,-11.27232818429548,0.0,-20.0,-20.0,110.0,-10.148348845634859
1217,12.17,0.762111735386362,-10.125828792018186,4.992283390819475,6.552957272935452,2.5291865201794006,-11.28167012464105,0.0,-20.0,-20.0,110.0,-10.152791775690767
1218,12.18,0.7620290043429105,-10.132976069981227,4.987346894016983,6.552545050351407,2.530258023727909,-11.291012080417028,0.0,-20.0,-20.0,110.0,-10.157238551290709
1219,12.19,0.7619462732994591,-10.140123347944268,4.98241039721449,6.5521326526439,2.5313294601333824,-11.300354051628991,0.0,-20.0,-20.0,110.0,-10.161689164506694
1220,12.200000000000001,0.7618635422560076,-10.147270625907309,4.977473900411998,6.551720079823213,2.532400829367267,-11.309696038282592,0.0,-20.0,-20.0,110.0,-10.166143607409905
1221,12.21,0.7617808112125561,-10.15441790387035,4.972537403609506,6.5513073318995945,2.533472131400992,-11.319038040383404,0.0,-20.0,-20.0,110.0,-10.17060187207075
1222,12.22,0.7616980801691047,-10.161565181833389,4.9676009068070135,6.550894408883309,2.5345433662059955,-11.328380057937027,0.0,-20.0,-20.0,110.0,-10.17506395055881
1223,12.23,0.7616153491256532,-10.168712459796428,4.962664410004521,6.550481310784627,2.535614533753716,-11.337722090949052,0.0,-20.0,-20.0,110.0,-10.1795298349429
1224,12.24,0.7615326180822017,-10.175859737759467,4.957727913202029,6.550068037613819,2.536685634015593,-11.347064139425076,0.0,-20.0,-20.0,110.0,-10.183999517291019
1225,12.25,0.7614498870387503,-10.183007015722506,4.952791416399537,6.549654589381168,2.537756666963071,-11.356406203370694,0.0,-20.0,-20.0,110.0,-10.188472989670391
1226,12.26,0.7613671559952988,-10.190154293685545,4.947854919597044,6.549240966096959,2.538827632567592,-11.365748282791497,0.0,-20.0,-20.0,110.0,-10.19295024414744
1227,12.27,0.7612844249518473,-10.197301571648584,4.942918422794552,6.548827167771476,2.539898530800601,-11.37509037769307,0.0,-20.0,-20.0,110.0,-10.197431272787803
1228,12.280000000000001,0.7612016939083959,-10.204448849611623,4.93798192599206,6.54841319441501,2.5409693616335454,-11.384432488081003,0.0,-20.0,-20.0,110.0,-10.201916067656342
1229,12.290000000000001,0.7611189628649444,-10.211596127574662,4.933045429189567,6.547999046037862,2.5420401250378744,-11.393774613960886,0.0,-20.0,-20.0,110.0,-10.206404620817123
1230,12.3,0.7610362318214929,-10.218743405537701,4.928108932387075,6.547584722650331,2.5431108209850377,-11.403116755338301,0.0,-20.0,-20.0,110.0,-10.210896924333438
1231,12.31,0.7609535007780415,-10.22589068350074,4.923172435584583,6.5471702242627225,2.544181449446486,-11.41245891221883,0.0,-20.0,-20.0,110.0,-10.215392970267795
1232,12.32,0.76087076973459,-10.233037961463777,4.91823593878209,6.546755550885352,2.545252010393674,-11.421801084608058,0.0,-20.0,-20.0,110.0,-10.219892750681925
1233,12.33,0.7607880386911385,-10.240185239426815,4.913299441979598,6.546340702528526,2.5463225037980575,-11.431143272511566,0.0,-20.0,-20.0,110.0,-10.224396257636778
1234,12.34,0.7607053076476871,-10.247332517389852,4.908362945177106,6.54592567920257,2.547392929631091,-11.440485475934928,0.0,-20.0,-20.0,110.0,-10.228903483192532
1235,12.35,0.7606225766042356,-10.25447979535289,4.9034264483746135,6.545510480917805,2.5484632878642333,-11.44982769488372,0.0,-20.0,-20.0,110.0,-10.233414419408582
1236,12.36,0.7605398455607841,-10.261627073315926,4.898489951572121,6.545095107684562,2.5495335784689455,-11.45916992936352,0.0,-20.0,-20.0,110.0,-10.237929058343555
1237,12.370000000000001,0.7604571145173327,-10.268774351278964,4.893553454769629,6.54467955951317,2.5506038014166874,-11.468512179379903,0.0,-20.0,-20.0,110.0,-10.242447392055302
1238,12.38,0.7603743834738812,-10.275921629242001,4.888616957967137,6.544263836413966,2.5516739566789237,-11.47785444493844,0.0,-20.0,-20.0,110.0,-10.246969412600896
1239,12.39,0.7602916524304297,-10.283068907205038,4.883680461164644,6.543847938397296,2.5527440442271176,-11.487196726044703,0.0,-20.0,-20.0,110.0,-10.251495112036642
1240,12.4,0.7602089213869783,-10.290216185168076,4.878743964362152,6.543431865473505,2.553814064032736,-11.496539022704255,0.0,-20.0,-20.0,110.0,-10.256024482418063
1241,12.41,0.7601261903435268,-10.297363463131111,4.87380746755966,6.543015617652942,2.554884016067247,-11.505881334922668,0.0,-20.0,-20.0,110.0,-10.26055751579992
1242,12.42,0.7600434593000753,-10.304510741094147,4.868870970757167,6.542599194945962,2.5559539003021197,-11.515223662705505,0.0,-20.0,-20.0,110.0,-10.265094204236199
1243,12.43,0.7599607282566239,-10.311658019057182,4.863934473954675,6.542182597362927,2.5570237167088252,-11.52456600605833,0.0,-20.0,-20.0,110.0,-10.269634539780103
1244,12.44,0.7598779972131724,-10.318805297020218,4.858997977152183,6.5417658249142,2.5580934652588367,-11.533908364986708,0.0,-20.0,-20.0,110.0,-10.274178514484081
1245,12.450000000000001,0.7597952661697209,-10.325952574983253,4.85406148034969,6.541348877610148,2.559163145923628,-11.543250739496196,0.0,-20.0,-20.0,110.0,-10.278726120399792
1246,12.46,0.7597125351262695,-10.333099852946289,4.849124983547198,6.5409317554611475,2.560232758674676,-11.552593129592358,0.0,-20.0,-20.0,110.0,-10.283277349578126
1247,12.47,0.759629804082818,-10.340247130909324,4.844188486744706,6.540514458477561,2.561302303483452,-11.561935535280718,0.0,-20.0,-20.0,110.0,-10.287832194069209
1248,12.48,0.7595470730393665,-10.34739440887236,4.8392519899422135,6.540096986669797,2.5623717803214467,-11.57127795656689,0.0,-20.0,-20.0,110.0,-10.29239064592237
1249,12.49,0.7594643419959151,-10.354541686835395,4.834315493139721,6.53967934004823,2.5634411891601347,-11.5806203934564,0.0,-20.0,-20.0,110.0,-10.296952697186189
1250,12.5,0.7593816109524636,-10.36168896479843,4.829378996337229,6.539261518623252,2.5645105299709994,-11.5899628459548,0.0,-20.0,-20.0,110.0,-10.301518339908444
1251,12.51,0.7592988799090121,-10.368836242761464,4.824442499534737,6.538843522405257,2.5655798027255248,-11.59930531406764,0.0,-20.0,-20.0,110.0,-10.306087566136158
1252,12.52,0.7592161488655607,-10.375983520724498,4.819506002732244,6.538425351404646,2.566649007395197,-11.608647797800472,0.0,-20.0,-20.0,110.0,-10.310660367915563
1253,12.530000000000001,0.7591334178221092,-10.383130798687532,4.814569505929752,6.538007005631822,2.5677181439515016,-11.617990297158846,0.0,-20.0,-20.0,110.0,-10.315236737292112
1254,12.540000000000001,0.7590506867786577,-10.390278076650565,4.80963300912726,6.537588485097195,2.568787212365929,-11.6273328121483,0.0,-20.0,-20.0,110.0,-10.319816666310484
1255,12.55,0.7589679557352063,-10.397425354613599,4.804696512324767,6.5371697898111805,2.5698562126099698,-11.636675342774383,0.0,-20.0,-20.0,110.0,-10.32440014701456
1256,12.56,0.7588852246917548,-10.404572632576633,4.799760015522275,6.536750919784195,2.570925144655116,-11.64601788904264,0.0,-20.0,-20.0,110.0,-10.328987171447457
1257,12.57,0.7588024936483033,-10.411719910539667,4.794823518719783,6.5363318750266615,2.5719940084728616,-11.655360450958609,0.0,-20.0,-20.0,110.0,-10.33357773165149
1258,12.58,0.7587197626048519,-10.4188671885027,4.78988702191729,6.5359126555490095,2.5730628040347026,-11.66470302852783,0.0,-20.0,-20.0,110.0,-10.338171819668199
1259,12.59,0.7586370315614004,-10.426014466465734,4.784950525114799,6.535493261361664,2.5741315313121342,-11.674045621755841,0.0,-20.0,-20.0,110.0,-10.342769427538316
1260,12.6,0.7585543005179489,-10.433161744428766,4.780014028312308,6.53507369247507,2.575200190276658,-11.683388230648182,0.0,-20.0,-20.0,110.0,-10.347370547301805
1261,12.61,0.7584715694744975,-10.440309022391798,4.775077531509816,6.534653948899662,2.576268780899773,-11.692730855210382,0.0,-20.0,-20.0,110.0,-10.351975170997807
1262,12.620000000000001,0.758388838431046,-10.44745630035483,4.770141034707325,6.534234030645887,2.577337303152982,-11.702073495447978,0.0,-20.0,-20.0,110.0,-10.356583290664698
1263,12.63,0.7583061073875945,-10.454603578317862,4.765204537904833,6.533813937724193,2.5784057570077863,-11.7114161513665,0.0,-20.0,-20.0,110.0,-10.36119489834003
1264,12.64,0.758223376344143,-10.461750856280894,4.760268041102342,6.5333936701450375,2.5794741424356937,-11.720758822971474,0.0,-20.0,-20.0,110.0,-10.365809986060567
1265,12.65,0.7581406453006916,-10.468898134243926,4.7553315442998505,6.532973227918878,2.580542459408211,-11.730101510268433,0.0,-20.0,-20.0,110.0,-10.370428545862266
1266,12.66,0.7580579142572401,-10.476045412206958,4.750395047497359,6.532552611056175,2.5816107078968455,-11.739444213262903,0.0,-20.0,-20.0,110.0,-10.375050569780273
1267,12.67,0.7579751832137887,-10.48319269016999,4.745458550694868,6.532131819567396,2.582678887873107,-11.748786931960408,0.0,-20.0,-20.0,110.0,-10.379676049848927
1268,12.68,0.7578924521703372,-10.490339968133021,4.740522053892376,6.531710853463018,2.5837469993085094,-11.758129666366472,0.0,-20.0,-20.0,110.0,-10.38430497810175
1269,12.69,0.7578097211268857,-10.497487246096053,4.735585557089885,6.531289712753512,2.5848150421745655,-11.767472416486614,0.0,-20.0,-20.0,110.0,-10.38893734657146
1270,12.700000000000001,0.7577269900834342,-10.504634524059083,4.730649060287393,6.530868397449364,2.5858830164427893,-11.776815182326358,0.0,-20.0,-20.0,110.0,-10.393573147289938
1271,12.71,0.7576442590399828,-10.511781802022114,4.725712563484902,6.530446907561055,2.5869509220846987,-11.78615796389122,0.0,-20.0,-20.0,110.0,-10.398212372288256
1272,12.72,0.7575615279965313,-10.518929079985144,4.720776066682411,6.530025243099077,2.588018759071812,-11.795500761186716,0.0,-20.0,-20.0,110.0,-10.402855013596655
1273,12.73,0.7574787969530798,-10.526076357948174,4.715839569879919,6.529603404073926,2.589086527375648,-11.804843574218363,0.0,-20.0,-20.0,110.0,-10.407501063244545
1274,12.74,0.7573960659096284,-10.533223635911204,4.710903073077428,6.529181390496098,2.5901542269677305,-11.814186402991675,0.0,-20.0,-20.0,110.0,-10.412150513260505
1275,12.75,0.7573133348661769,-10.540370913874234,4.705966576274936,6.528759202376101,2.5912218578195816,-11.823529247512162,0.0,-20.0,-20.0,110.0,-10.416803355672267
1276,12.76,0.7572306038227254,-10.547518191837264,4.701030079472445,6.52833683972444,2.5922894199027255,-11.832872107785334,0.0,-20.0,-20.0,110.0,-10.421459582506735
1277,12.77,0.757147872779274,-10.554665469800295,4.6960935826699535,6.527914302551626,2.5933569131886913,-11.842214983816703,0.0,-20.0,-20.0,110.0,-10.426119185789958
1278,12.780000000000001,0.7570651417358225,-10.561812747763325,4.691157085867462,6.527491590868178,2.594424337649005,-11.851557875611771,0.0,-20.0,-20.0,110.0,-10.430782157547137
1279,12.790000000000001,0.756982410692371,-10.568960025726353,4.686220589064971,6.527068704684618,2.5954916932551964,-11.860900783176044,0.0,-20.0,-20.0,110.0,-10.435448489802615
1280,12.8,0.7568996796489196,-10.576107303689382,4.681284092262479,6.526645644011472,2.5965589799787985,-11.870243706515032,0.0,-20.0,-20.0,110.0,-10.440118174579888
1281,12.81,0.7568169486054681,-10.58325458165241,4.676347595459988,6.526222408859269,2.597626197791343,-11.879586645634227,0.0,-20.0,-20.0,110.0,-10.444791203901579
1282,12.82,0.7567342175620166,-10.590401859615438,4.671411098657496,6.525798999238544,2.598693346664366,-11.888929600539136,0.0,-20.0,-20.0,110.0,-10.44946756978944
1283,12.83,0.7566514865185652,-10.597549137578467,4.666474601855005,6.525375415159837,2.599760426569404,-11.898272571235255,0.0,-20.0,-20.0,110.0,-10.454147264264359
1284,12.84,0.7565687554751137,-10.604696415541495,4.6615381050525135,6.524951656633695,2.600827437477995,-11.907615557728084,0.0,-20.0,-20.0,110.0,-10.45883027934634
1285,12.85,0.7564860244316622,-10.611843693504524,4.656601608250022,6.524527723670659,2.601894379361678,-11.916958560023113,0.0,-20.0,-20.0,110.0,-10.463516607054506
1286,12.86,0.7564032933882108,-10.618990971467552,4.651665111447531,6.524103616281291,2.602961252191995,-11.926301578125845,0.0,-20.0,-20.0,110.0,-10.468206239407088
1287,12.870000000000001,0.7563205623447593,-10.62613824943058,4.646728614645039,6.523679334476142,2.604028055940489,-11.935644612041763,0.0,-20.0,-20.0,110.0,-10.472899168421437
1288,12.88,0.7562378313013078,-10.633285527393607,4.641792117842548,6.523254878265776,2.6050947905787054,-11.944987661776363,0.0,-20.0,-20.0,110.0,-10.477595386113983
1289,12.89,0.7561551002578564,-10.640432805356633,4.636855621040056,6.522830247660746,2.6061614560781834,-11.954330727335105,0.0,-20.0,-20.0,110.0,-10.48229488450027
1290,12.9,0.7560723692144049,-10.64758008331966,4.631919124237565,6.522405442671649,2.6072280524104836,-11.963673808723527,0.0,-20.0,-20.0,110.0,-10.486997655594925
1291,12.91,0.7559896381709534,-10.654727361282687,4.626982627435074,6.521980463309049,2.6082945795471497,-11.973016905947095,0.0,-20.0,-20.0,110.0,-10.491703691411665
1292,12.92,0.755906907127502,-10.661874639245713,4.622046130632582,6.5215553095835235,2.6093610374597334,-11.982360019011285,0.0,-20.0,-20.0,110.0,-10.496412983963275
1293,12.93,0.7558241760840505,-10.66902191720874,4.617109633830091,6.521129981505658,2.6104274261197875,-11.991703147921584,0.0,-20.0,-20.0,110.0,-10.501125525261623
1294,12.94,0.755741445040599,-10.676169195171767,4.612173137027599,6.520704479086041,2.611493745498866,-12.00104629268347,0.0,-20.0,-20.0,110.0,-10.505841307317633
1295,12.950000000000001,0.7556587139971476,-10.683316473134793,4.607236640225108,6.520278802335268,2.6125599955685264,-12.010389453302427,0.0,-20.0,-20.0,110.0,-10.5105603221413
1296,12.96,0.7555759829536961,-10.69046375109782,4.6023001434226165,6.519852951263933,2.6136261763003255,-12.019732629783926,0.0,-20.0,-20.0,110.0,-10.515282561741673
1297,12.97,0.7554932519102446,-10.697611029060846,4.597363646620125,6.51942692588264,2.614692287665824,-12.029075822133446,0.0,-20.0,-20.0,110.0,-10.520008018126834
1298,12.98,0.7554105208667932,-10.704758307023871,4.592427149817634,6.519000726201996,2.615758329636583,-12.038419030356463,0.0,-20.0,-20.0,110.0,-10.524736683303919
1299,12.99,0.7553277898233417,-10.711905584986896,4.587490653015142,6.518574352232614,2.616824302184165,-12.047762254458444,0.0,-20.0,-20.0,110.0,-10.529468549279095
1300,13.0,0.7552450587798902,-10.71905286294992,4.582554156212651,6.518147803985108,2.617890205280134,-12.057105494444865,0.0,-20.0,-20.0,110.0,-10.534203608057558
1301,13.01,0.7551623277364388,-10.726200140912946,4.577617659410159,6.517721081470098,2.6189560388960578,-12.06644875032119,0.0,-20.0,-20.0,110.0,-10.538941851643521
1302,13.02,0.7550795966929873,-10.73334741887597,4.572681162607668,6.517294184698208,2.620021803003503,-12.075792022092893,0.0,-20.0,-20.0,110.0,-10.543683272040216
1303,13.030000000000001,0.7549968656495358,-10.740494696838995,4.567744665805177,6.51686711368007,2.6210874975740404,-12.08513530976543,0.0,-20.0,-20.0,110.0,-10.548427861249875
1304,13.040000000000001,0.7549141346060844,-10.74764197480202,4.562808169002685,6.516439868426316,2.62215312257924,-12.094478613344275,0.0,-20.0,-20.0,110.0,-10.553175611273737
1305,13.05,0.7548314035626329,-10.754789252765045,4.557871672200194,6.516012448947585,2.623218677990675,-12.103821932834885,0.0,-20.0,-20.0,110.0,-10.557926514112019
1306,13.06,0.7547486725191814,-10.76193653072807,4.552935175397702,6.515584855254518,2.624284163779921,-12.113165268242723,0.0,-20.0,-20.0,110.0,-10.562680561763948
1307,13.07,0.75466594147573,-10.769083808691093,4.547998678595211,6.515157087357764,2.6253495799185536,-12.122508619573248,0.0,-20.0,-20.0,110.0,-10.567437746227698
1308,13.08,0.7545832104322785,-10.776231086654116,4.5430621817927195,6.5147291452679745,2.626414926378151,-12.131851986831913,0.0,-20.0,-20.0,110.0,-10.572198059500435
1309,13.09,0.754500479388827,-10.783378364617139,4.538125684990228,6.514301028995803,2.6274802031302933,-12.14119537002418,0.0,-20.0,-20.0,110.0,-10.576961493578274
1310,13.1,0.7544177483453756,-10.790525642580162,4.533189188187737,6.513872738551915,2.62854541014656,-12.150538769155505,0.0,-20.0,-20.0,110.0,-10.58172804045629
1311,13.11,0.7543350173019241,-10.797672920543185,4.528252691385245,6.51344427394697,2.629610547398536,-12.159882184231332,0.0,-20.0,-20.0,110.0,-10.586497692128503
1312,13.120000000000001,0.7542522862584726,-10.804820198506208,4.523316194582754,6.5130156351916435,2.630675614857804,-12.169225615257117,0.0,-20.0,-20.0,110.0,-10.591270440587866
1313,13.13,0.7541695552150212,-10.811967476469231,4.518379697780262,6.512586822296607,2.6317406124959515,-12.178569062238312,0.0,-20.0,-20.0,110.0,-10.596046277826268
1314,13.14,0.7540868241715697,-10.819114754432254,4.513443200977771,6.512157835272524,2.6328055402845605,-12.18791252518033,0.0,-20.0,-20.0,110.0,-10.600825195834517
1315,13.15,0.7540040931281182,-10.826262032395277,4.5085067041752795,6.511728674130107,2.633870398195231,-12.197256004088679,0.0,-20.0,-20.0,110.0,-10.605607186602326
1316,13.16,0.7539213620846668,-10.8334093103583,4.503570207372789,6.511299338880031,2.6349351861995505,-12.20659949896877,0.0,-20.0,-20.0,110.0,-10.610392242118325
1317,13.17,0.7538386310412153,-10.840556588321322,4.4986337105702985,6.510869829532986,2.63599990426911,-12.215943009826045,0.0,-20.0,-20.0,110.0,-10.615180354370027
1318,13.18,0.7537558999977638,-10.847703866284343,4.493697213767808,6.510440146099672,2.637064552375505,-12.22528653666595,0.0,-20.0,-20.0,110.0,-10.619971515343838
1319,13.19,0.7536731689543124,-10.854851144247364,4.488760716965317,6.510010288590784,2.6381291304903325,-12.234630079493922,0.0,-20.0,-20.0,110.0,-10.624765717025044
1320,13.200000000000001,0.7535904379108609,-10.861998422210386,4.483824220162827,6.509580257017031,2.6391936385851897,-12.243973638315401,0.0,-20.0,-20.0,110.0,-10.629562951397793
1321,13.21,0.7535077068674094,-10.869145700173407,4.478887723360336,6.509150051389124,2.6402580766316768,-12.25331721313582,0.0,-20.0,-20.0,110.0,-10.6343632104451
1322,13.22,0.753424975823958,-10.876292978136428,4.473951226557846,6.5087196717177775,2.641322444601394,-12.262660803960612,0.0,-20.0,-20.0,110.0,-10.639166486148824
1323,13.23,0.7533422447805065,-10.88344025609945,4.469014729755355,6.508289118013709,2.6423867424659453,-12.272004410795214,0.0,-20.0,-20.0,110.0,-10.643972770489668
1324,13.24,0.753259513737055,-10.89058753406247,4.464078232952865,6.507858390287641,2.643450970196935,-12.281348033645052,0.0,-20.0,-20.0,110.0,-10.648782055447166
1325,13.25,0.7531767826936036,-10.897734812025492,4.459141736150374,6.507427488550305,2.64451512776597,-12.290691672515559,0.0,-20.0,-20.0,110.0,-10.653594332999676
1326,13.26,0.7530940516501521,-10.904882089988511,4.454205239347884,6.506996412812429,2.645579215144657,-12.300035327412159,0.0,-20.0,-20.0,110.0,-10.65840959512436
1327,13.27,0.7530113206067006,-10.912029367951531,4.449268742545393,6.506565163084753,2.6466432323046063,-12.309378998340282,0.0,-20.0,-20.0,110.0,-10.663227833797198
1328,13.280000000000001,0.7529285895632492,-10.91917664591455,4.444332245742903,6.50613373937802,2.6477071792174294,-12.31872268530535,0.0,-20.0,-20.0,110.0,-10.668049040992944
1329,13.290000000000001,0.7528458585197977,-10.92632392387757,4.439395748940412,6.505702141702973,2.64877105585474,-12.328066388312786,0.0,-20.0,-20.0,110.0,-10.672873208685154
1330,13.3,0.7527631274763462,-10.93347120184059,4.434459252137922,6.505270370070363,2.649834862188152,-12.33741010736801,0.0,-20.0,-20.0,110.0,-10.677700328846143
1331,13.31,0.7526803964328947,-10.940618479803609,4.429522755335431,6.504838424490948,2.6508985981892823,-12.346753842476442,0.0,-20.0,-20.0,110.0,-10.682530393446992
1332,13.32,0.7525976653894433,-10.947765757766629,4.4245862585329405,6.504406304975484,2.6519622638297484,-12.356097593643502,0.0,-20.0,-20.0,110.0,-10.687363394457536
1333,13.33,0.7525149343459918,-10.954913035729648,4.41964976173045,6.503974011534735,2.6530258590811715,-12.365441360874604,0.0,-20.0,-20.0,110.0,-10.692199323846353
1334,13.34,0.7524322033025403,-10.962060313692668,4.4147132649279595,6.50354154417947,2.654089383915171,-12.37478514417516,0.0,-20.0,-20.0,110.0,-10.697038173580747
1335,13.35,0.7523494722590889,-10.969207591655685,4.409776768125469,6.503108902920461,2.6551528383033713,-12.384128943550587,0.0,-20.0,-20.0,110.0,-10.701879935626739
1336,13.36,0.7522667412156374,-10.976354869618703,4.404840271322978,6.502676087768489,2.656216222217398,-12.393472759006293,0.0,-20.0,-20.0,110.0,-10.706724601949078
1337,13.370000000000001,0.752184010172186,-10.98350214758172,4.399903774520488,6.502243098734332,2.6572795356288763,-12.402816590547687,0.0,-20.0,-20.0,110.0,-10.711572164511193
1338,13.38,0.7521012791287345,-10.990649425544738,4.394967277717997,6.501809935828779,2.658342778509435,-12.41216043818018,0.0,-20.0,-20.0,110.0,-10.716422615275212
1339,13.39,0.752018548085283,-10.997796703507756,4.390030780915507,6.501376599062617,2.659405950830704,-12.421504301909172,0.0,-20.0,-20.0,110.0,-10.721275946201933
1340,13.4,0.7519358170418315,-11.004943981470774,4.385094284113016,6.500943088446644,2.6604690525643147,-12.430848181740071,0.0,-20.0,-20.0,110.0,-10.726132149250828
1341,13.41,0.7518530859983801,-11.012091259433792,4.380157787310526,6.5005094039916616,2.6615320836819003,-12.440192077678281,0.0,-20.0,-20.0,110.0,-10.730991216380016
1342,13.42,0.7517703549549286,-11.01923853739681,4.375221290508035,6.500075545708471,2.6625950441550965,-12.449535989729203,0.0,-20.0,-20.0,110.0,-10.73585313954626
1343,13.43,0.7516876239114771,-11.026385815359827,4.370284793705545,6.499641513607883,2.6636579339555397,-12.45887991789823,0.0,-20.0,-20.0,110.0,-10.740717910704957
1344,13.44,0.7516048928680257,-11.033533093322845,4.365348296903054,6.4992073077007095,2.6647207530548673,-12.468223862190767,0.0,-20.0,-20.0,110.0,-10.745585521810124
1345,13.450000000000001,0.7515221618245742,-11.04068037128586,4.360411800100564,6.49877292799777,2.66578350142472,-12.477567822612205,0.0,-20.0,-20.0,110.0,-10.75045596481439
1346,13.46,0.7514394307811227,-11.047827649248877,4.355475303298073,6.498338374509883,2.6668461790367397,-12.486911799167936,0.0,-20.0,-20.0,110.0,-10.755329231668965
1347,13.47,0.7513566997376713,-11.054974927211893,4.3505388064955826,6.497903647247879,2.66790878586257,-12.496255791863359,0.0,-20.0,-20.0,110.0,-10.760205314323667
1348,13.48,0.7512739686942198,-11.062122205174909,4.345602309693092,6.497468746222588,2.668971321873856,-12.505599800703864,0.0,-20.0,-20.0,110.0,-10.765084204726868
1349,13.49,0.7511912376507683,-11.069269483137925,4.3406658128906015,6.497033671444845,2.670033787042244,-12.514943825694836,0.0,-20.0,-20.0,110.0,-10.769965894825514
1350,13.5,0.7511085066073169,-11.07641676110094,4.335729316088111,6.496598422925491,2.6710961813393816,-12.524287866841664,0.0,-20.0,-20.0,110.0,-10.774850376565084
1351,13.51,0.7510257755638654,-11.083564039063956,4.33079281928562,6.496163000675371,2.672158504736922,-12.533631924149736,0.0,-20.0,-20.0,110.0,-10.779737641889609
1352,13.52,0.7509430445204139,-11.090711317026972,4.32585632248313,6.495727404705332,2.6732207572065145,-12.542975997624437,0.0,-20.0,-20.0,110.0,-10.784627682741633
1353,13.530000000000001,0.7508603134769625,-11.097858594989988,4.320919825680639,6.495291635026231,2.674282938719814,-12.552320087271143,0.0,-20.0,-20.0,110.0,-10.789520491062213
1354,13.540000000000001,0.750777582433511,-11.105005872953003,4.315983328878149,6.494855691648924,2.6753450492484756,-12.56166419309524,0.0,-20.0,-20.0,110.0,-10.794416058790901
1355,13.55,0.7506948513900595,-11.112153150916017,4.311046832075658,6.494419574584259,2.6764070887641505,-12.571008315102077,0.0,-20.0,-20.0,110.0,-10.79931437786575
1356,13.56,0.7506121203466081,-11.119300428879031,4.306110335273168,6.493983283843133,2.677469057238509,-12.580352453297088,0.0,-20.0,-20.0,110.0,-10.804215440223269
1357,13.57,0.7505293893031566,-11.126447706842045,4.301173838470677,6.4935468194364026,2.6785309546432043,-12.589696607685624,0.0,-20.0,-20.0,110.0,-10.809119237798427
1358,13.58,0.7504466582597051,-11.13359498480506,4.296237341668187,6.493110181374944,2.6795927809499016,-12.599040778273054,0.0,-20.0,-20.0,110.0,-10.814025762524652
1359,13.59,0.7503639272162537,-11.140742262768073,4.291300844865696,6.492673369669637,2.6806545361302625,-12.608384965064749,0.0,-20.0,-20.0,110.0,-10.818935006333794
1360,13.6,0.7502811961728022,-11.147889540731088,4.286364348063206,6.492236384331368,2.681716220155953,-12.617729168066086,0.0,-20.0,-20.0,110.0,-10.823846961156129
1361,13.61,0.7501984651293507,-11.155036818694102,4.281427851260715,6.491799225371024,2.6827778329986396,-12.62707338728243,0.0,-20.0,-20.0,110.0,-10.82876161892034
1362,13.620000000000001,0.7501157340858993,-11.162184096657116,4.276491354458225,6.491361892799503,2.6838393746299927,-12.636417622719147,0.0,-20.0,-20.0,110.0,-10.833678971553502
1363,13.63,0.7500330030424478,-11.16933137462013,4.271554857655734,6.4909243866277,2.6849008450216814,-12.645761874381604,0.0,-20.0,-20.0,110.0,-10.838599010981065
1364,13.64,0.7499502719989963,-11.176478652583143,4.2666183608532435,6.49048670686652,2.6859622441453794,-12.655106142275168,0.0,-20.0,-20.0,110.0,-10.843521729126852
1365,13.65,0.7498675409555449,-11.183625930546155,4.261681864050753,6.4900488535268686,2.6870235719727598,-12.664450426405198,0.0,-20.0,-20.0,110.0,-10.848447117913038
1366,13.66,0.7497848099120934,-11.190773208509167,4.2567453672482625,6.489610826619659,2.688084828475499,-12.673794726777055,0.0,-20.0,-20.0,110.0,-10.85337516926013
1367,13.67,0.7497020788686419,-11.19792048647218,4.251808870445772,6.489172626155809,2.6891460136252743,-12.683139043396096,0.0,-20.0,-20.0,110.0,-10.858305875086966
1368,13.68,0.7496193478251905,-11.205067764435192,4.246872373643281,6.488734252146237,2.690207127393764,-12.692483376267683,0.0,-20.0,-20.0,110.0,-10.863239227310691
1369,13.69,0.749536616781739,-11.212215042398205,4.241935876840791,6.48829570460187,2.69126816975265,-12.70182772539717,0.0,-20.0,-20.0,110.0,-10.868175217846748
1370,13.700000000000001,0.7494538857382875,-11.219362320361217,4.2369993800383,6.487856983533637,2.692329140673615,-12.711172090789905,0.0,-20.0,-20.0,110.0,-10.873113838608862
1371,13.71,0.7493711546948361,-11.22650959832423,4.23206288323581,6.487418088952471,2.6933900401283437,-12.720516472451248,0.0,-20.0,-20.0,110.0,-10.87805508150902
1372,13.72,0.7492884236513846,-11.233656876287242,4.227126386433319,6.486979020869313,2.6944508680885213,-12.729860870386544,0.0,-20.0,-20.0,110.0,-10.882998938457467
1373,13.73,0.7492056926079331,-11.240804154250252,4.22218988963083,6.486539779295107,2.695511624525835,-12.739205284601143,0.0,-20.0,-20.0,110.0,-10.887945401362684
1374,13.74,0.7491229615644817,-11.247951432213263,4.21725339282834,6.486100364240798,2.696572309411975,-12.74854971510039,0.0,-20.0,-20.0,110.0,-10.892894462131379
1375,13.75,0.7490402305210302,-11.255098710176274,4.21231689602585,6.485660775717339,2.6976329227186313,-12.757894161889634,0.0,-20.0,-20.0,110.0,-10.897846112668466
1376,13.76,0.7489574994775787,-11.262245988139284,4.207380399223361,6.485221013735688,2.6986934644174982,-12.767238624974217,0.0,-20.0,-20.0,110.0,-10.902800344877049
1377,13.77,0.7488747684341273,-11.269393266102295,4.202443902420871,6.484781078306806,2.6997539344802703,-12.776583104359482,0.0,-20.0,-20.0,110.0,-10.907757150658417
1378,13.780000000000001,0.7487920373906758,-11.276540544065305,4.197507405618381,6.484340969441661,2.7008143328786427,-12.785927600050767,0.0,-20.0,-20.0,110.0,-10.91271652191202
1379,13.790000000000001,0.7487093063472243,-11.283687822028316,4.192570908815892,6.483900687151218,2.701874659584315,-12.795272112053413,0.0,-20.0,-20.0,110.0,-10.917678450535456
1380,13.8,0.7486265753037729,-11.290835099991327,4.187634412013402,6.483460231446455,2.702934914568986,-12.804616640372753,0.0,-20.0,-20.0,110.0,-10.922642928424459
1381,13.81,0.7485438442603214,-11.297982377954337,4.1826979152109125,6.483019602338349,2.703995097804357,-12.813961185014126,0.0,-20.0,-20.0,110.0,-10.927609947472876
1382,13.82,0.7484611132168699,-11.305129655917348,4.177761418408423,6.482578799837888,2.705055209262132,-12.823305745982866,0.0,-20.0,-20.0,110.0,-10.932579499572652
1383,13.83,0.7483783821734185,-11.312276933880357,4.172824921605933,6.482137823956057,2.7061152489140152,-12.8326503232843,0.0,-20.0,-20.0,110.0,-10.937551576613831
1384,13.84,0.748295651129967,-11.319424211843366,4.167888424803444,6.48169667470385,2.7071752167317134,-12.841994916923761,0.0,-20.0,-20.0,110.0,-10.942526170484522
1385,13.85,0.7482129200865155,-11.326571489806375,4.162951928000954,6.481255352092262,2.708235112686934,-12.85133952690658,0.0,-20.0,-20.0,110.0,-10.947503273070883
1386,13.86,0.748130189043064,-11.333718767769383,4.158015431198464,6.480813856132294,2.7092949367513888,-12.860684153238077,0.0,-20.0,-20.0,110.0,-10.952482876257118
1387,13.870000000000001,0.7480474579996126,-11.340866045732392,4.153078934395975,6.480372186834956,2.7103546888967887,-12.87002879592358,0.0,-20.0,-20.0,110.0,-10.957464971925452
1388,13.88,0.7479647269561611,-11.348013323695401,4.148142437593485,6.479930344211256,2.711414369094847,-12.879373454968418,0.0,-20.0,-20.0,110.0,-10.962449551956118
1389,13.89,0.7478819959127097,-11.35516060165841,4.143205940790995,6.479488328272209,2.7124739773172792,-12.888718130377903,0.0,-20.0,-20.0,110.0,-10.967436608227338
1390,13.9,0.7477992648692582,-11.362307879621419,4.138269443988506,6.4790461390288385,2.7135335135358023,-12.898062822157362,0.0,-20.0,-20.0,110.0,-10.972426132615302
1391,13.91,0.7477165338258067,-11.369455157584428,4.133332947186016,6.478603776492162,2.7145929777221345,-12.907407530312106,0.0,-20.0,-20.0,110.0,-10.977418116994171
1392,13.92,0.7476338027823553,-11.376602435547435,4.128396450383526,6.478161240673211,2.7156523698479966,-12.91675225484746,0.0,-20.0,-20.0,110.0,-10.982412553236037
1393,13.93,0.7475510717389038,-11.383749713510442,4.123459953581037,6.477718531583019,2.7167116898851105,-12.926096995768729,0.0,-20.0,-20.0,110.0,-10.987409433210921
1394,13.94,0.7474683406954523,-11.390896991473449,4.118523456778547,6.477275649232622,2.717770937805201,-12.935441753081234,0.0,-20.0,-20.0,110.0,-10.992408748786747
1395,13.950000000000001,0.7473856096520008,-11.398044269436456,4.1135869599760575,6.476832593633064,2.7188301135799926,-12.944786526790283,0.0,-20.0,-20.0,110.0,-10.997410491829337
1396,13.96,0.7473028786085494,-11.405191547399463,4.108650463173568,6.476389364795389,2.719889217181212,-12.954131316901183,0.0,-20.0,-20.0,110.0,-11.002414654202381
1397,13.97,0.7472201475650979,-11.41233882536247,4.103713966371078,6.475945962730648,2.72094824858059,-12.963476123419248,0.0,-20.0,-20.0,110.0,-11.00742122776743
1398,13.98,0.7471374165216464,-11.419486103325477,4.098777469568589,6.4755023874498985,2.7220072077498565,-12.97282094634978,0.0,-20.0,-20.0,110.0,-11.012430204383874
1399,13.99,0.747054685478195,-11.426633381288484,4.093840972766099,6.4750586389641995,2.723066094660744,-12.982165785698085,0.0,-20.0,-20.0,110.0,-11.017441575908922
1400,14.0,0.7469719544347435,-11.433780659251491,4.088904475963609,6.474614717284615,2.724124909284986,-12.991510641469464,0.0,-20.0,-20.0,110.0,-11.022455334197593
1401,14.01,0.746889223391292,-11.440927937214497,4.08396797916112,6.474170622422215,2.72518365159432,-13.00085551366922,0.0,-20.0,-20.0,110.0,-11.027471471102691
1402,14.02,0.7468064923478406,-11.448075215177502,4.07903148235863,6.47372635438807,2.726242321560483,-13.010200402302653,0.0,-20.0,-20.0,110.0,-11.032489978474793
1403,14.030000000000001,0.7467237613043891,-11.455222493140507,4.07409498555614,6.4732819131932615,2.727300919155214,-13.019545307375054,0.0,-20.0,-20.0,110.0,-11.037510848162226
1404,14.040000000000001,0.7466410302609376,-11.462369771103512,4.069158488753651,6.472837298848869,2.728359444350254,-13.028890228891731,0.0,-20.0,-20.0,110.0,-11.04253407201105
1405,14.05,0.7465582992174862,-11.469517049066518,4.064221991951161,6.47239251136598,2.7294178971173473,-13.038235166857966,0.0,-20.0,-20.0,110.0,-11.047559641865057
1406,14.06,0.7464755681740347,-11.476664327029523,4.059285495148671,6.4719475507556865,2.730476277428237,-13.047580121279058,0.0,-20.0,-20.0,110.0,-11.052587549565711
1407,14.07,0.7463928371305832,-11.483811604992528,4.054348998346182,6.4715024170290825,2.7315345852546704,-13.056925092160297,0.0,-20.0,-20.0,110.0,-11.057617786952186
1408,14.08,0.7463101060871318,-11.490958882955534,4.049412501543692,6.47105711019727,2.7325928205683954,-13.06627007950697,0.0,-20.0,-20.0,110.0,-11.062650345861297
1409,14.09,0.7462273750436803,-11.498106160918539,4.0444760047412025,6.470611630271352,2.733650983341162,-13.075615083324367,0.0,-20.0,-20.0,110.0,-11.067685218127515
1410,14.1,0.7461446440002288,-11.505253438881544,4.039539507938713,6.47016597726244,2.7347090735447215,-13.084960103617771,0.0,-20.0,-20.0,110.0,-11.07272239558294
1411,14.11,0.7460619129567774,-11.512400716844548,4.034603011136223,6.4697201511816305,2.735767091150821,-13.094305140392441,0.0,-20.0,-20.0,110.0,-11.07776187005727
1412,14.120000000000001,0.7459791819133259,-11.519547994807551,4.029666514333734,6.469274152040072,2.7368250361312274,-13.10365019365371,0.0,-20.0,-20.0,110.0,-11.082803633377798
1413,14.13,0.7458964508698744,-11.526695272770555,4.024730017531244,6.468827979848873,2.737882908457693,-13.112995263406837,0.0,-20.0,-20.0,110.0,-11.087847677369389
1414,14.14,0.745813719826423,-11.533842550733558,4.019793520728754,6.468381634619158,2.7389407081019757,-13.1223403496571,0.0,-20.0,-20.0,110.0,-11.092893993854462
1415,14.15,0.7457309887829715,-11.540989828696562,4.014857023926265,6.46793511636206,2.739998435035834,-13.13168545240977,0.0,-20.0,-20.0,110.0,-11.097942574652963
1416,14.16,0.74564825773952,-11.548137106659565,4.009920527123775,6.467488425088718,2.741056089231032,-13.141030571670129,0.0,-20.0,-20.0,110.0,-11.102993411582366
1417,14.17,0.7455655266960686,-11.555284384622569,4.004984030321285,6.467041560810269,2.7421136706593328,-13.150375707443443,0.0,-20.0,-20.0,110.0,-11.108046496457622
1418,14.18,0.7454827956526171,-11.562431662585572,4.000047533518796,6.466594523537859,2.7431711792925015,-13.159720859734993,0.0,-20.0,-20.0,110.0,-11.113101821091165
1419,14.19,0.7454000646091656,-11.569578940548576,3.9951110367163065,6.466147313282637,2.744228615102306,-13.169066028550043,0.0,-20.0,-20.0,110.0,-11.118159377292896
1420,14.200000000000001,0.7453173335657142,-11.576726218511578,3.9901745399138173,6.465699930055755,2.745285978060516,-13.178411213893865,0.0,-20.0,-20.0,110.0,-11.123219156870148
1421,14.21,0.7452346025222627,-11.58387349647458,3.985238043111328,6.465252373868375,2.7463432681389,-13.187756415771721,0.0,-20.0,-20.0,110.0,-11.12828115162767
1422,14.22,0.7451518714788112,-11.591020774437581,3.980301546308839,6.464804644731657,2.7474004853092326,-13.197101634188883,0.0,-20.0,-20.0,110.0,-11.133345353367604
1423,14.23,0.7450691404353598,-11.598168052400583,3.9753650495063497,6.464356742656771,2.7484576295432874,-13.206446869150607,0.0,-20.0,-20.0,110.0,-11.138411753889494
1424,14.24,0.7449864093919083,-11.605315330363585,3.9704285527038605,6.463908667654888,2.7495147008128416,-13.215792120662156,0.0,-20.0,-20.0,110.0,-11.143480344990218
1425,14.25,0.7449036783484568,-11.612462608326586,3.9654920559013713,6.463460419737185,2.75057169908967,-13.225137388728797,0.0,-20.0,-20.0,110.0,-11.148551118464013
1426,14.26,0.7448209473050054,-11.619609886289588,3.960555559098882,6.463011998914841,2.7516286243455546,-13.234482673355778,0.0,-20.0,-20.0,110.0,-11.15362406610242
1427,14.27,0.7447382162615539,-11.62675716425259,3.955619062296393,6.462563405199041,2.752685476552275,-13.243827974548362,0.0,-20.0,-20.0,110.0,-11.158699179694302
1428,14.280000000000001,0.7446554852181024,-11.633904442215592,3.9506825654939037,6.462114638600977,2.7537422556816162,-13.253173292311802,0.0,-20.0,-20.0,110.0,-11.163776451025784
1429,14.290000000000001,0.744572754174651,-11.641051720178593,3.9457460686914145,6.461665699131845,2.754798961705361,-13.26251862665135,0.0,-20.0,-20.0,110.0,-11.16885587188025
1430,14.3,0.7444900231311995,-11.648198998141593,3.9408095718889253,6.461216586802837,2.7558555945952974,-13.27186397757226,0.0,-20.0,-20.0,110.0,-11.173937434038335
1431,14.31,0.744407292087748,-11.655346276104593,3.935873075086436,6.46076730162516,2.756912154323213,-13.281209345079777,0.0,-20.0,-20.0,110.0,-11.179021129277894
1432,14.32,0.7443245610442966,-11.662493554067593,3.930936578283947,6.4603178436100235,2.7579686408608985,-13.290554729179153,0.0,-20.0,-20.0,110.0,-11.184106949373966
1433,14.33,0.7442418300008451,-11.669640832030593,3.9260000814814577,6.459868212768637,2.7590250541801447,-13.299900129875631,0.0,-20.0,-20.0,110.0,-11.189194886098795
1434,14.34,0.7441590989573936,-11.676788109993593,3.9210635846789685,6.459418409112218,2.760081394252745,-13.30924554717446,0.0,-20.0,-20.0,110.0,-11.194284931221747
1435,14.35,0.7440763679139422,-11.683935387956593,3.9161270878764793,6.4589684326519885,2.7611376610504945,-13.318590981080877,0.0,-20.0,-20.0,110.0,-11.199377076509355
1436,14.36,0.7439936368704907,-11.691082665919593,3.91119059107399,6.4585182833991714,2.7621938545451923,-13.327936431600126,0.0,-20.0,-20.0,110.0,-11.20447131372526
1437,14.370000000000001,0.7439109058270392,-11.698229943882593,3.906254094271501,6.458067961364998,2.7632499747086356,-13.337281898737443,0.0,-20.0,-20.0,110.0,-11.20956763463019
1438,14.38,0.7438281747835878,-11.705377221845593,3.9013175974690117,6.457617466560704,2.764306021512625,-13.346627382498069,0.0,-20.0,-20.0,110.0,-11.214666030981958
1439,14.39,0.7437454437401363,-11.712524499808591,3.8963811006665225,6.457166798997527,2.765361994928963,-13.355972882887238,0.0,-20.0,-20.0,110.0,-11.219766494535424
1440,14.4,0.7436627126966848,-11.71967177777159,3.8914446038640333,6.456715958686713,2.7664178949294542,-13.365318399910183,0.0,-20.0,-20.0,110.0,-11.224869017042483
1441,14.41,0.7435799816532334,-11.726819055734587,3.886508107061544,6.456264945639507,2.767473721485903,-13.374663933572139,0.0,-20.0,-20.0,110.0,-11.229973590252039
1442,14.42,0.7434972506097819,-11.733966333697586,3.881571610259055,6.45581375986715,2.768529474570112,-13.384009483878307,0.0,-20.0,-20.0,110.0,-11.235080205909988
1443,14.43,0.7434145195663304,-11.741113611660584,3.8766351134565658,6.455362401380923,2.7695851541539027,-13.39335505083397,0.0,-20.0,-20.0,110.0,-11.24018885575919
1444,14.44,0.743331788522879,-11.748260889623582,3.871698616654077,6.454910870192078,2.7706407602090803,-13.40270063444433,0.0,-20.0,-20.0,110.0,-11.245299531539455
1445,14.450000000000001,0.7432490574794275,-11.75540816758658,3.8667621198515882,6.45445916631188,2.771696292707458,-13.41204623471461,0.0,-20.0,-20.0,110.0,-11.250412224987516
1446,14.46,0.743166326435976,-11.762555445549578,3.8618256230490995,6.454007289751596,2.7727517516208495,-13.421391851650037,0.0,-20.0,-20.0,110.0,-11.255526927837007
1447,14.47,0.7430835953925246,-11.769702723512577,3.8568891262466107,6.453555240522505,2.773807136921072,-13.430737485255827,0.0,-20.0,-20.0,110.0,-11.260643631818446
1448,14.48,0.7430008643490731,-11.776850001475575,3.851952629444122,6.453103018635883,2.7748624485799427,-13.440083135537206,0.0,-20.0,-20.0,110.0,-11.26576232865921
1449,14.49,0.7429181333056216,-11.783997279438571,3.8470161326416332,6.452650624103014,2.7759176865692825,-13.449428802499387,0.0,-20.0,-20.0,110.0,-11.27088301008351
1450,14.5,0.7428354022621702,-11.791144557401568,3.8420796358391445,6.452198056935187,2.7769728508609126,-13.458774486147586,0.0,-20.0,-20.0,110.0,-11.276005667812374
1451,14.51,0.7427526712187187,-11.798291835364564,3.8371431390366557,6.451745317143697,2.7780279414266573,-13.468120186487027,0.0,-20.0,-20.0,110.0,-11.281130293563619
1452,14.52,0.7426699401752672,-11.80543911332756,3.832206642234167,6.451292404739839,2.779082958238341,-13.477465903522914,0.0,-20.0,-20.0,110.0,-11.286256879051841
1453,14.530000000000001,0.7425872091318158,-11.812586391290557,3.827270145431678,6.450839319734914,2.7801379012677905,-13.486811637260464,0.0,-20.0,-20.0,110.0,-11.291385415988376
1454,14.540000000000001,0.7425044780883643,-11.819733669253553,3.8223336486291895,6.45038606214023,2.781192770486836,-13.49615738770488,0.0,-20.0,-20.0,110.0,-11.296515896081287
1455,14.55,0.7424217470449128,-11.82688094721655,3.8173971518267007,6.449932631967096,2.782247565867307,-13.505503154861378,0.0,-20.0,-20.0,110.0,-11.301648311035342
1456,14.56,0.7423390160014613,-11.834028225179546,3.812460655024212,6.449479029226828,2.7833022873810362,-13.514848938735161,0.0,-20.0,-20.0,110.0,-11.306782652551984
1457,14.57,0.7422562849580099,-11.841175503142543,3.807524158221723,6.4490252539307455,2.7843569349998574,-13.524194739331431,0.0,-20.0,-20.0,110.0,-11.311918912329315
1458,14.58,0.7421735539145584,-11.848322781105537,3.8025876614192344,6.448571306090173,2.7854115086956064,-13.533540556655389,0.0,-20.0,-20.0,110.0,-11.317057082062071
1459,14.59,0.742090822871107,-11.855470059068532,3.7976511646167457,6.448117185716437,2.7864660084401214,-13.542886390712244,0.0,-20.0,-20.0,110.0,-11.322197153441605
1460,14.6,0.7420080918276555,-11.862617337031526,3.792714667814257,6.4476628928208735,2.7875204342052418,-13.55223224150719,0.0,-20.0,-20.0,110.0,-11.327339118155852
1461,14.61,0.741925360784204,-11.869764614994521,3.787778171011768,6.44720842741482,2.788574785962809,-13.561578109045424,0.0,-20.0,-20.0,110.0,-11.332482967889309
1462,14.620000000000001,0.7418426297407525,-11.876911892957516,3.7828416742092794,6.4467537895096125,2.7896290636846652,-13.57092399333214,0.0,-20.0,-20.0,110.0,-11.337628694323026
1463,14.63,0.7417598986973011,-11.88405917092051,3.7779051774067907,6.446298979116605,2.790683267342656,-13.58026989437254,0.0,-20.0,-20.0,110.0,-11.342776289134559
1464,14.64,0.7416771676538496,-11.891206448883505,3.772968680604302,6.445843996247145,2.7917373969086268,-13.589615812171807,0.0,-20.0,-20.0,110.0,-11.347925743997964
1465,14.65,0.7415944366103981,-11.8983537268465,3.768032183801813,6.44538884091259,2.792791452354427,-13.598961746735137,0.0,-20.0,-20.0,110.0,-11.353077050583765
1466,14.66,0.7415117055669467,-11.905501004809494,3.7630956869993244,6.444933513124296,2.7938454336519074,-13.608307698067716,0.0,-20.0,-20.0,110.0,-11.35823020055895
1467,14.67,0.7414289745234952,-11.912648282772487,3.7581591901968356,6.4444780128936285,2.7948993407729175,-13.617653666174734,0.0,-20.0,-20.0,110.0,-11.363385185586905
1468,14.68,0.7413462434800437,-11.91979556073548,3.753222693394347,6.4440223402319585,2.795953173689313,-13.626999651061373,0.0,-20.0,-20.0,110.0,-11.368541997327425
1469,14.69,0.7412635124365923,-11.926942838698473,3.748286196591858,6.443566495150661,2.7970069323729487,-13.636345652732816,0.0,-20.0,-20.0,110.0,-11.373700627436698
1470,14.700000000000001,0.7411807813931408,-11.934090116661466,3.7433496997893694,6.443110477661107,2.798060616795681,-13.645691671194248,0.0,-20.0,-20.0,110.0,-11.37886106756724
1471,14.71,0.7410980503496893,-11.941237394624459,3.7384132029868806,6.442654287774682,2.799114226929371,-13.655037706450848,0.0,-20.0,-20.0,110.0,-11.384023309367914
1472,14.72,0.7410153193062379,-11.948384672587451,3.733476706184392,6.442197925502775,2.800167762745877,-13.66438375850779,0.0,-20.0,-20.0,110.0,-11.389187344483867
1473,14.73,0.7409325882627864,-11.955531950550444,3.7285402093819036,6.441741390856775,2.8012212242170635,-13.673729827370257,0.0,-20.0,-20.0,110.0,-11.394353164556549
1474,14.74,0.7408498572193349,-11.962679228513437,3.7236037125794152,6.441284683848077,2.802274611314794,-13.683075913043423,0.0,-20.0,-20.0,110.0,-11.399520761223641
1475,14.75,0.7407671261758835,-11.96982650647643,3.718667215776927,6.440827804488084,2.8033279240109352,-13.692422015532458,0.0,-20.0,-20.0,110.0,-11.404690126119073
1476,14.76,0.740684395132432,-11.976973784439423,3.7137307189744386,6.440370752788197,2.804381162277354,-13.701768134842535,0.0,-20.0,-20.0,110.0,-11.409861250872972
1477,14.77,0.7406016640889805,-11.984121062402414,3.7087942221719503,6.439913528759828,2.805434326085922,-13.711114270978824,0.0,-20.0,-20.0,110.0,-11.415034127111646
1478,14.780000000000001,0.7405189330455291,-11.991268340365405,3.703857725369462,6.439456132414388,2.8064874154085078,-13.720460423946486,0.0,-20.0,-20.0,110.0,-11.420208746457565
1479,14.790000000000001,0.7404362020020776,-11.998415618328396,3.6989212285669737,6.438998563763296,2.807540430216987,-13.729806593750695,0.0,-20.0,-20.0,110.0,-11.425385100529326
1480,14.8,0.7403534709586261,-12.005562896291387,3.6939847317644854,6.4385408228179735,2.808593370483234,-13.73915278039661,0.0,-20.0,-20.0,110.0,-11.430563180941636
1481,14.81,0.7402707399151747,-12.012710174254378,3.689048234961997,6.438082909589849,2.8096462361791263,-13.748498983889398,0.0,-20.0,-20.0,110.0,-11.435742979305275
1482,14.82,0.7401880088717232,-12.01985745221737,3.6841117381595088,6.4376248240903555,2.810699027276541,-13.757845204234219,0.0,-20.0,-20.0,110.0,-11.440924487227091
1483,14.83,0.7401052778282717,-12.02700473018036,3.6791752413570205,6.437166566330928,2.81175174374736,-13.767191441436232,0.0,-20.0,-20.0,110.0,-11.446107696309962
1484,14.84,0.7400225467848203,-12.034152008143352,3.674238744554532,6.436708136323005,2.8128043855634646,-13.77653769550059,0.0,-20.0,-20.0,110.0,-11.45129259815276
1485,14.85,0.7399398157413688,-12.041299286106343,3.669302247752044,6.436249534078034,2.81385695269674,-13.785883966432452,0.0,-20.0,-20.0,110.0,-11.456479184350348
1486,14.86,0.7398570846979173,-12.048446564069332,3.6643657509495555,6.43579075960746,2.8149094451190715,-13.795230254236971,0.0,-20.0,-20.0,110.0,-11.461667446493545
1487,14.870000000000001,0.7397743536544659,-12.055593842032321,3.659429254147067,6.435331812922742,2.8159618628023466,-13.8045765589193,0.0,-20.0,-20.0,110.0,-11.46685737616909
1488,14.88,0.7396916226110144,-12.06274111999531,3.654492757344579,6.434872694035333,2.817014205718454,-13.81392288048459,0.0,-20.0,-20.0,110.0,-11.472048964959638
1489,14.89,0.7396088915675629,-12.0698883979583,3.6495562605420906,6.434413402956699,2.8180664738392864,-13.823269218937988,0.0,-20.0,-20.0,110.0,-11.47724220444371
1490,14.9,0.7395261605241115,-12.07703567592129,3.6446197637396023,6.433953939698307,2.819118667136736,-13.832615574284635,0.0,-20.0,-20.0,110.0,-11.482437086195695
1491,14.91,0.73944342948066,-12.084182953884278,3.639683266937114,6.43349430427163,2.820170785582698,-13.841961946529684,0.0,-20.0,-20.0,110.0,-11.487633601785785
1492,14.92,0.7393606984372085,-12.091330231847268,3.6347467701346257,6.433034496688143,2.8212228291490686,-13.851308335678276,0.0,-20.0,-20.0,110.0,-11.492831742779995
1493,14.93,0.7392779673937571,-12.098477509810257,3.6298102733321373,6.432574516959324,2.8222747978077463,-13.860654741735555,0.0,-20.0,-20.0,110.0,-11.498031500740094
1494,14.94,0.7391952363503056,-12.105624787773246,3.624873776529649,6.43211436509666,2.823326691530631,-13.870001164706652,0.0,-20.0,-20.0,110.0,-11.503232867223618
1495,14.950000000000001,0.7391125053068541,-12.112772065736236,3.6199372797271607,6.431654041111641,2.8243785102896255,-13.879347604596713,0.0,-20.0,-20.0,110.0,-11.508435833783809
1496,14.96,0.7390297742634027,-12.119919343699223,3.6150007829246724,6.431193545015763,2.825430254056633,-13.888694061410874,0.0,-20.0,-20.0,110.0,-11.513640391969606
1497,14.97,0.7389470432199512,-12.12706662166221,3.610064286122184,6.430732876820519,2.826481922803559,-13.898040535154268,0.0,-20.0,-20.0,110.0,-11.518846533325629
1498,14.98,0.7388643121764997,-12.134213899625198,3.605127789319696,6.430272036537417,2.8275335165023123,-13.90738702583202,0.0,-20.0,-20.0,110.0,-11.524054249392124
1499,14.99,0.7387815811330483,-12.141361177588186,3.6001912925172075,6.429811024177962,2.8285850351248,-13.916733533449271,0.0,-20.0,-20.0,110.0,-11.529263531704958
1500,15.0,0.7386988500895968,-12.148508455551173,3.595254795714719,6.429349839753668,2.829636478642934,-13.926080058011147,0.0,-20.0,-20.0,110.0,-11.534474371795591
1501,15.01,0.7386161190461453,-12.15565573351416,3.590318298912231,6.428888483276051,2.830687847028628,-13.935426599522774,0.0,-20.0,-20.0,110.0,-11.539686761191037
1502,15.02,0.7385333880026939,-12.162803011477148,3.585381802109743,6.428426954756629,2.831739140253795,-13.944773157989275,0.0,-20.0,-20.0,110.0,-11.544900691413849
1503,15.030000000000001,0.7384506569592424,-12.169950289440136,3.580445305307255,6.427965254206931,2.8327903582903526,-13.95411973341578,0.0,-20.0,-20.0,110.0,-11.550116153982087
1504,15.040000000000001,0.7383679259157909,-12.177097567403123,3.5755088085047673,6.427503381638486,2.833841501110219,-13.963466325807406,0.0,-20.0,-20.0,110.0,-11.555333140409287
1505,15.05,0.7382851948723395,-12.18424484536611,3.5705723117022794,6.4270413370628106,2.834892568685307,-13.972812935169248,0.0,-20.0,-20.0,110.0,-11.560551642204441
1506,15.06,0.738202463828888,-12.191392123329095,3.5656358148997915,6.426579120491476,2.8359435609875527,-13.982159561506476,0.0,-20.0,-20.0,110.0,-11.565771650871966
1507,15.07,0.7381197327854365,-12.19853940129208,3.5606993180973037,6.426116731936009,2.8369944779888723,-13.991506204824187,0.0,-20.0,-20.0,110.0,-11.570993157911676
1508,15.08,0.738037001741985,-12.205686679255066,3.555762821294816,6.425654171407959,2.838045319661191,-14.00085286512749,0.0,-20.0,-20.0,110.0,-11.57621615481876
1509,15.09,0.7379542706985336,-12.212833957218052,3.550826324492328,6.4251914389188745,2.8390960859764367,-14.010199542421496,0.0,-20.0,-20.0,110.0,-11.581440633083746
1510,15.1,0.7378715396550821,-12.219981235181038,3.54588982768984,6.424728534480318,2.840146776906539,-14.01954623671132,0.0,-20.0,-20.0,110.0,-11.58666658419248
1511,15.11,0.7377888086116307,-12.227128513144024,3.540953330887352,6.424265458103847,2.8411973924234277,-14.028892948002074,0.0,-20.0,-20.0,110.0,-11.591893999626086
1512,15.120000000000001,0.7377060775681792,-12.23427579110701,3.5360168340848643,6.423802209801027,2.8422479324990357,-14.038239676298863,0.0,-20.0,-20.0,110.0,-11.597122870860964
1513,15.13,0.7376233465247277,-12.241423069069995,3.5310803372823765,6.42333878958343,2.8432983971052983,-14.047586421606791,0.0,-20.0,-20.0,110.0,-11.602353189368731
1514,15.14,0.7375406154812763,-12.248570347032981,3.5261438404798886,6.422875197462628,2.844348786214151,-14.056933183930964,0.0,-20.0,-20.0,110.0,-11.607584946616218
1515,15.15,0.7374578844378248,-12.255717624995965,3.5212073436774007,6.422411433450201,2.8453990997975316,-14.066279963276482,0.0,-20.0,-20.0,110.0,-11.612818134065416
1516,15.16,0.7373751533943733,-12.262864902958949,3.516270846874913,6.421947497557733,2.846449337827381,-14.075626759648454,0.0,-20.0,-20.0,110.0,-11.618052743173484
1517,15.17,0.7372924223509218,-12.270012180921933,3.511334350072425,6.421483389796812,2.8474995002756414,-14.084973573051972,0.0,-20.0,-20.0,110.0,-11.62328876539268
1518,15.18,0.7372096913074704,-12.277159458884917,3.506397853269937,6.421019110179029,2.848549587114255,-14.09432040349213,0.0,-20.0,-20.0,110.0,-11.62852619217037
1519,15.19,0.7371269602640189,-12.2843067368479,3.5014613564674493,6.420554658715981,2.849599598315169,-14.103667250974032,0.0,-20.0,-20.0,110.0,-11.633765014948963
1520,15.200000000000001,0.7370442292205674,-12.291454014810885,3.4965248596649614,6.42009003541927,2.8506495338503286,-14.113014115502766,0.0,-20.0,-20.0,110.0,-11.63900522516592
1521,15.21,0.736961498177116,-12.298601292773869,3.4915883628624735,6.419625240300502,2.8516993936916837,-14.122360997083424,0.0,-20.0,-20.0,110.0,-11.644246814253695
1522,15.22,0.7368787671336645,-12.305748570736853,3.4866518660599857,6.41916027337129,2.852749177811186,-14.131707895721103,0.0,-20.0,-20.0,110.0,-11.649489773639717
1523,15.23,0.736796036090213,-12.312895848699837,3.481715369257498,6.4186951346432455,2.8537988861807877,-14.141054811420883,0.0,-20.0,-20.0,110.0,-11.654734094746365
1524,15.24,0.7367133050467616,-12.320043126662819,3.47677887245501,6.4182298241279865,2.854848518772443,-14.150401744187857,0.0,-20.0,-20.0,110.0,-11.659979768990935
1525,15.25,0.7366305740033101,-12.327190404625801,3.471842375652522,6.417764341837139,2.8558980755581085,-14.159748694027103,0.0,-20.0,-20.0,110.0,-11.665226787785612
1526,15.26,0.7365478429598586,-12.334337682588783,3.466905878850034,6.417298687782329,2.8569475565097417,-14.169095660943709,0.0,-20.0,-20.0,110.0,-11.670475142537434
1527,15.27,0.7364651119164072,-12.341484960551766,3.4619693820475463,6.416832861975188,2.8579969615993033,-14.178442644942754,0.0,-20.0,-20.0,110.0,-11.675724824648286
1528,15.280000000000001,0.7363823808729557,-12.348632238514748,3.4570328852450585,6.41636686442736,2.859046290798755,-14.187789646029318,0.0,-20.0,-20.0,110.0,-11.680975825514837
1529,15.290000000000001,0.7362996498295042,-12.35577951647773,3.4520963884425706,6.415900695150483,2.860095544080061,-14.197136664208479,0.0,-20.0,-20.0,110.0,-11.68622813652853
1530,15.3,0.7362169187860528,-12.362926794440712,3.447159891640083,6.415434354156199,2.8611447214151857,-14.206483699485311,0.0,-20.0,-20.0,110.0,-11.69148174907556
1531,15.31,0.7361341877426013,-12.370074072403694,3.4422233948375958,6.414967841456163,2.862193822776097,-14.215830751864893,0.0,-20.0,-20.0,110.0,-11.69673665453682
1532,15.32,0.7360514566991498,-12.377221350366677,3.4372868980351083,6.4145011570620305,2.8632428481347634,-14.225177821352291,0.0,-20.0,-20.0,110.0,-11.701992844287895
1533,15.33,0.7359687256556984,-12.384368628329657,3.432350401232621,6.414034300985454,2.8642917974631565,-14.234524907952578,0.0,-20.0,-20.0,110.0,-11.707250309699024
1534,15.34,0.7358859946122469,-12.391515906292637,3.4274139044301335,6.4135672732381055,2.865340670733249,-14.243872011670824,0.0,-20.0,-20.0,110.0,-11.712509042135054
1535,15.35,0.7358032635687954,-12.398663184255618,3.422477407627646,6.41310007383165,2.8663894679170148,-14.253219132512095,0.0,-20.0,-20.0,110.0,-11.717769032955443
1536,15.36,0.735720532525344,-12.405810462218598,3.4175409108251587,6.4126327027777466,2.867438188986424,-14.26256627048142,0.0,-20.0,-20.0,110.0,-11.723030273514205
1537,15.370000000000001,0.7356378014818925,-12.412957740181579,3.4126044140226712,6.4121651600881,2.8684868339134684,-14.271913425583934,0.0,-20.0,-20.0,110.0,-11.728292755159877
1538,15.38,0.735555070438441,-12.42010501814456,3.407667917220184,6.4116974457743785,2.8695354026701216,-14.281260597824662,0.0,-20.0,-20.0,110.0,-11.733556469235516
1539,15.39,0.7354723393949896,-12.42725229610754,3.4027314204176964,6.411229559848269,2.870583895228365,-14.290607787208666,0.0,-20.0,-20.0,110.0,-11.738821407078632
1540,15.4,0.7353896083515381,-12.43439957407052,3.397794923615209,6.41076150232146,2.871632311560182,-14.299954993741002,0.0,-20.0,-20.0,110.0,-11.74408756002119
1541,15.41,0.7353068773080866,-12.4415468520335,3.3928584268127215,6.41029327320565,2.87268065163756,-14.309302217426724,0.0,-20.0,-20.0,110.0,-11.74935491938956
1542,15.42,0.7352241462646352,-12.44869412999648,3.387921930010234,6.409824872512536,2.873728915432484,-14.318649458270892,0.0,-20.0,-20.0,110.0,-11.754623476504493
1543,15.43,0.7351414152211837,-12.45584140795946,3.3829854332077467,6.4093563002538225,2.8747771029169447,-14.327996716278555,0.0,-20.0,-20.0,110.0,-11.75989322268109
1544,15.44,0.7350586841777322,-12.462988685922438,3.3780489364052593,6.408887556441218,2.875825214062933,-14.337343991454768,0.0,-20.0,-20.0,110.0,-11.765164149228767
1545,15.450000000000001,0.7349759531342808,-12.470135963885417,3.373112439602772,6.4084186410864366,2.876873248842442,-14.346691283804573,0.0,-20.0,-20.0,110.0,-11.770436247451235
1546,15.46,0.7348932220908293,-12.477283241848395,3.3681759428002844,6.4079495542011955,2.877921207227466,-14.356038593333022,0.0,-20.0,-20.0,110.0,-11.775709508646452
1547,15.47,0.7348104910473778,-12.484430519811374,3.363239445997797,6.407480295797215,2.8789690891900013,-14.365385920045165,0.0,-20.0,-20.0,110.0,-11.780983924106609
1548,15.48,0.7347277600039264,-12.491577797774353,3.3583029491953096,6.407010865886223,2.880016894702047,-14.374733263946036,0.0,-20.0,-20.0,110.0,-11.786259485118093
1549,15.49,0.7346450289604749,-12.498725075737331,3.353366452392822,6.40654126447995,2.8810646237356035,-14.384080625040681,0.0,-20.0,-20.0,110.0,-11.791536182961448
1550,15.5,0.7345622979170234,-12.50587235370031,3.3484299555903347,6.406071491590133,2.8821122762626725,-14.393428003334142,0.0,-20.0,-20.0,110.0,-11.796814008911346
1551,15.51,0.734479566873572,-12.513019631663289,3.3434934587878473,6.405601547228509,2.8831598522552575,-14.402775398831459,0.0,-20.0,-20.0,110.0,-11.802092954236576
1552,15.52,0.7343968358301205,-12.520166909626266,3.33855696198536,6.405131431406822,2.8842073516853652,-14.412122811537659,0.0,-20.0,-20.0,110.0,-11.807373010199969
1553,15.530000000000001,0.734314104786669,-12.527314187589242,3.3336204651828725,6.404661144136824,2.885254774525002,-14.421470241457786,0.0,-20.0,-20.0,110.0,-11.812654168058419
1554,15.540000000000001,0.7342313737432176,-12.53446146555222,3.328683968380385,6.404190685430265,2.886302120746179,-14.430817688596868,0.0,-20.0,-20.0,110.0,-11.817936419062818
1555,15.55,0.7341486426997661,-12.541608743515196,3.3237474715778976,6.4037200552989075,2.8873493903209058,-14.44016515295994,0.0,-20.0,-20.0,110.0,-11.82321975445802
1556,15.56,0.7340659116563146,-12.548756021478173,3.31881097477541,6.403249253754509,2.8883965832211977,-14.44951263455203,0.0,-20.0,-20.0,110.0,-11.828504165482833
1557,15.57,0.7339831806128632,-12.55590329944115,3.313874477972923,6.402778280808836,2.889443699419067,-14.458860133378167,0.0,-20.0,-20.0,110.0,-11.83378964336997
1558,15.58,0.7339004495694117,-12.563050577404127,3.3089379811704354,6.402307136473661,2.890490738886532,-14.468207649443373,0.0,-20.0,-20.0,110.0,-11.839076179346021
1559,15.59,0.7338177185259602,-12.570197855367104,3.3040014843679484,6.401835820760759,2.891537701595612,-14.477555182752672,0.0,-20.0,-20.0,110.0,-11.844363764631423
1560,15.6,0.7337349874825088,-12.57734513333008,3.2990649875654614,6.4013643336819115,2.892584587518326,-14.486902733311089,0.0,-20.0,-20.0,110.0,-11.849652390440426
1561,15.610000000000001,0.7336522564390573,-12.584492411293057,3.2941284907629744,6.400892675248901,2.893631396626698,-14.496250301123643,0.0,-20.0,-20.0,110.0,-11.854942047981055
1562,15.620000000000001,0.7335695253956058,-12.591639689256032,3.2891919939604874,6.400420845473518,2.894678128892751,-14.505597886195352,0.0,-20.0,-20.0,110.0,-11.86023272845509
1563,15.63,0.7334867943521544,-12.598786967219008,3.2842554971580005,6.399948844367555,2.8957247842885114,-14.514945488531232,0.0,-20.0,-20.0,110.0,-11.865524423058023
1564,15.64,0.7334040633087029,-12.605934245181983,3.2793190003555135,6.399476671942811,2.8967713627860077,-14.524293108136302,0.0,-20.0,-20.0,110.0,-11.870817122979027
1565,15.65,0.7333213322652514,-12.613081523144958,3.2743825035530265,6.399004328211087,2.8978178643572687,-14.533640745015571,0.0,-20.0,-20.0,110.0,-11.876110819400932
1566,15.66,0.7332386012218,-12.620228801107933,3.2694460067505395,6.39853181318419,2.8988642889743272,-14.542988399174057,0.0,-20.0,-20.0,110.0,-11.88140550350018
1567,15.67,0.7331558701783485,-12.627376079070908,3.2645095099480526,6.398059126873933,2.8999106366092158,-14.552336070616763,0.0,-20.0,-20.0,110.0,-11.886701166446796
1568,15.68,0.733073139134897,-12.634523357033883,3.2595730131455656,6.397586269292129,2.90095690723397,-14.561683759348695,0.0,-20.0,-20.0,110.0,-11.89199779940436
1569,15.69,0.7329904080914456,-12.641670634996858,3.2546365163430786,6.3971132404506,2.902003100820627,-14.571031465374867,0.0,-20.0,-20.0,110.0,-11.897295393529967
1570,15.700000000000001,0.7329076770479941,-12.648817912959833,3.2497000195405916,6.396640040361171,2.903049217341226,-14.580379188700277,0.0,-20.0,-20.0,110.0,-11.902593939974201
1571,15.71,0.7328249460045426,-12.655965190922807,3.2447635227381046,6.396166669035668,2.9040952567678087,-14.589726929329924,0.0,-20.0,-20.0,110.0,-11.90789342988109
1572,15.72,0.7327422149610912,-12.66311246888578,3.2398270259356177,6.395693126485929,2.905141219072416,-14.599074687268823,0.0,-20.0,-20.0,110.0,-11.91319385438809
1573,15.73,0.7326594839176397,-12.670259746848753,3.2348905291331307,6.39521941272379,2.906187104227093,-14.608422462521954,0.0,-20.0,-20.0,110.0,-11.918495204626037
1574,15.74,0.7325767528741882,-12.677407024811727,3.2299540323306437,6.394745527761091,2.907232912203887,-14.617770255094326,0.0,-20.0,-20.0,110.0,-11.923797471719116
1575,15.75,0.7324940218307368,-12.6845543027747,3.2250175355281567,6.394271471609683,2.9082786429748464,-14.627118064990936,0.0,-20.0,-20.0,110.0,-11.929100646784828
1576,15.76,0.7324112907872853,-12.691701580737673,3.2200810387256698,6.393797244281416,2.90932429651202,-14.63646589221677,0.0,-20.0,-20.0,110.0,-11.93440472093397
1577,15.77,0.7323285597438338,-12.698848858700647,3.2151445419231828,6.393322845788144,2.9103698727874607,-14.64581373677682,0.0,-20.0,-20.0,110.0,-11.939709685270573
1578,15.780000000000001,0.7322458287003824,-12.70599613666362,3.210208045120696,6.392848276141717,2.911415371773217,-14.65516159867605,0.0,-20.0,-20.0,110.0,-11.94501553089189
1579,15.790000000000001,0.7321630976569309,-12.713143414626593,3.205271548318209,6.392373535354025,2.9124607934413556,-14.664509477919504,0.0,-20.0,-20.0,110.0,-11.950322248888362
1580,15.8,0.7320803666134794,-12.720290692589566,3.200335051515722,6.391898623436925,2.9135061377639295,-14.673857374512142,0.0,-20.0,-20.0,110.0,-11.955629830343572
1581,15.81,0.731997635570028,-12.727437970552538,3.195398554713235,6.391423540402288,2.914551404712997,-14.683205288458948,0.0,-20.0,-20.0,110.0,-11.960938266334212
1582,15.82,0.7319149045265765,-12.73458524851551,3.190462057910748,6.390948286261992,2.9155965942606197,-14.6925532197649,0.0,-20.0,-20.0,110.0,-11.966247547930058
1583,15.83,0.731832173483125,-12.741732526478481,3.185525561108261,6.390472861027924,2.91664170637886,-14.701901168434977,0.0,-20.0,-20.0,110.0,-11.971557666193934
1584,15.84,0.7317494424396735,-12.748879804441453,3.180589064305774,6.389997264711966,2.9176867410397844,-14.711249134474173,0.0,-20.0,-20.0,110.0,-11.976868612181672
1585,15.85,0.7316667113962221,-12.756027082404424,3.175652567503287,6.389521497326016,2.918731698215459,-14.720597117887447,0.0,-20.0,-20.0,110.0,-11.982180376942079
1586,15.860000000000001,0.7315839803527706,-12.763174360367396,3.1707160707008,6.389045558881966,2.919776577877953,-14.729945118679789,0.0,-20.0,-20.0,110.0,-11.987492951516895
1587,15.870000000000001,0.7315012493093191,-12.770321638330367,3.1657795738983134,6.3885694493917144,2.9208213799993366,-14.739293136856157,0.0,-20.0,-20.0,110.0,-11.992806326940784
1588,15.88,0.7314185182658677,-12.777468916293339,3.160843077095827,6.38809316886717,2.921866104551682,-14.748641172421534,0.0,-20.0,-20.0,110.0,-11.998120494241263
1589,15.89,0.7313357872224162,-12.78461619425631,3.1559065802933404,6.387616717320238,2.9229107515070654,-14.757989225380886,0.0,-20.0,-20.0,110.0,-12.003435444438695
1590,15.9,0.7312530561789647,-12.79176347221928,3.150970083490854,6.387140094762839,2.923955320837561,-14.767337295739182,0.0,-20.0,-20.0,110.0,-12.008751168546244
1591,15.91,0.7311703251355133,-12.79891075018225,3.1460335866883673,6.386663301206886,2.9249998125152477,-14.776685383501382,0.0,-20.0,-20.0,110.0,-12.014067657569834
1592,15.92,0.7310875940920618,-12.80605802814522,3.1410970898858808,6.386186336664302,2.926044226512205,-14.78603348867246,0.0,-20.0,-20.0,110.0,-12.019384902508127
1593,15.93,0.7310048630486103,-12.81320530610819,3.1361605930833942,6.385709201147017,2.927088562800516,-14.79538161125737,0.0,-20.0,-20.0,110.0,-12.024702894352478
1594,15.94,0.7309221320051589,-12.82035258407116,3.1312240962809077,6.385231894666963,2.928132821352264,-14.804729751261082,0.0,-20.0,-20.0,110.0,-12.030021624086903
1595,15.950000000000001,0.7308394009617074,-12.827499862034129,3.126287599478421,6.384754417236072,2.9291770021395345,-14.81407790868855,0.0,-20.0,-20.0,110.0,-12.035341082688037
1596,15.96,0.7307566699182559,-12.834647139997099,3.1213511026759346,6.384276768866288,2.930221105134414,-14.823426083544732,0.0,-20.0,-20.0,110.0,-12.040661261125111
1597,15.97,0.7306739388748045,-12.841794417960068,3.116414605873448,6.383798949569554,2.9312651303089936,-14.83277427583458,0.0,-20.0,-20.0,110.0,-12.045982150359903
1598,15.98,0.730591207831353,-12.848941695923038,3.1114781090709616,6.383320959357821,2.932309077635362,-14.842122485563047,0.0,-20.0,-20.0,110.0,-12.051303741346713
1599,15.99,0.7305084767879015,-12.856088973886006,3.106541612268475,6.382842798243045,2.933352947085615,-14.851470712735095,0.0,-20.0,-20.0,110.0,-12.056626025032315
1600,16.0,0.7304257457444501,-12.863236251848974,3.1016051154659885,6.382364466237181,2.9343967386318455,-14.860818957355656,0.0,-20.0,-20.0,110.0,-12.061948992355944
1601,16.01,0.7303430147009986,-12.870383529811942,3.096668618663502,6.381885963352195,2.9354404522461524,-14.870167219429698,0.0,-20.0,-20.0,110.0,-12.067272634249228
1602,16.02,0.7302602836575471,-12.87753080777491,3.0917321218610154,6.381407289600051,2.9364840879006335,-14.879515498962153,0.0,-20.0,-20.0,110.0,-12.072596941636172
1603,16.03,0.7301775526140957,-12.884678085737878,3.086795625058529,6.380928444992724,2.937527645567389,-14.888863795957972,0.0,-20.0,-20.0,110.0,-12.077921905433124
1604,16.04,0.7300948215706442,-12.891825363700846,3.0818591282560424,6.380449429542188,2.938571125218522,-14.898212110422095,0.0,-20.0,-20.0,110.0,-12.083247516548726
1605,16.05,0.7300120905271927,-12.898972641663814,3.076922631453556,6.379970243260424,2.939614526826136,-14.907560442359461,0.0,-20.0,-20.0,110.0,-12.088573765883888
1606,16.06,0.7299293594837413,-12.906119919626782,3.0719861346510693,6.37949088615942,2.9406578503623386,-14.916908791775015,0.0,-20.0,-20.0,110.0,-12.093900644331743
1607,16.07,0.7298466284402898,-12.91326719758975,3.0670496378485828,6.379011358251164,2.9417010957992358,-14.92625715867369,0.0,-20.0,-20.0,110.0,-12.09922814277762
1608,16.080000000000002,0.7297638973968383,-12.920414475552718,3.062113141046096,6.378531659547649,2.9427442631089398,-14.935605543060419,0.0,-20.0,-20.0,110.0,-12.104556252098995
1609,16.09,0.7296811663533869,-12.927561753515684,3.0571766442436097,6.378051790060875,2.9437873522635614,-14.944953944940135,0.0,-20.0,-20.0,110.0,-12.109884963165468
1610,16.1,0.7295984353099354,-12.93470903147865,3.052240147441123,6.3775717498028435,2.9448303632352144,-14.954302364317774,0.0,-20.0,-20.0,110.0,-12.115214266838715
1611,16.11,0.7295157042664839,-12.941856309441617,3.0473036506386366,6.377091538785565,2.9458732959960154,-14.96365080119827,0.0,-20.0,-20.0,110.0,-12.120544153972459
1612,16.12,0.7294329732230325,-12.949003587404583,3.04236715383615,6.376611157021049,2.946916150518081,-14.972999255586542,0.0,-20.0,-20.0,110.0,-12.125874615412423
1613,16.13,0.729350242179581,-12.95615086536755,3.0374306570336636,6.376130604521312,2.9479589267735307,-14.982347727487515,0.0,-20.0,-20.0,110.0,-12.131205641996306
1614,16.14,0.7292675111361295,-12.963298143330515,3.032494160231177,6.3756498812983775,2.9490016247344855,-14.991696216906124,0.0,-20.0,-20.0,110.0,-12.13653722455373
1615,16.15,0.7291847800926781,-12.970445421293482,3.0275576634286905,6.375168987364255,2.9500442443730632,-15.00104472384725,0.0,-20.0,-20.0,110.0,-12.141869353906216
1616,16.16,0.7291020490492266,-12.977592699256448,3.0226211666262044,6.374687922731,2.951086785661401,-15.010393248315882,0.0,-20.0,-20.0,110.0,-12.147202020867146
1617,16.17,0.7290193180057751,-12.984739977219414,3.0176846698237183,6.374206687410638,2.9521292485716195,-15.019741790316905,0.0,-20.0,-20.0,110.0,-12.152535216241704
1618,16.18,0.7289365869623237,-12.991887255182379,3.012748173021232,6.373725281415204,2.953171633075847,-15.029090349855242,0.0,-20.0,-20.0,110.0,-12.157868930826876
1619,16.19,0.7288538559188722,-12.999034533145343,3.007811676218746,6.373243704756743,2.9542139391462148,-15.038438926935793,0.0,-20.0,-20.0,110.0,-12.163203155411379
1620,16.2,0.7287711248754207,-13.006181811108307,3.00287517941626,6.372761957447302,2.955256166754856,-15.047787521563487,0.0,-20.0,-20.0,110.0,-12.168537880775636
1621,16.21,0.7286883938319693,-13.013329089071272,2.997938682613774,6.372280039498933,2.956298315873905,-15.057136133743228,0.0,-20.0,-20.0,110.0,-12.173873097691745
1622,16.22,0.7286056627885179,-13.020476367034236,2.993002185811288,6.371797950923692,2.9573403864754986,-15.066484763479924,0.0,-20.0,-20.0,110.0,-12.179208796923424
1623,16.23,0.7285229317450664,-13.0276236449972,2.9880656890088018,6.371315691733639,2.9583823785317733,-15.07583341077849,0.0,-20.0,-20.0,110.0,-12.184544969225986
1624,16.240000000000002,0.7284402007016149,-13.034770922960165,2.9831291922063157,6.370833261940843,2.95942429201487,-15.085182075643829,0.0,-20.0,-20.0,110.0,-12.1898816053463
1625,16.25,0.7283574696581635,-13.04191820092313,2.9781926954038296,6.3703506615573735,2.960466126896933,-15.094530758080847,0.0,-20.0,-20.0,110.0,-12.19521869602274
1626,16.26,0.7282747386147119,-13.049065478886094,2.9732561986013435,6.369867890595303,2.961507883150103,-15.103879458094438,0.0,-20.0,-20.0,110.0,-12.20055623198517
1627,16.27,0.7281920075712605,-13.056212756849058,2.9683197017988574,6.369384949066711,2.9625495607465266,-15.113228175689507,0.0,-20.0,-20.0,110.0,-12.20589420395488
1628,16.28,0.7281092765278091,-13.063360034812021,2.9633832049963713,6.3689018369836825,2.963591159658353,-15.122576910870956,0.0,-20.0,-20.0,110.0,-12.211232602644557
1629,16.29,0.7280265454843577,-13.070507312774984,2.958446708193885,6.3684185543583025,2.9646326798577314,-15.13192566364368,0.0,-20.0,-20.0,110.0,-12.21657141875826
1630,16.3,0.7279438144409064,-13.077654590737946,2.953510211391399,6.367935101202664,2.9656741213168134,-15.14127443401257,0.0,-20.0,-20.0,110.0,-12.22191064299136
1631,16.31,0.727861083397455,-13.084801868700909,2.948573714588913,6.367451477528864,2.966715484007752,-15.15062322198252,0.0,-20.0,-20.0,110.0,-12.227250266030516
1632,16.32,0.7277783523540037,-13.091949146663872,2.943637217786427,6.366967683349002,2.967756767902703,-15.159972027558426,0.0,-20.0,-20.0,110.0,-12.232590278553621
1633,16.330000000000002,0.7276956213105523,-13.099096424626834,2.938700720983941,6.366483718675188,2.9687979729738228,-15.16932085074518,0.0,-20.0,-20.0,110.0,-12.237930671229782
1634,16.34,0.727612890267101,-13.106243702589797,2.9337642241814548,6.36599958351953,2.9698390991932717,-15.17866969154766,0.0,-20.0,-20.0,110.0,-12.24327143471926
1635,16.35,0.7275301592236496,-13.11339098055276,2.9288277273789687,6.365515277894143,2.97088014653321,-15.188018549970758,0.0,-20.0,-20.0,110.0,-12.248612559673456
1636,16.36,0.7274474281801983,-13.120538258515722,2.9238912305764826,6.365030801811145,2.9719211149658005,-15.19736742601936,0.0,-20.0,-20.0,110.0,-12.253954036734841
1637,16.37,0.7273646971367469,-13.127685536478683,2.9189547337739965,6.364546155282659,2.9729620044632092,-15.206716319698339,0.0,-20.0,-20.0,110.0,-12.259295856536944
1638,16.38,0.7272819660932955,-13.134832814441644,2.9140182369715104,6.364061338320814,2.9740028149976014,-15.216065231012587,0.0,-20.0,-20.0,110.0,-12.264638009704294
1639,16.39,0.7271992350498442,-13.141980092404605,2.9090817401690243,6.363576350937742,2.975043546541147,-15.225414159966974,0.0,-20.0,-20.0,110.0,-12.26998048685239
1640,16.4,0.7271165040063928,-13.149127370367566,2.9041452433665382,6.36309119314558,2.9760841990660163,-15.234763106566382,0.0,-20.0,-20.0,110.0,-12.275323278587656
1641,16.41,0.7270337729629415,-13.156274648330527,2.899208746564052,6.362605864956454,2.9771247725443746,-15.244112070815648,0.0,-20.0,-20.0,110.0,-12.28066637550741
1642,16.42,0.7269510419194901,-13.163421926293488,2.894272249761566,6.362120366382538,2.9781652669484098,-15.253461052719715,0.0,-20.0,-20.0,110.0,-12.286009768199811
1643,16.43,0.7268683108760388,-13.170569204256449,2.88933575295908,6.36163469743597,2.9792056822502917,-15.262810052283415,0.0,-20.0,-20.0,110.0,-12.29135344724382
1644,16.44,0.7267855798325874,-13.17771648221941,2.8843992561565943,6.361148858128903,2.9802460184221986,-15.272159069511622,0.0,-20.0,-20.0,110.0,-12.296697403209174
1645,16.45,0.726702848789136,-13.18486376018237,2.8794627593541087,6.360662848473498,2.98128627543631,-15.281508104409204,0.0,-20.0,-20.0,110.0,-12.302041626656331
1646,16.46,0.7266201177456847,-13.19201103814533,2.874526262551623,6.360176668481917,2.9823264532648084,-15.290857156981026,0.0,-20.0,-20.0,110.0,-12.307386108136447
1647,16.47,0.7265373867022333,-13.199158316108289,2.8695897657491374,6.3596903181663285,2.9833665518798775,-15.30020622723195,0.0,-20.0,-20.0,110.0,-12.312730838191298
1648,16.48,0.726454655658782,-13.206305594071248,2.8646532689466517,6.359203797538903,2.984406571253704,-15.309555315166842,0.0,-20.0,-20.0,110.0,-12.31807580735329
1649,16.490000000000002,0.7263719246153306,-13.213452872034207,2.859716772144166,6.358717106611823,2.9854465113584747,-15.318904420790558,0.0,-20.0,-20.0,110.0,-12.323421006145386
1650,16.5,0.7262891935718793,-13.220600149997166,2.8547802753416804,6.358230245397263,2.986486372166379,-15.328253544107955,0.0,-20.0,-20.0,110.0,-12.328766425081069
1651,16.51,0.7262064625284279,-13.227747427960125,2.849843778539195,6.357743213907415,2.9875261536496094,-15.337602685123898,0.0,-20.0,-20.0,110.0,-12.334112054664303
1652,16.52,0.7261237314849766,-13.234894705923084,2.844907281736709,6.357256012154461,2.988565855780358,-15.346951843843227,0.0,-20.0,-20.0,110.0,-12.339457885389496
1653,16.53,0.7260410004415252,-13.242041983886043,2.8399707849342235,6.356768640150608,2.9896054785308226,-15.356301020270811,0.0,-20.0,-20.0,110.0,-12.344803907741465
1654,16.54,0.7259582693980738,-13.249189261849002,2.835034288131738,6.356281097908044,2.9906450218731977,-15.365650214411488,0.0,-20.0,-20.0,110.0,-12.350150112195367
1655,16.55,0.7258755383546225,-13.256336539811961,2.830097791329252,6.355793385438978,2.9916844857796843,-15.37499942627011,0.0,-20.0,-20.0,110.0,-12.355496489216694
1656,16.56,0.7257928073111711,-13.263483817774919,2.8251612945267666,6.355305502755617,2.992723870222483,-15.384348655851522,0.0,-20.0,-20.0,110.0,-12.360843029261204
1657,16.57,0.7257100762677198,-13.270631095737876,2.820224797724281,6.354817449870173,2.9937631751737963,-15.393697903160575,0.0,-20.0,-20.0,110.0,-12.366189722774902
1658,16.580000000000002,0.7256273452242684,-13.277778373700833,2.8152883009217953,6.354329226794865,2.9948024006058303,-15.403047168202113,0.0,-20.0,-20.0,110.0,-12.371536560193967
1659,16.59,0.7255446141808171,-13.28492565166379,2.8103518041193096,6.35384083354191,2.995841546490792,-15.412396450980973,0.0,-20.0,-20.0,110.0,-12.376883531944753
1660,16.6,0.7254618831373657,-13.292072929626748,2.805415307316824,6.35335227012354,2.9968806128008896,-15.421745751501996,0.0,-20.0,-20.0,110.0,-12.382230628443702
1661,16.61,0.7253791520939143,-13.299220207589705,2.8004788105143383,6.35286353655198,2.9979195995083323,-15.431095069770024,0.0,-20.0,-20.0,110.0,-12.38757784009734
1662,16.62,0.725296421050463,-13.306367485552663,2.7955423137118527,6.352374632839466,2.9989585065853346,-15.44044440578988,0.0,-20.0,-20.0,110.0,-12.39292515730221
1663,16.63,0.7252136900070116,-13.31351476351562,2.790605816909367,6.351885558998241,2.9999973340041106,-15.449793759566413,0.0,-20.0,-20.0,110.0,-12.398272570444842
1664,16.64,0.7251309589635603,-13.320662041478577,2.7856693201068814,6.351396315040545,3.0010360817368777,-15.45914313110445,0.0,-20.0,-20.0,110.0,-12.40362006990171
1665,16.65,0.7250482279201089,-13.327809319441533,2.7807328233043958,6.350906900978629,3.002074749755853,-15.468492520408823,0.0,-20.0,-20.0,110.0,-12.408967646039178
1666,16.66,0.7249654968766576,-13.334956597404489,2.77579632650191,6.3504173168247275,3.0031133380332493,-15.477841927484326,0.0,-20.0,-20.0,110.0,-12.41431528921348
1667,16.67,0.7248827658332062,-13.342103875367444,2.7708598296994245,6.34992756259113,3.004151846541304,-15.487191352335845,0.0,-20.0,-20.0,110.0,-12.419662989770645
1668,16.68,0.7248000347897549,-13.3492511533304,2.765923332896939,6.349437638290081,3.0051902752522346,-15.496540794968185,0.0,-20.0,-20.0,110.0,-12.425010738046502
1669,16.69,0.7247173037463035,-13.356398431293355,2.760986836094453,6.348947543933847,3.006228624138267,-15.505890255386154,0.0,-20.0,-20.0,110.0,-12.430358524366582
1670,16.7,0.7246345727028521,-13.36354570925631,2.7560503392919675,6.348457279534701,3.007266893171628,-15.515239733594587,0.0,-20.0,-20.0,110.0,-12.43570633904612
1671,16.71,0.7245518416594008,-13.370692987219266,2.751113842489482,6.347966845104916,3.008305082324549,-15.5245892295983,0.0,-20.0,-20.0,110.0,-12.44105417238998
1672,16.72,0.7244691106159494,-13.377840265182222,2.7461773456869962,6.347476240656772,3.0093431915692603,-15.533938743402102,0.0,-20.0,-20.0,110.0,-12.44640201469264
1673,16.73,0.7243863795724981,-13.384987543145177,2.741240848884511,6.34698546620255,3.0103812208779974,-15.543288275010816,0.0,-20.0,-20.0,110.0,-12.451749856238127
1674,16.740000000000002,0.7243036485290467,-13.392134821108133,2.736304352082026,6.346494521754542,3.0114191702229953,-15.552637824429254,0.0,-20.0,-20.0,110.0,-12.457097687299981
1675,16.75,0.7242209174855954,-13.399282099071087,2.7313678552795406,6.346003407325037,3.012457039576492,-15.56198739166223,0.0,-20.0,-20.0,110.0,-12.462445498141221
1676,16.76,0.724138186442144,-13.40642937703404,2.7264313584770554,6.345512122926335,3.0134948289107264,-15.571336976714553,0.0,-20.0,-20.0,110.0,-12.467793279014282
1677,16.77,0.7240554553986926,-13.413576654996994,2.72149486167457,6.345020668570737,3.0145325381979395,-15.580686579591033,0.0,-20.0,-20.0,110.0,-12.473141020160991
1678,16.78,0.7239727243552413,-13.420723932959948,2.716558364872085,6.34452904427055,3.015570167410377,-15.59003620029647,0.0,-20.0,-20.0,110.0,-12.478488711812513
1679,16.79,0.7238899933117899,-13.427871210922902,2.7116218680696,6.344037250038083,3.0166077165202814,-15.599385838835673,0.0,-20.0,-20.0,110.0,-12.483836344189305
1680,16.8,0.7238072622683386,-13.435018488885856,2.7066853712671146,6.343545285885651,3.0176451854999025,-15.60873549521344,0.0,-20.0,-20.0,110.0,-12.48918390750108
1681,16.81,0.7237245312248872,-13.44216576684881,2.7017488744646294,6.343053151825574,3.0186825743214887,-15.61808516943458,0.0,-20.0,-20.0,110.0,-12.49453139194676
1682,16.82,0.7236418001814359,-13.449313044811763,2.696812377662144,6.342560847870176,3.0197198829572907,-15.627434861503886,0.0,-20.0,-20.0,110.0,-12.49987878771443
1683,16.830000000000002,0.7235590691379845,-13.456460322774717,2.691875880859659,6.342068374031785,3.0207571113795626,-15.636784571426164,0.0,-20.0,-20.0,110.0,-12.5052260849813
1684,16.84,0.7234763380945332,-13.463607600737669,2.686939384057174,6.341575730322735,3.0217942595605582,-15.64613429920619,0.0,-20.0,-20.0,110.0,-12.510573273913645
1685,16.85,0.7233936070510818,-13.470754878700621,2.6820028872546886,6.341082916755361,3.0228313274725354,-15.655484044848771,0.0,-20.0,-20.0,110.0,-12.515920344666782
1686,16.86,0.7233108760076304,-13.477902156663573,2.6770663904522034,6.340589933342005,3.0238683150877526,-15.664833808358697,0.0,-20.0,-20.0,110.0,-12.521267287385013
1687,16.87,0.7232281449641791,-13.485049434626525,2.672129893649718,6.340096780095016,3.024905222378471,-15.674183589740764,0.0,-20.0,-20.0,110.0,-12.526614092201578
1688,16.88,0.7231454139207277,-13.492196712589477,2.667193396847233,6.339603457026739,3.025942049316953,-15.683533388999745,0.0,-20.0,-20.0,110.0,-12.53196074923862
1689,16.89,0.7230626828772764,-13.499343990552429,2.662256900044748,6.339109964149535,3.0269787958754635,-15.692883206140433,0.0,-20.0,-20.0,110.0,-12.537307248607137
1690,16.9,0.722979951833825,-13.506491268515381,2.6573204032422626,6.338616301475761,3.0280154620262696,-15.702233041167615,0.0,-20.0,-20.0,110.0,-12.542653580406927
1691,16.91,0.7228972207903737,-13.513638546478333,2.6523839064397774,6.3381224690177795,3.0290520477416387,-15.71158289408607,0.0,-20.0,-20.0,110.0,-12.547999734726561
1692,16.92,0.7228144897469223,-13.520785824441285,2.647447409637292,6.337628466787962,3.0300885529938433,-15.720932764900574,0.0,-20.0,-20.0,110.0,-12.55334570164332
1693,16.93,0.722731758703471,-13.527933102404237,2.642510912834807,6.33713429479868,3.0311249777551543,-15.73028265361591,0.0,-20.0,-20.0,110.0,-12.558691471223161
1694,16.94,0.7226490276600196,-13.535080380367187,2.637574416032322,6.336639953062309,3.0321613219978465,-15.739632560236855,0.0,-20.0,-20.0,110.0,-12.56403703352067
1695,16.95,0.7225662966165682,-13.542227658330138,2.6326379192298366,6.336145441591232,3.0331975856941975,-15.748982484768186,0.0,-20.0,-20.0,110.0,-12.569382378579018
1696,16.96,0.7224835655731169,-13.549374936293088,2.6277014224273514,6.335650760397836,3.0342337688164833,-15.758332427214668,0.0,-20.0,-20.0,110.0,-12.574727496429908
1697,16.97,0.7224008345296655,-13.556522214256038,2.622764925624866,6.33515590949451,3.035269871336986,-15.767682387581079,0.0,-20.0,-20.0,110.0,-12.580072377093533
1698,16.98,0.7223181034862142,-13.563669492218988,2.617828428822381,6.334660888893652,3.0363058932279876,-15.777032365872186,0.0,-20.0,-20.0,110.0,-12.58541701057854
1699,16.990000000000002,0.7222353724427628,-13.570816770181938,2.612891932019896,6.334165698607659,3.037341834461772,-15.786382362092752,0.0,-20.0,-20.0,110.0,-12.590761386881969
1700,17.0,0.7221526413993115,-13.577964048144889,2.6079554352174106,6.333670338648936,3.038377695010625,-15.79573237624755,0.0,-20.0,-20.0,110.0,-12.596105495989216
1701,17.01,0.7220699103558601,-13.585111326107839,2.6030189384149254,6.33317480902989,3.0394134748468353,-15.805082408341333,0.0,-20.0,-20.0,110.0,-12.60144932787398
1702,17.02,0.7219871793124087,-13.59225860407079,2.5980824416124406,6.332679109762934,3.040449173942692,-15.814432458378871,0.0,-20.0,-20.0,110.0,-12.60679287249823
1703,17.03,0.7219044482689574,-13.599405882033738,2.593145944809956,6.332183240860485,3.0414847922704875,-15.823782526364921,0.0,-20.0,-20.0,110.0,-12.612136119812142
1704,17.04,0.721821717225506,-13.606553159996686,2.588209448007471,6.331687202334967,3.0425203298025165,-15.833132612304237,0.0,-20.0,-20.0,110.0,-12.617479059754071
1705,17.05,0.7217389861820547,-13.613700437959634,2.5832729512049863,6.331190994198806,3.0435557865110736,-15.842482716201584,0.0,-20.0,-20.0,110.0,-12.622821682250482
1706,17.06,0.7216562551386033,-13.620847715922583,2.5783364544025016,6.330694616464432,3.0445911623684574,-15.85183283806171,0.0,-20.0,-20.0,110.0,-12.628163977215932
1707,17.07,0.721573524095152,-13.627994993885531,2.573399957600017,6.330198069144281,3.0456264573469682,-15.861182977889367,0.0,-20.0,-20.0,110.0,-12.633505934552991
1708,17.080000000000002,0.7214907930517006,-13.63514227184848,2.568463460797532,6.32970135225079,3.046661671418906,-15.870533135689305,0.0,-20.0,-20.0,110.0,-12.638847544152222
1709,17.09,0.7214080620082493,-13.642289549811428,2.5635269639950473,6.329204465796404,3.0476968045565758,-15.879883311466271,0.0,-20.0,-20.0,110.0,-12.64418879589212
1710,17.1,0.7213253309647979,-13.649436827774377,2.5585904671925626,6.328707409793572,3.0487318567322834,-15.88923350522502,0.0,-20.0,-20.0,110.0,-12.649529679639068
1711,17.11,0.7212425999213465,-13.656584105737325,2.553653970390078,6.328210184254734,3.0497668279183285,-15.898583716970249,0.0,-20.0,-20.0,110.0,-12.654870185247301
1712,17.12,0.7211598688778952,-13.663731383700272,2.548717473587593,6.327712789192371,3.050801718087035,-15.907933946706777,0.0,-20.0,-20.0,110.0,-12.660210302558824
1713,17.13,0.7210771378344438,-13.670878661663219,2.5437809767851083,6.327215224618936,3.051836527210707,-15.917284194439311,0.0,-20.0,-20.0,110.0,-12.665550021403412
1714,17.14,0.7209944067909925,-13.678025939626165,2.5388444799826235,6.326717490546894,3.0528712552616586,-15.926634460172593,0.0,-20.0,-20.0,110.0,-12.670889331598538
1715,17.150000000000002,0.7209116757475411,-13.685173217589112,2.5339079831801388,6.326219586988715,3.0539059022122053,-15.935984743911348,0.0,-20.0,-20.0,110.0,-12.676228222949314
1716,17.16,0.7208289447040898,-13.692320495552059,2.528971486377654,6.325721513956872,3.054940468034663,-15.945335045660325,0.0,-20.0,-20.0,110.0,-12.681566685248464
1717,17.17,0.7207462136606384,-13.699467773515005,2.5240349895751693,6.325223271463847,3.055974952701353,-15.954685365424249,0.0,-20.0,-20.0,110.0,-12.686904708276272
1718,17.18,0.720663482617187,-13.706615051477952,2.5190984927726845,6.324724859522124,3.0570093561845946,-15.964035703207854,0.0,-20.0,-20.0,110.0,-12.692242281800526
1719,17.19,0.7205807515737357,-13.713762329440899,2.5141619959701997,6.3242262781441925,3.058043678456713,-15.97338605901587,0.0,-20.0,-20.0,110.0,-12.697579395576478
1720,17.2,0.7204980205302843,-13.720909607403845,2.509225499167715,6.323727527342543,3.059077919490032,-15.982736432853022,0.0,-20.0,-20.0,110.0,-12.70291603934679
1721,17.21,0.720415289486833,-13.728056885366792,2.50428900236523,6.323228607129673,3.0601120792568794,-15.992086824724035,0.0,-20.0,-20.0,110.0,-12.70825220284149
1722,17.22,0.7203325584433816,-13.735204163329737,2.4993525055627455,6.322729517518087,3.0611461577295844,-16.00143723463364,0.0,-20.0,-20.0,110.0,-12.713587875777918
1723,17.23,0.7202498273999303,-13.742351441292682,2.4944160087602607,6.322230258520289,3.0621801548804775,-16.010787662586555,0.0,-20.0,-20.0,110.0,-12.718923047860693
1724,17.240000000000002,0.7201670963564789,-13.749498719255627,2.489479511957776,6.32173083014879,3.0632140706818927,-16.020138108587496,0.0,-20.0,-20.0,110.0,-12.724257708781641
1725,17.25,0.7200843653130276,-13.756645997218572,2.484543015155291,6.321231232416108,3.064247905106164,-16.02948857264119,0.0,-20.0,-20.0,110.0,-12.729591848219764
1726,17.26,0.7200016342695762,-13.763793275181516,2.4796065183528064,6.320731465334757,3.065281658125629,-16.038839054752344,0.0,-20.0,-20.0,110.0,-12.734925455841195
1727,17.27,0.7199189032261248,-13.770940553144461,2.4746700215503217,6.320231528917266,3.066315329712626,-16.048189554925685,0.0,-20.0,-20.0,110.0,-12.74025852129912
1728,17.28,0.7198361721826735,-13.778087831107406,2.469733524747837,6.319731423176158,3.067348919839496,-16.05754007316591,0.0,-20.0,-20.0,110.0,-12.745591034233765
1729,17.29,0.7197534411392221,-13.785235109070351,2.464797027945352,6.319231148123972,3.0683824284785834,-16.06689060947774,0.0,-20.0,-20.0,110.0,-12.75092298427233
1730,17.3,0.7196707100957708,-13.792382387033296,2.459860531142868,6.318730703773242,3.069415855602232,-16.076241163865877,0.0,-20.0,-20.0,110.0,-12.756254361028935
1731,17.31,0.7195879790523194,-13.79952966499624,2.4549240343403835,6.31823009013651,3.070449201182788,-16.08559173633504,0.0,-20.0,-20.0,110.0,-12.76158515410458
1732,17.32,0.7195052480088681,-13.806676942959182,2.449987537537899,6.317729307226323,3.0714824651926005,-16.09494232688992,0.0,-20.0,-20.0,110.0,-12.766915353087088
1733,17.330000000000002,0.7194225169654167,-13.813824220922125,2.445051040735415,6.317228355055234,3.072515647604021,-16.104292935535224,0.0,-20.0,-20.0,110.0,-12.772244947551068
1734,17.34,0.7193397859219653,-13.820971498885068,2.4401145439329306,6.316727233635794,3.0735487483894013,-16.11364356227566,0.0,-20.0,-20.0,110.0,-12.77757392705785
1735,17.35,0.719257054878514,-13.828118776848012,2.4351780471304463,6.316225942980564,3.0745817675210967,-16.122994207115923,0.0,-20.0,-20.0,110.0,-12.782902281155447
1736,17.36,0.7191743238350626,-13.835266054810955,2.430241550327962,6.3157244831021115,3.075614704971464,-16.132344870060717,0.0,-20.0,-20.0,110.0,-12.788229999378492
1737,17.37,0.7190915927916113,-13.842413332773898,2.4253050535254776,6.315222854013,3.076647560712862,-16.14169555111472,0.0,-20.0,-20.0,110.0,-12.79355707124821
1738,17.38,0.7190088617481599,-13.849560610736841,2.4203685567229933,6.314721055725805,3.0776803347176496,-16.151046250282633,0.0,-20.0,-20.0,110.0,-12.798883486272342
1739,17.39,0.7189261307047086,-13.856707888699784,2.415432059920509,6.314219088253105,3.0787130269581913,-16.16039696756916,0.0,-20.0,-20.0,110.0,-12.804209233945121
1740,17.400000000000002,0.7188433996612572,-13.863855166662727,2.4104955631180247,6.3137169516074785,3.0797456374068513,-16.16974770297898,0.0,-20.0,-20.0,110.0,-12.809534303747183
1741,17.41,0.7187606686178059,-13.871002444625669,2.4055590663155404,6.313214645801513,3.0807781660359956,-16.179098456516787,0.0,-20.0,-20.0,110.0,-12.814858685145571
1742,17.42,0.7186779375743545,-13.87814972258861,2.400622569513056,6.312712170847799,3.0818106128179936,-16.188449228187263,0.0,-20.0,-20.0,110.0,-12.820182367593638
1743,17.43,0.7185952065309031,-13.885297000551551,2.3956860727105718,6.3122095267589335,3.0828429777252153,-16.19780001799509,0.0,-20.0,-20.0,110.0,-12.825505340531018
1744,17.44,0.7185124754874518,-13.892444278514493,2.3907495759080875,6.311706713547515,3.083875260730033,-16.207150825944957,0.0,-20.0,-20.0,110.0,-12.830827593383567
1745,17.45,0.7184297444440004,-13.899591556477434,2.385813079105603,6.311203731226149,3.0849074618048213,-16.216501652041543,0.0,-20.0,-20.0,110.0,-12.836149115563316
1746,17.46,0.7183470134005491,-13.906738834440375,2.380876582303119,6.310700579807441,3.0859395809219565,-16.22585249628952,0.0,-20.0,-20.0,110.0,-12.841469896468428
1747,17.47,0.7182642823570977,-13.913886112403317,2.3759400855006345,6.310197259304005,3.086971618053817,-16.235203358693568,0.0,-20.0,-20.0,110.0,-12.846789925483126
1748,17.48,0.7181815513136464,-13.921033390366258,2.37100358869815,6.30969376972846,3.088003573172784,-16.244554239258363,0.0,-20.0,-20.0,110.0,-12.852109191977664
1749,17.490000000000002,0.718098820270195,-13.9281806683292,2.366067091895666,6.309190111093424,3.089035446251238,-16.253905137988582,0.0,-20.0,-20.0,110.0,-12.85742768530826
1750,17.5,0.7180160892267436,-13.935327946292139,2.3611305950931816,6.30868628341153,3.090067237261566,-16.263256054888885,0.0,-20.0,-20.0,110.0,-12.862745394817056
1751,17.51,0.7179333581832923,-13.942475224255078,2.3561940982906973,6.308182286695403,3.0910989461761527,-16.272606989963954,0.0,-20.0,-20.0,110.0,-12.868062309832052
1752,17.52,0.7178506271398409,-13.949622502218018,2.351257601488213,6.3076781209576644,3.09213057296738,-16.28195794321841,0.0,-20.0,-20.0,110.0,-12.873378419667077
1753,17.53,0.7177678960963896,-13.956769780180958,2.3463211046857286,6.307173786210985,3.093162117607652,-16.291308914656998,0.0,-20.0,-20.0,110.0,-12.878693713621706
1754,17.54,0.7176851650529382,-13.963917058143897,2.3413846078832443,6.3066692824679915,3.094193580069353,-16.300659904284334,0.0,-20.0,-20.0,110.0,-12.884008180981246
1755,17.55,0.7176024340094869,-13.971064336106837,2.33644811108076,6.306164609741334,3.0952249603248787,-16.310010912105092,0.0,-20.0,-20.0,110.0,-12.88932181101664
1756,17.56,0.7175197029660355,-13.978211614069776,2.3315116142782757,6.3056597680436655,3.0962562583466253,-16.319361938123926,0.0,-20.0,-20.0,110.0,-12.894634592984461
1757,17.57,0.7174369719225842,-13.985358892032716,2.3265751174757914,6.305154757387642,3.0972874741069907,-16.328712982345497,0.0,-20.0,-20.0,110.0,-12.899946516126821
1758,17.580000000000002,0.7173542408791328,-13.992506169995655,2.321638620673307,6.304649577785928,3.098318607578375,-16.33806404477446,0.0,-20.0,-20.0,110.0,-12.90525756967134
1759,17.59,0.7172715098356814,-13.999653447958595,2.316702123870823,6.304144229251188,3.0993496587331806,-16.347415125415456,0.0,-20.0,-20.0,110.0,-12.91056774283109
1760,17.6,0.7171887787922301,-14.006800725921533,2.3117656270683393,6.3036387117960935,3.1003806275438115,-16.356766224273155,0.0,-20.0,-20.0,110.0,-12.915877024804535
1761,17.61,0.7171060477487787,-14.01394800388447,2.3068291302658555,6.3031330254333175,3.101411513982675,-16.3661173413522,0.0,-20.0,-20.0,110.0,-12.921185404775494
1762,17.62,0.7170233167053274,-14.021095281847408,2.3018926334633716,6.302627170175543,3.102442318022178,-16.375468476657243,0.0,-20.0,-20.0,110.0,-12.926492871913066
1763,17.63,0.716940585661876,-14.028242559810346,2.2969561366608877,6.302121146035451,3.103473039634731,-16.384819630192922,0.0,-20.0,-20.0,110.0,-12.931799415371598
1764,17.64,0.7168578546184247,-14.035389837773284,2.292019639858404,6.301614953025729,3.104503678792747,-16.39417080196388,0.0,-20.0,-20.0,110.0,-12.937105024290616
1765,17.650000000000002,0.7167751235749733,-14.042537115736222,2.28708314305592,6.301108591159075,3.1055342354686393,-16.403521991974774,0.0,-20.0,-20.0,110.0,-12.942409687794783
1766,17.66,0.716692392531522,-14.04968439369916,2.282146646253436,6.300602060448183,3.106564709634825,-16.41287320023023,0.0,-20.0,-20.0,110.0,-12.947713394993837
1767,17.67,0.7166096614880706,-14.056831671662097,2.2772101494509522,6.300095360905755,3.1075951012637213,-16.422224426734893,0.0,-20.0,-20.0,110.0,-12.95301613498255
1768,17.68,0.7165269304446192,-14.063978949625035,2.2722736526484684,6.299588492544497,3.1086254103277486,-16.431575671493405,0.0,-20.0,-20.0,110.0,-12.958317896840656
1769,17.69,0.7164441994011679,-14.071126227587971,2.2673371558459845,6.299081455377119,3.1096556367993298,-16.440926934510387,0.0,-20.0,-20.0,110.0,-12.963618669632814
1770,17.7,0.7163614683577165,-14.078273505550907,2.2624006590435006,6.298574249416339,3.1106857806508876,-16.450278215790483,0.0,-20.0,-20.0,110.0,-12.968918442408542
1771,17.71,0.7162787373142652,-14.085420783513843,2.2574641622410168,6.298066874674873,3.11171584185485,-16.45962951533832,0.0,-20.0,-20.0,110.0,-12.974217204202176
1772,17.72,0.7161960062708138,-14.09256806147678,2.252527665438533,6.297559331165448,3.112745820383644,-16.468980833158525,0.0,-20.0,-20.0,110.0,-12.97951494403281
1773,17.73,0.7161132752273625,-14.099715339439715,2.247591168636049,6.297051618900789,3.113775716209701,-16.47833216925573,0.0,-20.0,-20.0,110.0,-12.984811650904224
1774,17.740000000000002,0.7160305441839111,-14.106862617402651,2.242654671833565,6.296543737893631,3.114805529305451,-16.48768352363456,0.0,-20.0,-20.0,110.0,-12.990107313804868
1775,17.75,0.7159478131404597,-14.114009895365587,2.2377181750310813,6.296035688156712,3.11583525964333,-16.497034896299635,0.0,-20.0,-20.0,110.0,-12.99540192170777
1776,17.76,0.7158650820970084,-14.121157173328523,2.2327816782285974,6.295527469702773,3.116864907195773,-16.506386287255577,0.0,-20.0,-20.0,110.0,-13.00069546357051
1777,17.77,0.715782351053557,-14.12830445129146,2.2278451814261135,6.295019082544561,3.1178944719352186,-16.515737696507006,0.0,-20.0,-20.0,110.0,-13.005987928335133
1778,17.78,0.7156996200101057,-14.135451729254394,2.2229086846236297,6.294510526694826,3.1189239538341074,-16.525089124058542,0.0,-20.0,-20.0,110.0,-13.011279304928134
1779,17.79,0.7156168889666543,-14.142599007217328,2.217972187821146,6.294001802166322,3.1199533528648815,-16.5344405699148,0.0,-20.0,-20.0,110.0,-13.016569582260372
1780,17.8,0.715534157923203,-14.149746285180262,2.213035691018662,6.29349290897181,3.1209826689999853,-16.543792034080397,0.0,-20.0,-20.0,110.0,-13.021858749227029
1781,17.81,0.7154514268797516,-14.156893563143196,2.208099194216178,6.292983847124052,3.1220119022118644,-16.55314351655993,0.0,-20.0,-20.0,110.0,-13.027146794707553
1782,17.82,0.7153686958363003,-14.16404084110613,2.203162697413694,6.292474616635816,3.1230410524729675,-16.562495017358025,0.0,-20.0,-20.0,110.0,-13.032433707565602
1783,17.830000000000002,0.7152859647928489,-14.171188119069065,2.1982262006112103,6.291965217519878,3.1240701197557437,-16.571846536479285,0.0,-20.0,-20.0,110.0,-13.037719476648977
1784,17.84,0.7152032337493975,-14.178335397031999,2.1932897038087265,6.291455649789013,3.1250991040326466,-16.581198073928313,0.0,-20.0,-20.0,110.0,-13.043004090789594
1785,17.85,0.7151205027059462,-14.185482674994933,2.1883532070062426,6.290945913456004,3.1261280052761298,-16.59054962970972,0.0,-20.0,-20.0,110.0,-13.048287538803397
1786,17.86,0.7150377716624948,-14.192629952957867,2.1834167102037587,6.2904360085336375,3.1271568234586495,-16.599901203828107,0.0,-20.0,-20.0,110.0,-13.05356980949033
1787,17.87,0.7149550406190435,-14.199777230920802,2.1784802134012753,6.289925935034702,3.128185558552664,-16.609252796288068,0.0,-20.0,-20.0,110.0,-13.05885089163426
1788,17.88,0.7148723095755921,-14.206924508883734,2.173543716598792,6.289415692971994,3.129214210530634,-16.618604407094203,0.0,-20.0,-20.0,110.0,-13.064130774002924
1789,17.89,0.7147895785321408,-14.214071786846667,2.1686072197963084,6.288905282358313,3.130242779365021,-16.627956036251117,0.0,-20.0,-20.0,110.0,-13.06940944534789
1790,17.900000000000002,0.7147068474886894,-14.221219064809599,2.163670722993825,6.288394703206461,3.1312712650282895,-16.637307683763392,0.0,-20.0,-20.0,110.0,-13.074686894404485
1791,17.91,0.714624116445238,-14.228366342772532,2.1587342261913416,6.287883955529248,3.1322996674929064,-16.64665934963563,0.0,-20.0,-20.0,110.0,-13.079963109891738
1792,17.92,0.7145413854017867,-14.235513620735464,2.153797729388858,6.287373039339485,3.1333279867313393,-16.65601103387242,0.0,-20.0,-20.0,110.0,-13.085238080512328
1793,17.93,0.7144586543583353,-14.242660898698396,2.1488612325863747,6.286861954649992,3.1343562227160584,-16.665362736478354,0.0,-20.0,-20.0,110.0,-13.090511794952535
1794,17.94,0.714375923314884,-14.249808176661329,2.1439247357838913,6.28635070147359,3.1353843754195365,-16.67471445745801,0.0,-20.0,-20.0,110.0,-13.095784241882164
1795,17.95,0.7142931922714326,-14.256955454624261,2.138988238981408,6.285839279823104,3.136412444814247,-16.684066196815976,0.0,-20.0,-20.0,110.0,-13.101055409954506
1796,17.96,0.7142104612279813,-14.264102732587194,2.1340517421789245,6.285327689711365,3.137440430872668,-16.69341795455684,0.0,-20.0,-20.0,110.0,-13.106325287806275
1797,17.97,0.7141277301845299,-14.271250010550125,2.129115245376441,6.284815931151207,3.1384683335672756,-16.70276973068518,0.0,-20.0,-20.0,110.0,-13.111593864057543
1798,17.98,0.7140449991410786,-14.278397288513055,2.1241787485739576,6.284304004155473,3.1394961528705534,-16.712121525205575,0.0,-20.0,-20.0,110.0,-13.1168611273117
1799,17.990000000000002,0.7139622680976272,-14.285544566475986,2.119242251771474,6.283791908737,3.1405238887549802,-16.721473338122603,0.0,-20.0,-20.0,110.0,-13.122127066155379
1800,18.0,0.7138795370541758,-14.292691844438917,2.1143057549689908,6.283279644908641,3.1415515411930426,-16.73082516944084,0.0,-20.0,-20.0,110.0,-13.127391669158408
1801,18.01,0.7137968060107245,-14.299839122401847,2.1093692581665073,6.2827672126832494,3.1425791101572265,-16.74017701916485,0.0,-20.0,-20.0,110.0,-13.132654924873755
1802,18.02,0.7137140749672731,-14.306986400364778,2.104432761364024,6.282254612073678,3.1436065956200205,-16.749528887299228,0.0,-20.0,-20.0,110.0,-13.137916821837454
1803,18.03,0.7136313439238218,-14.314133678327709,2.0994962645615405,6.281741843092792,3.1446339975539144,-16.758880773848517,0.0,-20.0,-20.0,110.0,-13.143177348568567
1804,18.04,0.7135486128803704,-14.32128095629064,2.094559767759057,6.281228905753459,3.1456613159314015,-16.768232678817306,0.0,-20.0,-20.0,110.0,-13.148436493569124
1805,18.05,0.7134658818369191,-14.32842823425357,2.0896232709565736,6.280715800068532,3.146688550724969,-16.777584602210116,0.0,-20.0,-20.0,110.0,-13.153694245324042
1806,18.06,0.7133831507934677,-14.3355755122165,2.08468677415409,6.280202526050913,3.147715701907128,-16.786936544031576,0.0,-20.0,-20.0,110.0,-13.158950592301094
1807,18.07,0.7133004197500163,-14.34272279017943,2.079750277351607,6.279689083713471,3.1487427694503696,-16.79628850428622,0.0,-20.0,-20.0,110.0,-13.164205522950832
1808,18.080000000000002,0.713217688706565,-14.349870068142359,2.0748137805491234,6.279175473069088,3.1497697533271936,-16.80564048297861,0.0,-20.0,-20.0,110.0,-13.169459025706542
1809,18.09,0.7131349576631136,-14.357017346105287,2.06987728374664,6.27866169413065,3.1507966535101035,-16.814992480113297,0.0,-20.0,-20.0,110.0,-13.174711088984186
1810,18.1,0.7130522266196623,-14.364164624068216,2.0649407869441565,6.278147746911053,3.1518234699716037,-16.82434449569484,0.0,-20.0,-20.0,110.0,-13.179961701182314
1811,18.11,0.7129694955762109,-14.371311902031145,2.060004290141673,6.277633631423191,3.1528502026842022,-16.833696529727803,0.0,-20.0,-20.0,110.0,-13.185210850682054
1812,18.12,0.7128867645327596,-14.378459179994074,2.0550677933391897,6.277119347679968,3.1538768516204057,-16.84304858221672,0.0,-20.0,-20.0,110.0,-13.190458525847005
1813,18.13,0.7128040334893082,-14.385606457957003,2.0501312965367062,6.27660489569429,3.1549034167527257,-16.852400653166157,0.0,-20.0,-20.0,110.0,-13.19570471502321
1814,18.14,0.7127213024458569,-14.392753735919932,2.045194799734223,6.276090275479066,3.155929898053676,-16.861752742580652,0.0,-20.0,-20.0,110.0,-13.200949406539086
1815,18.150000000000002,0.7126385714024055,-14.399901013882861,2.0402583029317394,6.275575487047211,3.156956295495769,-16.871104850464757,0.0,-20.0,-20.0,110.0,-13.206192588705363
1816,18.16,0.7125558403589541,-14.407048291845788,2.0353218061292564,6.275060530411648,3.157982609051524,-16.880456976823023,0.0,-20.0,-20.0,110.0,-13.211434249815012
1817,18.17,0.7124731093155028,-14.414195569808715,2.0303853093267734,6.274545405585295,3.159008838693459,-16.889809121659976,0.0,-20.0,-20.0,110.0,-13.216674378143225
1818,18.18,0.7123903782720514,-14.421342847771642,2.0254488125242904,6.27403011258108,3.1600349843940942,-16.89916128498017,0.0,-20.0,-20.0,110.0,-13.221912961947307
1819,18.19,0.7123076472286001,-14.42849012573457,2.0205123157218075,6.273514651411937,3.1610610461259534,-16.908513466788136,0.0,-20.0,-20.0,110.0,-13.22714998946665
1820,18.2,0.7122249161851487,-14.435637403697497,2.0155758189193245,6.272999022090807,3.1620870238615613,-16.917865667088417,0.0,-20.0,-20.0,110.0,-13.232385448922653
1821,18.21,0.7121421851416974,-14.442784681660424,2.0106393221168415,6.272483224630626,3.163112917573444,-16.92721788588555,0.0,-20.0,-20.0,110.0,-13.237619328518674
1822,18.22,0.712059454098246,-14.44993195962335,2.0057028253143585,6.271967259044343,3.164138727234131,-16.93657012318406,0.0,-20.0,-20.0,110.0,-13.242851616439967
1823,18.23,0.7119767230547946,-14.457079237586278,2.0007663285118755,6.271451125344907,3.165164452816154,-16.945922378988485,0.0,-20.0,-20.0,110.0,-13.24808230085361
1824,18.240000000000002,0.7118939920113433,-14.464226515549205,1.9958298317093925,6.270934823545273,3.1661900942920465,-16.955274653303345,0.0,-20.0,-20.0,110.0,-13.253311369908465
1825,18.25,0.7118112609678919,-14.471373793512132,1.9908933349069096,6.2704183536584,3.1672156516343413,-16.964626946133173,0.0,-20.0,-20.0,110.0,-13.258538811735098
1826,18.26,0.7117285299244406,-14.478521071475058,1.9859568381044266,6.269901715697251,3.168241124815578,-16.973979257482497,0.0,-20.0,-20.0,110.0,-13.263764614445728
1827,18.27,0.7116457988809892,-14.485668349437983,1.9810203413019436,6.269384909674795,3.1692665138082945,-16.983331587355835,0.0,-20.0,-20.0,110.0,-13.268988766134166
1828,18.28,0.7115630678375379,-14.492815627400908,1.9760838444994606,6.2688679356040025,3.170291818585033,-16.992683935757714,0.0,-20.0,-20.0,110.0,-13.274211254875752
1829,18.29,0.7114803367940865,-14.499962905363834,1.9711473476969776,6.26835079349785,3.1713170391183354,-17.00203630269265,0.0,-20.0,-20.0,110.0,-13.279432068727289
1830,18.3,0.7113976057506352,-14.507110183326759,1.9662108508944947,6.2678334833693246,3.172342175380748,-17.011388688165155,0.0,-20.0,-20.0,110.0,-13.284651195726985
1831,18.31,0.7113148747071838,-14.514257461289684,1.9612743540920117,6.267316005231408,3.173367227344818,-17.020741092179758,0.0,-20.0,-20.0,110.0,-13.289868623894401
1832,18.32,0.7112321436637324,-14.52140473925261,1.9563378572895287,6.2667983590970895,3.174392194983094,-17.03009351474097,0.0,-20.0,-20.0,110.0,-13.295084341230377
1833,18.330000000000002,0.7111494126202811,-14.528552017215535,1.9514013604870457,6.266280544979364,3.1754170782681292,-17.03944595585328,0.0,-20.0,-20.0,110.0,-13.30029833571696
1834,18.34,0.7110666815768297,-14.53569929517846,1.9464648636845627,6.265762562891232,3.176441877172475,-17.048798415521226,0.0,-20.0,-20.0,110.0,-13.305510595317374
1835,18.35,0.7109839505333784,-14.542846573141384,1.9415283668820797,6.265244412845695,3.1774665916686895,-17.058150893749307,0.0,-20.0,-20.0,110.0,-13.310721107975928
1836,18.36,0.710901219489927,-14.549993851104308,1.9365918700795968,6.264726094855763,3.178491221729327,-17.067503390542026,0.0,-20.0,-20.0,110.0,-13.315929861617965
1837,18.37,0.7108184884464757,-14.557141129067231,1.931655373277114,6.264207608934447,3.1795157673269494,-17.07685590590389,0.0,-20.0,-20.0,110.0,-13.321136844149812
1838,18.38,0.7107357574030243,-14.564288407030155,1.9267188764746312,6.263688955094762,3.1805402284341175,-17.086208439839396,0.0,-20.0,-20.0,110.0,-13.326342043458682
1839,18.39,0.710653026359573,-14.571435684993078,1.9217823796721485,6.2631701333497345,3.181564605023396,-17.09556099235305,0.0,-20.0,-20.0,110.0,-13.331545447412655
1840,18.400000000000002,0.7105702953161216,-14.578582962956002,1.9168458828696657,6.262651143712383,3.1825888970673497,-17.104913563449347,0.0,-20.0,-20.0,110.0,-13.336747043860582
1841,18.41,0.7104875642726702,-14.585730240918926,1.911909386067183,6.262131986195744,3.183613104538547,-17.114266153132778,0.0,-20.0,-20.0,110.0,-13.341946820632037
1842,18.42,0.7104048332292189,-14.59287751888185,1.9069728892647002,6.2616126608128475,3.184637227409557,-17.123618761407847,0.0,-20.0,-20.0,110.0,-13.347144765537253
1843,18.43,0.7103221021857675,-14.600024796844773,1.9020363924622175,6.261093167576734,3.185661265652952,-17.132971388279046,0.0,-20.0,-20.0,110.0,-13.352340866367056
1844,18.44,0.7102393711423162,-14.607172074807695,1.8970998956597347,6.260573506500447,3.1866852192413067,-17.142324033750857,0.0,-20.0,-20.0,110.0,-13.3575351108928
1845,18.45,0.7101566400988648,-14.614319352770616,1.892163398857252,6.260053677597035,3.187709088147196,-17.151676697827778,0.0,-20.0,-20.0,110.0,-13.3627274868663
1846,18.46,0.7100739090554135,-14.621466630733538,1.8872269020547692,6.259533680879549,3.1887328723431985,-17.161029380514282,0.0,-20.0,-20.0,110.0,-13.367917982019787
1847,18.47,0.7099911780119621,-14.62861390869646,1.8822904052522864,6.259013516361047,3.189756571801894,-17.17038208181487,0.0,-20.0,-20.0,110.0,-13.37310658406582
1848,18.48,0.7099084469685107,-14.635761186659382,1.8773539084498037,6.258493184054588,3.1907801864958647,-17.179734801734014,0.0,-20.0,-20.0,110.0,-13.378293280697239
1849,18.490000000000002,0.7098257159250594,-14.642908464622304,1.872417411647321,6.257972683973239,3.191803716397696,-17.189087540276198,0.0,-20.0,-20.0,110.0,-13.383478059587086
1850,18.5,0.709742984881608,-14.650055742585225,1.8674809148448381,6.257452016130068,3.192827161479972,-17.1984402974459,0.0,-20.0,-20.0,110.0,-13.388660908388562
1851,18.51,0.7096602538381567,-14.657203020548147,1.8625444180423554,6.256931180538152,3.1938505217152815,-17.20779307324759,0.0,-20.0,-20.0,110.0,-13.393841814734937
1852,18.52,0.7095775227947053,-14.664350298511069,1.8576079212398728,6.2564101772105705,3.194873797076216,-17.21714586768575,0.0,-20.0,-20.0,110.0,-13.39902076623951
1853,18.53,0.709494791751254,-14.67149757647399,1.8526714244373903,6.2558890061604036,3.1958969875353676,-17.22649868076486,0.0,-20.0,-20.0,110.0,-13.404197750495523
1854,18.54,0.7094120607078026,-14.67864485443691,1.8477349276349078,6.255367667400739,3.1969200930653305,-17.23585151248938,0.0,-20.0,-20.0,110.0,-13.40937275507611
1855,18.55,0.7093293296643512,-14.68579213239983,1.8427984308324252,6.254846160944671,3.1979431136387015,-17.245204362863774,0.0,-20.0,-20.0,110.0,-13.414545767534223
1856,18.56,0.7092465986208999,-14.69293941036275,1.8378619340299427,6.254324486805293,3.198966049228079,-17.254557231892523,0.0,-20.0,-20.0,110.0,-13.419716775402586
1857,18.57,0.7091638675774485,-14.700086688325671,1.8329254372274602,6.25380264499571,3.1999888998060633,-17.263910119580085,0.0,-20.0,-20.0,110.0,-13.424885766193594
1858,18.580000000000002,0.7090811365339972,-14.707233966288591,1.8279889404249776,6.253280635529025,3.201011665345258,-17.273263025930923,0.0,-20.0,-20.0,110.0,-13.430052727399284
1859,18.59,0.7089984054905458,-14.714381244251511,1.823052443622495,6.252758458418348,3.202034345818268,-17.282615950949502,0.0,-20.0,-20.0,110.0,-13.435217646491244
1860,18.6,0.7089156744470945,-14.721528522214431,1.8181159468200125,6.252236113676794,3.2030569411977,-17.291968894640277,0.0,-20.0,-20.0,110.0,-13.440380510920571
1861,18.61,0.7088329434036431,-14.728675800177351,1.81317945001753,6.251713601317482,3.2040794514561606,-17.3013218570077,0.0,-20.0,-20.0,110.0,-13.445541308117777
1862,18.62,0.7087502123601918,-14.735823078140271,1.8082429532150475,6.251190921353531,3.2051018765662644,-17.310674838056244,0.0,-20.0,-20.0,110.0,-13.450700025492738
1863,18.63,0.7086674813167404,-14.74297035610319,1.803306456412565,6.250668073798073,3.2061242165006227,-17.320027837790345,0.0,-20.0,-20.0,110.0,-13.455856650434642
1864,18.64,0.708584750273289,-14.750117634066108,1.7983699596100824,6.250145058664237,3.20714647123185,-17.32938085621446,0.0,-20.0,-20.0,110.0,-13.46101117031189
1865,18.650000000000002,0.7085020192298377,-14.757264912029026,1.7934334628075999,6.24962187596516,3.208168640732565,-17.338733893333043,0.0,-20.0,-20.0,110.0,-13.466163572472059
1866,18.66,0.7084192881863863,-14.764412189991944,1.7884969660051175,6.249098525713973,3.209190724975378,-17.348086949150492,0.0,-20.0,-20.0,110.0,-13.471313844241823
1867,18.67,0.708336557142935,-14.771559467954862,1.7835604692026352,6.248575007923844,3.2102127239329263,-17.357440023671337,0.0,-20.0,-20.0,110.0,-13.476461972926879
1868,18.68,0.7082538260994836,-14.77870674591778,1.778623972400153,6.2480513226079095,3.211234637577825,-17.36679311689998,0.0,-20.0,-20.0,110.0,-13.481607945811888
1869,18.69,0.7081710950560323,-14.785854023880699,1.7736874755976706,6.247527469779326,3.2122564658826995,-17.37614622884087,0.0,-20.0,-20.0,110.0,-13.48675175016042
1870,18.7,0.7080883640125809,-14.793001301843617,1.7687509787951883,6.24700344945125,3.213278208820178,-17.38549935949844,0.0,-20.0,-20.0,110.0,-13.491893373214864
1871,18.71,0.7080056329691296,-14.800148579806535,1.763814481992706,6.246479261636846,3.21429986636289,-17.39485250887713,0.0,-20.0,-20.0,110.0,-13.497032802196383
1872,18.72,0.7079229019256782,-14.807295857769454,1.7588779851902236,6.245954906349277,3.2153214384834667,-17.404205676981366,0.0,-20.0,-20.0,110.0,-13.50217002430481
1873,18.73,0.7078401708822268,-14.81444313573237,1.7539414883877413,6.245430383601719,3.216342925154543,-17.4135588638156,0.0,-20.0,-20.0,110.0,-13.507305026718631
1874,18.740000000000002,0.7077574398387755,-14.821590413695287,1.749004991585259,6.244905693407347,3.2173643263487524,-17.42291206938425,0.0,-20.0,-20.0,110.0,-13.51243779659488
1875,18.75,0.7076747087953241,-14.828737691658203,1.7440684947827767,6.244380835779342,3.2183856420387342,-17.43226529369175,0.0,-20.0,-20.0,110.0,-13.517568321069078
1876,18.76,0.7075919777518728,-14.83588496962112,1.7391319979802944,6.2438558107308895,3.219406872197129,-17.441618536742528,0.0,-20.0,-20.0,110.0,-13.522696587255183
1877,18.77,0.7075092467084214,-14.843032247584036,1.734195501177812,6.243330618275179,3.220428016796578,-17.450971798541005,0.0,-20.0,-20.0,110.0,-13.52782258224549
1878,18.78,0.7074265156649701,-14.850179525546952,1.7292590043753298,6.242805258425402,3.221449075809725,-17.460325079091614,0.0,-20.0,-20.0,110.0,-13.532946293110594
1879,18.79,0.7073437846215187,-14.857326803509869,1.7243225075728474,6.242279731194759,3.222470049209217,-17.46967837839877,0.0,-20.0,-20.0,110.0,-13.538067706899305
1880,18.8,0.7072610535780673,-14.864474081472785,1.7193860107703653,6.241754036596451,3.223490936967701,-17.47903169646689,0.0,-20.0,-20.0,110.0,-13.543186810638579
1881,18.81,0.707178322534616,-14.871621359435702,1.7144495139678833,6.241228174643686,3.224511739057828,-17.488385033300403,0.0,-20.0,-20.0,110.0,-13.548303591333449
1882,18.82,0.7070955914911646,-14.878768637398617,1.7095130171654012,6.240702145349676,3.225532455452251,-17.49773838890372,0.0,-20.0,-20.0,110.0,-13.553418035966967
1883,18.830000000000002,0.7070128604477133,-14.885915915361531,1.704576520362919,6.240175948727637,3.2265530861236233,-17.507091763281256,0.0,-20.0,-20.0,110.0,-13.55853013150012
1884,18.84,0.7069301294042619,-14.893063193324446,1.699640023560437,6.23964958479079,3.227573631044602,-17.516445156437413,0.0,-20.0,-20.0,110.0,-13.563639864871774
1885,18.85,0.7068473983608106,-14.90021047128736,1.6947035267579549,6.239123053552359,3.228594090187845,-17.52579856837662,0.0,-20.0,-20.0,110.0,-13.568747222998589
1886,18.86,0.7067646673173592,-14.907357749250275,1.6897670299554728,6.238596355025575,3.2296144635260147,-17.535151999103267,0.0,-20.0,-20.0,110.0,-13.57385219277497
1887,18.87,0.7066819362739079,-14.91450502721319,1.6848305331529907,6.238069489223669,3.230634751031773,-17.54450544862177,0.0,-20.0,-20.0,110.0,-13.578954761072973
1888,18.88,0.7065992052304565,-14.921652305176105,1.6798940363505086,6.237542456159882,3.231654952677786,-17.553858916936537,0.0,-20.0,-20.0,110.0,-13.584054914742254
1889,18.89,0.7065164741870051,-14.92879958313902,1.6749575395480265,6.237015255847453,3.2326750684367167,-17.563212404051956,0.0,-20.0,-20.0,110.0,-13.589152640609992
1890,18.900000000000002,0.7064337431435538,-14.935946861101934,1.6700210427455444,6.236487888299632,3.2336950982812382,-17.572565909972443,0.0,-20.0,-20.0,110.0,-13.594247925480822
1891,18.91,0.7063510121001024,-14.943094139064849,1.6650845459430623,6.23596035352967,3.2347150421840203,-17.581919434702385,0.0,-20.0,-20.0,110.0,-13.599340756136753
1892,18.92,0.7062682810566511,-14.950241417027762,1.6601480491405802,6.235432651550824,3.2357349001177362,-17.591272978246185,0.0,-20.0,-20.0,110.0,-13.60443111933711
1893,18.93,0.7061855500131997,-14.957388694990675,1.6552115523380981,6.2349047823763515,3.2367546720550613,-17.600626540608236,0.0,-20.0,-20.0,110.0,-13.609519001818464
1894,18.94,0.7061028189697484,-14.964535972953588,1.6502750555356163,6.2343767460195165,3.2377743579686733,-17.609980121792937,0.0,-20.0,-20.0,110.0,-13.614604390294545
1895,18.95,0.706020087926297,-14.9716832509165,1.6453385587331344,6.23384854249359,3.2387939578312497,-17.619333721804658,0.0,-20.0,-20.0,110.0,-13.6196872714562
1896,18.96,0.7059373568828456,-14.978830528879413,1.6404020619306525,6.2333201718118465,3.239813471615474,-17.628687340647804,0.0,-20.0,-20.0,110.0,-13.624767631971288
1897,18.97,0.7058546258393943,-14.985977806842326,1.6354655651281707,6.232791633987563,3.24083289929403,-17.638040978326757,0.0,-20.0,-20.0,110.0,-13.629845458484626
1898,18.98,0.7057718947959429,-14.99312508480524,1.6305290683256888,6.232262929034023,3.2418522408396018,-17.64739463484592,0.0,-20.0,-20.0,110.0,-13.634920737617922
1899,18.990000000000002,0.7056891637524916,-15.000272362768152,1.625592571523207,6.231734056964513,3.2428714962248795,-17.65674831020964,0.0,-20.0,-20.0,110.0,-13.639993455969696
1900,19.0,0.7056064327090402,-15.007419640731065,1.620656074720725,6.2312050177923215,3.243890665422551,-17.666102004422328,0.0,-20.0,-20.0,110.0,-13.645063600115206
1901,19.01,0.7055237016655889,-15.014566918693976,1.6157195779182432,6.230675811530747,3.244909748405309,-17.67545571748834,0.0,-20.0,-20.0,110.0,-13.65013115660638
1902,19.02,0.7054409706221375,-15.021714196656887,1.6107830811157613,6.230146438193088,3.2459287451458483,-17.684809449412075,0.0,-20.0,-20.0,110.0,-13.655196111971744
1903,19.03,0.7053582395786862,-15.028861474619799,1.6058465843132794,6.229616897792652,3.246947655616864,-17.69416320019789,0.0,-20.0,-20.0,110.0,-13.660258452716347
1904,19.04,0.7052755085352348,-15.03600875258271,1.6009100875107976,6.229087190342729,3.247966479791048,-17.703516969850128,0.0,-20.0,-20.0,110.0,-13.6653181653217
1905,19.05,0.7051927774917834,-15.043156030545621,1.5959735907083157,6.228557315856664,3.2489852176411134,-17.712870758373235,0.0,-20.0,-20.0,110.0,-13.670375236245672
1906,19.06,0.7051100464483321,-15.050303308508532,1.5910370939058338,6.22802727434776,3.2500038691397575,-17.722224565771537,0.0,-20.0,-20.0,110.0,-13.675429651922464
1907,19.07,0.7050273154048807,-15.057450586471443,1.586100597103352,6.227497065829341,3.251022434259683,-17.731578392049407,0.0,-20.0,-20.0,110.0,-13.680481398762488
1908,19.080000000000002,0.7049445843614294,-15.064597864434354,1.58116410030087,6.226966690314729,3.252040912973599,-17.740932237211204,0.0,-20.0,-20.0,110.0,-13.685530463152336
1909,19.09,0.704861853317978,-15.071745142397265,1.5762276034983884,6.226436147817257,3.253059305254212,-17.7502861012613,0.0,-20.0,-20.0,110.0,-13.69057683145467
1910,19.1,0.7047791222745267,-15.078892420360175,1.5712911066959068,6.225905438350262,3.254077611074234,-17.759639984204046,0.0,-20.0,-20.0,110.0,-13.695620490008173
1911,19.11,0.7046963912310753,-15.086039698323084,1.5663546098934251,6.225374561927083,3.2550958304063777,-17.768993886043802,0.0,-20.0,-20.0,110.0,-13.700661425127473
1912,19.12,0.704613660187624,-15.093186976285994,1.5614181130909435,6.224843518561064,3.256113963223358,-17.778347806784936,0.0,-20.0,-20.0,110.0,-13.705699623103055
1913,19.13,0.7045309291441726,-15.100334254248903,1.5564816162884618,6.224312308265552,3.2571320094978917,-17.78770174643179,0.0,-20.0,-20.0,110.0,-13.710735070201197
1914,19.14,0.7044481981007212,-15.107481532211812,1.5515451194859802,6.2237809310539065,3.258149969202699,-17.797055704988725,0.0,-20.0,-20.0,110.0,-13.715767752663904
1915,19.150000000000002,0.7043654670572699,-15.114628810174722,1.5466086226834985,6.22324938693948,3.2591678423105015,-17.806409682460092,0.0,-20.0,-20.0,110.0,-13.720797656708815
1916,19.16,0.7042827360138185,-15.121776088137631,1.5416721258810169,6.222717675935633,3.260185628794021,-17.815763678850228,0.0,-20.0,-20.0,110.0,-13.725824768529135
1917,19.17,0.7042000049703672,-15.12892336610054,1.5367356290785352,6.222185798055736,3.2612033286259847,-17.82511769416349,0.0,-20.0,-20.0,110.0,-13.73084907429358
1918,19.18,0.7041172739269158,-15.13607064406345,1.5317991322760536,6.221653753313158,3.2622209417791193,-17.83447172840423,0.0,-20.0,-20.0,110.0,-13.735870560146264
1919,19.19,0.7040345428834645,-15.14321792202636,1.526862635473572,6.221121541721274,3.2632384682261533,-17.843825781576776,0.0,-20.0,-20.0,110.0,-13.74088921220666
1920,19.2,0.7039518118400131,-15.150365199989267,1.5219261386710903,6.2205891632934645,3.264255907939821,-17.853179853685482,0.0,-20.0,-20.0,110.0,-13.745905016569505
1921,19.21,0.7038690807965617,-15.157512477952174,1.5169896418686086,6.220056618043112,3.2652732608928554,-17.862533944734675,0.0,-20.0,-20.0,110.0,-13.750917959304733
1922,19.22,0.7037863497531104,-15.164659755915082,1.512053145066127,6.219523905983607,3.266290527057993,-17.871888054728704,0.0,-20.0,-20.0,110.0,-13.75592802645739
1923,19.23,0.703703618709659,-15.17180703387799,1.5071166482636456,6.218991027128341,3.2673077064079714,-17.881242183671894,0.0,-20.0,-20.0,110.0,-13.760935204047572
1924,19.240000000000002,0.7036208876662077,-15.178954311840897,1.5021801514611641,6.218457981490712,3.268324798915531,-17.890596331568588,0.0,-20.0,-20.0,110.0,-13.76593947807034
1925,19.25,0.7035381566227563,-15.186101589803805,1.4972436546586827,6.217924769084122,3.2693418045534135,-17.89995049842311,0.0,-20.0,-20.0,110.0,-13.770940834495642
1926,19.26,0.703455425579305,-15.193248867766712,1.4923071578562013,6.2173913899219775,3.2703587232943647,-17.909304684239792,0.0,-20.0,-20.0,110.0,-13.775939259268242
1927,19.27,0.7033726945358536,-15.20039614572962,1.4873706610537198,6.216857844017688,3.27137555511113,-17.918658889022957,0.0,-20.0,-20.0,110.0,-13.780934738307646
1928,19.28,0.7032899634924022,-15.207543423692528,1.4824341642512384,6.216324131384669,3.272392299976459,-17.92801311277694,0.0,-20.0,-20.0,110.0,-13.785927257508018
1929,19.29,0.7032072324489509,-15.214690701655433,1.477497667448757,6.215790252036339,3.2734089578631034,-17.93736735550606,0.0,-20.0,-20.0,110.0,-13.790916802738101
1930,19.3,0.7031245014054995,-15.22183797961834,1.4725611706462756,6.2152562059861225,3.2744255287438135,-17.946721617214628,0.0,-20.0,-20.0,110.0,-13.795903359841164
1931,19.31,0.7030417703620482,-15.228985257581245,1.4676246738437941,6.21472199324745,3.2754420125913466,-17.956075897906974,0.0,-20.0,-20.0,110.0,-13.800886914634889
1932,19.32,0.7029590393185968,-15.23613253554415,1.4626881770413127,6.214187613833751,3.2764584093784594,-17.965430197587413,0.0,-20.0,-20.0,110.0,-13.80586745291132
1933,19.330000000000002,0.7028763082751455,-15.243279813507057,1.4577516802388313,6.2136530677584645,3.2774747190779117,-17.974784516260257,0.0,-20.0,-20.0,110.0,-13.810844960436777
1934,19.34,0.7027935772316941,-15.250427091469962,1.4528151834363499,6.213118355035031,3.2784909416624637,-17.984138853929828,0.0,-20.0,-20.0,110.0,-13.815819422951778
1935,19.35,0.7027108461882428,-15.257574369432868,1.4478786866338684,6.212583475676898,3.2795070771048795,-17.993493210600427,0.0,-20.0,-20.0,110.0,-13.82079082617096
1936,19.36,0.7026281151447914,-15.264721647395774,1.442942189831387,6.212048429697515,3.2805231253779246,-18.00284758627637,0.0,-20.0,-20.0,110.0,-13.82575915578301
1937,19.37,0.70254538410134,-15.27186892535868,1.4380056930289058,6.211513217110336,3.2815390864543668,-18.01220198096197,0.0,-20.0,-20.0,110.0,-13.830724397450565
1938,19.38,0.7024626530578887,-15.279016203321586,1.4330691962264246,6.210977837928821,3.2825549603069764,-18.021556394661516,0.0,-20.0,-20.0,110.0,-13.83568653681017
1939,19.39,0.7023799220144373,-15.28616348128449,1.4281326994239434,6.210442292166435,3.2835707469085236,-18.030910827379323,0.0,-20.0,-20.0,110.0,-13.84064555947216
1940,19.400000000000002,0.702297190970986,-15.293310759247394,1.4231962026214622,6.209906579836642,3.2845864462317853,-18.04026527911969,0.0,-20.0,-20.0,110.0,-13.845601451020611
1941,19.41,0.7022144599275346,-15.300458037210298,1.418259705818981,6.209370700952918,3.2856020582495358,-18.04961974988691,0.0,-20.0,-20.0,110.0,-13.850554197013242
1942,19.42,0.7021317288840833,-15.307605315173202,1.4133232090164998,6.208834655528738,3.286617582934554,-18.058974239685295,0.0,-20.0,-20.0,110.0,-13.855503782981346
1943,19.43,0.7020489978406319,-15.314752593136106,1.4083867122140186,6.208298443577586,3.2876330202596207,-18.06832874851913,0.0,-20.0,-20.0,110.0,-13.860450194429719
1944,19.44,0.7019662667971805,-15.32189987109901,1.4034502154115374,6.207762065112946,3.2886483701975178,-18.077683276392698,0.0,-20.0,-20.0,110.0,-13.865393416836552
1945,19.45,0.7018835357537292,-15.329047149061914,1.3985137186090562,6.207225520148309,3.2896636327210302,-18.087037823310315,0.0,-20.0,-20.0,110.0,-13.870333435653388
1946,19.46,0.7018008047102778,-15.336194427024818,1.393577221806575,6.206688808697168,3.290678807802945,-18.09639238927625,0.0,-20.0,-20.0,110.0,-13.875270236305003
1947,19.47,0.7017180736668265,-15.343341704987722,1.3886407250040937,6.206151930773022,3.2916938954160506,-18.105746974294807,0.0,-20.0,-20.0,110.0,-13.880203804189373
1948,19.48,0.7016353426233751,-15.350488982950624,1.3837042282016125,6.205614886389376,3.292708895533139,-18.115101578370258,0.0,-20.0,-20.0,110.0,-13.885134124677542
1949,19.490000000000002,0.7015526115799238,-15.357636260913527,1.3787677313991313,6.2050776755597346,3.293723808127004,-18.12445620150689,0.0,-20.0,-20.0,110.0,-13.890061183113595
1950,19.5,0.7014698805364724,-15.364783538876429,1.3738312345966501,6.204540298297614,3.2947386331704385,-18.133810843708986,0.0,-20.0,-20.0,110.0,-13.89498496481452
1951,19.51,0.7013871494930211,-15.371930816839331,1.368894737794169,6.204002754616528,3.295753370636241,-18.143165504980825,0.0,-20.0,-20.0,110.0,-13.899905455070193
1952,19.52,0.7013044184495697,-15.379078094802233,1.363958240991688,6.20346504453,3.296768020497212,-18.152520185326686,0.0,-20.0,-20.0,110.0,-13.904822639143228
1953,19.53,0.7012216874061183,-15.386225372765136,1.359021744189207,6.202927168051554,3.2977825827261538,-18.161874884750844,0.0,-20.0,-20.0,110.0,-13.909736502268954
1954,19.54,0.701138956362667,-15.393372650728038,1.354085247386726,6.2023891251947205,3.2987970572958685,-18.17122960325757,0.0,-20.0,-20.0,110.0,-13.914647029655299
1955,19.55,0.7010562253192156,-15.40051992869094,1.349148750584245,6.201850915973035,3.2998114441791615,-18.18058434085113,0.0,-20.0,-20.0,110.0,-13.91955420648272
1956,19.56,0.7009734942757643,-15.407667206653842,1.344212253781764,6.201312540400034,3.3008257433488426,-18.18993909753581,0.0,-20.0,-20.0,110.0,-13.924458017904128
1957,19.57,0.7008907632323129,-15.414814484616743,1.339275756979283,6.200773998489261,3.3018399547777215,-18.199293873315863,0.0,-20.0,-20.0,110.0,-13.929358449044786
1958,19.580000000000002,0.7008080321888616,-15.421961762579643,1.334339260176802,6.200235290254264,3.302854078438611,-18.208648668195558,0.0,-20.0,-20.0,110.0,-13.93425548500226
1959,19.59,0.7007253011454102,-15.429109040542544,1.329402763374321,6.199696415708595,3.303868114304325,-18.21800348217916,0.0,-20.0,-20.0,110.0,-13.9391491108463
1960,19.6,0.7006425701019589,-15.436256318505444,1.32446626657184,6.19915737486581,3.304882062347681,-18.22735831527093,0.0,-20.0,-20.0,110.0,-13.944039311618786
1961,19.61,0.7005598390585075,-15.443403596468345,1.319529769769359,6.198618167739472,3.305895922541497,-18.236713167475127,0.0,-20.0,-20.0,110.0,-13.94892607233363
1962,19.62,0.7004771080150561,-15.450550874431245,1.3145932729668781,6.198078794343142,3.306909694858594,-18.24606803879601,0.0,-20.0,-20.0,110.0,-13.953809377976695
1963,19.63,0.7003943769716048,-15.457698152394146,1.3096567761643971,6.197539254690392,3.307923379271794,-18.25542292923783,0.0,-20.0,-20.0,110.0,-13.958689213505728
1964,19.64,0.7003116459281534,-15.464845430357046,1.3047202793619161,6.196999548794797,3.308936975753925,-18.26477783880485,0.0,-20.0,-20.0,110.0,-13.96356556385025
1965,19.650000000000002,0.7002289148847021,-15.471992708319947,1.2997837825594352,6.196459676669933,3.3099504842778114,-18.274132767501314,0.0,-20.0,-20.0,110.0,-13.968438413911489
1966,19.66,0.7001461838412507,-15.479139986282847,1.2948472857569544,6.195919638329386,3.3109639048162847,-18.28348771533147,0.0,-20.0,-20.0,110.0,-13.973307748562307
1967,19.67,0.7000634527977994,-15.486287264245746,1.2899107889544736,6.195379433786738,3.311977237342175,-18.29284268229957,0.0,-20.0,-20.0,110.0,-13.978173552647089
1968,19.68,0.699980721754348,-15.493434542208645,1.2849742921519929,6.194839063055585,3.3129904818283165,-18.30219766840985,0.0,-20.0,-20.0,110.0,-13.983035810981685
1969,19.69,0.6998979907108966,-15.500581820171544,1.2800377953495121,6.194298526149525,3.314003638247546,-18.311552673666572,0.0,-20.0,-20.0,110.0,-13.98789450835331
1970,19.7,0.6998152596674453,-15.507729098134442,1.2751012985470314,6.193757823082152,3.3150167065727008,-18.320907698073956,0.0,-20.0,-20.0,110.0,-13.992749629520466
1971,19.71,0.6997325286239939,-15.514876376097341,1.2701648017445506,6.193216953867078,3.316029686776621,-18.330262741636258,0.0,-20.0,-20.0,110.0,-13.997601159212866
1972,19.72,0.6996497975805426,-15.52202365406024,1.2652283049420698,6.192675918517908,3.317042578832148,-18.339617804357705,0.0,-20.0,-20.0,110.0,-14.002449082131323
1973,19.73,0.6995670665370912,-15.529170932023138,1.260291808139589,6.1921347170482575,3.318055382712127,-18.348972886242535,0.0,-20.0,-20.0,110.0,-14.007293382947697
1974,19.740000000000002,0.6994843354936399,-15.536318209986037,1.2553553113371083,6.191593349471744,3.3190680983894065,-18.35832798729499,0.0,-20.0,-20.0,110.0,-14.012134046304787
1975,19.75,0.6994016044501885,-15.543465487948936,1.2504188145346276,6.1910518158019885,3.3200807258368323,-18.36768310751929,0.0,-20.0,-20.0,110.0,-14.01697105681627
1976,19.76,0.6993188734067372,-15.550612765911833,1.2454823177321468,6.190510116052621,3.321093265027256,-18.37703824691967,0.0,-20.0,-20.0,110.0,-14.021804399066575
1977,19.77,0.6992361423632858,-15.55776004387473,1.240545820929666,6.189968250237271,3.322105715933532,-18.386393405500353,0.0,-20.0,-20.0,110.0,-14.026634057610847
1978,19.78,0.6991534113198344,-15.564907321837627,1.2356093241271853,6.189426218369574,3.323118078528514,-18.395748583265572,0.0,-20.0,-20.0,110.0,-14.03146001697482
1979,19.79,0.6990706802763831,-15.572054599800524,1.2306728273247045,6.188884020463173,3.32413035278506,-18.405103780219537,0.0,-20.0,-20.0,110.0,-14.03628226165477
1980,19.8,0.6989879492329317,-15.57920187776342,1.225736330522224,6.188341656531709,3.3251425386760287,-18.414458996366488,0.0,-20.0,-20.0,110.0,-14.041100776117382
1981,19.81,0.6989052181894804,-15.586349155726317,1.2207998337197434,6.187799126588833,3.3261546361742833,-18.423814231710626,0.0,-20.0,-20.0,110.0,-14.045915544799703
1982,19.82,0.698822487146029,-15.593496433689214,1.215863336917263,6.1872564306481985,3.3271666452526856,-18.43316948625618,0.0,-20.0,-20.0,110.0,-14.050726552109044
1983,19.830000000000002,0.6987397561025777,-15.600643711652111,1.2109268401147824,6.186713568723462,3.328178565884103,-18.442524760007366,0.0,-20.0,-20.0,110.0,-14.055533782422884
1984,19.84,0.6986570250591263,-15.607790989615008,1.2059903433123018,6.186170540828289,3.329190398041402,-18.451880052968388,0.0,-20.0,-20.0,110.0,-14.060337220088792
1985,19.85,0.698574294015675,-15.614938267577905,1.2010538465098213,6.185627346976344,3.330202141697455,-18.46123536514346,0.0,-20.0,-20.0,110.0,-14.065136849424334
1986,19.86,0.6984915629722236,-15.6220855455408,1.1961173497073407,6.1850839871812955,3.331213796825133,-18.470590696536796,0.0,-20.0,-20.0,110.0,-14.069932654717006
1987,19.87,0.6984088319287722,-15.629232823503695,1.1911808529048602,6.184540461456826,3.3322253633973102,-18.4799460471526,0.0,-20.0,-20.0,110.0,-14.07472462022411
1988,19.88,0.6983261008853209,-15.63638010146659,1.1862443561023797,6.183996769816608,3.333236841386864,-18.48930141699508,0.0,-20.0,-20.0,110.0,-14.079512730172699
1989,19.89,0.6982433698418695,-15.643527379429486,1.1813078592998991,6.1834529122743325,3.334248230766673,-18.498656806068443,0.0,-20.0,-20.0,110.0,-14.084296968759476
1990,19.900000000000002,0.6981606387984182,-15.650674657392381,1.1763713624974186,6.182908888843683,3.3352595315096174,-18.508012214376873,0.0,-20.0,-20.0,110.0,-14.0890773201507
1991,19.91,0.6980779077549668,-15.657821935355276,1.171434865694938,6.182364699538354,3.3362707435885817,-18.517367641924583,0.0,-20.0,-20.0,110.0,-14.093853768482118
1992,19.92,0.6979951767115155,-15.664969213318171,1.1664983688924575,6.181820344372044,3.337281866976451,-18.52672308871577,0.0,-20.0,-20.0,110.0,-14.098626297858846
1993,19.93,0.6979124456680641,-15.672116491281066,1.161561872089977,6.181275823358453,3.338292901646112,-18.536078554754628,0.0,-20.0,-20.0,110.0,-14.103394892355311
1994,19.94,0.6978297146246127,-15.679263769243962,1.1566253752874966,6.18073113651129,3.339303847570455,-18.54543404004535,0.0,-20.0,-20.0,110.0,-14.108159536015144
1995,19.95,0.6977469835811614,-15.686411047206855,1.1516888784850163,6.1801862838442645,3.3403147047223705,-18.55478954459212,0.0,-20.0,-20.0,110.0,-14.11292021285109
1996,19.96,0.69766425253771,-15.693558325169748,1.146752381682536,6.1796412653710915,3.341325473074753,-18.564145068399135,0.0,-20.0,-20.0,110.0,-14.117676906844935
1997,19.97,0.6975815214942587,-15.700705603132642,1.1418158848800557,6.179096081105491,3.3423361526004998,-18.57350061147059,0.0,-20.0,-20.0,110.0,-14.122429601947404
1998,19.98,0.6974987904508073,-15.707852881095535,1.1368793880775754,6.178550731061188,3.343346743272508,-18.582856173810647,0.0,-20.0,-20.0,110.0,-14.127178282078065
1999,19.990000000000002,0.697416059407356,-15.715000159058429,1.131942891275095,6.178005215251909,3.3443572450636783,-18.59221175542351,0.0,-20.0,-20.0,110.0,-14.131922931125258
2000,20.0,0.6973333283639046,-15.722147437021322,1.1270063944726147,6.177459533691389,3.3453676579469134,-18.601567356313353,0.0,-20.0,-20.0,110.0,-14.136663532945983
