Step,Time,X,Y,Z,Roll,Pitch,Yaw,Thrust,GimbalYaw,GimbalPitch,Mass,Reward
0,0,-0.810721266574867,0.38158835361978927,11.0,5.679370532448803,-3.984197253729739,-0.1977055347663084,0.0,0.0,0.0,110.0,0.0
1,0.01,-0.8102136002926633,0.37501852255747403,10.993059714300742,5.6798735005684176,-3.9835696083426413,-0.20182345273615032,0.0,-20.0,-20.0,110.0,-9.11480735318214
2,0.02,-0.8097065827654076,0.3684493496266512,10.986119448644853,5.681041185564341,-3.9819751021419303,-0.215953821951214,0.0,-20.0,-20.0,110.0,-9.108668527984255
3,0.03,-0.8091995717207279,0.361880183009071,10.979179183160369,5.681698750958362,-3.981024362628226,-0.22547887752208964,0.0,-20.0,-20.0,110.0,-9.10088265118064
4,0.04,-0.8086926353145437,0.3553110913740514,10.972238919911437,5.68215398473782,-3.9803344912306153,-0.23304272706176138,0.0,-20.0,-20.0,110.0,-9.09380613614277
5,0.05,-0.8081857100642429,0.3487420087774697,10.965298656780574,5.682601240166975,-3.979654038955254,-0.24065372098757995,0.0,-20.0,-20.0,110.0,-9.086931751144855
6,0.06,-0.8076787724407227,0.34217290967593306,10.958358392873897,5.683097775555814,-3.9789096249190434,-0.24884321237551624,0.0,-20.0,-20.0,110.0,-9.080067920369364
7,0.07,-0.807171815745877,0.33560378798599355,10.951418128055307,5.68364454594745,-3.978101899799134,-0.2575421172304969,0.0,-20.0,-20.0,110.0,-9.073170020075136
8,0.08,-0.8066648406149609,0.3290346449329614,10.944477862402337,5.684229099563242,-3.9772487400300642,-0.2665668959606331,0.0,-20.0,-20.0,110.0,-9.06624280053817
9,0.09,-0.8061578501193681,0.3224654837781744,10.937537596024457,5.684838910546984,-3.9763667674374195,-0.2757692860417882,0.0,-20.0,-20.0,110.0,-9.059297980794025
10,0.1,-0.8056508478383003,0.315896308773264,10.930597329094029,5.6854645631144205,-3.975467547371485,-0.2850587164300218,0.0,-20.0,-20.0,110.0,-9.052345438929768
11,0.11,-0.8051438370231643,0.3093271239687714,10.923657061786336,5.68609997488666,-3.9745580484119967,-0.2943881322720885,0.0,-20.0,-20.0,110.0,-9.045391452442535
12,0.12,-0.8046368201378211,0.3027579323916204,10.916716794229963,5.686741395717162,-3.97364221521719,-0.30373517854878496,0.0,-20.0,-20.0,110.0,-9.038439159335429
13,0.13,-0.8041297988746923,0.29618873651813693,10.90977652655273,5.687386406275107,-3.9727222848783916,-0.31308976460319643,0.0,-20.0,-20.0,110.0,-9.03149004701158
14,0.14,-0.8036227744249129,0.28961953825146136,10.902836258860534,5.688033180623986,-3.97179955061329,-0.32244763214761774,0.0,-20.0,-20.0,110.0,-9.024544779211825
15,0.15,-0.8031157476456416,0.2830503389307732,10.895895991226565,5.688680660621383,-3.9708748203650743,-0.3318071163353178,0.0,-20.0,-20.0,110.0,-9.017603632289068
16,0.16,-0.8026087191701341,0.27648113924921935,10.888955723675435,5.6893283590837616,-3.969948637793502,-0.3411675183415258,0.0,-20.0,-20.0,110.0,-9.010666718586474
17,0.17,-0.8021016894527409,0.2699119394673194,10.882015456201247,5.689976034707913,-3.969021370053963,-0.35052850658898776,0.0,-20.0,-20.0,110.0,-9.003734083767409
18,0.18,-0.8015946588017654,0.2633427397183497,10.875075188795677,5.690623566417284,-3.968093261626598,-0.35988990387774805,0.0,-20.0,-20.0,110.0,-8.996805754244596
19,0.19,-0.8010876274288518,0.25677354006118897,10.86813492144977,5.69127090045302,-3.96716447745216,-0.3692516011661785,0.0,-20.0,-20.0,110.0,-8.989881747210868
20,0.2,-0.8005805954874152,0.2502043404918155,10.861194654152385,5.691918028866275,-3.966235140966199,-0.3786135172456175,0.0,-20.0,-20.0,110.0,-8.982962074603005
21,0.21,-0.8000735631267569,0.24363514096400982,10.854254386888476,5.6925649814093084,-3.965305361448971,-0.38797558126102033,0.0,-20.0,-20.0,110.0,-8.976046747288807
22,0.22,-0.7995665304749829,0.23706594141460177,10.847314119642796,5.693211812441344,-3.9643752612944065,-0.39733772466173845,0.0,-20.0,-20.0,110.0,-8.969135772682261
23,0.23,-0.7990594976543747,0.23049674178326518,10.840373852400788,5.693858556722476,-3.963444928778559,-0.40669990202542905,0.0,-20.0,-20.0,110.0,-8.962229167249683
24,0.24,-0.7985524647359501,0.2239275420487196,10.833433585155358,5.694505224162342,-3.962514413401608,-0.41606208927507315,0.0,-20.0,-20.0,110.0,-8.95532694337153
25,0.25,-0.7980454317545485,0.2173583422148805,10.826493317904465,5.695151811769719,-3.961583743179363,-0.42542427361628116,0.0,-20.0,-20.0,110.0,-8.94842911174716
26,0.26,-0.797538398730002,0.2107891422939563,10.819553050647928,5.695798310516209,-3.960652933918524,-0.43478644817977996,0.0,-20.0,-20.0,110.0,-8.94153568231081
27,0.27,-0.7970313656736275,0.20421994230096382,10.812612783386452,5.6964447093139094,-3.9597219946194078,-0.44414860917353727,0.0,-20.0,-20.0,110.0,-8.934646664590892
28,0.28,-0.796524332592156,0.19765074225066978,10.805672516121035,5.697090997267228,-3.958790930642246,-0.45351075439925015,0.0,-20.0,-20.0,110.0,-8.927762067911038
29,0.29,-0.7960172994900008,0.19108154215602885,10.798732248852655,5.6977371648226836,-3.9578597455015143,-0.462872882491608,0.0,-20.0,-20.0,110.0,-8.92088190149991
30,0.3,-0.7955102663704668,0.1845123420275951,10.791791981582131,5.698383204195618,-3.956928441814732,-0.4722349925328411,0.0,-20.0,-20.0,110.0,-8.914006174549865
31,0.31,-0.7950032332363188,0.1779431418735384,10.784851714310083,5.699029109351729,-3.9559970217513425,-0.4815970838594932,0.0,-20.0,-20.0,110.0,-8.907134896247282
32,0.32,-0.794496200089998,0.17137394169997855,10.777911447036946,5.69967487575902,-3.955065487209806,-0.49095915596623313,0.0,-20.0,-20.0,110.0,-8.900268075787443
33,0.33,-0.793989166933674,0.16480474151142757,10.770971179763018,5.700320500063825,-3.954133839866542,-0.5003212084572943,0.0,-20.0,-20.0,110.0,-8.89340572238105
34,0.34,-0.7934821337692403,0.15823554131121212,10.764030912488497,5.7009659797831285,-3.9532020811794006,-0.5096832410201314,0.0,-20.0,-20.0,110.0,-8.88654784525655
35,0.35000000000000003,-0.7929751005983053,0.15166634110181637,10.75709064521352,5.7016113130550305,-3.9522702123863986,-0.5190452534087867,0.0,-20.0,-20.0,110.0,-8.879694453660598
36,0.36,-0.7924680674222006,0.14509714088513298,10.750150377938176,5.702256498455693,-3.951338234514511,-0.5284072454313647,0.0,-20.0,-20.0,110.0,-8.872845556857937
37,0.37,-0.7919610342420044,0.13852794066263466,10.743210110662543,5.702901534873641,-3.950406148399605,-0.5377692169395161,0.0,-20.0,-20.0,110.0,-8.866001164131251
38,0.38,-0.7914540010585766,0.1319587404354869,10.736269843386674,5.70354642142648,-3.9494739547132207,-0.547131167819375,0.0,-20.0,-20.0,110.0,-8.859161284781166
39,0.39,-0.790946967872596,0.12538954020462206,10.729329576110615,5.704191157405873,-3.9485416539911973,-0.5564930979839088,0.0,-20.0,-20.0,110.0,-8.852325928126447
40,0.4,-0.7904399346845971,0.11882033997078933,10.722389308834401,5.704835742240003,-3.9476092466604857,-0.565855007366678,0.0,-20.0,-20.0,110.0,-8.845495103504234
41,0.41000000000000003,-0.789932901494999,0.112251139734591,10.715449041558063,5.705480175466469,-3.946676733062226,-0.575216895916927,0.0,-20.0,-20.0,110.0,-8.838668820270343
42,0.42,-0.7894258683041325,0.10568193949651006,10.708508774281627,5.706124456711428,-3.9457441134705227,-0.5845787635958174,0.0,-20.0,-20.0,110.0,-8.831847087799517
43,0.43,-0.7889188351122587,0.09911273925693266,10.701568507005113,5.706768585672851,-3.9448113881072047,-0.5939406103736,0.0,-20.0,-20.0,110.0,-8.825029915485652
44,0.44,-0.7884118019195843,0.09254353901616656,10.694628239728537,5.707412562106726,-3.9438785571532313,-0.6033024362275002,0.0,-20.0,-20.0,110.0,-8.81821731274196
45,0.45,-0.7879047687262734,0.08597433877445657,10.687687972451911,5.7080563858156665,-3.9429456207574427,-0.6126642411401396,0.0,-20.0,-20.0,110.0,-8.811409289001103
46,0.46,-0.7873977355324564,0.07940513853199706,10.680747705175246,5.708700056639548,-3.942012579043324,-0.6220260250983481,0.0,-20.0,-20.0,110.0,-8.804605853715305
47,0.47000000000000003,-0.7868907023382372,0.07283593828894229,10.67380743789855,5.709343574447918,-3.94107943211424,-0.6313877880922584,0.0,-20.0,-20.0,110.0,-8.79780701635642
48,0.48,-0.7863836691436984,0.06626673804541469,10.66686717062183,5.709986939133873,-3.940146180057565,-0.6407495301146064,0.0,-20.0,-20.0,110.0,-8.791012786416017
49,0.49,-0.7858766359489057,0.05969753780151145,10.65992690334509,5.710630150609174,-3.9392128229479373,-0.6501112511601889,0.0,-20.0,-20.0,110.0,-8.784223173405412
50,0.5,-0.7853696027539111,0.05312833755730974,10.652986636068334,5.711273208800395,-3.93827936084986,-0.6594729512254336,0.0,-20.0,-20.0,110.0,-8.777438186855731
51,0.51,-0.7848625695587562,0.04655913731287085,10.646046368791566,5.711916113645841,-3.937345793819752,-0.6688346303080628,0.0,-20.0,-20.0,110.0,-8.770657836317957
52,0.52,-0.784355536363474,0.039989937068243504,10.63910610151479,5.712558865093128,-3.9364121219076167,-0.6781962884068247,0.0,-20.0,-20.0,110.0,-8.763882131362953
53,0.53,-0.7838485031680907,0.033420736823466426,10.632165834238002,5.71320146309727,-3.935478345158347,-0.6875579255212817,0.0,-20.0,-20.0,110.0,-8.757111081581513
54,0.54,-0.7833414699726271,0.026851536578570374,10.62522556696121,5.713843907619154,-3.934544463612775,-0.696919541651643,0.0,-20.0,-20.0,110.0,-8.750344696584394
55,0.55,-0.7828344367770997,0.02028233633357981,10.618285299684414,5.714486198624343,-3.933610477308513,-0.7062811367986302,0.0,-20.0,-20.0,110.0,-8.74358298600233
56,0.56,-0.7823274035815215,0.01371313608851418,10.611345032407614,5.71512833608211,-3.9326763862806073,-0.7156427109633726,0.0,-20.0,-20.0,110.0,-8.736825959486087
57,0.5700000000000001,-0.7818203703859031,0.007143935843388925,10.60440476513081,5.715770319964676,-3.9317421905620757,-0.7250042641473227,0.0,-20.0,-20.0,110.0,-8.730073626706476
58,0.58,-0.7813133371902526,0.0005747355982163316,10.597464497854004,5.716412150246618,-3.9308078901843193,-0.7343657963521911,0.0,-20.0,-20.0,110.0,-8.72332599735439
59,0.59,-0.7808063039945768,-0.005994464646993843,10.590524230577195,5.717053826904371,-3.9298734851774553,-0.7437273075798921,0.0,-20.0,-20.0,110.0,-8.716583081140818
60,0.6,-0.7802992707988808,-0.012563664892233848,10.583583963300384,5.71769534991586,-3.9289389755705844,-0.753088797832504,0.0,-20.0,-20.0,110.0,-8.709844887796882
61,0.61,-0.7797922376031687,-0.019132865137497512,10.576643696023574,5.718336719260182,-3.9280043613919977,-0.762450267112234,0.0,-20.0,-20.0,110.0,-8.703111427073857
62,0.62,-0.779285204407444,-0.025702065382779946,10.569703428746761,5.718977934917385,-3.927069642669345,-0.7718117154213936,0.0,-20.0,-20.0,110.0,-8.696382708743199
63,0.63,-0.778778171211709,-0.03227126562807725,10.562763161469949,5.719618996868253,-3.9261348194297665,-0.781173142762377,0.0,-20.0,-20.0,110.0,-8.689658742596569
64,0.64,-0.778271138015966,-0.03884046587338635,10.555822894193135,5.720259905094167,-3.9251998916999944,-0.790534549137644,0.0,-20.0,-20.0,110.0,-8.682939538445847
65,0.65,-0.7777641048202166,-0.04540966611870476,10.54888262691632,5.720900659576985,-3.9242648595064473,-0.7998959345497085,0.0,-20.0,-20.0,110.0,-8.676225106123168
66,0.66,-0.7772570716244622,-0.05197886636403056,10.541942359639506,5.721541260298935,-3.923329722875282,-0.809257299001127,0.0,-20.0,-20.0,110.0,-8.669515455480955
67,0.67,-0.7767500384287037,-0.05854806660936217,10.535002092362692,5.72218170724255,-3.922394481832459,-0.8186186424944885,0.0,-20.0,-20.0,110.0,-8.662810596391903
68,0.68,-0.7762430052329421,-0.06511726685469837,10.528061825085878,5.7228220003906,-3.921459136403775,-0.8279799650324114,0.0,-20.0,-20.0,110.0,-8.656110538749047
69,0.6900000000000001,-0.7757359720371779,-0.07168646710003818,10.521121557809062,5.723462139726051,-3.920523686614902,-0.8373412666175364,0.0,-20.0,-20.0,110.0,-8.649415292465754
70,0.7000000000000001,-0.7752289388414118,-0.07825566734538081,10.514181290532246,5.724102125232013,-3.9195881324914117,-0.8467025472525219,0.0,-20.0,-20.0,110.0,-8.642724867475756
71,0.71,-0.7747219056456438,-0.08482486759072565,10.50724102325543,5.724741956891722,-3.9186524740588,-0.8560638069400418,0.0,-20.0,-20.0,110.0,-8.63603927373318
72,0.72,-0.7742148724498747,-0.09139406783607221,10.500300755978614,5.7253816346885165,-3.9177167113424964,-0.8654250456827822,0.0,-20.0,-20.0,110.0,-8.629358521212556
73,0.73,-0.7737078392541046,-0.09796326808142009,10.493360488701798,5.726021158605808,-3.916780844367883,-0.8747862634834391,0.0,-20.0,-20.0,110.0,-8.622650919798534
74,0.74,-0.7732008060583335,-0.10453246832676899,10.486420221424982,5.726660528627075,-3.9158448731603035,-0.8841474603447181,0.0,-20.0,-20.0,110.0,-8.615946630980448
75,0.75,-0.7726937728625619,-0.11110166857211866,10.479479954148166,5.727299744735848,-3.9149087977450754,-0.8935086362693317,0.0,-20.0,-20.0,110.0,-8.609247097852554
76,0.76,-0.7721867396667899,-0.11767086881746888,10.47253968687135,5.7279388069156925,-3.9139726181474885,-0.9028697912599981,0.0,-20.0,-20.0,110.0,-8.60255233006946
77,0.77,-0.7716797064710174,-0.12424006906281952,10.465599419594534,5.728577715150214,-3.913036334392811,-0.9122309253194414,0.0,-20.0,-20.0,110.0,-8.5958623373049
78,0.78,-0.7711726732752445,-0.13080926930817047,10.458659152317718,5.729216469423046,-3.91209994650631,-0.921592038450391,0.0,-20.0,-20.0,110.0,-8.58917712925173
79,0.79,-0.7706656400794715,-0.1373784695535216,10.451718885040902,5.72985506971784,-3.911163454513231,-0.9309531306555789,0.0,-20.0,-20.0,110.0,-8.582496715621973
80,0.8,-0.7701586068836982,-0.14394766979887283,10.444778617764086,5.73049351601827,-3.9102268584388145,-0.9403142019377428,0.0,-20.0,-20.0,110.0,-8.575821106146805
81,0.81,-0.7696515736879248,-0.15051687004422412,10.43783835048727,5.731131808308026,-3.9092901583082984,-0.9496752522996228,0.0,-20.0,-20.0,110.0,-8.569150310576584
82,0.8200000000000001,-0.7691445404921512,-0.1570860702895754,10.430898083210455,5.731769946570814,-3.9083533541469144,-0.9590362817439623,0.0,-20.0,-20.0,110.0,-8.562484338680868
83,0.8300000000000001,-0.7686375072963776,-0.16365527053492668,10.423957815933639,5.732407930790358,-3.9074164459798983,-0.9683972902735107,0.0,-20.0,-20.0,110.0,-8.555823200248422
84,0.84,-0.7681304741006039,-0.17022447078027786,10.417017548656823,5.73304576095036,-3.9064794338324638,-0.9777582778910121,0.0,-20.0,-20.0,110.0,-8.54916690508724
85,0.85,-0.76762344090483,-0.17679367102562896,10.410077281380007,5.733683437034565,-3.905542317729842,-0.9871192445992216,0.0,-20.0,-20.0,110.0,-8.542515463024563
86,0.86,-0.7671164077090562,-0.18336287127097994,10.40313701410319,5.734320959026719,-3.9046050976972655,-0.9964801904008939,0.0,-20.0,-20.0,110.0,-8.535868883906872
87,0.87,-0.7666093745132823,-0.18993207151633082,10.396196746826375,5.734958326910569,-3.9036677737599574,-1.0058411152987856,0.0,-20.0,-20.0,110.0,-8.52922717759992
88,0.88,-0.7661023413175083,-0.19650127176168153,10.389256479549559,5.735595540669869,-3.90273034594315,-1.0152020192956568,0.0,-20.0,-20.0,110.0,-8.522590353988752
89,0.89,-0.7655953081217344,-0.20307047200703213,10.382316212272743,5.736232600288384,-3.90179281427207,-1.0245629023942697,0.0,-20.0,-20.0,110.0,-8.515958422977704
90,0.9,-0.7650882749259604,-0.20963967225238253,10.375375944995927,5.736869505749883,-3.900855178771952,-1.0339237645973887,0.0,-20.0,-20.0,110.0,-8.50933139449042
91,0.91,-0.7645812417301865,-0.2162088724977328,10.368435677719111,5.737506257038134,-3.899917439468025,-1.0432846059077807,0.0,-20.0,-20.0,110.0,-8.502709278469863
92,0.92,-0.7640742085344124,-0.22277807274308287,10.361495410442295,5.73814285413692,-3.8989795963855265,-1.0526454263282152,0.0,-20.0,-20.0,110.0,-8.496092084878347
93,0.93,-0.7635671753386384,-0.22934727298843277,10.354555143165479,5.73877929703002,-3.8980416495496937,-1.0620062258614638,0.0,-20.0,-20.0,110.0,-8.489479823697517
94,0.9400000000000001,-0.7630601421428643,-0.2359164732337825,10.347614875888663,5.739415585701227,-3.8971035989857663,-1.0713670045103,0.0,-20.0,-20.0,110.0,-8.48287250492839
95,0.9500000000000001,-0.7625531089470903,-0.24248567347913205,10.340674608611847,5.74005172013433,-3.896165444718984,-1.0807277622775002,0.0,-20.0,-20.0,110.0,-8.476270138591358
96,0.96,-0.7620460757513162,-0.24905487372448143,10.333734341335031,5.740687700313129,-3.895227186774592,-1.090088499165842,0.0,-20.0,-20.0,110.0,-8.469672734726194
97,0.97,-0.7615390425555422,-0.2556240739698306,10.326794074058215,5.741323526221424,-3.8942888251778363,-1.0994492151781061,0.0,-20.0,-20.0,110.0,-8.463080303392063
98,0.98,-0.7610320093597681,-0.26219327421517963,10.3198538067814,5.741959197843025,-3.8933503599539665,-1.108809910317076,0.0,-20.0,-20.0,110.0,-8.456492854667562
99,0.99,-0.7605249761639941,-0.2687624744605285,10.312913539504583,5.742594715161737,-3.892411791128231,-1.1181705845855365,0.0,-20.0,-20.0,110.0,-8.449910398650683
100,1.0,-0.76001794296822,-0.2753316747058771,10.305973272227767,5.743230078161382,-3.891473118725885,-1.1275312379862745,0.0,-20.0,-20.0,110.0,-8.443332945458872
101,1.01,-0.759510909772446,-0.28190087495122557,10.299033004950951,5.743865286825775,-3.8905343427721855,-1.1368918705220803,0.0,-20.0,-20.0,110.0,-8.436760505229003
102,1.02,-0.7590038765766719,-0.2884700751965738,10.292092737674135,5.744500341138741,-3.88959546329239,-1.1462524821957443,0.0,-20.0,-20.0,110.0,-8.430193088117411
103,1.03,-0.7584968433808978,-0.2950392754419219,10.28515247039732,5.7451352410841094,-3.888656480311758,-1.1556130730100609,0.0,-20.0,-20.0,110.0,-8.423630704299903
104,1.04,-0.7579898101851238,-0.3016084756872698,10.278212203120503,5.745769986645708,-3.8877173938555547,-1.164973642967825,0.0,-20.0,-20.0,110.0,-8.417073363971745
105,1.05,-0.7574827769893497,-0.30817767593261747,10.271271935843687,5.746404577807378,-3.8867782039490453,-1.1743341920718349,0.0,-20.0,-20.0,110.0,-8.410521077347704
106,1.06,-0.7569757437935757,-0.314746876177965,10.264331668566872,5.747039014552961,-3.8858389106175,-1.1836947203248913,0.0,-20.0,-20.0,110.0,-8.403973854662034
107,1.07,-0.7564687105978016,-0.32131607642331234,10.257391401290056,5.7476732968663,-3.884899513886188,-1.1930552277297972,0.0,-20.0,-20.0,110.0,-8.397431706168492
108,1.08,-0.7559616774020276,-0.32788527666865946,10.25045113401324,5.748307424731245,-3.883960013780383,-1.2024157142893572,0.0,-20.0,-20.0,110.0,-8.390894642140362
109,1.09,-0.7554546442062535,-0.3344544769140064,10.243510866736424,5.74894139813165,-3.883020410325364,-1.2117761800063778,0.0,-20.0,-20.0,110.0,-8.384362672870436
110,1.1,-0.7549476110104795,-0.34102367715935317,10.236570599459608,5.749575217051373,-3.8820807035464067,-1.2211366248836688,0.0,-20.0,-20.0,110.0,-8.377835808671044
111,1.11,-0.7544405778147054,-0.34759287740469974,10.229630332182792,5.750208881474277,-3.881140893468793,-1.2304970489240412,0.0,-20.0,-20.0,110.0,-8.371314059874063
112,1.12,-0.7539335446189314,-0.35416207765004615,10.222690064905976,5.750842391384229,-3.8802009801178072,-1.2398574521303092,0.0,-20.0,-20.0,110.0,-8.364797436830909
113,1.1300000000000001,-0.7534265114231573,-0.36073127789539233,10.21574979762916,5.751475746765095,-3.879260963518737,-1.2492178345052884,0.0,-20.0,-20.0,110.0,-8.358285949912565
114,1.1400000000000001,-0.7529194782273833,-0.36730047814073835,10.208809530352344,5.752108947600756,-3.8783208436968684,-1.258578196051797,0.0,-20.0,-20.0,110.0,-8.351779609509569
115,1.1500000000000001,-0.7524124450316092,-0.3738696783860842,10.201869263075528,5.752741993875087,-3.8773806206774966,-1.2679385367726541,0.0,-20.0,-20.0,110.0,-8.345278426032039
116,1.16,-0.7519054118358351,-0.38043887863142983,10.194928995798712,5.753374885571973,-3.8764402944859127,-1.2772988566706829,0.0,-20.0,-20.0,110.0,-8.338782409909673
117,1.17,-0.7513983786400611,-0.3870080788767753,10.187988728521896,5.7540076226753,-3.875499865147414,-1.2866591557487084,0.0,-20.0,-20.0,110.0,-8.33229157159175
118,1.18,-0.750891345444287,-0.39357727912212054,10.18104846124508,5.754640205168963,-3.8745593326872996,-1.2960194340095568,0.0,-20.0,-20.0,110.0,-8.325805921547152
119,1.19,-0.750384312248513,-0.4001464793674656,10.174108193968264,5.755272633036858,-3.873618697130874,-1.3053796914560574,0.0,-20.0,-20.0,110.0,-8.319325470264351
120,1.2,-0.7498772790527389,-0.4067156796128105,10.167167926691448,5.755904906262884,-3.8726779585034374,-1.3147399280910417,0.0,-20.0,-20.0,110.0,-8.31285022825143
121,1.21,-0.7493702458569649,-0.4132848798581552,10.160227659414632,5.756537024830945,-3.8717371168303005,-1.3241001439173432,0.0,-20.0,-20.0,110.0,-8.306380206036092
122,1.22,-0.7488632126611908,-0.4198540801034997,10.153287392137816,5.75716898872495,-3.8707961721367683,-1.3334603389377966,0.0,-20.0,-20.0,110.0,-8.299915414165646
123,1.23,-0.7483561794654168,-0.426423280348844,10.146347124861,5.757800797928815,-3.8698551244481547,-1.3428205131552406,0.0,-20.0,-20.0,110.0,-8.293455863207026
124,1.24,-0.7478491462696427,-0.43299248059418816,10.139406857584184,5.758432452426452,-3.8689139737897764,-1.3521806665725151,0.0,-20.0,-20.0,110.0,-8.287001563746802
125,1.25,-0.7473421130738687,-0.4395616808395321,10.132466590307368,5.759063952201784,-3.867972720186947,-1.3615407991924615,0.0,-20.0,-20.0,110.0,-8.280552526391174
126,1.26,-0.7468350798780946,-0.44613088108487586,10.125526323030552,5.759695297238741,-3.8670313636649873,-1.3709009110179247,0.0,-20.0,-20.0,110.0,-8.27410876176598
127,1.27,-0.7463280466823206,-0.45270008133021944,10.118586055753736,5.760326487521248,-3.866089904249221,-1.3802610020517514,0.0,-20.0,-20.0,110.0,-8.267670280516699
128,1.28,-0.7458210134865465,-0.4592692815755628,10.11164578847692,5.760957523033241,-3.865148341964973,-1.3896210722967903,0.0,-20.0,-20.0,110.0,-8.261237093308454
129,1.29,-0.7453139802907724,-0.465838481820906,10.104705521200104,5.76158840375866,-3.864206676837568,-1.3989811217558925,0.0,-20.0,-20.0,110.0,-8.254809210826023
130,1.3,-0.7448069470949984,-0.472407682066249,10.097765253923288,5.762219129681444,-3.863264908892337,-1.408341150431911,0.0,-20.0,-20.0,110.0,-8.248386643773832
131,1.31,-0.7442999138992243,-0.4789768823115918,10.090824986646473,5.762849700785543,-3.862323038154611,-1.4177011583277004,0.0,-20.0,-20.0,110.0,-8.241969402875972
132,1.32,-0.7437928807034503,-0.48554608255693443,10.083884719369657,5.763480117054908,-3.861381064649728,-1.427061145446119,0.0,-20.0,-20.0,110.0,-8.235557498876183
133,1.33,-0.7432858475076762,-0.49211528280227684,10.07694445209284,5.764110378473495,-3.860438988403024,-1.436421111790026,0.0,-20.0,-20.0,110.0,-8.229150942537864
134,1.34,-0.7427788143119022,-0.4986844830476191,10.070004184816025,5.764740485025261,-3.859496809439838,-1.4457810573622836,0.0,-20.0,-20.0,110.0,-8.222749744644089
135,1.35,-0.7422717811161281,-0.5052536832929612,10.063063917539209,5.76537043669417,-3.858554527785511,-1.4551409821657562,0.0,-20.0,-20.0,110.0,-8.216353915997594
136,1.36,-0.7417647479203541,-0.5118228835383031,10.056123650262393,5.766000233464192,-3.8576121434653925,-1.4645008862033098,0.0,-20.0,-20.0,110.0,-8.209963467420776
137,1.37,-0.74125771472458,-0.5183920837836448,10.049183382985577,5.766629875319299,-3.856669656504826,-1.4738607694778123,0.0,-20.0,-20.0,110.0,-8.203578409755705
138,1.3800000000000001,-0.740750681528806,-0.5249612840289862,10.04224311570876,5.767259362243465,-3.855727066929165,-1.4832206319921348,0.0,-20.0,-20.0,110.0,-8.197198753864118
139,1.3900000000000001,-0.7402436483330319,-0.5315304842743276,10.035302848431945,5.767888694220674,-3.8547843747637605,-1.4925804737491501,0.0,-20.0,-20.0,110.0,-8.190824510627424
140,1.4000000000000001,-0.7397366151372579,-0.5380996845196687,10.028362581155129,5.76851787123491,-3.8538415800339667,-1.5019402947517342,0.0,-20.0,-20.0,110.0,-8.184455690946697
141,1.41,-0.7392295819414838,-0.5446688847650096,10.021422313878315,5.769146893270159,-3.852898682765142,-1.5113000950027626,0.0,-20.0,-20.0,110.0,-8.178092305742686
142,1.42,-0.7387225487457098,-0.5512380850103503,10.0144820466015,5.769775760310419,-3.851955682982647,-1.5206598745051163,0.0,-20.0,-20.0,110.0,-8.171734365955807
143,1.43,-0.7382155155499357,-0.5578072852556909,10.007541779324686,5.7704044723396875,-3.8510125807118456,-1.5300196332616758,0.0,-20.0,-20.0,110.0,-8.16538188254614
144,1.44,-0.7377084823541616,-0.5643764855010313,10.000601512047872,5.771033029341963,-3.8500693759781024,-1.5393793712753259,0.0,-20.0,-20.0,110.0,-8.15903486649344
145,1.45,-0.7372014491583876,-0.5709456857463714,9.993661244771058,5.771661431301256,-3.8491260688067848,-1.5487390885489518,0.0,-20.0,-20.0,110.0,-8.152693328797126
146,1.46,-0.7366944159626135,-0.5775148859917114,9.986720977494244,5.772289678201573,-3.8481826592232635,-1.558098785085442,0.0,-20.0,-20.0,110.0,-8.146357280476275
147,1.47,-0.7361873827668395,-0.5840840862370512,9.97978071021743,5.772917770026932,-3.8472391472529095,-1.5674584608876867,0.0,-20.0,-20.0,110.0,-8.140026732569632
148,1.48,-0.7356803495710654,-0.5906532864823908,9.972840442940615,5.773545706761348,-3.846295532921102,-1.5768181159585795,0.0,-20.0,-20.0,110.0,-8.133701696135603
149,1.49,-0.7351733163752914,-0.5972224867277303,9.965900175663801,5.774173488388844,-3.8453518162532165,-1.5861777503010144,0.0,-20.0,-20.0,110.0,-8.127382182252253
150,1.5,-0.7346662831795173,-0.6037916869730695,9.958959908386987,5.774801114893451,-3.844407997274634,-1.595537363917888,0.0,-20.0,-20.0,110.0,-8.121068202017291
151,1.51,-0.7341592499837433,-0.6103608872184085,9.952019641110173,5.775428586259199,-3.843464076010738,-1.6048969568121,0.0,-20.0,-20.0,110.0,-8.11475976654808
152,1.52,-0.7336522167879692,-0.6169300874637473,9.945079373833359,5.776055902470127,-3.8425200524869134,-1.6142565289865518,0.0,-20.0,-20.0,110.0,-8.108456886981637
153,1.53,-0.7331451835921952,-0.623499287709086,9.938139106556545,5.77668306351027,-3.841575926728549,-1.6236160804441453,0.0,-20.0,-20.0,110.0,-8.102159574474612
154,1.54,-0.7326381503964211,-0.6300684879544245,9.93119883927973,5.777310069363675,-3.8406316987610367,-1.6329756111877876,0.0,-20.0,-20.0,110.0,-8.095867840203299
155,1.55,-0.732131117200647,-0.6366376881997627,9.924258572002916,5.777936920014388,-3.8396873686097686,-1.6423351212203856,0.0,-20.0,-20.0,110.0,-8.089581695363622
156,1.56,-0.731624084004873,-0.6432068884451009,9.917318304726102,5.7785636154464655,-3.8387429363001386,-1.6516946105448507,0.0,-20.0,-20.0,110.0,-8.08330115117113
157,1.57,-0.731117050809099,-0.6497760886904388,9.910378037449288,5.7791901556439615,-3.8377984018575466,-1.661054079164094,0.0,-20.0,-20.0,110.0,-8.077026218861006
158,1.58,-0.7306100176133249,-0.6563452889357765,9.903437770172474,5.7798165405909385,-3.8368537653073944,-1.67041352708103,0.0,-20.0,-20.0,110.0,-8.070756909688038
159,1.59,-0.7301029844175508,-0.6629144891811141,9.89649750289566,5.7804427702714625,-3.8359090266750835,-1.6797729542985755,0.0,-20.0,-20.0,110.0,-8.064493234926623
160,1.6,-0.7295959512217768,-0.6694836894264514,9.889557235618845,5.781068844669601,-3.83496418598602,-1.6891323608196498,0.0,-20.0,-20.0,110.0,-8.05823520587076
161,1.61,-0.7290889180260027,-0.6760528896717886,9.882616968342031,5.781694763769431,-3.8340192432656144,-1.6984917466471736,0.0,-20.0,-20.0,110.0,-8.051982833834057
162,1.62,-0.7285818848302287,-0.6826220899171255,9.875676701065217,5.782320527555028,-3.8330741985392756,-1.7078511117840702,0.0,-20.0,-20.0,110.0,-8.045736130149699
163,1.6300000000000001,-0.7280748516344546,-0.6891912901624623,9.868736433788403,5.782946136010476,-3.8321290518324154,-1.7172104562332642,0.0,-20.0,-20.0,110.0,-8.039495106170452
164,1.6400000000000001,-0.7275678184386806,-0.6957604904077989,9.861796166511589,5.783571589119859,-3.8311838031704535,-1.7265697799976831,0.0,-20.0,-20.0,110.0,-8.033259773268652
165,1.6500000000000001,-0.7270607852429065,-0.7023296906531352,9.854855899234774,5.784196886867273,-3.830238452578807,-1.735929083080257,0.0,-20.0,-20.0,110.0,-8.027030142836209
166,1.6600000000000001,-0.7265537520471325,-0.7088988908984715,9.84791563195796,5.784822029236809,-3.8292930000828953,-1.7452883654839173,0.0,-20.0,-20.0,110.0,-8.020806226284575
167,1.67,-0.7260467188513584,-0.7154680911438075,9.840975364681146,5.785447016212569,-3.8283474457081437,-1.754647627211599,0.0,-20.0,-20.0,110.0,-8.014588035044758
168,1.68,-0.7255396856555844,-0.7220372913891433,9.834035097404332,5.786071847778656,-3.827401789479978,-1.764006868266238,0.0,-20.0,-20.0,110.0,-8.008375580567291
169,1.69,-0.7250326524598103,-0.728606491634479,9.827094830127518,5.786696523919176,-3.8264560314238247,-1.7733660886507723,0.0,-20.0,-20.0,110.0,-8.002168874322237
170,1.7,-0.7245256192640362,-0.7351756918798145,9.820154562850703,5.787321044618241,-3.825510171565118,-1.7827252883681424,0.0,-20.0,-20.0,110.0,-7.995967927799178
171,1.71,-0.7240185860682622,-0.7417448921251497,9.81321429557389,5.78794540985997,-3.8245642099292887,-1.792084467421291,0.0,-20.0,-20.0,110.0,-7.989772752507189
172,1.72,-0.7235115528724881,-0.7483140923704849,9.806274028297075,5.7885696196284835,-3.8236181465417753,-1.8014436258131632,0.0,-20.0,-20.0,110.0,-7.9835833599748405
173,1.73,-0.7230045196767141,-0.7548832926158198,9.79933376102026,5.789193673907904,-3.8226719814280146,-1.8108027635467066,0.0,-20.0,-20.0,110.0,-7.977399761750188
174,1.74,-0.72249748648094,-0.7614524928611545,9.792393493743447,5.789817572682361,-3.8217257146134482,-1.8201618806248692,0.0,-20.0,-20.0,110.0,-7.9712219694007445
175,1.75,-0.721990453285166,-0.7680216931064889,9.785453226466633,5.790441315935989,-3.8207793461235204,-1.8295209770506022,0.0,-20.0,-20.0,110.0,-7.9650499945134925
176,1.76,-0.7214834200893919,-0.7745908933518233,9.778512959189818,5.7910649036529245,-3.8198328759836757,-1.8388800528268605,0.0,-20.0,-20.0,110.0,-7.9588838486948426
177,1.77,-0.7209763868936179,-0.7811600935971574,9.771572691913004,5.791688335817311,-3.818886304219365,-1.8482391079565985,0.0,-20.0,-20.0,110.0,-7.952723543570633
178,1.78,-0.7204693536978438,-0.7877292938424914,9.76463242463619,5.792311612413292,-3.8179396308560385,-1.8575981424427763,0.0,-20.0,-20.0,110.0,-7.946569090786131
179,1.79,-0.7199623205020698,-0.7942984940878252,9.757692157359376,5.792934733425021,-3.8169928559191493,-1.8669571562883522,0.0,-20.0,-20.0,110.0,-7.940420502005987
180,1.8,-0.7194552873062957,-0.8008676943331587,9.750751890082562,5.793557698836651,-3.816045979434154,-1.8763161494962903,0.0,-20.0,-20.0,110.0,-7.934277788914246
181,1.81,-0.7189482541105217,-0.8074368945784921,9.743811622805747,5.794180508632338,-3.8150990014265123,-1.8856751220695536,0.0,-20.0,-20.0,110.0,-7.928140963214316
182,1.82,-0.7184412209147476,-0.8140060948238254,9.736871355528933,5.794803162796249,-3.8141519219216815,-1.8950340740111093,0.0,-20.0,-20.0,110.0,-7.922010036628972
183,1.83,-0.7179341877189735,-0.8205752950691584,9.729931088252119,5.795425661312551,-3.8132047409451304,-1.9043930053239262,0.0,-20.0,-20.0,110.0,-7.915885020900308
184,1.84,-0.7174271545231995,-0.8271444953144912,9.722990820975305,5.796048004165412,-3.8122574585223217,-1.913751916010976,0.0,-20.0,-20.0,110.0,-7.9097659277897545
185,1.85,-0.7169201213274254,-0.8337136955598238,9.71605055369849,5.796670191339011,-3.8113100746787274,-1.9231108060752302,0.0,-20.0,-20.0,110.0,-7.90365276907804
186,1.86,-0.7164130881316514,-0.8402828958051562,9.709110286421677,5.7972922228175285,-3.8103625894398174,-1.9324696755196669,0.0,-20.0,-20.0,110.0,-7.8975455565651735
187,1.87,-0.7159060549358773,-0.8468520960504885,9.702170019144862,5.797914098585148,-3.8094150028310634,-1.9418285243472604,0.0,-20.0,-20.0,110.0,-7.891444302070446
188,1.8800000000000001,-0.7153990217401033,-0.8534212962958205,9.695229751868048,5.798535818626068,-3.8084673148779506,-1.9511873525609975,0.0,-20.0,-20.0,110.0,-7.885349017432391
189,1.8900000000000001,-0.7148919885443292,-0.8599904965411524,9.688289484591234,5.799157382924459,-3.8075195256059438,-1.9605461601638503,0.0,-20.0,-20.0,110.0,-7.879259714508775
190,1.9000000000000001,-0.7143849553485552,-0.8665596967864841,9.68134921731442,5.799778791464529,-3.8065716350405308,-1.9699049471588075,0.0,-20.0,-20.0,110.0,-7.873176405176573
191,1.9100000000000001,-0.7138779221527811,-0.8731288970318156,9.674408950037606,5.800400044230481,-3.805623643207196,-1.9792637135488558,0.0,-20.0,-20.0,110.0,-7.867099101331957
192,1.92,-0.7133708889570071,-0.879698097277147,9.667468682760791,5.801021141206518,-3.804675550131425,-1.9886224593369832,0.0,-20.0,-20.0,110.0,-7.861027814890268
193,1.93,-0.712863855761233,-0.8862672975224781,9.660528415483977,5.801642082376851,-3.8037273558387055,-1.9979811845261801,0.0,-20.0,-20.0,110.0,-7.854962557786002
194,1.94,-0.712356822565459,-0.892836497767809,9.653588148207163,5.802262867725694,-3.80277906035453,-2.0073398891194394,0.0,-20.0,-20.0,110.0,-7.848903341972782
195,1.95,-0.7118497893696849,-0.8994056980131399,9.646647880930349,5.802883497237263,-3.801830663704394,-2.016698573119756,0.0,-20.0,-20.0,110.0,-7.842850179423342
196,1.96,-0.7113427561739109,-0.9059748982584704,9.639707613653535,5.803503970895785,-3.80088216591379,-2.026057236530126,0.0,-20.0,-20.0,110.0,-7.836803082129496
197,1.97,-0.7108357229781368,-0.9125440985038008,9.63276734637672,5.804124288685483,-3.7999335670082193,-2.0354158793535504,0.0,-20.0,-20.0,110.0,-7.830762062102133
198,1.98,-0.7103286897823627,-0.919113298749131,9.625827079099906,5.80474445059059,-3.7989848670131825,-2.0447745015930296,0.0,-20.0,-20.0,110.0,-7.824727131371166
199,1.99,-0.7098216565865887,-0.925682498994461,9.618886811823092,5.80536445659534,-3.798036065954184,-2.054133103251569,0.0,-20.0,-20.0,110.0,-7.818698301985546
200,2.0,-0.7093146233908146,-0.9322516992397908,9.611946544546278,5.805984306683974,-3.797087163856729,-2.0634916843321722,0.0,-20.0,-20.0,110.0,-7.812675586013194
201,2.0100000000000002,-0.7088075901950406,-0.9388208994851204,9.605006277269464,5.806604000840735,-3.796138160746327,-2.0728502448378476,0.0,-20.0,-20.0,110.0,-7.806658995541022
202,2.02,-0.7083005569992665,-0.9453900997304499,9.59806600999265,5.8072235390498665,-3.7951890566484887,-2.0822087847716055,0.0,-20.0,-20.0,110.0,-7.800648542674865
203,2.0300000000000002,-0.7077935238034925,-0.9519592999757791,9.591125742715835,5.8078429212956255,-3.794239851588729,-2.0915673041364595,0.0,-20.0,-20.0,110.0,-7.7946442395394895
204,2.04,-0.7072864906077184,-0.9585285002211081,9.584185475439021,5.808462147562269,-3.793290545592564,-2.1009258029354227,0.0,-20.0,-20.0,110.0,-7.788646098278546
205,2.05,-0.7067794574119444,-0.9650977004664371,9.577245208162207,5.8090812178340565,-3.792341138685511,-2.1102842811715123,0.0,-20.0,-20.0,110.0,-7.782654131054552
206,2.06,-0.7062724242161703,-0.9716669007117658,9.570304940885393,5.809700132095253,-3.791391630893092,-2.1196427388477463,0.0,-20.0,-20.0,110.0,-7.776668350048863
207,2.07,-0.7057653910203963,-0.9782361009570942,9.563364673608579,5.810318890330125,-3.790442022240832,-2.1290011759671468,0.0,-20.0,-20.0,110.0,-7.770688767461645
208,2.08,-0.7052583578246222,-0.9848053012024225,9.556424406331764,5.810937492522952,-3.789492312754255,-2.138359592532736,0.0,-20.0,-20.0,110.0,-7.764715395511841
209,2.09,-0.7047513246288482,-0.9913745014477506,9.54948413905495,5.811555938658004,-3.7885425024588906,-2.1477179885475386,0.0,-20.0,-20.0,110.0,-7.758748246437156
210,2.1,-0.7042442914330741,-0.9979437016930786,9.542543871778136,5.812174228719569,-3.7875925913802715,-2.1570763640145825,0.0,-20.0,-20.0,110.0,-7.752787332494007
211,2.11,-0.7037372582373,-1.0045129019384063,9.535603604501322,5.81279236269193,-3.7866425795439285,-2.1664347189368973,0.0,-20.0,-20.0,110.0,-7.746832665957519
212,2.12,-0.703230225041526,-1.0110821021837337,9.528663337224508,5.813410340559379,-3.785692466975401,-2.1757930533175154,0.0,-20.0,-20.0,110.0,-7.74088425912147
213,2.13,-0.7027231918457519,-1.017651302429061,9.521723069947694,5.81402816230621,-3.7847422537002267,-2.1851513671594702,0.0,-20.0,-20.0,110.0,-7.734942124298275
214,2.14,-0.7022161586499779,-1.0242205026743882,9.51478280267088,5.8146458279167215,-3.783791939743944,-2.1945096604657985,0.0,-20.0,-20.0,110.0,-7.7290062738189516
215,2.15,-0.7017091254542038,-1.0307897029197153,9.507842535394065,5.815263337375218,-3.7828415251321,-2.2038679332395383,0.0,-20.0,-20.0,110.0,-7.723076720033085
216,2.16,-0.7012020922584298,-1.037358903165042,9.500902268117251,5.815880690666005,-3.78189100989024,-2.213226185483729,0.0,-20.0,-20.0,110.0,-7.7171534753088
217,2.17,-0.7006950590626557,-1.0439281034103687,9.493962000840437,5.816497887773396,-3.78094039404391,-2.2225844172014155,0.0,-20.0,-20.0,110.0,-7.711236552032721
218,2.18,-0.7001880258668817,-1.050497303655695,9.487021733563623,5.817114928681706,-3.779989677618665,-2.23194262839564,0.0,-20.0,-20.0,110.0,-7.705325962609955
219,2.19,-0.6996809926711076,-1.0570665039010212,9.480081466286808,5.817731813375255,-3.7790388606400556,-2.2413008190694517,0.0,-20.0,-20.0,110.0,-7.699421719464031
220,2.2,-0.6991739594753336,-1.0636357041463473,9.473141199009994,5.818348541838367,-3.7780879431336385,-2.250658989225898,0.0,-20.0,-20.0,110.0,-7.693523835036891
221,2.21,-0.6986669262795595,-1.0702049043916733,9.46620093173318,5.818965114055371,-3.777136925124974,-2.260017138868032,0.0,-20.0,-20.0,110.0,-7.687632321788837
222,2.22,-0.6981598930837855,-1.076774104636999,9.459260664456366,5.819581530010602,-3.776185806639623,-2.2693752679989054,0.0,-20.0,-20.0,110.0,-7.681747192198509
223,2.23,-0.6976528598880114,-1.0833433048823244,9.452320397179552,5.820197789688395,-3.7752345877031472,-2.2787333766215743,0.0,-20.0,-20.0,110.0,-7.675868458762837
224,2.24,-0.6971458266922373,-1.0899125051276497,9.445380129902738,5.820813893073091,-3.7742832683411125,-2.288091464739097,0.0,-20.0,-20.0,110.0,-7.669996133997011
225,2.25,-0.6966387934964633,-1.0964817053729747,9.438439862625923,5.821429840149037,-3.7733318485790908,-2.297449532354533,0.0,-20.0,-20.0,110.0,-7.664130230434436
226,2.2600000000000002,-0.6961317603006892,-1.1030509056182995,9.43149959534911,5.822045630900582,-3.772380328442648,-2.3068075794709446,0.0,-20.0,-20.0,110.0,-7.658270760626708
227,2.27,-0.6956247271049152,-1.1096201058636244,9.424559328072295,5.822661265312082,-3.77142870795736,-2.3161656060913964,0.0,-20.0,-20.0,110.0,-7.652417737143565
228,2.2800000000000002,-0.6951176939091411,-1.116189306108949,9.41761906079548,5.8232767433678925,-3.770476987148805,-2.3255236122189538,0.0,-20.0,-20.0,110.0,-7.6465711725728465
229,2.29,-0.6946106607133671,-1.1227585063542733,9.410678793518667,5.82389206505238,-3.7695251660425573,-2.3348815978566857,0.0,-20.0,-20.0,110.0,-7.640731079520456
230,2.3000000000000003,-0.694103627517593,-1.1293277065995975,9.403738526241852,5.824507230349908,-3.768573244664201,-2.3442395630076622,0.0,-20.0,-20.0,110.0,-7.6348974706103245
231,2.31,-0.693596594321819,-1.1358969068449214,9.396798258965038,5.825122239244849,-3.767621223039316,-2.3535975076749573,0.0,-20.0,-20.0,110.0,-7.629070358484367
232,2.32,-0.6930895611260449,-1.142466107090245,9.389857991688224,5.825737091721578,-3.76666910119349,-2.3629554318616446,0.0,-20.0,-20.0,110.0,-7.623249755802438
233,2.33,-0.6925825279302709,-1.1490353073355688,9.38291772441141,5.826351787764475,-3.765716879152312,-2.3723133355708015,0.0,-20.0,-20.0,110.0,-7.617435675242294
234,2.34,-0.6920754947344968,-1.155604507580892,9.375977457134596,5.826966327357925,-3.764764556941373,-2.381671218805508,0.0,-20.0,-20.0,110.0,-7.611628129499541
235,2.35,-0.6915684615387228,-1.1621737078262153,9.369037189857782,5.827580710486316,-3.7638121345862654,-2.391029081568845,0.0,-20.0,-20.0,110.0,-7.6058271312876125
236,2.36,-0.6910614283429487,-1.1687429080715384,9.362096922580967,5.8281949371340405,-3.7628596121125857,-2.4003869238638975,0.0,-20.0,-20.0,110.0,-7.600032693337697
237,2.37,-0.6905543951471746,-1.1753121083168612,9.355156655304153,5.828809007285493,-3.7619069895459294,-2.4097447456937497,0.0,-20.0,-20.0,110.0,-7.59424482839872
238,2.38,-0.6900473619514006,-1.1818813085621838,9.348216388027339,5.829422920925074,-3.7609542669118983,-2.41910254706149,0.0,-20.0,-20.0,110.0,-7.588463549237277
239,2.39,-0.6895403287556265,-1.1884505088075061,9.341276120750525,5.830036678037192,-3.7600014442360976,-2.4284603279702095,0.0,-20.0,-20.0,110.0,-7.582688868637602
240,2.4,-0.6890332955598525,-1.1950197090528285,9.33433585347371,5.8306502786062575,-3.7590485215441314,-2.437818088423001,0.0,-20.0,-20.0,110.0,-7.576920799401517
241,2.41,-0.6885262623640784,-1.2015889092981507,9.327395586196896,5.831263722616681,-3.758095498861608,-2.447175828422958,0.0,-20.0,-20.0,110.0,-7.5711593543483815
242,2.42,-0.6880192291683044,-1.2081581095434726,9.320455318920082,5.831877010052879,-3.7571423762141376,-2.456533547973177,0.0,-20.0,-20.0,110.0,-7.565404546315051
243,2.43,-0.6875121959725303,-1.2147273097887943,9.313515051643268,5.832490140899278,-3.7561891536273335,-2.4658912470767564,0.0,-20.0,-20.0,110.0,-7.559656388155819
244,2.44,-0.6870051627767563,-1.2212965100341158,9.306574784366454,5.8331031151403,-3.7552358311268104,-2.475248925736797,0.0,-20.0,-20.0,110.0,-7.55391489274238
245,2.45,-0.6864981295809822,-1.227865710279437,9.29963451708964,5.833715932760381,-3.7542824087381867,-2.484606583956402,0.0,-20.0,-20.0,110.0,-7.548180072963775
246,2.46,-0.6859910963852082,-1.234434910524758,9.292694249812826,5.834328593743952,-3.753328886487084,-2.493964221738677,0.0,-20.0,-20.0,110.0,-7.542451941726333
247,2.47,-0.6854840631894341,-1.241004110770079,9.285753982536011,5.834941098075453,-3.7523752643991224,-2.503321839086728,0.0,-20.0,-20.0,110.0,-7.536730511953632
248,2.48,-0.6849770299936601,-1.2475733110154,9.278813715259197,5.835553445739331,-3.75142154249993,-2.512679436003667,0.0,-20.0,-20.0,110.0,-7.5310157965864395
249,2.49,-0.684469996797886,-1.2541425112607205,9.271873447982383,5.83616563672003,-3.7504677208151347,-2.5220370124926035,0.0,-20.0,-20.0,110.0,-7.525307808582673
250,2.5,-0.683962963602112,-1.2607117115060409,9.264933180705569,5.836777671002002,-3.749513799370364,-2.531394568556652,0.0,-20.0,-20.0,110.0,-7.519606560917323
251,2.5100000000000002,-0.6834559304063379,-1.267280911751361,9.257992913428755,5.837389548569707,-3.7485597781912507,-2.5407521041989285,0.0,-20.0,-20.0,110.0,-7.513912066582425
252,2.52,-0.6829488972105638,-1.273850111996681,9.25105264615194,5.8380012694076004,-3.7476056573034326,-2.55010961942255,0.0,-20.0,-20.0,110.0,-7.508224338586987
253,2.5300000000000002,-0.6824418640147898,-1.280419312242001,9.244112378875126,5.838612833500151,-3.7466514367325465,-2.559467114230637,0.0,-20.0,-20.0,110.0,-7.50254338995695
254,2.54,-0.6819348308190157,-1.2869885124873206,9.237172111598312,5.839224240831825,-3.745697116504232,-2.5688245886263124,0.0,-20.0,-20.0,110.0,-7.496869233735112
255,2.5500000000000003,-0.6814277976232417,-1.29355771273264,9.230231844321498,5.839835491387098,-3.7447426966441326,-2.578182042612702,0.0,-20.0,-20.0,110.0,-7.4912018829811
256,2.56,-0.6809207644274676,-1.3001269129779593,9.223291577044684,5.840446585150448,-3.7437881771778905,-2.58753947619293,0.0,-20.0,-20.0,110.0,-7.485541350771279
257,2.57,-0.6804137312316936,-1.3066961132232784,9.21635130976787,5.841057522106354,-3.7428335581311565,-2.596896889370127,0.0,-20.0,-20.0,110.0,-7.479887650198724
258,2.58,-0.6799066980359195,-1.3132653134685972,9.209411042491055,5.841668302239303,-3.7418788395295786,-2.6062542821474235,0.0,-20.0,-20.0,110.0,-7.474240794373152
259,2.59,-0.6793996648401455,-1.3198345137139158,9.202470775214241,5.8422789255337895,-3.7409240213988086,-2.6156116545279526,0.0,-20.0,-20.0,110.0,-7.468600796420853
260,2.6,-0.6788926316443714,-1.3264037139592344,9.195530507937427,5.8428893919743015,-3.7399691037645035,-2.6249690065148497,0.0,-20.0,-20.0,110.0,-7.46296766948464
261,2.61,-0.6783855984485974,-1.3329729142045528,9.188590240660613,5.843499701545344,-3.739014086652318,-2.634326338111252,0.0,-20.0,-20.0,110.0,-7.457341426723792
262,2.62,-0.6778785652528233,-1.339542114449871,9.181649973383799,5.844109854231415,-3.738058970087914,-2.6436836493203,0.0,-20.0,-20.0,110.0,-7.451722081313983
263,2.63,-0.6773715320570493,-1.3461113146951889,9.174709706106984,5.844719850017025,-3.7371037540969536,-2.653040940145134,0.0,-20.0,-20.0,110.0,-7.446109646447229
264,2.64,-0.6768644988612752,-1.3526805149405066,9.16776943883017,5.845329688886685,-3.7361484387051007,-2.662398210588898,0.0,-20.0,-20.0,110.0,-7.440504135331819
265,2.65,-0.6763574656655011,-1.359249715185824,9.160829171553356,5.845939370824911,-3.7351930239380224,-2.671755460654738,0.0,-20.0,-20.0,110.0,-7.434905561192256
266,2.66,-0.6758504324697271,-1.3658189154311413,9.153888904276542,5.846548895816224,-3.7342375098213867,-2.681112690345803,0.0,-20.0,-20.0,110.0,-7.429313937269188
267,2.67,-0.675343399273953,-1.3723881156764586,9.146948636999728,5.847158263845148,-3.7332818963808685,-2.6904698996652434,0.0,-20.0,-20.0,110.0,-7.423729276819355
268,2.68,-0.674836366078179,-1.3789573159217756,9.140008369722914,5.847767474896224,-3.732326183642148,-2.699827088616217,0.0,-20.0,-20.0,110.0,-7.418151593115505
269,2.69,-0.6743293328824049,-1.3855265161670924,9.1330681024461,5.848376528953957,-3.7313703716308884,-2.709184257201867,0.0,-20.0,-20.0,110.0,-7.41258089944635
270,2.7,-0.6738222996866309,-1.392095716412409,9.126127835169285,5.848985426002901,-3.7304144603727747,-2.718541405425356,0.0,-20.0,-20.0,110.0,-7.407017209116478
271,2.71,-0.6733152664908568,-1.3986649166577254,9.119187567892471,5.849594166027596,-3.72945844989349,-2.727898533289843,0.0,-20.0,-20.0,110.0,-7.401460535446301
272,2.72,-0.6728082332950828,-1.4052341169030416,9.112247300615657,5.850202749012588,-3.728502340218719,-2.7372556407984896,0.0,-20.0,-20.0,110.0,-7.395910891771977
273,2.73,-0.6723012000993087,-1.4118033171483577,9.105307033338843,5.850811174942428,-3.7275461313741465,-2.746612727954457,0.0,-20.0,-20.0,110.0,-7.390368291445352
274,2.74,-0.6717941669035347,-1.4183725173936736,9.098366766062028,5.851419443801667,-3.726589823385462,-2.7559697947609125,0.0,-20.0,-20.0,110.0,-7.384832747833876
275,2.75,-0.6712871337077606,-1.4249417176389894,9.091426498785214,5.852027555574867,-3.725633416278358,-2.7653268412210226,0.0,-20.0,-20.0,110.0,-7.379304274320538
276,2.7600000000000002,-0.6707801005119866,-1.4315109178843048,9.0844862315084,5.852635510246589,-3.724676910078529,-2.774683867337957,0.0,-20.0,-20.0,110.0,-7.37378288430381
277,2.77,-0.6702730673162125,-1.43808011812962,9.077545964231586,5.853243307801401,-3.723720304811669,-2.7840408731148876,0.0,-20.0,-20.0,110.0,-7.368268591197547
278,2.7800000000000002,-0.6697660341204384,-1.4446493183749352,9.070605696954772,5.853850948223873,-3.72276360050348,-2.793397858554988,0.0,-20.0,-20.0,110.0,-7.362761408430936
279,2.79,-0.6692590009246644,-1.45121851862025,9.063665429677958,5.854458431498581,-3.7218067971796613,-2.802754823661436,0.0,-20.0,-20.0,110.0,-7.3572613494484145
280,2.8000000000000003,-0.6687519677288903,-1.4577877188655648,9.056725162401143,5.8550657576101095,-3.7208498948659163,-2.812111768437408,0.0,-20.0,-20.0,110.0,-7.351768427709594
281,2.81,-0.6682449345331163,-1.4643569191108794,9.04978489512433,5.855672926543035,-3.7198928935879536,-2.8214686928860853,0.0,-20.0,-20.0,110.0,-7.346282656689193
282,2.82,-0.6677379013373422,-1.4709261193561938,9.042844627847515,5.8562799382819515,-3.7189357933714793,-2.830825597010649,0.0,-20.0,-20.0,110.0,-7.34080404987696
283,2.83,-0.6672308681415682,-1.477495319601508,9.0359043605707,5.85688679281145,-3.717978594242207,-2.8401824808142844,0.0,-20.0,-20.0,110.0,-7.335332620777573
284,2.84,-0.6667238349457941,-1.4840645198468219,9.028964093293887,5.857493490116126,-3.7170212962258473,-2.8495393443001795,0.0,-20.0,-20.0,110.0,-7.329868382910611
285,2.85,-0.6662168017500201,-1.4906337200921356,9.022023826017072,5.858100030180582,-3.7160638993481183,-2.858896187471521,0.0,-20.0,-20.0,110.0,-7.324411349810426
286,2.86,-0.665709768554246,-1.4972029203374493,9.015083558740258,5.858706412989421,-3.7151064036347368,-2.868253010331501,0.0,-20.0,-20.0,110.0,-7.3189615350261
287,2.87,-0.665202735358472,-1.5037721205827626,9.008143291463444,5.859312638527256,-3.7141488091114256,-2.8776098128833127,0.0,-20.0,-20.0,110.0,-7.313518952121335
288,2.88,-0.6646957021626979,-1.5103413208280758,9.00120302418663,5.859918706778699,-3.7131911158039066,-2.88696659513015,0.0,-20.0,-20.0,110.0,-7.308083614674402
289,2.89,-0.6641886689669239,-1.5169105210733889,8.994262756909816,5.860524617728372,-3.7122333237379066,-2.8963233570752127,0.0,-20.0,-20.0,110.0,-7.302655536278043
290,2.9,-0.6636816357711498,-1.5234797213187017,8.987322489633002,5.8611303713608915,-3.711275432939152,-2.905680098721698,0.0,-20.0,-20.0,110.0,-7.297234730539389
291,2.91,-0.6631746025753757,-1.5300489215640143,8.980382222356187,5.86173596766089,-3.710317443433376,-2.91503682007281,0.0,-20.0,-20.0,110.0,-7.29182121107988
292,2.92,-0.6626675693796017,-1.5366181218093267,8.973441955079373,5.862341406612994,-3.709359355246308,-2.9243935211317504,0.0,-20.0,-20.0,110.0,-7.286414991535187
293,2.93,-0.6621605361838276,-1.543187322054639,8.966501687802559,5.86294668820184,-3.708401168403686,-2.933750201901726,0.0,-20.0,-20.0,110.0,-7.281016085555117
294,2.94,-0.6616535029880536,-1.5497565222999512,8.959561420525745,5.863551812412071,-3.707442882931248,-2.943106862385945,0.0,-20.0,-20.0,110.0,-7.275624506803533
295,2.95,-0.6611464697922795,-1.5563257225452631,8.95262115324893,5.864156779228327,-3.706484498854733,-2.952463502587617,0.0,-20.0,-20.0,110.0,-7.270240268958271
296,2.96,-0.6606394365965055,-1.5628949227905748,8.945680885972116,5.864761588635258,-3.705526016199885,-2.9618201225099554,0.0,-20.0,-20.0,110.0,-7.264863385711049
297,2.97,-0.6601324034007314,-1.5694641230358863,8.938740618695302,5.865366240617516,-3.704567434992449,-2.9711767221561742,0.0,-20.0,-20.0,110.0,-7.259493870767382
298,2.98,-0.6596253702049574,-1.5760333232811976,8.931800351418488,5.865970735159756,-3.7036087552581725,-2.9805333015294893,0.0,-20.0,-20.0,110.0,-7.254131737846484
299,2.99,-0.6591183370091833,-1.5826025235265087,8.924860084141674,5.866575072246642,-3.702649977022803,-2.9898898606331215,0.0,-20.0,-20.0,110.0,-7.248777000681196
300,3.0,-0.6586113038134093,-1.5891717237718197,8.91791981686486,5.867179251862837,-3.7016911003120967,-2.9992463994702905,0.0,-20.0,-20.0,110.0,-7.243429673017884
301,3.0100000000000002,-0.6581042706176352,-1.5957409240171305,8.910979549588047,5.867783273993011,-3.7007321251518057,-3.008602918044219,0.0,-20.0,-20.0,110.0,-7.238089768616346
302,3.02,-0.6575972374218612,-1.6023101242624411,8.904039282311235,5.868387138621838,-3.699773051567689,-3.0179594163581336,0.0,-20.0,-20.0,110.0,-7.2327573012497295
303,3.0300000000000002,-0.6570902042260871,-1.6088793245077515,8.897099015034422,5.868990845733996,-3.698813879585506,-3.02731589441526,0.0,-20.0,-20.0,110.0,-7.2274322847044274
304,3.04,-0.656583171030313,-1.6154485247530617,8.89015874775761,5.8695943953141665,-3.69785460923102,-3.0366723522188286,0.0,-20.0,-20.0,110.0,-7.222114732779994
305,3.0500000000000003,-0.656076137834539,-1.6220177249983716,8.883218480480798,5.870197787347035,-3.696895240529993,-3.0460287897720697,0.0,-20.0,-20.0,110.0,-7.216804659289058
306,3.06,-0.6555691046387649,-1.6285869252436815,8.876278213203985,5.870801021817293,-3.695935773508192,-3.0553852070782175,0.0,-20.0,-20.0,110.0,-7.211502078057196
307,3.0700000000000003,-0.6550620714429909,-1.6351561254889913,8.869337945927173,5.871404098709639,-3.69497620819139,-3.0647416041405093,0.0,-20.0,-20.0,110.0,-7.206207002922876
308,3.08,-0.6545550382472168,-1.6417253257343007,8.86239767865036,5.872007018008768,-3.6940165446053554,-3.0740979809621813,0.0,-20.0,-20.0,110.0,-7.20091944773733
309,3.09,-0.6540480050514428,-1.64829452597961,8.855457411373548,5.872609779699385,-3.6930567827758622,-3.0834543375464736,0.0,-20.0,-20.0,110.0,-7.1956394263644725
310,3.1,-0.6535409718556687,-1.654863726224919,8.848517144096736,5.873212383766199,-3.6920969227286906,-3.0928106738966283,0.0,-20.0,-20.0,110.0,-7.190366952680798
311,3.11,-0.6530339386598947,-1.6614329264702279,8.841576876819923,5.873814830193921,-3.691136964489617,-3.1021669900158915,0.0,-20.0,-20.0,110.0,-7.18510204057528
312,3.12,-0.6525269054641206,-1.6680021267155365,8.83463660954311,5.874417118967267,-3.6901769080844233,-3.111523285907508,0.0,-20.0,-20.0,110.0,-7.179844703949273
313,3.13,-0.6520198722683466,-1.674571326960845,8.827696342266298,5.875019250070959,-3.6892167535388944,-3.1208795615747267,0.0,-20.0,-20.0,110.0,-7.174594956716408
314,3.14,-0.6515128390725725,-1.6811405272061535,8.820756074989486,5.875621223489721,-3.688256500878814,-3.1302358170207985,0.0,-20.0,-20.0,110.0,-7.169352812802489
315,3.15,-0.6510058058767985,-1.6877097274514616,8.813815807712674,5.876223039208283,-3.6872961501299732,-3.1395920522489766,0.0,-20.0,-20.0,110.0,-7.164118286145403
316,3.16,-0.6504987726810244,-1.6942789276967696,8.806875540435861,5.87682469721139,-3.6863357013181717,-3.148948267262523,0.0,-20.0,-20.0,110.0,-7.15889139069499
317,3.17,-0.6499917394852504,-1.7008481279420773,8.799935273159049,5.877426197483755,-3.6853751544691855,-3.1583044620646805,0.0,-20.0,-20.0,110.0,-7.1536721404129775
318,3.18,-0.6494847062894763,-1.7074173281873848,8.792995005882236,5.878027540010132,-3.6844145096088194,-3.1676606366587157,0.0,-20.0,-20.0,110.0,-7.148460549272834
319,3.19,-0.6489776730937022,-1.713986528432692,8.786054738605424,5.878628724775268,-3.6834537667628715,-3.177016791047889,0.0,-20.0,-20.0,110.0,-7.1432566312596855
320,3.2,-0.6484706398979282,-1.7205557286779993,8.779114471328612,5.879229751763916,-3.6824929259571437,-3.1863729252354656,0.0,-20.0,-20.0,110.0,-7.138060400370205
321,3.21,-0.6479636067021541,-1.7271249289233064,8.7721742040518,5.879830620960827,-3.6815319872174377,-3.19572903922471,0.0,-20.0,-20.0,110.0,-7.1328718706125
322,3.22,-0.6474565735063801,-1.7336941291686132,8.765233936774987,5.880431332350762,-3.6805709505695603,-3.205085133018891,0.0,-20.0,-20.0,110.0,-7.127691056006008
323,3.23,-0.646949540310606,-1.7402633294139198,8.758293669498174,5.881031885918483,-3.679609816039319,-3.214441206621277,0.0,-20.0,-20.0,110.0,-7.1225179705813835
324,3.24,-0.646442507114832,-1.7468325296592262,8.751353402221362,5.88163228164876,-3.6786485836525245,-3.223797260035141,0.0,-20.0,-20.0,110.0,-7.1173526283803845
325,3.25,-0.6459354739190579,-1.7534017299045324,8.74441313494455,5.882232519526366,-3.67768725343499,-3.233153293263758,0.0,-20.0,-20.0,110.0,-7.112195043455772
326,3.2600000000000002,-0.6454284407232839,-1.7599709301498385,8.737472867667737,5.882832599536073,-3.67672582541253,-3.2425093063104025,0.0,-20.0,-20.0,110.0,-7.107045229871181
327,3.27,-0.6449214075275098,-1.7665401303951445,8.730532600390925,5.883432521662662,-3.6757642996109627,-3.2518652991783545,0.0,-20.0,-20.0,110.0,-7.101903201701018
328,3.2800000000000002,-0.6444143743317358,-1.7731093306404502,8.723592333114112,5.88403228589092,-3.6748026760561077,-3.2612212718708924,0.0,-20.0,-20.0,110.0,-7.096768973030341
329,3.29,-0.6439073411359617,-1.7796785308857557,8.7166520658373,5.884631892205635,-3.673840954773788,-3.270577224391301,0.0,-20.0,-20.0,110.0,-7.091642557954747
330,3.3000000000000003,-0.6434003079401877,-1.786247731131061,8.709711798560487,5.885231340591603,-3.6728791357898305,-3.2799331567428633,0.0,-20.0,-20.0,110.0,-7.086523970580261
331,3.31,-0.6428932747444136,-1.792816931376366,8.702771531283675,5.885830631033616,-3.6719172191300586,-3.289289068928866,0.0,-20.0,-20.0,110.0,-7.081413225023201
332,3.3200000000000003,-0.6423862415486395,-1.7993861316216708,8.695831264006863,5.886429763516479,-3.6709552048203036,-3.2986449609525983,0.0,-20.0,-20.0,110.0,-7.076310335410079
333,3.33,-0.6418792083528655,-1.8059553318669757,8.68889099673005,5.887028738024998,-3.669993092886399,-3.308000832817353,0.0,-20.0,-20.0,110.0,-7.071215315877473
334,3.34,-0.6413721751570914,-1.8125245321122803,8.681950729453238,5.887627554543984,-3.6690308833541785,-3.317356684526422,0.0,-20.0,-20.0,110.0,-7.0661281805719085
335,3.35,-0.6408651419613174,-1.8190937323575846,8.675010462176425,5.888226213058252,-3.668068576249478,-3.3267125160831013,0.0,-20.0,-20.0,110.0,-7.061048943649727
336,3.36,-0.6403581087655433,-1.8256629326028888,8.668070194899613,5.88882471355262,-3.6671061715981383,-3.336068327490687,0.0,-20.0,-20.0,110.0,-7.055977619276989
337,3.37,-0.6398510755697693,-1.8322321328481928,8.6611299276228,5.8894230560119105,-3.666143669426,-3.3454241187524802,0.0,-20.0,-20.0,110.0,-7.05091422162932
338,3.38,-0.6393440423739952,-1.8388013330934965,8.654189660345988,5.8900212404209515,-3.66518106975891,-3.354779889871781,0.0,-20.0,-20.0,110.0,-7.045858764891816
339,3.39,-0.6388370091782212,-1.8453705333388002,8.647249393069176,5.890619266764575,-3.6642183726227113,-3.364135640851894,0.0,-20.0,-20.0,110.0,-7.040811263258895
340,3.4,-0.6383299759824471,-1.8519397335841037,8.640309125792363,5.891217135027616,-3.6632555780432536,-3.373491371696126,0.0,-20.0,-20.0,110.0,-7.035771730934183
341,3.41,-0.6378229427866731,-1.858508933829407,8.633368858515551,5.891814845194917,-3.66229268604639,-3.382847082407784,0.0,-20.0,-20.0,110.0,-7.030740182130392
342,3.42,-0.637315909590899,-1.86507813407471,8.626428591238739,5.892412397251322,-3.6613296966579747,-3.3922027729901783,0.0,-20.0,-20.0,110.0,-7.025716631069177
343,3.43,-0.636808876395125,-1.8716473343200128,8.619488323961926,5.893009791181678,-3.6603666099038596,-3.4015584434466226,0.0,-20.0,-20.0,110.0,-7.020701091981019
344,3.44,-0.6363018431993509,-1.8782165345653155,8.612548056685114,5.89360702697084,-3.659403425809908,-3.4109140937804296,0.0,-20.0,-20.0,110.0,-7.015693579105092
345,3.45,-0.6357948100035768,-1.8847857348106178,8.605607789408301,5.8942041046036655,-3.658440144401978,-3.4202697239949176,0.0,-20.0,-20.0,110.0,-7.010694106689132
346,3.46,-0.6352877768078028,-1.8913549350559202,8.598667522131489,5.894801024065016,-3.6574767657059337,-3.4296253340934033,0.0,-20.0,-20.0,110.0,-7.00570268898931
347,3.47,-0.6347807436120287,-1.8979241353012224,8.591727254854677,5.8953977853397594,-3.6565132897476422,-3.4389809240792095,0.0,-20.0,-20.0,110.0,-7.000719340270091
348,3.48,-0.6342737104162547,-1.9044933355465243,8.584786987577864,5.89599438841276,-3.6555497165529696,-3.4483364939556576,0.0,-20.0,-20.0,110.0,-6.995744074804106
349,3.49,-0.6337666772204806,-1.911062535791826,8.577846720301052,5.896590833268897,-3.654586046147788,-3.4576920437260728,0.0,-20.0,-20.0,110.0,-6.990776906872021
350,3.5,-0.6332596440247066,-1.9176317360371276,8.57090645302424,5.897187119893049,-3.6536222785579673,-3.4670475733937822,0.0,-20.0,-20.0,110.0,-6.98581785076239
351,3.5100000000000002,-0.6327526108289325,-1.9242009362824288,8.563966185747427,5.897783248270098,-3.6526584138093865,-3.4764030829621158,0.0,-20.0,-20.0,110.0,-6.9808669207715335
352,3.52,-0.6322455776331585,-1.9307701365277299,8.557025918470615,5.898379218384931,-3.6516944519279226,-3.485758572434403,0.0,-20.0,-20.0,110.0,-6.97592413120339
353,3.5300000000000002,-0.6317385444373844,-1.937339336773031,8.550085651193802,5.8989750302224415,-3.6507303929394537,-3.4951140418139786,0.0,-20.0,-20.0,110.0,-6.970989496369381
354,3.54,-0.6312315112416104,-1.9439085370183318,8.54314538391699,5.899570683767523,-3.6497662368698625,-3.504469491104179,0.0,-20.0,-20.0,110.0,-6.966063030588271
355,3.5500000000000003,-0.6307244780458363,-1.9504777372636324,8.536205116640177,5.900166179005077,-3.648801983745036,-3.51382492030834,0.0,-20.0,-20.0,110.0,-6.96114474818603
356,3.56,-0.6302174448500623,-1.9570469375089328,8.529264849363365,5.900761515920011,-3.6478376335908607,-3.5231803294298025,0.0,-20.0,-20.0,110.0,-6.956234663495692
357,3.5700000000000003,-0.6297104116542882,-1.963616137754233,8.522324582086553,5.901356694497229,-3.6468731864332264,-3.532535718471909,0.0,-20.0,-20.0,110.0,-6.9513327908572045
358,3.58,-0.6292033784585142,-1.9701853379995329,8.51538431480974,5.901951714721644,-3.645908642298024,-3.541891087438001,0.0,-20.0,-20.0,110.0,-6.946439144617301
359,3.59,-0.6286963452627401,-1.9767545382448328,8.508444047532928,5.902546576578176,-3.6449440012111474,-3.5512464363314282,0.0,-20.0,-20.0,110.0,-6.941553739129343
360,3.6,-0.628189312066966,-1.9833237384901325,8.501503780256115,5.903141280051747,-3.6439792631984957,-3.560601765155536,0.0,-20.0,-20.0,110.0,-6.936676588753178
361,3.61,-0.627682278871192,-1.989892938735432,8.494563512979303,5.9037358251272805,-3.6430144282859658,-3.5699570739136757,0.0,-20.0,-20.0,110.0,-6.931807707854995
362,3.62,-0.6271752456754179,-1.9964621389807313,8.48762324570249,5.904330211789707,-3.64204949649946,-3.5793123626092,0.0,-20.0,-20.0,110.0,-6.9269471108071805
363,3.63,-0.6266682124796439,-2.0030313392260304,8.480682978425678,5.904924440023962,-3.6410844678648826,-3.5886676312454626,0.0,-20.0,-20.0,110.0,-6.922094811988162
364,3.64,-0.6261611792838698,-2.009600539471329,8.473742711148866,5.905518509814986,-3.6401193424081395,-3.5980228798258214,0.0,-20.0,-20.0,110.0,-6.917250825782264
365,3.65,-0.6256541460880958,-2.016169739716628,8.466802443872053,5.90611242114772,-3.6391541201551414,-3.6073781083536343,0.0,-20.0,-20.0,110.0,-6.912415166579564
366,3.66,-0.6251471128923217,-2.0227389399619264,8.45986217659524,5.906706174007109,-3.6381888011317964,-3.6167333168322626,0.0,-20.0,-20.0,110.0,-6.90758784877572
367,3.67,-0.6246400796965477,-2.029308140207225,8.452921909318428,5.907299768378108,-3.637223385364021,-3.6260885052650695,0.0,-20.0,-20.0,110.0,-6.902768886771851
368,3.68,-0.6241330465007736,-2.0358773404525228,8.445981642041616,5.907893204245671,-3.636257872877728,-3.63544367365542,0.0,-20.0,-20.0,110.0,-6.897958294974349
369,3.69,-0.6236260133049996,-2.0424465406978207,8.439041374764804,5.908486481594757,-3.635292263698836,-3.6447988220066807,0.0,-20.0,-20.0,110.0,-6.893156087794752
370,3.7,-0.6231189801092255,-2.0490157409431187,8.432101107487991,5.909079600410332,-3.6343265578532673,-3.654153950322221,0.0,-20.0,-20.0,110.0,-6.888362279649574
371,3.71,-0.6226119469134515,-2.055584941188416,8.425160840211179,5.909672560677367,-3.633360755366945,-3.6635090586054133,0.0,-20.0,-20.0,110.0,-6.883576884960148
372,3.72,-0.6221049137176774,-2.0621541414337137,8.418220572934366,5.910265362380834,-3.6323948562657926,-3.67286414685963,0.0,-20.0,-20.0,110.0,-6.878799918152484
373,3.73,-0.6215978805219033,-2.0687233416790107,8.411280305657554,5.910858005505706,-3.631428860575738,-3.682219215088248,0.0,-20.0,-20.0,110.0,-6.874031393657083
374,3.74,-0.6210908473261293,-2.075292541924308,8.404340038380742,5.911450490036969,-3.6304627683227144,-3.6915742632946436,0.0,-20.0,-20.0,110.0,-6.869271325908818
375,3.75,-0.6205838141303552,-2.0818617421696044,8.39739977110393,5.912042815959605,-3.629496579532651,-3.7009292914821987,0.0,-20.0,-20.0,110.0,-6.864519729346727
376,3.7600000000000002,-0.6200767809345812,-2.088430942414901,8.390459503827117,5.9126349832586085,-3.6285302942314837,-3.7102842996542935,0.0,-20.0,-20.0,110.0,-6.859776618413886
377,3.77,-0.6195697477388071,-2.0950001426601976,8.383519236550304,5.913226991918972,-3.627563912445148,-3.7196392878143127,0.0,-20.0,-20.0,110.0,-6.855042007557238
378,3.7800000000000002,-0.6190627145430331,-2.101569342905494,8.376578969273492,5.913818841925693,-3.626597434199587,-3.728994255965642,0.0,-20.0,-20.0,110.0,-6.8503159112274155
379,3.79,-0.618555681347259,-2.10813854315079,8.36963870199668,5.914410533263777,-3.625630859520741,-3.7383492041116715,0.0,-20.0,-20.0,110.0,-6.845598343878604
380,3.8000000000000003,-0.618048648151485,-2.1147077433960857,8.362698434719867,5.915002065918229,-3.6246641884345525,-3.747704132255789,0.0,-20.0,-20.0,110.0,-6.840889319968343
381,3.81,-0.6175416149557109,-2.1212769436413814,8.355758167443055,5.91559343987406,-3.6236974209669706,-3.757059040401388,0.0,-20.0,-20.0,110.0,-6.836188853957385
382,3.8200000000000003,-0.6170345817599369,-2.127846143886677,8.348817900166242,5.916184655116288,-3.6227305571439445,-3.766413928551864,0.0,-20.0,-20.0,110.0,-6.831496960309518
383,3.83,-0.6165275485641628,-2.1344153441319724,8.34187763288943,5.916775711629931,-3.621763596991424,-3.77576879671061,0.0,-20.0,-20.0,110.0,-6.826813653491401
384,3.84,-0.6160205153683888,-2.1409845443772677,8.334937365612618,5.917366609400014,-3.620796540535363,-3.785123644881031,0.0,-20.0,-20.0,110.0,-6.82213894797238
385,3.85,-0.6155134821726147,-2.1475537446225625,8.327997098335805,5.917957348411568,-3.6198293878017194,-3.794478473066523,0.0,-20.0,-20.0,110.0,-6.817472858224349
386,3.86,-0.6150064489768406,-2.1541229448678574,8.321056831058993,5.918547928649623,-3.61886213881645,-3.803833281270492,0.0,-20.0,-20.0,110.0,-6.812815398721538
387,3.87,-0.6144994157810666,-2.1606921451131518,8.31411656378218,5.919138350099217,-3.6178947936055175,-3.8131880694963405,0.0,-20.0,-20.0,110.0,-6.80816658394037
388,3.88,-0.6139923825852925,-2.167261345358446,8.307176296505368,5.919728612745396,-3.6169273521948835,-3.8225428377474784,0.0,-20.0,-20.0,110.0,-6.80352642835928
389,3.89,-0.6134853493895185,-2.1738305456037406,8.300236029228556,5.920318716573196,-3.6159598146105143,-3.8318975860273126,0.0,-20.0,-20.0,110.0,-6.798894946458531
390,3.9,-0.6129783161937444,-2.1803997458490345,8.293295761951743,5.9209086615676885,-3.614992180878386,-3.841252314339264,0.0,-20.0,-20.0,110.0,-6.794272152720046
391,3.91,-0.6124712829979704,-2.1869689460943285,8.28635549467493,5.9214984477138985,-3.614024451024453,-3.850607022686729,0.0,-20.0,-20.0,110.0,-6.789658061627237
392,3.92,-0.6119642498021963,-2.193538146339622,8.279415227398118,5.922088074996898,-3.6130566250746963,-3.859961711073133,0.0,-20.0,-20.0,110.0,-6.785052687664814
393,3.93,-0.6114572166064223,-2.2001073465849155,8.272474960121306,5.92267754340175,-3.612088703055091,-3.8693163795018912,0.0,-20.0,-20.0,110.0,-6.780456045318616
394,3.94,-0.6109501834106482,-2.2066765468302085,8.265534692844493,5.923266852913519,-3.611120684991613,-3.8786710279764236,0.0,-20.0,-20.0,110.0,-6.77586814907542
395,3.95,-0.6104431502148742,-2.2132457470755016,8.258594425567681,5.92385600351728,-3.6101525709102438,-3.8880256565001527,0.0,-20.0,-20.0,110.0,-6.771289013422775
396,3.96,-0.6099361170191001,-2.2198149473207947,8.251654158290869,5.92444499519811,-3.609184360836965,-3.897380265076504,0.0,-20.0,-20.0,110.0,-6.766718652848809
397,3.97,-0.6094290838233261,-2.2263841475660873,8.244713891014056,5.925033827941088,-3.608216054797761,-3.9067348537089015,0.0,-20.0,-20.0,110.0,-6.762157081842042
398,3.98,-0.608922050627552,-2.23295334781138,8.237773623737244,5.925622501731297,-3.6072476528186206,-3.9160894224007734,0.0,-20.0,-20.0,110.0,-6.757604314891225
399,3.99,-0.608415017431778,-2.239522548056672,8.230833356460431,5.926211016553823,-3.6062791549255295,-3.925443971155551,0.0,-20.0,-20.0,110.0,-6.7530603664851245
400,4.0,-0.6079079842360039,-2.2460917483019642,8.223893089183619,5.926799372393765,-3.6053105611444827,-3.934798499976667,0.0,-20.0,-20.0,110.0,-6.748525251112355
401,4.01,-0.6074009510402298,-2.252660948547256,8.216952821906807,5.927387569236215,-3.604341871501472,-3.9441530088675547,0.0,-20.0,-20.0,110.0,-6.743998983261184
402,4.0200000000000005,-0.6068939178444558,-2.2592301487925477,8.210012554629994,5.927975607066275,-3.603373086022495,-3.953507497831651,0.0,-20.0,-20.0,110.0,-6.739481577419349
403,4.03,-0.6063868846486817,-2.2657993490378394,8.203072287353182,5.928563485869055,-3.602404204733549,-3.962861966872397,0.0,-20.0,-20.0,110.0,-6.7349730480738685
404,4.04,-0.6058798514529077,-2.2723685492831307,8.19613202007637,5.929151205629662,-3.601435227660636,-3.972216415993229,0.0,-20.0,-20.0,110.0,-6.73047340971084
405,4.05,-0.6053728182571336,-2.278937749528422,8.189191752799557,5.9297387663332115,-3.6004661548297587,-3.981570845197593,0.0,-20.0,-20.0,110.0,-6.725982676815267
406,4.0600000000000005,-0.6048657850613596,-2.285506949773713,8.182251485522745,5.930326167964821,-3.599496986266924,-3.9909252544889324,0.0,-20.0,-20.0,110.0,-6.721500863870849
407,4.07,-0.6043587518655855,-2.2920761500190037,8.175311218245932,5.930913410509613,-3.5985277219981384,-4.000279643870695,0.0,-20.0,-20.0,110.0,-6.717027985359795
408,4.08,-0.6038517186698115,-2.298645350264294,8.16837095096912,5.931500493952718,-3.5975583620494143,-4.00963401334633,0.0,-20.0,-20.0,110.0,-6.712564055762638
409,4.09,-0.6033446854740374,-2.3052145505095845,8.161430683692307,5.932087418279263,-3.5965889064467635,-4.018988362919287,0.0,-20.0,-20.0,110.0,-6.708109089558016
410,4.1,-0.6028376522782634,-2.311783750754875,8.154490416415495,5.932674183474387,-3.5956193552162015,-4.0283426925930215,0.0,-20.0,-20.0,110.0,-6.703663101222506
411,4.11,-0.6023306190824893,-2.318352951000165,8.147550149138683,5.93326078952323,-3.5946497083837454,-4.0376970023709875,0.0,-20.0,-20.0,110.0,-6.699226105230396
412,4.12,-0.6018235858867153,-2.3249221512454548,8.14060988186187,5.933847236410935,-3.593679965975415,-4.047051292256643,0.0,-20.0,-20.0,110.0,-6.694798116053509
413,4.13,-0.6013165526909412,-2.3314913514907443,8.133669614585058,5.934433524122653,-3.592710128017232,-4.056405562253447,0.0,-20.0,-20.0,110.0,-6.6903791481609876
414,4.14,-0.6008095194951671,-2.3380605517360338,8.126729347308245,5.935019652643531,-3.591740194535222,-4.065759812364862,0.0,-20.0,-20.0,110.0,-6.685969216019106
415,4.15,-0.6003024862993931,-2.3446297519813233,8.119789080031433,5.935605621958732,-3.5907701655554116,-4.075114042594352,0.0,-20.0,-20.0,110.0,-6.6815683340910565
416,4.16,-0.599795453103619,-2.3511989522266123,8.11284881275462,5.936191432053418,-3.589800041103829,-4.084468252945382,0.0,-20.0,-20.0,110.0,-6.677176516836755
417,4.17,-0.599288419907845,-2.3577681524719014,8.105908545477808,5.9367770829127515,-3.5888298212065077,-4.093822443421421,0.0,-20.0,-20.0,110.0,-6.672793778712626
418,4.18,-0.5987813867120709,-2.36433735271719,8.098968278200996,5.937362574521905,-3.587859505889479,-4.103176614025937,0.0,-20.0,-20.0,110.0,-6.668420134171417
419,4.19,-0.5982743535162969,-2.3709065529624787,8.092028010924183,5.93794790686605,-3.586889095178782,-4.112530764762404,0.0,-20.0,-20.0,110.0,-6.664055597661969
420,4.2,-0.5977673203205228,-2.377475753207767,8.085087743647371,5.938533079930368,-3.585918589100454,-4.121884895634295,0.0,-20.0,-20.0,110.0,-6.6597001836290275
421,4.21,-0.5972602871247488,-2.384044953453055,8.078147476370559,5.939118093700043,-3.584947987680534,-4.131239006645089,0.0,-20.0,-20.0,110.0,-6.655353906513023
422,4.22,-0.5967532539289747,-2.390614153698343,8.071207209093746,5.939702948160257,-3.5839772909450693,-4.140593097798259,0.0,-20.0,-20.0,110.0,-6.6510167807498695
423,4.23,-0.5962462207332007,-2.397183353943631,8.064266941816934,5.940287643296207,-3.5830064989201027,-4.149947169097291,0.0,-20.0,-20.0,110.0,-6.6466888207707475
424,4.24,-0.5957391875374266,-2.4037525541889186,8.057326674540121,5.940872179093088,-3.582035611631683,-4.159301220545662,0.0,-20.0,-20.0,110.0,-6.642370041001894
425,4.25,-0.5952321543416526,-2.410321754434206,8.050386407263309,5.941456555536096,-3.5810646291058608,-4.168655252146863,0.0,-20.0,-20.0,110.0,-6.638060455864397
426,4.26,-0.5947251211458785,-2.416890954679493,8.043446139986496,5.942040772610438,-3.580093551368687,-4.178009263904376,0.0,-20.0,-20.0,110.0,-6.633760079773972
427,4.2700000000000005,-0.5942180879501044,-2.42346015492478,8.036505872709684,5.942624830301326,-3.5791223784462187,-4.187363255821692,0.0,-20.0,-20.0,110.0,-6.629468927140757
428,4.28,-0.5937110547543304,-2.430029355170067,8.029565605432872,5.9432087285939685,-3.5781511103645127,-4.196717227902301,0.0,-20.0,-20.0,110.0,-6.625187012369086
429,4.29,-0.5932040215585563,-2.4365985554153538,8.02262533815606,5.943792467473586,-3.5771797471496285,-4.206071180149697,0.0,-20.0,-20.0,110.0,-6.620914349857284
430,4.3,-0.5926969883627823,-2.44316775566064,8.015685070879247,5.944376046925396,-3.5762082888276274,-4.215425112567374,0.0,-20.0,-20.0,110.0,-6.61665095399744
431,4.3100000000000005,-0.5921899551670082,-2.4497369559059265,8.008744803602434,5.9449594669346295,-3.5752367354245753,-4.22477902515883,0.0,-20.0,-20.0,110.0,-6.612396839175192
432,4.32,-0.5916829219712342,-2.4563061561512125,8.001804536325622,5.945542727486512,-3.574265086966538,-4.234132917927563,0.0,-20.0,-20.0,110.0,-6.608152019769513
433,4.33,-0.5911758887754601,-2.4628753563964985,7.9948642690488105,5.946125828566283,-3.5732933434795835,-4.243486790877076,0.0,-20.0,-20.0,110.0,-6.603916510152478
434,4.34,-0.5906688555796861,-2.469444556641784,7.987924001771999,5.946708770159177,-3.572321504989784,-4.25284064401087,0.0,-20.0,-20.0,110.0,-6.599690324689055
435,4.3500000000000005,-0.590161822383912,-2.4760137568870695,7.9809837344951875,5.947291552250438,-3.5713495715232133,-4.2621944773324545,0.0,-20.0,-20.0,110.0,-6.59547347773687
436,4.36,-0.589654789188138,-2.482582957132355,7.974043467218376,5.947874174825316,-3.570377543105948,-4.271548290845332,0.0,-20.0,-20.0,110.0,-6.591265983645994
437,4.37,-0.5891477559923639,-2.48915215737764,7.9671031999415645,5.948456637869058,-3.5694054197640646,-4.2809020845530155,0.0,-20.0,-20.0,110.0,-6.587067856758714
438,4.38,-0.5886407227965899,-2.495721357622925,7.960162932664753,5.949038941366925,-3.568433201523644,-4.290255858459017,0.0,-20.0,-20.0,110.0,-6.582879111409305
439,4.39,-0.5881336896008158,-2.5022905578682098,7.953222665387941,5.949621085304174,-3.5674608884107712,-4.299609612566849,0.0,-20.0,-20.0,110.0,-6.578699761923802
440,4.4,-0.5876266564050417,-2.5088597581134944,7.94628239811113,5.95020306966607,-3.566488480451531,-4.30896334688003,0.0,-20.0,-20.0,110.0,-6.57452982261978
441,4.41,-0.5871196232092677,-2.5154289583587786,7.939342130834318,5.950784894437885,-3.5655159776720105,-4.318317061402073,0.0,-20.0,-20.0,110.0,-6.570369307806118
442,4.42,-0.5866125900134936,-2.5219981586040627,7.932401863557507,5.951366559604889,-3.564543380098298,-4.3276707561365,0.0,-20.0,-20.0,110.0,-6.566218231782771
443,4.43,-0.5861055568177196,-2.528567358849347,7.925461596280695,5.951948065152359,-3.563570687756488,-4.337024431086836,0.0,-20.0,-20.0,110.0,-6.562076608840542
444,4.44,-0.5855985236219455,-2.5351365590946306,7.918521329003884,5.9525294110655755,-3.562597900672675,-4.3463780862566015,0.0,-20.0,-20.0,110.0,-6.557944453260842
445,4.45,-0.5850914904261715,-2.5417057593399144,7.911581061727072,5.95311059732983,-3.5616250188729546,-4.355731721649325,0.0,-20.0,-20.0,110.0,-6.5538217793154665
446,4.46,-0.5845844572303974,-2.5482749595851977,7.904640794450261,5.95369162393041,-3.560652042383427,-4.365085337268533,0.0,-20.0,-20.0,110.0,-6.549708601266356
447,4.47,-0.5840774240346234,-2.554844159830481,7.897700527173449,5.954272490852605,-3.5596789712301935,-4.374438933117758,0.0,-20.0,-20.0,110.0,-6.545604933365363
448,4.48,-0.5835703908388493,-2.561413360075764,7.890760259896638,5.954853198081722,-3.5587058054393594,-4.38379250920053,0.0,-20.0,-20.0,110.0,-6.541510789854011
449,4.49,-0.5830633576430753,-2.5679825603210467,7.883819992619826,5.955433745603059,-3.557732545037028,-4.393146065520385,0.0,-20.0,-20.0,110.0,-6.53742618496327
450,4.5,-0.5825563244473012,-2.5745517605663295,7.876879725343015,5.9560141334019265,-3.55675919004931,-4.4024996020808596,0.0,-20.0,-20.0,110.0,-6.533351132913306
451,4.51,-0.5820492912515272,-2.581120960811612,7.869939458066203,5.956594361463635,-3.5557857405023174,-4.411853118885493,0.0,-20.0,-20.0,110.0,-6.529285647913245
452,4.5200000000000005,-0.5815422580557531,-2.5876901610568943,7.862999190789392,5.957174429773501,-3.554812196422161,-4.421206615937827,0.0,-20.0,-20.0,110.0,-6.525229744160936
453,4.53,-0.581035224859979,-2.5942593613021763,7.85605892351258,5.957754338316844,-3.5538385578349567,-4.4305600932414,0.0,-20.0,-20.0,110.0,-6.521183435842709
454,4.54,-0.580528191664205,-2.6008285615474582,7.849118656235769,5.958334087078991,-3.5528648247668233,-4.439913550799761,0.0,-20.0,-20.0,110.0,-6.5171467371331335
455,4.55,-0.5800211584684309,-2.60739776179274,7.842178388958957,5.958913676045269,-3.5518909972438806,-4.449266988616456,0.0,-20.0,-20.0,110.0,-6.513119662194772
456,4.5600000000000005,-0.5795141252726569,-2.6139669620380217,7.835238121682146,5.95949310520101,-3.5509170752922508,-4.458620406695033,0.0,-20.0,-20.0,110.0,-6.509102225177943
457,4.57,-0.5790070920768828,-2.620536162283303,7.828297854405334,5.960072374531554,-3.549943058938058,-4.467973805039045,0.0,-20.0,-20.0,110.0,-6.505094440220467
458,4.58,-0.5785000588811088,-2.6271053625285843,7.821357587128523,5.960651484022242,-3.5489689482074303,-4.4773271836520445,0.0,-20.0,-20.0,110.0,-6.501096321447428
459,4.59,-0.5779930256853347,-2.6336745627738654,7.814417319851711,5.961230433658421,-3.5479947431264973,-4.486680542537585,0.0,-20.0,-20.0,110.0,-6.497107882970928
460,4.6000000000000005,-0.5774859924895607,-2.640243763019146,7.8074770525748995,5.961809223425456,-3.5470204437214004,-4.496033881699238,0.0,-20.0,-20.0,110.0,-6.493129138889826
461,4.61,-0.5769789592937866,-2.6468129632644266,7.800536785298088,5.962387853308671,-3.546046050018254,-4.50538720114054,0.0,-20.0,-20.0,110.0,-6.48916010328951
462,4.62,-0.5764719260980126,-2.6533821635097072,7.7935965180212765,5.96296632329344,-3.545071562043204,-4.514740500865062,0.0,-20.0,-20.0,110.0,-6.48520079024163
463,4.63,-0.5759648929022385,-2.6599513637549874,7.786656250744465,5.963544633365126,-3.54409697982239,-4.524093780876369,0.0,-20.0,-20.0,110.0,-6.481251213803853
464,4.64,-0.5754578597064645,-2.6665205640002676,7.7797159834676535,5.964122783509097,-3.5431223033819514,-4.533447041178028,0.0,-20.0,-20.0,110.0,-6.477311388019615
465,4.65,-0.5749508265106904,-2.6730897642455473,7.772775716190842,5.964700773710728,-3.542147532748033,-4.542800281773604,0.0,-20.0,-20.0,110.0,-6.4733813269178615
466,4.66,-0.5744437933149164,-2.679658964490827,7.76583544891403,5.965278603955391,-3.541172667946779,-4.552153502666669,0.0,-20.0,-20.0,110.0,-6.4694610445128
467,4.67,-0.5739367601191423,-2.6862281647361064,7.758895181637219,5.965856274228469,-3.540197709004339,-4.561506703860792,0.0,-20.0,-20.0,110.0,-6.4655505548036425
468,4.68,-0.5734297269233682,-2.6927973649813857,7.751954914360407,5.966433784515346,-3.5392226559468627,-4.5708598853595515,0.0,-20.0,-20.0,110.0,-6.461649871774353
469,4.69,-0.5729226937275942,-2.699366565226665,7.745014647083596,5.967011134801413,-3.5382475088005014,-4.580213047166519,0.0,-20.0,-20.0,110.0,-6.457759009393385
470,4.7,-0.5724156605318201,-2.705935765471944,7.738074379806784,5.967588325072063,-3.5372722675914123,-4.589566189285274,0.0,-20.0,-20.0,110.0,-6.453877981613433
471,4.71,-0.5719086273360461,-2.7125049657172227,7.731134112529973,5.968165355312692,-3.5362969323457487,-4.598919311719399,0.0,-20.0,-20.0,110.0,-6.450006802371163
472,4.72,-0.571401594140272,-2.719074165962501,7.724193845253161,5.968742225508704,-3.535321503089675,-4.608272414472474,0.0,-20.0,-20.0,110.0,-6.446145485586969
473,4.73,-0.570894560944498,-2.7256433662077795,7.71725357797635,5.969318935645504,-3.5343459798493497,-4.617625497548083,0.0,-20.0,-20.0,110.0,-6.442294045164698
474,4.74,-0.5703875277487239,-2.7322125664530574,7.710313310699538,5.969895485708501,-3.533370362650938,-4.626978560949812,0.0,-20.0,-20.0,110.0,-6.438452494991398
475,4.75,-0.5698804945529499,-2.7387817666983354,7.703373043422727,5.970471875683114,-3.5323946515206033,-4.636331604681252,0.0,-20.0,-20.0,110.0,-6.434620848937047
476,4.76,-0.5693734613571758,-2.7453509669436134,7.696432776145915,5.971048105554759,-3.5314188464845193,-4.645684628745991,0.0,-20.0,-20.0,110.0,-6.430799120854303
477,4.7700000000000005,-0.5688664281614018,-2.751920167188891,7.689492508869104,5.971624175308859,-3.5304429475688535,-4.655037633147624,0.0,-20.0,-20.0,110.0,-6.426987324578233
478,4.78,-0.5683593949656277,-2.7584893674341684,7.682552241592292,5.972200084930846,-3.529466954799781,-4.664390617889744,0.0,-20.0,-20.0,110.0,-6.42318547392605
479,4.79,-0.5678523617698537,-2.7650585676794455,7.675611974315481,5.972775834406149,-3.528490868203475,-4.673743582975947,0.0,-20.0,-20.0,110.0,-6.419393582696839
480,4.8,-0.5673453285740796,-2.7716277679247225,7.668671707038669,5.973351423720206,-3.5275146878061157,-4.683096528409832,0.0,-20.0,-20.0,110.0,-6.415611664671309
481,4.8100000000000005,-0.5668382953783055,-2.778196968169999,7.661731439761858,5.973926852858455,-3.5265384136338827,-4.6924494541950015,0.0,-20.0,-20.0,110.0,-6.411839733611512
482,4.82,-0.5663312621825315,-2.784766168415276,7.654791172485046,5.974502121806345,-3.525562045712959,-4.701802360335056,0.0,-20.0,-20.0,110.0,-6.408077803260575
483,4.83,-0.5658242289867574,-2.7913353686605524,7.647850905208235,5.975077230549321,-3.5245855840695284,-4.711155246833601,0.0,-20.0,-20.0,110.0,-6.404325887342436
484,4.84,-0.5653171957909834,-2.7979045689058286,7.640910637931423,5.97565217907284,-3.5236090287297768,-4.720508113694247,0.0,-20.0,-20.0,110.0,-6.400583999561572
485,4.8500000000000005,-0.5648101625952093,-2.804473769151105,7.633970370654612,5.9762269673623605,-3.522632379719896,-4.729860960920599,0.0,-20.0,-20.0,110.0,-6.396852153602734
486,4.86,-0.5643031293994353,-2.8110429693963805,7.6270301033778,5.9768015954033435,-3.521655637066078,-4.7392137885162695,0.0,-20.0,-20.0,110.0,-6.3931303631306635
487,4.87,-0.5637960962036612,-2.8176121696416563,7.620089836100989,5.9773760631812545,-3.5206788007945145,-4.748566596484871,0.0,-20.0,-20.0,110.0,-6.389418641789828
488,4.88,-0.5632890630078872,-2.824181369886932,7.613149568824177,5.977950370681565,-3.519701870931403,-4.757919384830018,0.0,-20.0,-20.0,110.0,-6.385717003204153
489,4.89,-0.5627820298121131,-2.8307505701322073,7.6062093015473655,5.978524517889752,-3.5187248475029422,-4.76727215355533,0.0,-20.0,-20.0,110.0,-6.382025460976733
490,4.9,-0.5622749966163391,-2.8373197703774826,7.599269034270554,5.979098504791293,-3.5177477305353313,-4.776624902664426,0.0,-20.0,-20.0,110.0,-6.378344028689571
491,4.91,-0.561767963420565,-2.8438889706227575,7.5923287669937425,5.979672331371672,-3.5167705200547763,-4.785977632160927,0.0,-20.0,-20.0,110.0,-6.3746727199032955
492,4.92,-0.561260930224791,-2.8504581708680323,7.585388499716931,5.980245997616378,-3.51579321608748,-4.795330342048456,0.0,-20.0,-20.0,110.0,-6.371011548156885
493,4.93,-0.5607538970290169,-2.8570273711133067,7.5784482324401194,5.980819503510903,-3.5148158186596516,-4.804683032330638,0.0,-20.0,-20.0,110.0,-6.36736052696739
494,4.94,-0.5602468638332428,-2.863596571358581,7.571507965163308,5.981392849040743,-3.513838327797501,-4.814035703011102,0.0,-20.0,-20.0,110.0,-6.363719669829661
495,4.95,-0.5597398306374688,-2.8701657716038556,7.564567697886496,5.9819660341914,-3.51286074352724,-4.823388354093479,0.0,-20.0,-20.0,110.0,-6.360088990216062
496,4.96,-0.5592327974416947,-2.8767349718491295,7.557627430609685,5.9825390589483805,-3.511883065875085,-4.832740985581399,0.0,-20.0,-20.0,110.0,-6.35646850157619
497,4.97,-0.5587257642459207,-2.8833041720944035,7.550687163332873,5.983111923297191,-3.51090529486725,-4.842093597478493,0.0,-20.0,-20.0,110.0,-6.3528582173366015
498,4.98,-0.5582187310501466,-2.889873372339677,7.543746896056062,5.983684627223348,-3.509927430529955,-4.851446189788401,0.0,-20.0,-20.0,110.0,-6.349258150900526
499,4.99,-0.5577116978543726,-2.8964425725849505,7.53680662877925,5.984257170712369,-3.5089494728894235,-4.860798762514759,0.0,-20.0,-20.0,110.0,-6.345668315647585
500,5.0,-0.5572046646585985,-2.9030117728302236,7.529866361502439,5.984829553749776,-3.507971421971877,-4.870151315661208,0.0,-20.0,-20.0,110.0,-6.342088724933513
501,5.01,-0.5566976314628245,-2.9095809730754967,7.522926094225628,5.985401776321098,-3.5069932778035415,-4.879503849231389,0.0,-20.0,-20.0,110.0,-6.338519392089866
502,5.0200000000000005,-0.5561905982670504,-2.9161501733207698,7.515985826948818,5.985973838411862,-3.506015040410647,-4.888856363228947,0.0,-20.0,-20.0,110.0,-6.334960330423745
503,5.03,-0.5556835650712764,-2.9227193735660424,7.509045559672007,5.986545740007607,-3.5050367098194233,-4.898208857657527,0.0,-20.0,-20.0,110.0,-6.331411553217503
504,5.04,-0.5551765318755023,-2.929288573811315,7.502105292395196,5.987117481093871,-3.504058286056103,-4.907561332520779,0.0,-20.0,-20.0,110.0,-6.327873073728465
505,5.05,-0.5546694986797283,-2.935857774056587,7.495165025118386,5.9876890616562,-3.5030797691469204,-4.9169137878223514,0.0,-20.0,-20.0,110.0,-6.324344905188645
506,5.0600000000000005,-0.5541624654839542,-2.9424269743018594,7.488224757841575,5.98826048168014,-3.502101159118114,-4.926266223565898,0.0,-20.0,-20.0,110.0,-6.320827060804443
507,5.07,-0.5536554322881801,-2.948996174547131,7.481284490564764,5.988831741151244,-3.501122455995924,-4.935618639755073,0.0,-20.0,-20.0,110.0,-6.317319553756377
508,5.08,-0.5531483990924061,-2.955565374792403,7.474344223287954,5.989402840055071,-3.5001436598065925,-4.9449710363935315,0.0,-20.0,-20.0,110.0,-6.31382239719878
509,5.09,-0.552641365896632,-2.9621345750376746,7.467403956011143,5.98997377837718,-3.4991647705763644,-4.954323413484932,0.0,-20.0,-20.0,110.0,-6.3103356042595165
510,5.1000000000000005,-0.552134332700858,-2.968703775282946,7.4604636887343325,5.99054455610314,-3.498185788331485,-4.9636757710329364,0.0,-20.0,-20.0,110.0,-6.306859188039685
511,5.11,-0.5516272995050839,-2.9752729755282172,7.453523421457522,5.9911151732185175,-3.4972067130982016,-4.973028109041204,0.0,-20.0,-20.0,110.0,-6.303393161613346
512,5.12,-0.5511202663093099,-2.981842175773488,7.446583154180711,5.991685629708888,-3.4962275449027684,-4.982380427513403,0.0,-20.0,-20.0,110.0,-6.2999375380272
513,5.13,-0.5506132331135358,-2.988411376018759,7.439642886903901,5.992255925559829,-3.4952482837714367,-4.991732726453198,0.0,-20.0,-20.0,110.0,-6.29649233030033
514,5.14,-0.5501061999177618,-2.9949805762640294,7.43270261962709,5.992826060756925,-3.494268929730464,-5.001085005864259,0.0,-20.0,-20.0,110.0,-6.2930575514238765
515,5.15,-0.5495991667219877,-3.0015497765092998,7.425762352350279,5.993396035285761,-3.493289482806106,-5.010437265750256,0.0,-20.0,-20.0,110.0,-6.289633214360766
516,5.16,-0.5490921335262137,-3.00811897675457,7.418822085073469,5.99396584913193,-3.492309943024625,-5.0197895061148605,0.0,-20.0,-20.0,110.0,-6.286219332045408
517,5.17,-0.5485851003304396,-3.01468817699984,7.411881817796658,5.994535502281029,-3.491330310412282,-5.02914172696175,0.0,-20.0,-20.0,110.0,-6.2828159173834
518,5.18,-0.5480780671346656,-3.02125737724511,7.4049415505198475,5.995104994718655,-3.4903505849953422,-5.038493928294599,0.0,-20.0,-20.0,110.0,-6.279422983251237
519,5.19,-0.5475710339388915,-3.0278265774903796,7.398001283243037,5.995674326430416,-3.489370766800075,-5.0478461101170895,0.0,-20.0,-20.0,110.0,-6.2760405424960055
520,5.2,-0.5470640007431175,-3.034395777735649,7.391061015966226,5.996243497401919,-3.4883908558527454,-5.057198272432899,0.0,-20.0,-20.0,110.0,-6.272668607935095
521,5.21,-0.5465569675473434,-3.0409649779809187,7.384120748689416,5.996812507618776,-3.487410852179629,-5.066550415245711,0.0,-20.0,-20.0,110.0,-6.2693071923559005
522,5.22,-0.5460499343515693,-3.0475341782261878,7.377180481412605,5.997381357066605,-3.486430755806998,-5.0759025385592125,0.0,-20.0,-20.0,110.0,-6.265956308515523
523,5.23,-0.5455429011557953,-3.054103378471457,7.370240214135794,5.997950045731026,-3.4854505667611275,-5.085254642377089,0.0,-20.0,-20.0,110.0,-6.2626159691404615
524,5.24,-0.5450358679600212,-3.0606725787167255,7.363299946858984,5.998518573597667,-3.4844702850682965,-5.094606726703032,0.0,-20.0,-20.0,110.0,-6.259286186926334
525,5.25,-0.5445288347642472,-3.067241778961994,7.356359679582173,5.999086940652157,-3.483489910754787,-5.103958791540731,0.0,-20.0,-20.0,110.0,-6.25596697453756
526,5.26,-0.5440218015684731,-3.0738109792072623,7.349419412305362,5.999655146880135,-3.4825094438468818,-5.113310836893879,0.0,-20.0,-20.0,110.0,-6.252658344607062
527,5.2700000000000005,-0.5435147683726991,-3.0803801794525305,7.342479145028552,6.000223192267233,-3.481528884370864,-5.122662862766171,0.0,-20.0,-20.0,110.0,-6.24936030973598
528,5.28,-0.543007735176925,-3.0869493796977987,7.335538877751741,6.000791076799097,-3.4805482323530246,-5.132014869161306,0.0,-20.0,-20.0,110.0,-6.2460728824933485
529,5.29,-0.542500701981151,-3.0935185799430664,7.3285986104749306,6.001358800461378,-3.47956748781965,-5.141366856082982,0.0,-20.0,-20.0,110.0,-6.242796075415811
530,5.3,-0.5419936687853769,-3.100087780188334,7.32165834319812,6.001926363239722,-3.478586650797033,-5.150718823534901,0.0,-20.0,-20.0,110.0,-6.2395299010073035
531,5.3100000000000005,-0.5414866355896029,-3.1066569804336015,7.314718075921309,6.002493765119789,-3.4776057213114693,-5.160070771520766,0.0,-20.0,-20.0,110.0,-6.236274371738772
532,5.32,-0.5409796023938288,-3.113226180678869,7.307777808644499,6.003061006087236,-3.476624699389254,-5.169422700044284,0.0,-20.0,-20.0,110.0,-6.23302950004784
533,5.33,-0.5404725691980548,-3.1197953809241357,7.300837541367688,6.003628086127733,-3.475643585056687,-5.178774609109158,0.0,-20.0,-20.0,110.0,-6.229795298338533
534,5.34,-0.5399655360022807,-3.1263645811694025,7.293897274090877,6.0041950052269435,-3.4746623783400685,-5.188126498719106,0.0,-20.0,-20.0,110.0,-6.226571778980955
535,5.3500000000000005,-0.5394585028065066,-3.1329337814146694,7.286957006814067,6.004761763370543,-3.4736810792657007,-5.197478368877831,0.0,-20.0,-20.0,110.0,-6.223358954310992
536,5.36,-0.5389514696107326,-3.139502981659936,7.280016739537256,6.005328360544208,-3.4726996878598926,-5.206830219589052,0.0,-20.0,-20.0,110.0,-6.220156836629999
537,5.37,-0.5384444364149585,-3.146072181905202,7.2730764722604455,6.0058947967336245,-3.4717182041489485,-5.216182050856483,0.0,-20.0,-20.0,110.0,-6.216965438204505
538,5.38,-0.5379374032191845,-3.152641382150468,7.266136204983635,6.006461071924474,-3.4707366281591816,-5.225533862683843,0.0,-20.0,-20.0,110.0,-6.213784771265896
539,5.39,-0.5374303700234104,-3.159210582395734,7.259195937706824,6.007027186102451,-3.4697549599169024,-5.23488565507485,0.0,-20.0,-20.0,110.0,-6.210614848010115
540,5.4,-0.5369233368276364,-3.1657797826409997,7.252255670430014,6.007593139253248,-3.468773199448426,-5.244237428033227,0.0,-20.0,-20.0,110.0,-6.207455680597353
541,5.41,-0.5364163036318623,-3.172348982886265,7.245315403153203,6.008158931362565,-3.4677913467800687,-5.253589181562698,0.0,-20.0,-20.0,110.0,-6.204307281151732
542,5.42,-0.5359092704360883,-3.1789181831315307,7.238375135876392,6.008724562416105,-3.466809401938151,-5.262940915666988,0.0,-20.0,-20.0,110.0,-6.201169661761012
543,5.43,-0.5354022372403142,-3.185487383376796,7.231434868599582,6.009290032399575,-3.465827364948993,-5.272292630349825,0.0,-20.0,-20.0,110.0,-6.198042834476274
544,5.44,-0.5348952040445402,-3.192056583622061,7.224494601322771,6.009855341298686,-3.464845235838919,-5.28164432561494,0.0,-20.0,-20.0,110.0,-6.194926811311609
545,5.45,-0.5343881708487661,-3.1986257838673255,7.2175543340459605,6.010420489099159,-3.4638630146342546,-5.290996001466065,0.0,-20.0,-20.0,110.0,-6.191821604243812
546,5.46,-0.533881137652992,-3.20519498411259,7.21061406676915,6.010985475786713,-3.4628807013613288,-5.300347657906933,0.0,-20.0,-20.0,110.0,-6.188727225212073
547,5.47,-0.533374104457218,-3.2117641843578544,7.203673799492339,6.0115503013470715,-3.46189829604647,-5.309699294941281,0.0,-20.0,-20.0,110.0,-6.185643686117664
548,5.48,-0.532867071261444,-3.2183333846031186,7.196733532215529,6.012114965765966,-3.460915798716014,-5.319050912572847,0.0,-20.0,-20.0,110.0,-6.182570998823628
549,5.49,-0.5323600380656699,-3.2249025848483828,7.189793264938718,6.012679469029129,-3.459933209396294,-5.328402510805372,0.0,-20.0,-20.0,110.0,-6.1795091751544735
550,5.5,-0.5318530048698958,-3.2314717850936465,7.182852997661907,6.0132438111222974,-3.4589505281136463,-5.337754089642597,0.0,-20.0,-20.0,110.0,-6.176458226895857
551,5.51,-0.5313459716741218,-3.2380409853389103,7.175912730385097,6.013807992031217,-3.457967754894412,-5.347105649088267,0.0,-20.0,-20.0,110.0,-6.173418165794268
552,5.5200000000000005,-0.5308389384783477,-3.2446101855841736,7.168972463108286,6.014372011741631,-3.4569848897649313,-5.356457189146127,0.0,-20.0,-20.0,110.0,-6.170389003556731
553,5.53,-0.5303319052825737,-3.251179385829437,7.162032195831475,6.01493587023929,-3.456001932751549,-5.365808709819926,0.0,-20.0,-20.0,110.0,-6.167370751850481
554,5.54,-0.5298248720867996,-3.2577485860747,7.155091928554665,6.015499567509949,-3.4550188838806104,-5.375160211113412,0.0,-20.0,-20.0,110.0,-6.164363422302653
555,5.55,-0.5293178388910256,-3.264317786319963,7.148151661277854,6.016063103539372,-3.4540357431784656,-5.384511693030341,0.0,-20.0,-20.0,110.0,-6.161367026499973
556,5.5600000000000005,-0.5288108056952515,-3.270886986565226,7.1412113940010435,6.016626478313321,-3.4530525106714625,-5.393863155574468,0.0,-20.0,-20.0,110.0,-6.158381575988445
557,5.57,-0.5283037724994775,-3.2774561868104883,7.134271126724233,6.017189691817562,-3.452069186385958,-5.403214598749546,0.0,-20.0,-20.0,110.0,-6.155407082273026
558,5.58,-0.5277967393037034,-3.2840253870557508,7.127330859447422,6.01775274403787,-3.451085770348305,-5.412566022559337,0.0,-20.0,-20.0,110.0,-6.1524435568173335
559,5.59,-0.5272897061079294,-3.2905945873010127,7.120390592170612,6.018315634960022,-3.4501022625848607,-5.421917427007599,0.0,-20.0,-20.0,110.0,-6.1494910110433105
560,5.6000000000000005,-0.5267826729121553,-3.2971637875462747,7.113450324893801,6.018878364569796,-3.4491186631219835,-5.4312688120980965,0.0,-20.0,-20.0,110.0,-6.146549456330925
561,5.61,-0.5262756397163812,-3.3037329877915367,7.10651005761699,6.01944093285298,-3.4481349719860384,-5.44062017783459,0.0,-20.0,-20.0,110.0,-6.14361890401785
562,5.62,-0.5257686065206072,-3.310302188036798,7.09956979034018,6.020003339795364,-3.4471511892033884,-5.449971524220851,0.0,-20.0,-20.0,110.0,-6.140699365399151
563,5.63,-0.5252615733248331,-3.3168713882820597,7.092629523063369,6.020565585382741,-3.446167314800398,-5.459322851260644,0.0,-20.0,-20.0,110.0,-6.137790851726966
564,5.64,-0.5247545401290591,-3.323440588527321,7.0856892557865585,6.02112766960091,-3.445183348803438,-5.468674158957746,0.0,-20.0,-20.0,110.0,-6.1348933742102
565,5.65,-0.524247506933285,-3.330009788772582,7.078748988509748,6.021689592435676,-3.4441992912388786,-5.478025447315921,0.0,-20.0,-20.0,110.0,-6.132006944014203
566,5.66,-0.523740473737511,-3.3365789890178426,7.071808721232937,6.022251353872841,-3.4432151421330937,-5.487376716338949,0.0,-20.0,-20.0,110.0,-6.129131572260457
567,5.67,-0.5232334405417369,-3.343148189263103,7.064868453956127,6.02281295389822,-3.442230901512458,-5.496727966030608,0.0,-20.0,-20.0,110.0,-6.126267270026259
568,5.68,-0.5227264073459629,-3.349717389508364,7.057928186679316,6.023374392497629,-3.441246569403348,-5.506079196394673,0.0,-20.0,-20.0,110.0,-6.123414048344404
569,5.69,-0.5222193741501888,-3.356286589753624,7.050987919402505,6.0239356696568835,-3.4402621458321443,-5.515430407434928,0.0,-20.0,-20.0,110.0,-6.120571918202878
570,5.7,-0.5217123409544148,-3.3628557899988842,7.044047652125695,6.024496785361813,-3.439277630825229,-5.524781599155152,0.0,-20.0,-20.0,110.0,-6.11774089054453
571,5.71,-0.5212053077586407,-3.369424990244144,7.037107384848884,6.025057739598244,-3.4382930244089875,-5.534132771559135,0.0,-20.0,-20.0,110.0,-6.114920976266768
572,5.72,-0.5206982745628667,-3.3759941904894037,7.0301671175720735,6.025618532352012,-3.437308326609806,-5.543483924650662,0.0,-20.0,-20.0,110.0,-6.112112186221227
573,5.73,-0.5201912413670926,-3.382563390734663,7.023226850295263,6.026179163608952,-3.436323537454072,-5.55283505843352,0.0,-20.0,-20.0,110.0,-6.109314531213474
574,5.74,-0.5196842081713186,-3.3891325909799224,7.016286583018452,6.026739633354905,-3.4353386569681774,-5.562186172911501,0.0,-20.0,-20.0,110.0,-6.106528022002676
575,5.75,-0.5191771749755445,-3.3957017912251817,7.009346315741642,6.027299941575717,-3.434353685178515,-5.571537268088397,0.0,-20.0,-20.0,110.0,-6.103752669301287
576,5.76,-0.5186701417797704,-3.4022709914704405,7.002406048464831,6.027860088257238,-3.4333686221114808,-5.580888343968005,0.0,-20.0,-20.0,110.0,-6.100988483774734
577,5.7700000000000005,-0.5181631085839964,-3.4088401917156994,6.99546578118802,6.028420073385326,-3.432383467793471,-5.590239400554122,0.0,-20.0,-20.0,110.0,-6.098235476041104
578,5.78,-0.5176560753882223,-3.415409391960958,6.98852551391121,6.028979896945834,-3.431398222250888,-5.599590437850544,0.0,-20.0,-20.0,110.0,-6.095493656670816
579,5.79,-0.5171490421924483,-3.4219785922062163,6.981585246634399,6.029539558924631,-3.430412885510133,-5.608941455861077,0.0,-20.0,-20.0,110.0,-6.092763036186321
580,5.8,-0.5166420089966742,-3.4285477924514742,6.974644979357588,6.030099059307581,-3.4294274575976087,-5.618292454589519,0.0,-20.0,-20.0,110.0,-6.090043625061772
581,5.8100000000000005,-0.5161349758009002,-3.435116992696732,6.967704712080779,6.030658398080558,-3.428441938539725,-5.627643434039678,0.0,-20.0,-20.0,110.0,-6.087335433722715
582,5.82,-0.5156279426051261,-3.44168619294199,6.960764444803969,6.0312175752294355,-3.4274563283628874,-5.636994394215361,0.0,-20.0,-20.0,110.0,-6.08463847254577
583,5.83,-0.5151209094093521,-3.4482553931872477,6.953824177527159,6.031776590740095,-3.426470627093509,-5.646345335120376,0.0,-20.0,-20.0,110.0,-6.081952751858313
584,5.84,-0.514613876213578,-3.4548245934325053,6.9468839102503495,6.032335444598422,-3.425484834758002,-5.655696256758538,0.0,-20.0,-20.0,110.0,-6.079278281938166
585,5.8500000000000005,-0.514106843017804,-3.4613937936777623,6.93994364297354,6.032894136790309,-3.4244989513827835,-5.665047159133654,0.0,-20.0,-20.0,110.0,-6.076615073013276
586,5.86,-0.5135998098220299,-3.4679629939230194,6.93300337569673,6.033452667301642,-3.4235129769942696,-5.674398042249545,0.0,-20.0,-20.0,110.0,-6.073963135261397
587,5.87,-0.5130927766262559,-3.4745321941682765,6.92606310841992,6.034011036118325,-3.422526911618881,-5.683748906110023,0.0,-20.0,-20.0,110.0,-6.071322478809785
588,5.88,-0.5125857434304818,-3.481101394413533,6.9191228411431105,6.034569243226255,-3.4215407552830395,-5.693099750718911,0.0,-20.0,-20.0,110.0,-6.068693113734869
589,5.89,-0.5120787102347077,-3.48767059465879,6.912182573866301,6.03512728861134,-3.42055450801317,-5.70245057608003,0.0,-20.0,-20.0,110.0,-6.066075050061943
590,5.9,-0.5115716770389337,-3.494239794904046,6.905242306589491,6.035685172259494,-3.419568169835699,-5.7118013821972005,0.0,-20.0,-20.0,110.0,-6.063468297764844
591,5.91,-0.5110646438431596,-3.500808995149302,6.898302039312681,6.036242894156628,-3.418581740777056,-5.721152169074251,0.0,-20.0,-20.0,110.0,-6.06087286676565
592,5.92,-0.5105576106473856,-3.507378195394558,6.8913617720358715,6.036800454288665,-3.4175952208636704,-5.730502936715005,0.0,-20.0,-20.0,110.0,-6.058288766934349
593,5.93,-0.5100505774516115,-3.5139473956398137,6.884421504759062,6.0373578526415255,-3.4166086101219784,-5.739853685123294,0.0,-20.0,-20.0,110.0,-6.055716008088535
594,5.94,-0.5095435442558375,-3.5205165958850695,6.877481237482252,6.037915089201151,-3.4156219085784207,-5.749204414302965,0.0,-20.0,-20.0,110.0,-6.053154599993083
595,5.95,-0.5090365110600634,-3.527085796130325,6.870540970205442,6.03847216395345,-3.414635116259421,-5.758555124257822,0.0,-20.0,-20.0,110.0,-6.050604552359849
596,5.96,-0.5085294778642894,-3.53365499637558,6.863600702928633,6.03902907688437,-3.4136482331914264,-5.767905814991715,0.0,-20.0,-20.0,110.0,-6.048065874847344
597,5.97,-0.5080224446685153,-3.540224196620835,6.856660435651823,6.0395858279798516,-3.4126612594008785,-5.777256486508478,0.0,-20.0,-20.0,110.0,-6.045538577060423
598,5.98,-0.5075154114727413,-3.54679339686609,6.849720168375013,6.0401424172258436,-3.4116741949142235,-5.786607138811956,0.0,-20.0,-20.0,110.0,-6.043022668549965
599,5.99,-0.5070083782769672,-3.5533625971113443,6.842779901098203,6.0406988446082925,-3.4106870397579074,-5.795957771905987,0.0,-20.0,-20.0,110.0,-6.040518158812577
600,6.0,-0.5065013450811932,-3.5599317973565987,6.835839633821394,6.041255110113153,-3.409699793958378,-5.805308385794414,0.0,-20.0,-20.0,110.0,-6.038025057290259
601,6.01,-0.5059943118854191,-3.566500997601853,6.828899366544584,6.041811213726382,-3.408712457542087,-5.814658980481085,0.0,-20.0,-20.0,110.0,-6.035543373370107
602,6.0200000000000005,-0.505487278689645,-3.573070197847107,6.821959099267774,6.042367155433944,-3.407725030535487,-5.824009555969845,0.0,-20.0,-20.0,110.0,-6.033073116383994
603,6.03,-0.504980245493871,-3.579639398092361,6.815018831990964,6.042922935221804,-3.406737512965034,-5.833360112264543,0.0,-20.0,-20.0,110.0,-6.030614295608252
604,6.04,-0.5044732122980969,-3.5862085983376146,6.808078564714155,6.043478553075936,-3.405749904857186,-5.842710649369033,0.0,-20.0,-20.0,110.0,-6.028166920263371
605,6.05,-0.5039661791023229,-3.592777798582868,6.801138297437345,6.044034008982313,-3.404762206238404,-5.852061167287168,0.0,-20.0,-20.0,110.0,-6.02573099951368
606,6.0600000000000005,-0.5034591459065488,-3.5993469988281213,6.794198030160535,6.044589302926916,-3.4037744171351485,-5.861411666022804,0.0,-20.0,-20.0,110.0,-6.023306542467039
607,6.07,-0.5029521127107748,-3.6059161990733744,6.787257762883725,6.045144434895728,-3.4027865375738844,-5.870762145579798,0.0,-20.0,-20.0,110.0,-6.0208935581745235
608,6.08,-0.5024450795150007,-3.6124853993186274,6.780317495606916,6.04569940487474,-3.401798567581078,-5.880112605962008,0.0,-20.0,-20.0,110.0,-6.018492055630115
609,6.09,-0.5019380463192267,-3.61905459956388,6.773377228330106,6.0462542128499415,-3.400810507183198,-5.889463047173298,0.0,-20.0,-20.0,110.0,-6.016102043770397
610,6.1000000000000005,-0.5014310131234526,-3.6256237998091327,6.766436961053296,6.046808858807332,-3.399822356406716,-5.89881346921753,0.0,-20.0,-20.0,110.0,-6.013723531474238
611,6.11,-0.5009239799276786,-3.632193000054385,6.759496693776486,6.047363342732913,-3.3988341152781048,-5.908163872098572,0.0,-20.0,-20.0,110.0,-6.011356527562482
612,6.12,-0.5004169467319045,-3.638762200299637,6.752556426499677,6.0479176646126875,-3.397845783823839,-5.917514255820288,0.0,-20.0,-20.0,110.0,-6.009001040797643
613,6.13,-0.4999099135361305,-3.645331400544889,6.745616159222867,6.04847182443267,-3.396857362070398,-5.926864620386548,0.0,-20.0,-20.0,110.0,-6.006657079883596
614,6.140000000000001,-0.4994028803403565,-3.6519006007901407,6.738675891946057,6.049025822178874,-3.39586885004426,-5.936214965801227,0.0,-20.0,-20.0,110.0,-6.004324653465268
615,6.15,-0.4988958471445825,-3.6584698010353924,6.7317356246692475,6.049579657837313,-3.394880247771907,-5.945565292068196,0.0,-20.0,-20.0,110.0,-6.002003770128328
616,6.16,-0.4983888139488085,-3.6650390012806437,6.724795357392438,6.050133331394017,-3.393891555279824,-5.954915599191329,0.0,-20.0,-20.0,110.0,-5.999694438398883
617,6.17,-0.4978817807530345,-3.671608201525895,6.717855090115628,6.050686842835012,-3.3929027725944976,-5.964265887174509,0.0,-20.0,-20.0,110.0,-5.997396666743168
618,6.18,-0.4973747475572605,-3.678177401771146,6.710914822838818,6.0512401921463255,-3.3919138997424163,-5.973616156021609,0.0,-20.0,-20.0,110.0,-5.995110463567248
619,6.19,-0.4968677143614865,-3.684746602016397,6.7039745555620085,6.051793379313998,-3.3909249367500696,-5.982966405736517,0.0,-20.0,-20.0,110.0,-5.992835837216702
620,6.2,-0.4963606811657125,-3.6913158022616477,6.697034288285199,6.052346404324067,-3.3899358836439535,-5.992316636323113,0.0,-20.0,-20.0,110.0,-5.990572795976322
621,6.21,-0.4958536479699385,-3.697885002506898,6.690094021008389,6.052899267162579,-3.388946740450561,-6.001666847785281,0.0,-20.0,-20.0,110.0,-5.988321348069811
622,6.22,-0.49534661477416453,-3.7044542027521485,6.683153753731579,6.053451967815581,-3.387957507196389,-6.011017040126912,0.0,-20.0,-20.0,110.0,-5.986081501659478
623,6.23,-0.49483958157839053,-3.7110234029973985,6.6762134864547695,6.05400450626913,-3.386968183907938,-6.020367213351896,0.0,-20.0,-20.0,110.0,-5.983853264845932
624,6.24,-0.49433254838261653,-3.7175926032426485,6.66927321917796,6.05455688250928,-3.385978770611711,-6.029717367464122,0.0,-20.0,-20.0,110.0,-5.981636645667778
625,6.25,-0.49382551518684253,-3.724161803487898,6.66233295190115,6.055109096522094,-3.3849892673342095,-6.0390675024674865,0.0,-20.0,-20.0,110.0,-5.979431652101325
626,6.26,-0.49331848199106854,-3.7307310037331476,6.65539268462434,6.055661148293642,-3.383999674101941,-6.048417618365882,0.0,-20.0,-20.0,110.0,-5.977238292060268
627,6.2700000000000005,-0.49281144879529454,-3.737300203978397,6.648452417347531,6.056213037809992,-3.383009990941415,-6.05776771516321,0.0,-20.0,-20.0,110.0,-5.975056573395405
628,6.28,-0.49230441559952054,-3.7438694042236462,6.641512150070721,6.05676476505722,-3.3820202178791425,-6.067117792863367,0.0,-20.0,-20.0,110.0,-5.972886503894327
629,6.29,-0.49179738240374654,-3.7504386044688953,6.634571882793911,6.0573163300214015,-3.381030354941633,-6.076467851470253,0.0,-20.0,-20.0,110.0,-5.970728091281118
630,6.3,-0.49129034920797254,-3.757007804714144,6.627631615517101,6.05786773268862,-3.380040402155404,-6.085817890987776,0.0,-20.0,-20.0,110.0,-5.968581343216055
631,6.3100000000000005,-0.49078331601219854,-3.7635770049593926,6.620691348240292,6.0584189730449705,-3.3790503595469725,-6.095167911419839,0.0,-20.0,-20.0,110.0,-5.966446267295319
632,6.32,-0.49027628281642455,-3.770146205204641,6.613751080963482,6.058970051076537,-3.3780602271428575,-6.10451791277035,0.0,-20.0,-20.0,110.0,-5.964322871050688
633,6.33,-0.48976924962065055,-3.776715405449889,6.606810813686672,6.059520966769423,-3.377070004969581,-6.11386789504322,0.0,-20.0,-20.0,110.0,-5.962211161949246
634,6.34,-0.48926221642487655,-3.7832846056951372,6.599870546409862,6.060071720109727,-3.3760796930536663,-6.12321785824236,0.0,-20.0,-20.0,110.0,-5.960111147393084
635,6.3500000000000005,-0.48875518322910255,-3.789853805940385,6.592930279133053,6.060622311083552,-3.375089291421639,-6.132567802371682,0.0,-20.0,-20.0,110.0,-5.958022834719005
636,6.36,-0.48824815003332855,-3.7964230061856328,6.585990011856243,6.061172739677009,-3.3740988001000294,-6.141917727435105,0.0,-20.0,-20.0,110.0,-5.955946231198234
637,6.37,-0.48774111683755456,-3.80299220643088,6.579049744579433,6.061723005876216,-3.3731082191153643,-6.151267633436545,0.0,-20.0,-20.0,110.0,-5.95388134403612
638,6.38,-0.48723408364178056,-3.8095614066761274,6.572109477302623,6.062273109667285,-3.372117548494179,-6.1606175203799225,0.0,-20.0,-20.0,110.0,-5.951828180371838
639,6.390000000000001,-0.48672705044600656,-3.8161306069213743,6.565169210025814,6.062823051036342,-3.3711267882630076,-6.169967388269156,0.0,-20.0,-20.0,110.0,-5.949786747278115
640,6.4,-0.48622001725023256,-3.822699807166621,6.558228942749004,6.063372829969513,-3.3701359384483873,-6.179317237108174,0.0,-20.0,-20.0,110.0,-5.94775705176092
641,6.41,-0.48571298405445856,-3.829269007411868,6.551288675472194,6.063922446452931,-3.3691449990768563,-6.188667066900899,0.0,-20.0,-20.0,110.0,-5.945739100759181
642,6.42,-0.48520595085868456,-3.8358382076571145,6.544348408195384,6.064471900472729,-3.3681539701749568,-6.198016877651259,0.0,-20.0,-20.0,110.0,-5.943732901144497
643,6.43,-0.48469891766291057,-3.842407407902361,6.537408140918575,6.065021192015049,-3.3671628517692316,-6.207366669363186,0.0,-20.0,-20.0,110.0,-5.941738459720848
644,6.44,-0.48419188446713657,-3.848976608147607,6.530467873641765,6.065570321066035,-3.366171643886226,-6.216716442040607,0.0,-20.0,-20.0,110.0,-5.93975578322431
645,6.45,-0.48368485127136257,-3.855545808392853,6.523527606364955,6.0661192876118335,-3.365180346552489,-6.2260661956874594,0.0,-20.0,-20.0,110.0,-5.937784878322761
646,6.46,-0.48317781807558857,-3.8621150086380984,6.5165873390881455,6.066668091638601,-3.3641889597945704,-6.235415930307678,0.0,-20.0,-20.0,110.0,-5.935825751615607
647,6.47,-0.4826707848798146,-3.868684208883344,6.509647071811336,6.06721673313249,-3.3631974836390213,-6.2447656459052,0.0,-20.0,-20.0,110.0,-5.93387840963348
648,6.48,-0.4821637516840406,-3.8752534091285895,6.502706804534526,6.06776521207968,-3.3622059181124038,-6.2541153424839795,0.0,-20.0,-20.0,110.0,-5.931942858837974
649,6.49,-0.4816567184882666,-3.8818226093738346,6.495766537257716,6.068313528466306,-3.3612142632412616,-6.263465020047929,0.0,-20.0,-20.0,110.0,-5.930019105621349
650,6.5,-0.4811496852924926,-3.8883918096190797,6.4888262699809065,6.068861682278556,-3.36022251905216,-6.272814678601008,0.0,-20.0,-20.0,110.0,-5.928107156306252
651,6.51,-0.4806426520967186,-3.8949610098643244,6.481886002704097,6.0694096735026015,-3.3592306855716587,-6.282164318147159,0.0,-20.0,-20.0,110.0,-5.926207017145435
652,6.5200000000000005,-0.4801356189009446,-3.901530210109569,6.474945735427287,6.069957502124622,-3.3582387628263226,-6.291513938690335,0.0,-20.0,-20.0,110.0,-5.924318694321475
653,6.53,-0.4796285857051706,-3.9080994103548137,6.468005468150477,6.070505168130802,-3.357246750842715,-6.300863540234482,0.0,-20.0,-20.0,110.0,-5.922442193946505
654,6.54,-0.4791215525093966,-3.914668610600058,6.4610652008736675,6.071052671507328,-3.3562546496474046,-6.310213122783551,0.0,-20.0,-20.0,110.0,-5.920577522061917
655,6.55,-0.4786145193136226,-3.921237810845302,6.454124933596858,6.071600012240392,-3.355262459266961,-6.319562686341497,0.0,-20.0,-20.0,110.0,-5.918724684638102
656,6.5600000000000005,-0.4781074861178486,-3.927807011090546,6.447184666320048,6.072147190316192,-3.3542701797279557,-6.328912230912275,0.0,-20.0,-20.0,110.0,-5.916883687574164
657,6.57,-0.4776004529220746,-3.9343762113357896,6.440244399043238,6.072694205720926,-3.3532778110569628,-6.338261756499843,0.0,-20.0,-20.0,110.0,-5.91505453669765
658,6.58,-0.4770934197263006,-3.940945411581033,6.433304131766429,6.0732410584407965,-3.3522853532805583,-6.34761126310816,0.0,-20.0,-20.0,110.0,-5.913237237764278
659,6.59,-0.4765863865305266,-3.9475146118262763,6.426363864489619,6.073787748462017,-3.3512928064253202,-6.356960750741189,0.0,-20.0,-20.0,110.0,-5.9114317964576575
660,6.6000000000000005,-0.4760793533347526,-3.9540838120715196,6.419423597212809,6.0743342757708,-3.3503001705178312,-6.366310219402892,0.0,-20.0,-20.0,110.0,-5.909638218389025
661,6.61,-0.4755723201389786,-3.9606530123167625,6.412483329936,6.074880640353364,-3.3493074455846714,-6.375659669097235,0.0,-20.0,-20.0,110.0,-5.90785650909697
662,6.62,-0.4750652869432046,-3.9672222125620054,6.405543062659191,6.075426842195931,-3.3483146316524266,-6.385009099828184,0.0,-20.0,-20.0,110.0,-5.906086674047165
663,6.63,-0.4745582537474306,-3.973791412807248,6.3986027953823825,6.075972881284727,-3.347321728747685,-6.394358511599711,0.0,-20.0,-20.0,110.0,-5.904328718632102
664,6.640000000000001,-0.4740512205516566,-3.9803606130524902,6.391662528105574,6.0765187576059825,-3.3463287368970343,-6.403707904415784,0.0,-20.0,-20.0,110.0,-5.902582648170822
665,6.65,-0.4735441873558826,-3.986929813297732,6.384722260828765,6.077064471145932,-3.345335656127067,-6.413057278280381,0.0,-20.0,-20.0,110.0,-5.900848467908646
666,6.66,-0.4730371541601086,-3.993499013542974,6.377781993551956,6.077610021890818,-3.3443424864643743,-6.422406633197474,0.0,-20.0,-20.0,110.0,-5.899126183016921
667,6.67,-0.4725301209643346,-4.000068213788216,6.370841726275147,6.0781554098268815,-3.343349227935554,-6.431755969171042,0.0,-20.0,-20.0,110.0,-5.8974157985927445
668,6.68,-0.4720230877685606,-4.006637414033458,6.363901458998338,6.078700634940374,-3.342355880567205,-6.4411052862050635,0.0,-20.0,-20.0,110.0,-5.895717319658714
669,6.69,-0.4715160545727866,-4.013206614278699,6.356961191721529,6.0792456972175435,-3.341362444385926,-6.45045458430352,0.0,-20.0,-20.0,110.0,-5.894030751162654
670,6.7,-0.4710090213770126,-4.019775814523941,6.3500209244447205,6.079790596644649,-3.3403689194183186,-6.459803863470396,0.0,-20.0,-20.0,110.0,-5.892356097977367
671,6.71,-0.4705019881812386,-4.0263450147691815,6.343080657167912,6.080335333207953,-3.3393753056909885,-6.469153123709675,0.0,-20.0,-20.0,110.0,-5.89069336490037
672,6.72,-0.4699949549854646,-4.032914215014422,6.336140389891103,6.080879906893719,-3.3383816032305402,-6.478502365025346,0.0,-20.0,-20.0,110.0,-5.889042556653639
673,6.73,-0.4694879217896906,-4.039483415259663,6.329200122614294,6.081424317688219,-3.3373878120635854,-6.487851587421396,0.0,-20.0,-20.0,110.0,-5.8874036778833485
674,6.74,-0.4689808885939166,-4.0460526155049035,6.322259855337485,6.081968565577724,-3.3363939322167333,-6.497200790901819,0.0,-20.0,-20.0,110.0,-5.885776733159627
675,6.75,-0.4684738553981426,-4.052621815750144,6.315319588060676,6.082512650548515,-3.335399963716598,-6.506549975470609,0.0,-20.0,-20.0,110.0,-5.884161726976297
676,6.76,-0.4679668222023686,-4.059191015995384,6.308379320783867,6.083056572586875,-3.3344059065897924,-6.515899141131756,0.0,-20.0,-20.0,110.0,-5.8825586637506175
677,6.7700000000000005,-0.46745978900659463,-4.065760216240624,6.301439053507059,6.083600331679091,-3.333411760862937,-6.525248287889262,0.0,-20.0,-20.0,110.0,-5.88096754782305
678,6.78,-0.46695275581082063,-4.072329416485863,6.29449878623025,6.084143927811454,-3.332417526562648,-6.534597415747126,0.0,-20.0,-20.0,110.0,-5.879388383456993
679,6.79,-0.46644572261504663,-4.078898616731103,6.287558518953441,6.084687360970261,-3.3314232037155502,-6.54394652470935,0.0,-20.0,-20.0,110.0,-5.8778211748385445
680,6.8,-0.46593868941927263,-4.085467816976343,6.280618251676632,6.085230631141811,-3.3304287923482665,-6.553295614779933,0.0,-20.0,-20.0,110.0,-5.876265926076248
681,6.8100000000000005,-0.46543165622349864,-4.092037017221582,6.273677984399823,6.085773738312406,-3.329434292487422,-6.562644685962883,0.0,-20.0,-20.0,110.0,-5.874722641200857
682,6.82,-0.46492462302772464,-4.098606217466821,6.266737717123014,6.0863166824683725,-3.3284397041596523,-6.571993738262222,0.0,-20.0,-20.0,110.0,-5.873191324165078
683,6.83,-0.46441758983195064,-4.10517541771206,6.2597974498462055,6.086859463595996,-3.327445027391574,-6.581342771681929,0.0,-20.0,-20.0,110.0,-5.871671978843346
684,6.84,-0.46391055663617664,-4.1117446179572985,6.252857182569397,6.087402081681608,-3.326450262209827,-6.59069178622603,0.0,-20.0,-20.0,110.0,-5.870164609031567
685,6.8500000000000005,-0.46340352344040264,-4.1183138182025365,6.245916915292588,6.08794453671153,-3.3254554086410444,-6.600040781898539,0.0,-20.0,-20.0,110.0,-5.868669218446888
686,6.86,-0.46289649024462864,-4.1248830184477745,6.238976648015779,6.088486828672085,-3.3244604667118636,-6.60938975870347,0.0,-20.0,-20.0,110.0,-5.86718581072746
687,6.87,-0.46238945704885465,-4.1314522186930125,6.23203638073897,6.0890289575496075,-3.3234654364489242,-6.618738716644839,0.0,-20.0,-20.0,110.0,-5.865714389432191
688,6.88,-0.46188242385308065,-4.1380214189382505,6.225096113462161,6.089570923330429,-3.3224703178788677,-6.628087655726667,0.0,-20.0,-20.0,110.0,-5.864254958040525
689,6.890000000000001,-0.46137539065730665,-4.1445906191834885,6.218155846185352,6.090112726000892,-3.3214751110283367,-6.637436575952973,0.0,-20.0,-20.0,110.0,-5.862807519952201
690,6.9,-0.46086835746153265,-4.151159819428726,6.2112155789085435,6.090654365547341,-3.3204798159239757,-6.646785477327784,0.0,-20.0,-20.0,110.0,-5.861372078487022
691,6.91,-0.46036132426575865,-4.157729019673963,6.204275311631735,6.09119584195612,-3.3194844325924344,-6.656134359855121,0.0,-20.0,-20.0,110.0,-5.8599486368846225
692,6.92,-0.45985429106998466,-4.1642982199192,6.197335044354926,6.091737155213584,-3.3184889610603614,-6.665483223539012,0.0,-20.0,-20.0,110.0,-5.858537198304246
693,6.93,-0.45934725787421066,-4.170867420164437,6.190394777078117,6.092278305306089,-3.317493401354409,-6.674832068383488,0.0,-20.0,-20.0,110.0,-5.85713776582451
694,6.94,-0.45884022467843666,-4.177436620409674,6.183454509801308,6.092819292219994,-3.3164977535012286,-6.684180894392574,0.0,-20.0,-20.0,110.0,-5.8557503424431925
695,6.95,-0.45833319148266266,-4.18400582065491,6.176514242524499,6.093360115941667,-3.3155020175274794,-6.6935297015703075,0.0,-20.0,-20.0,110.0,-5.854374931076985
696,6.96,-0.45782615828688866,-4.190575020900146,6.16957397524769,6.093900776457476,-3.3145061934598194,-6.702878489920723,0.0,-20.0,-20.0,110.0,-5.853011534561296
697,6.97,-0.45731912509111466,-4.197144221145383,6.1626337079708815,6.094441273753796,-3.3135102813249087,-6.712227259447856,0.0,-20.0,-20.0,110.0,-5.8516601556500145
698,6.98,-0.45681209189534067,-4.203713421390619,6.155693440694073,6.094981607817003,-3.3125142811494106,-6.721576010155747,0.0,-20.0,-20.0,110.0,-5.850320797015295
699,6.99,-0.45630505869956667,-4.210282621635855,6.148753173417264,6.095521778633483,-3.3115181929599884,-6.730924742048435,0.0,-20.0,-20.0,110.0,-5.848993461247335
700,7.0,-0.45579802550379267,-4.2168518218810895,6.141812906140455,6.09606178618962,-3.310522016783309,-6.740273455129964,0.0,-20.0,-20.0,110.0,-5.847678150854164
701,7.01,-0.45529099230801867,-4.223421022126325,6.134872638863646,6.096601630471808,-3.309525752646042,-6.749622149404377,0.0,-20.0,-20.0,110.0,-5.846374868261433
702,7.0200000000000005,-0.4547839591122447,-4.22999022237156,6.127932371586837,6.097141311466438,-3.308529400574859,-6.758970824875725,0.0,-20.0,-20.0,110.0,-5.8450836158121895
703,7.03,-0.4542769259164707,-4.2365594226167955,6.120992104310028,6.097680829159915,-3.3075329605964345,-6.768319481548049,0.0,-20.0,-20.0,110.0,-5.843804395766675
704,7.04,-0.4537698927206967,-4.24312862286203,6.1140518370332195,6.098220183538642,-3.3065364327374414,-6.777668119425405,0.0,-20.0,-20.0,110.0,-5.842537210302113
705,7.05,-0.4532628595249227,-4.249697823107264,6.107111569756411,6.098759374589024,-3.3055398170245573,-6.787016738511845,0.0,-20.0,-20.0,110.0,-5.8412820615125005
706,7.0600000000000005,-0.4527558263291487,-4.256267023352499,6.100171302479602,6.099298402297479,-3.3045431134844647,-6.796365338811421,0.0,-20.0,-20.0,110.0,-5.840038951408402
707,7.07,-0.4522487931333747,-4.262836223597733,6.093231035202793,6.099837266650421,-3.3035463221438444,-6.805713920328191,0.0,-20.0,-20.0,110.0,-5.838807881916747
708,7.08,-0.4517417599376007,-4.269405423842968,6.086290767925984,6.100375967634272,-3.3025494430293794,-6.815062483066215,0.0,-20.0,-20.0,110.0,-5.837588854880623
709,7.09,-0.4512347267418267,-4.275974624088201,6.079350500649175,6.100914505235462,-3.3015524761677577,-6.824411027029552,0.0,-20.0,-20.0,110.0,-5.8363818720590785
710,7.1000000000000005,-0.4507276935460527,-4.282543824333435,6.072410233372366,6.1014528794404175,-3.3005554215856643,-6.833759552222261,0.0,-20.0,-20.0,110.0,-5.8351869351269166
711,7.11,-0.4502206603502787,-4.289113024578668,6.0654699660955576,6.101991090235574,-3.2995582793097937,-6.843108058648415,0.0,-20.0,-20.0,110.0,-5.834004045674509
712,7.12,-0.4497136271545047,-4.295682224823902,6.058529698818749,6.102529137607371,-3.2985610493668363,-6.852456546312073,0.0,-20.0,-20.0,110.0,-5.832833205207591
713,7.13,-0.4492065939587307,-4.3022514250691355,6.05158943154194,6.10306702154225,-3.297563731783486,-6.861805015217306,0.0,-20.0,-20.0,110.0,-5.831674415147065
714,7.140000000000001,-0.4486995607629567,-4.308820625314368,6.044649164265131,6.1036047420266595,-3.296566326586441,-6.871153465368184,0.0,-20.0,-20.0,110.0,-5.830527676828817
715,7.15,-0.4481925275671827,-4.315389825559601,6.037708896988322,6.1041422990470515,-3.2955688338024,-6.880501896768777,0.0,-20.0,-20.0,110.0,-5.829392991503519
716,7.16,-0.4476854943714087,-4.3219590258048335,6.030768629711513,6.104679692589883,-3.2945712534580656,-6.889850309423163,0.0,-20.0,-20.0,110.0,-5.828270360336447
717,7.17,-0.4471784611756347,-4.328528226050066,6.023828362434704,6.105216922641616,-3.293573585580139,-6.899198703335414,0.0,-20.0,-20.0,110.0,-5.827159784407283
718,7.18,-0.4466714279798607,-4.335097426295298,6.016888095157896,6.105753989188713,-3.292575830195327,-6.908547078509612,0.0,-20.0,-20.0,110.0,-5.826061264709937
719,7.19,-0.4461643947840867,-4.34166662654053,6.009947827881087,6.106290892217646,-3.291577987330337,-6.917895434949834,0.0,-20.0,-20.0,110.0,-5.824974802152362
720,7.2,-0.4456573615883127,-4.3482358267857615,6.003007560604278,6.106827631714887,-3.290580057011877,-6.927243772660164,0.0,-20.0,-20.0,110.0,-5.823900397556383
721,7.21,-0.4451503283925387,-4.354805027030993,5.996067293327469,6.107364207666912,-3.289582039266661,-6.936592091644684,0.0,-20.0,-20.0,110.0,-5.82283805165749
722,7.22,-0.4446432951967647,-4.361374227276225,5.98912702605066,6.1079006200602075,-3.2885839341214007,-6.945940391907481,0.0,-20.0,-20.0,110.0,-5.821787765104688
723,7.23,-0.4441362620009907,-4.367943427521456,5.982186758773851,6.1084368688812605,-3.2875857416028142,-6.955288673452645,0.0,-20.0,-20.0,110.0,-5.820749538460305
724,7.24,-0.4436292288052167,-4.374512627766687,5.9752464914970425,6.108972954116558,-3.28658746173762,-6.964636936284262,0.0,-20.0,-20.0,110.0,-5.819723372199822
725,7.25,-0.4431221956094427,-4.381081828011918,5.968306224220234,6.109508875752599,-3.285589094552537,-6.973985180406427,0.0,-20.0,-20.0,110.0,-5.818709266711704
726,7.26,-0.4426151624136687,-4.387651028257149,5.961365956943425,6.110044633775882,-3.284590640074287,-6.98333340582323,0.0,-20.0,-20.0,110.0,-5.817707222297224
727,7.2700000000000005,-0.4421081292178947,-4.3942202285023795,5.954425689666616,6.11058022817291,-3.283592098329596,-6.992681612538771,0.0,-20.0,-20.0,110.0,-5.816717239170293
728,7.28,-0.4416010960221207,-4.4007894287476095,5.947485422389807,6.11111565893019,-3.28259346934519,-7.002029800557144,0.0,-20.0,-20.0,110.0,-5.815739317457303
729,7.29,-0.4410940628263467,-4.4073586289928395,5.940545155112998,6.11165092603424,-3.2815947531478,-7.011377969882451,0.0,-20.0,-20.0,110.0,-5.814773457196947
730,7.3,-0.4405870296305727,-4.4139278292380695,5.933604887836189,6.112186029471587,-3.2805959497641597,-7.02072612051881,0.0,-20.0,-20.0,110.0,-5.813819658340069
731,7.3100000000000005,-0.4400799964347987,-4.4204970294832995,5.9266646205593805,6.112720969228727,-3.279597059220993,-7.03007425247029,0.0,-20.0,-20.0,110.0,-5.812877920749504
732,7.32,-0.4395729632390247,-4.427066229728529,5.919724353282572,6.113255745292199,-3.278598081545038,-7.039422365741017,0.0,-20.0,-20.0,110.0,-5.811948244199899
733,7.33,-0.43906593004325073,-4.433635429973758,5.912784086005763,6.113790357648534,-3.2775990167630344,-7.048770460335091,0.0,-20.0,-20.0,110.0,-5.811030628377581
734,7.34,-0.43855889684747673,-4.440204630218987,5.905843818728954,6.114324806284266,-3.2765998649017205,-7.058118536256629,0.0,-20.0,-20.0,110.0,-5.810125072880384
735,7.3500000000000005,-0.43805186365170273,-4.446773830464216,5.898903551452145,6.114859091185931,-3.275600625987839,-7.06746659350974,0.0,-20.0,-20.0,110.0,-5.809231577217506
736,7.36,-0.43754483045592873,-4.453343030709445,5.891963284175336,6.115393212340075,-3.2746013000481327,-7.076814632098533,0.0,-20.0,-20.0,110.0,-5.808350140809348
737,7.37,-0.43703779726015474,-4.459912230954673,5.885023016898527,6.115927169733245,-3.273601887109348,-7.086162652027126,0.0,-20.0,-20.0,110.0,-5.8074807629873755
738,7.38,-0.43653076406438074,-4.4664814311999015,5.8780827496217185,6.116460963351995,-3.272602387198232,-7.095510653299638,0.0,-20.0,-20.0,110.0,-5.806623442993957
739,7.390000000000001,-0.43602373086860674,-4.47305063144513,5.87114248234491,6.116994593182878,-3.271602800341534,-7.104858635920189,0.0,-20.0,-20.0,110.0,-5.8057781799822346
740,7.4,-0.43551669767283274,-4.479619831690358,5.864202215068101,6.117528059212458,-3.2706031265660096,-7.114206599892897,0.0,-20.0,-20.0,110.0,-5.8049449730159655
741,7.41,-0.43500966447705874,-4.486189031935586,5.857261947791293,6.118061361427296,-3.2696033658984103,-7.1235545452218885,0.0,-20.0,-20.0,110.0,-5.804123821069392
742,7.42,-0.43450263128128475,-4.4927582321808135,5.850321680514485,6.118594499813963,-3.268603518365492,-7.132902471911285,0.0,-20.0,-20.0,110.0,-5.80331472302709
743,7.43,-0.43399559808551075,-4.499327432426041,5.843381413237677,6.119127474359032,-3.2676035839940147,-7.142250379965213,0.0,-20.0,-20.0,110.0,-5.802517677683845
744,7.44,-0.43348856488973675,-4.505896632671268,5.836441145960869,6.119660285049084,-3.2666035628107397,-7.151598269387805,0.0,-20.0,-20.0,110.0,-5.801732683744502
745,7.45,-0.43298153169396275,-4.5124658329164955,5.829500878684061,6.120192931870698,-3.265603454842428,-7.1609461401831895,0.0,-20.0,-20.0,110.0,-5.8009597398238455
746,7.46,-0.43247449849818875,-4.519035033161723,5.822560611407253,6.120725414810462,-3.264603260115846,-7.170293992355501,0.0,-20.0,-20.0,110.0,-5.800198844446455
747,7.47,-0.43196746530241475,-4.525604233406949,5.815620344130445,6.121257733854967,-3.263602978657759,-7.179641825908873,0.0,-20.0,-20.0,110.0,-5.799449996046587
748,7.48,-0.43146043210664076,-4.532173433652176,5.808680076853637,6.121789888990806,-3.2626026104949366,-7.18898964084744,0.0,-20.0,-20.0,110.0,-5.798713192968035
749,7.49,-0.43095339891086676,-4.538742633897402,5.801739809576829,6.1223218802045825,-3.2616021556541503,-7.198337437175346,0.0,-20.0,-20.0,110.0,-5.797988433464018
750,7.5,-0.43044636571509276,-4.545311834142629,5.794799542300021,6.122853707482898,-3.2606016141621734,-7.207685214896727,0.0,-20.0,-20.0,110.0,-5.797275715697044
751,7.51,-0.42993933251931876,-4.551881034387854,5.787859275023213,6.12338537081236,-3.2596009860457804,-7.217032974015728,0.0,-20.0,-20.0,110.0,-5.796575037738794
752,7.5200000000000005,-0.42943229932354476,-4.55845023463308,5.780919007746405,6.1239168701795865,-3.2586002713317512,-7.226380714536493,0.0,-20.0,-20.0,110.0,-5.795886397570005
753,7.53,-0.42892526612777077,-4.565019434878305,5.773978740469597,6.1244482055711895,-3.2575994700468645,-7.235728436463168,0.0,-20.0,-20.0,110.0,-5.795209793080346
754,7.54,-0.42841823293199677,-4.571588635123531,5.767038473192789,6.124979376973792,-3.2565985822179,-7.245076139799903,0.0,-20.0,-20.0,110.0,-5.794545222068309
755,7.55,-0.42791119973622277,-4.578157835368756,5.760098205915981,6.125510384374017,-3.2555976078716435,-7.254423824550846,0.0,-20.0,-20.0,110.0,-5.793892682241088
756,7.5600000000000005,-0.42740416654044877,-4.584727035613981,5.753157938639173,6.1260412277585,-3.25459654703488,-7.263771490720152,0.0,-20.0,-20.0,110.0,-5.793252171214479
757,7.57,-0.4268971333446748,-4.591296235859206,5.746217671362365,6.126571907113873,-3.253595399734398,-7.273119138311971,0.0,-20.0,-20.0,110.0,-5.792623686512755
758,7.58,-0.4263901001489008,-4.59786543610443,5.739277404085557,6.127102422426774,-3.2525941659969866,-7.282466767330466,0.0,-20.0,-20.0,110.0,-5.792007225568575
759,7.59,-0.4258830669531268,-4.604434636349655,5.7323371368087495,6.127632773683847,-3.25159284584944,-7.29181437777979,0.0,-20.0,-20.0,110.0,-5.791402785722866
760,7.6000000000000005,-0.4253760337573528,-4.61100383659488,5.7253968695319415,6.128162960871741,-3.250591439318553,-7.301161969664106,0.0,-20.0,-20.0,110.0,-5.790810364224726
761,7.61,-0.4248690005615788,-4.617573036840104,5.7184566022551335,6.128692983977104,-3.2495899464311195,-7.310509542987572,0.0,-20.0,-20.0,110.0,-5.790229958231322
762,7.62,-0.4243619673658048,-4.624142237085327,5.711516334978326,6.129222842986596,-3.2485883672139395,-7.319857097754355,0.0,-20.0,-20.0,110.0,-5.789661564807791
763,7.63,-0.4238549341700308,-4.630711437330551,5.704576067701518,6.1297525378868745,-3.2475867016938134,-7.32920463396862,0.0,-20.0,-20.0,110.0,-5.7891051809271445
764,7.640000000000001,-0.4233479009742568,-4.637280637575775,5.69763580042471,6.130282068664605,-3.246584949897543,-7.338552151634534,0.0,-20.0,-20.0,110.0,-5.788560803470169
765,7.65,-0.4228408677784828,-4.643849837820998,5.690695533147902,6.130811435306458,-3.2455831118519343,-7.347899650756269,0.0,-20.0,-20.0,110.0,-5.788028429225335
766,7.66,-0.4223338345827088,-4.650419038066221,5.683755265871094,6.131340637799107,-3.2445811875837953,-7.357247131337996,0.0,-20.0,-20.0,110.0,-5.7875080548887095
767,7.67,-0.4218268013869348,-4.656988238311444,5.676814998594286,6.131869676129228,-3.243579177119933,-7.366594593383887,0.0,-20.0,-20.0,110.0,-5.786999677063866
768,7.68,-0.4213197681911608,-4.6635574385566665,5.669874731317478,6.132398550283506,-3.2425770804871603,-7.375942036898119,0.0,-20.0,-20.0,110.0,-5.786503292261792
769,7.69,-0.4208127349953868,-4.670126638801889,5.66293446404067,6.1329272602486276,-3.241574897712289,-7.385289461884872,0.0,-20.0,-20.0,110.0,-5.78601889690082
770,7.7,-0.4203057017996128,-4.676695839047111,5.655994196763862,6.133455806011281,-3.240572628822136,-7.3946368683483215,0.0,-20.0,-20.0,110.0,-5.785546487306519
771,7.71,-0.4197986686038388,-4.683265039292333,5.649053929487054,6.133984187558165,-3.2395702738435164,-7.403984256292648,0.0,-20.0,-20.0,110.0,-5.785086059711643
772,7.72,-0.4192916354080648,-4.689834239537555,5.642113662210246,6.134512404875976,-3.2385678328032523,-7.41333162572204,0.0,-20.0,-20.0,110.0,-5.784637610256037
773,7.73,-0.4187846022122908,-4.696403439782777,5.635173394933438,6.135040457951418,-3.237565305728164,-7.42267897664068,0.0,-20.0,-20.0,110.0,-5.784201134986559
774,7.74,-0.4182775690165168,-4.702972640027999,5.62823312765663,6.135568346771205,-3.2365626926450752,-7.432026309052752,0.0,-20.0,-20.0,110.0,-5.783776629857015
775,7.75,-0.4177705358207428,-4.7095418402732205,5.621292860379822,6.136096071322043,-3.2355599935808126,-7.44137362296245,0.0,-20.0,-20.0,110.0,-5.783364090728078
776,7.76,-0.4172635026249688,-4.716111040518442,5.614352593103014,6.13662363159065,-3.2345572085622027,-7.450720918373964,0.0,-20.0,-20.0,110.0,-5.78296351336723
777,7.7700000000000005,-0.4167564694291948,-4.722680240763663,5.607412325826206,6.137151027563751,-3.2335543376160767,-7.460068195291484,0.0,-20.0,-20.0,110.0,-5.782574893448678
778,7.78,-0.4162494362334208,-4.729249441008884,5.600472058549398,6.13767825922807,-3.2325513807692667,-7.46941545371921,0.0,-20.0,-20.0,110.0,-5.782198226553306
779,7.79,-0.4157424030376468,-4.735818641254105,5.59353179127259,6.138205326570337,-3.231548338048606,-7.478762693661337,0.0,-20.0,-20.0,110.0,-5.7818335081685985
780,7.8,-0.4152353698418728,-4.742387841499325,5.586591523995782,6.138732229577286,-3.230545209480932,-7.488109915122062,0.0,-20.0,-20.0,110.0,-5.781480733688582
781,7.8100000000000005,-0.4147283366460988,-4.7489570417445455,5.579651256718974,6.139258968235657,-3.229541995093083,-7.49745711810559,0.0,-20.0,-20.0,110.0,-5.781139898413772
782,7.82,-0.4142213034503248,-4.755526241989766,5.572710989442166,6.139785542532191,-3.2285386949118977,-7.50680430261612,0.0,-20.0,-20.0,110.0,-5.780810997551107
783,7.83,-0.4137142702545508,-4.762095442234986,5.565770722165358,6.140311952453637,-3.227535308964221,-7.516151468657855,0.0,-20.0,-20.0,110.0,-5.780494026213901
784,7.84,-0.4132072370587768,-4.768664642480205,5.55883045488855,6.14083819798675,-3.226531837276896,-7.525498616235008,0.0,-20.0,-20.0,110.0,-5.780188979421783
785,7.8500000000000005,-0.4127002038630028,-4.775233842725425,5.551890187611742,6.141364279118279,-3.22552827987677,-7.534845745351778,0.0,-20.0,-20.0,110.0,-5.779895852100651
786,7.86,-0.4121931706672288,-4.781803042970644,5.544949920334934,6.14189019583499,-3.224524636790692,-7.544192856012384,0.0,-20.0,-20.0,110.0,-5.7796146390826255
787,7.87,-0.4116861374714548,-4.788372243215863,5.538009653058126,6.142415948123648,-3.223520908045512,-7.553539948221037,0.0,-20.0,-20.0,110.0,-5.7793453351059965
788,7.88,-0.41117910427568083,-4.794941443461083,5.5310693857813185,6.142941535971022,-3.222517093668084,-7.562887021981948,0.0,-20.0,-20.0,110.0,-5.779087934815178
789,7.890000000000001,-0.41067207107990683,-4.801510643706301,5.5241291185045105,6.1434669593638835,-3.221513193685263,-7.572234077299335,0.0,-20.0,-20.0,110.0,-5.778842432760675
790,7.9,-0.41016503788413283,-4.8080798439515195,5.5171888512277025,6.14399221828901,-3.220509208123905,-7.581581114177417,0.0,-20.0,-20.0,110.0,-5.778608823399037
791,7.91,-0.40965800468835883,-4.814649044196738,5.510248583950895,6.1445173127331865,-3.21950513701087,-7.590928132620413,0.0,-20.0,-20.0,110.0,-5.77838710109282
792,7.92,-0.40915097149258484,-4.8212182444419565,5.503308316674087,6.145042242683198,-3.2185009803730193,-7.600275132632547,0.0,-20.0,-20.0,110.0,-5.778177260110545
793,7.930000000000001,-0.40864393829681084,-4.827787444687175,5.496368049397279,6.145567008125836,-3.217496738237215,-7.609622114218042,0.0,-20.0,-20.0,110.0,-5.777979294626674
794,7.94,-0.40813690510103684,-4.8343566449323925,5.489427782120471,6.146091609047898,-3.2164924106303263,-7.61896907738112,0.0,-20.0,-20.0,110.0,-5.777793198721568
795,7.95,-0.40762987190526284,-4.84092584517761,5.482487514843663,6.14661604543618,-3.2154879975792166,-7.628316022126013,0.0,-20.0,-20.0,110.0,-5.777618966381469
796,7.96,-0.40712283870948884,-4.847495045422828,5.475547247566855,6.147140317277501,-3.2144834991107643,-7.637662948456965,0.0,-20.0,-20.0,110.0,-5.777456591498459
797,7.97,-0.40661580551371485,-4.854064245668045,5.468606980290047,6.147664424558645,-3.213478915251828,-7.647009856378177,0.0,-20.0,-20.0,110.0,-5.777306067870446
798,7.98,-0.40610877231794085,-4.860633445913262,5.461666713013239,6.1481883672664335,-3.212474246029286,-7.6563567458938975,0.0,-20.0,-20.0,110.0,-5.777167389201127
799,7.99,-0.40560173912216685,-4.8672026461584785,5.454726445736431,6.148712145387687,-3.2114694914700155,-7.665703617008363,0.0,-20.0,-20.0,110.0,-5.777040549099976
800,8.0,-0.40509470592639285,-4.873771846403695,5.447786178459623,6.149235758909228,-3.2104646516008963,-7.675050469725812,0.0,-20.0,-20.0,110.0,-5.7769255410822264
801,8.01,-0.40458767273061885,-4.880341046648912,5.440845911182815,6.149759207817879,-3.2094597264488054,-7.684397304050482,0.0,-20.0,-20.0,110.0,-5.776822358568842
802,8.02,-0.40408063953484485,-4.886910246894129,5.433905643906007,6.150282492100473,-3.2084547160406265,-7.693744119986613,0.0,-20.0,-20.0,110.0,-5.776730994886514
803,8.03,-0.40357360633907086,-4.893479447139344,5.426965376629199,6.150805611743843,-3.2074496204032434,-7.703090917538451,0.0,-20.0,-20.0,110.0,-5.776651443267638
804,8.040000000000001,-0.40306657314329686,-4.90004864738456,5.420025109352391,6.151328566734827,-3.206444439563542,-7.71243769671024,0.0,-20.0,-20.0,110.0,-5.776583696850312
805,8.05,-0.40255953994752286,-4.906617847629776,5.413084842075583,6.151851357060273,-3.2054391735484105,-7.721784457506228,0.0,-20.0,-20.0,110.0,-5.776527748678314
806,8.06,-0.40205250675174886,-4.913187047874992,5.406144574798775,6.152373982707021,-3.2044338223847406,-7.731131199930663,0.0,-20.0,-20.0,110.0,-5.776483591701108
807,8.07,-0.40154547355597486,-4.9197562481202075,5.399204307521967,6.15289644366193,-3.203428386099422,-7.740477923987793,0.0,-20.0,-20.0,110.0,-5.776451218773835
808,8.08,-0.40103844036020087,-4.926325448365422,5.392264040245159,6.153418739911852,-3.202422864719353,-7.749824629681875,0.0,-20.0,-20.0,110.0,-5.776430622657299
809,8.09,-0.40053140716442687,-4.932894648610637,5.385323772968351,6.15394087144365,-3.2014172582714258,-7.759171317017162,0.0,-20.0,-20.0,110.0,-5.776421796017984
810,8.1,-0.40002437396865287,-4.939463848855852,5.378383505691543,6.1544628382441875,-3.200411566782542,-7.768517985997915,0.0,-20.0,-20.0,110.0,-5.776424731428039
811,8.11,-0.39951734077287887,-4.946033049101067,5.371443238414735,6.154984640300336,-3.1994057902796023,-7.777864636628387,0.0,-20.0,-20.0,110.0,-5.776439421365292
812,8.120000000000001,-0.3990103075771049,-4.952602249346282,5.364502971137927,6.155506277598968,-3.1983999287895077,-7.78721126891284,0.0,-20.0,-20.0,110.0,-5.776465858213247
813,8.13,-0.3985032743813309,-4.959171449591496,5.357562703861119,6.15602775012696,-3.197393982339165,-7.796557882855535,0.0,-20.0,-20.0,110.0,-5.776504034261097
814,8.14,-0.3979962411855569,-4.96574064983671,5.350622436584311,6.156549057871198,-3.1963879509554793,-7.805904478460741,0.0,-20.0,-20.0,110.0,-5.77655394170373
815,8.15,-0.3974892079897829,-4.972309850081924,5.343682169307503,6.157070200818565,-3.1953818346653606,-7.815251055732721,0.0,-20.0,-20.0,110.0,-5.776615572641735
816,8.16,-0.3969821747940089,-4.978879050327138,5.336741902030695,6.157591178955955,-3.1943756334957194,-7.824597614675742,0.0,-20.0,-20.0,110.0,-5.776688919081427
817,8.17,-0.3964751415982349,-4.985448250572351,5.3298016347538875,6.158111992270263,-3.1933693474734692,-7.83394415529408,0.0,-20.0,-20.0,110.0,-5.77677397293485
818,8.18,-0.3959681084024609,-4.992017450817564,5.3228613674770795,6.158632640748387,-3.1923629766255255,-7.843290677592,0.0,-20.0,-20.0,110.0,-5.776870726019803
819,8.19,-0.3954610752066869,-4.998586651062777,5.3159211002002715,6.159153124377233,-3.191356520978806,-7.852637181573779,0.0,-20.0,-20.0,110.0,-5.776979170059849
820,8.2,-0.3949540420109129,-5.005155851307991,5.308980832923464,6.159673443143711,-3.1903499805602284,-7.861983667243693,0.0,-20.0,-20.0,110.0,-5.777099296684347
821,8.21,-0.3944470088151389,-5.011725051553204,5.3020405656466565,6.16019359703473,-3.1893433553967143,-7.871330134606018,0.0,-20.0,-20.0,110.0,-5.777231097428466
822,8.22,-0.3939399756193649,-5.018294251798416,5.295100298369849,6.160713586037211,-3.1883366455151867,-7.880676583665036,0.0,-20.0,-20.0,110.0,-5.777374563733214
823,8.23,-0.3934329424235909,-5.024863452043628,5.288160031093042,6.161233410138073,-3.187329850942573,-7.8900230144250285,0.0,-20.0,-20.0,110.0,-5.777529686945464
824,8.24,-0.3929259092278169,-5.03143265228884,5.281219763816235,6.161753069324245,-3.1863229717058,-7.899369426890276,0.0,-20.0,-20.0,110.0,-5.777696458317983
825,8.25,-0.3924188760320429,-5.038001852534053,5.274279496539428,6.162272563582656,-3.1853160078317972,-7.908715821065067,0.0,-20.0,-20.0,110.0,-5.777874869009462
826,8.26,-0.3919118428362689,-5.044571052779265,5.267339229262621,6.16279189290024,-3.1843089593474954,-7.918062196953689,0.0,-20.0,-20.0,110.0,-5.77806491008455
827,8.27,-0.3914048096404949,-5.051140253024476,5.260398961985814,6.163311057263936,-3.1833018262798283,-7.9274085545604285,0.0,-20.0,-20.0,110.0,-5.778266572513879
828,8.28,-0.3908977764447209,-5.057709453269688,5.253458694709007,6.163830056660688,-3.182294608655731,-7.936754893889578,0.0,-20.0,-20.0,110.0,-5.778479847174121
829,8.290000000000001,-0.3903907432489469,-5.064278653514899,5.2465184274322,6.164348891077443,-3.1812873065021434,-7.94610121494543,0.0,-20.0,-20.0,110.0,-5.778704724848009
830,8.3,-0.3898837100531729,-5.07084785376011,5.239578160155393,6.164867560501153,-3.180279919846005,-7.955447517732279,0.0,-20.0,-20.0,110.0,-5.778941196224377
831,8.31,-0.3893766768573989,-5.077417054005321,5.232637892878586,6.165386064918776,-3.179272448714257,-7.964793802254425,0.0,-20.0,-20.0,110.0,-5.779189251898215
832,8.32,-0.3888696436616249,-5.083986254250531,5.225697625601779,6.165904404317272,-3.1782648931338424,-7.974140068516167,0.0,-20.0,-20.0,110.0,-5.7794488823706995
833,8.33,-0.3883626104658509,-5.090555454495742,5.218757358324972,6.166422578683609,-3.1772572531317085,-7.983486316521799,0.0,-20.0,-20.0,110.0,-5.77972007804925
834,8.34,-0.3878555772700769,-5.097124654740952,5.2118170910481645,6.166940588004752,-3.176249528734803,-7.992832546275632,0.0,-20.0,-20.0,110.0,-5.780002829247568
835,8.35,-0.3873485440743029,-5.103693854986163,5.204876823771357,6.1674584322676775,-3.175241719970076,-8.002178757781966,0.0,-20.0,-20.0,110.0,-5.780297126185693
836,8.36,-0.3868415108785289,-5.110263055231372,5.19793655649455,6.167976111459363,-3.17423382686448,-8.011524951045107,0.0,-20.0,-20.0,110.0,-5.780602958990052
837,8.370000000000001,-0.3863344776827549,-5.116832255476582,5.190996289217743,6.168493625566793,-3.1732258494449694,-8.020871126069364,0.0,-20.0,-20.0,110.0,-5.780920317693507
838,8.38,-0.3858274444869809,-5.123401455721791,5.184056021940936,6.169010974576952,-3.1722177877385,-8.030217282859049,0.0,-20.0,-20.0,110.0,-5.781249192235423
839,8.39,-0.3853204112912069,-5.129970655967001,5.177115754664129,6.169528158476831,-3.171209641772028,-8.03956342141847,0.0,-20.0,-20.0,110.0,-5.781589572461713
840,8.4,-0.3848133780954329,-5.13653985621221,5.170175487387322,6.170045177253428,-3.1702014115725174,-8.048909541751947,0.0,-20.0,-20.0,110.0,-5.781941448124904
841,8.41,-0.3843063448996589,-5.143109056457419,5.163235220110515,6.170562030893742,-3.169193097166928,-8.05825564386379,0.0,-20.0,-20.0,110.0,-5.78230480888419
842,8.42,-0.3837993117038849,-5.149678256702628,5.156294952833708,6.171078719384778,-3.168184698582227,-8.067601727758323,0.0,-20.0,-20.0,110.0,-5.782679644305506
843,8.43,-0.38329227850811093,-5.1562474569478365,5.149354685556901,6.171595242713544,-3.1671762158453785,-8.07694779343986,0.0,-20.0,-20.0,110.0,-5.783065943861578
844,8.44,-0.38278524531233693,-5.162816657193045,5.142414418280094,6.172111600867055,-3.1661676489833512,-8.086293840912727,0.0,-20.0,-20.0,110.0,-5.783463696932006
845,8.45,-0.38227821211656293,-5.169385857438254,5.135474151003287,6.172627793832327,-3.1651589980231156,-8.095639870181246,0.0,-20.0,-20.0,110.0,-5.783872892803316
846,8.46,-0.38177117892078893,-5.175955057683462,5.12853388372648,6.173143821596382,-3.1641502629916465,-8.104985881249743,0.0,-20.0,-20.0,110.0,-5.784293520669034
847,8.47,-0.38126414572501494,-5.182524257928669,5.1215936164496725,6.173659684146245,-3.1631414439159165,-8.114331874122545,0.0,-20.0,-20.0,110.0,-5.784725569629765
848,8.48,-0.38075711252924094,-5.189093458173877,5.114653349172865,6.174175381468951,-3.162132540822903,-8.12367784880398,0.0,-20.0,-20.0,110.0,-5.785169028693257
849,8.49,-0.38025007933346694,-5.195662658419085,5.107713081896058,6.174690913551531,-3.1611235537395834,-8.13302380529838,0.0,-20.0,-20.0,110.0,-5.785623886774481
850,8.5,-0.37974304613769294,-5.202231858664292,5.100772814619251,6.175206280381026,-3.1601144826929413,-8.14236974361008,0.0,-20.0,-20.0,110.0,-5.7860901326956995
851,8.51,-0.37923601294191894,-5.208801058909499,5.093832547342444,6.17572148194448,-3.159105327709956,-8.151715663743413,0.0,-20.0,-20.0,110.0,-5.7865677551865575
852,8.52,-0.37872897974614494,-5.215370259154706,5.086892280065637,6.176236518228938,-3.1580960888176133,-8.161061565702719,0.0,-20.0,-20.0,110.0,-5.787056742884153
853,8.53,-0.37822194655037095,-5.221939459399913,5.07995201278883,6.1767513892214545,-3.157086766042902,-8.17040744949233,0.0,-20.0,-20.0,110.0,-5.7875570843331205
854,8.540000000000001,-0.37771491335459695,-5.22850865964512,5.073011745512023,6.177266094909088,-3.1560773594128104,-8.179753315116594,0.0,-20.0,-20.0,110.0,-5.788068767985715
855,8.55,-0.37720788015882295,-5.235077859890326,5.066071478235216,6.177780635278897,-3.155067868954328,-8.189099162579845,0.0,-20.0,-20.0,110.0,-5.788591782201896
856,8.56,-0.37670084696304895,-5.241647060135532,5.059131210958409,6.178295010317948,-3.1540582946944493,-8.198444991886438,0.0,-20.0,-20.0,110.0,-5.789126115249418
857,8.57,-0.37619381376727495,-5.248216260380738,5.052190943681602,6.17880922001331,-3.153048636660168,-8.20779080304071,0.0,-20.0,-20.0,110.0,-5.78967175530391
858,8.58,-0.37568678057150096,-5.254785460625944,5.045250676404795,6.179323264352058,-3.152038894878482,-8.217136596047016,0.0,-20.0,-20.0,110.0,-5.790228690448979
859,8.59,-0.37517974737572696,-5.26135466087115,5.0383104091279876,6.17983714332127,-3.1510290693763916,-8.226482370909705,0.0,-20.0,-20.0,110.0,-5.790796908676282
860,8.6,-0.37467271417995296,-5.267923861116355,5.0313701418511805,6.180350856908032,-3.150019160180897,-8.235828127633129,0.0,-20.0,-20.0,110.0,-5.79137639788564
861,8.61,-0.37416568098417896,-5.27449306136156,5.024429874574373,6.180864405099428,-3.149009167319,-8.245173866221638,0.0,-20.0,-20.0,110.0,-5.79196714588512
862,8.620000000000001,-0.37365864778840496,-5.281062261606765,5.017489607297566,6.181377787882551,-3.1479990908177076,-8.254519586679587,0.0,-20.0,-20.0,110.0,-5.792569140391135
863,8.63,-0.37315161459263096,-5.28763146185197,5.010549340020759,6.181891005244496,-3.1469889307040253,-8.26386528901134,0.0,-20.0,-20.0,110.0,-5.793182369028539
864,8.64,-0.37264458139685697,-5.294200662097174,5.003609072743952,6.182404057172362,-3.1459786870049644,-8.273210973221257,0.0,-20.0,-20.0,110.0,-5.793806819330729
865,8.65,-0.37213754820108297,-5.300769862342379,4.996668805467145,6.182916943653256,-3.1449683597475344,-8.282556639313691,0.0,-20.0,-20.0,110.0,-5.794442478739749
866,8.66,-0.37163051500530897,-5.307339062587583,4.989728538190338,6.183429664674288,-3.14395794895875,-8.291902287293015,0.0,-20.0,-20.0,110.0,-5.795089334606384
867,8.67,-0.37112348180953497,-5.313908262832787,4.982788270913531,6.183942220222572,-3.1429474546656264,-8.301247917163588,0.0,-20.0,-20.0,110.0,-5.795747374190278
868,8.68,-0.370616448613761,-5.320477463077991,4.975848003636724,6.184454610285221,-3.14193687689518,-8.31059352892978,0.0,-20.0,-20.0,110.0,-5.796416584660019
869,8.69,-0.370109415417987,-5.327046663323195,4.968907736359917,6.184966834849362,-3.1409262156744306,-8.319939122595962,0.0,-20.0,-20.0,110.0,-5.797096953093265
870,8.700000000000001,-0.369602382222213,-5.333615863568398,4.96196746908311,6.185478893902118,-3.1399154710304003,-8.329284698166502,0.0,-20.0,-20.0,110.0,-5.797788466476843
871,8.71,-0.369095349026439,-5.3401850638136015,4.955027201806303,6.185990787430625,-3.1389046429901115,-8.338630255645771,0.0,-20.0,-20.0,110.0,-5.798491111706863
872,8.72,-0.368588315830665,-5.346754264058805,4.9480869345294956,6.186502515422013,-3.1378937315805895,-8.347975795038149,0.0,-20.0,-20.0,110.0,-5.799204875588824
873,8.73,-0.368081282634891,-5.353323464304008,4.9411466672526885,6.187014077863423,-3.1368827368288636,-8.357321316348008,0.0,-20.0,-20.0,110.0,-5.799929744837737
874,8.74,-0.367574249439117,-5.359892664549211,4.934206399975881,6.187525474742001,-3.1358716587619613,-8.36666681957973,0.0,-20.0,-20.0,110.0,-5.800665706078224
875,8.75,-0.367067216243343,-5.366461864794413,4.927266132699074,6.188036706044893,-3.134860497406916,-8.376012304737694,0.0,-20.0,-20.0,110.0,-5.801412745844651
876,8.76,-0.366560183047569,-5.373031065039616,4.920325865422267,6.188547771759255,-3.1338492527907595,-8.385357771826282,0.0,-20.0,-20.0,110.0,-5.802170850581234
877,8.77,-0.366053149851795,-5.379600265284818,4.91338559814546,6.189058671872242,-3.132837924940529,-8.394703220849879,0.0,-20.0,-20.0,110.0,-5.802940006642158
878,8.78,-0.365546116656021,-5.3861694655300205,4.906445330868653,6.189569406371015,-3.1318265138832615,-8.40404865181287,0.0,-20.0,-20.0,110.0,-5.803720200291704
879,8.790000000000001,-0.365039083460247,-5.392738665775222,4.899505063591846,6.19007997524274,-3.130815019645996,-8.413394064719645,0.0,-20.0,-20.0,110.0,-5.804511417704363
880,8.8,-0.364532050264473,-5.399307866020424,4.892564796315039,6.190590378474601,-3.129803442255781,-8.42273945957461,0.0,-20.0,-20.0,110.0,-5.805313644964958
881,8.81,-0.364025017068699,-5.405877066265625,4.885624529038232,6.191100616053747,-3.128791781739648,-8.432084836382122,0.0,-20.0,-20.0,110.0,-5.806126868068781
882,8.82,-0.363517983872925,-5.412446266510827,4.878684261761425,6.191610687967369,-3.1277800381246474,-8.441430195146594,0.0,-20.0,-20.0,110.0,-5.8069510729217
883,8.83,-0.363010950677151,-5.4190154667560275,4.871743994484618,6.192120594202649,-3.126768211437828,-8.450775535872417,0.0,-20.0,-20.0,110.0,-5.807786245340301
884,8.84,-0.362503917481377,-5.425584667001228,4.864803727207811,6.192630334746775,-3.1257563017062404,-8.460120858563991,0.0,-20.0,-20.0,110.0,-5.808632371052005
885,8.85,-0.361996884285603,-5.432153867246429,4.8578634599310035,6.193139909586942,-3.1247443089569344,-8.469466163225714,0.0,-20.0,-20.0,110.0,-5.809489435695203
886,8.86,-0.361489851089829,-5.43872306749163,4.8509231926541965,6.193649318710344,-3.1237322332169652,-8.478811449861993,0.0,-20.0,-20.0,110.0,-5.810357424819385
887,8.870000000000001,-0.360982817894055,-5.44529226773683,4.843982925377389,6.194158562104181,-3.1227200745133885,-8.488156718477226,0.0,-20.0,-20.0,110.0,-5.811236323885274
888,8.88,-0.360475784698281,-5.45186146798203,4.837042658100582,6.194667639755658,-3.1217078328732613,-8.497501969075817,0.0,-20.0,-20.0,110.0,-5.812126118264956
889,8.89,-0.359968751502507,-5.45843066822723,4.830102390823775,6.195176551651988,-3.1206955083236427,-8.506847201662174,0.0,-20.0,-20.0,110.0,-5.813026793242017
890,8.9,-0.359461718306733,-5.46499986847243,4.823162123546968,6.195685297780382,-3.119683100891596,-8.516192416240708,0.0,-20.0,-20.0,110.0,-5.813938334011675
891,8.91,-0.358954685110959,-5.4715690687176295,4.816221856270161,6.196193878128059,-3.1186706106041853,-8.52553761281583,0.0,-20.0,-20.0,110.0,-5.814860725680915
892,8.92,-0.358447651915185,-5.478138268962829,4.809281588993354,6.1967022926822395,-3.117658037488475,-8.534882791391947,0.0,-20.0,-20.0,110.0,-5.815793953268639
893,8.93,-0.357940618719411,-5.484707469208028,4.802341321716547,6.197210541430154,-3.116645381571535,-8.544227951973477,0.0,-20.0,-20.0,110.0,-5.816738001705794
894,8.94,-0.357433585523637,-5.491276669453227,4.79540105443974,6.197718624359031,-3.1156326428804326,-8.55357309456484,0.0,-20.0,-20.0,110.0,-5.817692855835509
895,8.950000000000001,-0.356926552327863,-5.497845869698426,4.788460787162933,6.198226541456109,-3.114619821442241,-8.562918219170447,0.0,-20.0,-20.0,110.0,-5.8186585004132505
896,8.96,-0.356419519132089,-5.504415069943625,4.781520519886126,6.198734292708626,-3.113606917284034,-8.572263325794722,0.0,-20.0,-20.0,110.0,-5.819634920106948
897,8.97,-0.355912485936315,-5.510984270188823,4.774580252609319,6.199241878103827,-3.112593930432887,-8.581608414442087,0.0,-20.0,-20.0,110.0,-5.820622099497154
898,8.98,-0.35540545274054103,-5.517553470434021,4.7676399853325115,6.199749297628959,-3.1115808609158786,-8.590953485116966,0.0,-20.0,-20.0,110.0,-5.821620023077177
899,8.99,-0.35489841954476703,-5.524122670679219,4.7606997180557045,6.200256551271277,-3.110567708760087,-8.600298537823784,0.0,-20.0,-20.0,110.0,-5.822628675253231
900,9.0,-0.35439138634899303,-5.530691870924417,4.753759450778897,6.20076363901804,-3.109554473992596,-8.609643572566968,0.0,-20.0,-20.0,110.0,-5.823648040344584
901,9.01,-0.35388435315321903,-5.537261071169615,4.746819183502091,6.201270560856505,-3.108541156640489,-8.618988589350947,0.0,-20.0,-20.0,110.0,-5.824678102583705
902,9.02,-0.35337731995744504,-5.543830271414812,4.739878916225285,6.201777316773945,-3.107527756730851,-8.628333588180155,0.0,-20.0,-20.0,110.0,-5.825718846116408
903,9.03,-0.35287028676167104,-5.550399471660009,4.732938648948479,6.202283906757625,-3.106514274290771,-8.63767856905902,0.0,-20.0,-20.0,110.0,-5.826770255002013
904,9.040000000000001,-0.35236325356589704,-5.5569686719052065,4.725998381671673,6.202790330794822,-3.1055007093473384,-8.647023531991984,0.0,-20.0,-20.0,110.0,-5.8278323132134835
905,9.05,-0.35185622037012304,-5.563537872150404,4.719058114394866,6.203296588872815,-3.104487061927645,-8.656368476983477,0.0,-20.0,-20.0,110.0,-5.82890500463759
906,9.06,-0.35134918717434904,-5.570107072395601,4.71211784711806,6.203802680978888,-3.103473332058784,-8.665713404037941,0.0,-20.0,-20.0,110.0,-5.829988313075058
907,9.07,-0.35084215397857504,-5.576676272640797,4.705177579841254,6.204308607100328,-3.1024595197678537,-8.67505831315982,0.0,-20.0,-20.0,110.0,-5.831082222240715
908,9.08,-0.35033512078280105,-5.583245472885993,4.698237312564448,6.20481436722443,-3.1014456250819493,-8.68440320435355,0.0,-20.0,-20.0,110.0,-5.832186715763662
909,9.09,-0.34982808758702705,-5.5898146731311895,4.691297045287642,6.205319961338489,-3.1004316480281724,-8.69374807762358,0.0,-20.0,-20.0,110.0,-5.833301777187415
910,9.1,-0.34932105439125305,-5.596383873376386,4.6843567780108355,6.2058253894298065,-3.0994175886336235,-8.703092932974352,0.0,-20.0,-20.0,110.0,-5.834427389970069
911,9.11,-0.34881402119547905,-5.602953073621582,4.677416510734029,6.206330651485689,-3.0984034469254076,-8.712437770410322,0.0,-20.0,-20.0,110.0,-5.835563537484447
912,9.120000000000001,-0.34830698799970505,-5.609522273866777,4.670476243457223,6.206835747493444,-3.0973892229306297,-8.721782589935932,0.0,-20.0,-20.0,110.0,-5.83671020301827
913,9.13,-0.34779995480393106,-5.616091474111973,4.663535976180417,6.207340677440388,-3.0963749166763983,-8.731127391555638,0.0,-20.0,-20.0,110.0,-5.8378673697743055
914,9.14,-0.34729292160815706,-5.622660674357168,4.656595708903611,6.2078454413138395,-3.0953605281898233,-8.740472175273895,0.0,-20.0,-20.0,110.0,-5.83903502087054
915,9.15,-0.34678588841238306,-5.6292298746023635,4.6496554416268046,6.208350039101119,-3.0943460574980155,-8.749816941095155,0.0,-20.0,-20.0,110.0,-5.84021313934033
916,9.16,-0.34627885521660906,-5.635799074847558,4.642715174349998,6.208854470789557,-3.09333150462809,-8.759161689023879,0.0,-20.0,-20.0,110.0,-5.84140170813256
917,9.17,-0.34577182202083506,-5.642368275092752,4.635774907073192,6.209358736366483,-3.0923168696071626,-8.76850641906452,0.0,-20.0,-20.0,110.0,-5.84260071011182
918,9.18,-0.34526478882506106,-5.648937475337947,4.628834639796386,6.209862835819237,-3.0913021524623505,-8.777851131221546,0.0,-20.0,-20.0,110.0,-5.84381012805856
919,9.19,-0.34475775562928707,-5.655506675583141,4.62189437251958,6.210366769135155,-3.0902873532207735,-8.787195825499417,0.0,-20.0,-20.0,110.0,-5.8450299446692515
920,9.200000000000001,-0.34425072243351307,-5.662075875828336,4.614954105242774,6.210870536301584,-3.0892724719095543,-8.7965405019026,0.0,-20.0,-20.0,110.0,-5.8462601425565595
921,9.21,-0.34374368923773907,-5.668645076073529,4.608013837965967,6.211374137305873,-3.0882575085558153,-8.805885160435558,0.0,-20.0,-20.0,110.0,-5.847500704249501
922,9.22,-0.34323665604196507,-5.675214276318723,4.601073570689161,6.211877572135375,-3.0872424631866826,-8.815229801102769,0.0,-20.0,-20.0,110.0,-5.848751612193615
923,9.23,-0.3427296228461911,-5.681783476563917,4.594133303412355,6.212380840777449,-3.086227335829286,-8.824574423908691,0.0,-20.0,-20.0,110.0,-5.850012848751135
924,9.24,-0.3422225896504171,-5.68835267680911,4.587193036135549,6.212883943219457,-3.085212126510753,-8.833919028857805,0.0,-20.0,-20.0,110.0,-5.851284396201148
925,9.25,-0.3417155564546431,-5.694921877054304,4.580252768858743,6.213386879448763,-3.0841968352582154,-8.843263615954582,0.0,-20.0,-20.0,110.0,-5.852566236739763
926,9.26,-0.3412085232588691,-5.7014910772994964,4.5733125015819365,6.213889649452743,-3.0831814620988087,-8.852608185203499,0.0,-20.0,-20.0,110.0,-5.853858352480292
927,9.27,-0.3407014900630951,-5.708060277544689,4.56637223430513,6.214392253218769,-3.082166007059667,-8.861952736609034,0.0,-20.0,-20.0,110.0,-5.855160725453402
928,9.28,-0.3401944568673211,-5.714629477789882,4.559431967028324,6.214894690734223,-3.081150470167928,-8.871297270175665,0.0,-20.0,-20.0,110.0,-5.856473337607305
929,9.290000000000001,-0.3396874236715471,-5.7211986780350745,4.552491699751518,6.215396961986488,-3.0801348514507336,-8.88064178590788,0.0,-20.0,-20.0,110.0,-5.857796170807912
930,9.3,-0.3391803904757731,-5.727767878280266,4.545551432474712,6.215899066962952,-3.0791191509352225,-8.889986283810156,0.0,-20.0,-20.0,110.0,-5.859129206839009
931,9.31,-0.3386733572799991,-5.734337078525458,4.5386111651979055,6.216401005651009,-3.07810336864854,-8.899330763886985,0.0,-20.0,-20.0,110.0,-5.860472427402443
932,9.32,-0.3381663240842251,-5.74090627877065,4.531670897921099,6.2169027780380555,-3.0770875046178316,-8.908675226142849,0.0,-20.0,-20.0,110.0,-5.861825814118271
933,9.33,-0.3376592908884511,-5.747475479015842,4.524730630644293,6.217404384111493,-3.0760715588702445,-8.91801967058224,0.0,-20.0,-20.0,110.0,-5.863189348524958
934,9.34,-0.3371522576926771,-5.754044679261034,4.517790363367487,6.217905823858728,-3.075055531432928,-8.927364097209646,0.0,-20.0,-20.0,110.0,-5.864563012079531
935,9.35,-0.3366452244969031,-5.7606138795062245,4.510850096090681,6.218407097267173,-3.0740394223330347,-8.936708506029559,0.0,-20.0,-20.0,110.0,-5.8659467861577586
936,9.36,-0.3361381913011291,-5.767183079751415,4.503909828813875,6.218908204324242,-3.073023231597718,-8.94605289704648,0.0,-20.0,-20.0,110.0,-5.867340652054339
937,9.370000000000001,-0.3356311581053551,-5.773752279996606,4.496969561537068,6.21940914501735,-3.0720069592541326,-8.955397270264903,0.0,-20.0,-20.0,110.0,-5.868744590983055
938,9.38,-0.3351241249095811,-5.780321480241797,4.490029294260262,6.219909919333925,-3.0709906053294374,-8.964741625689324,0.0,-20.0,-20.0,110.0,-5.870158584076967
939,9.39,-0.3346170917138071,-5.786890680486988,4.483089026983456,6.220410527261395,-3.0699741698507905,-8.974085963324246,0.0,-20.0,-20.0,110.0,-5.871582612388578
940,9.4,-0.3341100585180331,-5.793459880732178,4.47614875970665,6.22091096878719,-3.068957652845354,-8.983430283174169,0.0,-20.0,-20.0,110.0,-5.873016656890012
941,9.41,-0.3336030253222591,-5.800029080977368,4.469208492429844,6.221411243898746,-3.0679410543402916,-8.992774585243602,0.0,-20.0,-20.0,110.0,-5.874460698473203
942,9.42,-0.3330959921264851,-5.806598281222558,4.4622682251530374,6.221911352583507,-3.066924374362768,-9.002118869537044,0.0,-20.0,-20.0,110.0,-5.875914717950052
943,9.43,-0.3325889589307111,-5.813167481467748,4.455327957876231,6.222411294828918,-3.0659076129399505,-9.011463136059007,0.0,-20.0,-20.0,110.0,-5.8773786960526255
944,9.44,-0.3320819257349371,-5.819736681712938,4.448387690599425,6.222911070622427,-3.0648907700990096,-9.020807384813999,0.0,-20.0,-20.0,110.0,-5.878852613433315
945,9.450000000000001,-0.3315748925391631,-5.8263058819581275,4.441447423322619,6.223410679951489,-3.0638738458671155,-9.030151615806535,0.0,-20.0,-20.0,110.0,-5.880336450665033
946,9.46,-0.3310678593433891,-5.832875082203317,4.434507156045813,6.223910122803563,-3.0628568402714422,-9.039495829041122,0.0,-20.0,-20.0,110.0,-5.881830188241381
947,9.47,-0.3305608261476151,-5.839444282448506,4.4275668887690065,6.22440939916611,-3.0618397533391652,-9.048840024522281,0.0,-20.0,-20.0,110.0,-5.883333806576828
948,9.48,-0.3300537929518411,-5.846013482693695,4.4206266214922,6.2249085090266,-3.060822585097461,-9.058184202254528,0.0,-20.0,-20.0,110.0,-5.8848472860069
949,9.49,-0.3295467597560671,-5.852582682938883,4.413686354215394,6.225407452372501,-3.0598053355735093,-9.067528362242381,0.0,-20.0,-20.0,110.0,-5.8863706067883514
950,9.5,-0.3290397265602931,-5.859151883184071,4.406746086938588,6.225906229191293,-3.0587880047944913,-9.076872504490362,0.0,-20.0,-20.0,110.0,-5.8879037490993476
951,9.51,-0.3285326933645191,-5.86572108342926,4.399805819661782,6.2264048394704545,-3.0577705927875902,-9.086216629002992,0.0,-20.0,-20.0,110.0,-5.889446693039645
952,9.52,-0.3280256601687451,-5.872290283674448,4.392865552384976,6.226903283197472,-3.056753099579991,-9.095560735784796,0.0,-20.0,-20.0,110.0,-5.890999418630773
953,9.53,-0.3275186269729711,-5.878859483919636,4.385925285108169,6.22740156035983,-3.055735525198881,-9.1049048248403,0.0,-20.0,-20.0,110.0,-5.892561905816214
954,9.540000000000001,-0.32701159377719713,-5.885428684164824,4.378985017831363,6.227899670945027,-3.054717869671448,-9.114248896174033,0.0,-20.0,-20.0,110.0,-5.8941341344615825
955,9.55,-0.32650456058142313,-5.891997884410011,4.372044750554557,6.228397614940557,-3.0537001330248845,-9.123592949790524,0.0,-20.0,-20.0,110.0,-5.895716084354811
956,9.56,-0.32599752738564913,-5.898567084655198,4.365104483277751,6.228895392333926,-3.052682315286384,-9.132936985694307,0.0,-20.0,-20.0,110.0,-5.897307735206328
957,9.57,-0.32549049418987513,-5.905136284900386,4.358164216000945,6.229393003112637,-3.05166441648314,-9.142281003889915,0.0,-20.0,-20.0,110.0,-5.898909066649243
958,9.58,-0.32498346099410114,-5.911705485145573,4.351223948724138,6.2298904472642045,-3.0506464366423507,-9.151625004381879,0.0,-20.0,-20.0,110.0,-5.90052005823952
959,9.59,-0.32447642779832714,-5.9182746853907595,4.344283681447332,6.230387724776143,-3.0496283757912144,-9.160968987174742,0.0,-20.0,-20.0,110.0,-5.902140689456171
960,9.6,-0.32396939460255314,-5.924843885635946,4.337343414170526,6.2308848356359725,-3.0486102339569316,-9.170312952273042,0.0,-20.0,-20.0,110.0,-5.903770939701431
961,9.61,-0.32346236140677914,-5.9314130858811325,4.33040314689372,6.2313817798312146,-3.047592011166705,-9.17965689968132,0.0,-20.0,-20.0,110.0,-5.905410788300939
962,9.620000000000001,-0.32295532821100514,-5.937982286126319,4.323462879616914,6.2318785573494,-3.0465737074477404,-9.189000829404119,0.0,-20.0,-20.0,110.0,-5.907060214503928
963,9.63,-0.32244829501523115,-5.9445514863715045,4.3165226123401075,6.232375168178062,-3.0455553228272443,-9.198344741445982,0.0,-20.0,-20.0,110.0,-5.908719197483394
964,9.64,-0.32194126181945715,-5.95112068661669,4.309582345063301,6.232871612304734,-3.044536857332424,-9.20768863581146,0.0,-20.0,-20.0,110.0,-5.910387716336296
965,9.65,-0.32143422862368315,-5.957689886861876,4.302642077786495,6.233367889716963,-3.043518310990491,-9.217032512505096,0.0,-20.0,-20.0,110.0,-5.912065750083721
966,9.66,-0.32092719542790915,-5.964259087107061,4.295701810509689,6.2338640004022885,-3.0424996838286584,-9.226376371531444,0.0,-20.0,-20.0,110.0,-5.913753277671077
967,9.67,-0.32042016223213515,-5.970828287352247,4.288761543232883,6.2343599443482685,-3.041480975874141,-9.235720212895055,0.0,-20.0,-20.0,110.0,-5.915450277968274
968,9.68,-0.31991312903636115,-5.977397487597432,4.2818212759560765,6.234855721542454,-3.0404621871541546,-9.245064036600485,0.0,-20.0,-20.0,110.0,-5.917156729769903
969,9.69,-0.31940609584058716,-5.983966687842616,4.27488100867927,6.235351331972404,-3.039443317695918,-9.254407842652286,0.0,-20.0,-20.0,110.0,-5.918872611795417
970,9.700000000000001,-0.31889906264481316,-5.990535888087801,4.267940741402464,6.235846775625682,-3.038424367526651,-9.26375163105502,0.0,-20.0,-20.0,110.0,-5.920597902689326
971,9.71,-0.31839202944903916,-5.997105088332986,4.261000474125658,6.236342052489856,-3.0374053366735763,-9.273095401813244,0.0,-20.0,-20.0,110.0,-5.92233258102136
972,9.72,-0.31788499625326516,-6.00367428857817,4.254060206848852,6.236837162552498,-3.036386225163919,-9.28243915493152,0.0,-20.0,-20.0,110.0,-5.924076625286667
973,9.73,-0.31737796305749116,-6.010243488823354,4.247119939572046,6.237332105801187,-3.035367033024904,-9.291782890414414,0.0,-20.0,-20.0,110.0,-5.925830013905985
974,9.74,-0.31687092986171717,-6.016812689068538,4.240179672295239,6.2378268822235015,-3.034347760283761,-9.301126608266488,0.0,-20.0,-20.0,110.0,-5.927592725225831
975,9.75,-0.31636389666594317,-6.023381889313722,4.233239405018433,6.238321491807025,-3.0333284069677195,-9.310470308492308,0.0,-20.0,-20.0,110.0,-5.929364737518679
976,9.76,-0.31585686347016917,-6.029951089558906,4.226299137741627,6.238815934539352,-3.0323089731040116,-9.319813991096446,0.0,-20.0,-20.0,110.0,-5.931146028983141
977,9.77,-0.31534983027439517,-6.0365202898040895,4.219358870464821,6.239310210408074,-3.031289458719872,-9.329157656083469,0.0,-20.0,-20.0,110.0,-5.932936577744155
978,9.78,-0.3148427970786212,-6.043089490049272,4.212418603188015,6.23980431940079,-3.030269863842535,-9.338501303457956,0.0,-20.0,-20.0,110.0,-5.934736361853153
979,9.790000000000001,-0.3143357638828472,-6.049658690294455,4.2054783359112085,6.240298261505103,-3.0292501884992413,-9.347844933224472,0.0,-20.0,-20.0,110.0,-5.93654535928826
980,9.8,-0.3138287306870732,-6.056227890539638,4.198538068634402,6.240792036708619,-3.0282304327172285,-9.357188545387602,0.0,-20.0,-20.0,110.0,-5.938363547954459
981,9.81,-0.3133216974912992,-6.062797090784821,4.191597801357597,6.241285644998952,-3.02721059652374,-9.366532139951916,0.0,-20.0,-20.0,110.0,-5.940190905683785
982,9.82,-0.3128146642955252,-6.069366291030003,4.184657534080792,6.241779086363717,-3.0261906799460183,-9.375875716922,0.0,-20.0,-20.0,110.0,-5.942027410235491
983,9.83,-0.3123076310997512,-6.075935491275185,4.177717266803986,6.242272360790535,-3.025170683011311,-9.385219276302433,0.0,-20.0,-20.0,110.0,-5.943873039296243
984,9.84,-0.3118005979039772,-6.082504691520367,4.170776999527181,6.242765468267029,-3.0241506057468643,-9.3945628180978,0.0,-20.0,-20.0,110.0,-5.94572777048029
985,9.85,-0.3112935647082032,-6.089073891765549,4.163836732250376,6.243258408780829,-3.023130448179929,-9.403906342312684,0.0,-20.0,-20.0,110.0,-5.947591581329652
986,9.86,-0.3107865315124292,-6.095643092010731,4.1568964649735705,6.24375118231957,-3.0221102103377553,-9.413249848951674,0.0,-20.0,-20.0,110.0,-5.9494644493142905
987,9.870000000000001,-0.3102794983166552,-6.1022122922559126,4.149956197696765,6.244243788870887,-3.0210898922475966,-9.422593338019357,0.0,-20.0,-20.0,110.0,-5.951346351832291
988,9.88,-0.3097724651208812,-6.108781492501094,4.14301593041996,6.244736228422424,-3.02006949393671,-9.431936809520325,0.0,-20.0,-20.0,110.0,-5.953237266210047
989,9.89,-0.3092654319251072,-6.115350692746275,4.136075663143155,6.245228500961829,-3.0190490154323526,-9.441280263459173,0.0,-20.0,-20.0,110.0,-5.955137169702434
990,9.9,-0.3087583987293332,-6.121919892991456,4.129135395866349,6.245720606476753,-3.0180284567617828,-9.450623699840495,0.0,-20.0,-20.0,110.0,-5.9570460394929885
991,9.91,-0.3082513655335592,-6.128489093236637,4.122195128589544,6.246212544954846,-3.0170078179522632,-9.459967118668883,0.0,-20.0,-20.0,110.0,-5.958963852694081
992,9.92,-0.3077443323377852,-6.135058293481817,4.115254861312739,6.2467043163837745,-3.015987099031056,-9.469310519948941,0.0,-20.0,-20.0,110.0,-5.9608905863471024
993,9.93,-0.3072372991420112,-6.141627493726998,4.108314594035933,6.247195920751199,-3.014966300025428,-9.478653903685265,0.0,-20.0,-20.0,110.0,-5.962826217422639
994,9.94,-0.3067302659462372,-6.148196693972178,4.101374326759128,6.247687358044789,-3.013945420962645,-9.487997269882458,0.0,-20.0,-20.0,110.0,-5.964770722820641
995,9.950000000000001,-0.3062232327504632,-6.154765894217358,4.094434059482323,6.2481786282522185,-3.012924461869975,-9.49734061854512,0.0,-20.0,-20.0,110.0,-5.96672407937061
996,9.96,-0.3057161995546892,-6.161335094462538,4.0874937922055175,6.248669731361164,-3.0119034227746924,-9.506683949677864,0.0,-20.0,-20.0,110.0,-5.968686263831766
997,9.97,-0.3052091663589152,-6.167904294707717,4.080553524928712,6.249160667359309,-3.0108823037040673,-9.516027263285292,0.0,-20.0,-20.0,110.0,-5.97065725289323
998,9.98,-0.3047021331631412,-6.174473494952896,4.073613257651907,6.249651436234337,-3.009861104685375,-9.525370559372014,0.0,-20.0,-20.0,110.0,-5.972637023174192
999,9.99,-0.3041950999673672,-6.181042695198076,4.0666729903751015,6.250142037973939,-3.0088398257458935,-9.534713837942645,0.0,-20.0,-20.0,110.0,-5.974625551224093
1000,10.0,-0.3036880667715932,-6.187611895443255,4.059732723098296,6.25063247256581,-3.0078184669129,-9.544057099001792,0.0,-20.0,-20.0,110.0,-5.97662281352279
1001,10.01,-0.3031810335758192,-6.194181095688434,4.052792455821491,6.251122739997651,-3.006797028213676,-9.553400342554072,0.0,-20.0,-20.0,110.0,-5.978628786480734
1002,10.02,-0.3026740003800452,-6.200750295933612,4.045852188544686,6.251612840257162,-3.005775509675504,-9.5627435686041,0.0,-20.0,-20.0,110.0,-5.980643446439152
1003,10.03,-0.3021669671842712,-6.2073194961787905,4.03891192126788,6.252102773332052,-3.0047539113256687,-9.5720867771565,0.0,-20.0,-20.0,110.0,-5.9826667696702005
1004,10.040000000000001,-0.3016599339884972,-6.213888696423969,4.031971653991075,6.252592539210036,-3.0037322331914567,-9.581429968215884,0.0,-20.0,-20.0,110.0,-5.9846987323771526
1005,10.05,-0.3011529007927232,-6.2204578966691475,4.02503138671427,6.253082137878828,-3.002710475300156,-9.590773141786881,0.0,-20.0,-20.0,110.0,-5.986739310694561
1006,10.06,-0.3006458675969492,-6.227027096914325,4.018091119437464,6.2535715693261515,-3.0016886376790577,-9.600116297874111,0.0,-20.0,-20.0,110.0,-5.988788480688437
1007,10.07,-0.3001388344011752,-6.233596297159503,4.011150852160659,6.25406083353973,-3.0006667203554533,-9.609459436482199,0.0,-20.0,-20.0,110.0,-5.990846218356411
1008,10.08,-0.2996318012054012,-6.24016549740468,4.004210584883854,6.2545499305072925,-2.9996447233566372,-9.618802557615773,0.0,-20.0,-20.0,110.0,-5.99291249962791
1009,10.09,-0.29912476800962723,-6.246734697649858,3.9972703176070485,6.255038860216593,-2.9986226467099133,-9.628145661279486,0.0,-20.0,-20.0,110.0,-5.9949873003643175
1010,10.1,-0.29861773481385323,-6.2533038978950355,3.9903300503302432,6.255527622655337,-2.997600490442564,-9.637488747477924,0.0,-20.0,-20.0,110.0,-5.997070596359157
1011,10.11,-0.29811070161807923,-6.259873098140212,3.983389783053438,6.256016217811282,-2.996578254581898,-9.646831816215743,0.0,-20.0,-20.0,110.0,-5.999162363338243
1012,10.120000000000001,-0.29760366842230523,-6.266442298385389,3.9764495157766326,6.256504645672175,-2.9955559391552162,-9.656174867497578,0.0,-20.0,-20.0,110.0,-6.001262576959858
1013,10.13,-0.29709663522653124,-6.273011498630566,3.9695092484998273,6.2569929062257685,-2.9945335441898226,-9.66551790132806,0.0,-20.0,-20.0,110.0,-6.003371212814913
1014,10.14,-0.29658960203075724,-6.279580698875742,3.962568981223022,6.257480999459822,-2.9935110697130236,-9.674860917711836,0.0,-20.0,-20.0,110.0,-6.005488246427122
1015,10.15,-0.29608256883498324,-6.286149899120918,3.9556287139462167,6.257968925362092,-2.9924885157521257,-9.684203916653539,0.0,-20.0,-20.0,110.0,-6.007613653253156
1016,10.16,-0.29557553563920924,-6.292719099366094,3.9486884466694114,6.258456683920342,-2.99146588233444,-9.69354689815781,0.0,-20.0,-20.0,110.0,-6.009747408682814
1017,10.17,-0.29506850244343524,-6.29928829961127,3.941748179392606,6.258944275122347,-2.9904431694872775,-9.702889862229304,0.0,-20.0,-20.0,110.0,-6.0118894880391895
1018,10.18,-0.29456146924766125,-6.305857499856446,3.934807912115801,6.259431698955877,-2.989420377237951,-9.712232808872654,0.0,-20.0,-20.0,110.0,-6.014039866578823
1019,10.19,-0.29405443605188725,-6.312426700101621,3.9278676448389955,6.259918955408709,-2.988397505613776,-9.721575738092511,0.0,-20.0,-20.0,110.0,-6.016198519491872
1020,10.200000000000001,-0.29354740285611325,-6.318995900346796,3.9209273775621902,6.260406044468628,-2.9873745546420705,-9.73091864989353,0.0,-20.0,-20.0,110.0,-6.018365421902272
1021,10.21,-0.29304036966033925,-6.325565100591971,3.913987110285385,6.2608929661234205,-2.9863515243501526,-9.740261544280356,0.0,-20.0,-20.0,110.0,-6.0205405488678965
1022,10.22,-0.29253333646456525,-6.332134300837146,3.9070468430085796,6.261379720360877,-2.985328414765344,-9.749604421257647,0.0,-20.0,-20.0,110.0,-6.022723875380711
1023,10.23,-0.29202630326879125,-6.338703501082321,3.9001065757317743,6.261866307168794,-2.9843052259149676,-9.758947280830055,0.0,-20.0,-20.0,110.0,-6.024915376366941
1024,10.24,-0.29151927007301726,-6.345272701327496,3.893166308454969,6.26235272653497,-2.9832819578263488,-9.768290123002233,0.0,-20.0,-20.0,110.0,-6.027115026687226
1025,10.25,-0.29101223687724326,-6.35184190157267,3.8862260411781637,6.262838978447211,-2.982258610526815,-9.777632947778844,0.0,-20.0,-20.0,110.0,-6.029322801136773
1026,10.26,-0.29050520368146926,-6.358411101817844,3.8792857739013584,6.2633250628933235,-2.981235184043694,-9.786975755164546,0.0,-20.0,-20.0,110.0,-6.031538674445523
1027,10.27,-0.28999817048569526,-6.364980302063018,3.872345506624553,6.263810979861123,-2.9802116784043156,-9.796318545164002,0.0,-20.0,-20.0,110.0,-6.033762621278299
1028,10.28,-0.28949113728992126,-6.371549502308192,3.865405239347748,6.264296729338428,-2.979188093636015,-9.805661317781876,0.0,-20.0,-20.0,110.0,-6.035994616234955
1029,10.290000000000001,-0.28898410409414726,-6.378118702553365,3.8584649720709425,6.264782311313056,-2.9781644297661254,-9.815004073022834,0.0,-20.0,-20.0,110.0,-6.038234633850548
1030,10.3,-0.28847707089837327,-6.384687902798539,3.851524704794137,6.265267725772835,-2.9771406868219827,-9.82434681089154,0.0,-20.0,-20.0,110.0,-6.040482648595479
1031,10.31,-0.28797003770259927,-6.391257103043712,3.844584437517332,6.265752972705597,-2.976116864830926,-9.83368953139267,0.0,-20.0,-20.0,110.0,-6.042738634875638
1032,10.32,-0.28746300450682527,-6.397826303288885,3.8376441702405266,6.26623805209918,-2.9750929638202956,-9.843032234530888,0.0,-20.0,-20.0,110.0,-6.045002567032574
1033,10.33,-0.28695597131105127,-6.404395503534058,3.8307039029637213,6.266722963941419,-2.9740689838174332,-9.852374920310869,0.0,-20.0,-20.0,110.0,-6.047274419343633
1034,10.34,-0.2864489381152773,-6.41096470377923,3.823763635686916,6.267207708220158,-2.9730449248496833,-9.861717588737287,0.0,-20.0,-20.0,110.0,-6.0495541660221095
1035,10.35,-0.2859419049195033,-6.417533904024403,3.8168233684101107,6.267692284923244,-2.972020786944391,-9.87106023981482,0.0,-20.0,-20.0,110.0,-6.051841781217394
1036,10.36,-0.2854348717237293,-6.424103104269575,3.8098831011333054,6.268176694038533,-2.970996570128905,-9.880402873548148,0.0,-20.0,-20.0,110.0,-6.054137239015123
1037,10.370000000000001,-0.2849278385279553,-6.430672304514747,3.8029428338565,6.268660935553883,-2.9699722744305768,-9.889745489941946,0.0,-20.0,-20.0,110.0,-6.0564405134373285
1038,10.38,-0.2844208053321813,-6.437241504759919,3.796002566579695,6.269145009457152,-2.9689478998767553,-9.8990880890009,0.0,-20.0,-20.0,110.0,-6.058751578442577
1039,10.39,-0.2839137721364073,-6.443810705005091,3.7890622993028895,6.269628915736207,-2.9679234464947957,-9.908430670729693,0.0,-20.0,-20.0,110.0,-6.061070407926116
1040,10.4,-0.2834067389406333,-6.450379905250262,3.782122032026084,6.270112654378918,-2.9668989143120523,-9.917773235133012,0.0,-20.0,-20.0,110.0,-6.063396975720023
1041,10.41,-0.2828997057448593,-6.4569491054954335,3.7751817647492794,6.2705962253731595,-2.9658743033558843,-9.92711578221554,0.0,-20.0,-20.0,110.0,-6.065731255593341
1042,10.42,-0.2823926725490853,-6.463518305740605,3.7682414974724745,6.271079628706812,-2.9648496136536497,-9.93645831198197,0.0,-20.0,-20.0,110.0,-6.0680732212522255
1043,10.43,-0.2818856393533113,-6.470087505985776,3.7613012301956696,6.271562864367757,-2.96382484523271,-9.94580082443699,0.0,-20.0,-20.0,110.0,-6.070422846340082
1044,10.44,-0.2813786061575373,-6.476656706230947,3.754360962918865,6.272045932343881,-2.962799998120428,-9.955143319585297,0.0,-20.0,-20.0,110.0,-6.072780104437706
1045,10.450000000000001,-0.2808715729617633,-6.483225906476117,3.74742069564206,6.2725288326230775,-2.9617750723441696,-9.964485797431582,0.0,-20.0,-20.0,110.0,-6.075144969063425
1046,10.46,-0.2803645397659893,-6.489795106721288,3.740480428365255,6.273011565193242,-2.9607500679313006,-9.973828257980543,0.0,-20.0,-20.0,110.0,-6.07751741367323
1047,10.47,-0.2798575065702153,-6.496364306966458,3.73354016108845,6.273494130042277,-2.959724984909191,-9.983170701236876,0.0,-20.0,-20.0,110.0,-6.07989741166092
1048,10.48,-0.2793504733744413,-6.502933507211628,3.7265998938116454,6.273976527158087,-2.9586998233052113,-9.992513127205283,0.0,-20.0,-20.0,110.0,-6.082284936358229
1049,10.49,-0.2788434401786673,-6.5095027074567975,3.7196596265348405,6.274458756528582,-2.957674583146735,-10.001855535890469,0.0,-20.0,-20.0,110.0,-6.084679961034963
1050,10.5,-0.2783364069828933,-6.516071907701967,3.7127193592580356,6.274940818141675,-2.9566492644611344,-10.011197927297127,0.0,-20.0,-20.0,110.0,-6.087082458899141
1051,10.51,-0.2778293737871193,-6.522641107947137,3.705779091981231,6.275422711985286,-2.9556238672757873,-10.020540301429975,0.0,-20.0,-20.0,110.0,-6.089492403097109
1052,10.52,-0.2773223405913453,-6.529210308192306,3.698838824704426,6.275904438047351,-2.9545983916180787,-10.029882658293735,0.0,-20.0,-20.0,110.0,-6.091909766713696
1053,10.53,-0.2768153073955713,-6.535779508437475,3.691898557427621,6.276385996315769,-2.9535728375153765,-10.039224997893072,0.0,-20.0,-20.0,110.0,-6.094334522772322
1054,10.540000000000001,-0.2763082741997973,-6.542348708682644,3.684958290150816,6.276867386778485,-2.9525472049950685,-10.048567320232722,0.0,-20.0,-20.0,110.0,-6.096766644235134
1055,10.55,-0.2758012410040233,-6.5489179089278124,3.6780180228740114,6.277348609423435,-2.9515214940845396,-10.057909625317397,0.0,-20.0,-20.0,110.0,-6.099206104003139
1056,10.56,-0.2752942078082493,-6.555487109172981,3.6710777555972065,6.277829664238562,-2.950495704811173,-10.067251913151805,0.0,-20.0,-20.0,110.0,-6.101652874916326
1057,10.57,-0.2747871746124753,-6.56205630941815,3.6641374883204016,6.278310551211805,-2.94946983720236,-10.076594183740669,0.0,-20.0,-20.0,110.0,-6.1041069297537875
1058,10.58,-0.2742801414167013,-6.568625509663318,3.657197221043597,6.278791270331119,-2.9484438912854887,-10.085936437088705,0.0,-20.0,-20.0,110.0,-6.106568241233847
1059,10.59,-0.2737731082209273,-6.5751947099084855,3.650256953766792,6.279271821584457,-2.947417867087951,-10.095278673200632,0.0,-20.0,-20.0,110.0,-6.109036782014189
1060,10.6,-0.2732660750251533,-6.581763910153653,3.643316686489987,6.279752204959771,-2.9463917646371387,-10.104620892081172,0.0,-20.0,-20.0,110.0,-6.1115125246919675
1061,10.61,-0.2727590418293793,-6.588333110398821,3.636376419213182,6.280232420445028,-2.9453655839604496,-10.113963093735052,0.0,-20.0,-20.0,110.0,-6.113995441803934
1062,10.620000000000001,-0.2722520086336053,-6.594902310643988,3.6294361519363774,6.280712468028194,-2.94433932508528,-10.12330527816699,0.0,-20.0,-20.0,110.0,-6.116485505826557
1063,10.63,-0.2717449754378313,-6.601471510889155,3.6224958846595725,6.28119234769724,-2.9433129880390294,-10.13264744538172,0.0,-20.0,-20.0,110.0,-6.118982689176137
1064,10.64,-0.27123794224205733,-6.608040711134322,3.6155556173827677,6.281672059440142,-2.942286572849098,-10.141989595383967,0.0,-20.0,-20.0,110.0,-6.121486964208931
1065,10.65,-0.27073090904628333,-6.614609911379489,3.608615350105963,6.282151603244877,-2.9412600795428903,-10.151331728178462,0.0,-20.0,-20.0,110.0,-6.1239983032212555
1066,10.66,-0.27022387585050933,-6.621179111624656,3.601675082829158,6.282630979099432,-2.9402335081478093,-10.160673843769938,0.0,-20.0,-20.0,110.0,-6.12651667844961
1067,10.67,-0.26971684265473533,-6.627748311869822,3.594734815552353,6.283110186991796,-2.9392068586912634,-10.170015942163129,0.0,-20.0,-20.0,110.0,-6.129042062070785
1068,10.68,-0.26920980945896134,-6.634317512114988,3.5877945482755482,6.2835892269099585,-2.9381801312006606,-10.179358023362772,0.0,-20.0,-20.0,110.0,-6.131574426201983
1069,10.69,-0.26870277626318734,-6.640886712360154,3.5808542809987434,6.28406809884192,-2.93715332570341,-10.1887000873736,0.0,-20.0,-20.0,110.0,-6.134113742900916
1070,10.700000000000001,-0.26819574306741334,-6.64745591260532,3.5739140137219385,6.284546802775681,-2.936126442226925,-10.198042134200358,0.0,-20.0,-20.0,110.0,-6.1366599841659255
1071,10.71,-0.26768870987163934,-6.654025112850486,3.5669737464451337,6.285025338699249,-2.935099480798622,-10.20738416384779,0.0,-20.0,-20.0,110.0,-6.139213121936084
1072,10.72,-0.26718167667586534,-6.660594313095651,3.560033479168329,6.285503706600633,-2.934072441445914,-10.21672617632063,0.0,-20.0,-20.0,110.0,-6.1417731280913035
1073,10.73,-0.26667464348009134,-6.6671635133408165,3.553093211891524,6.285981906467847,-2.93304532419622,-10.226068171623627,0.0,-20.0,-20.0,110.0,-6.144339974452443
1074,10.74,-0.26616761028431735,-6.673732713585982,3.546152944614719,6.286459938288913,-2.9320181290769614,-10.23541014976153,0.0,-20.0,-20.0,110.0,-6.146913632781413
1075,10.75,-0.26566057708854335,-6.680301913831147,3.5392126773379142,6.286937802051852,-2.930990856115557,-10.244752110739086,0.0,-20.0,-20.0,110.0,-6.14949407478127
1076,10.76,-0.26515354389276935,-6.686871114076312,3.5322724100611094,6.287415497744694,-2.9299635053394337,-10.254094054561042,0.0,-20.0,-20.0,110.0,-6.152081272096328
1077,10.77,-0.26464651069699535,-6.693440314321476,3.5253321427843045,6.28789302535547,-2.9289360767760155,-10.263435981232155,0.0,-20.0,-20.0,110.0,-6.154675196312254
1078,10.78,-0.26413947750122135,-6.7000095145666405,3.5183918755074997,6.288370384872218,-2.9279085704527295,-10.272777890757174,0.0,-20.0,-20.0,110.0,-6.157275818956169
1079,10.790000000000001,-0.26363244430544736,-6.706578714811805,3.511451608230695,6.28884757628298,-2.9268809863970056,-10.28211978314086,0.0,-20.0,-20.0,110.0,-6.15988311149674
1080,10.8,-0.26312541110967336,-6.713147915056969,3.50451134095389,6.289324599575799,-2.9258533246362752,-10.291461658387966,0.0,-20.0,-20.0,110.0,-6.162497045344282
1081,10.81,-0.26261837791389936,-6.7197171153021324,3.4975710736770855,6.289801454738727,-2.9248255851979708,-10.300803516503255,0.0,-20.0,-20.0,110.0,-6.165117591850847
1082,10.82,-0.26211134471812536,-6.726286315547296,3.490630806400281,6.290278141759819,-2.923797768109527,-10.310145357491484,0.0,-20.0,-20.0,110.0,-6.167744722310326
1083,10.83,-0.26160431152235136,-6.732855515792459,3.4836905391234767,6.290754660627131,-2.922769873398382,-10.319487181357417,0.0,-20.0,-20.0,110.0,-6.170378407958531
1084,10.84,-0.26109727832657736,-6.739424716037623,3.4767502718466723,6.29123101132873,-2.921741901091973,-10.328828988105823,0.0,-20.0,-20.0,110.0,-6.173018619973291
1085,10.85,-0.26059024513080337,-6.745993916282786,3.469810004569868,6.29170719385268,-2.9207138512177413,-10.33817077774146,0.0,-20.0,-20.0,110.0,-6.1756653294745405
1086,10.86,-0.26008321193502937,-6.7525631165279485,3.4628697372930635,6.292183208187055,-2.9196857238031297,-10.347512550269103,0.0,-20.0,-20.0,110.0,-6.178318507524403
1087,10.870000000000001,-0.25957617873925537,-6.759132316773111,3.455929470016259,6.29265905431993,-2.9186575188755826,-10.356854305693522,0.0,-20.0,-20.0,110.0,-6.180978125127284
1088,10.88,-0.25906914554348137,-6.7657015170182735,3.4489892027394546,6.2931347322393885,-2.917629236462545,-10.366196044019484,0.0,-20.0,-20.0,110.0,-6.183644153229952
1089,10.89,-0.2585621123477074,-6.772270717263436,3.4420489354626502,6.2936102419335125,-2.916600876591466,-10.375537765251764,0.0,-20.0,-20.0,110.0,-6.186316562721623
1090,10.9,-0.2580550791519334,-6.7788399175085985,3.435108668185846,6.294085583390393,-2.9155724392897944,-10.38487946939514,0.0,-20.0,-20.0,110.0,-6.188995324434038
1091,10.91,-0.2575480459561594,-6.78540911775376,3.4281684009090414,6.2945607565981225,-2.9145439245849833,-10.394221156454385,0.0,-20.0,-20.0,110.0,-6.1916804091415525
1092,10.92,-0.2570410127603854,-6.791978317998922,3.421228133632237,6.295035761544802,-2.9135153325044856,-10.403562826434282,0.0,-20.0,-20.0,110.0,-6.194371787561207
1093,10.93,-0.2565339795646114,-6.798547518244083,3.4142878663554326,6.29551059821853,-2.9124866630757573,-10.412904479339609,0.0,-20.0,-20.0,110.0,-6.197069430352804
1094,10.94,-0.2560269463688374,-6.805116718489245,3.407347599078628,6.29598526660742,-2.9114579163262553,-10.42224611517515,0.0,-20.0,-20.0,110.0,-6.199773308118998
1095,10.950000000000001,-0.2555199131730634,-6.811685918734406,3.4004073318018238,6.296459766699578,-2.9104290922834397,-10.431587733945687,0.0,-20.0,-20.0,110.0,-6.20248339140535
1096,10.96,-0.2550128799772894,-6.818255118979566,3.3934670645250193,6.296934098483122,-2.90940019097477,-10.44092933565601,0.0,-20.0,-20.0,110.0,-6.205199650700421
1097,10.97,-0.2545058467815154,-6.824824319224727,3.386526797248215,6.297408261946186,-2.908371212427717,-10.450270920310924,0.0,-20.0,-20.0,110.0,-6.207922056435822
1098,10.98,-0.2539988135857414,-6.831393519469888,3.3795865299714105,6.297882257076866,-2.9073421566697326,-10.459612487915175,0.0,-20.0,-20.0,110.0,-6.210650578986304
1099,10.99,-0.2534917803899674,-6.8379627197150485,3.372646262694606,6.298356083863307,-2.9063130237282895,-10.468954038473582,0.0,-20.0,-20.0,110.0,-6.213385188669819
1100,11.0,-0.2529847471941934,-6.844531919960208,3.3657059954178017,6.2988297422936395,-2.9052838136308567,-10.478295571990929,0.0,-20.0,-20.0,110.0,-6.216125855747577
1101,11.01,-0.2524777139984194,-6.851101120205368,3.3587657281409973,6.299303232356002,-2.904254526404904,-10.487637088472017,0.0,-20.0,-20.0,110.0,-6.218872550424133
1102,11.02,-0.2519706808026454,-6.857670320450528,3.351825460864193,6.299776554038539,-2.903225162077905,-10.496978587921642,0.0,-20.0,-20.0,110.0,-6.221625242847433
1103,11.03,-0.2514636476068714,-6.864239520695688,3.3448851935873884,6.300249707329394,-2.9021957206773314,-10.506320070344602,0.0,-20.0,-20.0,110.0,-6.224383903108885
1104,11.040000000000001,-0.2509566144110974,-6.870808720940848,3.337944926310584,6.300722692216722,-2.901166202230662,-10.515661535745696,0.0,-20.0,-20.0,110.0,-6.227148501243416
1105,11.05,-0.2504495812153234,-6.877377921186007,3.3310046590337796,6.301195508688676,-2.9001366067653733,-10.525002984129726,0.0,-20.0,-20.0,110.0,-6.229919007229538
1106,11.06,-0.24994254801954943,-6.883947121431166,3.324064391756975,6.301668156733415,-2.8991069343089455,-10.534344415501499,0.0,-20.0,-20.0,110.0,-6.232695390989398
1107,11.07,-0.24943551482377546,-6.8905163216763246,3.317124124480171,6.3021406363391055,-2.8980771848888605,-10.543685829865819,0.0,-20.0,-20.0,110.0,-6.23547762238884
1108,11.08,-0.2489284816280015,-6.8970855219214835,3.3101838572033664,6.302612947493913,-2.8970473585326015,-10.553027227227492,0.0,-20.0,-20.0,110.0,-6.238265671237461
1109,11.09,-0.24842144843222752,-6.903654722166642,3.303243589926562,6.303085090186012,-2.8960174552676525,-10.562368607591324,0.0,-20.0,-20.0,110.0,-6.241059507288661
1110,11.1,-0.24791441523645355,-6.9102239224118005,3.2963033226497576,6.30355706440358,-2.894987475121503,-10.571709970962132,0.0,-20.0,-20.0,110.0,-6.243859100239691
1111,11.11,-0.24740738204067958,-6.916793122656959,3.289363055372953,6.304028870134799,-2.89395741812164,-10.581051317344725,0.0,-20.0,-20.0,110.0,-6.2466644197317125
1112,11.120000000000001,-0.2469003488449056,-6.923362322902117,3.2824227880961487,6.304500507367856,-2.8929272842955553,-10.590392646743918,0.0,-20.0,-20.0,110.0,-6.249475435349842
1113,11.13,-0.24639331564913164,-6.929931523147275,3.2754825208193443,6.304971976090939,-2.8918970736707426,-10.599733959164526,0.0,-20.0,-20.0,110.0,-6.252292116623197
1114,11.14,-0.24588628245335767,-6.936500723392432,3.26854225354254,6.305443276292244,-2.890866786274694,-10.609075254611367,0.0,-20.0,-20.0,110.0,-6.255114433024944
1115,11.15,-0.2453792492575837,-6.943069923637589,3.2616019862657355,6.305914407959973,-2.8898364221349087,-10.618416533089263,0.0,-20.0,-20.0,110.0,-6.257942353972338
1116,11.16,-0.24487221606180973,-6.949639123882746,3.254661718988931,6.306385371082325,-2.888805981278883,-10.627757794603035,0.0,-20.0,-20.0,110.0,-6.26077584882677
1117,11.17,-0.24436518286603576,-6.956208324127903,3.2477214517121267,6.306856165647512,-2.887775463734118,-10.637099039157503,0.0,-20.0,-20.0,110.0,-6.263614886893809
1118,11.18,-0.2438581496702618,-6.9627775243730605,3.2407811844353223,6.307326791643745,-2.886744869528116,-10.646440266757496,0.0,-20.0,-20.0,110.0,-6.266459437423231
1119,11.19,-0.24335111647448782,-6.969346724618217,3.233840917158518,6.30779724905924,-2.88571419868838,-10.655781477407835,0.0,-20.0,-20.0,110.0,-6.269309469609069
1120,11.200000000000001,-0.24284408327871385,-6.975915924863373,3.2269006498817134,6.308267537882221,-2.884683451242416,-10.665122671113355,0.0,-20.0,-20.0,110.0,-6.272164952589643
1121,11.21,-0.24233705008293988,-6.982485125108529,3.2199603826049095,6.30873765810091,-2.8836526272177325,-10.674463847878885,0.0,-20.0,-20.0,110.0,-6.275025855447592
1122,11.22,-0.2418300168871659,-6.989054325353686,3.2130201153281055,6.30920760970354,-2.8826217266418372,-10.683805007709253,0.0,-20.0,-20.0,110.0,-6.277892147209915
1123,11.23,-0.24132298369139193,-6.995623525598842,3.2060798480513015,6.309677392678343,-2.8815907495422417,-10.693146150609294,0.0,-20.0,-20.0,110.0,-6.280763796847996
1124,11.24,-0.24081595049561796,-7.002192725843997,3.1991395807744976,6.310147007013562,-2.8805596959464608,-10.702487276583849,0.0,-20.0,-20.0,110.0,-6.283640773277623
1125,11.25,-0.240308917299844,-7.008761926089153,3.1921993134976936,6.3106164526974355,-2.879528565882007,-10.71182838563775,0.0,-20.0,-20.0,110.0,-6.286523045359048
1126,11.26,-0.23980188410407002,-7.015331126334308,3.1852590462208896,6.311085729718214,-2.878497359376399,-10.721169477775836,0.0,-20.0,-20.0,110.0,-6.289410581896977
1127,11.27,-0.23929485090829605,-7.0219003265794635,3.1783187789440857,6.311554838064151,-2.8774660764571545,-10.730510553002954,0.0,-20.0,-20.0,110.0,-6.292303351640615
1128,11.28,-0.23878781771252208,-7.028469526824618,3.1713785116672817,6.312023777723496,-2.8764347171517946,-10.739851611323939,0.0,-20.0,-20.0,110.0,-6.295201323283685
1129,11.290000000000001,-0.2382807845167481,-7.0350387270697725,3.1644382443904777,6.312492548684518,-2.8754032814878414,-10.749192652743636,0.0,-20.0,-20.0,110.0,-6.298104465464446
1130,11.3,-0.23777375132097414,-7.041607927314927,3.1574979771136737,6.312961150935479,-2.874371769492818,-10.758533677266897,0.0,-20.0,-20.0,110.0,-6.30101274676572
1131,11.31,-0.23726671812520017,-7.0481771275600815,3.15055770983687,6.3134295844646475,-2.8733401811942523,-10.767874684898565,0.0,-20.0,-20.0,110.0,-6.3039261357149
1132,11.32,-0.2367596849294262,-7.054746327805236,3.143617442560066,6.313897849260299,-2.872308516619671,-10.77721567564349,0.0,-20.0,-20.0,110.0,-6.306844600783979
1133,11.33,-0.23625265173365223,-7.06131552805039,3.136677175283262,6.314365945310712,-2.871276775796604,-10.786556649506522,0.0,-20.0,-20.0,110.0,-6.309768110389544
1134,11.34,-0.23574561853787826,-7.067884728295543,3.129736908006458,6.3148338726041695,-2.8702449587525827,-10.795897606492519,0.0,-20.0,-20.0,110.0,-6.312696632892817
1135,11.35,-0.2352385853421043,-7.074453928540697,3.122796640729654,6.315301631128958,-2.86921306551514,-10.805238546606331,0.0,-20.0,-20.0,110.0,-6.315630136599643
1136,11.36,-0.23473155214633032,-7.0810231287858505,3.11585637345285,6.315769220873368,-2.868181096111812,-10.814579469852818,0.0,-20.0,-20.0,110.0,-6.318568589760512
1137,11.370000000000001,-0.23422451895055635,-7.087592329031004,3.108916106176046,6.316236641825697,-2.867149050570135,-10.82392037623684,0.0,-20.0,-20.0,110.0,-6.321511960570561
1138,11.38,-0.23371748575478238,-7.094161529276157,3.101975838899242,6.316703893974246,-2.8661169289176494,-10.833261265763252,0.0,-20.0,-20.0,110.0,-6.324460217169583
1139,11.39,-0.2332104525590084,-7.10073072952131,3.095035571622438,6.3171709773073195,-2.865084731181894,-10.842602138436922,0.0,-20.0,-20.0,110.0,-6.327413327642034
1140,11.4,-0.23270341936323444,-7.107299929766462,3.088095304345634,6.317637891813225,-2.8640524573904127,-10.851942994262709,0.0,-20.0,-20.0,110.0,-6.330371260017032
1141,11.41,-0.23219638616746047,-7.113869130011615,3.08115503706883,6.318104637480279,-2.8630201075707484,-10.861283833245476,0.0,-20.0,-20.0,110.0,-6.333333982268357
1142,11.42,-0.2316893529716865,-7.120438330256768,3.074214769792026,6.318571214296797,-2.8619876817504486,-10.870624655390097,0.0,-20.0,-20.0,110.0,-6.336301462314454
1143,11.43,-0.23118231977591253,-7.12700753050192,3.067274502515222,6.319037622251101,-2.8609551799570605,-10.87996546070144,0.0,-20.0,-20.0,110.0,-6.339273668018431
1144,11.44,-0.23067528658013856,-7.133576730747071,3.060334235238418,6.31950386133152,-2.8599226022181345,-10.889306249184372,0.0,-20.0,-20.0,110.0,-6.342250567188056
1145,11.450000000000001,-0.23016825338436459,-7.140145930992223,3.053393967961614,6.3199699315263835,-2.8588899485612225,-10.898647020843772,0.0,-20.0,-20.0,110.0,-6.345232127575746
1146,11.46,-0.22966122018859061,-7.146715131237375,3.0464537006848103,6.320435832824028,-2.8578572190138773,-10.907987775684502,0.0,-20.0,-20.0,110.0,-6.348218316878565
1147,11.47,-0.22915418699281664,-7.153284331482526,3.0395134334080063,6.320901565212792,-2.856824413603655,-10.917328513711448,0.0,-20.0,-20.0,110.0,-6.3512091027382125
1148,11.48,-0.22864715379704267,-7.159853531727677,3.0325731661312023,6.321367128681024,-2.8557915323581127,-10.926669234929488,0.0,-20.0,-20.0,110.0,-6.354204452741013
1149,11.49,-0.2281401206012687,-7.166422731972828,3.0256328988543983,6.3218325232170685,-2.854758575304809,-10.936009939343496,0.0,-20.0,-20.0,110.0,-6.35720433441791
1150,11.5,-0.22763308740549473,-7.172991932217979,3.0186926315775944,6.322297748809278,-2.853725542471304,-10.945350626958358,0.0,-20.0,-20.0,110.0,-6.360208715244433
1151,11.51,-0.22712605420972076,-7.17956113246313,3.0117523643007904,6.322762805446014,-2.852692433885162,-10.954691297778954,0.0,-20.0,-20.0,110.0,-6.363217562640708
1152,11.52,-0.2266190210139468,-7.18613033270828,3.0048120970239864,6.323227693115636,-2.851659249573947,-10.964031951810169,0.0,-20.0,-20.0,110.0,-6.366230843971421
1153,11.53,-0.22611198781817282,-7.19269953295343,2.9978718297471825,6.32369241180651,-2.850625989565225,-10.97337258905689,0.0,-20.0,-20.0,110.0,-6.369248526545803
1154,11.540000000000001,-0.22560495462239885,-7.19926873319858,2.9909315624703785,6.3241569615070095,-2.8495926538865652,-10.982713209524007,0.0,-20.0,-20.0,110.0,-6.372270577617613
1155,11.55,-0.22509792142662488,-7.20583793344373,2.9839912951935745,6.324621342205508,-2.8485592425655364,-10.992053813216412,0.0,-20.0,-20.0,110.0,-6.375296964385111
1156,11.56,-0.2245908882308509,-7.21240713368888,2.9770510279167706,6.325085553890383,-2.8475257556297104,-11.001394400138988,0.0,-20.0,-20.0,110.0,-6.378327653991036
1157,11.57,-0.22408385503507694,-7.218976333934029,2.9701107606399666,6.325549596550023,-2.846492193106661,-11.010734970296637,0.0,-20.0,-20.0,110.0,-6.381362613522577
1158,11.58,-0.22357682183930297,-7.2255455341791786,2.9631704933631626,6.326013470172812,-2.8454585550239644,-11.020075523694247,0.0,-20.0,-20.0,110.0,-6.384401810011347
1159,11.59,-0.223069788643529,-7.232114734424328,2.9562302260863587,6.326477174747145,-2.844424841409197,-11.029416060336724,0.0,-20.0,-20.0,110.0,-6.387445210433356
1160,11.6,-0.22256275544775503,-7.238683934669477,2.9492899588095547,6.326940710261419,-2.8433910522899377,-11.038756580228961,0.0,-20.0,-20.0,110.0,-6.3904927817089705
1161,11.61,-0.22205572225198106,-7.245253134914625,2.942349691532751,6.327404076704035,-2.8423571876937683,-11.048097083375856,0.0,-20.0,-20.0,110.0,-6.393544490702893
1162,11.620000000000001,-0.2215486890562071,-7.2518223351597735,2.9354094242559476,6.3278672740634,-2.8413232476482713,-11.05743756978232,0.0,-20.0,-20.0,110.0,-6.396600304224118
1163,11.63,-0.22104165586043312,-7.258391535404922,2.928469156979144,6.32833030232792,-2.8402892321810302,-11.066778039453245,0.0,-20.0,-20.0,110.0,-6.399660189025894
1164,11.64,-0.22053462266465915,-7.26496073565007,2.9215288897023406,6.328793161486031,-2.839255141319639,-11.076118492393572,0.0,-20.0,-20.0,110.0,-6.402724111805689
1165,11.65,-0.22002758946888518,-7.271529935895218,2.914588622425537,6.329255851526121,-2.8382209750916734,-11.085458928608157,0.0,-20.0,-20.0,110.0,-6.405792039205159
1166,11.66,-0.2195205562731112,-7.278099136140366,2.9076483551487335,6.329718372436626,-2.8371867335247294,-11.094799348101928,0.0,-20.0,-20.0,110.0,-6.408863937810082
1167,11.67,-0.21901352307733724,-7.284668336385513,2.90070808787193,6.330180724205973,-2.836152416646397,-11.104139750879805,0.0,-20.0,-20.0,110.0,-6.411939774150344
1168,11.68,-0.21850648988156327,-7.2912375366306605,2.8937678205951265,6.3306429068225984,-2.835118024484273,-11.113480136946693,0.0,-20.0,-20.0,110.0,-6.415019514699865
1169,11.69,-0.2179994566857893,-7.297806736875808,2.886827553318323,6.331104920274935,-2.8340835570659504,-11.122820506307509,0.0,-20.0,-20.0,110.0,-6.418103125876575
1170,11.700000000000001,-0.21749242349001532,-7.304375937120955,2.8798872860415194,6.331566764551425,-2.8330490144190263,-11.13216085896717,0.0,-20.0,-20.0,110.0,-6.42119057404235
1171,11.71,-0.21698539029424135,-7.310945137366102,2.872947018764716,6.332028439640516,-2.8320143965711013,-11.141501194930592,0.0,-20.0,-20.0,110.0,-6.424281825502965
1172,11.72,-0.21647835709846738,-7.317514337611248,2.8660067514879124,6.332489945530657,-2.8309797035497772,-11.150841514202698,0.0,-20.0,-20.0,110.0,-6.427376846508049
1173,11.73,-0.2159713239026934,-7.324083537856395,2.859066484211109,6.332951282210302,-2.8299449353826547,-11.160181816788404,0.0,-20.0,-20.0,110.0,-6.430475603251018
1174,11.74,-0.21546429070691944,-7.330652738101541,2.8521262169343053,6.333412449667907,-2.8289100920973387,-11.169522102692637,0.0,-20.0,-20.0,110.0,-6.433578061869027
1175,11.75,-0.21495725751114547,-7.337221938346688,2.845185949657502,6.333873447891942,-2.8278751737214365,-11.178862371920323,0.0,-20.0,-20.0,110.0,-6.436684188442912
1176,11.76,-0.2144502243153715,-7.3437911385918335,2.8382456823806983,6.334334276870869,-2.826840180282555,-11.188202624476384,0.0,-20.0,-20.0,110.0,-6.439793948997125
1177,11.77,-0.21394319111959753,-7.350360338836979,2.8313054151038948,6.334794936593161,-2.8258051118083043,-11.197542860365752,0.0,-20.0,-20.0,110.0,-6.442907309499678
1178,11.78,-0.21343615792382356,-7.356929539082125,2.8243651478270912,6.335255427047295,-2.8247699683262963,-11.206883079593357,0.0,-20.0,-20.0,110.0,-6.446024235862076
1179,11.790000000000001,-0.2129291247280496,-7.36349873932727,2.8174248805502877,6.335715748221751,-2.8237347498641445,-11.216223282164126,0.0,-20.0,-20.0,110.0,-6.449144693939256
1180,11.8,-0.21242209153227562,-7.370067939572415,2.810484613273484,6.336175900105014,-2.8226994564494645,-11.225563468083001,0.0,-20.0,-20.0,110.0,-6.452268649529516
1181,11.81,-0.21191505833650165,-7.37663713981756,2.8035443459966807,6.3366358826855755,-2.8216640881098747,-11.23490363735491,0.0,-20.0,-20.0,110.0,-6.455396068374447
1182,11.82,-0.21140802514072768,-7.383206340062705,2.796604078719877,6.337095695951927,-2.8206286448729916,-11.24424378998479,0.0,-20.0,-20.0,110.0,-6.458526916158865
1183,11.83,-0.2109009919449537,-7.389775540307849,2.7896638114430736,6.337555339892568,-2.819593126766439,-11.253583925977587,0.0,-20.0,-20.0,110.0,-6.461661158510738
1184,11.84,-0.21039395874917974,-7.396344740552994,2.78272354416627,6.338014814496004,-2.818557533817836,-11.262924045338236,0.0,-20.0,-20.0,110.0,-6.4647987610011075
1185,11.85,-0.20988692555340577,-7.402913940798138,2.7757832768894666,6.338474119750737,-2.8175218660548094,-11.272264148071676,0.0,-20.0,-20.0,110.0,-6.467939689144024
1186,11.86,-0.2093798923576318,-7.409483141043282,2.768843009612663,6.338933255645281,-2.8164861235049843,-11.281604234182856,0.0,-20.0,-20.0,110.0,-6.4710839083964515
1187,11.870000000000001,-0.20887285916185783,-7.416052341288426,2.7619027423358595,6.339392222168153,-2.815450306195989,-11.290944303676724,0.0,-20.0,-20.0,110.0,-6.474231384158206
1188,11.88,-0.20836582596608386,-7.4226215415335695,2.754962475059056,6.33985101930787,-2.8144144141554532,-11.30028435655822,0.0,-20.0,-20.0,110.0,-6.477382081771866
1189,11.89,-0.20785879277030989,-7.429190741778713,2.7480222077822525,6.340309647052963,-2.813378447411009,-11.3096243928323,0.0,-20.0,-20.0,110.0,-6.480535966522689
1190,11.9,-0.20735175957453592,-7.435759942023856,2.741081940505449,6.3407681053919545,-2.812342405990289,-11.31896441250391,0.0,-20.0,-20.0,110.0,-6.483693003638526
1191,11.91,-0.20684472637876195,-7.442329142268999,2.7341416732286454,6.341226394313381,-2.8113062899209296,-11.328304415578007,0.0,-20.0,-20.0,110.0,-6.4868531582897395
1192,11.92,-0.20633769318298797,-7.448898342514142,2.727201405951842,6.34168451380578,-2.8102700992305665,-11.33764440205954,0.0,-20.0,-20.0,110.0,-6.490016395589113
1193,11.93,-0.205830659987214,-7.455467542759285,2.7202611386750384,6.3421424638576935,-2.8092338339468386,-11.34698437195347,0.0,-20.0,-20.0,110.0,-6.49318268059176
1194,11.94,-0.20532362679144003,-7.462036743004427,2.713320871398235,6.342600244457671,-2.808197494097388,-11.356324325264751,0.0,-20.0,-20.0,110.0,-6.496351978295029
1195,11.950000000000001,-0.20481659359566606,-7.468605943249569,2.7063806041214313,6.343057855594258,-2.8071610797098563,-11.365664261998345,0.0,-20.0,-20.0,110.0,-6.499524253638416
1196,11.96,-0.2043095603998921,-7.475175143494711,2.699440336844628,6.343515297256017,-2.8061245908118866,-11.375004182159211,0.0,-20.0,-20.0,110.0,-6.5026994715034645
1197,11.97,-0.20380252720411812,-7.481744343739853,2.6925000695678243,6.343972569431503,-2.805088027431126,-11.384344085752314,0.0,-20.0,-20.0,110.0,-6.505877596713674
1198,11.98,-0.20329549400834415,-7.4883135439849955,2.6855598022910208,6.344429672109282,-2.8040513895952204,-11.393683972782618,0.0,-20.0,-20.0,110.0,-6.509058594034391
1199,11.99,-0.20278846081257018,-7.494882744230137,2.6786195350142172,6.344886605277924,-2.8030146773318223,-11.40302384325509,0.0,-20.0,-20.0,110.0,-6.512242428172711
1200,12.0,-0.2022814276167962,-7.501451944475278,2.6716792677374137,6.345343368926,-2.801977890668582,-11.412363697174694,0.0,-20.0,-20.0,110.0,-6.515429063777386
1201,12.01,-0.20177439442102224,-7.508021144720419,2.6647390004606106,6.345799963042087,-2.8009410296331514,-11.421703534546406,0.0,-20.0,-20.0,110.0,-6.518618465438704
1202,12.02,-0.20126736122524827,-7.51459034496556,2.6577987331838075,6.34625638761477,-2.7999040942531868,-11.431043355375193,0.0,-20.0,-20.0,110.0,-6.521810597688398
1203,12.030000000000001,-0.2007603280294743,-7.521159545210701,2.6508584659070045,6.346712642632635,-2.798867084556344,-11.440383159666032,0.0,-20.0,-20.0,110.0,-6.525005424999518
1204,12.040000000000001,-0.20025329483370033,-7.527728745455842,2.6439181986302014,6.3471687280842675,-2.797830000570282,-11.449722947423895,0.0,-20.0,-20.0,110.0,-6.5282029117863445
1205,12.05,-0.19974626163792636,-7.534297945700982,2.6369779313533983,6.34762464395827,-2.796792842322661,-11.45906271865376,0.0,-20.0,-20.0,110.0,-6.53140302240426
1206,12.06,-0.1992392284421524,-7.540867145946122,2.6300376640765952,6.348080390243237,-2.795755609841143,-11.468402473360605,0.0,-20.0,-20.0,110.0,-6.53460572114964
1207,12.07,-0.19873219524637842,-7.547436346191263,2.623097396799792,6.348535966927776,-2.7947183031533926,-11.477742211549408,0.0,-20.0,-20.0,110.0,-6.537810972259739
1208,12.08,-0.19822516205060445,-7.554005546436403,2.616157129522989,6.348991374000495,-2.793680922287075,-11.487081933225157,0.0,-20.0,-20.0,110.0,-6.54101873991257
1209,12.09,-0.19771812885483048,-7.560574746681542,2.609216862246186,6.349446611450006,-2.7926434672698583,-11.496421638392832,0.0,-20.0,-20.0,110.0,-6.544228988226787
1210,12.1,-0.1972110956590565,-7.567143946926682,2.602276594969383,6.349901679264925,-2.7916059381294103,-11.505761327057417,0.0,-20.0,-20.0,110.0,-6.5474416812615654
1211,12.11,-0.19670406246328254,-7.573713147171821,2.59533632769258,6.350356577433875,-2.7905683348934036,-11.515100999223899,0.0,-20.0,-20.0,110.0,-6.55065678301648
1212,12.120000000000001,-0.19619702926750857,-7.5802823474169605,2.5883960604157767,6.350811305945481,-2.7895306575895087,-11.524440654897267,0.0,-20.0,-20.0,110.0,-6.5538742574313735
1213,12.13,-0.1956899960717346,-7.586851547662099,2.5814557931389737,6.351265864788375,-2.788492906245402,-11.533780294082517,0.0,-20.0,-20.0,110.0,-6.557094068386236
1214,12.14,-0.19518296287596062,-7.5934207479072375,2.5745155258621706,6.351720253951203,-2.7874550808887664,-11.543119916784658,0.0,-20.0,-20.0,110.0,-6.560316179701076
1215,12.15,-0.19467592968018665,-7.599989948152376,2.5675752585853675,6.35217447342258,-2.7864171815472667,-11.552459523008638,0.0,-20.0,-20.0,110.0,-6.563540555135796
1216,12.16,-0.19416889648441268,-7.606559148397515,2.5606349913085644,6.352628523191161,-2.785379208248589,-11.561799112759479,0.0,-20.0,-20.0,110.0,-6.566767158390045
1217,12.17,-0.1936618632886387,-7.613128348642653,2.5536947240317613,6.353082403245593,-2.7843411610204147,-11.571138686042175,0.0,-20.0,-20.0,110.0,-6.5699959531030965
1218,12.18,-0.19315483009286474,-7.619697548887791,2.5467544567549583,6.353536113574532,-2.783303039890429,-11.580478242861725,0.0,-20.0,-20.0,110.0,-6.573226902853711
1219,12.19,-0.19264779689709077,-7.626266749132928,2.539814189478155,6.353989654166634,-2.7822648448863156,-11.589817783223134,0.0,-20.0,-20.0,110.0,-6.576459971160003
1220,12.200000000000001,-0.1921407637013168,-7.632835949378066,2.532873922201352,6.354443025010557,-2.7812265760357615,-11.599157307131401,0.0,-20.0,-20.0,110.0,-6.579695121479291
1221,12.21,-0.19163373050554283,-7.639405149623204,2.525933654924549,6.354896226094971,-2.7801882333664567,-11.608496814591533,0.0,-20.0,-20.0,110.0,-6.582932317207966
1222,12.22,-0.19112669730976886,-7.645974349868341,2.518993387647746,6.355349257408545,-2.779149816906091,-11.617836305608535,0.0,-20.0,-20.0,110.0,-6.58617152168134
1223,12.23,-0.1906196641139949,-7.652543550113478,2.512053120370943,6.35580211893995,-2.7781113266823576,-11.627175780187411,0.0,-20.0,-20.0,110.0,-6.589412698173511
1224,12.24,-0.19011263091822092,-7.659112750358615,2.50511285309414,6.356254810677868,-2.7770727627229492,-11.636515238333176,0.0,-20.0,-20.0,110.0,-6.592655809897215
1225,12.25,-0.18960559772244695,-7.6656819506037515,2.4981725858173367,6.3567073326109815,-2.7760341250555634,-11.645854680050837,0.0,-20.0,-20.0,110.0,-6.595900820003665
1226,12.26,-0.18909856452667298,-7.672251150848888,2.4912323185405336,6.357159684727978,-2.7749954137078974,-11.655194105345407,0.0,-20.0,-20.0,110.0,-6.599147691582417
1227,12.27,-0.188591531330899,-7.678820351094024,2.4842920512637305,6.357611867017553,-2.77395662870765,-11.664533514221903,0.0,-20.0,-20.0,110.0,-6.602396387661213
1228,12.280000000000001,-0.18808449813512504,-7.68538955133916,2.4773517839869275,6.358063879468398,-2.772917770082523,-11.673872906685341,0.0,-20.0,-20.0,110.0,-6.6056468712058205
1229,12.290000000000001,-0.18757746493935107,-7.691958751584296,2.4704115167101244,6.358515722069218,-2.7718788378602195,-11.683212282740737,0.0,-20.0,-20.0,110.0,-6.608899105119882
1230,12.3,-0.1870704317435771,-7.698527951829432,2.4634712494333213,6.358967394808716,-2.7708398320684435,-11.692551642393111,0.0,-20.0,-20.0,110.0,-6.612153052244763
1231,12.31,-0.18656339854780313,-7.7050971520745675,2.456530982156518,6.359418897675602,-2.7698007527349024,-11.701890985647482,0.0,-20.0,-20.0,110.0,-6.615408675359384
1232,12.32,-0.18605636535202916,-7.711666352319702,2.449590714879715,6.35987023065859,-2.7687615998873043,-11.711230312508878,0.0,-20.0,-20.0,110.0,-6.618665937180055
1233,12.33,-0.1855493321562552,-7.718235552564837,2.442650447602912,6.360321393746401,-2.7677223735533594,-11.720569622982323,0.0,-20.0,-20.0,110.0,-6.621924800360336
1234,12.34,-0.18504229896048122,-7.724804752809972,2.435710180326109,6.360772386927754,-2.7666830737607793,-11.729908917072839,0.0,-20.0,-20.0,110.0,-6.625185227490841
1235,12.35,-0.18453526576470725,-7.731373953055107,2.428769913049306,6.361223210191377,-2.765643700537278,-11.73924819478546,0.0,-20.0,-20.0,110.0,-6.628447181099098
1236,12.36,-0.18402823256893328,-7.737943153300242,2.421829645772503,6.361673863526002,-2.7646042539105706,-11.748587456125211,0.0,-20.0,-20.0,110.0,-6.631710623649361
1237,12.370000000000001,-0.1835211993731593,-7.744512353545376,2.4148893784956997,6.362124346920368,-2.7635647339083746,-11.757926701097126,0.0,-20.0,-20.0,110.0,-6.634975517542449
1238,12.38,-0.18301416617738533,-7.7510815537905104,2.4079491112188967,6.362574660363212,-2.7625251405584077,-11.767265929706236,0.0,-20.0,-20.0,110.0,-6.6382418251155775
1239,12.39,-0.18250713298161136,-7.7576507540356445,2.4010088439420936,6.363024803843282,-2.761485473888393,-11.776605141957576,0.0,-20.0,-20.0,110.0,-6.641509508642176
1240,12.4,-0.1820000997858374,-7.764219954280779,2.3940685766652905,6.363474777349326,-2.760445733926052,-11.785944337856188,0.0,-20.0,-20.0,110.0,-6.644778530331717
1241,12.41,-0.18149306659006342,-7.770789154525913,2.387128309388488,6.363924580870098,-2.7594059206991077,-11.795283517407103,0.0,-20.0,-20.0,110.0,-6.64804885232954
1242,12.42,-0.18098603339428945,-7.777358354771046,2.380188042111685,6.364374214394355,-2.758366034235288,-11.804622680615367,0.0,-20.0,-20.0,110.0,-6.651320436716659
1243,12.43,-0.18047900019851548,-7.783927555016179,2.3732477748348826,6.364823677910861,-2.7573260745623185,-11.813961827486018,0.0,-20.0,-20.0,110.0,-6.654593245509606
1244,12.44,-0.1799719670027415,-7.790496755261312,2.36630750755808,6.365272971408384,-2.7562860417079302,-11.8233009580241,0.0,-20.0,-20.0,110.0,-6.657867240660227
1245,12.450000000000001,-0.17946493380696754,-7.797065955506445,2.3593672402812773,6.365722094875694,-2.7552459356998544,-11.83264007223466,0.0,-20.0,-20.0,110.0,-6.661142384055499
1246,12.46,-0.17895790061119357,-7.803635155751578,2.3524269730044747,6.366171048301567,-2.7542057565658236,-11.841979170122748,0.0,-20.0,-20.0,110.0,-6.664418637517353
1247,12.47,-0.1784508674154196,-7.81020435599671,2.345486705727672,6.366619831674782,-2.7531655043335745,-11.851318251693405,0.0,-20.0,-20.0,110.0,-6.667695962802483
1248,12.48,-0.17794383421964563,-7.816773556241842,2.3385464384508694,6.367068444984125,-2.7521251790308408,-11.860657316951684,0.0,-20.0,-20.0,110.0,-6.670974321602149
1249,12.49,-0.17743680102387166,-7.823342756486975,2.3316061711740668,6.367516888218387,-2.7510847806853618,-11.869996365902638,0.0,-20.0,-20.0,110.0,-6.674253675541985
1250,12.5,-0.1769297678280977,-7.829911956732107,2.324665903897264,6.367965161366354,-2.750044309324878,-11.879335398551321,0.0,-20.0,-20.0,110.0,-6.677533986181815
1251,12.51,-0.17642273463232372,-7.836481156977238,2.3177256366204615,6.368413264416831,-2.749003764977131,-11.888674414902788,0.0,-20.0,-20.0,110.0,-6.680815215015447
1252,12.52,-0.17591570143654975,-7.84305035722237,2.310785369343659,6.36886119735862,-2.747963147669865,-11.898013414962092,0.0,-20.0,-20.0,110.0,-6.684097323470477
1253,12.530000000000001,-0.17540866824077578,-7.849619557467501,2.303845102066856,6.369308960180525,-2.746922457430825,-11.907352398734297,0.0,-20.0,-20.0,110.0,-6.687380272908096
1254,12.540000000000001,-0.1749016350450018,-7.856188757712633,2.2969048347900536,6.369756552871359,-2.7458816942877573,-11.916691366224457,0.0,-20.0,-20.0,110.0,-6.690664024622878
1255,12.55,-0.17439460184922784,-7.862757957957764,2.289964567513251,6.370203975419937,-2.7448408582684127,-11.926030317437645,0.0,-20.0,-20.0,110.0,-6.693948539842588
1256,12.56,-0.17388756865345387,-7.8693271582028945,2.2830243002364483,6.370651227815079,-2.74379994940054,-11.935369252378921,0.0,-20.0,-20.0,110.0,-6.6972337797279655
1257,12.57,-0.1733805354576799,-7.875896358448025,2.2760840329596457,6.371098310045609,-2.7427589677118918,-11.944708171053344,0.0,-20.0,-20.0,110.0,-6.7005197053725265
1258,12.58,-0.17287350226190593,-7.882465558693156,2.269143765682843,6.371545222100355,-2.741717913230223,-11.954047073465986,0.0,-20.0,-20.0,110.0,-6.703806277802353
1259,12.59,-0.17236646906613196,-7.889034758938286,2.2622034984060404,6.37199196396815,-2.7406767859832883,-11.963385959621919,0.0,-20.0,-20.0,110.0,-6.707093457975876
1260,12.6,-0.17185943587035798,-7.895603959183416,2.2552632311292378,6.372438535637834,-2.739635585998847,-11.972724829526207,0.0,-20.0,-20.0,110.0,-6.710381206783667
1261,12.61,-0.17135240267458401,-7.902173159428545,2.248322963852435,6.372884937098247,-2.738594313304657,-11.982063683183924,0.0,-20.0,-20.0,110.0,-6.713669485048234
1262,12.620000000000001,-0.17084536947881004,-7.908742359673675,2.2413826965756325,6.373331168338237,-2.7375529679284805,-11.991402520600149,0.0,-20.0,-20.0,110.0,-6.716958253523787
1263,12.63,-0.17033833628303607,-7.915311559918805,2.23444242929883,6.37377722934665,-2.736511549898079,-12.00074134177995,0.0,-20.0,-20.0,110.0,-6.720247472896026
1264,12.64,-0.1698313030872621,-7.921880760163934,2.227502162022027,6.374223120112348,-2.735470059241219,-12.01008014672841,0.0,-20.0,-20.0,110.0,-6.723537103781939
1265,12.65,-0.16932426989148813,-7.928449960409063,2.2205618947452246,6.374668840624187,-2.7344284959856644,-12.019418935450606,0.0,-20.0,-20.0,110.0,-6.726827106729547
1266,12.66,-0.16881723669571416,-7.935019160654192,2.213621627468422,6.375114390871031,-2.7333868601591864,-12.028757707951616,0.0,-20.0,-20.0,110.0,-6.730117442217713
1267,12.67,-0.1683102034999402,-7.9415883608993205,2.2066813601916193,6.3755597708417495,-2.7323451517895525,-12.038096464236528,0.0,-20.0,-20.0,110.0,-6.733408070655895
1268,12.68,-0.16780317030416622,-7.948157561144449,2.1997410929148167,6.376004980525215,-2.7313033709045347,-12.047435204310423,0.0,-20.0,-20.0,110.0,-6.736698952383929
1269,12.69,-0.16729613710839225,-7.954726761389578,2.192800825638014,6.376450019910302,-2.7302615175319063,-12.056773928178387,0.0,-20.0,-20.0,110.0,-6.739990047671797
1270,12.700000000000001,-0.16678910391261828,-7.961295961634706,2.1858605583612114,6.376894888985896,-2.729219591699443,-12.06611263584551,0.0,-20.0,-20.0,110.0,-6.743281316719391
1271,12.71,-0.1662820707168443,-7.967865161879834,2.1789202910844088,6.377339587740879,-2.7281775934349204,-12.075451327316877,0.0,-20.0,-20.0,110.0,-6.7465727196562995
1272,12.72,-0.16577503752107034,-7.974434362124962,2.171980023807606,6.377784116164146,-2.727135522766119,-12.084790002597577,0.0,-20.0,-20.0,110.0,-6.7498642165415434
1273,12.73,-0.16526800432529637,-7.9810035623700895,2.1650397565308035,6.378228474244604,-2.7260933797208247,-12.094128661692737,0.0,-20.0,-20.0,110.0,-6.753155767363364
1274,12.74,-0.1647609711295224,-7.987572762615217,2.158099489254001,6.378672661971125,-2.7250511643268065,-12.103467304607394,0.0,-20.0,-20.0,110.0,-6.75644733203898
1275,12.75,-0.16425393793374843,-7.994141962860344,2.151159221977198,6.3791166793326255,-2.724008876611854,-12.112805931346669,0.0,-20.0,-20.0,110.0,-6.759738870414337
1276,12.76,-0.16374690473797446,-8.000711163105471,2.1442189547003956,6.3795605263180155,-2.7229665166037536,-12.122144541915663,0.0,-20.0,-20.0,110.0,-6.763030342263868
1277,12.77,-0.1632398715422005,-8.007280363350597,2.137278687423593,6.380004202916205,-2.7219240843302916,-12.131483136319474,0.0,-20.0,-20.0,110.0,-6.766321707290267
1278,12.780000000000001,-0.16273283834642652,-8.013849563595723,2.1303384201467903,6.380447709116112,-2.7208815798192587,-12.140821714563204,0.0,-20.0,-20.0,110.0,-6.7696129251242185
1279,12.790000000000001,-0.16222580515065255,-8.02041876384085,2.1233981528699877,6.380891044906657,-2.7198390030984454,-12.150160276651949,0.0,-20.0,-20.0,110.0,-6.772903955324173
1280,12.8,-0.16171877195487858,-8.026987964085976,2.116457885593185,6.381334210276768,-2.7187963541956415,-12.159498822590821,0.0,-20.0,-20.0,110.0,-6.776194757376077
1281,12.81,-0.1612117387591046,-8.033557164331102,2.109517618316383,6.381777205215372,-2.7177536331386434,-12.168837352384925,0.0,-20.0,-20.0,110.0,-6.779485290693134
1282,12.82,-0.16070470556333064,-8.040126364576228,2.1025773510395807,6.382220029711408,-2.716710839955248,-12.178175866039364,0.0,-20.0,-20.0,110.0,-6.782775514615553
1283,12.83,-0.16019767236755666,-8.046695564821354,2.0956370837627785,6.382662683753812,-2.7156679746732513,-12.18751436355925,0.0,-20.0,-20.0,110.0,-6.786065388410285
1284,12.84,-0.1596906391717827,-8.05326476506648,2.0886968164859763,6.383105167331526,-2.7146250373204532,-12.196852844949698,0.0,-20.0,-20.0,110.0,-6.7893548712707785
1285,12.85,-0.15918360597600872,-8.059833965311606,2.081756549209174,6.383547480433498,-2.7135820279246547,-12.20619131021581,0.0,-20.0,-20.0,110.0,-6.792643922316706
1286,12.86,-0.15867657278023475,-8.06640316555673,2.074816281932372,6.3839896230486834,-2.7125389465136593,-12.215529759362711,0.0,-20.0,-20.0,110.0,-6.79593250059371
1287,12.870000000000001,-0.15816953958446078,-8.072972365801855,2.0678760146555697,6.384431595166038,-2.71149579311527,-12.224868192395517,0.0,-20.0,-20.0,110.0,-6.799220565073154
1288,12.88,-0.1576625063886868,-8.079541566046979,2.0609357473787675,6.384873396774521,-2.7104525677572955,-12.234206609319337,0.0,-20.0,-20.0,110.0,-6.802508074651835
1289,12.89,-0.15715547319291284,-8.086110766292103,2.0539954801019653,6.385315027863099,-2.7094092704675417,-12.243545010139297,0.0,-20.0,-20.0,110.0,-6.805794988151734
1290,12.9,-0.15664843999713887,-8.092679966537228,2.047055212825163,6.385756488420743,-2.7083659012738197,-12.252883394860518,0.0,-20.0,-20.0,110.0,-6.809081264319748
1291,12.91,-0.1561414068013649,-8.099249166782352,2.040114945548361,6.3861977784364266,-2.7073224602039403,-12.262221763488126,0.0,-20.0,-20.0,110.0,-6.812366861827408
1292,12.92,-0.15563437360559093,-8.105818367027476,2.0331746782715587,6.386638897899127,-2.7062789472857176,-12.271560116027235,0.0,-20.0,-20.0,110.0,-6.8156517392706215
1293,12.93,-0.15512734040981696,-8.1123875672726,2.0262344109947565,6.387079846797828,-2.7052353625469654,-12.280898452482981,0.0,-20.0,-20.0,110.0,-6.818935855169394
1294,12.94,-0.154620307214043,-8.118956767517725,2.0192941437179543,6.387520625121518,-2.704191706015502,-12.29023677286049,0.0,-20.0,-20.0,110.0,-6.8222191679675435
1295,12.950000000000001,-0.15411327401826902,-8.125525967762849,2.012353876441152,6.387961232859191,-2.7031479777191434,-12.299575077164889,0.0,-20.0,-20.0,110.0,-6.825501636032448
1296,12.96,-0.15360624082249505,-8.132095168007972,2.00541360916435,6.388401669999839,-2.702104177685712,-12.308913365401303,0.0,-20.0,-20.0,110.0,-6.828783217654741
1297,12.97,-0.15309920762672108,-8.138664368253094,1.9984733418875478,6.388841936532464,-2.7010603059430296,-12.318251637574877,0.0,-20.0,-20.0,110.0,-6.832063871048051
1298,12.98,-0.1525921744309471,-8.145233568498217,1.9915330746107456,6.389282032446072,-2.7000163625189195,-12.327589893690739,0.0,-20.0,-20.0,110.0,-6.8353435543487056
1299,12.99,-0.15208514123517314,-8.15180276874334,1.9845928073339434,6.389721957729673,-2.698972347441205,-12.336928133754027,0.0,-20.0,-20.0,110.0,-6.838622225615445
1300,13.0,-0.15157810803939917,-8.158371968988462,1.9776525400571412,6.3901617123722785,-2.697928260737716,-12.346266357769874,0.0,-20.0,-20.0,110.0,-6.841899842829156
1301,13.01,-0.1510710748436252,-8.164941169233584,1.970712272780339,6.39060129636291,-2.69688410243628,-12.355604565743429,0.0,-20.0,-20.0,110.0,-6.845176363892562
1302,13.02,-0.15056404164785123,-8.171510369478707,1.9637720055035368,6.39104070969059,-2.695839872564728,-12.364942757679826,0.0,-20.0,-20.0,110.0,-6.848451746629947
1303,13.030000000000001,-0.15005700845207726,-8.17807956972383,1.9568317382267346,6.391479952344345,-2.6947955711508915,-12.374280933584206,0.0,-20.0,-20.0,110.0,-6.851725948786848
1304,13.040000000000001,-0.14954997525630329,-8.184648769968952,1.9498914709499324,6.391919024313206,-2.693751198222605,-12.383619093461721,0.0,-20.0,-20.0,110.0,-6.85499892802978
1305,13.05,-0.14904294206052932,-8.191217970214073,1.9429512036731302,6.392357925586209,-2.692706753807704,-12.392957237317512,0.0,-20.0,-20.0,110.0,-6.858270641945934
1306,13.06,-0.14853590886475534,-8.197787170459193,1.936010936396328,6.392796656152396,-2.6916622379340254,-12.402295365156728,0.0,-20.0,-20.0,110.0,-6.861541048042873
1307,13.07,-0.14802887566898137,-8.204356370704314,1.9290706691195258,6.39323521600081,-2.6906176506294086,-12.411633476984521,0.0,-20.0,-20.0,110.0,-6.86481010374824
1308,13.08,-0.1475218424732074,-8.210925570949435,1.9221304018427237,6.393673605120502,-2.6895729919216946,-12.42097157280604,0.0,-20.0,-20.0,110.0,-6.8680777664094546
1309,13.09,-0.14701480927743343,-8.217494771194556,1.9151901345659215,6.394111823500526,-2.688528261838726,-12.430309652626436,0.0,-20.0,-20.0,110.0,-6.871343993293412
1310,13.1,-0.14650777608165946,-8.224063971439676,1.9082498672891193,6.394549871129938,-2.6874834604083464,-12.439647716450862,0.0,-20.0,-20.0,110.0,-6.874608741586176
1311,13.11,-0.1460007428858855,-8.230633171684797,1.9013096000123173,6.394987747997802,-2.6864385876584023,-12.44898576428448,0.0,-20.0,-20.0,110.0,-6.877871968392671
1312,13.120000000000001,-0.14549370969011152,-8.237202371929918,1.8943693327355153,6.395425454093183,-2.6853936436167407,-12.45832379613244,0.0,-20.0,-20.0,110.0,-6.881133630736376
1313,13.13,-0.14498667649433755,-8.243771572175039,1.8874290654587134,6.395862989405154,-2.6843486283112123,-12.46766181199991,0.0,-20.0,-20.0,110.0,-6.884393685559018
1314,13.14,-0.14447964329856358,-8.25034077242016,1.8804887981819114,6.3963003539227925,-2.683303541769668,-12.47699981189205,0.0,-20.0,-20.0,110.0,-6.887652089720253
1315,13.15,-0.1439726101027896,-8.256909972665278,1.8735485309051094,6.396737547635177,-2.682258384019959,-12.486337795814014,0.0,-20.0,-20.0,110.0,-6.89090879999735
1316,13.16,-0.14346557690701564,-8.263479172910397,1.8666082636283075,6.397174570531391,-2.681213155089941,-12.49567576377098,0.0,-20.0,-20.0,110.0,-6.894163773084889
1317,13.17,-0.14295854371124167,-8.270048373155516,1.8596679963515055,6.397611422600527,-2.68016785500747,-12.505013715768106,0.0,-20.0,-20.0,110.0,-6.897416965594429
1318,13.18,-0.1424515105154677,-8.276617573400635,1.8527277290747035,6.398048103831675,-2.679122483800404,-12.51435165181056,0.0,-20.0,-20.0,110.0,-6.9006683340541946
1319,13.19,-0.14194447731969373,-8.283186773645754,1.8457874617979015,6.398484614213936,-2.678077041496603,-12.523689571903516,0.0,-20.0,-20.0,110.0,-6.903917834908754
1320,13.200000000000001,-0.14143744412391976,-8.289755973890873,1.8388471945210996,6.39892095373641,-2.677031528123927,-12.533027476052135,0.0,-20.0,-20.0,110.0,-6.907165424518693
1321,13.21,-0.1409304109281458,-8.296325174135992,1.8319069272442976,6.399357122388202,-2.675985943710241,-12.5423653642616,0.0,-20.0,-20.0,110.0,-6.910411059160295
1322,13.22,-0.14042337773237182,-8.302894374381111,1.8249666599674956,6.399793120158426,-2.6749402882834077,-12.55170323653708,0.0,-20.0,-20.0,110.0,-6.913654695025207
1323,13.23,-0.13991634453659785,-8.30946357462623,1.8180263926906937,6.400228947036202,-2.673894561871296,-12.561041092883755,0.0,-20.0,-20.0,110.0,-6.916896288220119
1324,13.24,-0.13940931134082388,-8.316032774871347,1.8110861254138917,6.4006646030106396,-2.6728487645017722,-12.570378933306799,0.0,-20.0,-20.0,110.0,-6.920135794766426
1325,13.25,-0.1389022781450499,-8.322601975116465,1.8041458581370897,6.4011000880708675,-2.6718028962027063,-12.579716757811392,0.0,-20.0,-20.0,110.0,-6.923373170599894
1326,13.26,-0.13839524494927594,-8.329171175361582,1.7972055908602877,6.401535402206017,-2.6707569570019705,-12.58905456640272,0.0,-20.0,-20.0,110.0,-6.926608371570343
1327,13.27,-0.13788821175350197,-8.335740375606699,1.7902653235834858,6.401970545405221,-2.6697109469274376,-12.598392359085954,0.0,-20.0,-20.0,110.0,-6.929841353441279
1328,13.280000000000001,-0.137381178557728,-8.342309575851816,1.7833250563066838,6.402405517657613,-2.668664866006983,-12.607730135866293,0.0,-20.0,-20.0,110.0,-6.933072071889588
1329,13.290000000000001,-0.13687414536195402,-8.348878776096933,1.7763847890298818,6.4028403189523395,-2.6676187142684826,-12.61706789674891,0.0,-20.0,-20.0,110.0,-6.936300482505179
1330,13.3,-0.13636711216618005,-8.35544797634205,1.7694445217530799,6.403274949278544,-2.666572491739816,-12.626405641739002,0.0,-20.0,-20.0,110.0,-6.9395265407906335
1331,13.31,-0.13586007897040608,-8.362017176587168,1.7625042544762781,6.403709408625377,-2.665526198448863,-12.635743370841753,0.0,-20.0,-20.0,110.0,-6.942750202160888
1332,13.32,-0.1353530457746321,-8.368586376832285,1.7555639871994764,6.404143696981999,-2.6644798344235037,-12.645081084062356,0.0,-20.0,-20.0,110.0,-6.945971421942863
1333,13.33,-0.13484601257885814,-8.3751555770774,1.7486237199226746,6.404577814337565,-2.6634333996916237,-12.654418781406006,0.0,-20.0,-20.0,110.0,-6.949190155375131
1334,13.34,-0.13433897938308417,-8.381724777322516,1.7416834526458729,6.405011760681239,-2.662386894281108,-12.663756462877892,0.0,-20.0,-20.0,110.0,-6.952406357607554
1335,13.35,-0.1338319461873102,-8.388293977567631,1.7347431853690711,6.405445536002191,-2.661340318219842,-12.673094128483214,0.0,-20.0,-20.0,110.0,-6.955619983700946
1336,13.36,-0.13332491299153623,-8.394863177812747,1.7278029180922694,6.405879140289595,-2.6602936715357157,-12.68243177822717,0.0,-20.0,-20.0,110.0,-6.958830988626714
1337,13.370000000000001,-0.13281787979576226,-8.401432378057862,1.7208626508154676,6.406312573532625,-2.659246954256619,-12.691769412114951,0.0,-20.0,-20.0,110.0,-6.962039327266493
1338,13.38,-0.1323108465999883,-8.408001578302978,1.7139223835386659,6.406745835720465,-2.6582001664104435,-12.70110703015177,0.0,-20.0,-20.0,110.0,-6.965244954411802
1339,13.39,-0.13180381340421432,-8.414570778548093,1.7069821162618641,6.407178926842301,-2.657153308025082,-12.71044463234282,0.0,-20.0,-20.0,110.0,-6.968447824763687
1340,13.4,-0.13129678020844035,-8.421139978793208,1.7000418489850624,6.407611846887324,-2.656106379128432,-12.71978221869331,0.0,-20.0,-20.0,110.0,-6.971647892932343
1341,13.41,-0.13078974701266638,-8.427709179038324,1.6931015817082606,6.40804459584473,-2.6550593797483892,-12.729119789208447,0.0,-20.0,-20.0,110.0,-6.9748451134367695
1342,13.42,-0.1302827138168924,-8.43427837928344,1.686161314431459,6.408477173703716,-2.6540123099128525,-12.738457343893435,0.0,-20.0,-20.0,110.0,-6.978039440704396
1343,13.43,-0.12977568062111844,-8.440847579528553,1.6792210471546571,6.408909580453486,-2.6529651696497227,-12.747794882753483,0.0,-20.0,-20.0,110.0,-6.981230829070717
1344,13.44,-0.12926864742534447,-8.447416779773667,1.6722807798778554,6.409341816083266,-2.6519179589869077,-12.757132405793831,0.0,-20.0,-20.0,110.0,-6.984419232778922
1345,13.450000000000001,-0.1287616142295705,-8.45398598001878,1.6653405126010536,6.409773880582238,-2.6508706779523004,-12.766469913019638,0.0,-20.0,-20.0,110.0,-6.987604605979537
1346,13.46,-0.12825458103379653,-8.460555180263894,1.658400245324252,6.410205773939632,-2.64982332657381,-12.775807404436144,0.0,-20.0,-20.0,110.0,-6.990786902730037
1347,13.47,-0.12774754783802256,-8.467124380509008,1.6514599780474502,6.41063749614467,-2.6487759048793444,-12.785144880048563,0.0,-20.0,-20.0,110.0,-6.993966076994478
1348,13.48,-0.1272405146422486,-8.473693580754121,1.6445197107706484,6.4110690471865786,-2.6477284128968135,-12.794482339862114,0.0,-20.0,-20.0,110.0,-6.997142082643115
1349,13.49,-0.12673348144647462,-8.480262780999235,1.6375794434938467,6.411500427054586,-2.646680850654126,-12.803819783882016,0.0,-20.0,-20.0,110.0,-7.0003148734520435
1350,13.5,-0.12622644825070065,-8.486831981244348,1.630639176217045,6.411931635737931,-2.6456332181791966,-12.813157212113488,0.0,-20.0,-20.0,110.0,-7.003484403102796
1351,13.51,-0.12571941505492668,-8.493401181489462,1.6236989089402434,6.412362673225853,-2.6445855154999376,-12.822494624561752,0.0,-20.0,-20.0,110.0,-7.006650625181969
1352,13.52,-0.1252123818591527,-8.499970381734574,1.6167586416634419,6.412793539507591,-2.6435377426442654,-12.831832021232037,0.0,-20.0,-20.0,110.0,-7.009813493180848
1353,13.530000000000001,-0.12470534866337873,-8.506539581979686,1.6098183743866403,6.413224234572397,-2.642489899640097,-12.841169402129562,0.0,-20.0,-20.0,110.0,-7.012972960495012
1354,13.540000000000001,-0.12419831546760476,-8.513108782224798,1.6028781071098388,6.41365475840952,-2.6414419865153516,-12.850506767259557,0.0,-20.0,-20.0,110.0,-7.016128980423949
1355,13.55,-0.1236912822718308,-8.51967798246991,1.5959378398330373,6.414085111008221,-2.6403940032979496,-12.859844116627254,0.0,-20.0,-20.0,110.0,-7.0192815061706675
1356,13.56,-0.12318424907605682,-8.526247182715021,1.5889975725562357,6.414515292357761,-2.6393459500158136,-12.86918145023788,0.0,-20.0,-20.0,110.0,-7.022430490841299
1357,13.57,-0.12267721588028285,-8.532816382960133,1.5820573052794342,6.414945302447403,-2.6382978266968675,-12.87851876809667,0.0,-20.0,-20.0,110.0,-7.025575887444721
1358,13.58,-0.12217018268450888,-8.539385583205245,1.5751170380026327,6.415375141266417,-2.6372496333690365,-12.887856070208851,0.0,-20.0,-20.0,110.0,-7.028717648892139
1359,13.59,-0.12166314948873491,-8.545954783450357,1.5681767707258312,6.415804808804078,-2.636201370060249,-12.897193356579667,0.0,-20.0,-20.0,110.0,-7.03185572799671
1360,13.6,-0.12115611629296094,-8.552523983695469,1.5612365034490296,6.4162343050496675,-2.6351530367984335,-12.906530627214343,0.0,-20.0,-20.0,110.0,-7.034990077473136
1361,13.61,-0.12064908309718697,-8.55909318394058,1.5542962361722281,6.416663629992466,-2.634104633611521,-12.915867882118134,0.0,-20.0,-20.0,110.0,-7.038120649937249
1362,13.620000000000001,-0.120142049901413,-8.565662384185691,1.5473559688954266,6.417092783621762,-2.633056160527443,-12.925205121296266,0.0,-20.0,-20.0,110.0,-7.041247397905644
1363,13.63,-0.11963501670563903,-8.572231584430801,1.540415701618625,6.4175217659268515,-2.632007617574136,-12.934542344753988,0.0,-20.0,-20.0,110.0,-7.044370273795234
1364,13.64,-0.11912798350986506,-8.578800784675911,1.5334754343418235,6.417950576897026,-2.6309590047795326,-12.943879552496544,0.0,-20.0,-20.0,110.0,-7.047489229922867
1365,13.65,-0.11862095031409109,-8.585369984921021,1.526535167065022,6.418379216521587,-2.6299103221715723,-12.953216744529174,0.0,-20.0,-20.0,110.0,-7.050604218504917
1366,13.66,-0.11811391711831712,-8.591939185166131,1.5195948997882205,6.418807684789844,-2.6288615697781936,-12.962553920857133,0.0,-20.0,-20.0,110.0,-7.053715191656859
1367,13.67,-0.11760688392254315,-8.598508385411241,1.512654632511419,6.419235981691103,-2.6278127476273387,-12.97189108148566,0.0,-20.0,-20.0,110.0,-7.0568221013928785
1368,13.68,-0.11709985072676918,-8.605077585656352,1.5057143652346174,6.41966410721468,-2.626763855746948,-12.981228226420013,0.0,-20.0,-20.0,110.0,-7.059924899625432
1369,13.69,-0.11659281753099521,-8.611646785901462,1.498774097957816,6.420092061349893,-2.6257148941649664,-12.990565355665439,0.0,-20.0,-20.0,110.0,-7.063023538164851
1370,13.700000000000001,-0.11608578433522124,-8.618215986146572,1.4918338306810144,6.420519844086066,-2.624665862909341,-12.999902469227195,0.0,-20.0,-20.0,110.0,-7.066117968718915
1371,13.71,-0.11557875113944727,-8.62478518639168,1.484893563404213,6.420947455412526,-2.623616762008018,-13.009239567110528,0.0,-20.0,-20.0,110.0,-7.0692081428924345
1372,13.72,-0.1150717179436733,-8.631354386636788,1.4779532961274118,6.421374895318607,-2.6225675914889472,-13.018576649320703,0.0,-20.0,-20.0,110.0,-7.072294012186825
1373,13.73,-0.11456468474789933,-8.637923586881897,1.4710130288506105,6.421802163793642,-2.6215183513800784,-13.027913715862974,0.0,-20.0,-20.0,110.0,-7.075375527999687
1374,13.74,-0.11405765155212536,-8.644492787127005,1.4640727615738092,6.422229260826972,-2.620469041709365,-13.037250766742602,0.0,-20.0,-20.0,110.0,-7.078452641624372
1375,13.75,-0.11355061835635138,-8.651061987372113,1.4571324942970079,6.422656186407945,-2.61941966250476,-13.046587801964849,0.0,-20.0,-20.0,110.0,-7.081525304249576
1376,13.76,-0.11304358516057741,-8.657631187617222,1.4501922270202066,6.4230829405259104,-2.618370213794221,-13.055924821534981,0.0,-20.0,-20.0,110.0,-7.084593466958879
1377,13.77,-0.11253655196480344,-8.66420038786233,1.4432519597434053,6.42350952317022,-2.617320695605705,-13.06526182545826,0.0,-20.0,-20.0,110.0,-7.087657080730338
1378,13.780000000000001,-0.11202951876902947,-8.670769588107438,1.436311692466604,6.423935934330234,-2.6162711079671706,-13.074598813739948,0.0,-20.0,-20.0,110.0,-7.090716096436038
1379,13.790000000000001,-0.1115224855732555,-8.677338788352547,1.4293714251898026,6.424362173995313,-2.615221450906579,-13.08393578638532,0.0,-20.0,-20.0,110.0,-7.093770464841667
1380,13.8,-0.11101545237748153,-8.683907988597655,1.4224311579130013,6.424788242154826,-2.614171724451893,-13.093272743399641,0.0,-20.0,-20.0,110.0,-7.096820136606071
1381,13.81,-0.11050841918170756,-8.690477188842761,1.4154908906362,6.425214138798149,-2.613121928631076,-13.102609684788185,0.0,-20.0,-20.0,110.0,-7.099865062280819
1382,13.82,-0.11000138598593359,-8.697046389087868,1.4085506233593987,6.425639863914656,-2.6120720634720946,-13.111946610556222,0.0,-20.0,-20.0,110.0,-7.1029051923097555
1383,13.83,-0.10949435279015962,-8.703615589332975,1.4016103560825974,6.426065417493723,-2.6110221290029165,-13.121283520709031,0.0,-20.0,-20.0,110.0,-7.105940477028572
1384,13.84,-0.10898731959438565,-8.710184789578081,1.3946700888057961,6.426490799524738,-2.6099721252515105,-13.130620415251885,0.0,-20.0,-20.0,110.0,-7.108970866664335
1385,13.85,-0.10848028639861168,-8.716753989823188,1.3877298215289948,6.4269160099970915,-2.6089220522458474,-13.139957294190063,0.0,-20.0,-20.0,110.0,-7.111996311335069
1386,13.86,-0.10797325320283771,-8.723323190068294,1.3807895542521935,6.427341048900177,-2.607871910013899,-13.149294157528843,0.0,-20.0,-20.0,110.0,-7.115016761049279
1387,13.870000000000001,-0.10746622000706374,-8.7298923903134,1.3738492869753922,6.427765916223395,-2.6068216985836417,-13.158631005273506,0.0,-20.0,-20.0,110.0,-7.118032165705517
1388,13.88,-0.10695918681128977,-8.736461590558507,1.366909019698591,6.428190611956144,-2.605771417983048,-13.167967837429337,0.0,-20.0,-20.0,110.0,-7.12104247509193
1389,13.89,-0.1064521536155158,-8.743030790803614,1.3599687524217896,6.4286151360878305,-2.604721068240098,-13.177304654001619,0.0,-20.0,-20.0,110.0,-7.124047638885787
1390,13.9,-0.10594512041974183,-8.749599991048719,1.3530284851449883,6.429039488607871,-2.6036706493827704,-13.186641454995637,0.0,-20.0,-20.0,110.0,-7.127047606653041
1391,13.91,-0.10543808722396786,-8.756169191293823,1.3460882178681872,6.429463669505677,-2.602620161439045,-13.195978240416677,0.0,-20.0,-20.0,110.0,-7.130042327847858
1392,13.92,-0.10493105402819389,-8.762738391538928,1.3391479505913861,6.429887678770672,-2.6015696044369054,-13.205315010270033,0.0,-20.0,-20.0,110.0,-7.133031751812156
1393,13.93,-0.10442402083241992,-8.769307591784033,1.332207683314585,6.430311516392278,-2.600518978404334,-13.21465176456099,0.0,-20.0,-20.0,110.0,-7.1360158277751555
1394,13.94,-0.10391698763664595,-8.775876792029138,1.325267416037784,6.430735182359927,-2.599468283369319,-13.223988503294846,0.0,-20.0,-20.0,110.0,-7.138994504852892
1395,13.950000000000001,-0.10340995444087198,-8.782445992274242,1.318327148760983,6.4311586766630535,-2.598417519359846,-13.233325226476888,0.0,-20.0,-20.0,110.0,-7.141967732047766
1396,13.96,-0.102902921245098,-8.789015192519347,1.3113868814841818,6.431581999291093,-2.5973666864039053,-13.24266193411242,0.0,-20.0,-20.0,110.0,-7.1449354582480655
1397,13.97,-0.10239588804932404,-8.795584392764452,1.3044466142073807,6.43200515023349,-2.596315784529487,-13.251998626206731,0.0,-20.0,-20.0,110.0,-7.147897632227492
1398,13.98,-0.10188885485355006,-8.802153593009557,1.2975063469305796,6.432428129479688,-2.595264813764583,-13.261335302765124,0.0,-20.0,-20.0,110.0,-7.150854202644707
1399,13.99,-0.1013818216577761,-8.80872279325466,1.2905660796537786,6.432850937019142,-2.594213774137188,-13.2706719637929,0.0,-20.0,-20.0,110.0,-7.153805118042825
1400,14.0,-0.10087478846200212,-8.815291993499763,1.2836258123769775,6.4332735728413075,-2.593162665675298,-13.280008609295361,0.0,-20.0,-20.0,110.0,-7.156750326848959
1401,14.01,-0.10036775526622815,-8.821861193744866,1.2766855451001764,6.433696036935643,-2.592111488406909,-13.289345239277809,0.0,-20.0,-20.0,110.0,-7.159689777373739
1402,14.02,-0.09986072207045418,-8.828430393989969,1.2697452778233753,6.434118329291614,-2.5910602423600215,-13.29868185374555,0.0,-20.0,-20.0,110.0,-7.162623417810821
1403,14.030000000000001,-0.09935368887468021,-8.834999594235072,1.2628050105465742,6.434540449898692,-2.5900089275626357,-13.308018452703893,0.0,-20.0,-20.0,110.0,-7.165551196236408
1404,14.040000000000001,-0.09884665567890624,-8.841568794480175,1.2558647432697732,6.434962398746346,-2.588957544042753,-13.31735503615814,0.0,-20.0,-20.0,110.0,-7.168473060608774
1405,14.05,-0.09833962248313227,-8.848137994725278,1.248924475992972,6.435384175824056,-2.5879060918283776,-13.326691604113607,0.0,-20.0,-20.0,110.0,-7.171388958767754
1406,14.06,-0.0978325892873583,-8.85470719497038,1.241984208716171,6.435805781121303,-2.5868545709475166,-13.336028156575603,0.0,-20.0,-20.0,110.0,-7.174298838434282
1407,14.07,-0.09732555609158433,-8.861276395215484,1.23504394143937,6.436227214627578,-2.5858029814281753,-13.345364693549447,0.0,-20.0,-20.0,110.0,-7.177202647209881
1408,14.08,-0.09681852289581036,-8.867845595460587,1.2281036741625688,6.43664847633237,-2.5847513232983643,-13.354701215040446,0.0,-20.0,-20.0,110.0,-7.180100332576169
1409,14.09,-0.09631148970003639,-8.874414795705688,1.2211634068857677,6.437069566225172,-2.5836995965860923,-13.36403772105392,0.0,-20.0,-20.0,110.0,-7.182991841894378
1410,14.1,-0.09580445650426242,-8.880983995950789,1.2142231396089667,6.437490484295488,-2.5826478013193728,-13.37337421159519,0.0,-20.0,-20.0,110.0,-7.185877122404836
1411,14.11,-0.09529742330848845,-8.88755319619589,1.2072828723321658,6.437911230532818,-2.5815959375262185,-13.382710686669569,0.0,-20.0,-20.0,110.0,-7.188756121226493
1412,14.120000000000001,-0.09479039011271448,-8.894122396440991,1.200342605055365,6.438331804926675,-2.5805440052346458,-13.392047146282382,0.0,-20.0,-20.0,110.0,-7.191628785356393
1413,14.13,-0.09428335691694051,-8.900691596686093,1.193402337778564,6.438752207466571,-2.5794920044726717,-13.401383590438952,0.0,-20.0,-20.0,110.0,-7.195119451580852
1414,14.14,-0.09377632372116654,-8.907260796931194,1.1864620705017632,6.439172438142023,-2.5784399352683147,-13.4107200191446,0.0,-20.0,-20.0,110.0,-7.204919572131622
1415,14.15,-0.09326929052539257,-8.913829997176295,1.1795218032249624,6.439592496942555,-2.577387797649595,-13.420056432404664,0.0,-20.0,-20.0,110.0,-7.2147132893379675
1416,14.16,-0.0927622573296186,-8.920399197421396,1.1725815359481615,6.440012383857691,-2.576335591644535,-13.42939283022446,0.0,-20.0,-20.0,110.0,-7.224500633279197
1417,14.17,-0.09225522413384463,-8.926968397666498,1.1656412686713606,6.440432098876965,-2.575283317281158,-13.438729212609319,0.0,-20.0,-20.0,110.0,-7.234281633912287
1418,14.18,-0.09174819093807066,-8.933537597911597,1.1587010013945598,6.4408516419899104,-2.57423097458749,-13.448065579564576,0.0,-20.0,-20.0,110.0,-7.244056321072377
1419,14.19,-0.09124115774229669,-8.940106798156696,1.151760734117759,6.441271013186067,-2.573178563591558,-13.45740193109556,0.0,-20.0,-20.0,110.0,-7.253824724473262
1420,14.200000000000001,-0.09073412454652272,-8.946675998401796,1.144820466840958,6.441690212454979,-2.5721260843213885,-13.466738267207608,0.0,-20.0,-20.0,110.0,-7.263586873707875
1421,14.21,-0.09022709135074874,-8.953245198646895,1.1378801995641572,6.4421092397861965,-2.5710735368050135,-13.476074587906053,0.0,-20.0,-20.0,110.0,-7.27334279824877
1422,14.22,-0.08972005815497477,-8.959814398891995,1.1309399322873563,6.442528095169272,-2.5700209210704648,-13.485410893196232,0.0,-20.0,-20.0,110.0,-7.283092527448619
1423,14.23,-0.0892130249592008,-8.966383599137094,1.1239996650105555,6.442946778593763,-2.5689682371457763,-13.494747183083488,0.0,-20.0,-20.0,110.0,-7.292836090540678
1424,14.24,-0.08870599176342683,-8.972952799382194,1.1170593977337546,6.443365290049229,-2.5679154850589807,-13.504083457573158,0.0,-20.0,-20.0,110.0,-7.302573516639284
1425,14.25,-0.08819895856765286,-8.979521999627293,1.1101191304569538,6.4437836295252415,-2.566862664838118,-13.513419716670585,0.0,-20.0,-20.0,110.0,-7.312304834740322
1426,14.26,-0.08769192537187889,-8.986091199872392,1.103178863180153,6.444201797011368,-2.5658097765112235,-13.522755960381113,0.0,-20.0,-20.0,110.0,-7.322030073721699
1427,14.27,-0.08718489217610492,-8.992660400117492,1.096238595903352,6.444619792497199,-2.5647568201063455,-13.532092188710115,0.0,-20.0,-20.0,110.0,-7.331749262343826
1428,14.280000000000001,-0.08667785898033095,-8.99922960036259,1.0892983286265512,6.445037615972287,-2.5637037956515134,-13.541428401662884,0.0,-20.0,-20.0,110.0,-7.341462429250097
1429,14.290000000000001,-0.08617082578455698,-9.005798800607687,1.0823580613497503,6.445455267426226,-2.562650703174776,-13.550764599244793,0.0,-20.0,-20.0,110.0,-7.351169602967338
1430,14.3,-0.08566379258878301,-9.012368000852785,1.0754177940729495,6.44587274684861,-2.561597542704178,-13.560100781461196,0.0,-20.0,-20.0,110.0,-7.360870811906293
1431,14.31,-0.08515675939300904,-9.018937201097883,1.0684775267961488,6.446290054229028,-2.5605443142677657,-13.569436948317446,0.0,-20.0,-20.0,110.0,-7.370566084362079
1432,14.32,-0.08464972619723507,-9.02550640134298,1.0615372595193482,6.4467071895570776,-2.5594910178935875,-13.578773099818887,0.0,-20.0,-20.0,110.0,-7.380255448514665
1433,14.33,-0.0841426930014611,-9.032075601588078,1.0545969922425475,6.447124152822363,-2.5584376536096936,-13.588109235970887,0.0,-20.0,-20.0,110.0,-7.389938932429321
1434,14.34,-0.08363565980568713,-9.038644801833176,1.047656724965747,6.44754094401449,-2.557384221444135,-13.597445356778794,0.0,-20.0,-20.0,110.0,-7.399616564057088
1435,14.35,-0.08312862660991316,-9.045214002078273,1.0407164576889463,6.447957563123068,-2.5563307214249646,-13.606781462247964,0.0,-20.0,-20.0,110.0,-7.409288371235223
1436,14.36,-0.08262159341413919,-9.05178320232337,1.0337761904121456,6.448374010137711,-2.5552771535802377,-13.616117552383765,0.0,-20.0,-20.0,110.0,-7.4189543816876755
1437,14.370000000000001,-0.08211456021836522,-9.058352402568467,1.026835923135345,6.44879028504804,-2.55422351793801,-13.625453627191554,0.0,-20.0,-20.0,110.0,-7.428614623025526
1438,14.38,-0.08160752702259125,-9.064921602813563,1.0198956558585444,6.449206387843681,-2.5531698145263397,-13.634789686676692,0.0,-20.0,-20.0,110.0,-7.438269122747453
1439,14.39,-0.08110049382681728,-9.071490803058659,1.0129553885817437,6.449622318514261,-2.5521160433732875,-13.64412573084455,0.0,-20.0,-20.0,110.0,-7.447917908240162
1440,14.4,-0.0805934606310433,-9.078060003303754,1.006015121304943,6.450038077049411,-2.5510622045069127,-13.653461759700491,0.0,-20.0,-20.0,110.0,-7.457561006778868
1441,14.41,-0.08008642743526934,-9.08462920354885,0.9990748540281424,6.450453663438769,-2.5500082979552783,-13.662797773249876,0.0,-20.0,-20.0,110.0,-7.46677873732663
1442,14.42,-0.07957939423949537,-9.091198403793946,0.9921345867513418,6.450869077671977,-2.5489543237464494,-13.672133771498086,0.0,-20.0,-20.0,110.0,-7.4732681566483
1443,14.43,-0.0790723610437214,-9.097767604039042,0.9851943194745412,6.45128431973868,-2.5479002819084915,-13.681469754450482,0.0,-20.0,-20.0,110.0,-7.479762855780588
1444,14.44,-0.07856532784794742,-9.104336804284138,0.9782540521977405,6.451699389628532,-2.546846172469473,-13.690805722112442,0.0,-20.0,-20.0,110.0,-7.486262823848083
1445,14.450000000000001,-0.07805829465217345,-9.110906004529234,0.9713137849209399,6.452114287331185,-2.545791995457463,-13.700141674489338,0.0,-20.0,-20.0,110.0,-7.492768049996726
1446,14.46,-0.07755126145639948,-9.11747520477433,0.9643735176441394,6.4525290128363,-2.5447377509005307,-13.709477611586543,0.0,-20.0,-20.0,110.0,-7.499278523393774
1447,14.47,-0.07704422826062551,-9.124044405019424,0.9574332503673388,6.452943566133538,-2.543683438826751,-13.718813533409442,0.0,-20.0,-20.0,110.0,-7.505794233227794
1448,14.48,-0.07653719506485154,-9.130613605264518,0.9504929830905383,6.453357947212572,-2.5426290592641965,-13.728149439963406,0.0,-20.0,-20.0,110.0,-7.512315168708653
1449,14.49,-0.07603016186907757,-9.137182805509612,0.9435527158137378,6.45377215606307,-2.5415746122409444,-13.737485331253822,0.0,-20.0,-20.0,110.0,-7.518841319067497
1450,14.5,-0.0755231286733036,-9.143752005754706,0.9366124485369373,6.45418619267471,-2.5405200977850697,-13.746821207286068,0.0,-20.0,-20.0,110.0,-7.525372673556746
1451,14.51,-0.07501609547752963,-9.1503212059998,0.9296721812601367,6.454600057037176,-2.539465515924654,-13.756157068065527,0.0,-20.0,-20.0,110.0,-7.531909221450054
1452,14.52,-0.07450906228175566,-9.156890406244894,0.9227319139833362,6.455013749140151,-2.5384108666877756,-13.765492913597585,0.0,-20.0,-20.0,110.0,-7.538450952042326
1453,14.530000000000001,-0.07400202908598169,-9.163459606489988,0.9157916467065357,6.4554272689733265,-2.5373561501025184,-13.774828743887632,0.0,-20.0,-20.0,110.0,-7.54499785464968
1454,14.540000000000001,-0.07349499589020772,-9.170028806735083,0.9088513794297352,6.455840616526396,-2.5363013661969656,-13.784164558941049,0.0,-20.0,-20.0,110.0,-7.551549918609437
1455,14.55,-0.07298796269443375,-9.176598006980177,0.9019111121529346,6.456253791789063,-2.5352465149992027,-13.793500358763232,0.0,-20.0,-20.0,110.0,-7.558107133280108
1456,14.56,-0.07248092949865978,-9.183167207225269,0.8949708448761342,6.456666794751025,-2.5341915965373167,-13.80283614335957,0.0,-20.0,-20.0,110.0,-7.56466948804137
1457,14.57,-0.07197389630288581,-9.189736407470361,0.8880305775993338,6.457079625401994,-2.5331366108393967,-13.812171912735456,0.0,-20.0,-20.0,110.0,-7.5712369722940585
1458,14.58,-0.07146686310711184,-9.196305607715454,0.8810903103225334,6.457492283731683,-2.5320815579335316,-13.821507666896288,0.0,-20.0,-20.0,110.0,-7.577809575460142
1459,14.59,-0.07095982991133787,-9.202874807960546,0.874150043045733,6.457904769729809,-2.5310264378478156,-13.830843405847457,0.0,-20.0,-20.0,110.0,-7.584387286982715
1460,14.6,-0.0704527967155639,-9.209444008205638,0.8672097757689325,6.45831708338609,-2.52997125061034,-13.840179129594366,0.0,-20.0,-20.0,110.0,-7.590970096325976
1461,14.61,-0.06994576351978993,-9.21601320845073,0.8602695084921321,6.458729224690255,-2.5289159962492005,-13.849514838142413,0.0,-20.0,-20.0,110.0,-7.597557992975199
1462,14.620000000000001,-0.06943873032401596,-9.222582408695823,0.8533292412153317,6.459141193632032,-2.5278606747924934,-13.858850531496994,0.0,-20.0,-20.0,110.0,-7.60415096643673
1463,14.63,-0.06893169712824199,-9.229151608940915,0.8463889739385313,6.459552990201158,-2.526805286268318,-13.868186209663518,0.0,-20.0,-20.0,110.0,-7.6107490062379695
1464,14.64,-0.06842466393246802,-9.235720809186008,0.8394487066617309,6.459964614387368,-2.5257498307047728,-13.877521872647385,0.0,-20.0,-20.0,110.0,-7.617352101927341
1465,14.65,-0.06791763073669405,-9.242290009431098,0.8325084393849305,6.46037606618041,-2.5246943081299613,-13.886857520454004,0.0,-20.0,-20.0,110.0,-7.623960243074286
1466,14.66,-0.06741059754092008,-9.248859209676189,0.8255681721081302,6.46078734557003,-2.5236387185719855,-13.89619315308878,0.0,-20.0,-20.0,110.0,-7.630573419269244
1467,14.67,-0.0669035643451461,-9.25542840992128,0.8186279048313299,6.461198452545981,-2.52258306205895,-13.905528770557122,0.0,-20.0,-20.0,110.0,-7.6371916201236205
1468,14.68,-0.06639653114937213,-9.26199761016637,0.8116876375545296,6.461609387098033,-2.521527338618966,-13.914864372864471,0.0,-20.0,-20.0,110.0,-7.643814835269787
1469,14.69,-0.06588949795359816,-9.26856681041146,0.8047473702777292,6.4620201492159195,-2.520471548280132,-13.924199960016182,0.0,-20.0,-20.0,110.0,-7.650443054361052
1470,14.700000000000001,-0.0653824647578242,-9.275136010656551,0.7978071030009289,6.462430738889423,-2.519415691070562,-13.933535532017691,0.0,-20.0,-20.0,110.0,-7.657076267071628
1471,14.71,-0.06487543156205022,-9.281705210901642,0.7908668357241286,6.462841156108309,-2.518359767018368,-13.942871088874421,0.0,-20.0,-20.0,110.0,-7.663714463096649
1472,14.72,-0.06436839836627625,-9.288274411146732,0.7839265684473283,6.463251400862352,-2.517303776151662,-13.952206630591785,0.0,-20.0,-20.0,110.0,-7.670357632152109
1473,14.73,-0.06386136517050228,-9.294843611391823,0.776986301170528,6.463661473141334,-2.5162477184985588,-13.9615421571752,0.0,-20.0,-20.0,110.0,-7.677005763974871
1474,14.74,-0.06335433197472831,-9.301412811636913,0.7700460338937277,6.464071372935036,-2.515191594087174,-13.970877668630092,0.0,-20.0,-20.0,110.0,-7.683658848322637
1475,14.75,-0.06284729877895434,-9.307982011882002,0.7631057666169274,6.464481100233248,-2.5141354029456244,-13.980213164961874,0.0,-20.0,-20.0,110.0,-7.690316874973917
1476,14.76,-0.06234026558318037,-9.31455121212709,0.7561654993401272,6.46489065502576,-2.5130791451020307,-13.989548646175974,0.0,-20.0,-20.0,110.0,-7.696979833728033
1477,14.77,-0.0618332323874064,-9.32112041237218,0.749225232063327,6.46530003730237,-2.512022820584512,-13.998884112277818,0.0,-20.0,-20.0,110.0,-7.703647714405075
1478,14.780000000000001,-0.06132619919163243,-9.327689612617268,0.7422849647865268,6.465709247052879,-2.5109664294211917,-14.008219563272826,0.0,-20.0,-20.0,110.0,-7.710320506845899
1479,14.790000000000001,-0.06081916599585846,-9.334258812862357,0.7353446975097266,6.4661182842670915,-2.5099099716401936,-14.017554999166434,0.0,-20.0,-20.0,110.0,-7.716998200912085
1480,14.8,-0.06031213280008449,-9.340828013107446,0.7284044302329264,6.466527148934819,-2.508853447269643,-14.026890419964063,0.0,-20.0,-20.0,110.0,-7.723680786485938
1481,14.81,-0.05980509960431052,-9.347397213352535,0.7214641629561263,6.466935841045875,-2.507796856337667,-14.036225825671153,0.0,-20.0,-20.0,110.0,-7.730368253470448
1482,14.82,-0.05929806640853655,-9.353966413597623,0.7145238956793261,6.467344360590079,-2.5067401988723943,-14.045561216293125,0.0,-20.0,-20.0,110.0,-7.737060591789281
1483,14.83,-0.05879103321276258,-9.360535613842712,0.7075836284025259,6.467752707557253,-2.5056834749019554,-14.054896591835423,0.0,-20.0,-20.0,110.0,-7.743757791386756
1484,14.84,-0.05828400001698861,-9.3671048140878,0.7006433611257257,6.468160881937224,-2.5046266844544816,-14.064231952303475,0.0,-20.0,-20.0,110.0,-7.750459842227808
1485,14.85,-0.05777696682121464,-9.373674014332886,0.6937030938489255,6.4685688837198265,-2.503569827558107,-14.073567297702724,0.0,-20.0,-20.0,110.0,-7.75716673429799
1486,14.86,-0.05726993362544067,-9.380243214577973,0.6867628265721254,6.468976712894896,-2.5025129042409673,-14.082902628038605,0.0,-20.0,-20.0,110.0,-7.763878457603443
1487,14.870000000000001,-0.056762900429666696,-9.38681241482306,0.6798225592953253,6.469384369452272,-2.501455914531198,-14.092237943316563,0.0,-20.0,-20.0,110.0,-7.770595002170852
1488,14.88,-0.056255867233892726,-9.393381615068147,0.6728822920185252,6.469791853381803,-2.500398858456937,-14.101573243542033,0.0,-20.0,-20.0,110.0,-7.777316358047451
1489,14.89,-0.055748834038118755,-9.399950815313234,0.6659420247417251,6.4701991646733354,-2.499341736046325,-14.110908528720463,0.0,-20.0,-20.0,110.0,-7.784042515300995
1490,14.9,-0.055241800842344785,-9.406520015558321,0.6590017574649251,6.470606303316724,-2.4982845473275033,-14.120243798857297,0.0,-20.0,-20.0,110.0,-7.790773464019727
1491,14.91,-0.054734767646570814,-9.413089215803408,0.652061490188125,6.471013269301832,-2.497227292328615,-14.129579053957984,0.0,-20.0,-20.0,110.0,-7.797509194312357
1492,14.92,-0.054227734450796844,-9.419658416048495,0.6451212229113249,6.471420062618516,-2.496169971077805,-14.138914294027968,0.0,-20.0,-20.0,110.0,-7.804249696308049
1493,14.93,-0.053720701255022874,-9.426227616293582,0.6381809556345248,6.471826683256648,-2.4951125836032184,-14.1482495190727,0.0,-20.0,-20.0,110.0,-7.810994960156387
1494,14.94,-0.0532136680592489,-9.432796816538668,0.6312406883577247,6.472233131206098,-2.4940551299330034,-14.157584729097627,0.0,-20.0,-20.0,110.0,-7.81774497602736
1495,14.950000000000001,-0.05270663486347493,-9.439366016783753,0.6243004210809247,6.472639406456743,-2.4929976100953106,-14.16691992410821,0.0,-20.0,-20.0,110.0,-7.824499734111325
1496,14.96,-0.05219960166770096,-9.445935217028838,0.6173601538041247,6.473045508998465,-2.4919400241182887,-14.176255104109897,0.0,-20.0,-20.0,110.0,-7.831259224619001
1497,14.97,-0.05169256847192699,-9.452504417273923,0.6104198865273247,6.473451438821145,-2.490882372030092,-14.18559026910815,0.0,-20.0,-20.0,110.0,-7.838023437781441
1498,14.98,-0.05118553527615302,-9.459073617519008,0.6034796192505247,6.473857195914675,-2.4898246538588733,-14.194925419108419,0.0,-20.0,-20.0,110.0,-7.8447923638499875
1499,14.99,-0.05067850208037905,-9.465642817764094,0.5965393519737248,6.474262780268952,-2.4887668696327894,-14.20426055411617,0.0,-20.0,-20.0,110.0,-7.851565993096277
1500,15.0,-0.05017146888460508,-9.472212018009179,0.5895990846969248,6.474668191873872,-2.4877090193799978,-14.213595674136858,0.0,-20.0,-20.0,110.0,-7.858344315812198
1501,15.01,-0.04966443568883111,-9.478781218254264,0.5826588174201248,6.4750734307193385,-2.4866511031286556,-14.22293077917595,0.0,-20.0,-20.0,110.0,-7.865127322309874
1502,15.02,-0.04915740249305714,-9.48535041849935,0.5757185501433248,6.475478496795258,-2.4855931209069246,-14.232265869238907,0.0,-20.0,-20.0,110.0,-7.871915002921637
1503,15.030000000000001,-0.04865036929728317,-9.491919618744433,0.5687782828665249,6.475883390091544,-2.4845350727429665,-14.241600944331191,0.0,-20.0,-20.0,110.0,-7.878707347999993
1504,15.040000000000001,-0.0481433361015092,-9.498488818989516,0.5618380155897249,6.4762881105981105,-2.483476958664945,-14.250936004458273,0.0,-20.0,-20.0,110.0,-7.885504347917619
1505,15.05,-0.04763630290573523,-9.5050580192346,0.5548977483129249,6.476692658304882,-2.4824187787010255,-14.260271049625622,0.0,-20.0,-20.0,110.0,-7.89230599306732
1506,15.06,-0.04712926970996126,-9.511627219479683,0.5479574810361251,6.477097033201777,-2.481360532879374,-14.269606079838706,0.0,-20.0,-20.0,110.0,-7.899112273862012
1507,15.07,-0.04662223651418729,-9.518196419724767,0.5410172137593252,6.477501235278733,-2.4803022212281585,-14.278941095102997,0.0,-20.0,-20.0,110.0,-7.9059231807346855
1508,15.08,-0.04611520331841332,-9.52476561996985,0.5340769464825253,6.477905264525694,-2.4792438437755564,-14.288276095424001,0.0,-20.0,-20.0,110.0,-7.912738704138395
1509,15.09,-0.04560817012263935,-9.531334820214934,0.5271366792057255,6.478309120932569,-2.478185400549727,-14.297611080807126,0.0,-20.0,-20.0,110.0,-7.919558834546237
1510,15.1,-0.045101136926865376,-9.537904020460017,0.5201964119289256,6.478712804489319,-2.4771268915788482,-14.306946051257881,0.0,-20.0,-20.0,110.0,-7.926383562451299
1511,15.11,-0.044594103731091406,-9.5444732207051,0.5132561446521258,6.479116315185887,-2.4760683168910944,-14.316281006781745,0.0,-20.0,-20.0,110.0,-7.933212878366652
1512,15.120000000000001,-0.044087070535317435,-9.551042420950184,0.5063158773753259,6.479519653012226,-2.475009676514642,-14.325615947384192,0.0,-20.0,-20.0,110.0,-7.94004677282533
1513,15.13,-0.043580037339543465,-9.557611621195266,0.4993756100985261,6.479922817958295,-2.473950970477671,-14.33495087307071,0.0,-20.0,-20.0,110.0,-7.946885236380284
1514,15.14,-0.0433221566788785,-9.564538641910866,0.49601261404759756,6.584292756310746,-2.502273533169411,-14.407550026956391,0.0,-20.0,-20.0,110.0,-8.027748610550358
1515,15.15,-0.0430180256212542,-9.571543461429783,0.4924358396913305,7.054538118878571,-2.349602359973596,-15.939004543595617,0.0,-20.0,-20.0,110.0,-8.477851715457538
1516,15.16,-0.042928891204381044,-9.57904999493291,0.49250968978914167,7.745928212083994,-1.9907888730684966,-18.298422167925384,0.0,-20.0,-20.0,110.0,-8.648999476085091
1517,15.17,-0.04284580758067823,-9.586678191311615,0.4929102613840828,8.550464267254615,-1.387808964460198,-21.553563920383144,0.0,-20.0,-20.0,110.0,-8.924375722727127
1518,15.18,-0.0427598809391317,-9.594360325700729,0.493317400338681,9.375224602532253,-0.5124372794779247,-25.757301988108384,0.0,-20.0,-20.0,110.0,-9.012403090597411
1519,15.19,-0.04267114072852954,-9.602057443405904,0.49365837794308426,10.135967849639115,0.5510793451791999,-30.289539579169453,0.0,-20.0,-20.0,110.0,-9.071210858615428
1520,15.200000000000001,-0.04258232427584926,-9.609757593567004,0.49398565981946413,10.78622478206124,1.74553969934714,-34.86334896827123,0.0,-20.0,-20.0,110.0,-9.099581483641918
1521,15.21,-0.04249219806312779,-9.617453382950169,0.49429637837554546,11.307073928476772,3.045307415750918,-39.41636153429131,0.0,-20.0,-20.0,110.0,-9.133208405969302
1522,15.22,-0.042400835942921634,-9.625145817892175,0.49459131813139795,11.686618685240305,4.436656178665934,-43.95340420112229,0.0,-20.0,-20.0,110.0,-9.168498121833073
1523,15.23,-0.042308244488611924,-9.632835077546591,0.4948707196202463,11.914022018999578,5.904741177924697,-48.48081954102078,0.0,-20.0,-20.0,110.0,-9.206147920047894
1524,15.24,-0.04221439593432823,-9.640520923966083,0.49513463591427137,11.97943529565405,7.433695449211635,-53.00632538299262,0.0,-20.0,-20.0,110.0,-9.24591824745548
1525,15.25,-0.04211926004461276,-9.648203150920745,0.49538311663363677,11.873962324116672,9.006702986825328,-57.53876232459134,0.0,-20.0,-20.0,110.0,-9.287595851245321
1526,15.26,-0.042022809455438195,-9.655881542594168,0.49561621652970106,11.589637329470314,10.606059911934647,-62.08786975290313,0.0,-20.0,-20.0,110.0,-9.330932347395024
1527,15.27,-0.04192501980525309,-9.663555883500495,0.4958339930836006,11.119454312290026,12.213216297158711,-66.66397853557335,0.0,-20.0,-20.0,110.0,-9.375676700645872
1528,15.280000000000001,-0.04182585345174124,-9.671225954118492,0.4960365095543514,10.457473072538642,13.808807743469256,-71.27760356385167,0.0,-20.0,-20.0,110.0,-9.421553768237148
1529,15.290000000000001,-0.04172528218551141,-9.678891538751197,0.4962238305635126,9.599039304938621,15.37269687262627,-75.93897038371766,0.0,-20.0,-20.0,110.0,-9.468291349532391
1530,15.3,-0.04162328425030539,-9.686552426073673,0.49639602227099067,8.541053151955769,16.884053400382708,-80.65757492856491,0.0,-20.0,-20.0,110.0,-9.51561922026701
1531,15.31,-0.041519834291598966,-9.694208402879115,0.49655315493581076,7.28234879626556,18.32145636838386,-85.44160295464268,0.0,-20.0,-20.0,110.0,-9.56325979935662
1532,15.32,-0.041414907201189705,-9.701859256207129,0.496695302098888,5.824165470077096,19.663052150661194,-90.29729424551896,0.0,-20.0,-20.0,110.0,-9.61093508466951
1533,15.33,-0.04130847743847839,-9.709504773959443,0.4968225404912632,4.170681042885862,20.88678413690984,-95.22827375472946,0.0,-20.0,-20.0,110.0,-9.658367608504415
1534,15.34,-0.04120051933322487,-9.717144745227953,0.4969349498977658,2.32956238440409,21.970708050210792,-100.23489540806584,0.0,-20.0,-20.0,110.0,-9.70528272044123
1535,15.35,-0.04109824900976247,-9.724803729238587,0.49709493645010655,0.31250097036567487,22.89343913783244,-105.31366114203477,215.85739135742188,-20.0,-20.0,109.99911975860596,-9.802163481249154
1536,15.36,-0.04104442895205737,-9.73263091697595,0.4976638336148244,-1.8643228528091251,23.63478343837543,-110.45680867788398,1258.4486083984375,-20.0,-20.0,109.99398803710938,-10.100034694424645
1537,15.370000000000001,-0.04110754717702178,-9.740871152503859,0.4992071666966872,-4.18021895709476,24.176235995076222,-115.65216732797195,2200.0,-20.0,-20.0,109.98501777648926,-10.408914278904371
1538,15.38,-0.04132169075826081,-9.749654016344412,0.5019873046926006,-6.610398756629099,24.50129475850388,-120.88330451945977,2200.0,-20.0,-20.0,109.97604751586914,-10.52719866550618
1539,15.39,-0.04168907538945138,-9.758997643262196,0.5059958598639731,-9.126413849329435,24.596051442710042,-126.13002354713302,2200.0,-20.0,-20.0,109.96707725524902,-10.643020725794903
1540,15.4,-0.04221178803443525,-9.768919425986882,0.5112244665636035,-11.696897486426918,24.449825770695476,-131.3692635896224,2200.0,-20.0,-20.0,109.9581069946289,-10.75624667680147
1541,15.41,-0.04289190366163519,-9.779436642628271,0.5176645090963731,-14.288758401591892,24.05553172715607,-136.57631668555155,2200.0,-20.0,-20.0,109.94913673400879,-10.866783079843835
1542,15.42,-0.04373148423753798,-9.790566451667676,0.5253071237495164,-16.86855818757798,23.409864968865403,-141.72624140005712,2200.0,-20.0,-20.0,109.94016647338867,-10.974569884698091
1543,15.43,-0.04473257777172038,-9.802325887137933,0.534143200944138,-19.403912362737675,22.51328816216142,-146.7953129180707,2200.0,-20.0,-20.0,109.93119621276855,-11.079574372563592
1544,15.44,-0.045897217394807274,-9.814731853964318,0.5441633875019959,-21.864748447132687,21.36981842807543,-151.76234302753997,2200.0,-20.0,-20.0,109.92222595214844,-11.181786867802037
1545,15.450000000000001,-0.04722742045289088,-9.827801123445125,0.5553580890213121,-24.224282925076565,19.986647340532713,-156.6097325731904,2200.0,-20.0,-20.0,109.91325569152832,-11.281218006094546
1546,15.46,-0.04872518756222457,-9.841550328807003,0.5677174723929427,-26.45963239250903,18.37364170525987,-161.32417317017652,2200.0,-20.0,-14.464974403381346,109.9042854309082,-11.37789682696471
1547,15.47,-0.05039250163969549,-9.855995960975203,0.581231468647285,-28.552031186043262,16.542773983345977,-165.89697390548014,2200.0,-20.0,-6.254448294639587,109.89531517028809,-11.471869298838431
1548,15.48,-0.05223132682774644,-9.871154365026102,0.5958897767078414,-30.48668245823298,14.507527355405745,-170.32404180010457,2200.0,-20.0,2.5335317850112915,109.88634490966797,-11.563197709382068
1549,15.49,-0.05424360980644078,-9.887041737824136,0.6116818674973035,-32.25233051398578,12.28229868481789,-174.60557457861123,2200.0,-20.0,11.646180152893066,109.87737464904785,-11.651963534617384
1550,15.5,-0.05643126243131842,-9.90367411868803,0.6285969945948547,-33.840738812006535,9.882086446045838,-178.7457338085867,2200.0,-20.0,20.0,109.86840438842773,-11.738265351775974
1551,15.51,-0.05879617525300783,-9.921067389149949,0.6466241883969763,-35.24602622408545,7.3221223934577235,177.24783324002289,2200.0,-20.0,20.0,109.85943412780762,-11.822225415204548
1552,15.52,-0.06134018554207102,-9.939237261882,0.6657522661378155,-36.463953310721365,4.617791379300047,173.36435257944768,2200.0,-20.0,20.0,109.8504638671875,-11.903976158081967
1553,15.530000000000001,-0.06406508575522593,-9.958199282316269,0.6859698277668737,-37.49117138381694,1.784366214635482,169.59040072211775,2200.0,-20.0,20.0,109.84149360656738,-11.983665277000984
1554,15.540000000000001,-0.06697261964015142,-9.977968825546156,0.7072652580606125,-38.32452447875091,-1.1631148593016154,165.9102601737567,2200.0,-20.0,20.0,109.83252334594727,-12.061456143474635
1555,15.55,-0.07006448163709422,-9.998561094755873,0.7296267287892352,-38.96039926308407,-4.209867936333313,162.30614730801412,2200.0,-20.0,20.0,109.82355308532715,-12.137527385124251
1556,15.56,-0.07334231658012101,-10.019991119549823,0.7530422008668217,-39.394113056003654,-7.34130218044998,158.75830756816467,2200.0,-20.0,20.0,109.81458282470703,-12.212072125634757
1557,15.57,-0.07680771945116667,-10.042273754164318,0.7774994264460225,-39.619325248350954,-10.542889728985838,155.24497707317315,2200.0,-20.0,20.0,109.80561256408691,-12.285297066192186
1558,15.58,-0.08046223511846116,-10.065423675614575,0.8029859509630729,-39.6274535939348,-13.799972075712859,151.74221187649883,2200.0,-20.0,20.0,109.7966423034668,-12.357421448510264
1559,15.59,-0.08430735805855885,-10.089455381814577,0.829489115150244,-39.40707570822377,-17.09750248358197,148.22358742905453,2200.0,-20.0,20.0,109.78767204284668,-12.428675910900743
1560,15.6,-0.08834453208189169,-10.114383189686007,0.8569960570307299,-38.94329859546262,-20.41971862360315,144.65977301599133,2200.0,-20.0,20.0,109.77870178222656,-12.499301241870333
1561,15.610000000000001,-0.09257515008318637,-10.14022123325829,0.8854937139058157,-38.21708685864581,-23.749734488852724,141.0179918264758,2200.0,-20.0,20.0,109.76973152160645,-12.569547036047625
1562,15.620000000000001,-0.09700055383327721,-10.166983461755247,0.9149688243398293,-37.20455690467619,-27.069035923659285,137.26139121597637,2200.0,-20.0,20.0,109.76076126098633,-12.63967025986954
1563,15.63,-0.10162203382356463,-10.194683637662642,0.9454079301458783,-35.876276290322515,-30.356860698659172,133.348376583864,2200.0,-20.0,20.0,109.75179100036621,-12.709933737361931
1564,15.64,-0.10644082917051144,-10.22333533477184,0.9767973783745503,-34.1966649658566,-33.589443974372976,129.2320170767888,2200.0,-20.0,20.0,109.7428207397461,-12.780604568701651
1565,15.65,-0.11145812758520783,-10.252951936196498,1.0091233233080754,-32.12369455816742,-36.73911738913873,124.85972821591832,2200.0,-20.0,20.0,109.73385047912598,-12.8526404243149
1566,15.66,-0.11667506541163991,-10.283546632360432,1.0423717284633456,-29.60924335869274,-39.77327267725987,120.17359596344238,2200.0,-20.0,20.0,109.72488021850586,-12.92727505327571
1567,15.67,-0.12209272773633208,-10.315132418955452,1.076528368608198,-26.60070459436337,-42.653251831425735,115.11194493938208,2200.0,-20.0,20.0,109.71590995788574,-13.002943512514596
1568,15.68,-0.1277121485711738,-10.347722094868166,1.1115788317963013,-23.044748608167975,-45.333324283177625,109.61305518339869,2200.0,-20.0,20.0,109.70693969726562,-13.07992551919641
1569,15.69,-0.1335343111103545,-10.381328260074712,1.147508521426688,-18.894395182529703,-47.76007634485925,103.6221863996803,2200.0,-20.0,20.0,109.69796943664551,-13.158496092822663
1570,15.700000000000001,-0.13956014806140424,-10.4159633135023,1.1843026583344929,-14.120448535580854,-49.872766460784895,97.10296410469006,2200.0,-20.0,20.0,109.68899917602539,-13.238923888224775
1571,15.71,-0.14579054204941427,-10.451639450856504,1.2219462829197978,-8.727296773873006,-51.605417723320066,90.05313073390647,2200.0,-20.0,20.0,109.68002891540527,-13.321469568294441
1572,15.72,-0.15222632609262596,-10.48836866241345,1.260424257321677,-2.770445527001272,-52.891416501283864,82.52203224310405,2200.0,-20.0,20.0,109.67105865478516,-13.406384229587179
1573,15.73,-0.15886828414676504,-10.526162730776319,1.2997212676446277,3.6307867378184646,-53.67082820182894,74.62326816798185,2200.0,-20.0,20.0,109.66208839416504,-13.493907893435544
1574,15.74,-0.16571715171476653,-10.565033228596198,1.3398218262445722,10.294646386035252,-53.89933834818777,66.53327068744149,2200.0,-20.0,20.0,109.65311813354492,-13.584268074592883
1575,15.75,-0.17277361651788883,-10.604991516257721,1.380710274081518,16.998543908935154,-53.55616371909621,58.46966407190779,2200.0,-20.0,20.0,109.6441478729248,-13.677678438735432
1576,15.76,-0.18003831922364896,-10.646048739530706,1.4223707831458081,23.51676836863277,-52.64774896027247,50.653510862523355,2200.0,-20.0,20.0,109.63517761230469,-13.774337559343675
1577,15.77,-0.18751185422551517,-10.68821582718953,1.4647873589646363,29.659571878469446,-51.20557136327333,43.27018965860198,2200.0,-20.0,20.0,109.62620735168457,-13.874427783602508
1578,15.780000000000001,-0.19519477046886816,-10.731503488602804,1.5079438431951913,35.297900467271575,-49.27913856258981,36.44462783044698,2200.0,-20.0,20.0,109.61723709106445,-13.978114215990287
1579,15.790000000000001,-0.20308757231737862,-10.775922211296367,1.5518239163104002,40.36773714598509,-46.927173002663594,30.236922916832125,2200.0,-20.0,20.0,109.60826683044434,-14.08554382719541
1580,15.8,-0.21119072045364595,-10.821482258493475,1.5964111003827821,44.85900026035017,-44.20985721612642,24.653409111395696,2200.0,-20.0,20.0,109.59929656982422,-14.196844694904787
1581,15.81,-0.2195046328076995,-10.86819366663652,1.6416887619714051,48.79823584232318,-41.18358155206504,19.6639295112805,2200.0,-20.0,20.0,109.5903263092041,-14.312125381866434
1582,15.82,-0.2280296855067755,-10.916066242895267,1.687640115116355,52.232284478500205,-37.898235211413066,15.218132871143053,2200.0,-20.0,20.0,109.58135604858398,-14.431474455454307
1583,15.83,-0.23676621383965105,-10.965109562667099,1.734248224444497,55.21611788059247,-34.396374787570224,11.257598778421858,2200.0,-20.0,20.0,109.57238578796387,-14.554960151752418
1584,15.84,-0.24571451322873752,-11.01533296707527,1.7814960083896343,57.80514029499763,-30.71350380411089,7.72349500081581,2200.0,-20.0,20.0,109.56341552734375,-14.682630185957713
1585,15.85,-0.25487484020311035,-11.066745560471562,1.8293662425294395,60.05098473530708,-26.87887609563298,4.56073562198896,2200.0,-20.0,20.0,109.55444526672363,-14.81451170966942
1586,15.860000000000001,-0.2642474133656777,-11.119356207950123,1.8778415630407999,61.99962635137863,-22.91646001962622,1.7198158565336974,2200.0,-20.0,20.0,109.54547500610352,-14.950611414411698
1587,15.870000000000001,-0.27383241434776595,-11.173173532879566,1.9269044702744242,63.69086101009819,-18.845873606340565,-0.8427268744273158,2200.0,-20.0,20.0,109.5365047454834,-15.090915779523888
1588,15.88,-0.2836299887445223,-11.228205914460647,1.9765373324487745,65.15850276040804,-14.683209122792611,-3.164582391795792,2200.0,-20.0,20.0,109.52753448486328,-15.235391461373506
1589,15.89,-0.2936402470247077,-11.284461485316967,2.026722389462572,66.4309047718402,-10.441724513184393,-5.278276523213236,2200.0,-20.0,20.0,109.51856422424316,-15.383985819694333
1590,15.9,-0.30386326540866465,-11.341948129126312,2.0774417568243178,67.53157963989806,-6.132407349062414,-7.211900846929196,2200.0,-20.0,20.0,109.50959396362305,-15.536627575751215
1591,15.91,-0.31429908670850465,-11.400673478300174,2.128677429696457,68.47980034564546,-1.7644280767553107,-8.989852754984943,2200.0,-20.0,20.0,109.50062370300293,-15.693227595983009
1592,15.92,-0.32494772112485687,-11.460644911719022,2.1804112870510286,69.29112307721624,2.654497987481247,-10.633538475416648,2200.0,-20.0,20.0,109.49165344238281,-15.8536797937878
1593,15.93,-0.3358091469948548,-11.521869552530735,2.2326250959328453,69.97780420809853,7.117821551645821,-12.162027868977265,2200.0,-20.0,20.0,109.4826831817627,-16.017862141203732
1594,15.94,-0.3468833114864107,-11.584354266019401,2.2853005158255177,70.54909704846973,11.619927162175845,-13.592670948469717,2200.0,-20.0,20.0,109.47371292114258,-16.18563778139567
1595,15.950000000000001,-0.35817013123422853,-11.648105657551504,2.338419103114893,71.01141589981418,16.155944486089158,-14.941700230498354,2200.0,-20.0,20.0,109.46474266052246,-16.35685623211456
1596,15.96,-0.3696694929134422,-11.713130070606091,2.3919623156438172,71.36834821882483,20.721591699867655,-16.224855968157783,2200.0,-20.0,20.0,109.45577239990234,-16.53135466963235
1597,15.97,-0.38138125374722315,-11.77943358489522,2.4459115173514765,71.62048008736689,25.3130410046367,-17.45808811346841,2200.0,-20.0,20.0,109.44680213928223,-16.70895928209512
1598,15.98,-0.3933052419451847,-11.847022014580507,2.500247982989996,71.76497209021073,29.926796710634843,-18.658415781522642,2200.0,-20.0,20.0,109.43783187866211,-16.889486680776283
1599,15.99,-0.405441257069913,-11.91590090659111,2.5549529029104407,71.79477336368113,34.55957539076952,-19.845072206167753,2200.0,-20.0,20.0,109.42886161804199,-17.07274535735295
1600,16.0,-0.4177890703294719,-11.986075539047942,2.610007387909901,71.6972724158679,39.20817443895777,-21.041149989135324,2200.0,-20.0,20.0,109.41989135742188,-17.25853717508031
1601,16.01,-0.43034842479426016,-12.057550919798327,2.6653924741309245,71.45201476134825,43.86930810981562,-22.276127762698607,2200.0,-20.0,20.0,109.41092109680176,-17.44665888159503
1602,16.02,-0.4431190355371398,-12.130331785064723,2.7210891280042415,71.02678147770251,48.539374497577946,-23.589993333220136,2200.0,-20.0,20.0,109.40195083618164,-17.636903631045723
1603,16.03,-0.4561005896962974,-12.204422598210414,2.7770782512254506,70.37061170749,53.21408269854816,-25.040387757550178,2200.0,-20.0,20.0,109.39298057556152,-17.829062503321495
1604,16.04,-0.469292746460849,-12.279827548624525,2.8333406857561445,69.40073799435574,57.88779020071475,-26.715807519037234,2200.0,-20.0,20.0,109.3840103149414,-18.022926008328884
1605,16.05,-0.4826951369255028,-12.356550550729878,2.8898572188835554,67.9764207527499,62.55220150042812,-28.761882357804218,2200.0,-16.06827974319458,20.0,109.37504005432129,-18.218285335959546
1606,16.06,-0.4963073638305014,-12.43459524327422,2.9466085883271553,65.84180463192712,67.19352373391595,-31.43860284023915,2200.0,-8.432249426841736,20.0,109.36606979370117,-18.41493329816063
1607,16.07,-0.5101290013026238,-12.513964989315324,3.003575487398422,62.4865284273446,71.78541358450651,-35.25976007025276,2200.0,-1.1376053094863892,20.0,109.35709953308105,-18.612665657304085
1608,16.080000000000002,-0.5241595933485352,-12.594662876941483,3.060738570811177,56.7545883733217,76.2684027826355,-41.384098147027075,2200.0,5.81597626209259,20.0,109.34812927246094,-18.811281879850306
1609,16.09,-0.5383986555625015,-12.67669171912885,3.118078461084612,45.560181467186396,80.47557919629688,-52.899469280536444,2200.0,12.525689601898193,20.0,109.33915901184082,-19.01059491056151
1610,16.1,-0.5528456604273211,-12.760054053208028,3.175575756602353,19.85458990930974,83.80126502241947,-78.85616631886671,2200.0,19.103271961212158,20.0,109.3301887512207,-19.210423276464287
1611,16.11,-0.5675000327915521,-12.844752138927198,3.2332110365041586,-27.42890779258176,84.35855220632301,-126.32212344046563,2200.0,20.0,20.0,109.32121849060059,-19.410592545426308
1612,16.12,-0.5823611477383759,-12.930787957420165,3.2909648625800405,-60.154885961910004,81.57257979649216,-159.16269985955967,2200.0,20.0,20.0,109.31224822998047,-19.610937891210238
1613,16.13,-0.5974283285078419,-13.01816321097911,3.348817782269224,-74.2798652337671,77.50696981590336,-173.33475410496175,2200.0,20.0,20.0,109.30327796936035,-19.81130480423646
1614,16.14,-0.612700845738057,-13.10687932348068,3.4067503313783414,-81.25991402827576,73.05839969695343,179.70576783341716,2200.0,20.0,20.0,109.29430770874023,-20.01155013283327
1615,16.15,-0.6281779171091652,-13.196937440827792,3.4647430368991525,-85.32139031100652,68.46305725577827,175.73310707261874,2200.0,20.0,20.0,109.28533744812012,-20.211542829555498
1616,16.16,-0.6438587071811191,-13.288338431294646,3.522776419906441,-87.97443146886299,63.79889710036155,173.23822403013722,2200.0,20.0,20.0,109.2763671875,-20.411164486351172
1617,16.17,-0.6597380507398323,-13.38105449910779,3.580830756592658,-89.85846350789794,59.098388504526234,171.5833084260907,2108.134521484375,20.0,20.0,109.26777172088623,-20.588874314071028
1618,16.18,-0.6758002416800605,-13.47498740752728,3.638887084602361,-91.2854865317425,54.37761485484508,170.4585172948107,1881.1102294921875,20.0,20.0,109.26010131835938,-20.731404757939867
1619,16.19,-0.6920238123171453,-13.569999501639948,3.6969294638375154,-92.42503377705823,49.64569524857856,169.69707970794866,1662.575927734375,20.0,20.0,109.25332260131836,-20.867621270006445
1620,16.2,-0.7083880809089853,-13.66595708885554,3.754945949802213,-93.37728230255921,44.90842275057579,169.20227013118713,1449.03662109375,20.0,20.0,109.24741458892822,-20.996868194961802
1621,16.21,-0.7248733638729826,-13.76273190712044,3.8129282182086297,-94.2056430211762,40.16986988213399,168.91490411705112,1248.47509765625,20.0,20.0,109.24232387542725,-21.121068420826358
1622,16.22,-0.7414623786508763,-13.860210732944426,3.8708707569857843,-94.952738219896,35.433176691908706,168.79747232179088,1083.8070068359375,20.0,20.0,109.23790454864502,-21.24589937844827
1623,16.23,-0.7581420738684286,-13.958308104645837,3.9287693270455533,-95.64886944151498,30.700975133966573,168.82581331257245,973.2307739257812,20.0,20.0,109.23393630981445,-21.376705510025953
1624,16.240000000000002,-0.774904124956337,-14.05697014279107,3.986619475427697,-96.3168128747579,25.975638738810083,168.9844892799057,910.9819946289062,20.0,20.0,109.23022174835205,-21.513871041061584
1625,16.25,-0.7917435997355355,-14.156165824172685,4.0444160520567625,-96.9747022433083,21.259443993994434,169.2641108377652,874.662109375,20.0,20.0,109.22665500640869,-21.653750644831714
1626,16.26,-0.8086572411167988,-14.255875427671755,4.102153508951088,-97.63786843219117,16.55468684019719,169.65975665081749,849.284912109375,20.0,20.0,109.22319221496582,-21.793716887533318
1627,16.27,-0.8256431793482595,-14.356088721165568,4.1598255891948535,-98.32009525326107,11.863778422739014,170.1700494563568,844.0635375976562,20.0,20.0,109.21975040435791,-21.93628458562306
1628,16.28,-0.8427020639021957,-14.456813068252341,4.217423735164705,-99.034548393328,7.189334850367914,170.7966521004819,876.394287109375,20.0,20.0,109.21617698669434,-22.086159872221717
1629,16.29,-0.8598378267154434,-14.558079102802765,4.274935443896455,-99.7945289897387,2.534270998069353,171.5440524976141,947.767822265625,20.0,20.0,109.21231269836426,-22.244918601253683
1630,16.3,-0.8770573012994285,-14.659938416148405,4.332343638015524,-100.61415062150459,-2.0980929775459005,172.41957028816657,1049.6376953125,20.0,20.0,109.20803260803223,-22.4118662539059
1631,16.31,-0.8943695268208228,-14.762458955001131,4.389626573021432,-101.50901484964733,-6.703902879309999,173.43355954576015,1176.0064697265625,20.0,20.0,109.20323753356934,-22.586634164477474
1632,16.32,-0.9117852112216042,-14.86572146004116,4.446757810860034,-102.49694967360628,-11.27860804464154,174.599808092611,1321.6827392578125,20.0,20.0,109.19784832000732,-22.768855841371682
1633,16.330000000000002,-0.9293161788814328,-14.969815712784628,4.503706444273043,-103.59887358918945,-15.816750568235282,175.93615476607826,1479.970947265625,20.0,20.0,109.1918134689331,-22.957660131593922
1634,16.34,-0.9469742712698787,-15.074832716457195,4.560438515523603,-104.83985375147157,-20.311686273308414,177.46536611411267,1632.0850830078125,20.0,20.0,109.18515872955322,-23.14919359464574
1635,16.35,-0.9647692061308963,-15.180849075378513,4.616920850866797,-106.25043909847554,-24.7552095530696,179.21633549096546,1745.0679931640625,20.0,20.0,109.17804336547852,-23.335792864282165
1636,16.36,-0.9827069746324455,-15.287914969649426,4.67312480809299,-107.86837183062208,-29.13704099439927,-178.7743053298947,1811.479736328125,20.0,20.0,109.17065715789795,-23.514690134333623
1637,16.37,-1.0007901723367,-15.396056135283292,4.729026888695549,-109.74079632019043,-33.44411858089327,-176.46005288291775,1844.615478515625,20.0,20.0,109.16313552856445,-23.68766621309513
1638,16.38,-1.019019057873685,-15.505281290859479,4.784607679704576,-111.92707322284028,-37.65961016616959,-173.78177499744487,1855.3089599609375,20.0,20.0,109.15557098388672,-23.85633285900115
1639,16.39,-1.0373924292231906,-15.61558837919433,4.839850693463025,-114.50224454194587,-41.76153374275671,-170.66428802999846,1853.1732177734375,20.0,20.0,109.14801502227783,-24.022339983134813
1640,16.4,-1.0559086493624186,-15.72697209734787,4.894740384250191,-117.56098812393365,-45.72083773268534,-167.01243336986204,1853.7254638671875,20.0,20.0,109.140456199646,-24.18896078146548
1641,16.41,-1.0745671662740004,-15.839435378119147,4.949258328921969,-121.22134155819552,-49.498777775050605,-162.7073760325722,1880.4857177734375,20.0,20.0,109.13278865814209,-24.361724267284764
1642,16.42,-1.0933705127074353,-15.953004844719567,5.003377235306382,-125.62618242815901,-53.04348941670441,-157.60514021408608,1963.34423828125,20.0,20.0,109.12478351593018,-24.548246667685717
1643,16.43,-1.1123264288714836,-16.067747628167247,5.0570534254313895,-130.93783860447934,-56.28594661834131,-151.54200895139533,2131.644287109375,20.0,20.0,109.11609172821045,-24.756808613788756
1644,16.44,-1.1314418931040822,-16.183725804526837,5.110243241710159,-137.31690919676737,-59.136327095452444,-144.35569385540202,2200.0,20.0,20.0,109.10712146759033,-24.947685680289872
1645,16.45,-1.1507174351533922,-16.30095204832739,5.162920761067243,-144.8726459800714,-61.48350508070479,-135.93493931144369,2200.0,20.0,20.0,109.09815120697021,-25.1254322927054
1646,16.46,-1.1701509998707575,-16.41941898470414,5.215067804088756,-153.57809054291596,-63.2027690625369,-126.30438313442494,2200.0,20.0,20.0,109.0891809463501,-25.303788697127025
1647,16.47,-1.1897405091406186,-16.53911899180116,5.2666663397059885,-163.17530627042694,-64.17733346874752,-115.71931575744988,2200.0,20.0,20.0,109.08021068572998,-25.482817978596334
1648,16.48,-1.2094838611632917,-16.660044183986898,5.317698441453988,-173.14991058374034,-64.33208314320852,-104.69112975814203,2200.0,20.0,20.0,109.07124042510986,-25.662576668911125
1649,16.490000000000002,-1.2293789318024444,-16.78218641332267,5.368146291905695,177.14728754584584,-63.663056615012124,-93.86565963433165,2200.0,20.0,20.0,109.06227016448975,-25.843114304368772
1650,16.5,-1.2494235758912384,-16.905537271153804,5.417992187140718,168.28010782065195,-62.240630424319484,-83.80297471281511,2200.0,20.0,20.0,109.05329990386963,-26.024473061694675
1651,16.51,-1.269615628491163,-17.030088089825348,5.467218541241132,160.57092909939988,-60.1835155088491,-74.82127750587946,2200.0,20.0,20.0,109.04432964324951,-26.20668747342085
1652,16.52,-1.2899529060979187,-17.155829944523376,5.515807890806248,154.0952660662704,-57.62364629919569,-66.99144317317901,2200.0,20.0,20.0,109.0353593826294,-26.38978422323341
1653,16.53,-1.3104332077890652,-17.28275365524251,5.563742899478074,148.76893102908846,-54.68141415355551,-60.224138714483935,2200.0,20.0,20.0,109.02638912200928,-26.573782021011947
1654,16.54,-1.3310543163085597,-17.410849788879222,5.611006362468873,144.4395488808322,-51.45559049698794,-54.361289582244105,2200.0,20.0,20.0,109.01741886138916,-26.75869155654911
1655,16.55,-1.3518139990837246,-17.54010866145,5.657581211082126,140.9446332039301,-48.02291327687345,-49.23410134719218,2200.0,20.0,20.0,109.00844860076904,-26.944515530196526
1656,16.56,-1.3727100091706674,-17.670520340432585,5.703450517218065,138.13836425168182,-44.441674903091695,-44.68977684228568,2200.0,20.0,20.0,108.99947834014893,-27.131248758009228
1657,16.57,-1.393740086124649,-17.802074647227897,5.7485974978549335,135.89980547818556,-40.75604725989477,-40.59966523949191,2200.0,20.0,20.0,108.99050807952881,-27.318878348264317
1658,16.580000000000002,-1.4149019567924173,-17.934761159739384,5.793005519497189,134.13256652787172,-36.99985450995801,-36.85885092484485,2200.0,20.0,20.0,108.98153781890869,-27.507383945643067
1659,16.59,-1.4361933360240577,-18.06856921506603,5.836658102581963,132.7614170491093,-33.19950070905364,-33.38268677484944,2200.0,20.0,20.0,108.97256755828857,-27.696738038772466
1660,16.6,-1.4576119273024666,-18.203487912304443,5.879538925835273,131.72834734627588,-29.376132576686487,-30.102768531818164,2200.0,20.0,20.0,108.96359729766846,-27.886906326302096
1661,16.61,-1.479155423289114,-18.339506115454913,5.921631830569765,130.98902198178158,-25.547209342507635,-26.963297742208123,2200.0,20.0,20.0,108.95462703704834,-28.07784813624969
1662,16.62,-1.50082150628535,-18.476612456425723,5.962920824916054,130.50988114252553,-21.72764209229252,-23.918090405868945,2200.0,20.0,20.0,108.94565677642822,-28.269516892916275
1663,16.63,-1.522607848609085,-18.614795338129404,6.003390087980122,130.26587347323647,-17.93062985212431,-20.928218778252106,2200.0,20.0,20.0,108.9366865158081,-28.4618606253601
1664,16.64,-1.5445121128872643,-18.754042937664195,6.043023973919646,130.2387175359859,-14.168284929998933,-17.96018920134757,2200.0,20.0,20.0,108.92771625518799,-28.654822511125115
1665,16.65,-1.566531952265146,-18.894343209573513,6.081807015932665,130.41557592296323,-10.452112512831237,-14.984548432783305,2200.0,20.0,20.0,108.91874599456787,-28.848341448724714
1666,16.66,-1.5886650105339706,-19.03568388917584,6.119723930152483,130.78803786143004,-6.7933893180053815,-11.974826434412973,2200.0,20.0,20.0,108.90977573394775,-29.042352652258852
1667,16.67,-1.6109089221791844,-19.178052495957143,6.1567596194432985,131.35132322468328,-3.2034715971295817,-8.906745502402513,2200.0,20.0,20.0,108.90080547332764,-29.236788261419182
1668,16.68,-1.633261312351941,-19.321436337017666,6.1928991770916975,132.10363599836077,0.30594776513652444,-5.757646938029775,2200.0,20.0,20.0,108.89183521270752,-29.431577960231568
1669,16.69,-1.6557197967671462,-19.46582251056479,6.228127890389754,133.04560641020245,3.722621367772002,-2.5061051707863466,2200.0,20.0,20.0,108.8828649520874,-29.6266495978448
1670,16.7,-1.6782819815318362,-19.61119790944355,6.262431244106191,134.17976814946422,7.033563586559156,0.868284873003093,2200.0,20.0,20.0,108.87389469146729,-29.82192980490145
1671,16.71,-1.700945462908187,-19.75754922469627,6.295794923842729,135.51002130904604,10.22490205150015,4.384948203894639,2200.0,20.0,20.0,108.86492443084717,-30.017344599149947
1672,16.72,-1.7237078270159119,-19.904862949142956,6.328204819273479,137.04103438145515,13.281771292962961,8.062188872280307,2200.0,20.0,20.0,108.85595417022705,-30.212819974270403
1673,16.73,-1.746566649479259,-20.0531253809741,6.359647027265917,138.77754196257126,16.188261690972638,11.91685243096013,2200.0,20.0,20.0,108.84698390960693,-30.408282466132267
1674,16.740000000000002,-1.769519495024227,-20.20232262734772,6.390107854882743,140.7235017011658,18.92744304319347,15.963776329389086,2200.0,20.0,20.0,108.83801364898682,-30.603659691139743
1675,16.75,-1.7925639170319816,-20.352440607982786,6.4195738222645735,142.88108825879314,21.481487589984315,20.215021863893558,2200.0,20.0,20.0,108.8290433883667,-30.798880851658932
1676,16.76,-1.815697457054802,-20.503465058741423,6.448031665394182,145.24952782856278,23.831920777099988,24.678903250655363,2200.0,20.0,20.0,108.82007312774658,-30.993877204000928
1677,16.77,-1.8389176443011657,-20.65538153519276,6.475468338743593,147.82381746649216,25.96002714751806,29.35886722378315,2200.0,20.0,20.0,108.81110286712646,-31.188582484937108
1678,16.78,-1.8622219950968377,-20.80817541615157,6.50187101780608,150.59342914218388,27.847430657547292,34.25233005335015,2200.0,20.0,20.0,108.80213260650635,-31.382933293186547
1679,16.79,-1.8856080123290202,-20.961831907185626,6.527227101515643,153.54116222802838,29.47685068140733,39.349641048725914,2200.0,20.0,20.0,108.79316234588623,-31.57686942291864
1680,16.8,-1.9090731848807865,-21.116336044085962,6.5515242145572055,156.64236348799227,30.833005946073726,44.633395692122264,2200.0,20.0,20.0,108.78419208526611,-31.770334146788056
1681,16.81,-1.9326149870631195,-21.27167269629504,6.574750209571249,159.86475447790912,31.90360126997284,50.078341413943534,2200.0,20.0,20.0,108.775221824646,-31.96327444666563
1682,16.82,-1.9562308780519317,-21.42782657028846,6.596893169257123,163.1690646842736,32.68029417149626,55.65207665575711,2200.0,20.0,20.0,108.76625156402588,-32.15564119075513
1683,16.830000000000002,-1.979918301337458,-21.58478221290635,6.617941408379719,166.51055003698656,33.15951277637379,61.31662454208818,2200.0,20.0,20.0,108.75728130340576,-32.34738925632937
1684,16.84,-2.0036746841933546,-21.742524014631666,6.637883475684561,169.8412960226565,33.342996321992445,67.03078154663453,2200.0,20.0,20.0,108.74831104278564,-32.53847759793954
1685,16.85,-2.0274974371727574,-21.901036212812933,6.656708155726724,173.11301348811017,33.23796229035439,72.75294994996243,2200.0,20.0,20.0,108.73934078216553,-32.72886926143906
1686,16.86,-2.0513839536383975,-22.060302894830144,6.674404470619233,176.27990342713133,32.856865301640326,78.44403068941203,2200.0,20.0,20.0,108.73037052154541,-32.91853134472177
1687,16.87,-2.0753316093336815,-22.220308001203012,6.690961681706823,179.3011491337792,32.216785563627525,84.06993492727247,2200.0,20.0,20.0,108.7214002609253,-33.10743490653216
1688,16.88,-2.0993377620448985,-22.38103532865324,6.706369291179788,-177.85730124348132,31.33854679287627,89.60337628909191,2200.0,17.444865703582764,20.0,108.71243000030518,-33.29555480705048
1689,16.89,-2.1233997516790977,-22.5424685332709,6.720617043644046,-175.22180537985034,30.245700247695417,95.0247892169996,2200.0,3.417721390724182,20.0,108.70345973968506,-33.48286925059782
1690,16.9,-2.1475149023707045,-22.704591134171267,6.733694926869092,-172.81083773812637,28.9635062634975,100.3224166920481,2200.0,-12.478652000427246,20.0,108.69448947906494,-33.669361381695495
1691,16.91,-2.1716805119845017,-22.867386516665533,6.745593168813572,-170.635484336851,27.51796377677558,105.49167561629407,2200.0,-20.0,20.0,108.68551921844482,-33.85501266657595
1692,16.92,-2.195893879471212,-23.03083794152805,6.756302243627731,-168.70071376465978,25.935002741253985,110.53410513534595,2200.0,-20.0,20.0,108.6765489578247,-34.03980752837906
1693,16.93,-2.220152299706172,-23.194928545661806,6.765812871779065,-167.0066521666989,24.239946395296197,115.45614659409799,2200.0,-20.0,20.0,108.66757869720459,-34.223740591028985
1694,16.94,-2.244453069614705,-23.35964134855049,6.7741160234723425,-165.54971668016685,22.45716004850638,120.26790929031317,2200.0,-20.0,20.0,108.65860843658447,-34.40680625502951
1695,16.95,-2.2687934870935673,-23.524959255057542,6.781202921421366,-164.32361725164995,20.60983196171517,124.98202458498139,2200.0,-20.0,20.0,108.64963817596436,-34.58899961988621
1696,16.96,-2.2931708502889236,-23.690865059358973,6.787065042685734,-163.32020819534137,18.71986020300436,129.61265842499614,2200.0,-20.0,20.0,108.64066791534424,-34.770316772688446
1697,16.97,-2.317582456509137,-23.85734144873017,6.791694120128929,-162.53015511080653,16.807822572113334,134.1747018724387,2200.0,-20.0,20.0,108.63169765472412,-34.95075449807044
1698,16.98,-2.3420256011366414,-24.02437100723056,6.795082143651794,-161.94341709743142,14.893001173567434,138.6831311987997,2200.0,-20.0,20.0,108.622727394104,-35.130309876734216
1699,16.990000000000002,-2.366497576662076,-24.19193621931198,6.797221361259879,-161.54956345200577,12.993436189507687,143.15251453973113,2200.0,-20.0,20.0,108.61375713348389,-35.30897984782664
1700,17.0,-2.3909956718589744,-24.36001947337104,6.7981042800141065,-161.33795229615734,11.125988622342815,147.59663722994063,2200.0,-20.0,20.0,108.60478687286377,-35.48676074875019
1701,17.01,-2.415517171077527,-24.528603065255158,6.797723666904154,-161.29780037374135,9.306397094519298,152.0282191331035,2200.0,-20.0,20.0,108.59581661224365,-35.66364783571142
1702,17.02,-2.4400593536276713,-24.697669201723446,6.796072549670424,-161.41817184285753,7.549318423719013,156.45870171124932,2200.0,-20.0,20.0,108.58684635162354,-35.83963478929474
1703,17.03,-2.4646194932272105,-24.86720000385909,6.7931442175881225,-161.68791127416708,5.868345498040925,160.8980883230581,2200.0,-20.0,20.0,108.57787609100342,-36.01471321063902
1704,17.04,-2.489194857499976,-25.037177510428762,6.788932222218505,-162.09554332948844,4.275999090188061,165.35482712526863,2200.0,-20.0,20.0,108.5689058303833,-36.18887211361823
1705,17.05,-2.513782707517486,-25.207583681185017,6.783430378128138,-162.62915916574917,2.7836928759171884,169.8357312874153,2200.0,-20.0,20.0,108.55993556976318,-36.36209741681575
1706,17.06,-2.538380297383566,-25.378400400108813,6.7766327635757335,-163.27630751046865,1.4016732346800231,174.34593560352772,2200.0,-20.0,20.0,108.55096530914307,-36.53437143763908
1707,17.07,-2.562984873864979,-25.549609478590927,6.768533721166522,-164.023906364377,0.13893751136114674,178.8888917169536,2200.0,-20.0,20.0,108.54199504852295,-36.70567238935616
1708,17.080000000000002,-2.587593676072912,-25.721192658552216,6.759127858475073,-164.8581890738475,-0.996863679972914,-176.53359413657924,2200.0,-20.0,20.0,108.53302478790283,-36.87597388069918
1709,17.09,-2.6122039352008035,-25.89313161550399,6.748410048638454,-165.76469575654968,-1.9995328995485675,-171.9212768435695,2200.0,-20.0,20.0,108.52405452728271,-37.04524441692568
1710,17.1,-2.636812874324055,-26.06540796155079,6.736375430922227,-166.7283175436267,-2.864432643263182,-167.2753390209306,2200.0,-20.0,20.0,108.5150842666626,-37.213446900179804
1711,17.11,-2.661417708266924,-26.238003248338742,6.723019411262184,-167.73339679902932,-3.5885833551206043,-162.59820882909904,2200.0,-20.0,20.0,108.50611400604248,-37.380538126432654
1712,17.12,-2.6860156435415403,-26.410898969953536,6.708337662784809,-168.76388161003987,-4.170743720438666,-157.89333321868259,2200.0,-20.0,20.0,108.49714374542236,-37.54646827536884
1713,17.13,-2.7106038783635498,-26.58407656577279,6.692326126309364,-169.8035278646057,-4.611465185930022,-153.16491522175346,2200.0,-20.0,20.0,108.48817348480225,-37.71118038863989
1714,17.14,-2.7351796027484543,-26.75751742327826,6.674981010834353,-170.83613775473174,-4.913114365438662,-148.41762803466466,2200.0,-20.0,20.0,108.47920322418213,-37.874609831113936
1715,17.150000000000002,-2.75973999869219,-26.931202880833933,6.656298794010765,-171.8458202177945,-5.079859346451203,-143.65632180331428,2200.0,-20.0,20.0,108.47023296356201,-38.03668372858471
1716,17.16,-2.784282240438972,-27.105114230436634,6.63627622260425,-172.81725717329985,-5.117618641635944,-138.88574062682898,2200.0,-20.0,20.0,108.4612627029419,-38.19732037442839
1717,17.17,-2.808803494838836,-27.27923272044617,6.614910312947919,-173.7359596942623,-5.0339742855030805,-134.1102670237491,2200.0,-20.0,20.0,108.45229244232178,-38.35642859652888
1718,17.18,-2.8333009217967233,-27.453539558302417,6.5921983513871005,-174.58850039530833,-4.838053002036968,-129.3337089799696,2200.0,-20.0,20.0,108.44332218170166,-38.51390707465179
1719,17.19,-2.857771674814292,-27.62801591323704,6.568137894716882,-175.36271192209537,-4.540381166767666,-124.55914107042987,2200.0,-20.0,20.0,108.43435192108154,-38.669643597198764
1720,17.2,-2.8822129016250084,-27.802642918987775,6.542726770612813,-176.04784585357447,-4.152720271602981,-119.78880659797547,2200.0,-20.0,20.0,108.42538166046143,-38.8235142449382
1721,17.21,-2.9066217449223966,-27.97740167652321,6.5159630780546225,-176.63469085592564,-3.687889728222561,-115.02408288843999,2200.0,-20.0,20.0,108.41641139984131,-38.97538248804418
1722,17.22,-2.9309953431806544,-28.152273256786128,6.4878451877423045,-177.1156528912192,-3.1595832055637203,-110.26550742156242,2200.0,-20.0,20.0,108.40744113922119,-39.12509818124703
1723,17.23,-2.9553308315661804,-28.327238703463333,6.4583717425034,-177.48480319577789,-2.58218348064397,-105.5128587894753,2200.0,-20.0,20.0,108.39847087860107,-39.272496440419125
1724,17.240000000000002,-2.9796253429378896,-28.502279035789844,6.4275416576897895,-177.73790134338572,-1.9705792377113385,-100.76528376091704,2200.0,-20.0,20.0,108.38950061798096,-39.41739638231823
1725,17.25,-3.0038760089335486,-28.677375251395002,6.395354121561829,-177.8724009645181,-1.3399856363299703,-96.02145998412604,2200.0,-20.0,20.0,108.38053035736084,-39.55959970749118
1726,17.26,-3.028079961138723,-28.852508329197835,6.361808595657157,-177.8874447559644,-0.7057690152750141,-91.27978292884433,2200.0,-20.0,20.0,108.37156009674072,-39.69888910442953
1727,17.27,-3.05223433233432,-29.027659232358626,6.326904815141072,-177.78385356006024,-0.08327498659197731,-86.53856532289424,2200.0,-20.0,20.0,108.3625898361206,-39.83502645124385
1728,17.28,-3.076336257818118,-29.202808911293168,6.290642789134935,-177.56411185959342,0.5123414770396124,-81.796237365201,2200.0,-20.0,20.0,108.35361957550049,-39.96775078883083
1729,17.29,-3.100382876795118,-29.377938306755784,6.253022801018692,-177.23234938681713,1.066285490256564,-77.05153624735847,2200.0,-20.0,20.0,108.34464931488037,-40.096776037338586
1730,17.3,-3.1243713338310295,-29.553028352996495,6.214045408703229,-176.794316042562,1.5642923803945121,-72.30367394392553,2200.0,-20.0,20.0,108.33567905426025,-40.22178842515019
1731,17.31,-3.148298780362712,-29.728059980997262,6.173711444868025,-176.25734530239288,1.9927987849516888,-67.5524728967997,2200.0,-20.0,20.0,108.32670879364014,-40.3424435970254
1732,17.32,-3.1721623762589535,-29.903014121791404,6.13202201715926,-175.63030005019394,2.3391138176609787,-62.79846026099185,2200.0,-20.0,20.0,108.31773853302002,-40.45836336487831
1733,17.330000000000002,-3.1959592914245665,-30.07787170986975,6.088978508343395,-174.92349455982634,2.591588009754981,-58.042912970362515,2200.0,-20.0,20.0,108.3087682723999,-40.56913206171246
1734,17.34,-3.219686707440427,-30.252613686676245,6.044582576411049,-174.14858727627444,2.739776349257861,-53.28784816359358,2200.0,-20.0,20.0,108.29979801177979,-40.67429245547474
1735,17.35,-3.243341819231785,-30.42722100419495,5.998836154625949,-173.3184411213242,2.774590583231076,-48.53595652596764,2200.0,-20.0,20.0,108.29082775115967,-40.7733411758705
1736,17.36,-3.266921836756933,-30.60167462862969,5.951741451513685,-172.44695108398008,2.688435229952565,-43.79047974346988,2200.0,-20.0,20.0,108.28185749053955,-40.86572360289145
1737,17.37,-3.290423986708113,-30.775955544176682,5.9033009507850185,-171.54884249042476,2.475321643691681,-39.05503725011727,2200.0,-20.0,20.0,108.27288722991943,-40.950828161165866
1738,17.38,-3.31384551421643,-30.95004475688969,5.853517411188619,-170.63944707211385,2.1309550814164586,-34.33341134617129,2200.0,-20.0,20.0,108.26391696929932,-41.02797995917096
1739,17.39,-3.3371836845524436,-31.123923298636548,5.802393866288209,-169.73446718114704,1.6527910315566794,-29.62930306398757,2200.0,-20.0,20.0,108.2549467086792,-41.09643370666665
1740,17.400000000000002,-3.3604357848141113,-31.29757223114489,5.749933624159331,-168.84974069277607,1.0400589588290263,-24.946073378714576,2200.0,-20.0,20.0,108.24597644805908,-41.21818678664047
1741,17.41,-3.3835991255937934,-31.470972650134303,5.69614026700119,-168.00101988860524,0.29375387491844707,-20.28648516615574,2200.0,-20.0,20.0,108.23700618743896,-41.45424242320943
1742,17.42,-3.406671042616128,-31.644105689531226,5.641017650659344,-167.20377676886662,-0.5834015219790855,-15.652460595556718,2200.0,-20.0,20.0,108.22803592681885,-41.68199932547418
1743,17.43,-3.4296488983387667,-31.816952525762314,5.584569904055375,-166.47304490245088,-1.5870192810100403,-11.044866574308097,2200.0,-20.0,20.0,108.21906566619873,-41.90203864265004
1744,17.44,-3.4525300835081567,-31.989494382121084,5.526801428520079,-165.8233044247196,-2.7111267061178412,-6.463337834385691,2200.0,-20.0,20.0,108.21009540557861,-42.11490333736523
1745,17.45,-3.4753120186628568,-32.16171253320219,5.467716897027145,-165.26841261282954,-3.9482574398982715,-1.9061438175524243,2200.0,-20.0,20.0,108.2011251449585,-42.32110011562557
1746,17.46,-3.4979921555771902,-32.33358830939692,5.407321253324817,-164.82157810953393,-5.28954534528649,2.6298977329067226,2200.0,-20.0,20.0,108.19215488433838,-42.52110128661975
1747,17.47,-3.5205694518498793,-32.50510827181819,5.34563790840307,-164.4953786016382,-6.7248187293899235,7.149458788260797,2139.27978515625,-20.0,20.0,108.18343162536621,-42.70307340688452
1748,17.48,-3.543045000438827,-32.676266695969666,5.282715290884606,-164.30180353630305,-8.242679412769785,11.658694228677057,2056.119384765625,-20.0,20.0,108.17504787445068,-42.875367369963435
1749,17.490000000000002,-3.5654202474965406,-32.847059691937325,5.2186036736237575,-164.2523026140943,-9.830557876412437,16.165192840141284,1988.8741455078125,-20.0,20.0,108.16693782806396,-43.04636134880029
1750,17.5,-3.587695979986437,-33.01748152967703,5.153343231578819,-164.35783707286825,-11.474753774444423,20.677882766374534,1939.2216796875,-20.0,20.0,108.15903091430664,-43.216924643313746
1751,17.51,-3.6098721912199703,-33.18752390220433,5.086963326213192,-164.6289171253748,-13.160460415476233,25.20688920215588,1908.3282470703125,-20.0,20.0,108.15124988555908,-43.38766960549701
1752,17.52,-3.631947950044147,-33.35717519376108,5.019481883686171,-165.0756033340342,-14.87177139265081,29.763339920663647,1897.6300048828125,-20.0,20.0,108.14351272583008,-43.55912237769271
1753,17.53,-3.6539212427515806,-33.52641961493246,4.950904551088609,-165.70745111135435,-16.591673657988903,34.35910961346703,1909.1553955078125,-20.0,20.0,108.13572788238525,-43.73179450205287
1754,17.54,-3.675788816527941,-33.69523631390243,4.881223954734458,-166.5333765305891,-18.30203465762039,39.00649036369036,1944.11083984375,-20.0,20.0,108.12780094146729,-43.90591138216591
1755,17.55,-3.697546189976117,-33.863599149316876,4.810420727510677,-167.56142188122328,-19.983595045579438,43.71777287993545,1998.5093994140625,-20.0,20.0,108.1196517944336,-44.08059118294589
1756,17.56,-3.719188126347129,-34.03147842120386,4.738469038260521,-168.79840170296282,-21.615982626224255,48.504722788152556,2057.83349609375,-20.0,20.0,108.11126136779785,-44.25291075241008
1757,17.57,-3.7407097363860387,-34.19884541862099,4.665347744967544,-170.24941519664682,-23.177766605594734,53.377940170511145,2097.951416015625,-20.0,20.0,108.10270690917969,-44.41826553301022
1758,17.580000000000002,-3.7621079491396587,-34.36567884855881,4.591054064615207,-171.91722075944844,-24.646573486455825,58.34610048479795,2094.497802734375,-20.0,20.0,108.09416675567627,-44.572351814697285
1759,17.59,-3.783382920160876,-34.53197136961176,4.515615450336296,-173.80148650194744,-25.999287765493918,63.415092433708296,2028.3843994140625,-20.0,20.0,108.0858964920044,-44.712289425350114
1760,17.6,-3.804539334665227,-34.69773601023536,4.439099437746991,-175.89795905763617,-27.212361110820094,68.5870945000591,1881.190673828125,-20.0,20.0,108.07822608947754,-44.8357389158968
1761,17.61,-3.8255875771526955,-34.86301227532365,4.361621432215522,-178.19762806435233,-28.262248223422816,73.8596663083171,1640.04931640625,-20.0,20.0,108.0715389251709,-44.94183383691264
1762,17.62,-3.8465435147098397,-35.027866127912986,4.283339817432207,179.31400256766386,-29.125972479374877,79.22496818264631,1331.6279296875,-20.0,20.0,108.0661096572876,-45.037407287223544
1763,17.63,-3.8674253715114895,-35.19237641054623,4.204426686601168,176.6573972319895,-29.78180576547789,84.66925082990711,1032.6014404296875,-20.0,20.0,108.06189918518066,-45.13822178052432
1764,17.64,-3.8882486089116823,-35.3566112014668,4.125024255003844,173.8590706102148,-30.210029777834855,90.17276468743273,825.503173828125,-20.0,20.0,108.05853366851807,-45.25983574914501
1765,17.650000000000002,-3.909020793227456,-35.520602928278265,4.0452047644363605,170.95113757902024,-30.393721983691233,95.71021305975727,779.2554931640625,-20.0,20.0,108.0553560256958,-45.41374111906933
1766,17.66,-3.9297386793408706,-35.68433304345571,3.964951340870946,167.97026744525616,-30.31948762649642,101.25180579035556,902.87939453125,-20.0,20.0,108.05167484283447,-45.59896419319503
1767,17.67,-3.950390785484072,-35.847742817976496,3.8841833677099116,164.9560797334098,-29.978052187687094,106.7648680247766,1099.5113525390625,-20.0,17.51072883605957,108.04719161987305,-45.79469137883855
1768,17.68,-3.970964416323822,-36.01076647840734,3.802814189969589,161.9491480283607,-29.3646283059056,112.21584174246334,1252.0870361328125,-20.0,14.692261219024656,108.04208660125732,-45.97801018592842
1769,17.69,-3.991450113029352,-36.17335300352707,3.72078517161799,158.98889047196144,-28.478986403316327,117.57241750451674,1347.67333984375,-20.0,12.73430347442627,108.03659152984619,-46.14715811261347
1770,17.7,-4.011839788675928,-36.335457269849776,3.638050522804839,156.11165038739333,-27.32521306920839,122.8054985970048,1455.856201171875,-20.0,11.996276378631592,108.03065490722656,-46.31567836270046
1771,17.71,-4.0321215903419585,-36.49701429496349,3.554539622051045,153.3492093478781,-25.911211148357896,127.89074922192465,1654.20263671875,-20.0,12.946968078613281,108.02390956878662,-46.49719353415178
1772,17.72,-4.052275068958527,-36.65791401997668,3.4701245209869542,150.72787197607565,-24.248027078962465,132.8095811052461,1997.7164306640625,-20.0,15.593841075897217,108.0157642364502,-46.699567507411864
1773,17.73,-4.072279316816369,-36.81804245889311,3.384678938010759,148.26811320544638,-22.34911016453743,137.5495596205641,2200.0,-20.0,18.803060054779053,108.00679397583008,-46.8679166759379
1774,17.740000000000002,-4.0921255746615515,-36.97734694254369,3.2981642157859126,145.984746892181,-20.229570829967667,142.1042953460208,2200.0,-20.0,20.0,107.99782371520996,-46.993944528550465
1775,17.75,-4.111812379574401,-37.13581220184608,3.210592486045447,143.88755361113883,-17.905485979816753,146.47294106888745,2200.0,-20.0,20.0,107.98885345458984,-47.118105846630634
1776,17.76,-4.131338306983687,-37.293423269323355,3.1219759989311786,141.98216427484596,-15.393319830508194,150.65946375383862,2200.0,-20.0,20.0,107.97988319396973,-47.24039327326174
1777,17.77,-4.150701966414525,-37.45016536043808,3.0323272096407936,140.27102871760817,-12.709480420715566,154.67183875905653,2200.0,-20.0,20.0,107.97091293334961,-47.3607945821885
1778,17.78,-4.169902000293649,-37.60602387651266,2.9416587758316415,138.75438693383356,-9.869999387985636,158.5212689883628,2200.0,-20.0,20.0,107.96194267272949,-47.47929353537401
1779,17.79,-4.188937082905274,-37.76098440743762,2.849983555054545,137.43117695353686,-6.890327332120117,162.22150475621672,2200.0,-16.669869422912598,20.0,107.95297241210938,-47.595870878494694
1780,17.8,-4.2078059194584885,-37.91503273425261,2.7573146023736936,136.2998410893191,-3.7852268784539733,165.7883041163034,2200.0,-8.239644169807434,20.0,107.94400215148926,-47.7105056269058
1781,17.81,-4.226507245489266,-38.06815483235017,2.663665168459698,135.35901518303902,-0.5687410771320999,169.23904797110285,2200.0,-2.746298909187317,20.0,107.93503189086914,-47.823176035421035
1782,17.82,-4.24503982588501,-38.22033687507249,2.569048699102568,134.60813383226517,2.74576879321971,172.59252438759646,2200.0,1.073325276374817,20.0,107.92606163024902,-47.933861510002345
1783,17.830000000000002,-4.263402452734856,-38.37156523734147,2.473478835741583,134.04801252542967,6.145511933788988,175.86889252381494,2200.0,3.919705748558044,20.0,107.9170913696289,-48.04253992259323
1784,17.84,-4.281593943821254,-38.521826491399885,2.3769694212246764,133.68151484545575,9.618104797218034,179.08980684596077,2200.0,5.717701315879822,20.0,107.90812110900879,-48.14918332163236
1785,17.85,-4.299613142389112,-38.671107409814155,2.279534491754606,133.51413993492065,13.15137171239196,-177.7213056477573,2200.0,6.345188021659851,20.0,107.89915084838867,-48.25377082536114
1786,17.86,-4.317458917864782,-38.819394960374545,2.1811882806672545,133.5546322813379,16.733110736858475,-174.53880943167363,2200.0,6.318927407264709,20.0,107.89018058776855,-48.35628029573108
1787,17.87,-4.335130166884435,-38.966676309764054,2.081945211145202,133.81565763679805,20.350798232775578,-171.33423659968742,2200.0,6.398977637290954,20.0,107.88121032714844,-48.456695130614115
1788,17.88,-4.352625814195673,-39.112938824870014,1.9818198942669458,134.3146597469142,23.99122290949636,-168.07545523770654,2200.0,7.016260027885437,20.0,107.87224006652832,-48.55500262352632
1789,17.89,-4.369944813661578,-39.258170075293314,1.880827126422938,135.0749243676696,27.640024720264122,-164.72559475018537,2200.0,8.25954020023346,20.0,107.8632698059082,-48.65119447600233
1790,17.900000000000002,-4.387086149309588,-39.40235783590174,1.778981886831225,136.12689778618946,31.281104247640407,-161.2416910760206,2200.0,10.183131694793701,20.0,107.85429954528809,-48.74526727555549
1791,17.91,-4.404048836485897,-39.545490089341584,1.676299335127324,137.5097951534571,34.895855005476456,-157.57302581596974,2200.0,13.033607006072998,20.0,107.84532928466797,-48.83722293084409
1792,17.92,-4.42083192320014,-39.68755502843525,1.572794809010281,139.27348670838154,38.46215591032183,-153.65917768487023,2200.0,17.22477436065674,20.0,107.83635902404785,-48.927069066840545
1793,17.93,-4.437434491674026,-39.82854105845656,1.468483821870315,141.48053180104193,41.95304747488481,-149.4279219207096,2200.0,20.0,20.0,107.82738876342773,-99.01481921445907
