Step,Time,X,Y,Z,Roll,Pitch,Yaw,Thrust,GimbalYaw,GimbalPitch,Mass,Reward
0,0,0.6007679539974861,-1.16596919716073,11.0,-0.39127506612409657,0.9683722836512979,-0.0033066172130135282,0.0,0.0,0.0,110.0,0.0
1,0.01,0.593161896166481,-1.1619545288929087,10.97675722706039,-0.3911287577783542,0.9685621055333761,-0.0074617074331901215,0.0,-20.0,-20.0,110.0,-8.364716557029835
2,0.02,0.5855551920546038,-1.1579391985119962,10.953514460524268,-0.39118436084388697,0.9686572620025544,-0.02168161938599138,0.0,-20.0,-20.0,110.0,-8.341838261369674
3,0.03,0.5779484811742349,-1.1539238619983356,10.930271694057986,-0.3913532159926324,0.9685983256972267,-0.03130268432594817,0.0,-20.0,-20.0,110.0,-8.31732238344118
4,0.04,0.5703416961023497,-1.1499084499968704,10.907028928332995,-0.3915551680545071,0.9684866972847905,-0.038972479425418385,0.0,-20.0,-20.0,110.0,-8.293511296896346
5,0.05,0.5627348993667356,-1.1458930294205518,10.883786162746633,-0.39176848436838485,0.9683602130529876,-0.046688844242473805,0.0,-20.0,-20.0,110.0,-8.269900487184639
6,0.06,0.5551281142303076,-1.1418776263329855,10.860543397083195,-0.39198152837605377,0.9682356895157421,-0.054975203065028434,0.0,-20.0,-20.0,110.0,-8.246300310546125
7,0.07,0.5475213474822139,-1.1378622468080781,10.83730063126948,-0.3921874061460779,0.9681198345079032,-0.06376077118757129,0.0,-20.0,-20.0,110.0,-8.222667415078105
8,0.08,0.5399145986538503,-1.133846889464148,10.814057865304116,-0.39238270040937223,0.9680143718690466,-0.07286284463480046,0.0,-20.0,-20.0,110.0,-8.19900683424788
9,0.09,0.5323078649095748,-1.1298315510745165,10.790815099213102,-0.3925671579776109,0.9679185581300389,-0.08213442584150588,0.0,-20.0,-20.0,110.0,-8.175330305493466
10,0.1,0.5247011428565549,-1.1258162273057337,10.767572333024255,-0.392742473433013,0.9678305771032668,-0.09148654066785543,0.0,-20.0,-20.0,110.0,-8.151647734161216
11,0.11,0.5170944294001465,-1.1218009139578087,10.744329566761234,-0.3929107833526586,0.9677485578513986,-0.10087366717574149,0.0,-20.0,-20.0,110.0,-8.127965361833104
12,0.12,0.5094877221482004,-1.1177856074331896,10.721086800439924,-0.3930742448233594,0.9676709850368675,-0.11027484421102346,0.0,-20.0,-20.0,110.0,-8.10428634608609
13,0.13,0.5018810194527612,-1.1137703048015033,10.697844034068174,-0.39323506776707223,0.9675967048444051,-0.11968135294027366,0.0,-20.0,-20.0,110.0,-8.080612138978989
14,0.14,0.4942743200846207,-1.1097550039562043,10.674601267652378,-0.3933946686286314,0.9675248402686075,-0.12909005010256674,0.0,-20.0,-20.0,110.0,-8.056943373869847
15,0.15,0.48666762314211975,-1.10573970379949,10.65135850120028,-0.3935536956779919,0.9674547261656715,-0.13849979459615827,0.0,-20.0,-20.0,110.0,-8.033280303079115
16,0.16,0.4790609279531849,-1.1017244039376313,10.628115734720556,-0.3937124753996894,0.9673858724784626,-0.14791013577305467,0.0,-20.0,-20.0,110.0,-8.009623029589944
17,0.17,0.47145423403600306,-1.0977091041450093,10.604872968219805,-0.3938711886902828,0.9673179255737461,-0.15732087566466463,0.0,-20.0,-20.0,110.0,-7.985971620823628
18,0.18,0.46384754105450743,-1.093693804283874,10.58163020170277,-0.3940299430067702,0.9672506383813475,-0.16673191548920782,0.0,-20.0,-20.0,110.0,-7.962326131554539
19,0.19,0.45624084878390136,-1.0896785042746866,10.55838743517271,-0.39418879919855765,0.9671838463317501,-0.17614319996664207,0.0,-20.0,-20.0,110.0,-7.93868661193838
20,0.2,0.4486341570744948,-1.0856632040817917,10.535144668631908,-0.39434778380563523,0.9671174413858595,-0.18555469240172706,0.0,-20.0,-20.0,110.0,-7.915053109602088
21,0.21,0.44102746582001084,-1.0816479037225228,10.511901902082279,-0.3945068852868697,0.9670513460016009,-0.1949663598874836,0.0,-20.0,-20.0,110.0,-7.891425670730041
22,0.22,0.43342077490552383,-1.0776326032611248,10.488659135526207,-0.39466605735215743,0.9669854849112288,-0.20437816199740078,0.0,-20.0,-20.0,110.0,-7.867681854915822
23,0.23,0.4258140842388481,-1.0736173027644764,10.465416368965704,-0.39482523421681404,0.9669197648043656,-0.21379004796388618,0.0,-20.0,-20.0,110.0,-7.84381346654168
24,0.24,0.4182073937105692,-1.0696020023046637,10.442173602403113,-0.3949843738914391,0.9668541199733887,-0.22320198244042824,0.0,-20.0,-20.0,110.0,-7.819948323918309
25,0.25,0.41060070326588916,-1.0655867019077268,10.41893083583954,-0.39514345836970405,0.9667885116475224,-0.2326139451676973,0.0,-20.0,-20.0,110.0,-7.796086442282671
26,0.26,0.40299401287442815,-1.0615714015784836,10.39568806927553,-0.39530248349818875,0.9667229170353755,-0.24202592474800175,0.0,-20.0,-20.0,110.0,-7.772227836141645
27,0.27,0.3953873225185527,-1.0575561013120232,10.372445302711345,-0.39546145246708614,0.9666573229717714,-0.25143791484823025,0.0,-20.0,-20.0,110.0,-7.748372519626612
28,0.28,0.3877806321881875,-1.0535408010991718,10.349202536147097,-0.3956203717476576,0.9665917219195326,-0.2608499119330776,0.0,-20.0,-20.0,110.0,-7.724520506679609
29,0.29,0.38017394187746323,-1.0495255009297277,10.325959769582811,-0.3957792486546424,0.9665261094603772,-0.2702619139648475,0.0,-20.0,-20.0,110.0,-7.700671811172482
30,0.3,0.37256725158268433,-1.0455102007942305,10.30271700301849,-0.39593809001035707,0.9664604827959229,-0.27967391968791444,0.0,-20.0,-20.0,110.0,-7.676826446977936
31,0.31,0.3649605613012053,-1.0414949006847471,10.27947423645412,-0.3960969015502713,0.9663948399222646,-0.2890859282522711,0.0,-20.0,-20.0,110.0,-7.65298442800997
32,0.32,0.35735387103088184,-1.0374796005950404,10.256231469889697,-0.39625568779240855,0.966329179224804,-0.2984979390256762,0.0,-20.0,-20.0,110.0,-7.629145768246146
33,0.33,0.3497471807698483,-1.0334643005203994,10.232988703325221,-0.39641445215560095,0.9662634993103582,-0.3079099515055531,0.0,-20.0,-20.0,110.0,-7.605310481739657
34,0.34,0.34214049051645384,-1.029449000457337,10.209745936760694,-0.396573197175399,0.9661977989551882,-0.3173219652798311,0.0,-20.0,-20.0,110.0,-7.581478582625795
35,0.35000000000000003,0.3345338002692577,-1.025433700403278,10.186503170196124,-0.39673192472686036,0.9661320770971445,-0.3267339800091516,0.0,-20.0,-20.0,110.0,-7.557650085125607
36,0.36,0.3269271100270342,-1.021418400356301,10.163260403631519,-0.39689063621130144,0.9660663328356522,-0.336145995416705,0.0,-20.0,-20.0,110.0,-7.53382500354821
37,0.37,0.3193204197887672,-1.0174031003149422,10.140017637066885,-0.3970493326953936,0.9660005654256354,-0.3455580112799048,0.0,-20.0,-20.0,110.0,-7.51000335229261
38,0.38,0.3117137295536327,-1.013387800278064,10.116774870502228,-0.39720801500733893,0.965934774263386,-0.3549700274221533,0.0,-20.0,-20.0,110.0,-7.486185145849442
39,0.39,0.30410703932097305,-1.009372500244768,10.093532103937553,-0.3973666838007327,0.9658689588671906,-0.3643820437047557,0.0,-20.0,-20.0,110.0,-7.4623703988027215
40,0.4,0.29650034909026846,-1.0053572002143347,10.070289337372866,-0.3975253395967385,0.9658031188563757,-0.3737940600194038,0.0,-20.0,-20.0,110.0,-7.438559125831693
41,0.41000000000000003,0.28889365886111007,-1.001341900186187,10.047046570808169,-0.3976839828127854,0.9657372539315313,-0.38320607628165815,0.0,-20.0,-20.0,110.0,-7.4147513417127024
42,0.42,0.2812869686331764,-0.9973266001598612,10.023803804243462,-0.3978426137832426,0.9656713638574159,-0.3926180924256007,0.0,-20.0,-20.0,110.0,-7.3909470613211115
43,0.43,0.2736802784062143,-0.9933113001349851,10.000561037678748,-0.3980012327752614,0.9656054484489864,-0.40203010839960357,0.0,-20.0,-20.0,110.0,-7.367146299633212
44,0.44,0.2660735881800237,-0.9892960001112617,9.977318271114031,-0.3981598400014964,0.9655395075603879,-0.41144212416305775,0.0,-20.0,-20.0,110.0,-7.343349071728136
45,0.45,0.25846689795444633,-0.9852807000884538,9.954075504549307,-0.39831843563056557,0.9654735410764292,-0.4208541396839059,0.0,-20.0,-20.0,110.0,-7.31955539278978
46,0.46,0.2508602077293564,-0.9812654000663728,9.93083273798458,-0.39847701979569045,0.965407548906025,-0.4302661549367612,0.0,-20.0,-20.0,110.0,-7.29576527810877
47,0.47000000000000003,0.24325351750465404,-0.9772501000448689,9.907589971419853,-0.39863559260179254,0.9653415309771302,-0.4396781699014747,0.0,-20.0,-20.0,110.0,-7.271978743084366
48,0.48,0.23564682728025965,-0.9732348000238237,9.884347204855123,-0.3987941541312639,0.9652754872328039,-0.44909018456202776,0.0,-20.0,-20.0,110.0,-7.248195803226485
49,0.49,0.2280401370561101,-0.9692195000031426,9.861104438290392,-0.39895270444860514,0.9652094176281146,-0.45850219890567717,0.0,-20.0,-20.0,110.0,-7.224416474157712
50,0.5,0.22043344683215502,-0.9652041999827509,9.837861671725658,-0.39911124360413097,0.9651433221276942,-0.4679142129222759,0.0,-20.0,-20.0,110.0,-7.200640771615353
51,0.51,0.21282675660835446,-0.9611888999625888,9.814618905160923,-0.3992697716369144,0.9650772007037918,-0.4773262266037397,0.0,-20.0,-20.0,110.0,-7.176868711453536
52,0.52,0.20522006638467666,-0.9571735999426096,9.791376138596188,-0.39942828857710966,0.9650110533347213,-0.48673823994362375,0.0,-20.0,-20.0,110.0,-7.153100309645351
53,0.53,0.1976133761610964,-0.9531582999227755,9.768133372031453,-0.3995867944477991,0.9649448800036219,-0.49615025293678644,0.0,-20.0,-20.0,110.0,-7.12933558228506
54,0.54,0.19000668593759357,-0.9491429999030566,9.744890605466717,-0.3997452892664453,0.9648786806974706,-0.5055622655791184,0.0,-20.0,-20.0,110.0,-7.105574545590307
55,0.55,0.18239999571415225,-0.9451276998834294,9.72164783890198,-0.39990377304605007,0.9648124554062953,-0.5149742778673326,0.0,-20.0,-20.0,110.0,-7.081817215904457
56,0.56,0.1747933054907598,-0.9411123998638747,9.698405072337243,-0.40006224579606864,0.964746204122547,-0.5243862897987963,0.0,-20.0,-20.0,110.0,-7.058063609698905
57,0.5700000000000001,0.1671866152674062,-0.937097099844378,9.675162305772506,-0.4002207075231371,0.9646799268406017,-0.5337983013713947,0.0,-20.0,-20.0,110.0,-7.034313743575496
58,0.58,0.15957992504408341,-0.9330817998249272,9.65191953920777,-0.4003791582316515,0.9646136235563656,-0.5432103125834216,0.0,-20.0,-20.0,110.0,-7.01056763426899
59,0.59,0.15197323482078515,-0.9290664998055127,9.628676772643031,-0.40053759792422733,0.9645472942669613,-0.5526223234334936,0.0,-20.0,-20.0,110.0,-6.98682529864957
60,0.6,0.14436654459750636,-0.9250511997861272,9.605434006078292,-0.4006960266020653,0.9644809389704755,-0.5620343339204892,0.0,-20.0,-20.0,110.0,-6.963086753725429
61,0.61,0.13675985437424304,-0.9210358997667646,9.582191239513554,-0.40085444426524214,0.964414557665763,-0.5714463440434973,0.0,-20.0,-20.0,110.0,-6.939352016645412
62,0.62,0.12915316415099196,-0.9170205997474201,9.558948472948815,-0.4010128509129405,0.9643481503522889,-0.5808583538017679,0.0,-20.0,-20.0,110.0,-6.9156211047017235
63,0.63,0.12154647392775068,-0.9130052997280901,9.535705706384077,-0.40117124654363295,0.9642817170300029,-0.5902703631946763,0.0,-20.0,-20.0,110.0,-6.891894035332684
64,0.64,0.11393978370451714,-0.9089899997087714,9.512462939819338,-0.4013296311552287,0.9642152576992402,-0.5996823722217033,0.0,-20.0,-20.0,110.0,-6.868170826125582
65,0.65,0.10633309348128976,-0.9049746996894618,9.4892201732546,-0.4014880047451875,0.9641487723606422,-0.6090943808824126,0.0,-20.0,-20.0,110.0,-6.844451494819578
66,0.66,0.09872640325806728,-0.9009593996701594,9.465977406689861,-0.40164636731061465,0.9640822610150934,-0.6185063891764362,0.0,-20.0,-20.0,110.0,-6.820736059308661
67,0.67,0.09111971303484868,-0.8969440996508625,9.442734640125122,-0.40180471884833285,0.9640157236636735,-0.6279183971034523,0.0,-20.0,-20.0,110.0,-6.797024537644736
68,0.68,0.08351302281163317,-0.8929287996315701,9.419491873560384,-0.4019630593549388,0.9639491603076149,-0.6373304046631855,0.0,-20.0,-20.0,110.0,-6.773316948040707
69,0.6900000000000001,0.07590633258842011,-0.8889134996122813,9.396249106995645,-0.4021213888268517,0.9638825709482731,-0.6467424118553932,0.0,-20.0,-20.0,110.0,-6.749613308873683
70,0.7000000000000001,0.068299642365209,-0.8848981995929952,9.373006340430907,-0.40227970726034906,0.963815955587102,-0.656154418679855,0.0,-20.0,-20.0,110.0,-6.7259136386882625
71,0.71,0.06069295214199943,-0.8808828995737111,9.349763573866168,-0.40243801465159484,0.9637493142256316,-0.6655664251363715,0.0,-20.0,-20.0,110.0,-6.70221795619988
72,0.72,0.053086261918791094,-0.8768675995544288,9.32652080730143,-0.4025963109966646,0.9636826468654539,-0.6749784312247635,0.0,-20.0,-20.0,110.0,-6.6785262802982395
73,0.73,0.04547957169558374,-0.8728522995351478,9.303278040736691,-0.4027545962915626,0.9636159535082117,-0.6843904369448663,0.0,-20.0,-20.0,110.0,-6.6548386300508255
74,0.74,0.03787288147237716,-0.8688369995158677,9.280035274171953,-0.40291287053223673,0.9635492341555857,-0.693802442296521,0.0,-20.0,-20.0,110.0,-6.631155024706508
75,0.75,0.030266191249171195,-0.8648216994965883,9.256792507607214,-0.40307113371459036,0.9634824888092889,-0.7032144472795796,0.0,-20.0,-20.0,110.0,-6.607475483699228
76,0.76,0.022659501025965718,-0.8608063994773094,9.233549741042475,-0.4032293858344917,0.9634157174710585,-0.712626451893893,0.0,-20.0,-20.0,110.0,-6.583800026651778
77,0.77,0.015052810802760634,-0.856791099458031,9.210306974477737,-0.40338762688778035,0.9633489201426524,-0.7220384561393236,0.0,-20.0,-20.0,110.0,-6.5601286733796655
78,0.78,0.007446120579555856,-0.8527757994387528,9.187064207912998,-0.4035458568702732,0.9632820968258438,-0.7314504600157393,0.0,-20.0,-20.0,110.0,-6.536461443895059
79,0.79,-0.00016056964364867573,-0.8487604994194748,9.16382144134826,-0.4037040757777708,0.9632152475224203,-0.7408624635230088,0.0,-20.0,-20.0,110.0,-6.512798358410874
80,0.8,-0.007767259866853013,-0.844745199400197,9.140578674783521,-0.4038622836060592,0.9631483722341786,-0.7502744666610063,0.0,-20.0,-20.0,110.0,-6.489139437344897
81,0.81,-0.015373950090057195,-0.8407298993809191,9.117335908218783,-0.4040204803509128,0.9630814709629243,-0.7596864694296045,0.0,-20.0,-20.0,110.0,-6.46548470132403
82,0.8200000000000001,-0.022980640313261254,-0.8367145993616413,9.094093141654044,-0.4041786660080986,0.9630145437104725,-0.7690984718286833,0.0,-20.0,-20.0,110.0,-6.4418341711886775
83,0.8300000000000001,-0.030587330536465215,-0.8326992993423634,9.070850375089305,-0.4043368405733746,0.9629475904786361,-0.7785104738581188,0.0,-20.0,-20.0,110.0,-6.418187867997177
84,0.84,-0.0381940207596691,-0.8286839993230855,9.047607608524567,-0.4044950040424959,0.9628806112692403,-0.7879224755177862,0.0,-20.0,-20.0,110.0,-6.3945458130303585
85,0.85,-0.04580071098287292,-0.8246686993038074,9.024364841959828,-0.40465315641121113,0.9628136060841113,-0.7973344768075633,0.0,-20.0,-20.0,110.0,-6.370908027796244
86,0.86,-0.0534074012060767,-0.8206533992845292,9.00112207539509,-0.4048112976752669,0.9627465749250784,-0.806746477727334,0.0,-20.0,-20.0,110.0,-6.347274534034793
87,0.87,-0.06101409142928044,-0.8166380992652509,8.977879308830351,-0.4049694278304077,0.962679517793974,-0.8161584782769746,0.0,-20.0,-20.0,110.0,-6.32364535372284
88,0.88,-0.06862078165248414,-0.8126227992459725,8.954636542265613,-0.405127546872375,0.9626124346926324,-0.825570478456367,0.0,-20.0,-20.0,110.0,-6.300020509079078
89,0.89,-0.07622747187568782,-0.808607499226694,8.931393775700874,-0.40528565479690964,0.9625453256228897,-0.834982478265394,0.0,-20.0,-20.0,110.0,-6.276400022569202
90,0.9,-0.08383416209889148,-0.8045921992074152,8.908151009136136,-0.40544375159975193,0.9624781905865848,-0.8443944777039362,0.0,-20.0,-20.0,110.0,-6.252783916911173
91,0.91,-0.09144085232209513,-0.8005768991881363,8.884908242571397,-0.4056018372766391,0.9624110295855561,-0.8538064767718736,0.0,-20.0,-20.0,110.0,-6.229172215080586
92,0.92,-0.09904754254529877,-0.7965615991688573,8.861665476006658,-0.4057599118233087,0.9623438426216447,-0.8632184754690914,0.0,-20.0,-20.0,110.0,-6.205564940316196
93,0.93,-0.10665423276850239,-0.7925462991495781,8.83842270944192,-0.4059179752354986,0.9622766296966925,-0.8726304737954719,0.0,-20.0,-20.0,110.0,-6.181962116125537
94,0.9400000000000001,-0.11426092299170601,-0.7885309991302987,8.815179942877181,-0.4060760275089464,0.9622093908125423,-0.8820424717509013,0.0,-20.0,-20.0,110.0,-6.158363766290703
95,0.9500000000000001,-0.12186761321490962,-0.784515699111019,8.791937176312443,-0.4062340686393891,0.9621421259710388,-0.8914544693352584,0.0,-20.0,-20.0,110.0,-6.1347699148742665
96,0.96,-0.12947430343811323,-0.7805003990917393,8.768694409747704,-0.4063920986225635,0.9620748351740267,-0.9008664665484255,0.0,-20.0,-20.0,110.0,-6.111180586225312
97,0.97,-0.13708099366131682,-0.7764850990724593,8.745451643182966,-0.4065501174542065,0.962007518423352,-0.9102784633902855,0.0,-20.0,-20.0,110.0,-6.0875958049856465
98,0.98,-0.1446876838845204,-0.7724697990531791,8.722208876618227,-0.40670812513005594,0.9619401757208618,-0.9196904598607264,0.0,-20.0,-20.0,110.0,-6.064015596096129
99,0.99,-0.152294374107724,-0.7684544990338988,8.698966110053489,-0.40686612164584907,0.9618728070684033,-0.9291024559596276,0.0,-20.0,-20.0,110.0,-6.040439984803153
100,1.0,-0.1599010643309276,-0.7644391990146183,8.67572334348875,-0.4070241069973224,0.9618054124678245,-0.9385144516868716,0.0,-20.0,-20.0,110.0,-6.016868996665305
101,1.01,-0.1675077545541312,-0.7604238989953376,8.652480576924011,-0.40718208118021393,0.9617379919209752,-0.9479264470423391,0.0,-20.0,-20.0,110.0,-5.993302657560149
102,1.02,-0.1751144447773348,-0.7564085989760567,8.629237810359273,-0.40734004419026215,0.9616705454297051,-0.9573384420259171,0.0,-20.0,-20.0,110.0,-5.9697409936911985
103,1.03,-0.18272113500053838,-0.7523932989567756,8.605995043794534,-0.40749799602320486,0.9616030729958648,-0.9667504366374914,0.0,-20.0,-20.0,110.0,-5.946184031595021
104,1.04,-0.19032782522374198,-0.7483779989374943,8.582752277229796,-0.40765593667477995,0.9615355746213059,-0.9761624308769453,0.0,-20.0,-20.0,110.0,-5.9226317981485455
105,1.05,-0.19793451544694557,-0.7443626989182129,8.559509510665057,-0.4078138661407276,0.9614680503078823,-0.9855744247441606,0.0,-20.0,-20.0,110.0,-5.899084320576513
106,1.06,-0.20554120567014916,-0.7403473988989313,8.536266744100319,-0.4079717844167843,0.9614005000574432,-0.9949864182390152,0.0,-20.0,-20.0,110.0,-5.875541626459127
107,1.07,-0.21314789589335276,-0.7363320988796495,8.51302397753558,-0.40812969149869005,0.9613329238718438,-1.004398411361392,0.0,-20.0,-20.0,110.0,-5.852003743739852
108,1.08,-0.22075458611655635,-0.7323167988603674,8.489781210970841,-0.40828758738218396,0.9612653217529387,-1.0138104041111777,0.0,-20.0,-20.0,110.0,-5.8284707007334235
109,1.09,-0.22836127633975994,-0.7283014988410852,8.466538444406103,-0.40844547206300613,0.9611976937025823,-1.0232223964882587,0.0,-20.0,-20.0,110.0,-5.8049425261340275
110,1.1,-0.23596796656296354,-0.7242861988218028,8.443295677841364,-0.40860334553689626,0.9611300397226313,-1.0326343884925204,0.0,-20.0,-20.0,110.0,-5.781419249023692
111,1.11,-0.24357465678616713,-0.7202708988025202,8.420052911276626,-0.40876120779959507,0.9610623598149415,-1.0420463801238384,0.0,-20.0,-20.0,110.0,-5.757900898880841
112,1.12,-0.2511813470093707,-0.7162555987832374,8.396810144711887,-0.40891905884684365,0.9609946539813702,-1.0514583713821024,0.0,-20.0,-20.0,110.0,-5.734387505589086
113,1.1300000000000001,-0.2587880372325743,-0.7122402987639544,8.373567378147149,-0.4090768986743819,0.9609269222237752,-1.0608703622671949,0.0,-20.0,-20.0,110.0,-5.710879099446198
114,1.1400000000000001,-0.2663947274557779,-0.7082249987446713,8.35032461158241,-0.4092347272779521,0.9608591645440155,-1.0702823527789957,0.0,-20.0,-20.0,110.0,-5.687375711173294
115,1.1500000000000001,-0.2740014176789815,-0.7042096987253879,8.327081845017672,-0.4093925446532955,0.96079138094395,-1.079694342917392,0.0,-20.0,-20.0,110.0,-5.663877371924245
116,1.16,-0.2816081079021851,-0.7001943987061043,8.303839078452933,-0.4095503507961538,0.9607235714254385,-1.0891063326822683,0.0,-20.0,-20.0,110.0,-5.640384113295285
117,1.17,-0.2892147981253887,-0.6961790986868206,8.280596311888194,-0.4097081457022687,0.9606557359903416,-1.098518322073508,0.0,-20.0,-20.0,110.0,-5.616895967334874
118,1.18,-0.2968214883485923,-0.6921637986675366,8.257353545323456,-0.4098659293673829,0.960587874640521,-1.1079303110909937,0.0,-20.0,-20.0,110.0,-5.593412966553756
119,1.19,-0.3044281785717959,-0.6881484986482526,8.234110778758717,-0.41002370178723907,0.960519987377839,-1.1173422997346076,0.0,-20.0,-20.0,110.0,-5.569935143935277
120,1.2,-0.3120348687949995,-0.6841331986289683,8.210868012193979,-0.4101814629575808,0.9604520742041572,-1.126754288004236,0.0,-20.0,-20.0,110.0,-5.546462532945925
121,1.21,-0.31964155901820307,-0.6801178986096837,8.18762524562924,-0.41033921287415065,0.9603841351213402,-1.13616627589976,0.0,-20.0,-20.0,110.0,-5.522995167546119
122,1.22,-0.32724824924140666,-0.6761025985903991,8.164382479064502,-0.41049695153269267,0.9603161701312537,-1.1455782634210687,0.0,-20.0,-20.0,110.0,-5.499533082201256
123,1.23,-0.33485493946461026,-0.6720872985711143,8.141139712499763,-0.41065467892895013,0.9602481792357587,-1.1549902505680412,0.0,-20.0,-20.0,110.0,-5.476076311893011
124,1.24,-0.34246162968781385,-0.6680719985518292,8.117896945935025,-0.4108123950586682,0.9601801624367223,-1.1644022373405658,0.0,-20.0,-20.0,110.0,-5.452624892130875
125,1.25,-0.35006831991101744,-0.6640566985325439,8.094654179370286,-0.41097009991759087,0.9601121197360118,-1.1738142237385227,0.0,-20.0,-20.0,110.0,-5.429178858963994
126,1.26,-0.35767501013422104,-0.6600413985132585,8.071411412805547,-0.4111277935014637,0.9600440511354933,-1.1832262097617985,0.0,-20.0,-20.0,110.0,-5.405738248993266
127,1.27,-0.36528170035742463,-0.6560260984939729,8.048168646240809,-0.41128547580603203,0.9599759566370347,-1.1926381954102796,0.0,-20.0,-20.0,110.0,-5.382303099383707
128,1.28,-0.3728883905806282,-0.652010798474687,8.02492587967607,-0.41144314682704086,0.9599078362425041,-1.2020501806838486,0.0,-20.0,-20.0,110.0,-5.358873447877109
129,1.29,-0.3804950808038318,-0.647995498455401,8.001683113111332,-0.41160080656023534,0.9598396899537702,-1.2114621655823885,0.0,-20.0,-20.0,110.0,-5.335449332805009
130,1.3,-0.3881017710270354,-0.6439801984361149,7.978440346546592,-0.4117584550013624,0.9597715177727041,-1.2208741501057823,0.0,-20.0,-20.0,110.0,-5.312030793101905
131,1.31,-0.395708461250239,-0.6399648984168285,7.955197579981853,-0.41191609214616826,0.9597033197011752,-1.2302861342539146,0.0,-20.0,-20.0,110.0,-5.288617868318845
132,1.32,-0.4033151514734426,-0.6359495983975418,7.931954813417113,-0.4120737179904004,0.9596350957410549,-1.239698118026672,0.0,-20.0,-20.0,110.0,-5.265210598637254
133,1.33,-0.4109218416966462,-0.6319342983782551,7.908712046852374,-0.41223133252980565,0.9595668458942158,-1.2491101014239365,0.0,-20.0,-20.0,110.0,-5.241809024883136
134,1.34,-0.4185285319198498,-0.6279189983589681,7.8854692802876345,-0.4123889357601307,0.959498570162529,-1.2585220844455929,0.0,-20.0,-20.0,110.0,-5.218413188541572
135,1.35,-0.4261352221430534,-0.623903698339681,7.862226513722895,-0.4125465276771241,0.9594302685478685,-1.26793406709153,0.0,-20.0,-20.0,110.0,-5.19502313177155
136,1.36,-0.433741912366257,-0.6198883983203937,7.838983747158156,-0.41270410827653303,0.9593619410521083,-1.2773460493616293,0.0,-20.0,-20.0,110.0,-5.171638897421137
137,1.37,-0.44134860258946057,-0.6158730983011061,7.815740980593416,-0.4128616775541063,0.9592935876771226,-1.2867580312557776,0.0,-20.0,-20.0,110.0,-5.1482605290430135
138,1.3800000000000001,-0.44895529281266416,-0.6118577982818184,7.792498214028677,-0.4130192355055924,0.9592252084247873,-1.2961700127738558,0.0,-20.0,-20.0,110.0,-5.124888070910323
139,1.3900000000000001,-0.45656198303586776,-0.6078424982625305,7.769255447463937,-0.41317678212674125,0.9591568032969785,-1.3055819939157514,0.0,-20.0,-20.0,110.0,-5.101521568032926
140,1.4000000000000001,-0.46416867325907135,-0.6038271982432424,7.746012680899198,-0.4133343174133014,0.9590883722955723,-1.3149939746813484,0.0,-20.0,-20.0,110.0,-5.078161066173984
141,1.41,-0.47177536348227495,-0.5998118982239541,7.722769914334458,-0.41349184136102224,0.9590199154224467,-1.3244059550705338,0.0,-20.0,-20.0,110.0,-5.054806611866957
142,1.42,-0.47938205370547854,-0.5957965982046656,7.699527147769719,-0.4136493539656531,0.9589514326794791,-1.3338179350831907,0.0,-20.0,-20.0,110.0,-5.031458252432941
143,1.43,-0.48698874392868213,-0.591781298185377,7.6762843812049795,-0.41380685522294497,0.9588829240685492,-1.3432299147192015,0.0,-20.0,-20.0,110.0,-5.008116035998447
144,1.44,-0.4945954341518857,-0.5877659981660881,7.65304161464024,-0.4139643451286474,0.958814389591536,-1.3526418939784504,0.0,-20.0,-20.0,110.0,-4.984780011513549
145,1.45,-0.5022021243750893,-0.583750698146799,7.629798848075501,-0.41412182367851236,0.95874582925032,-1.3620538728608234,0.0,-20.0,-20.0,110.0,-4.961450228770452
146,1.46,-0.5098088145982929,-0.5797353981275098,7.606556081510761,-0.4142792908682906,0.9586772430467818,-1.371465851366208,0.0,-20.0,-20.0,110.0,-4.938126738422467
147,1.47,-0.5174155048214965,-0.5757200981082204,7.583313314946022,-0.41443674669373376,0.9586086309828038,-1.3808778294944908,0.0,-20.0,-20.0,110.0,-4.9148095920034445
148,1.48,-0.5250221950447,-0.5717047980889308,7.560070548381282,-0.4145941911505946,0.9585399930602694,-1.3902898072455632,0.0,-20.0,-20.0,110.0,-4.8914988419476035
149,1.49,-0.5326288852679036,-0.567689498069641,7.536827781816543,-0.41475162423462303,0.9584713292810577,-1.3997017846193032,0.0,-20.0,-20.0,110.0,-4.86819454160984
150,1.5,-0.5402355754911072,-0.563674198050351,7.513585015251803,-0.4149090459415719,0.9584026396470551,-1.4091137616155958,0.0,-20.0,-20.0,110.0,-4.844896745286469
151,1.51,-0.5478422657143108,-0.5596588980310608,7.490342248687064,-0.4150664562671941,0.9583339241601452,-1.418525738234322,0.0,-20.0,-20.0,110.0,-4.821605508236444
152,1.52,-0.5554489559375144,-0.5556435980117704,7.467099482122324,-0.4152238552072432,0.9582651828222138,-1.427937714475368,0.0,-20.0,-20.0,110.0,-4.798320886703037
153,1.53,-0.563055646160718,-0.5516282979924799,7.443856715557585,-0.41538124275747323,0.9581964156351467,-1.437349690338622,0.0,-20.0,-20.0,110.0,-4.775042937936021
154,1.54,-0.5706623363839216,-0.5476129979731892,7.4206139489928455,-0.415538618913637,0.95812762260083,-1.4467616658239748,0.0,-20.0,-20.0,110.0,-4.75177172021434
155,1.55,-0.5782690266071252,-0.5435976979538982,7.397371182428106,-0.415695983671488,0.9580588037211506,-1.4561736409313062,0.0,-20.0,-20.0,110.0,-4.728507292869259
156,1.56,-0.5858757168303288,-0.539582397934607,7.374128415863367,-0.41585333702678123,0.957989958997997,-1.4655856156605012,0.0,-20.0,-20.0,110.0,-4.705249716308078
157,1.57,-0.5934824070535324,-0.5355670979153158,7.350885649298627,-0.4160106789752714,0.9579210884332576,-1.4749975900114447,0.0,-20.0,-20.0,110.0,-4.681999052038327
158,1.58,-0.601089097276736,-0.5315517978960242,7.327642882733888,-0.41616800951271254,0.9578521920288218,-1.4844095639840207,0.0,-20.0,-20.0,110.0,-4.658755362692517
159,1.59,-0.6086957874999396,-0.5275364978767325,7.304400116169148,-0.41632532863485977,0.9577832697865792,-1.4938215375781208,0.0,-20.0,-20.0,110.0,-4.635518712053447
160,1.6,-0.6163024777231432,-0.5235211978574407,7.281157349604409,-0.41648263633746907,0.9577143217084209,-1.5032335107936279,0.0,-20.0,-20.0,110.0,-4.6122891650800355
161,1.61,-0.6239091679463468,-0.5195058978381486,7.257914583039669,-0.4166399326162956,0.9576453477962381,-1.5126454836304246,0.0,-20.0,-20.0,110.0,-4.589066787933767
162,1.62,-0.6315158581695504,-0.5154905978188563,7.23467181647493,-0.4167972174670971,0.9575763480519233,-1.522057456088398,0.0,-20.0,-20.0,110.0,-4.565851648005692
163,1.6300000000000001,-0.639122548392754,-0.5114752977995639,7.2114290499101905,-0.41695449088562936,0.9575073224773688,-1.5314694281674281,0.0,-20.0,-20.0,110.0,-4.542643813944011
164,1.6400000000000001,-0.6467292386159575,-0.5074599977802713,7.188186283345451,-0.41711175286764895,0.9574382710744684,-1.5408813998674034,0.0,-20.0,-20.0,110.0,-4.5194433556823075
165,1.6500000000000001,-0.6543359288391611,-0.5034446977609784,7.164943516780712,-0.4172690034089128,0.957369193845116,-1.5502933711882114,0.0,-20.0,-20.0,110.0,-4.49625034446834
166,1.6600000000000001,-0.6619426190623647,-0.49942939774168543,7.141700750215972,-0.41742624250517835,0.9573000907912065,-1.5597053421297395,0.0,-20.0,-20.0,110.0,-4.4730648528935015
167,1.67,-0.6695493092855683,-0.4954140977223922,7.118457983651233,-0.41758347015220376,0.9572309619146354,-1.5691173126918723,0.0,-20.0,-20.0,110.0,-4.449886954922935
168,1.68,-0.6771559995087719,-0.4913987977030988,7.095215217086493,-0.41774068634574535,0.9571618072172989,-1.5785292828744908,0.0,-20.0,-20.0,110.0,-4.426716725926239
169,1.69,-0.6847626897319755,-0.48738349768380523,7.071972450521754,-0.41789789108156383,0.9570926267010947,-1.5879412526774852,0.0,-20.0,-20.0,110.0,-4.403554242708919
170,1.7,-0.6923693799551791,-0.48336819766451145,7.048729683957014,-0.41805508435541683,0.9570234203679198,-1.5973532221007432,0.0,-20.0,-20.0,110.0,-4.3803995835444685
171,1.71,-0.6999760701783827,-0.4793528976452175,7.025486917392275,-0.4182122661630632,0.9569541882196724,-1.6067651911441478,0.0,-20.0,-20.0,110.0,-4.357252828207148
172,1.72,-0.7075827604015863,-0.4753375976259233,7.0022441508275355,-0.4183694365002641,0.9568849302582544,-1.61617715980759,0.0,-20.0,-20.0,110.0,-4.334114058005507
173,1.73,-0.7151894506247899,-0.47132229760662897,6.979001384262796,-0.4185265953627762,0.9568156464855608,-1.6255891280909456,0.0,-20.0,-20.0,110.0,-4.310983355816583
174,1.74,-0.7227961408479935,-0.4673069975873344,6.955758617698057,-0.41868374274636116,0.9567463369034945,-1.635001095994109,0.0,-20.0,-20.0,110.0,-4.287860806120858
175,1.75,-0.7304028310711971,-0.4632916975680397,6.932515851133317,-0.4188408786467788,0.9566770015139562,-1.6444130635169656,0.0,-20.0,-20.0,110.0,-4.26474649503797
176,1.76,-0.7380095212944007,-0.4592763975487448,6.909273084568578,-0.4189980030597897,0.9566076403188477,-1.6538250306594025,0.0,-20.0,-20.0,110.0,-4.241640510363155
177,1.77,-0.7456162115176043,-0.45526109752944965,6.886030318003838,-0.41915511598115524,0.9565382533200721,-1.6632369974213081,0.0,-20.0,-20.0,110.0,-4.218542941604514
178,1.78,-0.7532229017408079,-0.45124579751015437,6.862787551439099,-0.4193122174066357,0.9564688405195321,-1.672648963802567,0.0,-20.0,-20.0,110.0,-4.195453880021031
179,1.79,-0.7608295919640115,-0.44723049749085886,6.839544784874359,-0.4194693073319931,0.9563994019191314,-1.6820609298030615,0.0,-20.0,-20.0,110.0,-4.172373418661426
180,1.8,-0.768436282187215,-0.4432151974715632,6.81630201830962,-0.4196263857529897,0.9563299375207758,-1.6914728954226816,0.0,-20.0,-20.0,110.0,-4.149301652403802
181,1.81,-0.7760429724104186,-0.43919989745226734,6.7930592517448805,-0.4197834526653865,0.9562604473263691,-1.7008848606613178,0.0,-20.0,-20.0,110.0,-4.126238677996155
182,1.82,-0.7836496626336222,-0.4351845974329713,6.769816485180141,-0.4199405080649468,0.9561909313378182,-1.7102968255188562,0.0,-20.0,-20.0,110.0,-4.1031845940977165
183,1.83,-0.7912563528568258,-0.43116929741367505,6.746573718615402,-0.42009755194743403,0.9561213895570299,-1.719708789995181,0.0,-20.0,-20.0,110.0,-4.080139501321185
184,1.84,-0.7988630430800294,-0.4271539973943786,6.723330952050662,-0.4202545843086106,0.9560518219859112,-1.7291207540901743,0.0,-20.0,-20.0,110.0,-4.05710350227581
185,1.85,-0.806469733303233,-0.423138697375082,6.700088185485923,-0.42041160514423953,0.9559822286263702,-1.7385327178037282,0.0,-20.0,-20.0,110.0,-4.034076701611399
186,1.86,-0.8140764235264366,-0.41912339735578513,6.676845418921183,-0.42056861445008437,0.9559126094803159,-1.7479446811357278,0.0,-20.0,-20.0,110.0,-4.011059206063223
187,1.87,-0.8216831137496402,-0.4151080973364881,6.653602652356444,-0.42072561222190946,0.9558429645496577,-1.757356644086058,0.0,-20.0,-20.0,110.0,-3.988051124497877
188,1.8800000000000001,-0.8292898039728438,-0.41109279731719095,6.630359885791704,-0.4208825984554805,0.9557732938363062,-1.7667686066546051,0.0,-20.0,-20.0,110.0,-3.965052567960051
189,1.8900000000000001,-0.8368964941960474,-0.40707749729789355,6.607117119226965,-0.4210395731465605,0.9557035973421716,-1.776180568841254,0.0,-20.0,-20.0,110.0,-3.9420636497202843
190,1.9000000000000001,-0.844503184419251,-0.403062197278596,6.583874352662225,-0.4211965362909151,0.9556338750691661,-1.7855925306458964,0.0,-20.0,-20.0,110.0,-3.9190844853236997
191,1.9100000000000001,-0.8521098746424546,-0.3990468972592982,6.560631586097486,-0.4213534878843097,0.955564127019202,-1.795004492068415,0.0,-20.0,-20.0,110.0,-3.896115192639728
192,1.92,-0.8597165648656582,-0.39503159724000025,6.5373888195327465,-0.42151042792251014,0.9554943531941916,-1.8044164531086988,0.0,-20.0,-20.0,110.0,-3.873155891912847
193,1.93,-0.8673232550888618,-0.39101629722070214,6.514146052968007,-0.4216673564012819,0.9554245535960489,-1.8138284137666363,0.0,-20.0,-20.0,110.0,-3.8502067058143328
194,1.94,-0.8749299453120654,-0.3870009972014038,6.490903286403268,-0.42182427331639205,0.9553547282266884,-1.8232403740421188,0.0,-20.0,-20.0,110.0,-3.827267759495085
195,1.95,-0.882536635535269,-0.3829856971821053,6.467660519838528,-0.42198117866360635,0.9552848770880251,-1.8326523339350302,0.0,-20.0,-20.0,110.0,-3.804339180639482
196,1.96,-0.8901433257584725,-0.37897039716280656,6.444417753273789,-0.42213807243869234,0.9552150001819748,-1.8420642934452613,0.0,-20.0,-20.0,110.0,-3.781421099520336
197,1.97,-0.8977500159816761,-0.37495509714350767,6.421174986709049,-0.42229495463741684,0.9551450975104535,-1.8514762525726924,0.0,-20.0,-20.0,110.0,-3.758513649054937
198,1.98,-0.9053567062048797,-0.37093979712420855,6.39793222014431,-0.4224518252555477,0.9550751690753788,-1.860888211317211,0.0,-20.0,-20.0,110.0,-3.735616964862197
199,1.99,-0.9129633964280833,-0.36692449710490926,6.37468945357957,-0.42260868428885184,0.9550052148786686,-1.8703001696787045,0.0,-20.0,-20.0,110.0,-3.712731185320935
200,2.0,-0.9205700866512869,-0.3629091970856098,6.351446687014831,-0.422765531733098,0.9549352349222411,-1.8797121276570592,0.0,-20.0,-20.0,110.0,-3.6898564516293066
201,2.0100000000000002,-0.9281767768744905,-0.35889389706631014,6.3282039204500915,-0.4229223675840551,0.9548652292080156,-1.889124085252165,0.0,-20.0,-20.0,110.0,-3.6669929078653767
202,2.02,-0.9357834670976941,-0.3548785970470103,6.304961153885352,-0.4230791918374916,0.9547951977379122,-1.898536042463909,0.0,-20.0,-20.0,110.0,-3.6441407010488946
203,2.0300000000000002,-0.9433901573208977,-0.35086329702771024,6.281718387320613,-0.423236004489177,0.9547251405138532,-1.9079479992921815,0.0,-20.0,-20.0,110.0,-3.6212999812042397
204,2.04,-0.9509968475441013,-0.34684799700841,6.258475620755873,-0.42339280553487985,0.9546550575377566,-1.9173599557368588,0.0,-20.0,-20.0,110.0,-3.598470901424603
205,2.05,-0.9586035377673049,-0.3428326969891096,6.235232854191134,-0.4235495949703709,0.9545849488115458,-1.9267719117978326,0.0,-20.0,-20.0,110.0,-3.5756536179373577
206,2.06,-0.9662102279905085,-0.338817396969809,6.211990087626394,-0.4237063727914198,0.9545148143371434,-1.9361838674749932,0.0,-20.0,-20.0,110.0,-3.552848290170709
207,2.07,-0.9738169182137121,-0.3348020969505082,6.188747321061655,-0.4238631389937965,0.9544446541164734,-1.9455958227682313,0.0,-20.0,-20.0,110.0,-3.5300550808215734
208,2.08,-0.9814236084369157,-0.3307867969312072,6.165504554496915,-0.42401989357327274,0.9543744681514593,-1.9550077776774317,0.0,-20.0,-20.0,110.0,-3.5072741559247453
209,2.09,-0.9890302986601193,-0.32677149691190605,6.142261787932176,-0.42417663652562015,0.9543042564440263,-1.9644197322024801,0.0,-20.0,-20.0,110.0,-3.4845056849233624
210,2.1,-0.9966369888833229,-0.32275619689260465,6.1190190213674365,-0.42433336784660886,0.9542340189960999,-1.9738316863432648,0.0,-20.0,-20.0,110.0,-3.461749840740628
211,2.11,-1.0042436791065263,-0.3187408968733031,6.095776254802697,-0.42449008753201056,0.9541637558096059,-1.9832436400996711,0.0,-20.0,-20.0,110.0,-3.439006799852911
212,2.12,-1.0118503693297298,-0.31472559685400137,6.072533488237958,-0.4246467955775978,0.9540934668864716,-1.992655593471588,0.0,-20.0,-20.0,110.0,-3.416276742364126
213,2.13,-1.0194570595529333,-0.3107102968346994,6.049290721673218,-0.4248034919791428,0.9540231522286243,-2.0020675464589064,0.0,-20.0,-20.0,110.0,-3.393559852081489
214,2.14,-1.0270637497761368,-0.3066949968153973,6.026047955108479,-0.4249601767324183,0.9539528118379921,-2.0114794990615135,0.0,-20.0,-20.0,110.0,-3.3708563165926173
215,2.15,-1.0346704399993403,-0.30267969679609497,6.002805188543739,-0.42511684983319686,0.953882445716504,-2.020891451279297,0.0,-20.0,-20.0,110.0,-3.3481663273440017
216,2.16,-1.0422771302225438,-0.29866439677679246,5.979562421979,-0.42527351127725227,0.9538120538660899,-2.030303403112145,0.0,-20.0,-20.0,110.0,-3.325490079720857
217,2.17,-1.0498838204457472,-0.2946490967574898,5.95631965541426,-0.4254301610603581,0.9537416362886804,-2.0397153545599465,0.0,-20.0,-20.0,110.0,-3.302827773128374
218,2.18,-1.0574905106689507,-0.2906337967381869,5.933076888849521,-0.4255867991782886,0.9536711929862057,-2.0491273056225854,0.0,-20.0,-20.0,110.0,-3.2801796110743737
219,2.19,-1.0650972008921542,-0.28661849671888384,5.909834122284781,-0.4257434256268171,0.9536007239605983,-2.0585392562999565,0.0,-20.0,-20.0,110.0,-3.2575458012533556
220,2.2,-1.0727038911153577,-0.28260319669958056,5.886591355720042,-0.42590004040171964,0.9535302292137903,-2.067951206591947,0.0,-20.0,-20.0,110.0,-3.234926555632014
221,2.21,-1.0803105813385612,-0.2785878966802771,5.8633485891553025,-0.42605664349876937,0.9534597087477147,-2.0773631564984414,0.0,-20.0,-20.0,110.0,-3.2123220905361163
222,2.22,-1.0879172715617647,-0.27457259666097344,5.840105822590562,-0.4262132349137431,0.9533891625643053,-2.086775106019326,0.0,-20.0,-20.0,110.0,-3.1897326267388935
223,2.23,-1.0955239617849681,-0.2705572966416696,5.816863056025823,-0.42636981464241575,0.953318590665497,-2.096187055154488,0.0,-20.0,-20.0,110.0,-3.1671583895508197
224,2.24,-1.1031306520081716,-0.2665419966223656,5.793620289461082,-0.4265263826805632,0.9532479930532247,-2.1055990039038193,0.0,-20.0,-20.0,110.0,-3.144599608910872
225,2.25,-1.110737342231375,-0.2625266966030614,5.770377522896342,-0.42668293902396065,0.9531773697294245,-2.1150109522672085,0.0,-20.0,-20.0,110.0,-3.1220565194792105
226,2.2600000000000002,-1.1183440324545786,-0.258511396583757,5.747134756331602,-0.42683948366838664,0.9531067206960343,-2.1244229002445505,0.0,-20.0,-20.0,110.0,-3.0995293607313568
227,2.27,-1.125950722677782,-0.2544960965644524,5.723891989766861,-0.4269960166096163,0.9530360459549885,-2.133834847835722,0.0,-20.0,-20.0,110.0,-3.0770183770538027
228,2.2800000000000002,-1.1335574129009856,-0.2504807965451476,5.700649223202121,-0.4271525378434275,0.9529653455082265,-2.143246795040616,0.0,-20.0,-20.0,110.0,-3.0545238178410568
229,2.29,-1.141164103124189,-0.24646549652584263,5.677406456637381,-0.4273090473655971,0.9528946193576867,-2.1526587418591174,0.0,-20.0,-20.0,110.0,-3.0320459375941913
230,2.3000000000000003,-1.1487707933473925,-0.24245019650653746,5.65416369007264,-0.42746554517190377,0.9528238675053088,-2.1620706882911165,0.0,-20.0,-20.0,110.0,-3.009584996020797
231,2.31,-1.156377483570596,-0.2384348964872321,5.6309209235079,-0.4276220312581253,0.9527530899530328,-2.1714826343365035,0.0,-20.0,-20.0,110.0,-2.9871412581364183
232,2.32,-1.1639841737937995,-0.23441959646792657,5.60767815694316,-0.42777850562003994,0.9526822867027995,-2.180894579995164,0.0,-20.0,-20.0,110.0,-2.9647149943673834
233,2.33,-1.171590864017003,-0.23040429644862084,5.584435390378419,-0.4279349682534273,0.9526114577565503,-2.1903065252669864,0.0,-20.0,-20.0,110.0,-2.9423064806551147
234,2.34,-1.1791975542402064,-0.22638899642931493,5.561192623813679,-0.42809141915406557,0.9525406031162275,-2.1997184701518604,0.0,-20.0,-20.0,110.0,-2.9199159985618146
235,2.35,-1.18680424446341,-0.22237369641000881,5.537949857248939,-0.4282478583177347,0.9524697227837736,-2.2091304146496746,0.0,-20.0,-20.0,110.0,-2.897543835377567
236,2.36,-1.1944109346866134,-0.2183583963907025,5.514707090684198,-0.42840428574021344,0.9523988167611322,-2.2185423587603212,0.0,-20.0,-20.0,110.0,-2.8751902842288457
237,2.37,-1.202017624909817,-0.214343096371396,5.491464324119458,-0.4285607014172834,0.9523278850502475,-2.2279543024836856,0.0,-20.0,-20.0,110.0,-2.852855644188361
238,2.38,-1.2096243151330204,-0.21032779635208934,5.468221557554718,-0.4287171053447241,0.9522569276530648,-2.23736624581966,0.0,-20.0,-20.0,110.0,-2.830540220386275
239,2.39,-1.2172310053562239,-0.20631249633278248,5.444978790989977,-0.4288734975183168,0.9521859445715296,-2.2467781887681295,0.0,-20.0,-20.0,110.0,-2.8082443241227275
240,2.4,-1.2248376955794273,-0.20229719631347542,5.421736024425237,-0.42902987793384173,0.9521149358075877,-2.256190131328984,0.0,-20.0,-20.0,110.0,-2.785968272981674
241,2.41,-1.2324443858026308,-0.19828189629416818,5.398493257860497,-0.42918624658708027,0.9520439013631861,-2.2656020735021123,0.0,-20.0,-20.0,110.0,-2.7637123909459707
242,2.42,-1.2400510760258343,-0.19426659627486073,5.375250491295756,-0.42934260347381403,0.9519728412402729,-2.2750140152874048,0.0,-20.0,-20.0,110.0,-2.741477008513704
243,2.43,-1.2476577662490378,-0.1902512962555531,5.352007724731016,-0.429498948589826,0.9519017554407962,-2.284425956684747,0.0,-20.0,-20.0,110.0,-2.7192624628157
244,2.44,-1.2552644564722413,-0.1862359962362453,5.328764958166276,-0.4296552819308977,0.9518306439667056,-2.293837897694032,0.0,-20.0,-20.0,110.0,-2.697069097734216
245,2.45,-1.2628711466954448,-0.1822206962169373,5.305522191601535,-0.42981160349281194,0.9517595068199503,-2.3032498383151463,0.0,-20.0,-20.0,110.0,-2.674897264022694
246,2.46,-1.2704778369186482,-0.1782053961976291,5.282279425036795,-0.42996791327135303,0.9516883440024807,-2.312661778547979,0.0,-20.0,-20.0,110.0,-2.652747319426629
247,2.47,-1.2780845271418517,-0.1741900961783207,5.259036658472055,-0.4301242112623027,0.9516171555162487,-2.322073718392417,0.0,-20.0,-20.0,110.0,-2.630619628805385
248,2.48,-1.2856912173650552,-0.17017479615901213,5.235793891907314,-0.43028049746144426,0.951545941363205,-2.3314856578483534,0.0,-20.0,-20.0,110.0,-2.608514564254991
249,2.49,-1.2932979075882587,-0.16615949613970335,5.212551125342574,-0.43043677186456303,0.951474701545303,-2.340897596915676,0.0,-20.0,-20.0,110.0,-2.586432505231825
250,2.5,-1.3009045978114622,-0.1621441961203944,5.189308358777834,-0.4305930344674429,0.9514034360644968,-2.3503095355942776,0.0,-20.0,-20.0,110.0,-2.564373838677078
251,2.5100000000000002,-1.3085112880346657,-0.15812889610108527,5.166065592213093,-0.430749285265867,0.9513321449227379,-2.3597214738840395,0.0,-20.0,-20.0,110.0,-2.54233895914199
252,2.52,-1.3161179782578691,-0.15411359608177594,5.142822825648353,-0.4309055242556223,0.9512608281219824,-2.369133411784857,0.0,-20.0,-20.0,110.0,-2.520328268913735
253,2.5300000000000002,-1.3237246684810726,-0.1500982960624664,5.119580059083613,-0.4310617514324935,0.951189485664185,-2.3785453492966204,0.0,-20.0,-20.0,110.0,-2.4983421781418707
254,2.54,-1.331331358704276,-0.1460829960431567,5.096337292518872,-0.4312179667922655,0.9511181175513022,-2.3879572864192142,0.0,-20.0,-20.0,110.0,-2.4763811049652915
255,2.5500000000000003,-1.3389380489274796,-0.14206769602384678,5.073094525954132,-0.4313741703307242,0.9510467237852902,-2.397369223152531,0.0,-20.0,-20.0,110.0,-2.4544454756395386
256,2.56,-1.346544739150683,-0.1380523960045367,5.049851759389392,-0.43153036204365713,0.9509753043681072,-2.4067811594964614,0.0,-20.0,-20.0,110.0,-2.4325357246644255
257,2.57,-1.3541514293738866,-0.13403709598522642,5.026608992824651,-0.4316865419268495,0.9509038593017103,-2.4161930954508932,0.0,-20.0,-20.0,110.0,-2.4106522949117806
258,2.58,-1.36175811959709,-0.13002179596591595,5.003366226259911,-0.43184270997608853,0.9508323885880589,-2.425605031015721,0.0,-20.0,-20.0,110.0,-2.388795637753279
259,2.59,-1.3693648098202935,-0.1260064959466053,4.980123459695171,-0.43199886618716127,0.9507608922291119,-2.435016966190834,0.0,-20.0,-20.0,110.0,-2.366966213188171
260,2.6,-1.376971500043497,-0.12199119592729445,4.95688069313043,-0.4321550105558554,0.9506893702268296,-2.4444289009761246,0.0,-20.0,-20.0,110.0,-2.3451644899707924
261,2.61,-1.3845781902667005,-0.11797589590798341,4.93363792656569,-0.43231114307795954,0.9506178225831736,-2.4538408353714782,0.0,-20.0,-20.0,110.0,-2.3233909457377173
262,2.62,-1.392184880489904,-0.11396059588867218,4.91039516000095,-0.4324672637492616,0.9505462493001047,-2.463252769376785,0.0,-20.0,-20.0,110.0,-2.301646067134389
263,2.63,-1.3997915707131074,-0.10994529586936076,4.887152393436209,-0.43262337256554995,0.950474650379585,-2.472664702991936,0.0,-20.0,-20.0,110.0,-2.279930349941058
264,2.64,-1.407398260936311,-0.10592999585004916,4.863909626871469,-0.432779469522613,0.950403025823578,-2.4820766362168176,0.0,-20.0,-20.0,110.0,-2.25824429919789
265,2.65,-1.4150049511595144,-0.10191469583073735,4.840666860306729,-0.43293555461623984,0.9503313756340468,-2.491488569051319,0.0,-20.0,-20.0,110.0,-2.236588429329014
266,2.66,-1.422611641382718,-0.09789939581142537,4.817424093741988,-0.43309162784222005,0.9502596998129561,-2.5009005014953316,0.0,-20.0,-20.0,110.0,-2.2149632642653345
267,2.67,-1.4302183316059214,-0.0938840957921132,4.794181327177248,-0.4332476891963441,0.9501879983622704,-2.5103124335487457,0.0,-20.0,-20.0,110.0,-2.1933693375659336
268,2.68,-1.4378250218291249,-0.08986879577280082,4.770938560612508,-0.4334037386744013,0.9501162712839555,-2.51972436521145,0.0,-20.0,-20.0,110.0,-2.1718071925377704
269,2.69,-1.4454317120523283,-0.08585349575348827,4.747695794047767,-0.43355977627218334,0.9500445185799803,-2.529136296483345,0.0,-20.0,-20.0,110.0,-2.150277382353539
270,2.7,-1.4530384022755318,-0.08183819573417553,4.724453027483027,-0.4337158019854791,0.9499727402523072,-2.53854822736431,0.0,-20.0,-20.0,110.0,-2.1287804701673774
271,2.71,-1.4606450924987353,-0.07782289571486259,4.701210260918287,-0.4338718158100811,0.9499009363029058,-2.5479601578542397,0.0,-20.0,-20.0,110.0,-2.107317029228192
272,2.72,-1.4682517827219388,-0.07380759569554947,4.677967494353546,-0.43402781774178045,0.9498291067337452,-2.5573720879530257,0.0,-20.0,-20.0,110.0,-2.0858876429903326
273,2.73,-1.4758584729451423,-0.06979229567623615,4.654724727788806,-0.4341838077763691,0.9497572515467948,-2.5667840176605567,0.0,-20.0,-20.0,110.0,-2.0644929052213468
274,2.74,-1.4834651631683458,-0.06577699565692265,4.631481961224066,-0.4343397859096391,0.9496853707440231,-2.5761959469767244,0.0,-20.0,-20.0,110.0,-2.0431334201064844
275,2.75,-1.4910718533915492,-0.06176169563760895,4.608239194659325,-0.43449575213738295,0.949613464327402,-2.5856078759014176,0.0,-20.0,-20.0,110.0,-2.0218098023496665
276,2.7600000000000002,-1.4986785436147527,-0.05774639561829507,4.584996428094585,-0.4346517064553929,0.9495415322989015,-2.595019804434526,0.0,-20.0,-20.0,110.0,-2.0005226772705833
277,2.77,-1.5062852338379562,-0.053731095598980996,4.561753661529845,-0.4348076488594625,0.9494695746604945,-2.6044317325759363,0.0,-20.0,-20.0,110.0,-1.9792726808975756
278,2.7800000000000002,-1.5138919240611597,-0.04971579557966674,4.538510894965104,-0.4349635793453851,0.9493975914141533,-2.6138436603255406,0.0,-20.0,-20.0,110.0,-1.9580604600559428
279,2.79,-1.5214986142843632,-0.04570049556035228,4.515268128400364,-0.4351194979089546,0.9493255825618507,-2.623255587683232,0.0,-20.0,-20.0,110.0,-1.9368866724512719
280,2.8000000000000003,-1.5291053045075667,-0.04168519554103764,4.492025361835624,-0.43527540454596475,0.9492535481055614,-2.632667514648903,0.0,-20.0,-20.0,110.0,-1.9157519867474506
281,2.81,-1.5367119947307701,-0.03766989552172281,4.468782595270883,-0.4354312992522093,0.9491814880472592,-2.6420794412224406,0.0,-20.0,-20.0,110.0,-1.8946570826388773
282,2.82,-1.5443186849539736,-0.03365459550240779,4.445539828706143,-0.4355871820234841,0.9491094023889203,-2.651491367403739,0.0,-20.0,-20.0,110.0,-1.8736026509164998
283,2.83,-1.551925375177177,-0.02963929548309258,4.422297062141403,-0.43574305285558446,0.9490372911325202,-2.6609032931926873,0.0,-20.0,-20.0,110.0,-1.8525893935271749
284,2.84,-1.5595320654003806,-0.025623995463777183,4.399054295576662,-0.4358989117443055,0.9489651542800357,-2.670315218589176,0.0,-20.0,-20.0,110.0,-1.831618023625907
285,2.85,-1.567138755623584,-0.021608695444461597,4.375811529011922,-0.4360547586854426,0.9488929918334451,-2.679727143593097,0.0,-20.0,-20.0,110.0,-1.8106892656204654
286,2.86,-1.5747454458467876,-0.017593395425145812,4.352568762447182,-0.4362105936747914,0.9488208037947251,-2.689139068204335,0.0,-20.0,-20.0,110.0,-1.7898038552078617
287,2.87,-1.582352136069991,-0.013578095405829846,4.329325995882441,-0.4363664167081488,0.9487485901658554,-2.6985509924227826,0.0,-20.0,-20.0,110.0,-1.7689625394021473
288,2.88,-1.5899588262931945,-0.00956279538651369,4.306083229317701,-0.4365222277813115,0.9486763509488154,-2.7079629162483307,0.0,-20.0,-20.0,110.0,-1.748166076552972
289,2.89,-1.597565516516398,-0.005547495367197343,4.282840462752961,-0.4366780268900764,0.948604086145585,-2.717374839680874,0.0,-20.0,-20.0,110.0,-1.7274152363543172
290,2.9,-1.6051722067396015,-0.0015321953478808037,4.25959769618822,-0.43683381403024074,0.9485317957581451,-2.726786762720302,0.0,-20.0,-20.0,110.0,-1.7067107998428241
291,2.91,-1.612778896962805,0.0024831046714359215,4.23635492962348,-0.436989589197603,0.9484594797884792,-2.7361986853665146,0.0,-20.0,-20.0,110.0,-1.686053559385034
292,2.92,-1.6203855871860084,0.006498404690752838,4.21311216305874,-0.43714535238795965,0.9483871382385661,-2.7456106076193856,0.0,-20.0,-20.0,110.0,-1.6654443186529504
293,2.93,-1.627992277409212,0.010513704710069944,4.189869396493999,-0.4373011035971096,0.9483147711103898,-2.7550225294788135,0.0,-20.0,-20.0,110.0,-1.644883892587171
294,2.94,-1.6355989676324154,0.014529004729387241,4.166626629929259,-0.43745684282085223,0.9482423784059345,-2.764434450944692,0.0,-20.0,-20.0,110.0,-1.6243731073469694
295,2.95,-1.643205657855619,0.018544304748704724,4.143383863364519,-0.43761257005498705,0.9481699601271848,-2.7738463720169144,0.0,-20.0,-20.0,110.0,-1.6039128002465188
296,2.96,-1.6508123480788224,0.022559604768022403,4.120141096799778,-0.437768285295312,0.9480975162761257,-2.7832582926953644,0.0,-20.0,-20.0,110.0,-1.583503819676555
297,2.97,-1.6584190383020259,0.02657490478734027,4.096898330235038,-0.437923988537627,0.9480250468547423,-2.792670212979938,0.0,-20.0,-20.0,110.0,-1.5631470250106743
298,2.98,-1.6660257285252293,0.030590204806658323,4.073655563670298,-0.4380796797777321,0.9479525518650209,-2.802082132870528,0.0,-20.0,-20.0,110.0,-1.5428432864954602
299,2.99,-1.6736324187484328,0.03460550482597657,4.050412797105557,-0.43823535901142757,0.9478800313089494,-2.811494052367023,0.0,-20.0,-20.0,110.0,-1.5225934851236238
300,3.0,-1.6812391089716363,0.038620804845295,4.027170030540817,-0.43839102623451387,0.9478074851885147,-2.82090597146932,0.0,-20.0,-20.0,110.0,-1.5023985124892647
301,3.0100000000000002,-1.6888457991948398,0.042636104864613625,4.003927263976077,-0.4385466814427932,0.9477349135057062,-2.8303178901773056,0.0,-20.0,-20.0,110.0,-1.4822592706243953
302,3.02,-1.6964524894180433,0.046651404883932435,3.980684497411336,-0.43870232463206693,0.947662316262513,-2.839729808490869,0.0,-20.0,-20.0,110.0,-1.4621766718158216
303,3.0300000000000002,-1.7040591796412468,0.05066670490325144,3.957441730846595,-0.4388579557981363,0.9475896934609244,-2.849141726409906,0.0,-20.0,-20.0,110.0,-1.4421516384014015
304,3.04,-1.7116658698644502,0.05468200492257063,3.9341989642818542,-0.4390135749368022,0.9475170451029307,-2.8585536439343064,0.0,-20.0,-20.0,110.0,-1.422185102544758
305,3.0500000000000003,-1.7192725600876537,0.05869730494189001,3.9109561977171134,-0.4391691820438669,0.9474443711905235,-2.8679655610639614,0.0,-20.0,-20.0,110.0,-1.402278005987451
306,3.06,-1.7268792503108572,0.06271260496120958,3.8877134311523727,-0.43932477711513346,0.947371671725694,-2.8773774777987646,0.0,-20.0,-20.0,110.0,-1.382431299777572
307,3.0700000000000003,-1.7344859405340607,0.06672790498052933,3.864470664587632,-0.4394803601464056,0.9472989467104361,-2.88678939413861,0.0,-20.0,-20.0,110.0,-1.3626459439737362
308,3.08,-1.7420926307572642,0.07074320499984928,3.841227898022891,-0.4396359311334862,0.9472261961467424,-2.8962013100833888,0.0,-20.0,-20.0,110.0,-1.3429229073234303
309,3.09,-1.7496993209804677,0.07475850501916942,3.8179851314581503,-0.43979149007217844,0.947153420036607,-2.905613225632989,0.0,-20.0,-20.0,110.0,-1.3232631669146098
310,3.1,-1.7573060112036711,0.07877380503848974,3.7947423648934095,-0.4399470369582867,0.9470806183820242,-2.9150251407873013,0.0,-20.0,-20.0,110.0,-1.3036677077994323
311,3.11,-1.7649127014268746,0.08278910505781026,3.7714995983286688,-0.4401025717876154,0.9470077911849899,-2.924437055546216,0.0,-20.0,-20.0,110.0,-1.2841375225890186
312,3.12,-1.772519391650078,0.08680440507713097,3.748256831763928,-0.44025809455596987,0.9469349384475005,-2.9338489699096293,0.0,-20.0,-20.0,110.0,-1.2646736110181027
313,3.13,-1.7801260818732816,0.09081970509645186,3.725014065199187,-0.44041360525915507,0.9468620601715537,-2.9432608838774423,0.0,-20.0,-20.0,110.0,-1.245276979478383
314,3.14,-1.787732772096485,0.09483500511577295,3.7017712986344464,-0.4405691038929742,0.9467891563591435,-2.9526727974495297,0.0,-20.0,-20.0,110.0,-1.225948640519438
315,3.15,-1.7953394623196886,0.09885030513509423,3.6785285320697056,-0.44072459045323437,0.9467162270122695,-2.9620847106257924,0.0,-20.0,-20.0,110.0,-1.206689612315953
316,3.16,-1.802946152542892,0.10286560515441569,3.655285765504965,-0.44088006493574117,0.9466432721329312,-2.9714966234061255,0.0,-20.0,-20.0,110.0,-1.1875009181001177
317,3.17,-1.8105528427660955,0.10688090517373734,3.632042998940224,-0.44103552733630047,0.9465702917231276,-2.980908535790417,0.0,-20.0,-20.0,110.0,-1.1683835855579554
318,3.18,-1.818159532989299,0.11089620519305919,3.6088002323754833,-0.4411909776507202,0.946497285784859,-2.9903204477785614,0.0,-20.0,-20.0,110.0,-1.1493386461883692
319,3.19,-1.8257662232125025,0.11491150521238123,3.5855574658107425,-0.441346415874806,0.9464242543201263,-2.9997323593704484,0.0,-20.0,-20.0,110.0,-1.1303671346236703
320,3.2,-1.833372913435706,0.11892680523170344,3.5623146992460017,-0.4415018420043659,0.9463511973309311,-3.009144270565971,0.0,-20.0,-20.0,110.0,-1.111470087910388
321,3.21,-1.8409796036589094,0.12294210525102586,3.539071932681261,-0.44165725603520734,0.9462781148192757,-3.0185561813650197,0.0,-20.0,-20.0,110.0,-1.0926485447491405
322,3.22,-1.848586293882113,0.12695740527034846,3.51582916611652,-0.4418126579631386,0.9462050067871631,-3.0279680917674887,0.0,-20.0,-20.0,110.0,-1.0739035446923226
323,3.23,-1.8561929841053164,0.13097270528967125,3.4925863995517794,-0.4419680477839679,0.9461318732365964,-3.0373800017732693,0.0,-20.0,-20.0,110.0,-1.055236127298454
324,3.24,-1.86379967432852,0.13498800530899424,3.4693436329870386,-0.44212342549350264,0.9460587141695803,-3.0467919113822544,0.0,-20.0,-20.0,110.0,-1.0366473312419862
325,3.25,-1.8714063645517234,0.13900330532831742,3.446100866422298,-0.44227879108755286,0.9459855295881197,-3.0562038205943396,0.0,-20.0,-20.0,110.0,-1.018138193377357
326,3.2600000000000002,-1.8790130547749269,0.14301860534764077,3.422858099857557,-0.44243414456192726,0.9459123194942203,-3.065615729409414,0.0,-20.0,-20.0,110.0,-0.999709747756221
327,3.27,-1.8866197449981303,0.1470339053669643,3.3996153332928163,-0.4425894859124365,0.9458390838898886,-3.075027637827372,0.0,-20.0,-20.0,110.0,-0.9813630245967054
328,3.2800000000000002,-1.8942264352213338,0.15104920538628805,3.3763725667280755,-0.4427448151348903,0.945765822777132,-3.0844395458481104,0.0,-20.0,-20.0,110.0,-0.963099049203585
329,3.29,-1.9018331254445373,0.15506450540561198,3.3531298001633347,-0.4429001322250985,0.9456925361579571,-3.093851453471518,0.0,-20.0,-20.0,110.0,-0.9449188408383796
330,3.3000000000000003,-1.9094398156677408,0.1590798054249361,3.329887033598594,-0.44305543717887175,0.9456192240343734,-3.1032633606974867,0.0,-20.0,-20.0,110.0,-0.926823411538401
331,3.31,-1.9170465058909443,0.16309510544426042,3.306644267033853,-0.443210729992021,0.9455458864083894,-3.1126752675259097,0.0,-20.0,-20.0,110.0,-0.9088137648837146
332,3.3200000000000003,-1.9246531961141478,0.16711040546358494,3.2834015004691124,-0.4433660106603573,0.9454725232820155,-3.122087173956682,0.0,-20.0,-20.0,110.0,-0.8908908947112469
333,3.33,-1.9322598863373512,0.1711257054829096,3.2601587339043716,-0.44352127917969353,0.9453991346572639,-3.131499079989699,0.0,-20.0,-20.0,110.0,-0.8730557837751677
334,3.34,-1.9398665765605547,0.17514100550223446,3.236915967339631,-0.44367653554583936,0.9453257205361417,-3.1409109856248434,0.0,-20.0,-20.0,110.0,-0.8553094023528163
335,3.35,-1.9474732667837582,0.17915630552155953,3.21367320077489,-0.4438317797546084,0.9452522809206629,-3.1503228908620153,0.0,-20.0,-20.0,110.0,-0.8376527067955083
336,3.36,-1.9550799570069617,0.1831716055408848,3.1904304342101493,-0.44398701180181394,0.9451788158128401,-3.159734795701106,0.0,-20.0,-20.0,110.0,-0.8200866380236992
337,3.37,-1.9626866472301652,0.18718690556021025,3.1671876676454085,-0.4441422316832682,0.9451053252146868,-3.169146700142013,0.0,-20.0,-20.0,110.0,-0.8026121199659724
338,3.38,-1.9702933374533687,0.1912022055795359,3.1439449010806677,-0.4442974393947849,0.9450318091282165,-3.178558604184627,0.0,-20.0,-20.0,110.0,-0.785230057941538
339,3.39,-1.9779000276765721,0.1952175055988617,3.120702134515927,-0.44445263493217707,0.9449582675554441,-3.187970507828839,0.0,-20.0,-20.0,110.0,-0.7679413369859801
340,3.4,-1.9855067178997756,0.1992328056181877,3.097459367951186,-0.44460781829125884,0.9448847004983842,-3.19738241107454,0.0,-20.0,-20.0,110.0,-0.7507468201201108
341,3.41,-1.993113408122979,0.20324810563751392,3.0742166013864454,-0.4447629894678443,0.9448111079590537,-3.206794313921627,0.0,-20.0,-20.0,110.0,-0.7336473465619815
342,3.42,-2.0007200983461826,0.20726340565684032,3.0509738348217046,-0.44491814845774863,0.9447374899394688,-3.2162062163699927,0.0,-20.0,-20.0,110.0,-0.7166437298821401
343,3.43,-2.008326788569386,0.2112787056761669,3.027731068256964,-0.44507329525678657,0.9446638464416471,-3.225618118419531,0.0,-20.0,-20.0,110.0,-0.6997367561025072
344,3.44,-2.0159334787925896,0.21529400569549367,3.004488301692223,-0.445228429860773,0.9445901774676065,-3.2350300200701283,0.0,-20.0,-20.0,110.0,-0.6829271817392769
345,3.45,-2.023540169015793,0.21930930571482063,2.9812455351274822,-0.4453835522655233,0.9445164830193659,-3.244441921321684,0.0,-20.0,-20.0,110.0,-0.6662157317904754
346,3.46,-2.0311468592389965,0.22332460573414778,2.9580027685627415,-0.44553866246685375,0.9444427630989447,-3.253853822174091,0.0,-20.0,-20.0,110.0,-0.649603097669032
347,3.47,-2.0387535494622,0.22733990575347512,2.9347600019980002,-0.4456937604605816,0.944369017708363,-3.263265722627239,0.0,-20.0,-20.0,110.0,-0.6330899350823
348,3.48,-2.0463602396854035,0.23135520577280266,2.911517235433259,-0.4458488462425244,0.9442952468496439,-3.272677622681031,0.0,-20.0,-20.0,110.0,-0.61667686185925
349,3.49,-2.053966929908607,0.2353705057921304,2.888274468868518,-0.44600391980849674,0.9442214505248048,-3.28208952233535,0.0,-20.0,-20.0,110.0,-0.6003644557267358
350,3.5,-2.0615736201318104,0.2393858058114583,2.8650317023037766,-0.4461589811543161,0.9441476287358691,-3.291501421590095,0.0,-20.0,-20.0,110.0,-0.5841532520363869
351,3.5100000000000002,-2.069180310355014,0.2434011058307864,2.8417889357390353,-0.4463140302758009,0.9440737814848605,-3.3009133204451597,0.0,-20.0,-20.0,110.0,-0.5680437414440583
352,3.52,-2.0767870005782174,0.24741640585011468,2.818546169174294,-0.446469067168769,0.9439999087738027,-3.3103252189004393,0.0,-20.0,-20.0,110.0,-0.5577668626844364
353,3.5300000000000002,-2.084393690801421,0.25143170586944313,2.795303402609553,-0.44662409182903856,0.9439260106047188,-3.3197371169558276,0.0,-20.0,-20.0,110.0,-0.5651057917329332
354,3.54,-2.0920003810246244,0.2554470058887718,2.7720606360448117,-0.44677910425242806,0.9438520869796352,-3.3291490146112133,0.0,-20.0,-20.0,110.0,-0.5725515070071932
355,3.5500000000000003,-2.099607071247828,0.25946230590810065,2.7488178694800705,-0.44693410443475634,0.9437781379005763,-3.3385609118664954,0.0,-20.0,-20.0,110.0,-0.5801074360883
356,3.56,-2.1072137614710313,0.2634776059274297,2.7255751029153292,-0.4470890923718436,0.9437041633695694,-3.347972808721568,0.0,-20.0,-20.0,110.0,-0.5877769505788093
357,3.5700000000000003,-2.114820451694235,0.26749290594675895,2.702332336350588,-0.44724406805950995,0.9436301633886413,-3.357384705176325,0.0,-20.0,-20.0,110.0,-0.5955633639728661
358,3.58,-2.1224271419174383,0.2715082059660884,2.679089569785847,-0.4473990314935751,0.9435561379598192,-3.366796601230657,0.0,-20.0,-20.0,110.0,-0.6034699294984435
359,3.59,-2.130033832140642,0.275523505985418,2.6558468032211056,-0.4475539826698586,0.9434820870851317,-3.376208496884459,0.0,-20.0,-20.0,110.0,-0.6114998379356097
360,3.6,-2.1376405223638453,0.2795388060047478,2.6326040366563643,-0.4477089215841815,0.943408010766608,-3.3856203921376182,0.0,-20.0,-20.0,110.0,-0.6196562154149239
361,3.61,-2.1452472125870488,0.28355410602407777,2.609361270091623,-0.4478638482323641,0.9433339090062772,-3.395032286990033,0.0,-20.0,-20.0,110.0,-0.6279421212002616
362,3.62,-2.1528539028102522,0.28756940604340797,2.586118503526882,-0.4480187626102276,0.9432597818061704,-3.4044441814416007,0.0,-20.0,-20.0,110.0,-0.6363605454607832
363,3.63,-2.1604605930334557,0.29158470606273834,2.5628757369621407,-0.4481736647135945,0.9431856291683184,-3.413856075492212,0.0,-20.0,-20.0,110.0,-0.6449144070368078
364,3.64,-2.168067283256659,0.29560000608206893,2.5396329703973994,-0.4483285545382868,0.943111451094753,-3.4232679691417602,0.0,-20.0,-20.0,110.0,-0.6536065512047905
365,3.65,-2.1756739734798627,0.2996153061013997,2.516390203832658,-0.44848343208012775,0.9430372475875074,-3.4326798623901458,0.0,-20.0,-20.0,110.0,-0.6624397474466769
366,3.66,-2.183280663703066,0.3036306061207306,2.493147437267917,-0.4486382973349394,0.942963018648614,-3.4420917552372603,0.0,-20.0,-20.0,110.0,-0.6714166872292319
367,3.67,-2.1908873539262697,0.30764590614006176,2.4699046707031758,-0.44879315029854466,0.9428887642801068,-3.451503647682998,0.0,-20.0,-20.0,110.0,-0.6805399817991746
368,3.68,-2.198494044149473,0.3116612061593931,2.4466619041384345,-0.44894799096676613,0.9428144844840204,-3.4609155397272526,0.0,-20.0,-20.0,110.0,-0.6898121600000141
369,3.69,-2.2061007343726766,0.3156765061787246,2.4234191375736933,-0.44910281933542784,0.9427401792623895,-3.4703274313699164,0.0,-20.0,-20.0,110.0,-0.6992356661168834
370,3.7,-2.21370742459588,0.3196918061980563,2.400176371008952,-0.4492576354003556,0.9426658486172541,-3.4797393226108935,0.0,-20.0,-20.0,110.0,-0.7088128577556156
371,3.71,-2.2213141148190836,0.3237071062173882,2.376933604444211,-0.44941243915737195,0.942591492550644,-3.489151213450063,0.0,-20.0,-20.0,110.0,-0.7185460037626795
372,3.72,-2.228920805042287,0.3277224062367203,2.3536908378794696,-0.4495672306023014,0.9425171110646,-3.4985631038873315,0.0,-20.0,-20.0,110.0,-0.7284372821925
373,3.73,-2.2365274952654906,0.33173770625605253,2.3304480713147284,-0.44972200973097,0.9424427041611596,-3.5079749939225895,0.0,-20.0,-20.0,110.0,-0.7384887783290458
374,3.74,-2.244134185488694,0.335753006275385,2.307205304749987,-0.4498767765392026,0.9423682718423616,-3.517386883555733,0.0,-20.0,-20.0,110.0,-0.748702482768427
375,3.75,-2.2517408757118975,0.33976830629471766,2.283962538185246,-0.45003153102282556,0.9422938141102453,-3.5267987727866568,0.0,-20.0,-20.0,110.0,-0.7590802895694692
376,3.7600000000000002,-2.259347565935101,0.3437836063140505,2.2607197716205047,-0.45018627317766446,0.9422193309668511,-3.5362106616152587,0.0,-20.0,-20.0,110.0,-0.7696239944791591
377,3.77,-2.2669542561583045,0.34779890633338356,2.2374770050557635,-0.45034100299954655,0.9421448224142195,-3.5456225500414327,0.0,-20.0,-20.0,110.0,-0.7803352932399671
378,3.7800000000000002,-2.274560946381508,0.35181420635271676,2.2142342384910223,-0.4504957204842974,0.9420702884543918,-3.5550344380650696,0.0,-20.0,-20.0,110.0,-0.791215779985924
379,3.79,-2.2821676366047114,0.3558295063720502,2.190991471926281,-0.45065042562774543,0.9419957290894101,-3.5644463256860677,0.0,-20.0,-20.0,110.0,-0.8022669457343089
380,3.8000000000000003,-2.289774326827915,0.3598448063913838,2.16774870536154,-0.4508051184257168,0.9419211443213168,-3.5738582129043213,0.0,-20.0,-20.0,110.0,-0.8134901769797878
381,3.81,-2.2973810170511184,0.3638601064107176,2.1445059387967986,-0.4509597988740399,0.9418465341521559,-3.5832700997197215,0.0,-20.0,-20.0,110.0,-0.8248867543975522
382,3.8200000000000003,-2.304987707274322,0.36787540643005157,2.1212631722320574,-0.451114466968542,0.9417718985839716,-3.5926819861321637,0.0,-20.0,-20.0,110.0,-0.8364578516620664
383,3.83,-2.3125943974975254,0.3718907064493857,2.098020405667316,-0.45126912270505243,0.9416972376188081,-3.602093872141544,0.0,-20.0,-20.0,110.0,-0.8482045343875984
384,3.84,-2.320201087720729,0.3759060064687201,2.074777639102575,-0.4514237660794006,0.9416225512587112,-3.611505757747762,0.0,-20.0,-20.0,110.0,-0.860127759196685
385,3.85,-2.3278077779439323,0.3799213064880546,2.0515348725378337,-0.45157839708741515,0.9415478395057276,-3.6209176429507117,0.0,-20.0,-20.0,110.0,-0.8722283729222895
386,3.86,-2.335414468167136,0.38393660650738937,2.0282921059730925,-0.45173301572492447,0.9414731023619034,-3.630329527750282,0.0,-20.0,-20.0,110.0,-0.8845071119491255
387,3.87,-2.3430211583903393,0.3879519065267243,2.0050493394083513,-0.45188762198775934,0.9413983398292868,-3.6397414121463725,0.0,-20.0,-20.0,110.0,-0.8969646016993248
388,3.88,-2.350627848613543,0.3919672065460594,1.9818065728436098,-0.45204221587174975,0.9413235519099254,-3.6491532961388784,0.0,-20.0,-20.0,110.0,-0.909601356267194
389,3.89,-2.3582345388367463,0.39598250656539474,1.9585638062788684,-0.4521967973727264,0.9412487386058687,-3.6585651797276966,0.0,-20.0,-20.0,110.0,-0.9224177782074304
390,3.9,-2.3658412290599498,0.3999978065847302,1.935321039714127,-0.45235136648651947,0.9411738999191661,-3.667977062912717,0.0,-20.0,-20.0,110.0,-0.9354141584807353
391,3.91,-2.3734479192831532,0.4040131066040659,1.9120782731493855,-0.45250592320896116,0.9410990358518679,-3.677388945693842,0.0,-20.0,-20.0,110.0,-0.9485906765601942
392,3.92,-2.3810546095063567,0.4080284066234018,1.888835506584644,-0.45266046753588346,0.9410241464060258,-3.686800828070965,0.0,-20.0,-20.0,110.0,-0.961947400701458
393,3.93,-2.38866129972956,0.4120437066427379,1.8655927400199026,-0.4528149994631177,0.9409492315836907,-3.6962127100439788,0.0,-20.0,-20.0,110.0,-0.9754842883790488
394,3.94,-2.3962679899527637,0.4160590066620741,1.8423499734551612,-0.45296951898649557,0.940874291386915,-3.7056245916127812,0.0,-20.0,-20.0,110.0,-0.9892011868906684
395,3.95,-2.403874680175967,0.42007430668141055,1.8191072068904197,-0.45312402610184893,0.9407993258177513,-3.715036472777268,0.0,-20.0,-20.0,110.0,-1.0030978341307684
396,3.96,-2.4114813703991707,0.4240896067007472,1.7958644403256783,-0.453278520805012,0.9407243348782557,-3.7244483535373414,0.0,-20.0,-20.0,110.0,-1.0171738595340583
397,3.97,-2.419088060622374,0.428104906720084,1.7726216737609368,-0.45343300309181733,0.9406493185704788,-3.7338602338928784,0.0,-20.0,-20.0,110.0,-1.0314287851889923
398,3.98,-2.4266947508455776,0.43212020673942103,1.7493789071961954,-0.45358747295809837,0.940574276896478,-3.7432721138437843,0.0,-20.0,-20.0,110.0,-1.0458620271206487
399,3.99,-2.434301441068781,0.43613550675875823,1.726136140631454,-0.4537419303996893,0.9404992098583089,-3.7526839933899563,0.0,-20.0,-20.0,110.0,-1.0604728967417967
400,4.0,-2.4419081312919846,0.44015080677809565,1.7028933740667125,-0.4538963754124245,0.9404241174580272,-3.7620958725312863,0.0,-20.0,-20.0,110.0,-1.0752606024703104
401,4.01,-2.449514821515188,0.44416610679743324,1.679650607501971,-0.4540508079921384,0.9403489996976908,-3.7715077512676705,0.0,-20.0,-20.0,110.0,-1.0902242515103984
402,4.0200000000000005,-2.4571215117383916,0.448181406816771,1.6564078409372296,-0.45420522813466596,0.9402738565793572,-3.7809196295990066,0.0,-20.0,-20.0,110.0,-1.1053628517945273
403,4.03,-2.464728201961595,0.45219670683610896,1.6331650743724881,-0.45435963583584227,0.9401986881050852,-3.790331507525199,0.0,-20.0,-20.0,110.0,-1.1206753140822587
404,4.04,-2.4723348921847985,0.4562120068554471,1.6099223078077467,-0.45451403109150257,0.9401234942769336,-3.799743385046142,0.0,-20.0,-20.0,110.0,-1.136160454211583
405,4.05,-2.479941582408002,0.46022730687478547,1.5866795412430053,-0.4546684138974836,0.9400482750969628,-3.8091552621617257,0.0,-20.0,-20.0,110.0,-1.1518169954978068
406,4.0600000000000005,-2.4875482726312055,0.464242606894124,1.5634367746782638,-0.4548227842496223,0.9399730305672332,-3.8185671388718445,0.0,-20.0,-20.0,110.0,-1.167643571274306
407,4.07,-2.495154962854409,0.4682579069134627,1.5401940081135224,-0.4549771421437545,0.9398977606898061,-3.827979015176397,0.0,-20.0,-20.0,110.0,-1.1836387275690576
408,4.08,-2.5027616530776124,0.4722732069328016,1.516951241548781,-0.4551314875757171,0.939822465466743,-3.837390891075277,0.0,-20.0,-20.0,110.0,-1.1998009259102158
409,4.09,-2.510368343300816,0.4762885069521407,1.4937084749840395,-0.45528582054134775,0.939747144900107,-3.8468027665683837,0.0,-20.0,-20.0,110.0,-1.2161285462535447
410,4.1,-2.5179750335240194,0.48030380697148,1.4704657084192978,-0.45544014103648384,0.9396717989919612,-3.856214641655612,0.0,-20.0,-20.0,110.0,-1.2326198900240193
411,4.11,-2.525581723747223,0.4843191069908195,1.4472229418545561,-0.4555944490569634,0.9395964277443697,-3.865626516336857,0.0,-20.0,-20.0,110.0,-1.2492731832634492
412,4.12,-2.5331884139704264,0.4883344070101592,1.4239801752898145,-0.4557487445986249,0.9395210311593969,-3.8750383906120187,0.0,-20.0,-20.0,110.0,-1.2660865798756826
413,4.13,-2.54079510419363,0.492349707029499,1.4007374087250728,-0.4559030276573071,0.9394456092391085,-3.884450264480992,0.0,-20.0,-20.0,110.0,-1.2830581649604338
414,4.14,-2.5484017944168333,0.496365007048839,1.3774946421603311,-0.45605729822884816,0.9393701619855698,-3.893862137943672,0.0,-20.0,-20.0,110.0,-1.3001859582266435
415,4.15,-2.556008484640037,0.5003803070681793,1.3542518755955895,-0.45621155630908833,0.9392946894008483,-3.9032740109999566,0.0,-20.0,-20.0,110.0,-1.317467917475856
416,4.16,-2.5636151748632403,0.5043956070875197,1.3310091090308478,-0.4563658018938678,0.9392191914870113,-3.9126858836497482,0.0,-20.0,-20.0,110.0,-1.3349019421460449
417,4.17,-2.571221865086444,0.5084109071068603,1.3077663424661061,-0.4565200349790265,0.9391436682461268,-3.922097755892937,0.0,-20.0,-20.0,110.0,-1.3524858769059869
418,4.18,-2.5788285553096473,0.5124262071262011,1.2845235759013645,-0.4566742555604046,0.9390681196802633,-3.931509627729422,0.0,-20.0,-20.0,110.0,-1.370217515290343
419,4.19,-2.5864352455328508,0.5164415071455422,1.2612808093366228,-0.4568284636338417,0.9389925457914902,-3.940921499159099,0.0,-20.0,-20.0,110.0,-1.3880946033654071
420,4.2,-2.5940419357560542,0.5204568071648833,1.2380380427718811,-0.4569826591951803,0.9389169465818783,-3.9503333701818684,0.0,-20.0,-20.0,110.0,-1.4061148434155155
421,4.21,-2.6016486259792577,0.5244721071842247,1.2147952762071395,-0.45713684224026163,0.9388413220534978,-3.9597452407976252,0.0,-20.0,-20.0,110.0,-1.4242758976402115
422,4.22,-2.609255316202461,0.5284874072035662,1.1915525096423978,-0.45729101276492806,0.9387656722084206,-3.9691571110062625,0.0,-20.0,-20.0,110.0,-1.442575391852251
423,4.23,-2.6168620064256647,0.532502707222908,1.1683097430776561,-0.45744517076502067,0.9386899970487184,-3.978568980807674,0.0,-20.0,-20.0,110.0,-1.4610109191667224
424,4.24,-2.624468696648868,0.53651800724225,1.1450669765129144,-0.4575993162363831,0.9386142965764666,-3.987980850201776,0.0,-20.0,-20.0,110.0,-1.479580043671732
425,4.25,-2.6320753868720717,0.5405333072615921,1.1218242099481728,-0.45775344917485666,0.9385385707937338,-3.9973927191884395,0.0,-20.0,-20.0,110.0,-1.4982803040713641
426,4.26,-2.639682077095275,0.5445486072809345,1.098581443383431,-0.45790756957628576,0.9384628197025976,-4.006804587767573,0.0,-20.0,-20.0,110.0,-1.5171092172917957
427,4.2700000000000005,-2.6472887673184786,0.5485639073002769,1.0753386768186894,-0.45806167743651327,0.9383870433051322,-4.016216455939076,0.0,-20.0,-20.0,110.0,-1.5360642820418975
428,4.28,-2.654895457541682,0.5525792073196196,1.0520959102539478,-0.4582157727513829,0.9383112416034128,-4.025628323702844,0.0,-20.0,-20.0,110.0,-1.5551429823198843
429,4.29,-2.6625021477648856,0.5565945073389625,1.028853143689206,-0.4583698555167396,0.9382354145995165,-4.0350401910587745,0.0,-20.0,-20.0,110.0,-1.5743427908580045
430,4.3,-2.670108837988089,0.5606098073583056,1.0056103771244644,-0.45852392572842815,0.9381595622955193,-4.044452058006762,0.0,-20.0,-20.0,110.0,-1.5936611724976997
431,4.3100000000000005,-2.6777155282112926,0.5646251073776488,0.9823676105597227,-0.45867798338229243,0.9380836846935,-4.053863924546704,0.0,-20.0,-20.0,110.0,-1.6095699997651738
432,4.32,-2.685322218434496,0.5686404073969923,0.9591248439949809,-0.4588320284741773,0.9380077817955359,-4.0632757906784995,0.0,-20.0,-20.0,110.0,-1.6245177648501754
433,4.33,-2.6929289086576995,0.572655707416336,0.9358820774302391,-0.4589860609999292,0.9379318536037063,-4.072687656402042,0.0,-20.0,-20.0,110.0,-1.6396296333521763
434,4.34,-2.700535598880903,0.5766710074356798,0.9126393108654973,-0.4591400809553941,0.9378559001200911,-4.082099521717229,0.0,-20.0,-20.0,110.0,-1.6549024565609987
435,4.3500000000000005,-2.7081422891041065,0.5806863074550238,0.8893965443007555,-0.4592940883364177,0.9377799213467706,-4.091511386623959,0.0,-20.0,-20.0,110.0,-1.6703331005694908
436,4.36,-2.71574897932731,0.5847016074743681,0.8661537777360138,-0.4594480831388477,0.9377039172858259,-4.100923251122129,0.0,-20.0,-20.0,110.0,-1.6859184490157877
437,4.37,-2.7233556695505134,0.5887169074937124,0.842911011171272,-0.4596020653585308,0.9376278879393389,-4.110335115211642,0.0,-20.0,-20.0,110.0,-1.7016554057171769
438,4.38,-2.730962359773717,0.592732207513057,0.8196682446065302,-0.4597560349913143,0.9375518333093917,-4.1197469788923895,0.0,-20.0,-20.0,110.0,-1.7175408971918766
439,4.39,-2.7385690499969204,0.5967475075324018,0.7964254780417884,-0.4599099920330453,0.9374757533980675,-4.129158842164271,0.0,-20.0,-20.0,110.0,-1.7335718750656657
440,4.4,-2.746175740220124,0.6007628075517468,0.7731827114770466,-0.46006393647957167,0.93739964820745,-4.138570705027176,0.0,-20.0,-20.0,110.0,-1.7497453183607503
441,4.41,-2.7537824304433274,0.604778107571092,0.7499399449123048,-0.4602178683267417,0.9373235177396236,-4.1479825674810105,0.0,-20.0,-20.0,110.0,-1.7660582356648438
442,4.42,-2.761389120666531,0.6087934075904373,0.726697178347563,-0.46037178757040487,0.9372473619966738,-4.157394429525673,0.0,-20.0,-20.0,110.0,-1.7825076671788822
443,4.43,-2.7689958108897343,0.6128087076097829,0.7034544117828211,-0.46052569420640976,0.937171180980686,-4.166806291161062,0.0,-20.0,-20.0,110.0,-1.7990906866423355
444,4.44,-2.776602501112938,0.6168240076291286,0.6802116452180792,-0.4606795882306063,0.9370949746937469,-4.176218152387072,0.0,-20.0,-20.0,110.0,-1.8158044031355376
445,4.45,-2.7842091913361413,0.6208393076484745,0.6569688786533373,-0.46083346963884375,0.937018743137944,-4.185630013203603,0.0,-20.0,-20.0,110.0,-1.8326459627589102
446,4.46,-2.791815881559345,0.6248546076678206,0.6337261120885954,-0.46098733842697226,0.9369424863153646,-4.1950418736105455,0.0,-20.0,-20.0,110.0,-1.8496125501894105
447,4.47,-2.7994225717825483,0.628869907687167,0.6104833455238535,-0.4611411945908417,0.9368662042280976,-4.204453733607805,0.0,-20.0,-20.0,110.0,-1.8667013901149907
448,4.48,-2.8070292620057518,0.6328852077065135,0.5872405789591116,-0.46129503812630335,0.9367898968782323,-4.2138655931952735,0.0,-20.0,-20.0,110.0,-1.8839097485481673
449,4.49,-2.8146359522289552,0.6369005077258602,0.5639978123943697,-0.4614488690292082,0.9367135642678583,-4.223277452372854,0.0,-20.0,-20.0,110.0,-1.9012349340202603
450,4.5,-2.8222426424521587,0.6409158077452071,0.5407550458296279,-0.4616026872954093,0.9366372063990686,-4.232689311140452,0.0,-20.0,-20.0,110.0,-1.9186742986581824
451,4.51,-2.829849332675362,0.6449311077645541,0.517512279264886,-0.46175649292075555,0.9365608232739497,-4.242101169497947,0.0,-20.0,-20.0,110.0,-1.9362252391459691
452,4.5200000000000005,-2.8374560228985657,0.6489464077839013,0.494269512700144,-0.4619102859011008,0.9364844148945969,-4.251513027445247,0.0,-20.0,-20.0,110.0,-1.8368157911559866
453,4.53,-2.844931797847023,0.653058891412244,0.4816090223434319,-0.6711665073301374,0.5944875652860859,-4.2463305062902865,0.0,-20.0,-20.0,110.0,-1.4098137668806026
454,4.54,-2.8523167277744554,0.6573167796891496,0.4813598629843283,-1.0482491462753931,-0.06524535023998977,-4.2504350023221855,0.0,-20.0,-20.0,110.0,-1.6991091085518986
455,4.55,-2.85972718116282,0.6616043254988733,0.48427146298058893,-1.5213926858572655,-0.859698988859501,-4.422072455014197,0.0,-20.0,-20.0,110.0,-1.8072493720535376
456,4.5600000000000005,-2.867178584565963,0.6658951170856032,0.4878267630607049,-1.9914220320733411,-1.7349917262586914,-5.226549708251478,0.0,-20.0,-20.0,110.0,-1.910260804446747
457,4.57,-2.8746416040238185,0.6701858354050441,0.49141010583184097,-2.4221813750183503,-2.64263756431568,-6.258618138720486,0.0,-20.0,-20.0,110.0,-1.9075430090509773
458,4.58,-2.8820996869892106,0.6744705237018487,0.49477160111319635,-2.820614919445172,-3.566291386902972,-7.284368826351707,0.0,-20.0,-20.0,110.0,-1.9181057793116665
459,4.59,-2.8895563343954325,0.6787541715617625,0.4981096643461796,-3.1864720737183254,-4.505014470462668,-8.304387947343365,0.0,-20.0,-20.0,110.0,-1.9277190260633237
460,4.6000000000000005,-2.897011348997915,0.6830363140533772,0.501424675127096,-3.519494387439154,-5.457874225495426,-9.319348967245146,0.0,-20.0,-20.0,110.0,-1.9376219370542977
461,4.61,-2.9044644011023495,0.6873167361070942,0.5047166741465279,-3.8194189737298156,-6.423943211679255,-10.330002898226425,0.0,-20.0,-20.0,110.0,-1.9478208087611644
462,4.62,-2.911915163199634,0.6915952171300854,0.5079857092798701,-4.085955568644195,-7.402299746724379,-11.337193857711476,0.0,-20.0,-20.0,110.0,-1.9583140722469596
463,4.63,-2.919363308729114,0.6958715286609828,0.5112318357804121,-4.318797849920996,-8.392022585903165,-12.341773649827651,0.0,-20.0,-20.0,110.0,-1.9690933726903235
464,4.64,-2.9268085118443703,0.7001454484247862,0.5144551154165806,-4.5176232830969845,-9.392190274107548,-13.344616189702867,0.0,-20.0,-20.0,110.0,-1.980154908114935
465,4.65,-2.9342504475785156,0.704416755479666,0.517655616678427,-4.682088382682058,-10.401880517936606,-14.346627339354232,0.0,-20.0,-20.0,110.0,-1.9914951792338806
466,4.66,-2.94168879190988,0.7086852299989502,0.5208334147736913,-4.811824987598724,-11.420169173623552,-15.348748159406895,0.0,-20.0,-20.0,110.0,-2.0031107709130502
467,4.67,-2.9491232219151824,0.7129506530473217,0.5239885916230869,-4.9064371035503616,-12.446128974521153,-16.351955945768527,0.0,-20.0,-20.0,110.0,-2.014998068972965
468,4.68,-2.9565534158149056,0.7172128066806137,0.5271212358366245,-4.9654979690580845,-13.478828111135796,-17.35726479529743,0.0,-20.0,-20.0,110.0,-2.027153322943939
469,4.69,-2.9639790530628884,0.721471473966094,0.5302314426927174,-4.988547291763719,-14.517328688606222,-18.36572604165844,0.0,-20.0,-20.0,110.0,-2.039572613850048
470,4.7,-2.971399814377738,0.7257264390741288,0.5333193141190318,-4.975088640960999,-15.560685051894207,-19.37842871286064,0.0,-20.0,-20.0,110.0,-2.0522519182023875
471,4.71,-2.9788153819138325,0.7299774872658981,0.5363849586614432,-4.924586948368745,-16.60794198920107,-20.396500154156627,0.0,-20.0,-20.0,110.0,-2.065187003649913
472,4.72,-2.986225439294443,0.7342244049959846,0.5394284914600475,-4.836466206182295,-17.658132820295418,-21.421106372447696,0.0,-20.0,-20.0,110.0,-2.0783735068119746
473,4.73,-2.993629671777991,0.7384669799144308,0.5424500342118894,-4.710107532286888,-18.71027731235648,-22.45345200603138,0.0,-20.0,-20.0,110.0,-2.0918068415202256
474,4.74,-3.00102776634484,0.7427050009511226,0.5454497151334423,-4.5448475165609725,-19.763379468873936,-23.494780239256496,0.0,-20.0,-20.0,110.0,-2.1054822259746424
475,4.75,-3.008419411792487,0.7469382583800801,0.5484276689221753,-4.339976887304794,-20.816425200394264,-24.546372596086684,0.0,-20.0,-20.0,110.0,-2.1193946878046446
476,4.76,-3.015804298829109,0.7511665438827768,0.5513840367163833,-4.094739549608816,-21.868379884948393,-25.60954854504006,0.0,-20.0,-20.0,110.0,-2.1335390695177137
477,4.7700000000000005,-3.0231821201658855,0.755389650610793,0.5543189660532086,-3.8083320568863996,-22.91818582737655,-26.685664839924193,0.0,-20.0,-20.0,110.0,-2.14791003433229
478,4.78,-3.0305525706083474,0.7596073732478887,0.5572326108248272,-3.479903588063811,-23.96475962876932,-27.776114509941184,0.0,-20.0,-20.0,110.0,-2.1625020723109327
479,4.79,-3.03791534714691,0.7638195080714996,0.5601251312327876,-3.108556515800574,-25.006989479945048,-28.882325400090195,0.0,-20.0,-20.0,110.0,-2.1773095066959467
480,4.8,-3.045270149046677,0.7680258530136359,0.5629966937405019,-2.6933476653604767,-26.04373239639387,-30.00575814892273,0.0,-20.0,-20.0,110.0,-2.1923265003716494
481,4.8100000000000005,-3.052616677936556,0.7722262077211784,0.5658474710238902,-2.2332903791057106,-27.07381141655054,-31.14790347596035,0.0,-20.0,-20.0,110.0,-2.2075470624113027
482,4.82,-3.0599546378976843,0.7764203736155629,0.5686776419201878,-1.7273575177410074,-28.09601279071313,-32.31027863572346,0.0,-20.0,-20.0,110.0,-2.2229650546955972
483,4.83,-3.067283735551153,0.780608153951862,0.5714873913749238,-1.174485546001991,-29.109083194494158,-33.49442287964146,0.0,-20.0,-20.0,110.0,-2.2385741986072225
484,4.84,-3.0746036801449903,0.7847893538772641,0.5742769103870901,-0.5735798669243115,-30.111727008458068,-34.70189175157684,0.0,-20.0,-20.0,110.0,-2.254368081812804
485,4.8500000000000005,-3.0819141836403734,0.7889637804889502,0.5770463959525118,0.0764784156089192,-31.102603714630416,-35.9342500279988,0.0,-20.0,-20.0,110.0,-2.2703401651426978
486,4.86,-3.0892149607970385,0.793131242891364,0.579796051005442,0.7768241127041846,-32.080325470902324,-37.19306310100421,0.0,-20.0,-20.0,110.0,-2.2864837895749335
487,4.87,-3.096505729257859,0.797291552252867,0.5825260843583947,1.528597741009426,-33.04345493599228,-38.47988659278405,0.0,-20.0,-20.0,110.0,-2.302792183324763
488,4.88,-3.103786209632561,0.8014445218617664,0.5852367106402385,2.3329332790673414,-33.99050343048931,-39.79625398556034,0.0,-20.0,-20.0,110.0,-2.3192584690371447
489,4.89,-3.111056125580557,0.8055899671817057,0.5879281502325658,3.190943682623075,-34.9199295334117,-41.14366205370056,0.0,-20.0,-20.0,110.0,-2.335875671076653
490,4.9,-3.118315203892869,0.8097277059063999,0.59060062920436,4.103703964088899,-35.83013822835637,-42.523553897333656,0.0,-20.0,-20.0,110.0,-2.3526367229076706
491,4.91,-3.125563174573122,0.8138575580137034,0.5932543792449765,5.0722316665118115,-36.71948072820218,-43.937299402461605,0.0,-20.0,-20.0,110.0,-2.369534474556696
492,4.92,-3.1327997709175808,0.8179793458189959,0.5958896375954605,6.097464604094991,-37.58625512175951,-45.38617299475244,0.0,-20.0,-20.0,110.0,-2.386561700148356
493,4.93,-3.1400247295942108,0.82209289402787,0.5985066469782189,7.180235803260701,-38.42870799877759,-46.87132861658788,0.0,-20.0,-20.0,110.0,-2.403711105506273
494,4.94,-3.147237790720738,0.826198029788107,0.6011056555250688,8.321245664016468,-39.24503722008989,-48.39377194313038,0.0,-20.0,-20.0,110.0,-2.4209753358100334
495,4.95,-3.154438697941682,0.8302945827409259,0.6036869167036829,9.521031474144088,-40.03339600586155,-49.9543299663149,0.0,-20.0,-20.0,110.0,-2.4383469832993736
496,4.96,-3.1616271985043523,0.8343823850714903,0.6062506892424541,10.779934550605576,-40.791898515079865,-51.553618217898126,0.0,-20.0,-20.0,110.0,-2.455818595016497
497,4.97,-3.1688030433337633,0.8384612715586601,0.6087972370538006,12.098065453976185,-41.5186270815364,-53.192006074436286,0.0,-20.0,-20.0,110.0,-2.4733826805775507
498,4.98,-3.1759659871064714,0.8425310796239726,0.6113268291559351,13.475267920553716,-42.21164125340457,-54.86958078619839,0.0,-20.0,-20.0,110.0,-2.4910317199640906
499,4.99,-3.183115788323292,0.8465916493798382,0.6138397395931207,14.911082377503176,-42.868988752952795,-56.58611109299799,0.0,-20.0,-20.0,110.0,-2.5087581713252627
500,5.0,-3.190252209380885,0.8506428236769392,0.6163362473544372,16.40471013915751,-43.48871842809688,-58.341011522936455,0.0,-20.0,-20.0,110.0,-2.5265544787815895
501,5.01,-3.1973750166421877,0.8546844481508146,0.6188166362910815,17.954979612701326,-44.068895207097384,-60.133308700378066,0.0,-20.0,-20.0,110.0,-2.5444130802209237
502,5.0200000000000005,-3.2044839805056666,0.8587163712676193,0.6212811950322281,19.560316049177374,-44.60761699146225,-61.96161119739307,0.0,-20.0,-20.0,110.0,-2.5623264150774103
503,5.03,-3.211578875473379,0.8627384443690448,0.6237302168994716,21.218716536841974,-45.10303333109307,-63.82408462417596,0.0,-20.0,-20.0,110.0,-2.5802869320841193
504,5.04,-3.2186594802178137,0.8667505217163848,0.6261639998198796,22.92773202113133,-45.55336562272707,-65.71843374134744,0.0,-20.0,-20.0,110.0,-2.5982870969900786
505,5.05,-3.2257255776475,0.8707524605337378,0.6285828462376807,24.684458121233817,-45.95692846257961,-67.64189336293464,0.0,-20.0,-20.0,110.0,-2.61631940023255
506,5.0600000000000005,-3.2327769549713534,0.8747441210503291,0.6309870630246128,26.485536373053748,-46.31215167362483,-69.59122967875072,0.0,-20.0,-20.0,110.0,-2.6343763645553326
507,5.07,-3.239813403761756,0.878725366541943,0.6333769613889595,28.327167245356605,-46.61760242580393,-71.56275334202526,0.0,-20.0,-20.0,110.0,-2.652450552564021
508,5.08,-3.2468347200163366,0.8826960633714511,0.6357528567833007,30.205135845438686,-46.872006783476934,-73.55234523780315,0.0,-20.0,-20.0,110.0,-2.6705345742092086
509,5.09,-3.2538407042184425,0.8866560810284264,0.6381150688110061,32.11485066416607,-47.074269958745965,-75.55549528123552,0.0,-20.0,-20.0,110.0,-2.688621094188724
510,5.1000000000000005,-3.260831161396279,0.890605292167829,0.6404639211314969,34.05139503735777,-47.2234945310168,-77.56735392211148,0.0,-20.0,-20.0,110.0,-2.7067028392600703
511,5.11,-3.2678059011807052,0.8945435726477545,0.6427997413643063,36.00959026879492,-47.31899591911257,-79.582795300374,0.0,-20.0,-20.0,110.0,-2.724772605454378
512,5.12,-3.274764737861662,0.8984708015662328,0.6451228609919663,37.984068631448025,-47.3603144655505,-81.59649026875546,0.0,-20.0,-20.0,110.0,-2.7428232651833295
513,5.13,-3.28170749044322,0.9023868612970664,0.6474336152617483,39.96935380718989,-47.34722361177962,-83.60298684241863,0.0,-20.0,-20.0,110.0,-2.7608477742305984
514,5.14,-3.288633982697234,0.9062916375246967,0.6497323430862884,41.95994580913289,-47.279733801850334,-85.59679511943378,0.0,-20.0,-20.0,110.0,-2.7788391786195388
515,5.15,-3.2955440432155774,0.9101850192780906,0.6520193869431272,43.95040711118248,-47.15809193915227,-87.57247339644289,0.0,-20.0,-20.0,110.0,-2.796790621349068
516,5.16,-3.3024375054609516,0.9140668989636345,0.654295092773191,45.93544662255271,-46.982776422061946,-89.52471211708365,0.0,-20.0,-20.0,110.0,-2.8146953489896887
517,5.17,-3.309314207816253,0.9179371723970277,0.6565598098782476,47.90999830081204,-46.75448798338676,-91.448412446633,0.0,-20.0,-20.0,110.0,-2.8325467181320505
518,5.18,-3.3161739936324794,0.9217957388341642,0.6588138908173655,49.869291577669784,-46.47413673945205,-93.33875664703781,0.0,-20.0,-20.0,110.0,-2.8503382016803562
519,5.19,-3.323016711275162,0.9256425010009967,0.6610576913024083,51.808911334475845,-46.14282600387907,-95.1912679893292,0.0,-20.0,-20.0,110.0,-2.8680633949833396
520,5.2,-3.3298422141693163,0.9294773651223696,0.663291570092593,53.72484584862634,-45.761833528701295,-97.00185862470377,0.0,-20.0,-20.0,110.0,-2.885716021795623
521,5.21,-3.3366503608428872,0.9333002409498168,0.6655158888881466,55.613521868466314,-45.332590896369624,-98.76686457202591,0.0,-20.0,-20.0,110.0,-2.9032899400625825
522,5.22,-3.343441014968688,0.9371110417883131,0.66773101222309,57.47182669480471,-44.85666180023315,-100.48306770010365,0.0,-20.0,-20.0,110.0,-2.9207791475219573
523,5.23,-3.350214045404807,0.9409096845219724,0.6699373073571819,59.29711779352202,-44.33571992245912,-102.14770522953604,0.0,-20.0,-20.0,110.0,-2.938177787115793
524,5.24,-3.3569693262334828,0.9446960896386855,0.6721351441670557,61.087220993311554,-43.771527054601414,-103.75846780857727,0.0,-20.0,-20.0,110.0,-2.95548015220652
525,5.25,-3.363706736798428,0.9484701812536885,0.6743248950365792,62.840418711008226,-43.165912016648825,-105.31348760596931,0.0,-20.0,-20.0,110.0,-2.9726806915911697
526,5.26,-3.3704261617405966,0.9522318871320575,0.6765069347464722,64.55542988775335,-42.520750825514924,-106.81131810459274,0.0,-20.0,-20.0,110.0,-2.9897740143080354
527,5.2700000000000005,-3.3771274910323763,0.95598113871012,0.6786816403632132,66.23138342102615,-41.83794845315132,-108.25090738168055,0.0,-20.0,-20.0,110.0,-3.0067548942304168
528,5.28,-3.3838106200102036,0.9597178711157793,0.6808493911272692,67.8677868598408,-41.11942240596563,-109.63156664373311,0.0,-20.0,-20.0,110.0,-3.023618274442201
529,5.29,-3.390475449405591,0.9634420231877432,0.6830105683406795,69.46449201894607,-40.36708825729582,-110.95293567294794,0.0,-20.0,-20.0,110.0,-3.040359271390473
530,5.3,-3.3971218853745477,0.9671535374936543,0.6851655552540307,71.02165899052837,-39.582847177587105,-112.21494666479578,0.0,-20.0,-20.0,110.0,-3.056973178810557
531,5.3100000000000005,-3.4037498395254016,0.9708523603471138,0.6873147369528515,72.53971981528758,-38.7685754349555,-113.41778771991234,0.0,-20.0,-20.0,110.0,-3.073455471419177
532,5.32,-3.4103592289449973,0.9745384418235954,0.6894585002434661,74.01934284187608,-37.92611578268097,-114.5618670207845,0.0,-20.0,-20.0,110.0,-3.089801808371791
533,5.33,-3.416949976223275,0.9782117357752442,0.6915972335383357,75.46139857287751,-37.05727060926785,-115.64777849310546,0.0,-20.0,-20.0,110.0,-3.1060080364803384
534,5.34,-3.4235220094762164,0.9818721998445558,0.6937313267409247,76.86692758001385,-36.163796699586555,-116.67626953641637,0.0,-20.0,-20.0,110.0,-3.1220701931881036
535,5.3500000000000005,-3.4300752623671515,0.9855197954769315,0.6958611711301249,78.2371108796239,-35.24740144030781,-117.64821121726429,0.0,-20.0,-20.0,110.0,-3.1379845092985374
536,5.36,-3.4366096741264243,0.9891544879321078,0.6979871592442717,79.57324299612542,-34.309740297186174,-118.56457115505926,0.0,-20.0,-20.0,110.0,-3.1537474114553548
537,5.37,-3.4431251895694044,0.9927762462944533,0.7001096847647874,80.87670780745432,-33.35241539358717,-119.42638919740868,0.0,-20.0,-20.0,110.0,-3.169355524371428
538,5.38,-3.4496217591128455,0.996385043482133,0.702229142399485,82.1489571613693,-32.376975026985946,-120.23475587694851,0.0,-20.0,-20.0,110.0,-3.184805672804366
539,5.39,-3.456099338789584,0.9999808562551362,0.7043459277655689,83.39149217252674,-31.38491397125381,-120.9907935630899,0.0,-20.0,-20.0,110.0,-3.200094883277006
540,5.4,-3.4625578902615692,1.0035636652221651,0.7064604372723645,84.60584705404173,-30.37767442594199,-121.69564016632872,0.0,-20.0,-20.0,110.0,-3.215220385541329
541,5.41,-3.468997380831231,1.0071334548463824,0.7085730680038146,85.79357530019513,-29.356647488311527,-122.35043521617152,0.0,-20.0,-20.0,110.0,-3.2301796137846757
542,5.42,-3.4754177834478037,1.0106902134540792,0.7106842176259272,86.95623798505764,-28.323175013358068,-122.95630810604088,0.0,-18.569037914276123,-20.0,110.0,-3.244970209839429
543,5.43,-3.48181907671309,1.0142339332408161,0.7127942842721996,88.0953940543049,-27.278551758580853,-123.51436831896473,0.0,-16.834409236907955,-20.0,110.0,-3.259590035617157
544,5.44,-3.4882012449049693,1.0177646102596403,0.7149036663482365,89.212592328288,-26.224027873398395,-124.02569739846277,0.0,-15.050563812255858,-20.0,110.0,-3.2740371467493854
545,5.45,-3.4945642779725112,1.0212822444273497,0.7170127624426298,90.30936497239787,-25.16081154039399,-124.49134246634904,0.0,-13.23009967803955,-20.0,110.0,-3.2883098015930683
546,5.46,-3.5009081715360244,1.0247868395260364,0.7191219712269511,91.38722228513382,-24.090071703754504,-124.9123111102651,0.0,-11.393427848815918,-20.0,110.0,-3.3024064645399847
547,5.47,-3.507232926890011,1.0282784032019696,0.721231691337557,92.44764859827625,-23.01294083804183,-125.28956745784869,0.0,-9.567294716835022,-20.0,110.0,-3.31632580529609
548,5.48,-3.5135385509929162,1.031756946978368,0.7233423213511756,93.49209917987265,-21.93051772548715,-125.62402928969632,0.0,-7.781272530555725,-20.0,110.0,-3.3300667123455376
549,5.49,-3.5198250564828464,1.0352224862247241,0.7254542594775805,94.5219979582793,-20.843870251132476,-125.9165660386051,0.0,-6.063256859779358,-20.0,110.0,-3.3436282716724706
550,5.5,-3.5260924616660843,1.0386750401543234,0.72756790349645,95.53873590317869,-19.754038232797374,-126.16799754475187,0.0,-4.4347769021987915,-20.0,110.0,-3.3570097618302484
551,5.51,-3.532340790508996,1.0421146318228838,0.7296836506780514,96.54366989471113,-18.662036211687344,-126.37909345305714,0.0,-2.9079562425613403,-20.0,110.0,-3.370210655302603
552,5.5200000000000005,-3.5385700726297316,1.0455412881363726,0.7318018977241384,97.53812201710336,-17.56885611945692,-126.55057317091857,0.0,-1.4849692583084106,-20.0,110.0,-3.3832306294676067
553,5.53,-3.544780343292429,1.0489550398422616,0.7339230406306289,98.52337923957738,-16.475469766774143,-126.68310629631748,0.0,-0.15890657901763916,-20.0,110.0,-3.3960695686459705
554,5.54,-3.5509716434011946,1.0523559214604241,0.7360474743653221,99.50069344206817,-15.38283134455637,-126.77731345574117,0.0,1.0839051008224487,-20.0,110.0,-3.408727490958958
555,5.55,-3.5571440194614383,1.055743971488765,0.7381755934346965,100.47128152136284,-14.291879812653363,-126.83376747072211,0.0,2.2617167234420776,-20.0,110.0,-3.4212048133992776
556,5.5600000000000005,-3.5632975236279254,1.059119231985089,0.7403077904811305,101.43632544146281,-13.203541086513768,-126.8529948006633,0.0,3.3954685926437373,-20.0,110.0,-3.433501854931273
557,5.57,-3.5694322136171235,1.0624817490224967,0.7424444576387661,102.39697273239064,-12.118730012849017,-126.83547721975462,0.0,4.506844878196716,-20.0,110.0,-3.445619359402287
558,5.58,-3.5755481527350326,1.0658315723635319,0.7445859854283259,103.35433681237113,-11.038352581717977,-126.78165376607532,0.0,5.615965723991394,-20.0,110.0,-3.457558177874624
559,5.59,-3.5816454098450814,1.0691687555213916,0.746732762893889,104.30949723277789,-9.963307980697726,-126.69192290188639,0.0,6.738364100456238,-20.0,110.0,-3.4693193293189024
560,5.6000000000000005,-3.587724059346547,1.0724933557613856,0.7488851775394034,105.26349987305528,-8.89449041939378,-126.56664483723733,0.0,7.882151007652283,-20.0,110.0,-3.480904017912707
561,5.61,-3.5937841811545113,1.0758054340803596,0.7510436152053594,106.2173570518361,-7.8327908325143065,-126.40614402309474,0.0,9.04632270336151,-20.0,110.0,-3.4923136250092424
562,5.62,-3.5998258606763396,1.0791050551879222,0.7532084599512691,107.17204750721955,-6.779098467358407,-126.21071180813951,0.0,10.221328735351562,-20.0,110.0,-3.5035497046250645
563,5.63,-3.6058491887863706,1.0823922874865524,0.7553800939393548,108.12851621874921,-5.734302350740114,-125.98060925494137,0.0,11.392114162445068,-20.0,110.0,-3.5146139787359654
564,5.64,-3.611854261798854,1.085667203050885,0.7575588973197205,109.08767404741558,-4.699292628658012,-125.71607011374205,0.0,12.54274606704712,-20.0,110.0,-3.525508332655419
565,5.65,-3.6178411814993066,1.088929877461549,0.7597452480286009,110.05039721270845,-3.6749619935371522,-125.41730397690651,0.0,13.660590648651123,-20.0,110.0,-3.536234653159362
566,5.66,-3.6238100548749608,1.0921803903699039,0.7619395220500014,111.0175263863074,-2.6622067468418438,-125.08449977762655,0.0,14.738802909851072,-20.0,110.0,-3.5467954537419293
567,5.67,-3.6297609944405465,1.0954188245881262,0.7641420927211287,111.98986576891907,-1.6619265017726697,-124.71782861663822,0.0,15.776762962341309,-20.0,110.0,-3.5571929323345537
568,5.68,-3.63569411796412,1.0986452666672255,0.7663533310298839,112.9681818881786,-0.6750261766286719,-124.31744777132543,0.0,16.778922080993652,-20.0,110.0,-3.5674295940295395
569,5.69,-3.6416095485019544,1.1018598066816032,0.7685736053668664,113.95320201246454,0.29758344290258615,-123.88350457985142,0.0,17.752938270568848,-20.0,110.0,-3.5775080496383955
570,5.7,-3.6475074143664763,1.1050625382096653,0.7708032814393668,114.94561239031874,1.254985261267206,-123.41614039576287,0.0,18.708019256591797,-20.0,110.0,-3.5874310226023023
571,5.71,-3.6533878490063643,1.1082535585392626,0.7730427223011807,115.94605616418984,2.1962559951330105,-122.9154946430673,0.0,19.6537446975708,-20.0,110.0,-3.5972015760430693
572,5.72,-3.6592509912087747,1.1114329679176984,0.7752922877829693,116.95513111987667,3.120466180935045,-122.38170904539032,0.0,20.0,-20.0,110.0,-3.6068223651630618
573,5.73,-3.6650969846956984,1.1146008705297792,0.777552335009605,117.9733872304953,4.026680105985674,-121.81493201134134,0.0,20.0,-20.0,110.0,-3.6162966993737613
574,5.74,-3.670945204741505,1.1177703157463243,0.7798106911087661,119.00131689076801,4.913952273817821,-121.21531706661119,84.30413818359375,20.0,-20.0,109.9996566772461,-3.643934399111299
575,5.75,-3.6768360519345396,1.1209684850715154,0.7820404875010967,120.03935120898569,5.781328746028492,-120.58302592435889,177.9871063232422,20.0,-20.0,109.99893093109131,-3.674839217296585
576,5.76,-3.68281152058684,1.1242235968430705,0.7842115038787228,121.08786289849857,6.627850211835172,-119.91824147991905,272.8446044921875,20.0,-20.0,109.99781799316406,-3.7073125258361146
577,5.7700000000000005,-3.6889132796145954,1.1275636129205002,0.7862913951024796,122.14716340389712,7.452553787799606,-119.22117385187086,368.87664794921875,20.0,-20.0,109.99631404876709,-3.7412908034130044
578,5.78,-3.695182585320434,1.1310161793187032,0.7882457208026884,123.21749965202878,8.254474575002819,-118.49206513258655,465.91497802734375,20.0,-20.0,109.99441432952881,-3.7766674098132182
579,5.79,-3.7016601217038967,1.134608518095405,0.7900380280938419,124.2990506724089,9.032647366264992,-117.73119418616508,563.634521484375,20.0,-20.0,109.99211597442627,-3.813291333493559
580,5.8,-3.7083857604197354,1.1383672654800039,0.7916300136128105,125.39192403971352,9.786108650048874,-116.93888156676154,661.472900390625,20.0,-20.0,109.98941898345947,-3.8509467225628398
581,5.8100000000000005,-3.7153982074218517,1.1423182343616582,0.7929818052883548,126.49615223961685,10.513898966975983,-116.11549449582542,758.5317993164062,20.0,-20.0,109.98632621765137,-3.8893282356787835
582,5.82,-3.7227345142566066,1.1464860866929445,0.7940524016641154,127.61168910112414,11.215065627256314,-115.26145178652634,853.5340576171875,20.0,-20.0,109.9828462600708,-3.9280284364026756
583,5.83,-3.7304294703913525,1.1508939271765206,0.7948002775540328,128.73840642271912,11.888665772173434,-114.3772285898092,944.89697265625,20.0,-20.0,109.97899341583252,-3.9665510563887874
584,5.84,-3.738514945393103,1.155562864647857,0.7951841146671396,129.8760908839877,12.533769745342259,-113.46336083171077,1030.944091796875,20.0,-20.0,109.9747896194458,-4.004356338349748
585,5.8500000000000005,-3.74701928473033,1.1605116107425915,0.7951635706340751,131.02444130598317,13.149464727002567,-112.52044921168695,1110.1705322265625,20.0,-20.0,109.97026252746582,-4.040921021893698
586,5.86,-3.7559668588979043,1.1657561823987725,0.7946999841839832,132.18306631486846,13.734858579612537,-111.54916264023,1181.47216796875,20.0,-20.0,109.96544551849365,-4.075793733664061
587,5.87,-3.765377825200029,1.1713097474784788,0.7937569351822295,133.35148247287069,14.289083856302303,-110.55024101112033,1244.2489013671875,20.0,-20.0,109.96037197113037,-4.108625205061868
588,5.88,-3.775268116159462,1.1771826223123127,0.7923006121477296,134.52911295441078,14.811301928800923,-109.52449722068926,1298.4332275390625,20.0,-20.0,109.95507717132568,-4.139182304457643
589,5.89,-3.785649628150587,1.1833824029843902,0.7902999789786391,135.71528685746588,15.300707196814828,-108.4728183625482,1344.3983154296875,20.0,-20.0,109.94959545135498,-4.167335046717857
590,5.9,-3.796530562074571,1.1899141977117857,0.7877267597858199,136.90923924367235,15.756531342497828,-107.39616603803292,1382.87060546875,20.0,-20.0,109.94395637512207,-4.19304192547555
591,5.91,-3.8079158699943885,1.196780929183174,0.7845552664575953,138.11011199196827,16.178047589243523,-106.29557572957263,1414.83544921875,20.0,-20.0,109.93818759918213,-4.216331046798396
592,5.92,-3.8198077610951815,1.20398367548109,0.7807621025646306,139.31695553949353,16.564574921485047,-105.17215519574722,1441.4315185546875,20.0,-20.0,109.93231010437012,-4.2372767096050765
593,5.93,-3.8322062286271676,1.211522023853748,0.7763257758152632,140.52873156560565,16.915482217582355,-104.0270818586755,1463.8846435546875,20.0,-20.0,109.92634105682373,-4.255982241109406
594,5.94,-3.8451095678014444,1.219394417244084,0.7712262488069767,141.74431665401707,17.230192244086478,-102.86159916946026,1483.4317626953125,20.0,-20.0,109.92029285430908,-4.316247904585162
595,5.95,-3.8585148562761282,1.2275984747067241,0.7654444623725752,142.96250694759263,17.508185459341842,-101.67701195724408,1501.2493896484375,20.0,-20.0,109.91417121887207,-4.400012123784002
596,5.96,-3.872418372122299,1.236131269128118,0.7589618686438496,144.18202378774535,17.74900357490917,-100.47468078853814,1518.3795166015625,20.0,-20.0,109.90797996520996,-4.483796158869253
597,5.97,-3.886815921857058,1.24498954429807,0.7517600218122001,145.4015203095687,17.952252827725104,-99.25601538751064,1535.625732421875,20.0,-20.0,109.90171813964844,-4.5677185396922235
598,5.98,-3.9017030529374677,1.2541698547579954,0.7438202808023223,146.61958894162024,18.11760692047536,-98.02246719061257,1553.46728515625,20.0,-20.0,109.89538383483887,-4.651855235472137
599,5.99,-3.9170751365868948,1.2636686196063132,0.7351236701955652,147.83476973345552,18.244809589424953,-96.77552112785138,1572.000732421875,20.0,-20.0,109.8889741897583,-4.736211180988463
600,6.0,-3.932927321946435,1.2734820915338532,0.7256509290029889,149.0455594072698,18.33367675958469,-95.51668673959752,1590.9293212890625,20.0,-20.0,109.8824872970581,-4.820702244132793
601,6.01,-3.9492543816312797,1.2836062549552507,0.7153827486953261,150.25042100225295,18.384098245784045,-94.24748875129075,1609.6175537109375,20.0,-20.0,109.8759241104126,-4.905154449086583
602,6.0200000000000005,-3.9660504838531963,1.2940366769289473,0.7043001734396631,151.44779395559266,18.39603895832934,-92.96945724075364,1627.184814453125,20.0,-20.0,109.86928939819336,-4.989316221127148
603,6.03,-3.9833089355906526,1.304768340474169,0.6923851101558721,152.6361044441297,18.369539574364122,-91.68411754364485,1642.6436767578125,20.0,-20.0,109.86259174346924,-5.072885532787388
604,6.04,-4.001021940884014,1.315795489359402,0.6796208834011576,153.81377579884722,18.30471664344769,-90.39298005231714,1655.023681640625,20.0,-20.0,109.85584354400635,-5.155539219464956
605,6.05,-4.0191804101794935,1.3271115078092275,0.665992769873867,154.97923880115312,18.201762107756597,-89.09753007033882,1663.4918212890625,20.0,-20.0,109.84906101226807,-5.236965482224088
606,6.0600000000000005,-4.037773843702725,1.3387088498721917,0.6514884584471206,156.13094167519014,18.06094223281851,-87.7992178877663,1667.419677734375,20.0,-20.0,109.8422622680664,-5.316887201446201
607,6.07,-4.056790297904536,1.3505790239175266,0.6360983984908718,157.26735960275226,17.882595961602856,-86.4994492394214,1666.4310302734375,20.0,-20.0,109.83546733856201,-5.395081313184143
608,6.08,-4.076216432524979,1.362712630149821,0.6198160168698506,158.38700360497444,17.667132721057794,-85.19957629930018,1660.3997802734375,20.0,-20.0,109.82869720458984,-5.4713871660114926
609,6.09,-4.096037626642624,1.3750994430491223,0.602637801387088,159.48842865710225,17.415029725098222,-83.9008893494292,1649.4339599609375,20.0,-20.0,109.82197189331055,-5.545709829288188
610,6.1000000000000005,-4.1162381503956365,1.387728529575573,0.5845632536073142,160.57024092482564,17.1268288276362,-82.60460924060068,1633.8582763671875,20.0,-20.0,109.81530952453613,-5.618021519603009
611,6.11,-4.136801379897919,1.4005883945441462,0.5655947143057571,161.6311040340298,16.803132985636054,-81.31188073819222,1614.2008056640625,20.0,-20.0,109.8087272644043,-5.688362569961116
612,6.12,-4.157710042994394,1.4136671446882896,0.54573706686403,162.66974431126147,16.444602397279528,-80.02376682077673,1591.1717529296875,20.0,-20.0,109.80223941802979,-5.756839218747199
613,6.13,-4.178946481820561,1.426952661920353,0.5249973311768409,163.68495495974653,16.051950385086116,-78.74124397373086,1565.6282958984375,20.0,-20.0,109.79585552215576,-5.823617186678086
614,6.140000000000001,-4.200492915617038,1.4404327748166776,0.5033841723724273,164.67559916426887,15.625939097997978,-77.46519849521536,1538.516845703125,20.0,-20.0,109.78958225250244,-5.888909056138197
615,6.15,-4.222331681802138,1.4540954141417024,0.48090737284525986,165.64061214920497,15.16737511239239,-76.19642380912059,1510.760009765625,20.0,-20.0,109.78342247009277,-5.952947212732853
616,6.16,-4.244445433721774,1.4679287388369482,0.45757732926955796,166.57900223981542,14.677105012728376,-74.93561875725834,1483.161376953125,20.0,-20.0,109.77737522125244,-6.015958927575465
617,6.17,-4.26681728118583,1.4819212241256465,0.43340463061559337,167.48985099423862,14.156011026128146,-73.68338682205948,1456.320068359375,20.0,-20.0,109.77143669128418,-6.0781417854042274
618,6.18,-4.289430867752666,1.4960617086332801,0.4083997634794357,168.37231248641478,13.605006776599227,-72.44023621368702,1430.57421875,20.0,-20.0,109.76560401916504,-6.139644507672605
619,6.19,-4.312270388913152,1.510339403986867,0.38257296830983617,169.22561182541247,13.025033211548454,-71.20658074153452,1405.995361328125,20.0,-20.0,109.75987148284912,-6.20055899486484
620,6.2,-4.33532056375474,1.5247438756211367,0.35593424458581024,170.04904299727602,12.417054739247144,-69.98274138055416,1382.4173583984375,20.0,-20.0,109.75423431396484,-6.031847403024807
621,6.21,-4.354704737691823,1.536957169511129,0.3421943078210939,171.289936042916,11.134754509864567,-68.84926314988527,1821.52001953125,20.0,-20.0,109.74680709838867,-5.429246283376515
622,6.22,-4.369623953279466,1.546512414176844,0.34385811848541475,172.78029203563526,9.380489756807057,-67.78930847870717,2200.0,20.0,-20.0,109.73783683776855,-5.709331079350342
623,6.23,-4.383734384546061,1.555606473803105,0.3492823567612511,174.33150402473098,7.407689100859023,-66.77886585710812,2200.0,20.0,-20.0,109.72886657714844,-5.773917523687971
624,6.24,-4.397707143098867,1.5646306377985442,0.35525407147344407,175.87041061271918,5.318029858094922,-65.80644252889161,2200.0,20.0,-19.29525852203369,109.71989631652832,-5.789808046973587
625,6.25,-4.411740629742224,1.5736971017113068,0.3603988846590234,177.36510565792082,3.1579221335817915,-64.86504812740591,2200.0,20.0,-17.908552885055542,109.7109260559082,-5.782099124509736
626,6.26,-4.425851249778411,1.5828031233984992,0.3643514014676509,178.79548092746862,0.9499211792633078,-63.97104249790221,2200.0,20.0,-16.84424877166748,109.70195579528809,-5.762415169253937
627,6.2700000000000005,-4.4400129811480005,1.5919274432601387,0.3669756394057765,-179.8412355526797,-1.2993099069100973,-63.13151021582938,2200.0,20.0,-15.415207147598267,109.69298553466797,-5.738762069493653
628,6.28,-4.454159297095455,1.6010288930261314,0.3683910082990554,-178.54174196793457,-3.587066655977519,-62.34402699337331,2200.0,20.0,-13.648667335510254,109.68401527404785,-5.709921129406259
629,6.29,-4.46824321849477,1.6100777127803807,0.3685999639569547,-177.3028204860398,-5.910813799021141,-61.60628383697745,2200.0,20.0,-11.427221298217773,109.67504501342773,-5.675835863505329
630,6.3,-4.4822179029316525,1.6190442451805953,0.3676075171300771,-176.12134544041928,-8.268172736701164,-60.916103389070116,2200.0,20.0,-8.528745770454407,109.66607475280762,-5.636469858332356
631,6.3100000000000005,-4.496036743841598,1.6278989984140888,0.3654212212998844,-174.9942876383446,-10.656904275757228,-60.27145221087488,2200.0,20.0,-4.716927409172058,109.6571044921875,-5.591807000753168
632,6.32,-4.509653468793661,1.636612708738301,0.36205115382109626,-173.91871629158425,-13.074880660309374,-59.670448013805405,2200.0,20.0,0.028419941663742065,109.64813423156738,-5.541851991194117
633,6.33,-4.523022235672179,1.6451564009710358,0.3575098891809335,-172.8917913071636,-15.520042511598145,-59.11136136378207,2200.0,20.0,5.398121476173401,109.63916397094727,-5.4988550852412965
634,6.34,-4.536097732077083,1.6535014549519294,0.3518124652456579,-171.91073696414188,-17.990467259146858,-58.59263566574135,2200.0,20.0,10.938971042633057,109.63019371032715,-5.553335875707993
635,6.3500000000000005,-4.549237816259813,1.6619164330918956,0.34636181220117196,-170.91919948810602,-20.451057265510233,-58.26511054951529,1946.7294921875,20.0,16.33277177810669,109.6222562789917,-5.486544619589583
636,6.36,-4.562098994170516,1.6701316842515537,0.3400061259484761,-169.83606465305454,-22.85822381398286,-58.278541348953354,1713.116455078125,20.0,20.0,109.61527156829834,-5.439910847862318
637,6.37,-4.575092399185192,1.6784600365240416,0.3342494504029896,-168.72631620597548,-25.25247148123323,-58.398138523784404,1471.532470703125,20.0,20.0,109.60927104949951,-5.415643414764897
638,6.38,-4.587869701689034,1.6866457427342858,0.3279926321552016,-167.59413742345882,-27.640118367516358,-58.59291374418271,1269.7364501953125,20.0,20.0,109.60409355163574,-5.402325080112918
639,6.390000000000001,-4.6004024338813805,1.694671114636117,0.32120394221859927,-166.43921932497133,-30.029234771872538,-58.847763686302685,1082.6605224609375,20.0,20.0,109.5996789932251,-5.387176301900359
640,6.4,-4.612721144394944,1.7025565865133767,0.3140165164544781,-165.25494551610487,-32.41865141452184,-59.167377125077785,896.4469604492188,20.0,20.0,109.59602355957031,-5.369171417515045
641,6.41,-4.624878089796062,1.7103369392546501,0.3065546173150863,-164.03382403657793,-34.80709280490047,-59.55745553737568,688.8450317382812,20.0,20.0,109.5932149887085,-5.344371799706302
642,6.42,-4.636937413472025,1.7180540565526194,0.2989410093224323,-162.76727269075047,-37.1931455665741,-60.024911079778526,434.4384765625,20.0,20.0,109.59144401550293,-5.308595970235017
643,6.43,-4.648991400435274,1.7257677268300506,0.29131738830484505,-161.44535352229337,-39.575219042990554,-60.57811797764402,114.52899932861328,20.0,20.0,109.59097671508789,-5.259237410916103
644,6.44,-4.661116556952877,1.7335272915342674,0.28378432716084795,-160.05647563235112,-41.95146931066956,-61.22721960234196,0.0,20.0,20.0,109.59097671508789,-5.251463940371642
645,6.45,-4.673337655323752,1.7413485739783408,0.27636318434961454,-158.5870098260798,-44.31971616564103,-61.984518654633305,0.0,20.0,20.0,109.59097671508789,-5.267163946351475
646,6.46,-4.6856590836157554,1.749234251215692,0.2690485013264839,-157.02074891077692,-46.67737462288549,-62.86499314960733,0.0,20.0,20.0,109.59097671508789,-5.283438547632879
647,6.47,-4.698084850581647,1.757186763098276,0.2618347788910454,-155.33823116916474,-49.021350806998704,-63.8869573713342,0.0,20.0,20.0,109.59097671508789,-5.300293187549163
648,6.48,-4.710618751516705,1.7652084127389331,0.25471631129300254,-153.515889411214,-51.3478906255384,-65.0729067652535,0.0,20.0,20.0,109.59097671508789,-5.317732020345783
649,6.49,-4.723264360494095,1.7733013617996842,0.24768719790522375,-151.5249598615137,-53.65237746339544,-66.45060352887636,0.0,20.0,20.0,109.59097671508789,-5.335757879487737
650,6.5,-4.7360250230528775,1.7814676260692501,0.24074135529551693,-149.33008910968672,-55.92905936498698,-68.05446462640938,0.0,20.0,20.0,109.59097671508789,-5.354372249610391
651,6.51,-4.7489038493535825,1.7897090713389634,0.23387252967241084,-146.8875765053303,-58.170678576529205,-69.9273148018724,0.0,20.0,20.0,109.59097671508789,-5.3735752424206815
652,6.5200000000000005,-4.761903707815332,1.7980274095855617,0.2270743096794709,-144.1432116857175,-60.36796648913742,-72.12254486221755,0.0,20.0,20.0,109.59097671508789,-5.393365576817849
653,6.53,-4.775027219247511,1.806424195468692,0.22034013951196718,-141.02974613580386,-62.50895569346278,-74.70663629454276,0.0,20.0,20.0,109.59097671508789,-5.413740563477136
654,6.54,-4.788276751488005,1.8149008231502832,0.2136633323290585,-137.46424426701466,-64.57805156863489,-77.76180669830819,0.0,20.0,20.0,109.59097671508789,-5.434696094122202
655,6.55,-4.801654414558966,1.823458523442293,0.2070370839340535,-133.34602964328474,-66.5548092410211,-81.38806037492016,0.0,20.0,20.0,109.59097671508789,-5.456226635697485
656,6.5600000000000005,-4.815162056350036,1.832098361288651,0.20045448669476207,-128.55690514658153,-68.41240456933703,-85.70296525638796,0.0,20.0,20.0,109.59097671508789,-5.478325229636521
657,6.57,-4.828801258837838,1.8408212335865466,0.19390854367545843,-122.96705763124552,-70.11592755487719,-90.83574560043321,0.0,20.0,20.0,109.59097671508789,-5.500983496403689
658,6.58,-4.842573334849497,1.8496278673515159,0.1873921829515459,-116.45250979392446,-71.62096264450031,-96.90982770447523,0.0,20.0,20.0,109.59097671508789,-5.524191645463995
659,6.59,-4.854303628189154,1.8548896849220469,0.18738948067313319,-109.61934501730565,-72.19630500088562,-103.2971761876317,0.0,20.0,20.0,109.59097671508789,-5.376027880636325
660,6.6000000000000005,-4.8663267511457,1.8605206694828231,0.1867309108937658,-104.10152727651531,-71.25528844395042,-108.31412151159002,0.0,20.0,20.0,109.59097671508789,-5.434104273540489
661,6.61,-4.876327311869404,1.8625340801261834,0.19242917748910118,-99.84602455697943,-69.77401528709775,-112.07195502347442,0.0,20.0,20.0,109.59097671508789,-5.444793096517014
662,6.62,-4.886283570042872,1.8643048634450974,0.19841953002620044,-96.38055097807222,-68.10146114683226,-115.03457788437981,0.0,20.0,20.0,109.59097671508789,-5.460663476874869
663,6.63,-4.896321780802565,1.86618570237184,0.20422731747362102,-93.39861641851766,-66.36993117456588,-117.48097151147425,0.0,20.0,20.0,109.59097671508789,-5.47557969886249
664,6.640000000000001,-4.906397741022633,1.8681188744487174,0.20998393043229782,-90.81030486415969,-64.59371371629858,-119.50068066661947,0.0,20.0,20.0,109.59097671508789,-5.488179937005143
665,6.65,-4.916497579239789,1.8700658849796612,0.2157407346561263,-88.54289318908619,-62.78380311836377,-121.16602043851186,0.0,20.0,20.0,109.59097671508789,-5.50047175011968
666,6.66,-4.926621381706268,1.8720265821679731,0.22149724172204224,-86.5380128783081,-60.948755028783104,-122.53491151789889,0.0,20.0,20.0,109.59097671508789,-5.512437859454282
667,6.67,-4.936769226210038,1.8740008093824738,0.22725296331215267,-84.748865582151,-59.09531891473914,-123.65366482519097,0.0,20.0,20.0,109.59097671508789,-5.524061522657239
668,6.68,-4.946941182046768,1.8759884052137985,0.23300741138578945,-83.13782410367362,-57.22890037034616,-124.55938073236305,0.0,20.0,20.0,109.59097671508789,-5.535326580432693
669,6.69,-4.957137309995213,1.8779892035316712,0.2387600983518104,-81.67448159574651,-55.353898401599444,-125.2819001182416,0.0,20.0,20.0,109.59097671508789,-5.546217503207549
670,6.7,-4.967357662295798,1.8800030335435087,0.24451053724085292,-80.33410945251133,-53.47395238277586,-125.84534678944098,0.0,20.0,20.0,109.59097671508789,-5.5567194370512025
671,6.71,-4.977602282632273,1.882029719854571,0.2502582418773809,-79.09645456051057,-51.5921240929663,-126.26933062043722,0.0,20.0,20.0,109.59097671508789,-5.5668182483481505
672,6.72,-4.987871206116392,1.8840690825297475,0.2560027270514341,-77.94480615660808,-49.711033043234615,-126.56988118658282,0.0,20.0,20.0,109.59097671508789,-5.576500566927664
673,6.73,-4.998164459275564,1.8861209371569971,0.26174350869002033,-76.86527222491158,-47.832958035994125,-126.7601719811498,0.0,20.0,20.0,109.59097671508789,-5.585753827481015
674,6.74,-5.008482060043528,1.888185094912421,0.26748010402809513,-75.84621707397201,-45.959914143133076,-126.85108360099103,0.0,20.0,20.0,109.59097671508789,-5.5945663091604825
675,6.75,-5.018824017754028,1.8902613626269291,0.27321203177907816,-74.87782243761791,-44.09371164386412,-126.85164358605944,0.0,20.0,20.0,109.59097671508789,-5.602927173278214
676,6.76,-5.029190333137513,1.8923495428544614,0.2789388123048463,-73.95174326661986,-42.23600160524633,-126.76937177709354,0.0,20.0,20.0,109.59097671508789,-5.610826499027625
677,6.7700000000000005,-5.039580998320885,1.8944494339417308,0.2846599677851467,-73.06083630808595,-40.388311481133655,-126.61055312913669,0.0,20.0,20.0,109.59097671508789,-5.618255317147773
678,6.78,-5.049995996830265,1.8965608300994556,0.2903750223863683,-72.19894487771798,-38.552073181318534,-126.38045461354336,0.0,20.0,20.0,109.59097671508789,-5.625205641448524
679,6.79,-5.060435303596817,1.8986835214750493,0.2960835024296119,-71.36072724507454,-36.72864540525857,-126.08349882943106,0.0,20.0,20.0,109.59097671508789,-5.631670498114133
680,6.8,-5.0708988849655965,1.9008172942267472,0.3017849365579998,-70.54151907167247,-34.919331563478956,-125.72340392923927,0.0,20.0,20.0,109.59097671508789,-5.637643952704973
681,6.8100000000000005,-5.081386698707437,1.9029619305991394,0.3074788559031642,-69.73722260955029,-33.12539426901006,-125.30329719864218,0.0,20.0,20.0,109.59097671508789,-5.643121134781385
682,6.82,-5.091898694033862,1.9051172090000854,0.3131647942508567,-68.94421707305398,-31.34806713267818,-124.82580792920112,0.0,20.0,20.0,109.59097671508789,-5.648098260078533
683,6.83,-5.102434811615029,1.9072829040789816,0.3188422882056203,-68.15928588234547,-29.58856441308788,-124.29314393945991,0.0,20.0,20.0,109.59097671508789,-5.652572650167791
684,6.84,-5.112994983600683,1.9094587868063582,0.3245108773544647,-67.37955745041054,-27.848088936121492,-123.70715512960194,0.0,20.0,20.0,109.59097671508789,-5.6565427495457925
685,6.8500000000000005,-5.123579133644117,1.9116446245547751,0.3301701044294892,-66.60245692540369,-26.127838596675595,-123.0693867168704,0.0,20.0,20.0,109.59097671508789,-5.660008140099108
686,6.86,-5.134187176929147,1.9138401811809864,0.3358195154693935,-65.82566686557024,-24.429011677915476,-122.38112423493462,0.0,20.0,20.0,109.59097671508789,-5.662969552899075
687,6.87,-5.144819020200062,1.9160452171093487,0.3414586599798212,-65.04709525798678,-22.752811163981537,-121.64343194674805,0.0,20.0,20.0,109.59097671508789,-5.665428877287631
688,6.88,-5.155474561794568,1.9182594894164424,0.3470870910924785,-64.26484962695082,-21.100448176117588,-120.85718598490459,0.0,20.0,20.0,109.59097671508789,-5.667389167221992
689,6.890000000000001,-5.166153691679692,1.9204827519168737,0.3527043657229718,-63.47721623674785,-19.473144626224453,-120.02310327199434,0.0,20.0,20.0,109.59097671508789,-5.668854644852463
690,6.9,-5.17685629149065,1.9227147552502282,0.3583100447273096,-62.68264359435548,-17.87213515343322,-119.14176706799027,0.0,20.0,20.0,109.59097671508789,-5.669830701314737
691,6.91,-5.187582234572651,1.924955246969149,0.3639036930570115,-61.87972961355483,-16.29866838668302,-118.21364982869207,0.0,20.0,20.0,109.59097671508789,-5.670323894724581
692,6.92,-5.198331386025636,1.927203971628503,0.3694848799127713,-61.067211922736995,-14.75400755822057,-117.2391339284538,0.0,20.0,20.0,109.59097671508789,-5.670341945370053
693,6.93,-5.209046430265965,1.9294409867537696,0.3750858638095285,-60.24398549509129,-13.239440203446486,-116.21851278610454,219.94969177246094,20.0,20.0,109.59008026123047,-5.709242607514384
694,6.94,-5.219579479917964,1.9316164488152543,0.38079375362747026,-59.409111219112944,-11.756283593812059,-115.15200033295139,571.966552734375,20.0,20.0,109.58774852752686,-5.7668944817357835
695,6.95,-5.229749657517767,1.9336722334354013,0.38672198579148886,-58.561788244831305,-10.305873630996542,-114.03976791862529,927.8609619140625,20.0,20.0,109.58396530151367,-5.817827456050357
696,6.96,-5.23937645317427,1.935553798147072,0.39299218966219435,-57.701339758718774,-8.889556753048454,-112.88197082924168,1289.3265380859375,20.0,20.0,109.57870769500732,-5.862530912472753
697,6.97,-5.248278023771211,1.937209679780078,0.399735344731768,-56.82721531193419,-7.508687316999884,-111.67876259838206,1662.226806640625,20.0,20.0,109.57192993164062,-5.902249535297719
698,6.98,-5.256267492299223,1.9385905092151463,0.4070945849242177,-55.938995239334076,-6.16462469380785,-110.43030827104522,2056.6103515625,20.0,20.0,109.56354427337646,-5.938941787510876
699,6.99,-5.263218421420984,1.939668033313888,0.4151792025870352,-55.03636834047151,-4.858715417773208,-109.13681832585097,2200.0,20.0,20.0,109.55457401275635,-5.922895549688588
700,7.0,-5.269104681833196,1.9404452180728253,0.42403311009490136,-54.11912104752208,-3.592279345417902,-107.79857224442358,2200.0,20.0,20.0,109.54560375213623,-5.878235830881287
701,7.01,-5.273936365456535,1.9409357429584102,0.4336752245103964,-53.187167971125646,-2.366616917579632,-106.41591002130038,2200.0,20.0,20.0,109.53663349151611,-5.8336739889492115
702,7.0200000000000005,-5.277723876443403,1.941153323615381,0.44412406839136204,-52.24057119932733,-1.1830103791027498,-104.98923336744126,2200.0,20.0,20.0,109.527663230896,-5.789202041047893
703,7.03,-5.2804779800324155,1.9411117785197363,0.45539787251261504,-51.279545643923086,-0.04271662332916169,-103.519017699857,2200.0,20.0,20.0,109.51869297027588,-5.744783931193864
704,7.04,-5.282209798631748,1.9408250243783012,0.46751456980044276,-50.30446435157843,1.0530406923557294,-102.00582330887136,2200.0,20.0,20.0,109.50972270965576,-5.700373020486025
705,7.05,-5.282930807809188,1.9403070714955244,0.4804917893679298,-49.315863509196326,2.103079721439141,-100.45030554105868,2200.0,20.0,20.0,109.50075244903564,-5.655927370318138
706,7.0600000000000005,-5.282652832190139,1.939572019108271,0.49434685065179135,-48.31444686306295,3.1062696371239373,-98.85322381109896,2200.0,20.0,20.0,109.49178218841553,-5.611419649559636
707,7.07,-5.2813880412647745,1.938634050689373,0.5090967576513796,-47.30108926557252,4.061540398745804,-97.21544923774452,2200.0,20.0,20.0,109.48281192779541,-5.56684174131303
708,7.08,-5.279148945105494,1.9375074292206877,0.5247581932705275,-46.276839063745,4.967892978406748,-95.53797068927321,2200.0,20.0,20.0,109.4738416671753,-5.522205641385822
709,7.09,-5.275948389995767,1.9362064924364188,0.5413475137628901,-45.24291905210101,5.824409929023298,-93.82189902366147,2200.0,20.0,20.0,109.46487140655518,-5.477542331146644
710,7.1000000000000005,-5.271799553971439,1.9347456480374294,0.5588807432814513,-44.200725730310566,6.630266154011909,-92.06846931952981,2200.0,20.0,20.0,109.45590114593506,-5.432899820726329
711,7.11,-5.266715942275496,1.9331393688773042,0.5773735685328639,-43.15182663455248,7.384739719370103,-90.2790409166245,2200.0,20.0,20.0,109.44693088531494,-5.38834104207528
712,7.12,-5.260711382727256,1.9314021881208905,0.5968413335373053,-42.09795555133544,8.087222532090607,-88.45509511964657,2200.0,20.0,20.0,109.43796062469482,-5.343941909391932
713,7.13,-5.253800021006909,1.9295486943760685,0.6172990344945375,-41.04100547357008,8.737230695830053,-86.59823046638964,2200.0,20.0,20.0,109.4289903640747,-5.299789657430447
714,7.140000000000001,-5.245996315856294,1.9275935267994977,0.6387613147568799,-39.98301922007557,9.334414346656919,-84.7101555194133,2200.0,20.0,20.0,109.42002010345459,-5.255981466495281
715,7.15,-5.237315034196741,1.925551370177097,0.6612424599098154,-38.926177709727085,9.878566769505092,-82.79267920801688,2200.0,20.0,20.0,109.41104984283447,-5.2126233409518825
716,7.16,-5.227771246164803,1.9234369499800208,0.6847563929609727,-37.87278595752373,10.369632600412116,-80.84769882142474,2200.0,20.0,20.0,109.40207958221436,-5.1698291960215546
717,7.17,-5.217380320066627,1.9212650273969119,0.70931666963825,-36.825256938657205,10.80771493116792,-78.87718583144697,2200.0,20.0,20.0,109.39310932159424,-5.127720108816268
718,7.18,-5.206157917251717,1.919050394343219,0.7349364737978689,-35.786093544292825,11.193081151700508,-76.88316979947218,2200.0,20.0,20.0,109.38413906097412,-5.086423695586811
719,7.19,-5.194119986906793,1.916807868448385,0.76162861294317,-34.75786892504098,11.526167391015138,-74.86772069422949,2200.0,20.0,20.0,109.375168800354,-5.046073584135481
720,7.2,-5.181282760770412,1.9145522880217343,0.7894055138549984,-33.74320558081229,11.807581448980779,-72.8329300090774,2200.0,20.0,20.0,109.36619853973389,-5.006808956707559
721,7.21,-5.167662747769032,1.9122985069979013,0.8182792183345459,-32.7447536050998,12.03810414750892,-70.78089111677855,2200.0,20.0,20.0,109.35722827911377,-4.96877414393165
722,7.22,-5.153276728575116,1.91006138986267,0.8482613790595566,-31.76516852459981,12.218689069137595,-68.71367933262403,2200.0,20.0,20.0,109.34825801849365,-4.932118254503639
723,7.23,-5.138141750087924,1.907855806560119,0.8793632555548316,-30.807089189351508,12.35046069191395,-66.63333217121755,2200.0,20.0,20.0,109.33928775787354,-4.8969948284476255
724,7.24,-5.122275119837565,1.9056966273819922,0.9115957102780007,-29.873116163323996,12.434710969837834,-64.54183027723528,2200.0,20.0,20.0,109.33031749725342,-4.863561504131241
725,7.25,-5.105694400312902,1.903598717840245,0.9449692048215653,-28.96579104097491,12.472894446082382,-62.44107948635335,2200.0,20.0,20.0,109.3213472366333,-4.831979690943677
726,7.26,-5.0884174032138825,1.9015769335237478,0.9794937962322526,-28.087577073374543,12.466622019995244,-60.3328944308442,2200.0,20.0,20.0,109.31237697601318,-4.802414240809111
727,7.2700000000000005,-5.0704621836288695,1.899646114940165,1.0151791334487534,-27.240841430767215,12.41765351703696,-58.21898404774537,2200.0,20.0,20.0,109.30340671539307,-4.775993459464512
728,7.28,-5.051847034137528,1.8978210823440553,1.052034453858953,-26.427839360514255,12.327889232234382,-56.10093927950908,2200.0,20.0,20.0,109.29443645477295,-4.753082970107032
729,7.29,-5.032590478839836,1.8961166305522863,1.090068579977803,-25.65070042435617,12.199360631756086,-53.980223181683016,2200.0,20.0,20.0,109.28546619415283,-4.732480339831556
730,7.3,-5.012711267311806,1.8945475237478893,1.1292899162470114,-24.911416921156107,12.034220403643115,-51.858163573666815,2200.0,20.0,20.0,109.27649593353271,-4.7143728185693545
731,7.3100000000000005,-4.992228368488468,1.8931284902735221,1.169706445957771,-24.211834524905534,11.83473204778127,-49.735948290985114,2200.0,20.0,20.0,109.2675256729126,-4.698949285321252
732,7.32,-4.971160964474734,1.8918742174157537,1.2113257282977725,-23.553645096506923,11.603259187487625,-47.61462302442284,2200.0,20.0,20.0,109.25855541229248,-4.686399723816554
733,7.33,-4.949528444284727,1.8907993461814239,1.2541548955237891,-22.938381564752675,11.3422547715205,-45.495091665705324,2200.0,20.0,20.0,109.24958515167236,-4.676914673807765
734,7.34,-4.927350397510224,1.8899184660673807,1.2982006502611476,-22.367414719251244,11.054250317038978,-43.37811902329791,2200.0,20.0,20.0,109.24061489105225,-4.670684654984439
735,7.3500000000000005,-4.9046466079188376,1.8892461098249447,1.343469262931435,-21.841951717214656,10.741845322283844,-41.264335726609524,2200.0,20.0,20.0,109.23164463043213,-4.6678995607753375
736,7.36,-4.8814370469826285,1.8887967482204966,1.3899665693098167,-21.363036077596917,10.407696953804196,-39.154245102851604,2200.0,20.0,20.0,109.22267436981201,-4.668748019676315
737,7.37,-4.857741867337854,1.8885847847936326,1.4376979682133726,-20.931548919902838,10.054510088142624,-37.048231787732,2200.0,20.0,20.0,109.2137041091919,-4.673416722200915
738,7.38,-4.833581396176581,1.8886245506143886,1.4866684193218829,-20.548211200313986,9.68502776313356,-34.946571818169204,2200.0,20.0,20.0,109.20473384857178,-4.682089712123388
739,7.390000000000001,-4.808976128570962,1.8889302990410783,1.5368824411325193,-20.21358670339048,9.302022070330294,-32.849443950978014,2200.0,20.0,20.0,109.19576358795166,-4.694947641371187
740,7.4,-4.783946720730972,1.8895162004803474,1.58834410904992,-19.928085561998515,8.90828549834655,-30.756941954417094,2200.0,20.0,20.0,109.18679332733154,-4.712166988737787
741,7.41,-4.758513983196483,1.8903963371510966,1.6410570536131421,-19.69196809962445,8.506622717682825,-28.669087627914266,2200.0,20.0,20.0,109.17782306671143,-4.733919243527753
742,7.42,-4.7326988739645985,1.8915846978539794,1.6950244588610102,-19.50534881617676,8.099842781338072,-26.585844317522838,2200.0,20.0,20.0,109.16885280609131,-4.760370056311143
743,7.43,-4.706522491553185,1.8930951727482377,1.750249060837382,-19.36820036912014,7.690751702450565,-24.50713070918103,2200.0,20.0,20.0,109.15988254547119,-4.791678360144043
744,7.44,-4.680006068001657,1.8949415481376848,1.8067331462378757,-19.280357434825945,7.282145360498122,-22.432834697319503,2200.0,20.0,20.0,109.15091228485107,-4.82799546689701
745,7.45,-4.653170961810056,1.8971375012677079,1.864478551199599,-19.24152036902073,6.876802681229464,-20.362827141729916,2200.0,20.0,20.0,109.14194202423096,-4.86946414469514
746,7.46,-4.626038650817599,1.8996965951352098,1.9234866602354295,-19.25125861899774,6.477479032416168,-18.296975340092846,2200.0,20.0,20.0,109.13297176361084,-4.916217683890314
747,7.47,-4.598630725021877,1.9026322733134644,1.9837584053144022,-19.309013872826576,6.086899777554861,-16.235156056686044,2200.0,20.0,20.0,109.12400150299072,-4.968378960417443
748,7.48,-4.570968879339982,1.9059578547939144,2.0452942650897437,-19.414102961301722,5.707753932600794,-14.17726795935339,2200.0,20.0,20.0,109.1150312423706,-5.026059506791883
749,7.49,-4.543074906312905,1.909686528846994,2.1080942642761,-19.56572055609089,5.342687876425302,-12.123243326857033,2200.0,20.0,20.0,109.10606098175049,-5.089358602333869
750,7.5,-4.514970688754626,1.9138313499041046,2.172157973177482,-19.762941731859506,4.994299073664269,-10.073058897538678,2200.0,20.0,20.0,109.09709072113037,-5.158362395399085
751,7.51,-4.486678192347364,1.9184052324629306,2.2374845073674483,-20.004724480525386,4.66512977863954,-8.026745738223683,2200.0,20.0,20.0,109.08812046051025,-5.2331430714003835
752,7.5200000000000005,-4.45821945818458,1.9234209460183262,2.3040725275230187,-20.28991228177488,4.357660700728606,-5.9843980200938365,2200.0,20.0,20.0,109.07915019989014,-5.313758081153367
753,7.53,-4.429616595263354,1.9288911100210546,2.3719202394137904,-20.617236845154313,4.074304624537888,-3.9461805964879146,2200.0,20.0,20.0,109.07017993927002,-5.400249444516229
754,7.54,-4.400891772927882,1.9348281888667103,2.4410253940477062,-20.985321145115368,3.817399992072999,-1.912335286942397,2200.0,20.0,20.0,109.0612096786499,-5.4926431443604535
755,7.55,-4.372067213265882,1.9412444869171932,2.5113852879748872,-21.392682871108565,3.589204468336421,0.11681421709356586,2200.0,20.0,20.0,109.05223941802979,-5.590948625560025
756,7.5600000000000005,-4.343165183459821,1.9481521435571618,2.5829967637509035,-21.83773841006185,3.391888525926799,2.1408588959794237,2200.0,20.0,20.0,109.04326915740967,-5.695158412882896
757,7.57,-4.314207988094928,1.9555631282879158,2.6558562105608248,-22.318807468369503,3.227529097754393,4.159302449942376,2200.0,20.0,20.0,109.03429889678955,-5.805247860394863
758,7.58,-4.285217961426068,1.9634892358612162,2.7299595650053434,-22.834118425034436,3.0981033593996856,6.171560887170935,2200.0,20.0,20.0,109.02532863616943,-5.9211750432311945
759,7.59,-4.256217459605613,1.971942081455575,2.8053023120502076,-23.381814487232347,3.0054827134115483,8.176963665424466,2200.0,20.0,20.0,109.01635837554932,-6.042880800386932
760,7.6000000000000005,-4.227228852874574,1.980933095897596,2.8818794861401535,-23.959960694889745,2.9514270564792215,10.174756375648577,2200.0,20.0,20.0,109.0073881149292,-6.170288934553182
761,7.61,-4.198274517719307,1.9904735209309627,2.9596856724784693,-24.566551792695357,2.937579416479103,12.16410492880369,2200.0,20.0,20.0,108.99841785430908,-6.303306572053171
762,7.62,-4.16937682899621,2.0005744045357243,3.038715008473251,-25.199520957309307,2.965461049534335,14.144101178285766,2200.0,20.0,20.0,108.98944759368896,-6.4418246826954775
763,7.63,-4.1405581520269275,2.011246596300534,3.11896118535135,-25.856749335591413,3.0364670871710873,16.11376988089539,2200.0,20.0,20.0,108.98047733306885,-6.585718755960063
764,7.640000000000001,-4.111840834666649,2.022500742850534,3.2004174499409412,-26.53607631776238,3.1518628202773784,18.072076870429903,2200.0,20.0,20.0,108.97150707244873,-6.734849626493304
765,7.65,-4.08324719934819,2.034347283333605,3.2830766066235513,-27.235310438935258,3.3127806998731644,20.01793829086334,2200.0,20.0,20.0,108.96253681182861,-6.889064438521972
766,7.66,-4.054799535104626,2.0467964449677014,3.366931019456321,-27.952240774796667,3.52021812484098,21.95023071199881,2200.0,20.0,20.0,108.9535665512085,-7.048197735651813
767,7.67,-4.026520089573329,2.059858238652031,3.4519726144651846,-28.68464867367386,3.7750360740527413,23.867801930625035,2200.0,20.0,20.0,108.94459629058838,-7.212072659693152
768,7.68,-3.9984310609843594,2.073542454644828,3.5381928821095463,-29.43031964891824,4.077958625207758,25.76948224562472,2200.0,20.0,20.0,108.93562602996826,-7.380502239785523
769,7.69,-3.970554590136231,2.0878586583104912,3.625582879918968,-30.187055243335138,4.429573385738895,27.654095986986267,2200.0,20.0,20.0,108.92665576934814,-7.553290751252995
770,7.7,-3.9429127523621648,2.1028161859388743,3.714133235302253,-30.95268467185575,4.83033284300799,29.5204730767775,2200.0,20.0,20.0,108.91768550872803,-7.730235122380763
771,7.71,-3.9155275494900117,2.1184241406394784,3.803834148529236,-31.72507604998393,5.280556622413721,31.367460405039107,2200.0,20.0,20.0,108.90871524810791,-7.911126366716282
772,7.72,-3.88842090179912,2.134691388313345,3.8946753958854625,-32.502147023598596,5.780434623705261,33.19393281507539,2200.0,20.0,20.0,108.8997449874878,-8.095751018548047
773,7.73,-3.8616146399774838,2.151626553705405,3.986646332999845,-33.28187462994145,6.3300309884380175,34.99880351025379,2200.0,20.0,20.0,108.89077472686768,-8.283892549909773
774,7.74,-3.8351304970825946,2.1692380165400436,4.079735898345266,-34.0623042392446,6.929288835759352,36.78103371735834,2200.0,20.0,20.0,108.88180446624756,-8.475332748730802
775,7.75,-3.808990100509481,2.187533907742632,4.17393261691199,-34.84155745037631,7.578035690115003,38.53964146872564,2200.0,20.0,20.0,108.87283420562744,-8.669853039544458
776,7.76,-3.7832149639694883,2.20652210574975,4.269224604053599,-35.61783884085672,8.275989513431357,40.273709395602474,2200.0,20.0,20.0,108.86386394500732,-8.867235730376201
777,7.7700000000000005,-3.7578264794834246,2.2262102329108044,4.365599569505096,-36.389441500277826,9.02276524613166,41.98239145710455,2200.0,20.0,20.0,108.8548936843872,-9.067265171968813
778,7.78,-3.7328459093927524,2.2466056519837316,4.463044821572639,-37.15475130521095,9.817881756111076,43.66491856153197,2200.0,20.0,20.0,108.84592342376709,-9.26972881823849
779,7.79,-3.7082943783925595,2.267715462727427,4.561547271494283,-37.912249921831915,10.660769092511632,45.32060306840001,2200.0,20.0,20.0,108.83695316314697,-9.474418179701587
780,7.8,-3.684192865590111,2.2895464985935314,4.661093437970956,-38.660516548610545,11.550775941664154,46.94884218932477,2200.0,20.0,20.0,108.82798290252686,-9.681129664439192
781,7.8100000000000005,-3.660562196592818,2.3121053235201456,4.761669451866772,-39.3982284345596,12.487177185642143,48.54912033300208,2200.0,20.0,20.0,108.81901264190674,-9.889665303901081
782,7.82,-3.6374230356295176,2.335398228830018,4.863261061077654,-40.12416022799387,13.469181469171623,50.121010463327764,2200.0,20.0,20.0,108.81004238128662,-10.099833363396193
783,7.83,-3.6147958777089912,2.3594312302357023,4.965853635567085,-40.83718222601739,14.495938687765872,51.66417455985824,2200.0,20.0,20.0,108.8010721206665,-10.311448839412453
784,7.84,-3.592701040819691,2.3842100649541185,5.069432172567706,-41.53625760575462,15.566547318478404,53.17836328617872,2200.0,20.0,20.0,108.79210186004639,-10.524333847912917
785,7.8500000000000005,-3.5711586581746775,2.409740188932924,5.173981301947291,-42.220438724579225,16.680061524167055,54.66341498444936,2200.0,20.0,20.0,108.78313159942627,-10.738317909428654
786,7.86,-3.550188670505796,2.4360267741910184,5.279485291737552,-42.88886257834022,17.835497972217528,56.11925412374211,2200.0,20.0,20.0,108.77416133880615,-10.953238138101618
787,7.87,-3.529810818411142,2.463074706275452,5.385928053824024,-43.54074550401045,19.031842318910424,57.54588933625937,2200.0,20.0,20.0,108.76519107818604,-11.168939342827613
788,7.88,-3.5100446347598915,2.4908885818369577,5.4932931497952024,-44.175377206529305,20.26805532068792,58.943411179760076,2200.0,20.0,20.0,108.75622081756592,-11.385274049325142
789,7.890000000000001,-3.49090943715858,2.519472706326227,5.601563796948905,-44.792114179117576,21.54307854321647,60.31198976727712,2200.0,20.0,20.0,108.7472505569458,-11.60210245232251
790,7.9,-3.4724243204829173,2.548831091813015,5.710722874453744,-45.390372572212875,22.85583964810507,61.651872407322,2200.0,20.0,20.0,108.73828029632568,-11.81929230716417
791,7.91,-3.454608149479242,2.5789674549300403,5.8207529296634295,-45.96962054850483,24.20525724526838,62.96338140019875,2200.0,20.0,20.0,108.72931003570557,-12.036718770009132
792,7.92,-3.437479551439705,2.6098852149436156,5.931636184581481,-46.52937014028522,25.590245306093088,64.2469121398266,2200.0,20.0,20.0,108.72033977508545,-12.254264195471128
793,7.930000000000001,-3.421056908955266,2.6415874919528113,6.043354542473806,-47.06916860019324,27.009717138699894,65.50293167677981,2200.0,20.0,20.0,108.71136951446533,-12.47181790007973
794,7.94,-3.405358352750582,2.6740771052189065,6.15588959462646,-47.588589206859766,28.46258893165388,66.7319779084423,2200.0,20.0,20.0,108.70239925384521,-12.689275899347853
795,7.95,-3.390401754604844,2.7073565716267742,6.269222627245752,-48.08722145198139,29.947782876453548,67.93465957786853,2200.0,20.0,20.0,108.6934289932251,-12.906540625557172
796,7.96,-3.3762047203625793,2.7414281042797537,6.38333462849777,-48.56466049351463,31.464229882030573,69.1116572861351,2200.0,20.0,20.0,108.68445873260498,-13.123520632657055
797,7.97,-3.3627845830384424,2.776293611229479,6.498206295684214,-49.02049570882477,33.01087189632254,70.263725756213,2200.0,20.0,20.0,108.67548847198486,-13.34013029392079
798,7.98,-3.350158396019946,2.8119546943420217,6.613818042551353,-49.45429811865799,34.586663850765405,71.39169763308418,2200.0,20.0,20.0,108.66651821136475,-13.556289497264585
799,7.99,-3.3383429263720688,2.8484126483016166,6.730150006728736,-49.865606373359604,36.1905752432544,72.49648916951043,2200.0,20.0,20.0,108.65754795074463,-13.771923342405877
800,8.0,-3.327354648247619,2.88566845975312,6.847182057294237,-50.25391089061996,37.821591373713446,73.57910823587088,2200.0,20.0,20.0,108.64857769012451,-13.98696184335423
801,8.01,-3.3172097364071855,2.923722806584269,6.964893802461819,-50.61863560036953,39.47871424377259,74.64066521465607,2200.0,20.0,20.0,108.6396074295044,-14.201339639073355
802,8.02,-3.307924059852458,2.962576057348673,7.083264597388345,-50.959116574604884,41.16096312799181,75.6823875081822,2200.0,20.0,20.0,108.63063716888428,-14.414995714568201
803,8.03,-3.2995131755766214,3.0022282708303867,7.202273552095622,-51.27457657958508,42.86737481825695,76.70563862011741,2200.0,20.0,20.0,108.62166690826416,-14.627873134109192
804,8.040000000000001,-3.2919923224354855,3.0426791957507815,7.321899539503756,-51.56409425812772,44.597003534886404,77.7119430942544,2200.0,20.0,20.0,108.61269664764404,-14.83991878783262
805,8.05,-3.2853764151429163,3.0839282706183297,7.442121203571806,-51.82656619075713,46.34892048680359,78.70301904740123,2200.0,20.0,20.0,108.60372638702393,-15.051083152531842
806,8.06,-3.279680038394079,3.125974623721803,7.562916967541607,-52.06065943605317,48.122213047561914,79.68082067731554,2200.0,20.0,20.0,108.59475612640381,-15.261320067096014
807,8.07,-3.2749174411199076,3.1688170732672623,7.6842650422805585,-52.26475122053967,49.915983492054,80.64759405332263,2200.0,20.0,20.0,108.58578586578369,-15.47058652274942
808,8.08,-3.2711025308761417,3.212454127659111,7.806143434719041,-52.43685109312723,51.72934720721339,81.60595085020056,2200.0,20.0,20.0,108.57681560516357,-15.6788424679705
809,8.09,-3.2682488683701685,3.256883985925352,7.928529956378104,-52.57449885014025,53.56143024385113,82.55896669330508,2200.0,20.0,20.0,108.56784534454346,-15.8860506277868
810,8.1,-3.266369662128827,3.302104538287088,8.051402231982916,-52.67462850395522,55.411366007687576,83.51031381497798,2200.0,20.0,20.0,108.55887508392334,-16.092176336944934
811,8.11,-3.2654777633102228,3.348113366872171,8.174737708157444,-52.73338389695737,57.27829078184323,84.46444239321201,2200.0,20.0,20.0,108.54990482330322,-16.297187386347108
812,8.120000000000001,-3.265585660662499,3.394907746572797,8.298513662195719,-52.745864208518725,59.161337607052666,85.42683229761124,2200.0,20.0,20.0,108.5409345626831,-16.501053882030103
813,8.13,-3.266705475632415,3.4424846460467218,8.42270721090502,-52.7057657417113,61.0596277784805,86.40434882908353,2200.0,20.0,20.0,108.53196430206299,-16.70374811590868
814,8.14,-3.2688489576264517,3.4908407288616563,8.547295319516207,-52.604866724558704,62.97225877490291,87.40575569229964,2200.0,20.0,20.0,108.52299404144287,-16.905244447446638
815,8.15,-3.2720274794270727,3.539972354782275,8.672254810656415,-52.43226830510515,64.89828667828317,88.4424719963659,2200.0,20.0,20.0,108.51402378082275,-17.105519195408466
816,8.16,-3.276252032766636,3.5898755811991623,8.797562373379243,-52.17324564714409,66.83669979987835,89.52971935263353,2200.0,20.0,20.0,108.50505352020264,-17.30455053882555
817,8.17,-3.2815332240613353,3.640546164698909,8.923194572247544,-51.80745422636254,68.7863777565901,90.6883139467831,2200.0,20.0,20.0,108.49608325958252,-17.50231842632888
818,8.18,-3.287881270307432,3.691979562774432,9.04912785646391,-51.306027694879575,70.74602547480231,91.94756719529124,2200.0,20.0,20.0,108.4871129989624,-17.6988044930177
819,8.19,-3.295305995141909,3.744170935674512,9.175338569043848,-50.626682369871354,72.71406191476996,93.35017990988257,2200.0,20.0,20.0,108.47814273834229,-17.893991984049368
820,8.2,-3.3038168250695428,3.7971151483914003,9.301802956026696,-49.70504106103317,74.68842238365961,94.96091723571537,2200.0,20.0,20.0,108.46917247772217,-18.08786568419417
821,8.21,-3.313422785858279,3.850806772785246,9.428497175719256,-48.43831655729348,76.66618465511824,96.882924024568,2200.0,20.0,20.0,108.46020221710205,-18.280411852620382
822,8.22,-3.3241324991046395,3.905240089843993,9.555397307967135,-46.652323295421816,78.64280552824965,99.29071210320012,2200.0,20.0,20.0,108.45123195648193,-18.471618162223027
823,8.23,-3.335954178970774,3.960409092077275,9.682479363448776,-44.02853441233453,80.61040442706519,102.50310221898535,2200.0,20.0,20.0,108.44226169586182,-18.661473642866635
824,8.24,-3.348895629094629,4.016307486042739,9.809719292987133,-39.92379350172948,82.55339538706609,107.16351132710473,2200.0,20.0,20.0,108.4332914352417,-18.849968627942353
825,8.25,-3.362964239674564,4.072928695003125,9.937092996874025,-32.861312053206674,84.43541695024456,114.74895422701692,2200.0,20.0,20.0,108.42432117462158,-19.037094703706227
826,8.26,-3.3781669847296123,4.13026586171233,10.064576334202098,-18.9270548128322,86.15160060667596,129.17365729600036,2200.0,20.0,20.0,108.41535091400146,-19.22284466089871
827,8.27,-3.394510419536453,4.188311851328569,10.19214513219947,11.551878944953293,87.3377299417754,160.11067631742807,2200.0,20.0,20.0,108.40638065338135,-19.40721244820312
828,8.28,-3.412000678244004,4.2470592544526955,10.319775195562075,55.83165352791024,87.1915380387471,-155.18370631409528,2200.0,20.0,20.0,108.39741039276123,-19.590193127138388
829,8.290000000000001,-3.4306434716664227,4.306500390289585,10.447442315778765,82.45116296360224,85.84171733778854,-128.1705163772253,2200.0,20.0,20.0,108.38844013214111,-19.771782828029217
830,8.3,-3.4504440852551586,4.36662730993046,10.575122280444305,94.68423174476717,84.05251744652578,-115.5758880276675,2200.0,20.0,20.0,108.379469871521,-19.951978287335372
831,8.31,-3.4714073772505594,4.427431799753913,10.702790882555389,101.10948341514965,82.11355712719056,-108.82119619847923,2200.0,20.0,20.0,108.37049961090088,-20.130777803600406
832,8.32,-3.493537777013397,4.488905384943305,10.830423929784887,104.9796826720952,80.10970341851302,-104.65371552995052,2200.0,20.0,20.0,108.36152935028076,-20.308180753663603
833,8.33,-3.516839283536546,4.551039333118148,10.95799725372956,107.55148486750956,78.07161429584765,-101.81687195641634,2200.0,20.0,20.0,108.35255908966064,-20.484187109590124
834,8.34,-3.5413154641369045,4.613824658077004,11.085486719126575,109.38644519790253,76.01284094931025,-99.74923466781561,2200.0,20.0,20.0,108.34358882904053,-20.658797698974478
835,8.35,-3.5669694533275176,4.677252123649345,11.212868233034161,110.76841413778358,73.94037686234569,-98.16712189989295,2200.0,20.0,20.0,108.33461856842041,-20.83201416204689
836,8.36,-3.5938039518697344,4.74131224765377,11.340117753971892,111.85513131465332,71.85830144290092,-96.91300836260079,2200.0,20.0,20.0,108.3256483078003,-21.003838908421226
837,8.370000000000001,-3.6218212260050815,4.805995305959904,11.46721130101607,112.74092080252981,69.76924847695727,-95.8928313372079,2200.0,20.0,20.0,108.31667804718018,-21.174275073388202
838,8.38,-3.6510231068664307,4.87129133665123,11.594124962845825,113.48555193631309,67.67507225402684,-95.0471313468975,2200.0,20.0,20.0,108.30770778656006,-21.343326473721476
839,8.39,-3.681410990067896,4.9371901442860775,11.720834906735615,114.12871935986296,65.57717901874301,-94.33657369467223,2200.0,20.0,20.0,108.29873752593994,-21.510997562938456
840,8.4,-3.7129858354727645,5.003681304253913,11.847317387489879,114.69783271978314,63.4767046324428,-93.73416046283596,2200.0,20.0,20.0,108.28976726531982,-21.677293386012128
841,8.41,-3.7457481671386677,5.070754167224031,11.9735487563157,115.21245449584745,61.37461585916083,-93.22079448887774,2200.0,20.0,20.0,108.2807970046997,-21.842219533541375
842,8.42,-3.779698073439054,5.138397863683723,12.09950546962946,115.68695218044058,59.27177123903295,-92.78262911055275,2200.0,20.0,20.0,108.27182674407959,-22.005782095392746
843,8.43,-3.814835207359926,5.206601308562938,12.225164097793474,116.13214881968787,57.16895942540321,-92.40941967193608,2200.0,20.0,20.0,108.26285648345947,-22.16798761385624
844,8.44,-3.8511587869706805,5.275353205942414,12.350501333778853,116.55638650130429,55.06692439066705,-92.09346220899492,2200.0,20.0,20.0,108.25388622283936,-22.328843036367807
845,8.45,-3.88866759606779,5.344642053842252,12.475494001750757,116.96623254661581,52.96638269436528,-91.82888955972291,2200.0,20.0,20.0,108.24491596221924,-22.488355667853817
846,8.46,-3.927359984989951,5.414456149087832,12.600119065572489,117.3669609999451,50.86803580396515,-91.6111923068146,2200.0,20.0,20.0,108.23594570159912,-22.64653312278085
847,8.47,-3.967233871603227,5.4847835922500146,12.724353637224846,117.76288868707968,48.77257925460339,-91.43688528069431,2200.0,20.0,20.0,108.226975440979,-22.80338327698403
848,8.48,-4.00828674245461,5.55561229265646,12.848174985137394,118.15761473159135,46.68070975019908,-91.30327073165378,2200.0,20.0,20.0,108.21800518035889,-22.958914219382606
849,8.49,-4.050515654092334,5.626929973470985,12.9715605424283,118.5541945211503,44.59313090674593,-91.20826717400644,2200.0,20.0,20.0,108.20903491973877,-23.113134203655683
850,8.5,-4.093917234551189,5.6987241768377785,13.094487915049621,118.9552682584058,42.510558095563184,-91.15028375972157,2200.0,20.0,20.0,108.20006465911865,-23.26605160001088
851,8.51,-4.138487685000984,5.770982269087348,13.216934889834949,119.36315746749668,40.43372269327987,-91.12812679883925,2200.0,20.0,20.0,108.19109439849854,-23.41767484713599
852,8.52,-4.184222781556229,5.843691446001026,13.338879442446522,119.77993851241322,38.3633759492177,-91.14092935434877,2200.0,20.0,20.0,108.18212413787842,-23.5680124044567
853,8.53,-4.231117877245049,5.916838738130908,13.460299745218974,120.20749937046736,36.30029261827088,-91.18809764679817,2200.0,20.0,20.0,108.1731538772583,-23.717072704817706
854,8.540000000000001,-4.279167904135241,5.990411016172053,13.581174174897038,120.64758403355036,34.245274465804165,-91.26926986800258,2200.0,20.0,20.0,108.16418361663818,-23.86486410769747
855,8.55,-4.3283673756153265,6.064394996383828,13.701481320264678,121.10182764289142,32.19915372285197,-91.38428426242618,2200.0,20.0,20.0,108.15521335601807,-24.01139485308902
856,8.56,-4.3787103888284,6.138777246057252,13.82119998966317,121.57178458998544,30.162796550261092,-91.53315419860333,2200.0,20.0,20.0,108.14624309539795,-24.156673016160656
857,8.57,-4.430190627256496,6.213544189025241,13.940309218395871,122.05895120476944,28.137106556373254,-91.71604855356713,2200.0,20.0,20.0,108.13727283477783,-24.300706462819416
858,8.58,-4.482801363453166,6.288682111212666,14.05878827601745,122.5647842167288,26.12302840244805,-91.93327615565192,2200.0,20.0,20.0,108.12830257415771,-24.443502806297992
859,8.59,-4.536535461921861,6.364177166223139,14.176616673505569,123.09071585952412,24.121551521882807,-92.18527333085838,2200.0,20.0,20.0,108.1193323135376,-24.585069364880823
860,8.6,-4.591385382137751,6.440015380959508,14.29377417031303,123.6381662577844,22.13371397255306,-92.47259381203926,2200.0,20.0,20.0,108.11036205291748,-24.72541312089361
861,8.61,-4.6473431817104585,6.516182661275027,14.410240781298615,124.20855356074682,20.16060643554878,-92.79590042335433,2200.0,20.0,20.0,108.10139179229736,-24.86454068106005
862,8.620000000000001,-4.704400519685278,6.592664797652229,14.525996783534922,124.80330215419592,18.203376367714075,-93.15595806167275,2200.0,20.0,20.0,108.09242153167725,-25.00245823834983
863,8.63,-4.7625486599802915,6.669447470906555,14.641022722991599,125.42384917768776,16.263232309299248,-93.55362757356312,2200.0,20.0,20.0,108.08345127105713,-25.13917153541095
864,8.64,-4.821778474956878,6.746516257911838,14.75529942109257,126.07164948990811,14.34144834130571,-93.98986017939764,2200.0,20.0,20.0,108.07448101043701,-25.274685829706915
865,8.65,-4.882080449121007,6.823856637344752,14.868807981145887,126.74817915526599,12.439368679439438,-94.46569213069817,2200.0,20.0,20.0,108.0655107498169,-25.409005860442125
866,8.66,-4.94344468295273,6.901453995445424,14.981529794644995,127.45493746523904,10.558412382630264,-94.98223930739807,2200.0,20.0,20.0,108.05654048919678,-25.542135817383066
867,8.67,-5.005860896861277,6.9792936317914185,15.093446547440331,128.1934474556275,8.70007814352539,-95.54069147131943,2200.0,20.0,20.0,108.04757022857666,-25.674079311656694
868,8.68,-5.069318435263121,7.05736076508236,15.204540225780208,128.96525483376868,6.865949115863966,-96.1423058933873,2200.0,20.0,20.0,108.03859996795654,-25.804839348617737
869,8.69,-5.133806270780392,7.135640538932516,15.314793122220165,129.77192518675045,5.057697718935128,-96.78840006698205,2200.0,20.0,20.0,108.02962970733643,-25.93441830285573
870,8.700000000000001,-5.1993130085570405,7.2141180276686985,15.424187841399934,130.61503930226314,3.277090342055648,-97.48034321038773,2200.0,20.0,20.0,108.02065944671631,-26.06281789542272
871,8.71,-5.265826890690091,7.292778242130917,15.5327073056874,131.49618639815773,1.525991851978432,-98.21954624951387,2200.0,20.0,20.0,108.01168918609619,-26.19003917334097
872,8.72,-5.333335800773407,7.371606135473255,15.64033476068893,132.41695502591043,-0.1936302168514956,-99.00744996024204,2200.0,20.0,20.0,108.00271892547607,-26.316082491462517
873,8.73,-5.401827268551351,7.4505866089624835,15.747053780625611,133.37892138865058,-1.8797019352613544,-99.84551094050057,2200.0,20.0,20.0,107.99374866485596,-26.440947496714923
874,8.74,-5.471288474679753,7.52970451777203,15.852848273575002,134.38363479857645,-3.530039890498164,-100.73518507873617,2200.0,20.0,20.0,107.98477840423584,-26.564633114806902
875,8.75,-5.541706255591615,7.6089446767689255,15.957702486578068,135.43259999470067,-5.142348941911205,-101.67790819163741,2200.0,20.0,20.0,107.97580814361572,-26.68713753941327
876,8.76,-5.61306710846501,7.688291866291445,16.061601010611106,136.52725605402824,-6.71422106071548,-102.67507352437323,2200.0,20.0,20.0,107.9668378829956,-26.808458223879335
877,8.77,-5.685357196290646,7.767730837915205,16.16452878542252,137.66895166239692,-8.243135527203803,-103.72800584651604,2200.0,20.0,20.0,107.95786762237549,-26.928591875477505
878,8.78,-5.758562353036591,7.847246320205539,16.26647110423434,138.85891657092176,-9.72646079152658,-104.83793194215271,2200.0,20.0,20.0,107.94889736175537,-27.047534452230764
879,8.790000000000001,-5.832668088907706,7.9268230244540465,16.367413618308596,140.09822915630352,-11.161458333436576,-106.00594738966774,2200.0,20.0,20.0,107.93992710113525,-27.165281162315527
880,8.8,-5.907659595697349,8.006445650397263,16.467342341378455,141.38778013411272,-12.545288879116795,-107.23297966146168,2200.0,20.0,20.0,107.93095684051514,-27.2818264660518
881,8.81,-5.983521752228925,8.086098891915436,16.56624365394447,142.72823264864184,-13.875021345440983,-108.51974775164905,2200.0,20.0,20.0,107.92198657989502,-27.397164080477356
882,8.82,-6.060239129884959,8.16576744270952,16.66410430743596,144.11997918422693,-15.147644879126073,-109.8667187638948,2200.0,20.0,20.0,107.9130163192749,-27.511286986505365
883,8.83,-6.137795998221338,8.245436001954483,16.76091142823793,145.5630960110589,-16.360084335010075,-111.27406216207609,2200.0,20.0,20.0,107.90404605865479,-27.624187438638085
884,8.84,-6.2161763306644575,8.325089279927129,16.8566525215837,147.05729618861776,-17.50921948864592,-112.741602698657,2200.0,20.0,20.0,107.89507579803467,-27.73585697722473
885,8.85,-6.295363810289021,8.404712003606699,16.95131547531374,148.60188249069594,-18.59190819831316,-114.26877337830095,2200.0,20.0,20.0,107.88610553741455,-27.84628644323282
886,8.86,-6.3753418356743055,8.484288922246549,17.04488856350099,150.1957019683667,-19.605013616253448,-115.85457016825589,2200.0,20.0,20.0,107.87713527679443,-27.955465995495484
887,8.870000000000001,-6.456093526836746,8.56380481291527,17.1373604499432,151.83710420322012,-20.54543539613921,-117.497510504442,2200.0,20.0,20.0,107.86816501617432,-28.063385130393677
888,8.88,-6.537601731236724,8.643244486005699,17.228720191522694,153.52390558615002,-21.410144654294864,-119.19559792644571,2200.0,20.0,20.0,107.8591947555542,-28.17003270392746
889,8.89,-6.619849029857519,8.722592790710284,17.318957241434116,155.2533621434878,-22.196222220857102,-120.94629536233062,2200.0,20.0,20.0,107.85022449493408,-28.275396956117238
890,8.9,-6.702817743354408,8.801834620461356,17.40806145228064,157.02215347580798,-22.90089947375788,-122.74650962883656,2200.0,20.0,20.0,107.84125423431396,-28.379465537680453
891,8.91,-6.7864899382719495,8.88095491833491,17.496023079039226,158.82638023152128,-23.521600798342718,-124.59258957039569,2200.0,20.0,20.0,107.83228397369385,-28.482225538911983
892,8.92,-6.870847433327557,8.9599386824165,17.582832781895466,160.66157717411545,-24.05598647886316,-126.48033989818393,2200.0,20.0,20.0,107.82331371307373,-28.583663520701528
893,8.93,-6.955871805759483,9.03877097112802,17.668481628948633,162.52274330421355,-24.50199462895086,-128.4050521937503,2200.0,20.0,20.0,107.81434345245361,-28.6837655476001
894,8.94,-7.041544397737415,9.117436908514065,17.752961098787484,164.40438967777007,-24.85788063182461,-130.3615537229423,2200.0,20.0,20.0,107.8053731918335,-28.782517222867558
895,8.950000000000001,-7.127846322833903,9.195921689486672,17.836263082937432,166.3006045635888,-25.12225251078317,-132.34427370875457,2200.0,20.0,20.0,107.79640293121338,-28.8799037254009
896,8.96,-7.214758472554918,9.274210585027326,17.918379888179675,168.20513448260002,-25.29410070417826,-134.34732561204524,2200.0,20.0,20.0,107.78743267059326,-28.975909848454577
897,8.97,-7.302261522927855,9.352288947345077,17.999304238742887,170.11147856965997,-25.372820884926345,-136.36460286850715,2200.0,20.0,20.0,107.77846240997314,-29.070520040058728
898,8.98,-7.390335941145368,9.430142214989722,18.079029278368026,172.0129927116335,-25.35822873906797,-138.38988454446962,2200.0,20.0,20.0,107.76949214935303,-29.16371844502657
899,8.99,-7.478961992263442,9.507755917919035,18.157548572246885,173.9029991560869,-25.25056598427504,-140.41694661591328,2200.0,20.0,20.0,107.76052188873291,-29.255488948454083
900,9.0,-7.568119745952178,9.585115682519028,18.23485610883489,175.77489684501907,-25.050497339052868,-142.43967413652805,2200.0,20.0,20.0,107.7515516281128,-29.345815220595142
901,9.01,-7.657789083297782,9.662207236576322,18.310946301538735,177.62226766276052,-24.759098609589007,-144.45216949681165,2200.0,20.0,20.0,107.74258136749268,-29.434680763002692
902,9.02,-7.747949703654321,9.739016414201688,18.385813990279356,179.43897410461398,-24.377836503000864,-146.44885229520867,2200.0,20.0,20.0,107.73361110687256,-29.52206895582061
903,9.03,-7.838581131543787,9.815529160703901,18.459454442930774,-178.78075546710633,-23.90854116437189,-148.42454700410582,2200.0,20.0,20.0,107.72464084625244,-29.607963106104595
904,9.040000000000001,-7.929662723603141,9.891731537413035,18.531863356635263,-177.04225689151122,-23.353372738898283,-150.37455553684006,2200.0,20.0,20.0,107.71567058563232,-29.692346497055343
905,9.05,-8.021173675576948,9.967609726452368,18.603036858995278,-175.35037743899065,-22.714783459273214,-152.29471289887493,2200.0,20.0,20.0,107.7067003250122,-29.775202438035315
906,9.06,-8.113093029354282,10.043150035458124,18.672971509142627,-173.7094409277629,-21.99547684460038,-154.1814252202241,2200.0,20.0,20.0,107.69773006439209,-29.85651431524725
907,9.07,-8.205399680048655,10.118338902246267,18.741664298685208,-172.12323041194747,-21.198365575679023,-156.03169050914082,2200.0,20.0,20.0,107.68875980377197,-29.936265642947124
908,9.08,-8.298072383119658,10.193162899425564,18.809112652531706,-170.59498724207714,-20.32652949775202,-157.8431033537559,2200.0,20.0,20.0,107.67978954315186,-30.014440115061372
909,9.09,-8.391089761535092,10.267608738956236,18.875314429594546,-169.12742462638116,-19.383175017945305,-159.6138454739283,2200.0,20.0,20.0,107.67081928253174,-30.091021657080425
910,9.1,-8.48443031297239,10.341663276653438,18.940267923371415,-167.7227533823427,-18.371596935866183,-161.34266446774245,2200.0,20.0,20.0,107.66184902191162,-30.165994478098316
911,9.11,-8.578072417058099,10.415313516634882,19.003971862405542,-166.38271735676233,-17.29514349695321,-163.0288433119961,2200.0,20.0,20.0,107.6528787612915,-30.239343122873482
912,9.120000000000001,-8.671994342644254,10.488546615711899,19.066425410625,-165.1086359809033,-16.1571852108226,-164.6721631916828,2200.0,20.0,20.0,107.64390850067139,-30.31105252376471
913,9.13,-8.766174255120454,10.561349887723297,19.127628167561134,-163.9014515740934,-14.961087747917283,-166.27286209105887,2200.0,20.0,20.0,107.63493824005127,-30.38110805243812
914,9.14,-8.860590223760502,10.633710807811294,19.18758016844627,-162.76177926806295,-13.710189028720288,-167.8315913247733,2200.0,20.0,20.0,107.62596797943115,-30.449495571191786
915,9.15,-8.955220229102403,10.705617016638904,19.24628188419078,-161.68995775035648,-12.40778045697319,-169.34937186666627,2200.0,20.0,20.0,107.61699771881104,-30.516201483781305
916,9.16,-9.050042170360605,10.777056324548072,19.303734221239488,-160.68609937920016,-11.057092123623592,-170.82755198542134,2200.0,20.0,20.0,107.60802745819092,-30.581212785623215
917,9.17,-9.14503387286929,10.848016715657954,19.3599385213075,-159.7501385733393,-9.661281720143533,-172.267767351159,2200.0,20.0,20.0,107.5990571975708,-30.644517113241747
918,9.18,-9.240173095555555,10.918486351902638,19.414896560995302,-158.8818777065336,-8.223426844675702,-173.67190445729025,2200.0,20.0,20.0,107.59008693695068,-30.706102792842888
919,9.19,-9.33543753844133,10.988453577007663,19.468610551283096,-158.08103002385243,-6.746520357157856,-175.04206792122497,2200.0,20.0,20.0,107.58111667633057,-30.765958887892296
920,9.200000000000001,-9.430804850172796,11.057906920404678,19.52108313690423,-157.34725933884613,-5.233468434679494,-176.38055199254262,2200.0,20.0,20.0,107.57214641571045,-30.824075245576786
921,9.21,-9.526252635576164,11.126835101083563,19.572317395597526,-156.68021646560703,-3.687090990486079,-177.68981640932094,2200.0,20.0,20.0,107.56317615509033,-30.880442542040946
922,9.22,-9.621758463238523,11.195227031381357,19.62231683723829,-156.0795724899121,-2.1101241444634886,-178.97246659995264,2200.0,20.0,20.0,107.55420589447021,-30.935052326276466
923,9.23,-9.717299873112577,11.263071820707287,19.671085402847766,-155.54504909352886,-0.5052244654595798,179.76876187577392,2200.0,20.0,20.0,107.5452356338501,-30.987897062563853
924,9.24,-9.812854384143957,11.33035877920322,19.718627463480733,-155.07644622097362,1.1250252568539778,178.5310148224695,2200.0,20.0,20.0,107.53626537322998,-31.03897017135433
925,9.25,-9.908399501919826,11.397077421338839,19.764947818990887,-154.67366742434663,2.7781089132898718,177.3113270606668,2200.0,20.0,20.0,107.52729511260986,-31.08826606849649
926,9.26,-10.003912726337427,11.463217469440826,19.810051696673703,-154.33674324479279,4.45156881236099,176.10662647486404,2200.0,20.0,20.0,107.51832485198975,-31.13578020270598
927,9.27,-10.099371559291251,11.528768857155326,19.853944749786315,-154.06585299335794,6.142996377067554,174.91373470604677,2200.0,20.0,20.0,107.50935459136963,-31.181509091183674
928,9.28,-10.194753512377353,11.593721732842951,19.896633055944047,-153.86134528325124,7.850021887590678,173.72936473446345,2200.0,20.0,20.0,107.50038433074951,-31.22545035330081
929,9.290000000000001,-10.290036114613423,11.658066462905571,19.938123115393108,-153.7237576424273,9.570303321114295,172.55011559192272,2200.0,20.0,20.0,107.4914140701294,-31.267602742257047
930,9.3,-10.385196920173081,11.721793635044131,19.978421849158977,-153.65383550143662,11.30151430737988,171.3724644366047,2200.0,20.0,20.0,107.48244380950928,-31.30796617464226
931,9.31,-10.480213516132878,11.784894061446678,20.01753659707001,-153.65255080694726,13.04133118860202,170.1927562217486,2200.0,20.0,20.0,107.47347354888916,-31.34654175782159
932,9.32,-10.575063530230391,11.84735878190585,20.055475115655703,-153.72112045524779,14.787419145161044,169.0071911970653,2200.0,20.0,20.0,107.46450328826904,-31.3833318150755
933,9.33,-10.669724638631777,11.90917906686495,20.09224557591913,-153.86102467011713,16.5374173242558,167.81181050311716,2200.0,20.0,20.0,107.45553302764893,-31.41833990843333
934,9.34,-10.764174573707084,11.970346420391808,20.127856560982973,-154.0740253619849,18.288922887848294,166.60248015963293,2200.0,20.0,20.0,107.44656276702881,-31.45157085914458
935,9.35,-10.858391131811539,12.030852583079557,20.162317063608608,-154.36218439499007,20.039473879452235,165.3748738152255,2200.0,20.0,20.0,107.43759250640869,-31.483030765730216
936,9.36,-10.952352181071019,12.090689534873473,20.19563648358768,-154.72788154830099,21.786530797765806,164.1244547259602,2200.0,20.0,20.0,107.42862224578857,-31.51272701957025
937,9.370000000000001,-11.046035669169804,12.149849497822975,20.227824625005628,-155.17383177881763,23.527456760583288,162.84645757305583,2200.0,20.0,20.0,107.41965198516846,-31.540668317984487
938,9.38,-11.139419631138654,12.208324938757883,20.25889169337655,-155.70310116293743,25.259496147424088,161.53587092695204,2200.0,20.0,20.0,107.41068172454834,-31.566864674780128
939,9.39,-11.232482197141213,12.266108571888028,20.288848292648932,-156.31912060206838,26.97975162755162,160.18742142930287,2200.0,20.0,20.0,107.40171146392822,-31.591327428223423
940,9.4,-11.325201600256639,12.323193361325258,20.31770542208161,-157.0256960047717,28.685159516565427,158.79556111117947,2200.0,20.0,20.0,107.3927412033081,-31.61406924642325
941,9.41,-11.417556184256322,12.37957252352691,20.345474472989515,-157.82701319148245,30.37246346628352,157.3544597109536,2200.0,20.0,20.0,107.38377094268799,-31.63510413010308
942,9.42,-11.50952441137244,12.435239529659775,20.372167225358663,-158.72763519001748,32.038186587993096,155.85800441434415,2200.0,20.0,20.0,107.37480068206787,-31.654447412754987
943,9.43,-11.601084870056091,12.490188107883563,20.397795844329856,-159.7324888897342,33.678602249453135,154.29981012342782,2200.0,20.0,20.0,107.36583042144775,-31.67211575816733
944,9.44,-11.692216282722583,12.54441224555291,20.422372876550718,-160.84683719674769,35.28970398476697,152.67324417324383,2200.0,20.0,20.0,107.35686016082764,-31.6881271553272
945,9.450000000000001,-11.782897513481508,12.597906191336891,20.445911246395557,-162.07623189749515,36.86717522891813,150.9714703382169,2200.0,20.0,20.0,107.34788990020752,-31.70250091070505
946,9.46,-11.873107575849001,12.650664457255058,20.46842425205274,-163.4264414394267,38.40635995177759,149.18751795943308,2200.0,20.0,20.0,107.3389196395874,-31.71525763793562
947,9.47,-11.962825640439663,12.702681820628957,20.48992556147913,-164.90334687064066,39.902235734596815,147.3143829826561,2200.0,20.0,20.0,107.32994937896729,-31.726419244910954
948,9.48,-12.052031042635448,12.753953325948125,20.510429208221364,-166.51279841137065,41.34939141437001,145.34516845913834,2200.0,20.0,20.0,107.32097911834717,-31.736008918311825
949,9.49,-12.140703290228796,12.804474286649507,20.529949587103662,-168.260424822945,42.742012113956996,143.2732723629788,2200.0,20.0,20.0,107.31200885772705,-31.744051105608644
950,9.5,-12.228822071037168,12.854240286809267,20.548501449781966,-170.1513882768585,44.07387525102626,141.0926300371801,2200.0,20.0,20.0,107.30303859710693,-31.75057149456666
951,9.51,-12.316367260486151,12.903247182745982,20.56609990016428,-172.19007931568737,45.33836191196099,138.7980166877234,2200.0,20.0,20.0,107.29406833648682,-31.755596990296876
952,9.52,-12.403318929158134,12.951491104534135,20.58276038969709,-174.37975034020613,46.52848866998083,136.3854114993196,2200.0,20.0,20.0,107.2850980758667,-31.75915568990401
953,9.53,-12.489657350303556,12.998968457426908,20.598498712517863,-176.72209245018317,47.63696533503192,133.8524185509543,2200.0,20.0,20.0,107.27612781524658,-31.761276854778988
954,9.540000000000001,-12.57536300731163,13.045675923187234,20.613331000473682,-179.21676980635127,48.65628399082528,131.19873036740037,2200.0,20.0,20.0,107.26715755462646,-31.761990880600226
955,9.55,-12.660416601137374,13.091610461326074,20.627273718006116,178.13906214572037,49.57884369346368,128.42660776814623,2200.0,20.0,20.0,107.25818729400635,-31.7613292651059
956,9.56,-12.744799057681737,13.136769310246912,20.64034365690253,175.3512142570409,50.39711307020386,125.5413356819585,2200.0,20.0,20.0,107.24921703338623,-31.759324573704877
957,9.57,-12.828491535121527,13.181149988295477,20.652557930914135,172.42884318613065,51.103829563440534,122.5516010514924,2200.0,20.0,20.0,107.24024677276611,-31.756010403005675
958,9.58,-12.91147543118579,13.224750294713665,20.663933970241132,169.38468948021915,51.692229257322765,119.4697294682756,2200.0,20.0,20.0,107.231276512146,-31.75142134234232
959,9.59,-12.993732390375254,13.267568310496719,20.67448951588543,166.23510992922542,52.15629553952988,116.31171623976185,2200.0,20.0,20.0,107.22230625152588,-31.745592933381037
960,9.6,-13.075244311121324,13.30960239915269,20.684242613871437,162.99985163515868,52.49100920076363,113.09699933003898,2200.0,20.0,20.0,107.21333599090576,-31.738561627900925
961,9.61,-13.155993352881213,13.350851207363242,20.693211609335666,159.70154157257102,52.692578271392854,109.84794794867358,2200.0,20.0,20.0,107.20436573028564,-31.73036474384678
962,9.620000000000001,-13.235961943165526,13.391313665544917,20.70141514048582,156.36490418070636,52.758624357261986,106.58907932720616,2200.0,20.0,20.0,107.19539546966553,-31.721040419749613
963,9.63,-13.315132784494788,13.43098898830991,20.708872132430244,153.01576371459944,52.6883045145725,103.34606040953265,2200.0,20.0,20.0,107.18642520904541,-31.710627567626226
964,9.64,-13.393488861281222,13.469876674825562,20.7156017908787,149.67992709528747,52.48235398363499,100.14459019549497,2200.0,20.0,20.0,107.1774549484253,-31.699165824468583
965,9.65,-13.471013446632096,13.507976509071696,20.72162359571558,146.3820660132673,52.143044444031716,97.00928149122073,2200.0,20.0,20.0,107.16848468780518,-31.686695502435114
966,9.66,-13.547690109070913,13.545288559995026,20.72695729444662,143.14471717110555,51.6740629564671,93.96266095181213,2200.0,20.0,20.0,107.15951442718506,-31.673257537869887
967,9.67,-13.623502719172714,13.581813181559857,20.73162289552056,139.98749676033424,51.08032613305022,91.02438351153019,2200.0,20.0,20.0,107.15054416656494,-31.658893439271218
968,9.68,-13.69843545610969,13.617551012694381,20.73564066152702,136.92658637433013,50.36775041463957,88.21071840353325,2200.0,20.0,20.0,107.14157390594482,-31.643645234339647
969,9.69,-13.772472814103327,13.652502977131872,20.73903110227225,133.9745033672306,49.54300167567079,85.53431977993974,2200.0,20.0,20.0,107.1326036453247,-31.62755541624192
970,9.700000000000001,-13.845599608779262,13.686670283146153,20.741814967734264,131.14012979811747,48.613245894510484,83.00425607252616,2200.0,20.0,20.0,107.12363338470459,-31.61066688922763
971,9.71,-13.91780098342101,13.720054423180743,20.74401324089927,128.42894761036587,47.58591836044624,80.62624574539736,2200.0,20.0,20.0,107.11466312408447,-31.593022913737776
972,9.72,-13.989062415118768,13.752657173371144,20.74564713048118,125.84341580089176,46.468523253158914,78.40303519614224,2200.0,20.0,20.0,107.10569286346436,-31.574667051156723
973,9.73,-14.05936972080943,13.784480592959786,20.74673806352626,123.38342615395047,45.26846974229334,76.33485538222739,2200.0,20.0,20.0,107.09672260284424,-31.555643108352143
974,9.74,-14.128709063203983,13.81552702360319,20.74730767790506,121.04678352942985,43.99294593208143,74.41990316494842,2200.0,20.0,20.0,107.08775234222412,-31.535995082156433
975,9.75,-14.19706695659849,13.845799088570963,20.747377814693895,118.82967021627671,42.648828462508064,72.6548068841829,2200.0,20.0,20.0,107.078782081604,-31.51576710394647
976,9.76,-14.264430272564827,13.875299691836336,20.746970510448207,116.7270678641338,41.24262342269634,71.03504967978695,2200.0,20.0,20.0,107.06981182098389,-31.495003384479954
977,9.77,-14.330786245517405,13.904032017057931,20.746107989370433,114.7331227075624,39.780433234404875,69.55533627684675,2200.0,20.0,20.0,107.06084156036377,-31.473748159144584
978,9.78,-14.396122478152108,13.931999526452636,20.744812655374897,112.84144917105264,38.26794401878016,68.20989832578547,2200.0,20.0,20.0,107.05187129974365,-31.452045633788543
979,9.790000000000001,-14.460426946753717,13.95920595955936,20.743107084052575,111.04537336810537,36.71042835945089,66.99273981323113,2200.0,20.0,20.0,107.04290103912354,-31.42993993129393
980,9.8,-14.523688006368129,13.985655331893721,20.74101401453856,109.33812187675355,35.11275906333384,65.89782792828909,2200.0,20.0,20.0,107.03393077850342,-31.407475039056333
981,9.81,-14.585894395835718,14.011351933493538,20.738556341285307,107.7129630831146,33.47943031141559,64.91923667752866,2200.0,20.0,20.0,107.0249605178833,-31.384694757543375
982,9.82,-14.647035242682243,14.03630032735533,20.73575710574468,106.16330893608897,31.81458336655239,64.05125109270234,2200.0,20.0,20.0,107.01599025726318,-31.361642650092286
983,9.83,-14.707100067863736,14.060505347761849,20.732639487962157,104.68278465929983,30.122034698575103,63.28843957706744,2200.0,20.0,20.0,107.00701999664307,-31.338361994126885
984,9.84,-14.766078790361895,14.083972098500983,20.72922679808649,103.2652732049992,28.40530497074944,62.62570117329897,2200.0,20.0,20.0,106.99804973602295,-31.314895733947523
985,9.85,-14.823961731669474,14.106705950929408,20.725542467729767,101.90494146984388,26.667647793461747,62.0582927958834,2200.0,14.79114294052124,20.0,106.98907947540283,-31.29128569956278
986,9.86,-14.880739619802014,14.128712541783157,20.721610041210944,100.59626000465384,24.91207799972338,61.581836999542695,2200.0,9.009317755699158,20.0,106.98010921478271,-31.267572105511274
987,9.870000000000001,-14.936403592340628,14.149997770254187,20.717453166507973,99.33402328775959,23.141399417963715,61.19231466259955,2200.0,3.1508487462997437,20.0,106.9711389541626,-31.243792313709207
988,9.88,-14.990945198770401,14.170567793653303,20.713095584968578,98.1133735063378,21.358230133650114,60.886054258441106,2200.0,-2.7506548166275024,20.0,106.96216869354248,-31.219978027126036
989,9.89,-15.044356399997197,14.190429021580119,20.708561122911107,96.92982315341753,19.565024211641337,60.65973586134402,2200.0,-8.594034314155579,20.0,106.95319843292236,-31.196170733912783
990,9.9,-15.096629574397582,14.209588109591262,20.703873673634178,95.77911184898348,17.764087569152483,60.510404060148495,2200.0,-14.359266757965088,20.0,106.94422817230225,-31.172409180848415
991,9.91,-15.147757525034143,14.22805195766522,20.699057186038946,94.65712478357025,15.957595653154629,60.43545753151391,2200.0,-20.0,20.0,106.93525791168213,-31.148745223110915
992,9.92,-15.197733483042374,14.245827709080308,20.69413565517741,93.55993821211327,14.147614348971542,60.43262082321016,2200.0,-20.0,20.0,106.92628765106201,-31.12521909208921
993,9.93,-15.246551112111893,14.262922749293173,20.689133111634042,92.48381404542218,12.336117385396038,60.499918489135844,2200.0,-20.0,20.0,106.9173173904419,-31.10186901829069
994,9.94,-15.294204510837151,14.279344703869778,20.684073610981958,91.4251759493283,10.525002075789072,60.63565225245484,2200.0,-20.0,20.0,106.90834712982178,-31.078733258611678
995,9.950000000000001,-15.34068821456881,14.295101436224238,20.678981223990164,90.38059416139004,8.716103092805804,60.83838532546733,2200.0,-20.0,20.0,106.89937686920166,-31.055848648662202
996,9.96,-15.385997197159078,14.310201045151233,20.673880027093578,89.34677335872733,6.911204926547804,61.10693022089446,2200.0,-20.0,20.0,106.89040660858154,-31.033250709422266
997,9.97,-15.430126872340646,14.324651862034537,20.66879409306187,88.3205405412341,5.112053479773033,61.440337646647606,2200.0,-20.0,20.0,106.88143634796143,-31.010973850509362
998,9.98,-15.473073094805954,14.33846244781992,20.66374748178806,87.29883236851528,3.3203669830007443,61.83788541715355,2200.0,-20.0,20.0,106.87246608734131,-30.98905153473757
999,9.99,-15.51483216104335,14.351641589829137,20.658764231146545,86.27868235903492,1.5378462867828158,62.29906714907264,2200.0,-20.0,20.0,106.86349582672119,-30.96751638230337
1000,10.0,-15.555400809966118,14.364198298465096,20.653868347894363,85.25720856223104,-0.2338154453710586,62.823580847810504,2200.0,-20.0,20.0,106.85452556610107,-30.94640023037144
1001,10.01,-15.594776223354067,14.376141803835388,20.649083798606316,84.23160223069219,-1.9929236173727825,63.411317523750846,2200.0,-20.0,20.0,106.84555530548096,-30.925734168126375
1002,10.02,-15.63295602611726,14.387481552306605,20.644434500644422,83.19911787635007,-3.737773621749483,64.06234988131654,2200.0,-20.0,20.0,106.83658504486084,-30.905548562739092
1003,10.03,-15.669938286386154,14.39822720299395,20.63994431316644,82.15706497802375,-5.466642770435647,64.77692100439502,2200.0,-20.0,20.0,106.82761478424072,-30.88587308634499
1004,10.040000000000001,-15.70572151542994,14.408388624187328,20.635637028179445,81.10280153943091,-7.177782713867319,65.55543286130217,2200.0,-20.0,20.0,106.8186445236206,-30.86673675006645
1005,10.05,-15.74030466740392,14.417975889714278,20.631536361644407,80.03372967242845,-8.869412343211357,66.39843437969161,2200.0,-20.0,20.0,106.80967426300049,-30.848167948615504
1006,10.06,-15.773687138926784,14.426999275240432,20.627665944636792,78.94729338683024,-10.53971119056458,67.30660879125419,2200.0,-20.0,20.0,106.80070400238037,-30.830194517890984
1007,10.07,-15.80586876848872,14.435469254508611,20.62404931456783,77.84097879265917,-12.186813364449533,68.28075990975493,2200.0,-20.0,20.0,106.79173374176025,-30.812843807843386
1008,10.08,-15.836849835691728,14.443396495518249,20.620709906470317,76.71231695297402,-13.808802082402922,69.32179697799312,2200.0,-20.0,20.0,106.78276348114014,-30.796142773426453
1009,10.09,-15.866631060323614,14.450791856647019,20.617671044352573,75.55888965831396,-15.403704888831353,70.43071769684656,2200.0,-20.0,20.0,106.77379322052002,-30.7801180874529
1010,10.1,-15.89521360126748,14.457666382716711,20.614955932623975,74.3783384221257,-16.96948967466403,71.60858903275086,2200.0,-20.0,20.0,106.7648229598999,-30.764796280563807
1011,10.11,-15.922599055248602,14.464031301005432,20.612587647595227,73.16837701586076,-18.504061645565766,72.8565253911296,2200.0,-20.0,20.0,106.75585269927979,-30.750203915349644
1012,10.120000000000001,-15.948789455420727,14.469898017208108,20.610589129056468,71.926807868145,-20.005261417255728,74.17566374656172,2200.0,-20.0,20.0,106.74688243865967,-30.736367804058077
1013,10.13,-15.973787269793982,14.47527811134731,20.6089831719362,70.65154263917346,-21.470864449025054,75.56713534137661,2200.0,-20.0,20.0,106.73791217803955,-30.72331528249805
1014,10.14,-15.9975953995066,14.480183333636305,20.60779241804387,69.34062724290857,-22.89858205861305,77.03203360958852,2200.0,-20.0,20.0,106.72894191741943,-30.71107455695644
1015,10.15,-16.02021717694281,14.48462560029619,20.607039347898883,67.99227151846137,-24.286064291305493,78.57137806019576,2200.0,-20.0,20.0,106.71997165679932,-30.699675146464045
1016,10.16,-16.041656363699254,14.488616989328975,20.606746272648603,66.60488364029666,-25.630904940936738,80.1860739709681,2200.0,-20.0,20.0,106.7110013961792,-30.68914844985723
1017,10.17,-16.061917148402394,14.492169736248384,20.606935326077924,65.17710919677477,-26.930649037068363,81.87686790887051,2200.0,-20.0,20.0,106.70203113555908,-30.679528475821858
1018,10.18,-16.08100414437941,14.495296229770165,20.607628456712714,63.707874651233375,-28.18280311692675,83.64429931305456,2200.0,-20.0,20.0,106.69306087493896,-30.670852783933952
1019,10.19,-16.098922387185063,14.49800900746361,20.608847420019483,62.196434625052056,-29.38484858793052,85.48864865518553,2200.0,-20.0,20.0,106.68409061431885,-30.663163693632168
1020,10.200000000000001,-16.115677331987158,14.500320751365994,20.610613770703345,60.642422108000545,-30.53425845160006,87.40988302969747,2200.0,-20.0,20.0,106.67512035369873,-30.656509820762523
1021,10.21,-16.131274850813174,14.50224428356161,20.612948855106392,59.04590031424467,-31.62851759702137,89.40760041680477,2200.0,-20.0,20.0,106.66615009307861,-30.650947985757625
1022,10.22,-16.14572122966063,14.503792561726998,20.615873803708354,57.407414478045176,-32.66514677711471,91.48097428838705,2200.0,-20.0,20.0,106.6571798324585,-30.646545478921514
1023,10.23,-16.159023165473894,14.504978674643974,20.619409523731417,55.72804144756315,-33.64173025043507,93.62870066509933,2200.0,-20.0,20.0,106.64820957183838,-30.64338252133445
1024,10.24,-16.17118776298998,14.505815837682016,20.62357669185086,54.00943452625969,-34.55594690428127,95.84895014428355,2200.0,-20.0,20.0,106.63923931121826,-30.64155445507494
1025,10.25,-16.182222531456055,14.506317388251523,20.628395747013222,52.25386067846368,-35.40560447434559,98.13932775318466,2200.0,-20.0,20.0,106.63026905059814,-30.64117266375544
1026,10.26,-16.192135381221224,14.506496781229398,20.63388688336342,50.46422701665248,-36.18867624945205,100.49684368274715,2200.0,-20.0,20.0,106.62129878997803,-30.642362497062045
1027,10.27,-16.2009346202053,14.506367584358456,20.640070043282304,48.6440934835011,-36.90333941006911,102.91789796326566,2200.0,-20.0,20.0,106.61232852935791,-30.645255927219072
1028,10.28,-16.20862895024709,14.505943473621981,20.646964910535978,46.79766888666045,-37.54801391460058,105.39828189954638,2200.0,-20.0,20.0,106.6033582687378,-30.649977271002072
1029,10.290000000000001,-16.215227463334895,14.505238228594855,20.654590903538082,44.92978797656411,-38.1214006409924,107.93319855199158,2200.0,-20.0,20.0,106.59438800811768,-30.656623249132394
1030,10.3,-16.22073963772177,14.504265727772566,20.662967168726265,43.04586808698234,-38.62251733858083,110.51730372152234,2200.0,-20.0,20.0,106.58541774749756,-30.66524350253214
1031,10.31,-16.22517533392811,14.503039943879354,20.672112574053855,41.15184495598343,-39.050730871503404,113.1447677990828,2200.0,-20.0,20.0,106.57644748687744,-30.67583060871523
1032,10.32,-16.228544790634103,14.501574939156784,20.68204570259773,39.25408863966294,-39.405784261164015,115.80935754641034,2200.0,-20.0,20.0,106.56747722625732,-30.68832514316016
1033,10.33,-16.230858620464613,14.49988486063391,20.692784846283335,37.359301809921966,-39.68781717346545,118.50453549636615,2200.0,-20.0,20.0,106.5585069656372,-30.702632937665726
1034,10.34,-16.232127805668895,14.497983935380246,20.70434799972767,35.47440404867455,-39.89737874718615,121.2235733404686,2200.0,-20.0,20.0,106.54953670501709,-30.71864587795962
1035,10.35,-16.23236369369768,14.495886465742624,20.71675285420101,33.60640686200212,-40.03543200960496,123.9596745605187,2200.0,-20.0,20.0,106.54056644439697,-30.73625860333629
1036,10.36,-16.231577992679924,14.493606824567074,20.730016791708056,31.76228490109553,-40.103349547553435,126.70610079822968,2200.0,-20.0,20.0,106.53159618377686,-30.755378243336214
1037,10.370000000000001,-16.229782766801726,14.491159450406778,20.7441568791892,29.948849193086467,-40.10290055930324,129.45629614084731,2200.0,-20.0,20.0,106.52262592315674,-30.77592813691392
1038,10.38,-16.22699043158961,14.488558842717103,20.75918986284249,28.17262801197301,-40.03622986239261,132.20400367399645,2200.0,-20.0,20.0,106.51365566253662,-30.797847792458995
1039,10.39,-16.223213749100548,14.485819557038724,20.77513216256673,26.439760380927446,-39.90582983264669,134.94336929230712,2200.0,-20.0,20.0,106.5046854019165,-30.821091061387623
1040,10.4,-16.218465823020892,14.48295620016979,20.791999866526382,24.75590617625451,-39.71450656499272,137.6690287798751,2200.0,-20.0,20.0,106.49571514129639,-30.845623764189607
1041,10.41,-16.21276009367644,14.47998342532805,20.809808725838508,23.126175528994896,-39.465341753452925,140.3761754474841,2200.0,-20.0,20.0,106.48674488067627,-30.871421392509248
1042,10.42,-16.206110332955735,14.476915927303844,20.828574149382277,21.555078843238103,-39.161651876179,143.06060699120715,2200.0,-20.0,20.0,106.47777462005615,-30.89846713267804
1043,10.43,-16.198530639148714,14.47376843760482,20.848311198731366,20.046497418008038,-38.80694624582693,145.71875157015327,2200.0,-20.0,20.0,106.46880435943604,-30.92675026308195
1044,10.44,-16.190035431702707,14.470555719593227,20.869034583209533,18.60367349496713,-38.404885361966976,148.34767426695066,2200.0,-20.0,20.0,106.45983409881592,-30.956264894792174
1045,10.450000000000001,-16.18063944589778,14.467292563616594,20.8907586550697,17.22921764165155,-37.9592408044813,150.9450660085676,2200.0,-20.0,20.0,106.4508638381958,-30.98700899802552
1046,10.46,-16.170357727443303,14.463993782132565,20.913497404796782,15.925130760618107,-37.473857662562985,153.50921764623743,2200.0,-20.0,20.0,106.44189357757568,-31.01898365520704
1047,10.47,-16.15920562699769,14.460674204828706,20.937264456534546,14.6928376895886,-36.95262023003841,156.03898222075574,2200.0,-20.0,20.0,106.43292331695557,-31.05219248902107
1048,10.48,-16.147198794613008,14.457348673737988,20.962073063636634,13.533229295602114,-36.39942143781556,158.53372850414317,2200.0,-20.0,20.0,106.42395305633545,-31.08664122370922
1049,10.49,-16.13435317410634,14.4540320383507,20.98793610434206,12.446710116293946,-35.818136256382715,160.9932887616875,2200.0,-20.0,20.0,106.41498279571533,-31.1223373471129
1050,10.5,-16.120684997359483,14.45073915072352,21.014866077575295,11.433248903759083,-35.212599097413154,163.41790337969292,2200.0,-20.0,20.0,106.40601253509521,-31.159289848658826
1051,10.51,-16.106210778548707,14.447484860586394,21.042875098871185,10.492429821642872,-34.58658507982214,165.80816461329405,2200.0,-20.0,20.0,106.3970422744751,-31.197509014551233
1052,10.52,-16.090947308306138,14.444284010448007,21.071974896424837,9.623502481889691,-33.94379490334359,168.16496127770736,2200.0,-20.0,20.0,106.38807201385498,-31.237006266067358
1053,10.53,-16.074911647814318,14.441151430700417,21.102176807266655,8.825429442527646,-33.28784298948652,170.48942577674515,2200.0,-20.0,20.0,106.37910175323486,-31.277794030354645
1054,10.540000000000001,-16.058121122835413,14.43810193472363,21.13349177356276,8.096930192399078,-32.622248500896745,172.78288446388996,2200.0,-20.0,20.0,106.37013149261475,-31.319885635731225
1055,10.55,-16.040593317676535,14.435150313990698,21.165930339040898,7.436521004493249,-31.95042882977106,175.04681198205756,2200.0,-20.0,20.0,106.36116123199463,-31.36329522544877
1056,10.56,-16.02234606909254,14.432311333174098,21.199502645542108,6.84255033752491,-31.275695147831897,177.28278993730052,2200.0,-20.0,20.0,106.35219097137451,-31.408037685328093
1057,10.57,-16.003397460127676,14.429599725253981,21.234218429698284,6.313229703827904,-30.601249628563053,179.4924700308442,2200.0,-20.0,20.0,106.3432207107544,-31.454128581762983
1058,10.58,-15.983765813897334,14.427030186628997,21.2700870197359,5.846660103658564,-29.930183981729225,-178.32245840026545,2200.0,-20.0,20.0,106.33425045013428,-31.501584107413784
1059,10.59,-15.963469687311221,14.4246173722304,21.307117332406076,5.4408542577656105,-29.26547897633569,-176.16029660726366,2200.0,-20.0,20.0,106.32528018951416,-31.550421032523108
1060,10.6,-15.942527864739104,14.422375890640064,21.345317870041303,5.09375495920048,-28.610004667728646,-174.01936067285106,2200.0,-20.0,20.0,106.31630992889404,-31.600656660258938
1061,10.61,-15.920959351620336,14.420320299213136,21.384696717739004,4.8032499197368885,-27.96652108495498,-171.8980020742331,2200.0,-20.0,20.0,106.30733966827393,-31.652308784852377
1062,10.620000000000001,-15.898783368018298,14.418465099206038,21.425261540672324,4.567183513468968,-27.337679174003423,-169.7946248864851,2200.0,-20.0,20.0,106.29836940765381,-31.705395651567105
1063,10.63,-15.87601934212085,14.416824730910507,21.46701958152835,4.383365826841479,-26.7260218299588,-167.70769994663738,2200.0,-20.0,20.0,106.28939914703369,-31.759935917759318
1064,10.64,-15.852686903687879,14.415413568794456,21.509977658074224,4.249579416162958,-26.133984885719247,-165.6357762849713,2200.0,-20.0,20.0,106.28042888641357,-31.81594861444998
1065,10.65,-15.828805877446964,14.41424591665036,21.55414216085137,4.163584155131873,-25.563897956401433,-163.57749010721056,2200.0,-20.0,20.0,106.27145862579346,-31.873453107963726
1066,10.66,-15.80439627643822,14.413336002752002,21.599519050998357,4.123120529602426,-25.017985066784686,-161.53157158345593,2200.0,-20.0,20.0,106.26248836517334,-31.932469061294363
1067,10.67,-15.779478295309273,14.41269797502033,21.64611385820275,4.125911707385692,-24.498365014172222,-159.4968496698563,2200.0,-20.0,20.0,106.25351810455322,-31.993016394940398
1068,10.68,-15.754072303561376,14.412345896199291,21.69393167878238,4.169664679231838,-24.007051441013594,-157.47225515937012,2200.0,-20.0,20.0,106.2445478439331,-32.05511524701854
1069,10.69,-15.728198838747609,14.412293739042466,21.742977173896595,4.252070734574526,-23.545952610717148,-155.4568221301282,2200.0,-20.0,20.0,106.23557758331299,-32.11878593252128
1070,10.700000000000001,-15.701878599624134,14.412555381511424,21.793254567887892,4.370805502997571,-23.116870896468356,-153.4496879349481,2200.0,-20.0,20.0,106.22660732269287,-32.18404890162676
1071,10.71,-15.675132439255437,14.413144601986685,21.844767646754566,4.523528760225489,-22.721502006728798,-151.45009185411402,2200.0,-20.0,20.0,106.21763706207275,-32.25092469700695
1072,10.72,-15.647981358074484,14.414075074492253,21.897519756754875,4.707884166048678,-22.361433982564265,-149.45737251596861,2200.0,-20.0,20.0,106.20866680145264,-32.31943391010744
1073,10.73,-15.620446496898738,14.41536036393472,21.951513803143374,4.921499071125036,-22.038146011152016,-147.4709641762151,2200.0,-20.0,20.0,106.19969654083252,-32.38959713640426
1074,10.74,-15.592549129902977,14.41701392135793,22.006752249040012,5.161984500152525,-21.753007106833195,-145.49039193697737,2200.0,-20.0,20.0,106.1907262802124,-32.4614349296529
1075,10.75,-15.564310657549855,14.419049079214288,22.06323711443262,5.4269353905407645,-21.507274715973406,-143.51526598028718,2200.0,-20.0,20.0,106.18175601959229,-32.534967755178506
1076,10.76,-15.535752599479125,14.421479046653845,22.120969975313603,5.71393113852059,-21.302093304726988,-141.54527488735297,2200.0,-20.0,20.0,106.17278575897217,-32.61021594225219
1077,10.77,-15.506896587356541,14.424316904832216,22.17995196295135,6.020536478739159,-21.138492989621696,-139.580178114196,2200.0,-20.0,20.0,106.16381549835205,-32.6871996356274
1078,10.78,-15.477764357683387,14.42757560223862,22.240183763297292,6.3443026989423705,-21.017388269759575,-137.61979769538,2200.0,-20.0,20.0,106.15484523773193,-32.76593874631337
1079,10.790000000000001,-15.448377744567614,14.431267950045207,22.301665616529245,6.682769168576727,-20.939576916443674,-135.66400925004345,2200.0,-20.0,20.0,106.14587497711182,-32.846452901668094
1080,10.8,-15.418758672457662,14.435406617478955,22.364397316731846,7.033465139262073,-20.9057390713066,-133.71273236755974,2200.0,-20.0,20.0,106.1369047164917,-32.928761394913124
1081,10.81,-15.388929148839953,14.44000412721748,22.428378211714936,7.393911756357729,-20.91643659767575,-131.76592045329681,2200.0,-20.0,20.0,106.12793445587158,-33.01288313416408
1082,10.82,-15.358911256901203,14.445072850810105,22.493607202970637,7.76162420451057,-20.972112722140917,-129.82355011751798,2200.0,-20.0,20.0,106.11896419525146,-33.098836591086766
1083,10.83,-15.328727148156593,14.450625004125625,22.56008274577001,8.134113896348328,-21.073091994305013,-127.88561019191633,2200.0,-20.0,20.0,106.10999393463135,-33.18663974928778
1084,10.84,-15.298399035045003,14.456672642828186,22.62780284940014,8.5088906025343,-21.219580582740758,-125.95209045815257,2200.0,-20.0,20.0,106.10102367401123,-33.27631005255456
1085,10.85,-15.267949183492485,14.46322765788285,22.69676507754246,8.883464413334188,-21.411666914507745,-124.02297017073089,2200.0,-20.0,20.0,106.09205341339111,-33.36786435305891
1086,10.86,-15.237399905445201,14.470301771092338,22.76696654879324,9.255347416675376,-21.64932265448582,-122.09820645234734,2200.0,-20.0,20.0,106.083083152771,-33.46131885964414
1087,10.870000000000001,-15.20677355137311,14.477906530666605,22.83840393732712,9.622054975340367,-21.93240400952844,-120.17772263338394,2200.0,-20.0,20.0,106.07411289215088,-33.55668908631477
1088,10.88,-15.176092502745744,14.486053306826875,22.911073473704466,9.981106486262831,-22.260653331306475,-118.26139659850227,2200.0,-20.0,20.0,106.06514263153076,-33.653989801046336
1089,10.89,-15.14537916448144,14.494753287445853,22.984970945823573,10.330025507650124,-22.63370098094164,-116.34904919245947,2200.0,-20.0,20.0,106.05617237091064,-33.75323497503875
1090,10.9,-15.114655957371472,14.504017473725831,23.0600917000184,10.666339144518867,-23.05106740833777,-114.44043272456014,2200.0,-20.0,20.0,106.04720211029053,-33.85443773252876
1091,10.91,-15.083945310480589,14.513856675916523,23.136430642302894,10.987576589844439,-23.512165389673115,-112.53521959693244,2200.0,-20.0,20.0,106.03823184967041,-33.95761030128344
1092,10.92,-15.053269653525486,14.52428150907444,23.213982239762586,11.291266726496168,-24.0163023579422,-110.63299106648545,2200.0,-20.0,20.0,106.0292615890503,-34.06276396388831
1093,10.93,-15.022651409232862,14.53530238886569,23.29274052209438,11.574934704079267,-24.56268275379592,-108.73322613447452,2200.0,-20.0,20.0,106.02029132843018,-34.1699090099484
1094,10.94,-14.992112985678709,14.546929527414152,23.372699083295316,11.836097414383389,-25.150410317235387,-106.83529054160945,2200.0,-20.0,20.0,106.01132106781006,-34.27905468931319
1095,10.950000000000001,-14.961676768610612,14.559172929196976,23.453851083501096,12.072257799079127,-25.778490234925812,-104.93842583118395,2200.0,-20.0,20.0,106.00235080718994,-34.39020916643557
1096,10.96,-14.931365113754858,14.572042386989416,23.53618925097517,12.28089793344172,-26.445831052921807,-103.04173842840365,2200.0,-20.0,20.0,105.99338054656982,-34.50337947597653
1097,10.97,-14.901200339110233,14.585547477861073,23.619705884249022,12.459470840211523,-27.151246260303495,-101.14418867163927,2200.0,-20.0,20.0,105.9844102859497,-34.618571479755666
1098,10.98,-14.871204717230498,14.599697559225605,23.704392854414458,12.60539099839862,-27.8934554454555,-99.24457972146043,2200.0,-20.0,20.0,105.97544002532959,-34.73578982515166
1099,10.99,-14.841400467497529,14.614501764946061,23.790241607568472,12.716023523329627,-28.671084923302704,-97.34154626687464,2200.0,-20.0,20.0,105.96646976470947,-34.85503790504947
1100,11.0,-14.811809748387246,14.629969001497969,23.877243167411304,12.788672007232398,-29.48266772857213,-95.43354294620532,2200.0,-20.0,20.0,105.95749950408936,-34.976317819430975
1101,11.01,-14.782454649730527,14.646107944192396,23.965388137998325,12.820565025228616,-30.32664286692785,-93.51883240369592,2200.0,-20.0,20.0,105.94852924346924,-35.09963033869505
1102,11.02,-14.753357184971312,14.662927033461175,24.054666706646113,12.808841331263329,-31.201353712513864,-91.59547291375986,2200.0,-20.0,20.0,105.93955898284912,-35.22497486880002
1103,11.03,-14.72453928342426,14.680434471206569,24.145068646993337,12.750533794298967,-32.10504543699854,-89.66130552476605,2200.0,-20.0,20.0,105.930588722229,-35.352349418303504
1104,11.040000000000001,-14.696022782534355,14.698638217217637,24.23658332221671,12.642552159728242,-33.035861351716854,-87.71394070585085,2200.0,-20.0,20.0,105.92161846160889,-35.48175056738218
1105,11.05,-14.667829420125674,14.717545985663053,24.329199688402767,12.481664537488212,-33.991838142435206,-85.75074462297258,2200.0,-19.039552211761475,20.0,105.91264820098877,-35.613173335209005
1106,11.06,-14.63998082666413,14.737165241675688,24.42290629810854,12.264476214022993,-34.97090049523457,-83.7688254711197,2200.0,-16.18093729019165,20.0,105.90367794036865,-35.746611032599205
1107,11.07,-14.61249851758925,14.757503198081533,24.51769130417923,11.987404587195782,-35.97085525164962,-81.76501970094313,2200.0,-13.275930881500242,20.0,105.89470767974854,-35.882055289497586
1108,11.08,-14.58540388548448,14.778566812426078,24.6135424638095,11.64665367952089,-36.98938310199229,-79.73587747567625,2200.0,-10.314834117889404,20.0,105.88573741912842,-36.01949591624897
1109,11.09,-14.558718192015824,14.800362784326088,24.710447142845425,11.238189166411415,-38.02402733463152,-77.67764864846805,2200.0,-7.2928863763809195,20.0,105.8767671585083,-36.15892110445847
1110,11.1,-14.53246255969893,14.822897553270954,24.808392320345014,10.757712537061762,-39.07217935437049,-75.58626895837757,2200.0,-4.217771887779236,20.0,105.86779689788818,-36.30031718445985
1111,11.11,-14.506657963293883,14.846177296956016,24.907364593393847,10.200639003747012,-40.131058388153015,-73.45734703009052,2200.0,-1.114543080329895,20.0,105.85882663726807,-36.443668649130174
1112,11.120000000000001,-14.481325221480265,14.870207929928107,25.007350182084068,9.56208519242364,-41.19768458668196,-71.28615226686608,2200.0,1.9753223657608032,20.0,105.84985637664795,-36.58895928007265
1113,11.13,-14.456484983092473,14.894995104256633,25.108334935147955,8.836918508527795,-42.26885547854772,-69.06761198282925,2200.0,5.003027319908142,20.0,105.84088611602783,-36.73617866202184
1114,11.14,-14.432157724863226,14.920544204055366,25.210304332693525,8.019747324428774,-43.3411306016485,-66.79632191448549,2200.0,7.925834059715271,20.0,105.83191585540771,-36.88530398121128
1115,11.15,-14.408363734317867,14.94686034689288,25.31324349215505,7.104963833237751,-44.41081559613777,-64.46657063530884,2200.0,10.721766948699951,20.0,105.8229455947876,-37.03631854287251
1116,11.16,-14.385123106523402,14.973948379379028,25.417137172401144,6.086733535289489,-45.4739426075331,-62.07237231455628,2200.0,13.390450477600096,20.0,105.81397533416748,-37.18919981142335
1117,11.17,-14.362455735376829,15.001812875406172,25.521969779076535,4.9590275886055695,-46.526246697525934,-59.60751641186443,2200.0,15.951542854309084,20.0,105.80500507354736,-37.34392351852803
1118,11.18,-14.340381306025199,15.030458134516959,25.62772537039873,3.715690973865059,-47.56314216426135,-57.065642328921385,2200.0,18.437421321868896,20.0,105.79603481292725,-37.50046403262458
1119,11.19,-14.318919287205508,15.059888180440119,25.73438766302827,2.3505461932454725,-48.57970094481682,-54.44034518080671,2200.0,20.0,20.0,105.78706455230713,-37.65879456127027
1120,11.200000000000001,-14.298088923500025,15.090106759713839,25.84194003791759,0.8575370235744991,-49.57063566447617,-51.725319108440786,2200.0,20.0,20.0,105.77809429168701,-37.818887198202795
1121,11.21,-14.277909227519649,15.121117340326133,25.950365546061306,-0.7690819865081753,-50.530289703495036,-48.9145450527564,2200.0,20.0,20.0,105.7691240310669,-37.98071267814259
1122,11.22,-14.258398972297476,15.152923110322261,26.059646914152413,-2.534508892509598,-51.452634958235066,-46.002529159549496,2200.0,20.0,20.0,105.76015377044678,-38.144240190894635
1123,11.23,-14.239576684090768,15.185526976423038,26.169766550274687,-4.4431081172442255,-52.33127985391158,-42.98459529661996,2200.0,20.0,20.0,105.75118350982666,-38.309437003246046
1124,11.24,-14.221460635597385,15.218931562671806,26.28070654968784,-6.498073244969573,-53.159491249008774,-39.85723386067221,2200.0,20.0,20.0,105.74221324920654,-38.47626711735265
1125,11.25,-14.204068838826291,15.253139210038537,26.392448701330842,-8.701032975841649,-53.93024186283006,-36.618497869169545,2200.0,20.0,20.0,105.73324298858643,-38.644696788270835
1126,11.26,-14.187419039721313,15.28815197410605,26.504974493310407,-11.05162279452104,-54.636283643542235,-33.268434475238216,2200.0,20.0,20.0,105.72427272796631,-38.81468639033604
1127,11.27,-14.171528710051858,15.323971625564694,26.61826511984688,-13.547037193243883,-55.270254159771376,-29.809529111118593,2200.0,20.0,20.0,105.71530246734619,-38.98619752328184
1128,11.28,-14.156415042153446,15.360599648409039,26.732301487261687,-16.181625462748798,-55.82480797605048,-26.247120335667802,2200.0,20.0,20.0,105.70633220672607,-39.15918923229366
1129,11.290000000000001,-14.14209494265424,15.398037239230646,26.84706422058873,-18.946557687610202,-56.29278194276676,-22.58973824298657,2200.0,20.0,20.0,105.69736194610596,-39.33361911600185
1130,11.3,-14.128585026516957,15.4362853064707,26.962533670299866,-21.829622996447643,-56.66738791798077,-18.84930912613234,2200.0,20.0,20.0,105.68839168548584,-39.50944343166253
1131,11.31,-14.11590161112934,15.475344469744165,27.078689919145415,-24.815217755722525,-56.9424232255649,-15.0411695197843,2200.0,20.0,20.0,105.67942142486572,-39.68661714293378
1132,11.32,-14.104060710445403,15.51521505923161,27.195512789095872,-27.884569627988963,-57.112484810673244,-11.183844136970025,2200.0,20.0,20.0,105.6704511642456,-39.86509394547858
1133,11.33,-14.093078029189893,15.555897115141086,27.312981848380762,-31.016219266932545,-57.173169641185105,-7.298566120072084,2200.0,20.0,20.0,105.66148090362549,-40.04482628968899
1134,11.34,-14.082968957138807,15.597390387244385,27.431076418624446,-34.18674693455013,-57.1212425046657,-3.408552379844441,2200.0,20.0,20.0,105.65251064300537,-40.2257654084277
1135,11.35,-14.07374856348577,15.639694334491631,27.549775582079445,-37.37169257737011,-56.95475382718932,0.46191451350798257,2200.0,20.0,20.0,105.64354038238525,-40.40786135152029
1136,11.36,-14.065431591300758,15.682808124707446,27.66905818895768,-40.546583890245124,-56.67309472707031,4.288512430246848,2200.0,20.0,20.0,105.63457012176514,-40.5910630261426
1137,11.370000000000001,-14.058032452085122,15.726730634371105,27.788902864859306,-43.68796675848143,-56.27698359676588,8.047908173651043,2200.0,20.0,20.0,105.62559986114502,-40.77531824163262
1138,11.38,-14.05156522042553,15.771460448482514,27.909288018298305,-46.77433202873587,-55.76838670620132,11.718682317337581,2200.0,20.0,20.0,105.6166296005249,-40.96057375745884
1139,11.39,-14.046043628748697,15.816995860515489,28.030191848323696,-49.786851945853456,-55.15038291635479,15.282063717844338,2200.0,20.0,20.0,105.60765933990479,-41.14677533350012
1140,11.4,-14.041481062178644,15.863334872459674,28.151592352234893,-52.70987317736799,-54.42698806522612,18.722420611823285,2200.0,20.0,20.0,105.59868907928467,-41.33386778216618
1141,11.41,-14.037890553498286,15.910475194952301,28.273467333389796,-55.531152045568035,-53.602957085707565,22.027493902265633,2200.0,20.0,20.0,105.58971881866455,-41.521795022118546
1142,11.42,-14.03528477821724,15.958414247500961,28.395794409103928,-58.24185228027629,-52.683581418319505,25.18839293009984,2200.0,20.0,20.0,105.58074855804443,-41.71050013348691
1143,11.43,-14.033676049747859,16.00714915879857,28.51855101863903,-60.83634999910154,-51.674496464059516,28.199398420760158,2200.0,20.0,20.0,105.57177829742432,-41.899925414523096
1144,11.44,-14.033076314691662,16.056676767131666,28.64171443127937,-63.31190245234693,-50.58150970756705,31.057629125781958,2200.0,20.0,20.0,105.5628080368042,-42.090012439635835
1145,11.450000000000001,-14.033497148238299,16.106993620883205,28.765261754493974,-65.66823761382335,-49.41045574489167,33.76262922363752,2200.0,20.0,20.0,105.55383777618408,-42.28070211873947
1146,11.46,-14.034949749679313,16.158095979130955,28.889169942182978,-67.90711430317975,-48.16708053719157,36.315926148378054,2200.0,20.0,20.0,105.54486751556396,-42.471934757855905
1147,11.47,-14.037444938038952,16.209979812342638,29.013415803006097,-70.03189103189787,-46.856954202895565,38.7205970210225,2200.0,20.0,20.0,105.53589725494385,-42.66365012085955
1148,11.48,-14.040993147824318,16.262640803168928,29.13797600879126,-72.04712940566488,-45.48540966919016,40.98086949890111,2200.0,20.0,20.0,105.52692699432373,-42.85578749228604
1149,11.49,-14.045604424897173,16.31607434733533,29.26282710302121,-73.95824683057388,-44.05750343110318,43.10177177248757,2200.0,20.0,20.0,105.51795673370361,-43.0482857410972
1150,11.5,-14.051288422469705,16.370275554634098,29.387945509395976,-75.77122451494539,-42.57799430927954,45.08883768310023,2200.0,20.0,20.0,105.5089864730835,-43.24108338529253
1151,11.51,-14.0580543972266,16.42523925001714,29.513307540468823,-77.49237056728725,-41.0513362284492,46.94786674302309,2200.0,20.0,20.0,105.50001621246338,-43.43411865726694
1152,11.52,-14.065911205575773,16.480959974790935,29.63888940635334,-79.12813410336375,-39.4816814559917,48.68473495146727,2200.0,20.0,20.0,105.49104595184326,-43.62732956979568
1153,11.53,-14.074867300030093,16.537431987914484,29.76466722349916,-80.68496420942985,-37.87289128941174,50.30525023328252,2200.0,20.0,20.0,105.48207569122314,-43.82065398253549
1154,11.540000000000001,-14.084930725722485,16.59464926740116,29.89061702353371,-82.16920684491717,-36.228551757623414,51.81504556298531,2200.0,20.0,20.0,105.47310543060303,-44.014029668929076
1155,11.55,-14.09610911705676,16.652605511825403,30.01671476216731,-83.58703284885816,-34.55199244040264,53.21950291715527,2200.0,20.0,20.0,105.46413516998291,-44.2073943833865
1156,11.56,-14.108409694496526,16.71129414193511,30.142936328158815,-84.94439078345,-32.84630698115737,54.52370176695,2200.0,20.0,20.0,105.4551649093628,-44.40068592864101
1157,11.57,-14.121839261494536,16.770708302370533,30.269257552338875,-86.24697915157843,-31.11437425915588,55.73238662565187,2200.0,20.0,20.0,105.44619464874268,-44.593842223128355
1158,11.58,-14.136404201564822,16.8308408634904,30.395654216687905,-87.50023339656694,-29.358879500003983,56.84994903758766,2200.0,20.0,20.0,105.43722438812256,-44.786801368306165
1159,11.59,-14.15211047549992,16.891684423306096,30.5221020634655,-88.70932393235792,-27.582334845581094,57.88042023501749,2200.0,20.0,20.0,105.42825412750244,-44.97950171574952
1160,11.6,-14.168963618735527,16.953231309524387,30.648576804388224,-89.879162208189,-25.78709908774247,58.82747144621047,2200.0,20.0,20.0,105.41928386688232,-45.17188193392329
1161,11.61,-14.186968738864822,17.015473581699446,30.775054129852396,-91.01441246174629,-23.975396404900774,59.6944194892197,2200.0,20.0,20.0,105.4103136062622,-45.36388107450356
1162,11.620000000000001,-14.206130513304778,17.078403033494638,30.90150971819843,-92.11950735556005,-22.14933403756023,60.48423582882355,2200.0,20.0,20.0,105.40134334564209,-45.5554386380989
1163,11.63,-14.226453187116617,17.14201119505453,31.02791924501326,-93.19866613016849,-20.310918906692265,61.19955771607291,2200.0,20.0,20.0,105.39237308502197,-45.74649463928517
1164,11.64,-14.247940570982625,17.20628933548758,31.154258392467185,-94.2559142562802,-18.462073224892027,61.842700383136055,2200.0,20.0,20.0,105.38340282440186,-45.93698967078498
1165,11.65,-14.27059603934149,17.271228465459803,31.28050285868145,-95.29510384029798,-16.60464918020541,62.41566954452207,2200.0,20.0,20.0,105.37443256378174,-46.126864966695344
1166,11.66,-14.294422528684223,17.336819339899694,31.406628367122675,-96.31993424624535,-14.740442790886798,62.92017367286051,2200.0,20.0,20.0,105.36546230316162,-46.3160624646358
1167,11.67,-14.319422536012729,17.40305246081458,31.53261067602027,-97.33397255413121,-12.871207039479689,63.357635685554555,2200.0,20.0,20.0,105.3564920425415,-46.50452486666935
1168,11.68,-14.345598117463018,17.46991808021853,31.658425587802814,-98.34067359014871,-10.998664399008163,63.729203808541946,2200.0,20.0,20.0,105.34752178192139,-46.69219569891192
1169,11.69,-14.372950887094984,17.537406203171823,31.78404895854926,-99.34339934607317,-9.124518864462214,64.03576148416478,2200.0,20.0,20.0,105.33855152130127,-46.879019369677856
1170,11.700000000000001,-14.401482015850608,17.605506590931935,31.909456707450794,-100.34543766036231,-7.25046760049597,64.2779362693442,2200.0,20.0,20.0,105.32958126068115,-47.06494122606041
1171,11.71,-14.431192230682392,17.67420876421588,32.03462482627907,-101.35002006681457,-5.378212311994808,64.45610773411325,2200.0,20.0,20.0,105.32061100006104,-47.2499076088289
1172,11.72,-14.462081813853732,17.74350200657371,32.159529388856434,-102.36033873196207,-3.5094704385536617,64.57041442428557,2200.0,20.0,20.0,105.31164073944092,-47.433865905523085
1173,11.73,-14.494150602412889,17.813375367872805,32.284146560523666,-103.37956240230109,-1.645986266958696,64.62075999992828,2200.0,20.0,20.0,105.3026704788208,-47.61676460164421
1174,11.74,-14.527397987842088,17.883817667892554,32.40845260760084,-104.41085126873,0.21045795243197907,64.60681870704721,2200.0,20.0,20.0,105.29370021820068,-47.79855332983541
1175,11.75,-14.56182291588323,17.95481750002894,32.53242390683653,-105.45737062913705,2.05803080926878,64.52804038664297,2200.0,20.0,20.0,105.28472995758057,-47.97918291694407
1176,11.76,-14.597423886541605,18.026363235108384,32.65603695484079,-106.52230319132137,3.894840392307057,64.38365527586232,2200.0,20.0,20.0,105.27575969696045,-48.15860542886868
1177,11.77,-14.634198954268852,18.09844302531016,32.77926837749725,-107.60885980723364,5.718922753924328,64.17267891282418,2200.0,20.0,20.0,105.26678943634033,-48.33677421311171
1178,11.78,-14.672145728326374,18.171044808196626,32.90209493934939,-108.72028836547308,7.52823014774161,63.893917522064896,2200.0,20.0,20.0,105.25781917572021,-48.51364393891445
1179,11.790000000000001,-14.711261373330267,18.244156310850254,33.02449355295621,-109.85988049152516,9.320619029255624,63.545974333320906,2200.0,20.0,20.0,105.2488489151001,-48.68917063494373
1180,11.8,-14.751542609978742,18.3177650541166,33.14644128821251,-111.03097561391834,11.093837837372046,63.127257373971474,2200.0,20.0,20.0,105.23987865447998,-48.86331172439527
1181,11.81,-14.792985715962866,18.391858356952,33.26791538162867,-112.23696184927748,12.84551460989104,62.63598937568516,2200.0,20.0,20.0,105.23090839385986,-49.03602605748246
1182,11.82,-14.835586527061384,18.466423340874854,33.38889324556506,-113.48127304093438,14.573144530010929,62.07022054839415,2200.0,20.0,20.0,105.22193813323975,-49.20727394122947
1183,11.83,-14.879340438420225,18.54144693451916,33.509352477416044,-114.76738115648261,16.274077555559845,61.42784509788523,2200.0,20.0,20.0,105.21296787261963,-49.37701716649445
1184,11.84,-14.924242406017196,18.616915878288903,33.62927086873856,-116.0987831137059,17.94550634978451,60.706622493042964,2200.0,20.0,20.0,105.20399761199951,-49.54521903219954
1185,11.85,-14.970286948312216,18.69281672911178,33.748626414320185,-117.47898096899324,19.58445481387979,59.904204617945744,2200.0,20.0,20.0,105.1950273513794,-49.7118443666988
1186,11.86,-15.017468148083347,18.76913586529068,33.86739732118163,-118.91145427914248,21.18776761820112,59.01817006130087,2200.0,20.0,20.0,105.18605709075928,-49.87685954622907
1187,11.870000000000001,-15.065779654448718,18.84585949145117,33.985562017508535,-120.39962335327732,22.752101241886407,58.04606688421853,2200.0,20.0,20.0,105.17708683013916,-50.040232510452064
1188,11.88,-15.115214685087123,18.922973643595117,34.103099161534516,-121.94680145843157,24.27391730925751,56.98546544120464,2200.0,18.2116961479187,20.0,105.16811656951904,-50.20193249793814
1189,11.89,-15.165766028728047,19.000464194269266,34.219987650237535,-123.55613184909863,25.749479641603806,55.83402360358267,2200.0,15.96303939819336,20.0,105.15914630889893,-50.36193015206994
1190,11.9,-15.217426048061455,19.078316857883415,34.336206627863014,-125.23051077591963,27.174855383700134,54.58956468409505,2200.0,13.854372501373291,20.0,105.15017604827881,-50.52019723112741
1191,11.91,-15.270186683018418,19.156517196225185,34.45173549455006,-126.97250136281392,28.54592029548353,53.250166754263084,2200.0,11.87060832977295,20.0,105.14120578765869,-50.67670704674678
1192,11.92,-15.324039454363723,19.23505062418338,34.56655391503565,-128.78423639886452,29.858369633822033,51.81426420964133,2200.0,9.995597004890442,20.0,105.13223552703857,-50.83143466756326
1193,11.93,-15.378975467475469,19.31390241564973,34.680641827299276,-130.66730689839451,31.10773665497871,50.280762523640576,2200.0,8.213734030723572,20.0,105.12326526641846,-50.98435702398566
1194,11.94,-15.434985416337458,19.393057709594107,34.79397945112109,-132.62263780037176,32.289419926156434,48.64916435243422,2200.0,6.5108925104141235,20.0,105.11429500579834,-51.135452540395264
1195,11.950000000000001,-15.492059587784066,19.47250151643396,34.906547296651794,-134.65035802328532,33.39871990350265,46.919702711044174,2200.0,4.874849915504456,20.0,105.10532474517822,-51.28470159514395
1196,11.96,-15.550187865799623,19.55221872464104,35.01832617297856,-136.74967091122622,34.43088562811243,45.0934764110073,2200.0,3.2952684164047237,20.0,105.0963544845581,-51.432086822128134
1197,11.97,-15.609359735779451,19.632194107535405,35.129297196616044,-138.91872843473598,35.38117281818874,43.17258225169985,2200.0,1.7637163400650022,20.0,105.08738422393799,-51.57759294527624
1198,11.98,-15.669564288729006,19.712412330152297,35.23944179977252,-141.15451403534945,36.24491385805639,41.16023601677848,2200.0,0.2734547853469848,20.0,105.07841396331787,-51.721206358113214
1199,11.99,-15.730790225490882,19.792857955983266,35.34874173818694,-143.4527453348225,37.01759879647461,39.06087129543072,2200.0,-1.1807042360305786,20.0,105.06944370269775,-51.862915395270036
1200,12.0,-15.793025861225237,19.873515454721694,35.45717909937452,-145.80781980876145,37.69496456734047,36.88020427021436,2200.0,-2.602608799934387,20.0,105.06047344207764,-52.0027112870744
1201,12.01,-15.85625912906119,19.954369207632972,35.564736309428596,-148.21278907687673,38.273089817079416,34.6252539216506,2200.0,-3.9949828386306763,20.0,105.05150318145752,-52.14058325019275
1202,12.02,-15.92047758534794,20.035403515734757,35.671396140664314,-150.6593904971994,38.74849172926899,32.304308339550225,2200.0,-5.359768271446227,20.0,105.0425329208374,-52.27652415787781
1203,12.030000000000001,-15.985668414229487,20.116602605694727,35.77714171778169,-153.13813462590772,39.118220520895775,29.926828828667496,2200.0,-6.698444485664368,20.0,105.03356266021729,-52.41052714879891
1204,12.040000000000001,-16.0518184329421,20.197950636828377,35.88195652428286,-155.63846436229065,39.37994563067533,27.50329092976027,2200.0,-8.01235020160675,20.0,105.02459239959717,-52.54258675233061
1205,12.05,-16.11891409724735,20.279431708156416,35.98582440864756,-158.14897546478656,39.532028243380836,25.044965755965016,2200.0,-9.303132891654968,20.0,105.01562213897705,-52.67269908144897
1206,12.06,-16.186941506902727,20.36102986543001,36.08872959036022,-160.65768675187277,39.57357527732912,22.563650968281767,2200.0,-10.572965145111084,20.0,105.00665187835693,-52.80086167146052
1207,12.07,-16.255886411227483,20.442729108190427,36.190656665780004,-163.15234493935543,39.504471006540044,20.071366374875378,2200.0,-11.824676990509033,20.0,104.99768161773682,-52.92707338221547
1208,12.08,-16.325734214778482,20.524513396830635,36.29159061381992,-165.62074511297243,39.325383951127264,17.58003317800473,2200.0,-13.061718940734863,20.0,104.9887113571167,-53.05133431356118
1209,12.09,-16.3964699832097,20.606366659561946,36.39151680146871,-168.0510473392807,39.037751118714304,15.101157774166738,2200.0,-14.288058280944824,20.0,104.97974109649658,-53.17364560809627
1210,12.1,-16.46807844904725,20.688272799791648,36.49042098875194,-170.4320672015341,38.64373967845164,12.645542605043554,2200.0,-15.507786273956299,20.0,104.97077083587646,-53.29400959610854
1211,12.11,-16.540544018325914,20.770215702406578,36.58828933424611,-172.75351897493377,38.146173074722164,10.223034009797201,2200.0,-16.72492265701294,20.0,104.96180057525635,-53.412429399597514
1212,12.120000000000001,-16.613850776576662,20.852179241089623,36.68510839978158,-175.00620690260843,37.54845051429405,7.8423287420109276,2200.0,-17.943058013916012,20.0,104.95283031463623,-53.528909924375
1213,12.13,-16.68798249530823,20.934147285123004,36.780865155271805,-177.18215690059765,36.854461523812475,5.51084322440447,2200.0,-19.165122509002686,20.0,104.94386005401611,-53.643457019646526
1214,12.14,-16.762922637681065,21.016103707218686,36.87554698247285,-179.27468760282022,36.068501245886196,3.234647030669459,2200.0,-20.0,20.0,104.934889793396,-53.75607568393043
1215,12.15,-16.838654366409525,21.09803238899597,36.96914168027625,178.7215872816558,35.19515793506397,1.01844986335805,2200.0,-20.0,20.0,104.92591953277588,-53.866774446679756
1216,12.16,-16.91516054931778,21.179917229021054,37.061637468144745,176.81079670343888,34.239226773347596,-1.1343586350139976,2200.0,-20.0,20.0,104.91694927215576,-53.97556181860667
1217,12.17,-16.992423765773008,21.261742149781536,37.15302298959333,174.99588491266658,33.20564096107322,-3.2216309798593277,2200.0,-20.0,20.0,104.90797901153564,-54.08244476787774
1218,12.18,-17.070426315007545,21.343491103286734,37.243287316695444,173.27873297608573,32.09937834188582,-5.242350614465708,2200.0,-20.0,20.0,104.89900875091553,-54.187434098233894
1219,12.19,-17.14915022193945,21.425148078403243,37.33241995334075,171.66029073280768,30.925391078181104,-7.196507701433667,2200.0,-20.0,20.0,104.89003849029541,-54.2905404161337
1220,12.200000000000001,-17.22857724452345,21.506697107085994,37.42041083875713,170.14071149835655,29.688559897557028,-9.084965522459395,2200.0,-20.0,20.0,104.8810682296753,-54.39177457579885
1221,12.21,-17.308688880493005,21.58812227095886,37.5072503506454,168.71948778462513,28.39365687523341,-10.9093270166806,2200.0,-20.0,20.0,104.87209796905518,-54.49114776447004
1222,12.22,-17.389466374393578,21.66940770770012,37.592929308020544,167.39558287729727,27.045315927570353,-12.67180723785081,2200.0,-20.0,20.0,104.86312770843506,-54.588671540809756
1223,12.23,-17.47089072473417,21.750537617326934,37.67743897387383,166.16755351045424,25.648011505187526,-14.375115588879448,2200.0,-20.0,20.0,104.85415744781494,-54.68435783360455
1224,12.24,-17.552942691237703,21.83149626839571,37.760771057674454,165.03366066312512,24.20604508095503,-16.02235029666937,2200.0,-20.0,20.0,104.84518718719482,-54.77821891248383
1225,12.25,-17.635602802171842,21.912268004133235,37.84291771771467,163.99196705522294,22.723538524932508,-17.616906345074423,2200.0,-20.0,20.0,104.8362169265747,-54.87026734155337
1226,12.26,-17.71885136174681,21.992837248507854,37.92387156329616,163.04042108329273,21.204433246777743,-19.1623970872669,2200.0,-20.0,20.0,104.82724666595459,-54.96051592530184
1227,12.27,-17.80266845757169,22.073188512245057,38.003625656754416,162.17692772253542,19.65249397116817,-20.662589036151875,2200.0,-20.0,20.0,104.81827640533447,-55.048977652901655
1228,12.280000000000001,-17.8870339681641,22.15330639878825,38.08217351531869,161.39940740020103,18.07131610914219,-22.12134885970152,2200.0,-20.0,20.0,104.80930614471436,-55.13566564391998
1229,12.290000000000001,-17.971927570509866,22.233175610203666,38.159509112806596,160.70584409496695,16.46433583540539,-23.542601340602502,2200.0,-20.0,20.0,104.80033588409424,-55.22059309650819
1230,12.3,-18.05732874767031,22.312780953027694,38.235626881153536,160.09432400612135,14.834842139440763,-24.930296944611495,2200.0,-20.0,20.0,104.79136562347412,-55.30377323812805
1231,12.31,-18.14321679643484,22.392107344054534,38.31052171177815,159.56306611925362,13.185990266157516,-26.288387632447687,2200.0,-20.0,20.0,104.782395362854,-55.3852192785603
1232,12.32,-18.229570835016684,22.47113981606242,38.38418895678507,159.1104459112991,11.520816091132842,-27.620809607840744,2200.0,-20.0,20.0,104.77342510223389,-55.46494436495435
1233,12.33,-18.316369810789517,22.54986352347662,38.45662443000649,158.7350133150345,9.842251084120216,-28.931471790559616,2200.0,-20.0,20.0,104.76445484161377,-55.54296153875888
1234,12.34,-18.403592508062545,22.628263747967726,38.52782440788424,158.4355059204405,8.15313760336625,-30.2242489169065,2200.0,-20.0,20.0,104.75548458099365,-55.61928369452011
1235,12.35,-18.491217555891797,22.70632590398374,38.597785630193606,158.2108582402484,6.4562443344475655,-31.50297828677324,2200.0,-20.0,20.0,104.74651432037354,-55.69392354059149
1236,12.36,-18.579223435925215,22.784035544214593,38.66650530061052,158.06020771733904,4.754281743046204,-32.7714592862821,2200.0,-20.0,20.0,104.73754405975342,-55.76689356186411
1237,12.370000000000001,-18.66758849027929,22.861378364987875,38.73398108712335,157.9828980070354,3.049917453373828,-34.033454912165766,2200.0,-20.0,20.0,104.7285737991333,-55.83820598462678
1238,12.38,-18.75629092944499,22.93834021159442,38.80021112229077,157.9784799299169,1.3457914945425797,-35.29269460484145,2200.0,-20.0,20.0,104.71960353851318,-55.9078727436695
1239,12.39,-18.845308840220795,23.01490708354262,38.865194003346936,158.04671036116298,-0.35546862257777545,-36.552877759839525,2200.0,-20.0,20.0,104.71063327789307,-55.9759054517193
1240,12.4,-18.93462019367074,23.09106513974031,38.92892879215538,158.18754920012353,-2.051233024524298,-37.817677331220196,2200.0,-20.0,20.0,104.70166301727295,-56.042315371327625
1241,12.41,-19.02420285310538,23.16680070360306,38.99141501501291,158.4011544477379,-3.738854814569447,-39.09074296614332,2200.0,-20.0,20.0,104.69269275665283,-56.107113389246635
1242,12.42,-19.11403458208371,23.24210026808792,39.052652662304894,158.68787530830926,-5.4156556621338,-40.37570311765075,2200.0,-20.0,20.0,104.68372249603271,-56.170309993391754
1243,12.43,-19.204093052434057,23.316950500651483,39.11264218801311,159.0482431248554,-7.078911685982102,-41.67616557439246,2200.0,-20.0,20.0,104.6747522354126,-56.23191525244128
1244,12.44,-19.294355852292036,23.39133824813139,39.17138450907762,159.48295985314732,-8.725839696750514,-42.99571582339705,2200.0,-20.0,20.0,104.66578197479248,-56.29193879812467
1245,12.450000000000001,-19.384800494153787,23.46525054155026,39.22888100461375,159.9928836787625,-10.353583894519812,-44.33791262768386,2200.0,-20.0,20.0,104.65681171417236,-56.35038981024002
1246,12.46,-19.475404422942606,23.538674600841226,39.28513351498563,160.5790112853492,-11.959203156027142,-45.706280158251296,2200.0,-20.0,20.0,104.64784145355225,-56.40727700444939
1247,12.47,-19.566145024087255,23.611597839494145,39.34014434073732,161.24245619372704,-13.539659094033347,-47.10429597466446,2200.0,-20.0,20.0,104.63887119293213,-56.4626086228761
1248,12.48,-19.656999631610223,23.684007869121707,39.39391624138286,161.98442251538359,-15.09180512855988,-48.53537410690986,2200.0,-20.0,20.0,104.62990093231201,-56.5163924275308
1249,12.49,-19.747945536224258,23.75589250394461,39.44645243405637,162.8061734078114,-16.612376876008337,-50.002842462349314,2200.0,-20.0,20.0,104.6209306716919,-56.568635696577786
1250,12.5,-19.838959993435502,23.827239765195028,39.49775659202321,163.70899349341033,-18.097984236815666,-51.5099137773042,2200.0,-20.0,20.0,104.61196041107178,-56.61934522346137
1251,12.51,-19.930020231651657,23.898037885437653,39.54783284305358,164.69414452206826,-19.545105643497433,-53.05964936779914,2200.0,-20.0,20.0,104.60299015045166,-56.668527318881075
1252,12.52,-20.021103460293546,23.968275312807556,39.59668576765929,165.7628136371871,-20.950085015585294,-54.65491502641702,2200.0,-20.0,20.0,104.59401988983154,-56.71618781562527
1253,12.530000000000001,-20.11218687790856,24.03794071516422,39.64432039719497,166.91605376598082,-22.309132051107564,-56.298328582955854,2200.0,-20.0,20.0,104.58504962921143,-56.76233207623664
1254,12.540000000000001,-20.20324768028441,24.107022984160945,39.6907422118246,168.15471591934403,-23.618326558643606,-57.99219891821504,2200.0,-20.0,20.0,104.57607936859131,-56.80696500349266
1255,12.55,-20.294263068561705,24.175511239229134,39.735957138354316,169.47937357622396,-24.873627589750914,-59.73845661512597,2200.0,-20.0,20.0,104.56710910797119,-56.85009105368699
1256,12.56,-20.385210257343825,24.243394831476614,39.779971547932426,170.89023985999702,-26.07088815598449,-61.53857696766439,2200.0,-20.0,20.0,104.55813884735107,-56.8917142526497
1257,12.57,-20.476066482802636,24.310663347499492,39.82279225361751,172.38707889863932,-27.20587629254216,-63.39349675472714,2200.0,-20.0,20.0,104.54916858673096,-56.93183821448978
1258,12.58,-20.566809010778524,24.37730661310689,39.864426507815345,173.96911358950769,-28.27430314472375,-65.30352701668666,2200.0,-20.0,20.0,104.54019832611084,-56.970466162996466
1259,12.59,-20.65741514487331,24.443314696957838,39.904881999585605,175.63493293292095,-29.2718585867175,-67.26826501646697,2200.0,-20.0,20.0,104.53122806549072,-57.00760095564519
1260,12.6,-20.74786223453456,24.50867791410987,39.944166851818906,177.38240309528928,-30.194254620067937,-69.28650956374078,2200.0,-20.0,20.0,104.5222578048706,-57.04324511014573
1261,12.61,-20.83812768312984,24.57338682947855,39.98228961828504,179.20858731520337,-31.037276432973012,-71.35618483326367,2200.0,-20.0,20.0,104.51328754425049,-57.077400833459976
1262,12.620000000000001,-20.928188956009375,24.637432261207433,40.01925928055294,-178.89031945817206,-31.796840533177157,-73.4742785837448,2200.0,-20.0,20.0,104.50431728363037,-57.11007005321103
1263,12.63,-21.018023588555707,24.70080528394779,40.055085244783186,-176.91903486628513,-32.469058813328864,-75.6368011215933,2200.0,-20.0,20.0,104.49534702301025,-57.1412544514026
1264,12.64,-21.107609194218803,24.763497232047513,40.08977733839345,-174.8832061210493,-33.05030680310638,-77.83877128570816,2200.0,-20.0,20.0,104.48637676239014,-57.17095550035283
1265,12.65,-21.196923472535097,24.82549970264858,40.12334580659758,-172.78939412300767,-33.53729376116147,-80.07423500778624,2200.0,-20.0,20.0,104.47740650177002,-57.19917450075207
1266,12.66,-21.28594421712897,24.886804558692454,40.15580130881869,-170.64502063903015,-33.92713173231642,-82.33632053983436,2200.0,-20.0,20.0,104.4684362411499,-57.22591262172789
1267,12.67,-21.374649323695053,24.94740393183282,40.18715491497706,-168.45827665279836,-34.217400320591196,-84.61733224724982,2200.0,-20.0,20.0,104.45946598052979,-57.25117094282658
1268,12.68,-21.46301679795983,25.007290225254998,40.21741810165287,-166.2379927868027,-34.40620378237539,-86.90888207903312,2200.0,-20.0,20.0,104.45049571990967,-57.274950497779635
1269,12.69,-21.551024763620887,25.06645611640145,40.24660274812462,-163.9934758045677,-34.49221718395371,-89.20205471532717,2200.0,-20.0,20.0,104.44152545928955,-57.297252319937996
1270,12.700000000000001,-21.63865147026218,25.12489455960268,40.27472113228336,-161.73431826141666,-34.47471881819082,-91.48759933148393,2200.0,-20.0,20.0,104.43255519866943,-57.31807748925978
1271,12.71,-21.725875301243647,25.182598788612943,40.301785926423264,-159.47019095872,-34.35360681759719,-93.75613832977558,2200.0,-20.0,20.0,104.42358493804932,-57.33742718069392
1272,12.72,-21.81267478156343,25.239562319050034,40.32781019290885,-157.21062958036623,-34.12939887043376,-95.9983816646277,2200.0,-20.0,20.0,104.4146146774292,-57.35530271385969
1273,12.73,-21.89902858569097,25.295778950738566,40.35280737971929,-154.96482747735217,-33.803215039863005,-98.20533479857511,2200.0,-20.0,20.0,104.40564441680908,-57.37170560384358
1274,12.74,-21.984915545369134,25.35124276995601,40.376791315869966,-152.7414459211208,-33.37674477849214,-100.36848896986969,2200.0,-20.0,20.0,104.39667415618896,-57.38663761299522
1275,12.75,-22.070314657383584,25.40594815158082,40.39977620671185,-150.54845137347067,-32.852200197330035,-102.47998422387653,2200.0,-20.0,20.0,104.38770389556885,-57.40010080356765
1276,12.76,-22.155205091297447,25.459889761141987,40.42177662910881,-148.39298670143805,-32.2322583867302,-104.53273827814084,2200.0,-20.0,20.0,104.37873363494873,-57.412097591040116
1277,12.77,-22.239566197149323,25.513062556769242,40.44280752649325,-146.28128019271992,-31.51999603340814,-106.52053736209709,2200.0,-20.0,20.0,104.36976337432861,-57.42263079797819
1278,12.780000000000001,-22.3233775131127,25.56546179104328,40.46288420380045,-144.21859312304446,-30.718819714092554,-108.43808827469454,2200.0,-20.0,20.0,104.3607931137085,-57.43170370827236
1279,12.790000000000001,-22.406618773114644,25.61708301274523,40.482022322281814,-142.2092038624089,-29.832395097972388,-110.28103366572067,2200.0,-20.0,20.0,104.35182285308838,-57.43932012158948
1280,12.8,-22.489269914411683,25.667922068504655,40.5002378941975,-140.25642434537534,-28.86457791465504,-112.04593470621546,2200.0,-20.0,20.0,104.34285259246826,-57.44548440787818
1281,12.81,-22.571311085120747,25.717975104345346,40.51754727738857,-138.36264330246217,-27.81934901766071,-113.73022673920875,2200.0,-20.0,20.0,104.33388233184814,-57.450201561768274
1282,12.82,-22.652722651702867,25.767238567128167,40.533967169729316,-136.52938996027765,-26.70075527425095,-115.33215418889868,2200.0,-20.0,20.0,104.32491207122803,-57.45347725668913
1283,12.83,-22.733485206397408,25.81570920589022,40.5495146034598,-134.75741187609555,-25.512857410487094,-116.85069104557398,2200.0,-20.0,20.0,104.31594181060791,-57.45531789855398
1284,12.84,-22.813579574604436,25.863384073079512,40.56420693939926,-133.0467610289129,-24.25968538927295,-118.28545278419504,2200.0,-20.0,20.0,104.3069715499878,-57.45573067883664
1285,12.85,-22.89298682221286,25.910260525684464,40.5780618610408,-131.39688307460978,-22.94520143317565,-119.63660478558835,2200.0,-20.0,20.0,104.29800128936768,-57.45472362688372
1286,12.86,-22.971688262871808,25.95633622625742,40.5910973685276,-129.8067056282334,-21.573270439426814,-120.9047713700161,2200.0,-20.0,20.0,104.28903102874756,-57.452305661288946
1287,12.870000000000001,-23.049665465202764,26.00160914383145,40.60333177251144,-128.2747224303546,-20.1476372733761,-122.09094855472738,2200.0,-20.0,20.0,104.28006076812744,-57.44848664017715
1288,12.88,-23.126900259949842,26.046077554729617,40.61478368789392,-126.7990711915965,-18.671910260274153,-123.19642270516289,2200.0,-20.0,20.0,104.27109050750732,-57.44327741023478
1289,12.89,-23.20337474706552,26.0897400432661,40.62547202745098,-125.37760373024851,-17.149550109000693,-124.2226964232872,2200.0,-20.0,20.0,104.2621202468872,-57.43668985433239
1290,12.9,-23.279071302729136,26.13259550233822,40.6354159953414,-124.00794769329234,-15.583863478238916,-125.17142233498438,2200.0,-20.0,20.0,104.25314998626709,-57.42873693758136
1291,12.91,-23.353972586295352,26.17464313390879,40.64463508049989,-122.68755967518565,-13.97800041873598,-126.04434490749074,2200.0,-20.0,20.0,104.24417972564697,-57.41943275167956
1292,12.92,-23.428061547169754,26.215882449378004,40.65314904991568,-121.4137699307835,-12.334954979600846,-126.84325003787649,2200.0,-20.0,20.0,104.23520946502686,-57.408792557402485
1293,12.93,-23.50132143160868,26.25631326984407,40.66097794179724,-120.18381913706612,-10.65756833953899,-127.56992188625533,2200.0,-20.0,20.0,104.22623920440674,-57.39683282509688
1294,12.94,-23.57373578944029,26.295935726252,40.6681420586241,-118.99488781483535,-8.948533905786846,-128.22610626055436,2200.0,-20.0,20.0,104.21726894378662,-57.38357127304378
1295,12.950000000000001,-23.645288480703933,26.33475025942976,40.67466196008676,-117.84411909843573,-7.2104039072155475,-128.81347977091954,2200.0,-20.0,20.0,104.2082986831665,-57.369026903565654
1296,12.96,-23.715963682204674,26.37275762001116,40.680558455915616,-116.72863555913254,-5.445597088823363,-129.33362394063494,2200.0,-20.0,20.0,104.19932842254639,-57.353220036754834
1297,12.97,-23.785745893979907,26.409958868244765,40.68585259860009,-115.64555076335282,-3.656407189668341,-129.788003469221,2200.0,-20.0,20.0,104.19035816192627,-57.336172341708924
1298,12.98,-23.854619945674838,26.44635537368828,40.690565675999096,-114.59197619453603,-1.8450119536651397,-130.17794787784254,2200.0,-20.0,20.0,104.18138790130615,-57.317906865174564
1299,12.99,-23.922571002823712,26.481948814787707,40.694719203844116,-113.56502409762486,-0.013482482048301181,-130.5046358161831,2200.0,-20.0,20.0,104.17241764068604,-57.29844805748927
1300,13.0,-23.98958457303341,26.516741178340748,40.698334918136275,-112.5618067261496,1.8362072121569408,-130.76908136520672,2200.0,-20.0,20.0,104.16344738006592,-57.27782179575038
1301,13.01,-24.05564651206623,26.550734758843873,40.70143476743886,-111.57943238895076,3.7021705430178065,-130.9721217257618,2200.0,-20.0,20.0,104.1544771194458,-57.256055404117106
1302,13.02,-24.12074302981842,26.583932157722565,40.70404090506674,-110.61499861044956,5.5825986413402955,-131.11440573464392,2200.0,-20.0,20.0,104.14550685882568,-57.23317767118588
1303,13.030000000000001,-24.184860696191194,26.616336282444195,40.706175681174486,-109.66558263716765,7.475750619947662,-131.19638269485506,2200.0,-20.0,20.0,104.13653659820557,-57.20921886437861
1304,13.040000000000001,-24.247986446850714,26.647950345513163,40.70786163474477,-108.72822944498114,9.37994381120972,-131.2182910436831,2200.0,-20.0,20.0,104.12756633758545,-57.18421074129437
1305,13.05,-24.31010758887374,26.67877786334785,40.70912148547902,-107.7999373266872,11.293543948525153,-131.18014641000798,2200.0,-20.0,20.0,104.11859607696533,-57.15818655799364
1306,13.06,-24.371211806275387,26.70882265503901,40.70997812559215,-106.87764106766988,13.214955240798302,-131.08172863051684,2200.0,-20.0,20.0,104.10962581634521,-57.13118107417985
1307,13.07,-24.43128716541562,26.738088840989345,40.710454611513605,-105.95819264831826,15.142610267648646,-130.92256730331385,2200.0,-20.0,20.0,104.1006555557251,-57.10323055528329
1308,13.08,-24.490322120280915,26.766580841433903,40.71057415549662,-105.03833934481065,17.074959602151228,-130.7019254570286,2200.0,-20.0,20.0,104.09168529510498,-57.0743727714289
1309,13.09,-24.548305517637715,26.794303374841213,40.71036011713825,-104.11469903446738,19.01046104646642,-130.41878090458408,2200.0,-20.0,20.0,104.08271503448486,-57.044646993316576
1310,13.1,-24.605226602054046,26.821261456194893,40.70983599481238,-103.18373244791121,20.947568342911843,-130.0718048342573,2200.0,-20.0,20.0,104.07374477386475,-57.01409398503993
1311,13.11,-24.661075020785944,26.847460395155668,40.70902541701826,-102.2417120480966,22.884719197897795,-129.65933716801615,2200.0,-20.0,20.0,104.06477451324463,-56.982755993879245
1312,13.120000000000001,-24.715840828525124,26.87290579410376,40.70795213364717,-101.28468715708446,24.82032242791885,-129.17935819066864,2200.0,-20.0,20.0,104.05580425262451,-56.95067673714071
1313,13.13,-24.76951449200443,26.897603546061703,40.70664000717001,-100.30844489775406,26.75274400449511,-128.62945592659165,2200.0,-20.0,20.0,104.0468339920044,-56.91790138611494
1314,13.14,-24.822086894457613,26.921559832497568,40.705113003748565,-99.30846647395742,28.680291737816543,-128.00678871912754,2200.0,-20.0,20.0,104.03786373138428,-56.88447654724447
1315,13.15,-24.873549339930047,26.944781121008894,40.70339518427346,-98.27987828637518,30.6011982960769,-127.30804245936696,2200.0,-20.0,20.0,104.02889347076416,-56.850450240635915
1316,13.16,-24.923893557436905,26.967274162887424,40.701510695331855,-97.21739738432001,32.5136022085685,-126.52938192845937,2200.0,-20.0,20.0,104.01992321014404,-56.81587187604133
1317,13.17,-24.97311170496544,26.989045990565007,40.699483760108116,-96.11527080411673,34.41552644539923,-125.6663957795511,2200.0,-20.0,20.0,104.01095294952393,-56.78079222649052
1318,13.18,-25.021196373318077,27.010103914941023,40.69733866922069,-94.96720846986389,36.30485410581344,-124.71403481985374,2200.0,-20.0,20.0,104.00198268890381,-56.745263399773
1319,13.19,-25.06814058979296,27.030455522591765,40.695099771498676,-93.76630957301617,38.17930068242223,-123.66654350126932,2200.0,-20.0,20.0,103.99301218986511,-56.709338808002975
1320,13.200000000000001,-25.11393782169878,27.050108672862322,40.69279146470152,-92.50498276274561,40.0363823042002,-122.5173849492351,2200.0,-20.0,20.0,103.98404169082642,-56.673073135554915
1321,13.21,-25.1585819797006,27.069071494841506,40.69043818618566,-91.17486115498822,41.87337930441067,-121.25916053983524,2200.0,-20.0,20.0,103.97507119178772,-56.636522305699934
1322,13.22,-25.20206742099366,27.087352384220615,40.68806440352163,-89.76671422534275,43.68729442358415,-119.88352609589275,2200.0,-20.0,20.0,103.96610069274902,-56.59974344633952
1323,13.23,-25.24438895230202,27.104960000036666,40.68569460506564,-88.27036025662747,45.47480496372931,-118.38110838096966,2200.0,-20.0,20.0,103.95713019371033,-56.56279485531096
1324,13.24,-25.28554183269909,27.121903261301064,40.68335329048958,-86.67458538976081,47.232208292134004,-116.74142794998235,2200.0,-20.0,20.0,103.94815969467163,-56.5257359658299
1325,13.25,-25.325521776247122,27.138191343514556,40.68106496127338,-84.96707876354156,48.955360303971936,-114.95283785344648,2200.0,-20.0,20.0,103.93918919563293,-56.48862731275776
1326,13.26,-25.36432495445286,27.15383367506956,40.678854111164085,-83.13439806712177,50.63960687088673,-113.00249253157475,2200.0,-20.0,20.0,103.93021869659424,-56.45153050052639
1327,13.27,-25.401947998536574,27.168839933540895,40.67674521660574,-81.1619864269345,52.27970904048113,-110.8763678330995,2200.0,-20.0,20.0,103.92124819755554,-56.41450817373768
1328,13.280000000000001,-25.43838800151186,27.183220041866207,40.674762727144454,-79.03427017950821,53.8697639632693,-108.55936172380224,2200.0,-20.0,20.0,103.91227769851685,-56.37762399169671
1329,13.290000000000001,-25.473642520073685,27.196984164417323,40.672931055813216,-76.73487771152982,55.40312540510997,-106.03551587992875,2200.0,-20.0,20.0,103.90330719947815,-56.340942608429934
1330,13.3,-25.507709576292193,27.210142702963857,40.67127456950077,-74.24703144333508,56.87233047505612,-103.28841025662655,2200.0,-20.0,20.0,103.89433670043945,-56.3045296601377
1331,13.31,-25.54058765910998,27.222706292530663,40.669817579309324,-71.55417609801704,58.269043052445625,-100.30179378760924,2200.0,-20.0,20.0,103.88536620140076,-56.268451762513024
1332,13.32,-25.572275725640612,27.234685797150558,40.66858433090572,-68.64091226829477,59.584029375019064,-97.06052024220884,2200.0,-20.0,20.0,103.87639570236206,-56.23277652101652
1333,13.33,-25.602773202266317,27.246092305514058,40.66759899487079,-65.49429735217481,60.80718702636922,-93.55185132484608,2200.0,-20.0,20.0,103.86742520332336,-56.19757255801262
1334,13.34,-25.632079985532847,27.256937126517766,40.6668856570517,-62.10554494711951,61.92765411230909,-89.76715812060478,2200.0,-20.0,20.0,103.85845470428467,-56.16290956176422
1335,13.35,-25.660196442839748,27.26723178471334,40.666468308922326,-58.47208557830498,62.93402864131164,-85.70398377645238,2200.0,-20.0,20.0,103.84948420524597,-56.12885836367389
1336,13.36,-25.687123412924254,27.276988015658855,40.66637083795632,-54.599836781815064,63.8147256485492,-81.36831545292068,2200.0,-20.0,20.0,103.84051370620728,-56.0954910519309
1337,13.370000000000001,-25.71286220613729,27.28621776117463,40.666617018018165,-50.50537480548808,64.55848722351023,-76.77675782298107,2200.0,-20.0,20.0,103.83154320716858,-56.06288113206039
1338,13.38,-25.737414604510196,27.294933164505547,40.667230499777,-46.217539109213256,65.15503497233479,-71.95813931401233,2200.0,-20.0,20.0,103.82257270812988,-56.03110374770673
1339,13.39,-25.760782861610817,27.30314656539209,40.668234801148486,-41.77790765597755,65.59581619083488,-66.9539890984016,2200.0,-20.0,20.0,103.81360220909119,-56.00023597851529
1340,13.4,-25.78296970218794,27.310870495052306,40.66965329776969,-37.23964962840317,65.8747521238339,-61.81739148193801,2200.0,-20.0,20.0,103.80463171005249,-55.97035723606463
1341,13.41,-25.803978321603022,27.318117671077065,40.671509213512266,-32.6645541332856,65.98886514658548,-56.610016267165854,2200.0,-20.0,20.0,103.7956612110138,-55.9415497830517
1342,13.42,-25.823812385048452,27.324900992241037,40.67382561103892,-28.11850786173614,65.93866017352376,-51.39759807423862,2200.0,-20.0,20.0,103.7866907119751,-55.91389940449188
1343,13.43,-25.842476026551694,27.331233533231853,40.676625382408616,-23.666181811208375,65.72817429909402,-46.2446247408198,2200.0,-20.0,20.0,103.7777202129364,-55.88749626020924
1344,13.44,-25.85997384776479,27.337128539300043,40.679931239735375,-19.365959473712074,65.36467952868935,-41.20926722096956,2200.0,-20.0,20.0,103.7687497138977,-55.86243594106654
1345,13.450000000000001,-25.876310916538944,27.342599420832446,40.68376570590618,-15.266054189678293,64.8581008556806,-36.339498698516515,2200.0,-20.0,20.0,103.75977921485901,-55.83882072867321
1346,13.46,-25.891492765284,27.347659747851736,40.68815110536306,-11.402366845078234,64.22026629595801,-31.670954108978083,2200.0,-20.0,20.0,103.75080871582031,-55.81676100518835
1347,13.47,-25.905525389112828,27.35232324444495,40.69310955495446,-7.798126105408508,63.464119992500954,-27.226572280533887,2200.0,-20.0,20.0,103.74183821678162,-55.796376653939426
1348,13.48,-25.918415243770824,27.356603783123777,40.698662954861234,-4.464948481168592,62.60300724550844,-23.017658005999362,2200.0,-20.0,20.0,103.73286771774292,-55.777798105854956
1349,13.49,-25.93016924335085,27.360515379119672,40.704832979602365,-1.4047679546081768,61.65009821985898,-19.045813793300947,2200.0,-20.0,20.0,103.72389721870422,-55.76116640658383
1350,13.5,-25.94079475779418,27.36407218461665,40.711641069125434,1.387898746063128,60.6179738841727,-15.305207398721002,2200.0,-20.0,20.0,103.71492671966553,-55.74663134970378
1351,13.51,-25.95029961017808,27.36728848292491,40.71910841998713,3.923749777329483,59.518365450606076,-11.784776608941032,2200.0,-20.0,20.0,103.70595622062683,-55.73434652907982
1352,13.52,-25.95869207379099,27.37017868259834,40.72725597662867,6.2167917826168795,58.36202069045758,-8.470138223680994,2200.0,-20.0,20.0,103.69698572158813,-55.72446049499481
1353,13.530000000000001,-25.965980868996258,27.372757311499104,40.73610442275125,8.282823140387048,57.15866470962242,-5.345107583237324,2200.0,-20.0,20.0,103.68801522254944,-55.71710448679461
1354,13.540000000000001,-25.972175159885744,27.37503901081248,40.74567417279646,10.138307472010963,55.91702467803607,-2.392828045389093,2200.0,-20.0,20.0,103.67904472351074,-55.71237937425813
1355,13.55,-25.97728455072458,27.377038529015234,40.75598536353654,11.79958837627659,54.64489355506184,0.40344053716937345,2200.0,-20.0,20.0,103.67007422447205,-55.71034623824596
1356,13.56,-25.98131908218875,27.37877071580083,40.76705784577926,13.282377930152776,53.34921426688694,3.0598068611435836,2200.0,-20.0,20.0,103.66110372543335,-55.71102457340079
1357,13.57,-25.984289227397174,27.380250515964764,40.77891117619238,14.60145157631188,52.03617158829101,5.591439342862229,2200.0,-20.0,20.0,103.65213322639465,-55.71439891226997
1358,13.58,-25.986205887740162,27.381492963253486,40.79156460925201,15.770490984972865,50.71128358863365,8.012404987036705,2200.0,-20.0,20.0,103.64316272735596,-55.72043088251652
1359,13.59,-25.987080388507703,27.38251317418715,40.8050370893229,16.802028133711666,49.37948782340735,10.335609300938216,2200.0,-19.564318656921387,20.0,103.63419222831726,-55.72907215394988
1360,13.6,-25.986924474345862,27.383326341882594,40.81934724286349,17.70745396566936,48.04521937881519,12.572801763050432,2200.0,-16.76018714904785,20.0,103.62522172927856,-55.74027494991985
1361,13.61,-25.985750304662297,27.383947729826936,40.83451337060675,18.49706360901009,46.712479062208374,14.734621262238212,2200.0,-13.793368339538574,20.0,103.61625123023987,-55.75399819901608
1362,13.620000000000001,-25.983570449128983,27.384392665838853,40.85055343978833,19.18012459228024,45.38489328911923,16.83066526566339,2200.0,-10.632269382476807,20.0,103.60728073120117,-55.77021119700722
1363,13.63,-25.980397883253445,27.38467653633262,40.86748507642285,19.764955866982135,44.06576665256927,18.869569988702885,2200.0,-7.274239659309387,20.0,103.59831023216248,-55.788893087799444
1364,13.64,-25.97624598428627,27.384814780893482,40.88532555753607,20.25900783950173,42.758128020756985,20.859094674301147,2200.0,-3.7530916929244995,20.0,103.58933973312378,-55.81003290274437
1365,13.65,-25.97112852738231,27.38482288741449,40.9040918035096,20.668942430813267,41.46477455693491,22.806206692653276,2200.0,-0.13011157512664795,20.0,103.58036923408508,-55.83362797447677
1366,13.66,-25.965059681853173,27.384716386384234,40.923800370311355,21.000722427523648,40.18831770662853,24.717169705822943,2200.0,3.528199791908264,20.0,103.57139873504639,-55.859681390929104
1367,13.67,-25.958054007348213,27.38451085469081,40.94446744528044,21.259777522134932,38.931214708654906,26.597619305142754,2200.0,7.174301743507384,20.0,103.56242823600769,-55.88817983716358
1368,13.68,-25.950126445236936,27.38422189872261,40.96610883934939,21.451044758905216,37.69578575711705,28.452622306642606,2200.0,10.792303085327148,20.0,103.553457736969,-55.919147074336806
1369,13.69,-25.941292314132497,27.383865162902335,40.98873998512773,21.57907362943787,36.48422628462967,30.286725422089937,2200.0,14.39124822616577,20.0,103.5444872379303,-55.95258149544504
1370,13.700000000000001,-25.9315673023015,27.38345631634957,41.01237592915852,21.648033285317652,35.298619016282935,32.104004737657206,2200.0,17.98227548599243,20.0,103.5355167388916,-55.988494713329246
1371,13.71,-25.920967461475936,27.383011048276213,41.037031326280704,21.661749007372126,34.140946270407376,33.908112989059745,2200.0,20.0,20.0,103.5265462398529,-56.02689957860784
1372,13.72,-25.909509201109053,27.38254506219647,41.062720432949796,21.62375074210007,33.01309826988663,35.702319965228476,2200.0,20.0,20.0,103.51757574081421,-56.067808798120964
1373,13.73,-25.897209282395252,27.382074070351898,41.08945710095358,21.53732426770123,31.91687728460319,37.48954589190136,2200.0,20.0,20.0,103.50860524177551,-56.11123409265479
1374,13.74,-25.8840848120106,27.38161378791359,41.117254771542086,21.405554182826126,30.854001092139164,39.272390198029235,2200.0,20.0,20.0,103.49963474273682,-56.15718583154966
1375,13.75,-25.87015323563782,27.38117992678085,41.14612646982587,21.231356779437316,29.826107411865753,41.05315827626294,2200.0,20.0,20.0,103.49066424369812,-56.20567346142205
1376,13.76,-25.855432331360305,27.380788189153602,41.17608479937953,21.017507704277484,28.834758075213564,42.83388600418211,2200.0,20.0,20.0,103.48169374465942,-56.25670537072546
1377,13.77,-25.83994020297268,27.380454260944244,41.20714193694219,20.76666665400779,27.88144193690258,44.616361668116824,2200.0,20.0,20.0,103.47272324562073,-56.3102886938345
1378,13.780000000000001,-25.823695273177858,27.38019380510229,41.239309627218105,20.481399809386915,26.96757616846795,46.40214534349286,2200.0,20.0,20.0,103.46375274658203,-56.366429128620105
1379,13.790000000000001,-25.806716276646824,27.38002245490198,41.27259917779494,20.16420015062619,26.09450603241461,48.192586064849536,2200.0,20.0,20.0,103.45478224754333,-56.42513078741976
1380,13.8,-25.78902225292783,27.379955807221656,41.30702145419889,19.81750564969627,25.26350341896332,49.9888372174273,2200.0,20.0,20.0,103.44581174850464,-56.4863960831421
1381,13.81,-25.77063253919945,27.380009415828933,41.34258687510299,19.443715333796643,24.475764440015688,51.791870569381175,2200.0,20.0,20.0,103.43684124946594,-56.550225646549684
1382,13.82,-25.75156676286686,27.3801987846777,41.379305407700855,19.0452032513042,23.73240632286004,53.60248930697238,2200.0,20.0,20.0,103.42787075042725,-56.61661826882845
1383,13.83,-25.731844834003258,27.380539361219668,41.41718656325468,18.624330408194854,23.034463788231257,55.42134037215609,2200.0,20.0,20.0,103.41890025138855,-56.68557086363642
1384,13.84,-25.711486937639748,27.381046529732373,41.456239392823605,18.18345476726512,22.38288505478287,57.248926346866156,2200.0,20.0,20.0,103.40992975234985,-56.75707844388856
1385,13.85,-25.690513525907345,27.381735604665916,41.49647248317689,17.724939414515276,21.778527586731197,59.08561708296114,2200.0,20.0,20.0,103.40095925331116,-56.83113410994335
1386,13.86,-25.66894531003497,27.382621824011224,41.53789395289593,17.251159001220472,21.22215368858175,60.931661238816254,2200.0,20.0,20.0,103.39198875427246,-56.90772904698214
1387,13.870000000000001,-25.646803252207118,27.383720342693273,41.58051144866828,16.764504571267235,20.71442604488209,62.787197849946075,2200.0,20.0,20.0,103.38301825523376,-56.98685253020701
1388,13.88,-25.624108557285084,27.385046225992905,41.6243321417773,16.267386884667832,20.255903299587807,64.65226802978758,2200.0,20.0,20.0,103.37404775619507,-57.06849193695257
1389,13.89,-25.60088266439548,27.386614443001108,41.66936272479026,15.762238351421026,19.847035766276104,66.52682686666438,2200.0,20.0,20.0,103.36507725715637,-57.15263276505209
1390,13.9,-25.57714723838995,27.388439860109727,41.715609408448366,15.251513695422597,19.48816135572565,68.41075555373125,2200.0,20.0,20.0,103.35610675811768,-57.23925865694475
1391,13.91,-25.552924161180012,27.390537234542492,41.76307791876139,14.737689475456182,19.17950180076371,70.3038737605725,2200.0,20.0,20.0,103.34713625907898,-57.32835142906268
1392,13.92,-25.52823552295112,27.392921207930254,41.811773494309776,14.223262598499746,18.92115924969566,72.20595222853537,2200.0,20.0,20.0,103.33816576004028,-57.41989110606786
1393,13.93,-25.503103613260162,27.395606299934357,41.86170088375683,13.71074796864083,18.713113289223408,74.11672554741713,2200.0,20.0,20.0,103.32919526100159,-57.51385595956005
1394,13.94,-25.477550912020664,27.398606901921887,41.91286434357343,13.202675421788983,18.555218445794736,76.03590504934581,2200.0,20.0,20.0,103.32022476196289,-57.61022255089124
1395,13.950000000000001,-25.451600080380178,27.401937270696664,41.965267635977334,12.701586101212767,18.447202201124956,77.96319173710468,2200.0,20.0,20.0,103.3112542629242,-57.708965777756596
1396,13.96,-25.425273951494354,27.405611522289703,42.01891402708937,12.210028430963158,18.388663543557538,79.89828914912945,2200.0,20.0,20.0,103.3022837638855,-57.81005892425978
1397,13.97,-25.398595521202374,27.40964362581293,42.073806285308194,11.730553842900397,18.379072062378327,81.84091605218619,2200.0,20.0,20.0,103.2933132648468,-57.913473714170166
1398,13.98,-25.371587938608513,27.41404739737979,42.129946679905395,11.265712407934704,18.417767577583113,83.79081884541299,2200.0,20.0,20.0,103.2843427658081,-58.01918036710235
1399,13.99,-25.344274496574666,27.41883649409651,42.18733697984245,10.818048513011679,18.503960283358662,85.7477835558525,2200.0,20.0,20.0,103.27537226676941,-58.127147657383496
1400,14.0,-25.31667862212883,27.424024408127565,42.24597845281095,10.39009671229847,18.636731370106123,87.71164730553734,2200.0,20.0,20.0,103.26640176773071,-58.237342975353215
1401,14.01,-25.288823866794566,27.429624460838966,42.3058718644972,9.984377864098915,18.81503407762283,89.68230913315331,2200.0,20.0,20.0,103.25743126869202,-58.349732390884284
1402,14.02,-25.26073389684662,27.43564979702295,42.36701747807222,9.603395644522758,19.037695121447193,91.65974005866548,2200.0,20.0,20.0,103.24846076965332,-58.46428071888684
1403,14.030000000000001,-25.232432483497874,27.442113379207488,42.42941505390805,9.249633505258627,19.30341642568254,93.64399228631834,2200.0,20.0,20.0,103.23949027061462,-58.58095158658592
1404,14.040000000000001,-25.20394349302299,27.4490279820541,42.493063849520986,8.92555211641492,19.610777089121903,95.63520744925304,2200.0,20.0,20.0,103.23051977157593,-58.699707502361846
1405,14.05,-25.175290876824086,27.45640618684734,42.55796261974221,8.63358730681045,19.95823550739474,97.63362380673642,2200.0,20.0,20.0,103.22154927253723,-58.82050992593511
1406,14.06,-25.146498661443918,27.464260376079196,42.62410961711617,8.376148483824885,20.344131572285335,99.63958231177804,2200.0,20.0,20.0,103.21257877349854,-58.94331933969375
1407,14.07,-25.117590938532008,27.472602728131747,42.69150259252681,8.15561748343375,20.7666888704105,101.6535314718472,2200.0,20.0,20.0,103.20360827445984,-59.06809532095395
1408,14.08,-25.08859185476938,27.481445212061132,42.76013879605164,7.974347768770758,21.224016807120595,103.67603092770112,2200.0,20.0,20.0,103.19463777542114,-59.19479661495681
1409,14.09,-25.059525601757407,27.490799582485977,42.83001497804346,7.834663862838419,21.714112587797494,105.70775367433467,2200.0,20.0,20.0,103.18566727638245,-59.323381208395865
1410,14.1,-25.030416405876498,27.500677374583272,42.90112739043918,7.73886086810478,22.234862997641226,107.74948684322054,2200.0,20.0,20.0,103.17669677734375,-59.45380640327306
1411,14.11,-25.001288518120244,27.511089899194587,42.97347178829541,7.68920389293255,22.784045932530706,109.8021309560367,2200.0,20.0,20.0,103.16772627830505,-59.58602889089921
1412,14.120000000000001,-24.9721662039108,27.522048238045482,43.04704343154983,7.687927172283074,23.359331647601753,111.86669754677975,2200.0,20.0,20.0,103.15875577926636,-59.72000482582793
1413,14.13,-24.943073732901176,27.533563239080834,43.12183708700758,7.737232638217281,23.95828370679582,113.94430503178725,2200.0,20.0,20.0,103.14978528022766,-59.85568989954986
1414,14.14,-24.91403536877025,27.545645511918718,43.197847030551465,7.8392876647164265,24.57835963583211,116.0361726860982,2200.0,20.0,20.0,103.14081478118896,-59.99303941374274
1415,14.15,-24.88507535901616,27.55830542342536,43.27506704957474,7.9962216818653244,25.216911302883265,118.14361256066718,2200.0,20.0,20.0,103.13184428215027,-60.132008352906226
1416,14.16,-24.85621792475399,27.571553093413648,43.35349044563502,8.210121327331478,25.87118507575858,120.26801914941602,2200.0,20.0,20.0,103.12287378311157,-60.27255145618712
1417,14.17,-24.827487250523337,27.585398390467482,43.433110037327694,8.48302377964773,26.538321831665066,122.41085658976789,2200.0,20.0,20.0,103.11390328407288,-60.41462328822926
1418,14.18,-24.798907474111598,27.599850927894213,43.51391816337708,8.816907899913648,27.2153569256326,124.57364315753846,2200.0,20.0,20.0,103.10493278503418,-60.55817830886588
1419,14.19,-24.770502676398685,27.614920059807236,43.595906685943255,9.213682798700747,27.899220256365837,126.75793279993734,2200.0,20.0,20.0,103.09596228599548,-60.703170941494164
1420,14.200000000000001,-24.74229687122885,27.630614877340843,43.67906699414264,9.675173446529326,28.586736603364407,128.96529344288277,2200.0,20.0,20.0,103.08699178695679,-60.84955563996149
1421,14.21,-24.714313995315248,27.646944204999087,43.76339000777987,10.20310296348537,29.274626446131922,131.19728181556394,2200.0,20.0,20.0,103.07802128791809,-60.99728695380691
1422,14.22,-24.68657789818295,27.66391659714052,43.848866181288614,10.799071261492514,29.95950751431363,133.45541456183096,2200.0,20.0,20.0,103.0690507888794,-61.1463195917093
1423,14.23,-24.659112332155892,27.68154033460042,43.93548550787879,11.464529777370995,30.63789735533428,135.74113546090143,2200.0,20.0,20.0,103.0600802898407,-61.2966084829941
1424,14.24,-24.631940942393307,27.699823421452045,44.02323752388733,12.200752132551749,31.306217241648667,138.05577866584136,2200.0,20.0,20.0,103.051109790802,-61.44810883705307
1425,14.25,-24.605087256981168,27.718773581908305,44.112111313329734,13.008800692744577,31.96079777044912,140.4005279942117,2200.0,20.0,20.0,103.0421392917633,-61.60077620055741
1426,14.26,-24.578574677083946,27.738398257365166,44.2020955126493,13.889489183852787,32.59788653122056,142.77637247726068,2200.0,20.0,20.0,103.03316879272461,-61.75456651232237
1427,14.27,-24.55242646716206,27.75870460358794,44.29317831566096,14.8433417530986,33.21365822672368,145.18405859638492,2200.0,20.0,20.0,103.02419829368591,-61.90943615571921
1428,14.280000000000001,-24.526665745260313,27.779699488041494,44.38534747868637,15.870549147640615,33.80422762594327,147.62403990936562,2200.0,20.0,20.0,103.01522779464722,-62.0653420085139
1429,14.290000000000001,-24.501315473372372,27.8013894873653,44.478590325876894,16.97092301301114,34.36566569791143,150.0964250902884,2200.0,20.0,20.0,103.00625729560852,-62.22224149003524
1430,14.3,-24.4763984478865,27.82378088499411,44.57289375472088,18.143849679832883,34.894019217697014,152.60092576544298,2200.0,20.0,20.0,102.99728679656982,-62.38009260557513
1431,14.31,-24.451937290117428,27.846879668924974,44.668244241731664,19.388245190444646,35.385334045403695,155.1368059038548,2200.0,20.0,20.0,102.98831629753113,-62.53885398793963
1432,14.32,-24.427954436929348,27.870691529631046,44.76462784831249,20.702513688600167,35.835682152337,157.70283488670586,2200.0,20.0,20.0,102.97934579849243,-62.69848493606597
1433,14.33,-24.404472131454696,27.895221858122714,44.86203022679456,22.084511616965628,36.24119230463734,160.29724669639205,2200.0,20.0,20.0,102.97037529945374,-62.85894545064502
1434,14.34,-24.38151241391355,27.92047574415627,44.96043662664406,23.531520392295626,36.59808411624833,162.91770788683465,2200.0,20.0,20.0,102.96140480041504,-63.02019626668277
1435,14.35,-24.359097112538084,27.946457974590334,45.0598319008344,25.04023030612855,36.90270495728571,165.5612970710664,2200.0,20.0,20.0,102.95243430137634,-63.18219888295923
1436,14.36,-24.337247834606586,27.97317303189007,45.16020051237932,26.60673828070164,37.15156896305773,168.2244985410711,2200.0,20.0,20.0,102.94346380233765,-63.344915588334345
1437,14.370000000000001,-24.3159859575914,28.00062509277918,45.26152654102265,28.226561756654064,37.34139715079126,170.9032122793818,2200.0,20.0,20.0,102.93449330329895,-63.50830948487368
1438,14.38,-24.295332620424926,28.02881802703941,45.36379369008055,29.89467038173115,37.469157437417806,173.59278201276734,2200.0,20.0,20.0,102.92552280426025,-63.67234450777626
1439,14.39,-24.27530871488781,28.057755396457342,45.466985293431804,31.60553631713886,37.53210318694457,176.28804210435595,2200.0,20.0,20.0,102.91655230522156,-63.83698544208245
1440,14.4,-24.25593487712328,28.087440453918035,45.571084322651714,33.35320292405166,37.527808823771544,178.98338302534745,2200.0,20.0,20.0,102.90758180618286,-64.00219793616539
1441,14.41,-24.237231479281412,28.117876142645006,45.67607339428513,35.13137041609462,37.45420104857451,-178.3271660299774,2200.0,20.0,20.0,102.89861130714417,-64.16794851200909
1442,14.42,-24.21921862129702,28.149065095585883,45.781934777254186,36.933495873259986,37.309584298056464,-175.6498400131463,2200.0,20.0,20.0,102.88964080810547,-64.33420457229082
1443,14.43,-24.20191612280475,28.181009634943003,45.888650400396024,38.75290393465642,37.092659300195415,-172.99103007990834,2200.0,20.0,20.0,102.88067030906677,-64.5009344042882
1444,14.44,-24.185343515194706,28.213711771848164,45.996201860126014,40.58290364658541,36.80253388147131,-170.357169384945,2200.0,20.0,20.0,102.87169981002808,-64.66810718064696
1445,14.450000000000001,-24.169520033811985,28.247173206180474,46.10457042822178,42.41690644210271,36.43872555886164,-167.7546176601619,2200.0,20.0,20.0,102.86272931098938,-64.83569295705881
1446,14.46,-24.154464610303116,28.281395326526333,46.213737059723414,44.248540132189206,36.001155864696976,-165.18954972003013,2200.0,20.0,20.0,102.85375881195068,-65.00366266688121
1447,14.47,-24.140195865112492,28.31637921028038,46.323682400945145,46.071754109417284,35.490136769089915,-162.66785271682497,2200.0,20.0,20.0,102.84478831291199,-65.17198811278524
1448,14.48,-24.12673210013157,28.352125623886153,46.43438679759388,47.88091166128807,34.906349945196645,-160.19503627251845,2200.0,20.0,20.0,102.83581781387329,-65.34064195547437
1449,14.49,-24.114091291503524,28.388635023215137,46.54583030298977,49.670866275061755,34.25081993489381,-157.7761586296891,2200.0,20.0,20.0,102.8268473148346,-65.50959769957568
1450,14.5,-24.102291082585946,28.425907554082784,46.657992686384276,51.43701997133884,33.52488249398724,-155.41577080875206,2200.0,20.0,20.0,102.8178768157959,-65.67882967675803
1451,14.51,-24.09134877707395,28.46394305290003,46.77085344137097,53.17536290202614,32.73014951584734,-153.1178795609123,2200.0,20.0,20.0,102.8089063167572,-65.84831302620422
1452,14.52,-24.081281332285943,28.502741047458667,46.88439179438435,54.88249457098476,31.86847195151601,-150.88592878423646,2200.0,20.0,20.0,102.7999358177185,-66.01802367250173
1453,14.530000000000001,-24.072105352614212,28.542300757848974,46.998586713282165,56.55562798886549,30.941902074084823,-148.72279811784963,2200.0,20.0,20.0,102.79096531867981,-66.18793830108396
1454,14.540000000000001,-24.063837083142214,28.582621097507857,47.11341691600643,58.19257879740708,29.95265629404515,-146.63081670650735,2200.0,20.0,20.0,102.78199481964111,-66.35803433131831
1455,14.55,-24.056492403430532,28.6237006743957,47.22886087931873,59.79174186845703,28.903079542791716,-144.61178965906922,2200.0,20.0,20.0,102.77302432060242,-66.52828988737208
1456,14.56,-24.050086821473023,28.66553779230004,47.34489684760508,61.352058106609825,27.795612026162505,-142.66703450226012,2200.0,20.0,20.0,102.76405382156372,-66.69868376696724
1457,14.57,-24.044635467824847,28.708130452264182,47.4615028417459,62.87297419275146,26.632758929379456,-140.79742492447807,2200.0,20.0,20.0,102.75508332252502,-66.86919540816841
1458,14.58,-24.040153089903704,28.751476354138774,47.57865666804663,64.35439784445404,25.41706344555938,-139.00343926783646,2200.0,20.0,20.0,102.74611282348633,-67.0398048543268
1459,14.59,-24.036654046465607,28.795572898254225,47.69633592722446,65.79665088898479,24.15108331378764,-137.2852115092057,2200.0,20.0,20.0,102.73714232444763,-67.21049271732778
1460,14.6,-24.034152302256306,28.840417187212026,47.81451802344696,67.20042209474467,22.837370896612164,-135.64258282372535,2200.0,20.0,20.0,102.72817182540894,-67.3812401392805
1461,14.61,-24.0326614228394,28.88600602779271,47.93318017341802,68.56672132962893,21.47845670355992,-134.07515220471853,2200.0,20.0,20.0,102.71920132637024,-67.55202875279524
1462,14.620000000000001,-24.032194569602005,28.932335932978358,48.05229941550717,69.89683624329581,20.07683617647308,-132.5823249889967,2200.0,20.0,20.0,102.71023082733154,-67.72284064001629
1463,14.63,-24.032764494938807,28.979403124087415,48.17185261891775,71.19229232801433,18.634959491400668,-131.16335848284328,2200.0,20.0,20.0,102.70126032829285,-67.89365829053179
1464,14.64,-24.03438353761504,29.02720353301961,48.29181649289001,72.45481691392851,17.1552240963984,-129.81740418724752,2200.0,20.0,20.0,102.69228982925415,-68.06446455833739
1465,14.65,-24.03706361830904,29.075732804608634,48.41216759593501,73.68630740596208,15.639969690197034,-128.54354637449416,2200.0,20.0,20.0,102.68331933021545,-68.23524261802577
1466,14.66,-24.04081623533472,29.12498629908042,48.53288234509534,74.88880387218727,14.091475348660387,-127.34083697103564,2200.0,20.0,20.0,102.67434883117676,-68.40597592031766
1467,14.67,-24.045652460544254,29.174959094614525,48.653937025228636,76.06446594434577,12.51195851993258,-126.2083268566269,2200.0,20.0,20.0,102.66537833213806,-68.57664814712902
1468,14.68,-24.05158293541127,29.22564599000646,48.7753077983103,77.21555388499596,10.9035756313708,-125.14509380229455,2200.0,20.0,20.0,102.65640783309937,-68.74724316632522
1469,14.69,-24.058617867294515,29.277041507428503,48.89697071275142,78.34441360595177,9.268424078719104,-124.15026734633803,2200.0,20.0,20.0,102.64743733406067,-68.91774498631841
1470,14.700000000000001,-24.06676702588216,29.329139895286705,49.018901712728294,79.45346538247524,7.608545398161414,-123.22305095493782,2200.0,20.0,20.0,102.63846683502197,-69.08813771066932
1471,14.71,-24.076039739816462,29.381935131171677,49.141076647520116,80.54519599061736,5.925929452975125,-122.36274183839966,2200.0,20.0,20.0,102.62949633598328,-69.25840549284675
1472,14.72,-24.086444893498765,29.435420924900836,49.26347128085106,81.62215399532127,4.22251949733368,-121.5687488012534,2200.0,20.0,20.0,102.62052583694458,-69.42853249131649
1473,14.73,-24.097990924074505,29.48959072164972,49.38606130023356,82.68694792937484,2.5002180095572077,-120.84060849909132,2200.0,20.0,20.0,102.61155533790588,-69.59850282509474
1474,14.74,-24.110685818597844,29.54443770517003,49.50882232630935,83.742247123799,0.7608932152377009,-120.17800046094763,2200.0,20.0,20.0,102.60258483886719,-69.76830052993455
1475,14.75,-24.124537111375574,29.599954801092032,49.63172992218508,84.79078497530678,-0.9936137529607694,-119.58076121608269,2200.0,20.0,20.0,102.59361433982849,-69.93790951528285
1476,14.76,-24.139551881489762,29.65613468030897,49.75475960275924,85.83536446321195,-2.76148108741021,-119.04889784023669,2200.0,20.0,20.0,102.5846438407898,-70.10731352216919
1477,14.77,-24.15573675049856,29.712969762441183,49.87788684403757,86.87886575422867,-4.540897935264152,-118.58260120995857,2200.0,20.0,20.0,102.5756733417511,-70.27649608215057
1478,14.780000000000001,-24.17309788031458,29.77045221937763,50.001087092433586,87.92425575691178,-6.330055410203172,-118.18225922498644,2200.0,20.0,20.0,102.5667028427124,-70.44544047747378
1479,14.790000000000001,-24.191640971260153,29.828573978892468,50.12433577405183,88.97459950610272,-8.127136950518276,-117.8484702276279,2200.0,20.0,20.0,102.5577323436737,-70.6141297025675
1480,14.8,-24.211371260298705,29.887326728334465,50.24760830395056,90.03307326967587,-9.93030796899016,-117.58205681375154,2200.0,20.0,20.0,102.54876184463501,-70.7825464270077
1481,14.81,-24.2322935194415,29.946701918387,50.37088009538149,91.10297927288995,-11.737704722296938,-117.38408019071794,2200.0,20.0,20.0,102.53979134559631,-70.95067296008521
1482,14.82,-24.254412054328892,30.006690766896398,50.49412656900382,92.1877619270451,-13.547422310882604,-117.25585519092306,2200.0,20.0,20.0,102.53082084655762,-71.11849121708372
1483,14.83,-24.277730702985224,30.06728426276646,50.61732316206999,93.29102542555698,-15.357501704724973,-117.19896599221731,2200.0,20.0,20.0,102.52185034751892,-71.28598268738747
1484,14.84,-24.302252834746476,30.128473169916976,50.74044533758076,94.41655252766611,-17.1659156765649,-117.21528252384431,2200.0,20.0,20.0,102.51287984848022,-71.4531284045319
1485,14.85,-24.327981349359696,30.190248031304122,50.8634685934072,95.5683242822552,-18.970553512566244,-117.30697744290055,2200.0,20.0,20.0,102.50390934944153,-71.61990891828607
1486,14.86,-24.354918676253284,30.252599173000675,50.98636847137718,96.75054034456507,-20.769204362250086,-117.47654344425206,2200.0,20.0,20.0,102.49493885040283,-71.78630426888982
1487,14.870000000000001,-24.383066773977088,30.315516708333917,51.10912056632439,97.96763939803289,-22.559539086710636,-117.72681050707226,2200.0,20.0,20.0,102.48596835136414,-71.95229396348768
1488,14.88,-24.412427129811356,30.37899054207932,51.231700535097325,99.22431900092083,-24.339090468903066,-118.0609624722312,2200.0,20.0,20.0,102.47699785232544,-72.11785695490876
1489,14.89,-24.443000759543455,30.44301037470792,51.3540841055266,100.52555391943798,-26.105231665985542,-118.48255207292144,2200.0,20.0,20.0,102.46802735328674,-72.28297162278758
1490,14.9,-24.474788207411397,30.50756570668555,51.47624708534818,101.87661166998124,-27.85515281605758,-118.99551319012775,2200.0,20.0,20.0,102.45905685424805,-72.44761575717261
1491,14.91,-24.507789546213026,30.572645842821938,51.598165371080775,103.28306355550995,-29.58583576690575,-119.60416865713245,2200.0,20.0,20.0,102.45008635520935,-72.61176654462608
1492,14.92,-24.542004377579886,30.638239896667898,51.7198149568555,104.75078892711505,-31.294026981209985,-120.31323137511828,2200.0,20.0,20.0,102.44111585617065,-72.77540055689451
1493,14.93,-24.577431832414693,30.704336794958756,51.84117194319587,106.28596971609011,-32.97620880230669,-121.12779580940453,2200.0,20.0,20.0,102.43214535713196,-72.93849374218469
1494,14.94,-24.614070571491336,30.770925282102276,51.96221254574636,107.89507145597868,-34.62856945086166,-122.05331610443787,2200.0,20.0,20.0,102.42317485809326,-73.10102141910794
1495,14.950000000000001,-24.651918786216374,30.837993924709313,52.082913103947874,109.58480605502291,-36.246972382008884,-123.0955660920434,2200.0,20.0,20.0,102.41420435905457,-73.26295827326909
1496,14.96,-24.690974199550965,30.90553111616558,52.20325008965837,111.36207052145733,-37.826925982731936,-124.26057540575111,2200.0,20.0,20.0,102.40523386001587,-73.4242783565891
1497,14.97,-24.731234067092224,30.973525081242855,52.32320011571701,113.23385476654673,-39.36355504815659,-125.55453483348211,2200.0,20.0,20.0,102.39626336097717,-73.58495508932236
1498,14.98,-24.772695178312933,31.04196388074801,52.442739944450224,115.20711066124849,-40.85157605655565,-126.98366308948955,2200.0,20.0,20.0,102.38729286193848,-73.74496126480923
1499,14.99,-24.815353857958623,31.110835416208392,52.561846496118164,117.28857394680364,-42.285278968752976,-128.5540266089933,2200.0,20.0,20.0,102.37832236289978,-73.90426905694044
1500,15.0,-24.859205967601028,31.180127434591963,52.68049685729996,119.48453076720072,-43.65851909007532,-130.27130413515138,2200.0,20.0,20.0,102.36935186386108,-74.06285003033366
1501,15.01,-24.904246907346913,31.24982753306081,52.79866828921627,121.80052201309326,-44.96472339827962,-132.1404892885587,2200.0,20.0,20.0,102.36038136482239,-74.22067515322202
1502,15.02,-24.95047161770132,31.319923163756535,52.91633823598777,124.24098197867715,-46.196916552753486,-134.16552762058387,2200.0,20.0,20.0,102.35141086578369,-124.37771481298707
