Step,Time,X,Y,Z,Roll,Pitch,Yaw,Thrust,GimbalYaw,GimbalPitch,Mass,Reward
0,0,-1.5162365180549984,-1.7849212128759557,11.0,4.20247380824906,-7.11388064985147,-0.26134331285672713,0.0,0.0,0.0,110.0,0.0
1,0.01,-1.5008987561759062,-1.7841786305426681,10.972106145958886,4.203205232581704,-7.113359122500249,-0.26549775735067765,0.0,-20.0,-20.0,110.0,-8.292176537876546
2,0.02,-1.4855616403211178,-1.783435388630412,10.94421225954086,4.205155144322132,-7.112128447056626,-0.27973844134157044,0.0,-20.0,-20.0,110.0,-8.264213906695284
3,0.03,-1.4702245309984932,-1.7826921403643716,10.916318372769554,4.206339686140289,-7.111422955017941,-0.2893322203834536,0.0,-20.0,-20.0,110.0,-8.234620442817981
4,0.04,-1.4548874958948543,-1.7819488168291253,10.888424482244007,4.20721246874293,-7.110928226717167,-0.29694215190152873,0.0,-20.0,-20.0,110.0,-8.205752351549227
5,0.05,-1.4395504719338523,-1.7812054841010638,10.8605305909996,4.2080790679811635,-7.1104444410087835,-0.30459436126525874,0.0,-20.0,-20.0,110.0,-8.177102614747271
6,0.06,-1.4242134357050105,-1.7804621676534063,10.832636700093671,4.209026638844037,-7.1099116684619865,-0.31282804801840985,0.0,-20.0,-20.0,110.0,-8.148479529394267
7,0.07,-1.4088763805085829,-1.7797188736939729,10.80474280990855,4.210052728107516,-7.109328550513782,-0.32157659134990246,0.0,-20.0,-20.0,110.0,-8.119838351179482
8,0.08,-1.39353930695114,-1.7789756010078743,10.776848920457743,4.21113491786356,-7.108708085923153,-0.33065647673952814,0.0,-20.0,-20.0,110.0,-8.091183709769535
9,0.09,-1.3782022180405427,-1.7782323463289809,10.748955031604941,4.212252473966028,-7.108063063003247,-0.33991821808484146,0.0,-20.0,-20.0,110.0,-8.062527264861515
10,0.1,-1.3628651173443254,-1.7774891054033362,10.721061143216348,4.213390899593611,-7.1074027669126485,-0.34926988017754373,0.0,-20.0,-20.0,110.0,-8.03387902958211
11,0.11,-1.3475280081221197,-1.7767458741943503,10.693167255180692,4.214541440068884,-7.106733017277703,-0.3586633825227348,0.0,-20.0,-20.0,110.0,-8.005245492676615
12,0.12,-1.3321908928501662,-1.7760026496923955,10.665273367409256,4.2156990706546225,-7.10605723278823,-0.36807570105215814,0.0,-20.0,-20.0,110.0,-7.976630012098614
13,0.13,-1.3168537732395251,-1.7752594296253454,10.637379479854882,4.216860838229218,-7.105377426780187,-0.3774962919570184,0.0,-20.0,-20.0,110.0,-7.948034267967051
14,0.14,-1.3015166504619595,-1.7745162119475062,10.609485592521255,4.2180248290290105,-7.104694817178054,-0.3869205580714014,0.0,-20.0,-20.0,110.0,-7.919459145498896
15,0.15,-1.2861795253988502,-1.7737729956433508,10.581591705372698,4.219189773364082,-7.104010170266936,-0.39634661437030294,0.0,-20.0,-20.0,110.0,-7.890905111312749
16,0.16,-1.270842398648142,-1.7730297797412442,10.553697818405785,4.220355072329457,-7.103324009675769,-0.4057736810294523,0.0,-20.0,-20.0,110.0,-7.862372493707605
17,0.17,-1.2555052706607825,-1.7722865639536642,10.525803931585209,4.221520440937956,-7.1026366912537195,-0.4152013902670008,0.0,-20.0,-20.0,110.0,-7.833861534299568
18,0.18,-1.2401681417401573,-1.7715433481434621,10.497910044883085,4.222685739988442,-7.1019484535440744,-0.42462954478373477,0.0,-20.0,-20.0,110.0,-7.805344037648623
19,0.19,-1.2248310120980495,-1.7708001322519904,10.470016158277216,4.22385090683952,-7.1012594600005094,-0.43405802191031995,0.0,-20.0,-20.0,110.0,-7.776494928994534
20,0.2,-1.2094938818886054,-1.7700569162831528,10.44212227174803,4.225015929461038,-7.100569834060145,-0.44348673057957494,0.0,-20.0,-20.0,110.0,-7.747662756058944
21,0.21,-1.1941567512623439,-1.7693137002822557,10.414228385273356,4.226180829562766,-7.099879683861103,-0.4529155931651888,0.0,-20.0,-20.0,110.0,-7.718847654722805
22,0.22,-1.1788196203472296,-1.768570484314064,10.386334498832428,4.227345660264066,-7.099189133180133,-0.4623445344040624,0.0,-20.0,-20.0,110.0,-7.690049758352621
23,0.23,-1.1634824892681712,-1.7678272684391776,10.35844061240516,4.228510451407784,-7.098498268900574,-0.4717735056588402,0.0,-20.0,-20.0,110.0,-7.661269210577983
24,0.24,-1.1481453580934131,-1.7670840526731957,10.330546725981865,4.229675208478048,-7.097807139053205,-0.48120248149567263,0.0,-20.0,-20.0,110.0,-7.6325061522818505
25,0.25,-1.1328082268567785,-1.766340837009858,10.302652839558771,4.230839925949725,-7.097115770688162,-0.4906314484400116,0.0,-20.0,-20.0,110.0,-7.603760724033735
26,0.26,-1.117471095577454,-1.7655976214355509,10.274758953134477,4.23200459333172,-7.096424179014935,-0.5000603992537836,0.0,-20.0,-20.0,110.0,-7.575033067108357
27,0.27,-1.1021339642663945,-1.7648544059344236,10.246865066708777,4.2331691986912965,-7.095732372692336,-0.5094893299265989,0.0,-20.0,-20.0,110.0,-7.546323323858884
28,0.28,-1.08679683293016,-1.7641111904912288,10.218971180281972,4.234333730649179,-7.095040356904405,-0.5189182381163943,0.0,-20.0,-20.0,110.0,-7.517631637930626
29,0.29,-1.0714597015731064,-1.7633679750927493,10.191077293854486,4.235498179377817,-7.094348135087716,-0.528347122351458,0.0,-20.0,-20.0,110.0,-7.488958154384857
30,0.3,-1.0561225701985402,-1.7626247597282962,10.163183407426692,4.236662536936188,-7.0936557098344375,-0.5377759816270246,0.0,-20.0,-20.0,110.0,-7.460303019773696
31,0.31,-1.0407854388092506,-1.761881544389634,10.135289520998844,4.237826797196089,-7.092963083312705,-0.5472048152041871,0.0,-20.0,-20.0,110.0,-7.431666382188806
32,0.32,-1.0254483074077083,-1.7611383290706102,10.107395634571086,4.238990955562562,-7.0922702574276615,-0.5566336225108802,0.0,-20.0,-20.0,110.0,-7.403048391296491
33,0.33,-1.0101111759961081,-1.760395113766693,10.079501748143477,4.2401550086333835,-7.091577233862575,-0.5660624030926102,0.0,-20.0,-20.0,110.0,-7.37444919836579
34,0.34,-0.994774044576362,-1.7596518984745406,10.051607861716024,4.2413189538837495,-7.090884014079379,-0.5754911565859258,0.0,-20.0,-20.0,110.0,-7.345868956293249
35,0.35000000000000003,-0.9794369131500905,-1.7589086831916552,10.023713975288706,4.242482789413823,-7.090190599316983,-0.5849198827014379,0.0,-20.0,-20.0,110.0,-7.317307819626408
36,0.36,-0.9640997817186329,-1.7581654679161298,9.995820088861496,4.243646513764867,-7.089496990600692,-0.594348581210628,0.0,-20.0,-20.0,110.0,-7.288765944586989
37,0.37,-0.9487626502830718,-1.757422252646479,9.967926202434368,4.2448101257934265,-7.088803188762991,-0.6037772519344199,0.0,-20.0,-20.0,110.0,-7.2602434890943455
38,0.38,-0.9334255188442699,-1.756679037381526,9.9400323160073,4.245973624588008,-7.088109194471047,-0.6132058947331237,0.0,-20.0,-20.0,110.0,-7.231740612789288
39,0.39,-0.9180883874029082,-1.7559358221203285,9.912138429580278,4.247137009413863,-7.08741500825581,-0.6226345094978268,0.0,-20.0,-20.0,110.0,-7.203257477058333
40,0.4,-0.9027512559595219,-1.7551926068621289,9.884244543153288,4.248300279675141,-7.086720630539109,-0.6320630961433212,0.0,-20.0,-20.0,110.0,-7.174794245058359
41,0.41000000000000003,-0.8874141245145315,-1.7544493916063189,9.856350656726322,4.2494634348873825,-7.0860260616568445,-0.6414916546024957,0.0,-20.0,-20.0,110.0,-7.146351081741566
42,0.42,-0.8720769930682688,-1.7537061763524104,9.828456770299377,4.250626474656303,-7.085331301877827,-0.6509201848220397,0.0,-20.0,-20.0,110.0,-7.117928153880809
43,0.43,-0.8567398616209955,-1.752962961100013,9.800562883872448,4.251789398660686,-7.084636351418546,-0.6603486867591887,0.0,-20.0,-20.0,110.0,-7.089525630095258
44,0.44,-0.8414027301729188,-1.7522197458488162,9.77266899744553,4.2529522066383185,-7.083941210454568,-0.6697771603792941,0.0,-20.0,-20.0,110.0,-7.061143680876362
45,0.45,-0.8260655987242036,-1.751476530598573,9.744775111018622,4.254114898374359,-7.083245879129292,-0.6792056056540001,0.0,-20.0,-20.0,110.0,-7.0327824786142275
46,0.46,-0.8107284672749807,-1.750733315349086,9.716881224591722,4.255277473691826,-7.082550357560708,-0.6886340225598737,0.0,-20.0,-20.0,110.0,-7.004442197624323
47,0.47000000000000003,-0.7953913358253543,-1.7499901001002005,9.688987338164829,4.256439932443859,-7.081854645846647,-0.6980624110773427,0.0,-20.0,-20.0,110.0,-6.976123014174609
48,0.48,-0.7800542043754072,-1.7492468848517926,9.66109345173794,4.2576022745075,-7.081158744068911,-0.7074907711898825,0.0,-20.0,-20.0,110.0,-6.94782510651305
49,0.49,-0.7647170729252052,-1.748503669603764,9.633199565311056,4.258764499778743,-7.080462652296534,-0.716919102883386,0.0,-20.0,-20.0,110.0,-6.919548654895544
50,0.5,-0.7493799414748008,-1.7477604543560368,9.605305678884175,4.259926608168617,-7.079766370588385,-0.7263474061456665,0.0,-20.0,-20.0,110.0,-6.891293841614296
51,0.51,-0.7340428100242355,-1.7470172391085492,9.577411792457296,4.2610885996000505,-7.0790698989952405,-0.7357756809660564,0.0,-20.0,-20.0,110.0,-6.863060851026599
52,0.52,-0.7187056785735426,-1.746274023861252,9.549517906030419,4.2622504740054366,-7.078373237561439,-0.7452039273350873,0.0,-20.0,-20.0,110.0,-6.834849869584078
53,0.53,-0.7033685471227482,-1.745530808614106,9.521624019603543,4.2634122313246685,-7.077676386326198,-0.7546321452442528,0.0,-20.0,-20.0,110.0,-6.806661085862366
54,0.54,-0.6880314156718732,-1.7447875933670798,9.493730133176669,4.264573871503608,-7.0769793453246725,-0.7640603346858071,0.0,-20.0,-20.0,110.0,-6.778494690591269
55,0.55,-0.6726942842209341,-1.7440443781201493,9.465836246749795,4.26573539449286,-7.076282114588783,-0.7734884956526061,0.0,-20.0,-20.0,110.0,-6.750350876685334
56,0.56,-0.6573571527699443,-1.7433011628732946,9.437942360322923,4.266896800246795,-7.075584694147889,-0.7829166281379818,0.0,-20.0,-20.0,110.0,-6.722229839274961
57,0.5700000000000001,-0.642020021318914,-1.7425579476265,9.410048473896051,4.26805808872278,-7.0748870840293145,-0.7923447321356514,0.0,-20.0,-20.0,110.0,-6.694131775737931
58,0.58,-0.6266828898678516,-1.7418147323797535,9.382154587469179,4.2692192598805665,-7.074189284258764,-0.8017728076396302,0.0,-20.0,-20.0,110.0,-6.666056885731465
59,0.59,-0.6113457584167638,-1.7410715171330449,9.354260701042309,4.270380313681801,-7.073491294860658,-0.8112008546441826,0.0,-20.0,-20.0,110.0,-6.638005371224734
60,0.6,-0.5960086269656556,-1.7403283018863664,9.326366814615438,4.271541250089632,-7.072793115858404,-0.82062887314376,0.0,-20.0,-20.0,110.0,-6.609977436531883
61,0.61,-0.5806714955145313,-1.7395850866397118,9.298472928188568,4.272702069068409,-7.072094747274592,-0.830056863132967,0.0,-20.0,-20.0,110.0,-6.581973288345584
62,0.62,-0.5653343640633943,-1.738841871393076,9.270579041761698,4.2738627705834356,-7.071396189131179,-0.8394848246065317,0.0,-20.0,-20.0,110.0,-6.553993135771039
63,0.63,-0.5499972326122472,-1.7380986561464553,9.242685155334827,4.275023354600768,-7.070697441449609,-0.84891275755928,0.0,-20.0,-20.0,110.0,-6.526037190360562
64,0.64,-0.534660101161092,-1.7373554408998466,9.214791268907957,4.276183821087068,-7.069998504250929,-0.8583406619861123,0.0,-20.0,-20.0,110.0,-6.498105666148646
65,0.65,-0.5193229697099302,-1.7366122256532472,9.186897382481087,4.277344170009476,-7.069299377555856,-0.8677685378819976,0.0,-20.0,-20.0,110.0,-6.470198779687571
66,0.66,-0.5039858382587634,-1.7358690104066554,9.159003496054217,4.278504401335517,-7.068600061384864,-0.8771963852419574,0.0,-20.0,-20.0,110.0,-6.442316750083547
67,0.67,-0.4886487068075926,-1.7351257951600692,9.131109609627346,4.279664515033016,-7.067900555758222,-0.8866242040610481,0.0,-20.0,-20.0,110.0,-6.4144597990334
68,0.68,-0.4733115753564186,-1.7343825799134878,9.103215723200476,4.280824511070044,-7.067200860696045,-0.8960519943343637,0.0,-20.0,-20.0,110.0,-6.386628150861788
69,0.6900000000000001,-0.45797444390524206,-1.7336393646669102,9.075321836773606,4.281984389414866,-7.066500976218322,-0.9054797560570172,0.0,-20.0,-20.0,110.0,-6.358822032559008
70,0.7000000000000001,-0.44263731245406346,-1.7328961494203352,9.047427950346737,4.2831441500359,-7.065800902344942,-0.9149074892241514,0.0,-20.0,-20.0,110.0,-6.331041673819328
71,0.71,-0.42730018100288325,-1.7321529341737625,9.019534063919869,4.284303792901687,-7.065100639095721,-0.9243351938309271,0.0,-20.0,-20.0,110.0,-6.303287307079893
72,0.72,-0.4119630495517017,-1.7314097189271915,8.991640177493,4.285463317980867,-7.064400186490414,-0.9337628698725144,0.0,-20.0,-20.0,110.0,-6.2755591675602105
73,0.73,-0.3966259181005192,-1.730666503680622,8.963746291066132,4.286622725242164,-7.063699544548729,-0.9431905173441003,0.0,-20.0,-20.0,110.0,-6.247857493302216
74,0.74,-0.3812887866493359,-1.7299232884340534,8.935852404639263,4.287782014654358,-7.062998713290339,-0.9526181362408812,0.0,-20.0,-20.0,110.0,-6.220182525210904
75,0.75,-0.365951655198152,-1.7291800731874856,8.907958518212395,4.288941186186287,-7.062297692734888,-0.9620457265580669,0.0,-20.0,-20.0,110.0,-6.192534507095552
76,0.76,-0.35061452374696744,-1.7284368579409184,8.880064631785526,4.290100239806831,-7.061596482902002,-0.9714732882908709,0.0,-20.0,-20.0,110.0,-6.164913685711559
77,0.77,-0.3352773922957826,-1.7276936426943517,8.852170745358658,4.291259175484902,-7.060895083811285,-0.9809008214345155,0.0,-20.0,-20.0,110.0,-6.137320310802851
78,0.78,-0.31994026084459737,-1.7269504274477852,8.824276858931789,4.292417993189437,-7.060193495482338,-0.9903283259842243,0.0,-20.0,-20.0,110.0,-6.109754635144902
79,0.79,-0.30460312939341194,-1.7262072122012189,8.79638297250492,4.293576692889397,-7.0594917179347485,-0.9997558019352308,0.0,-20.0,-20.0,110.0,-6.082216914588389
80,0.8,-0.28926599794222624,-1.7254639969546528,8.768489086078052,4.294735274553771,-7.058789751188103,-1.0091832492827724,0.0,-20.0,-20.0,110.0,-6.05470740810341
81,0.81,-0.2739288664910404,-1.7247207817080867,8.740595199651183,4.295893738151553,-7.058087595261981,-1.0186106680220957,0.0,-20.0,-20.0,110.0,-6.027226377824363
82,0.8200000000000001,-0.2585917350398545,-1.7239775664615207,8.712701313224315,4.297052083651756,-7.057385250175961,-1.0280380581484456,0.0,-20.0,-20.0,110.0,-5.99977408909542
83,0.8300000000000001,-0.24325460358866843,-1.7232343512149546,8.684807426797446,4.298210311023401,-7.0566827159496235,-1.0374654196570736,0.0,-20.0,-20.0,110.0,-5.972350810516639
84,0.84,-0.22791747213748229,-1.7224911359683883,8.656913540370578,4.2993684202355205,-7.055979992602549,-1.0468927525432357,0.0,-20.0,-20.0,110.0,-5.94495681399071
85,0.85,-0.21258034068629608,-1.721747920721822,8.62901965394371,4.300526411257157,-7.055277080154321,-1.0563200568021878,0.0,-20.0,-20.0,110.0,-5.917592374770314
86,0.86,-0.19724320923510982,-1.7210047054752555,8.60112576751684,4.301684284057361,-7.0545739786245205,-1.0657473324291922,0.0,-20.0,-20.0,110.0,-5.890257771506141
87,0.87,-0.18190607778392354,-1.720261490228689,8.573231881089972,4.302842038605186,-7.053870688032736,-1.075174579419517,0.0,-20.0,-20.0,110.0,-5.862953286295531
88,0.88,-0.16656894633273722,-1.7195182749821223,8.545337994663104,4.303999674869695,-7.053167208398562,-1.084601797768432,0.0,-20.0,-20.0,110.0,-5.835679204731755
89,0.89,-0.15123181488155088,-1.7187750597355556,8.517444108236235,4.305157192819958,-7.052463539741586,-1.09402898747121,0.0,-20.0,-20.0,110.0,-5.808435815953954
90,0.9,-0.1358946834303645,-1.7180318444889886,8.489550221809367,4.306314592425049,-7.051759682081414,-1.103456148523127,0.0,-20.0,-20.0,110.0,-5.781223412697712
91,0.91,-0.12055755197917813,-1.7172886292424214,8.461656335382498,4.307471873654044,-7.051055635437643,-1.1128832809194629,0.0,-20.0,-20.0,110.0,-5.754042291346277
92,0.92,-0.10522042052799173,-1.716545413995854,8.43376244895563,4.308629036476029,-7.050351399829883,-1.122310384655496,0.0,-20.0,-20.0,110.0,-5.726892751982421
93,0.93,-0.08988328907680532,-1.7158021987492866,8.405868562528761,4.309786080860092,-7.049646975277746,-1.1317374597265177,0.0,-20.0,-20.0,110.0,-5.699775098440977
94,0.9400000000000001,-0.07454615762561889,-1.715058983502719,8.377974676101893,4.310943006775328,-7.048942361800848,-1.1411645061278168,0.0,-20.0,-20.0,110.0,-5.672689638361985
95,0.9500000000000001,-0.059209026174432466,-1.7143157682561512,8.350080789675024,4.312099814190829,-7.048237559418811,-1.1505915238546853,0.0,-20.0,-20.0,110.0,-5.645636683244501
96,0.96,-0.043871894723246034,-1.713572553009583,8.322186903248156,4.313256503075702,-7.047532568151257,-1.160018512902419,0.0,-20.0,-20.0,110.0,-5.618616548501083
97,0.97,-0.028534763272059598,-1.7128293377630148,8.294293016821287,4.314413073399049,-7.04682738801782,-1.169445473266317,0.0,-20.0,-20.0,110.0,-5.591629553512849
98,0.98,-0.013197631820873157,-1.7120861225164465,8.266399130394419,4.315569525129981,-7.046122019038136,-1.178872404941679,0.0,-20.0,-20.0,110.0,-5.56467602168526
99,0.99,0.0021394996303132846,-1.711342907269878,8.23850524396755,4.3167258582376045,-7.045416461231827,-1.1882993079238118,0.0,-20.0,-20.0,110.0,-5.537756280504491
100,1.0,0.017476631081499727,-1.7105996920233093,8.210611357540682,4.317882072691057,-7.044710714618573,-1.1977261822080258,0.0,-20.0,-20.0,110.0,-5.510870661594422
101,1.01,0.03281376253268617,-1.7098564767767404,8.182717471113813,4.31903816845945,-7.044004779218005,-1.2071530277896303,0.0,-20.0,-20.0,110.0,-5.484019500774335
102,1.02,0.048150893983872615,-1.7091132615301712,8.154823584686945,4.320194145511908,-7.043298655049781,-1.216579844663941,0.0,-20.0,-20.0,110.0,-5.457203138117151
103,1.03,0.06348802543505906,-1.7083700462836018,8.126929698260076,4.321350003817564,-7.04259234213356,-1.2260066328262749,0.0,-20.0,-20.0,110.0,-5.4304219180083555
104,1.04,0.07882515688624551,-1.7076268310370322,8.099035811833208,4.32250574334555,-7.041885840489008,-1.235433392271953,0.0,-20.0,-20.0,110.0,-5.4036761892054725
105,1.05,0.09416228833743197,-1.7068836157904625,8.071141925406339,4.323661364065008,-7.041179150135795,-1.2448601229963006,0.0,-20.0,-20.0,110.0,-5.37696630489822
106,1.06,0.10949941978861842,-1.7061404005438927,8.04324803897947,4.324816865945078,-7.040472271093597,-1.2542868249946457,0.0,-20.0,-20.0,110.0,-5.350292622769178
107,1.07,0.12483655123980487,-1.7053971852973226,8.015354152552602,4.325972248954904,-7.0397652033820926,-1.2637134982623148,0.0,-20.0,-20.0,110.0,-5.32365550505513
108,1.08,0.1401736826909913,-1.7046539700507524,7.987460266125733,4.327127513063638,-7.039057947020967,-1.2731401427946392,0.0,-20.0,-20.0,110.0,-5.297055318608901
109,1.09,0.15551081414217777,-1.7039107548041819,7.959566379698863,4.328282658240435,-7.038350502029913,-1.2825667585869607,0.0,-20.0,-20.0,110.0,-5.270492434961829
110,1.1,0.17084794559336422,-1.7031675395576111,7.931672493271994,4.329437684454451,-7.037642868428623,-1.2919933456346195,0.0,-20.0,-20.0,110.0,-5.243967230386737
111,1.11,0.18618507704455067,-1.7024243243110404,7.903778606845124,4.33059259167485,-7.036935046236799,-1.3014199039329606,0.0,-20.0,-20.0,110.0,-5.217480085961474
112,1.12,0.20152220849573713,-1.7016811090644695,7.875884720418255,4.331747379870799,-7.0362270354741465,-1.3108464334773322,0.0,-20.0,-20.0,110.0,-5.191031387632962
113,1.1300000000000001,0.21685933994692358,-1.7009378938178983,7.8479908339913855,4.332902049011464,-7.035518836160373,-1.3202729342630783,0.0,-20.0,-20.0,110.0,-5.164621526281762
114,1.1400000000000001,0.23219647139811003,-1.700194678571327,7.820096947564516,4.334056599066022,-7.034810448315197,-1.3296994062855514,0.0,-20.0,-20.0,110.0,-5.1382508977871195
115,1.1500000000000001,0.24753360284929649,-1.6994514633247553,7.792203061137647,4.335211030003647,-7.034101871958337,-1.3391258495401066,0.0,-20.0,-20.0,110.0,-5.1119199030924785
116,1.16,0.2628707343004829,-1.6987082480781834,7.764309174710777,4.336365341793523,-7.0333931071095215,-1.3485522640221046,0.0,-20.0,-20.0,110.0,-5.0856289482714505
117,1.17,0.27820786575166934,-1.6979650328316114,7.736415288283908,4.337519534404838,-7.032684153788477,-1.357978649726911,0.0,-20.0,-20.0,110.0,-5.059378444594186
118,1.18,0.29354499720285576,-1.6972218175850393,7.7085214018570385,4.338673607806779,-7.03197501201494,-1.367405006649891,0.0,-20.0,-20.0,110.0,-5.033168808594185
119,1.19,0.3088821286540422,-1.696478602338467,7.680627515430169,4.339827561968541,-7.0312656818086525,-1.376831334786415,0.0,-20.0,-20.0,110.0,-5.007000462135447
120,1.2,0.3242192601052286,-1.6957353870918945,7.6527336290033,4.3409813968593225,-7.030556163189359,-1.3862576341318524,0.0,-20.0,-20.0,110.0,-4.9808738324799755
121,1.21,0.33955639155641504,-1.6949921718453218,7.62483974257643,4.342135112448321,-7.0298464561768075,-1.395683904681579,0.0,-20.0,-20.0,110.0,-4.954789352355611
122,1.22,0.35489352300760146,-1.6942489565987489,7.596945856149561,4.343288708704735,-7.02913656079074,-1.405110146430967,0.0,-20.0,-20.0,110.0,-4.928747460024143
123,1.23,0.3702306544587879,-1.6935057413521757,7.569051969722692,4.344442185597793,-7.0284264770509495,-1.4145363593754081,0.0,-20.0,-20.0,110.0,-4.902748599349659
124,1.24,0.3855677859099743,-1.6927625261056025,7.541158083295824,4.345595543096698,-7.027716204977184,-1.4239625435102818,0.0,-20.0,-20.0,110.0,-4.876793219867124
125,1.25,0.40090491736116074,-1.6920193108590291,7.513264196868955,4.346748781170667,-7.027005744589216,-1.433388698830977,0.0,-20.0,-20.0,110.0,-4.850881776851131
126,1.26,0.41624204881234717,-1.6912760956124555,7.485370310442087,4.347901899788921,-7.026295095906818,-1.4428148253328832,0.0,-20.0,-20.0,110.0,-4.825014731384794
127,1.27,0.4315791802635336,-1.6905328803658817,7.457476424015218,4.349054898920685,-7.025584258949774,-1.4522409230113944,0.0,-20.0,-20.0,110.0,-4.799192550428709
128,1.28,0.44691631171472,-1.6897896651193076,7.42958253758835,4.3502077785351885,-7.024873233737866,-1.461666991861905,0.0,-20.0,-20.0,110.0,-4.7734157068899945
129,1.29,0.46225344316590644,-1.6890464498727333,7.401688651161481,4.351360538601664,-7.024162020290887,-1.4710930318798185,0.0,-20.0,-20.0,110.0,-4.747684679691293
130,1.3,0.47759057461709287,-1.6883032346261588,7.373794764734613,4.35251317908935,-7.02345061862863,-1.4805190430605386,0.0,-20.0,-20.0,110.0,-4.721999953839761
131,1.31,0.4929277060682793,-1.6875600193795843,7.345900878307744,4.353665699967485,-7.022739028770899,-1.4899450253994693,0.0,-20.0,-20.0,110.0,-4.696362020495903
132,1.32,0.5082648375194657,-1.6868168041330096,7.318006991880876,4.354818101205318,-7.022027250737498,-1.4993709788920215,0.0,-20.0,-20.0,110.0,-4.670771377042281
133,1.33,0.5236019689706521,-1.6860735888864347,7.290113105454007,4.3559703827720915,-7.021315284548239,-1.5087969035336062,0.0,-20.0,-20.0,110.0,-4.645228527151967
134,1.34,0.5389391004218386,-1.6853303736398595,7.262219219027139,4.357122544637061,-7.020603130222936,-1.5182227993196384,0.0,-20.0,-20.0,110.0,-4.619733980856728
135,1.35,0.554276231873025,-1.684587158393284,7.23432533260027,4.358274586769486,-7.01989078778141,-1.5276486662455417,0.0,-20.0,-20.0,110.0,-4.594288254614838
136,1.36,0.5696133633242114,-1.6838439431467085,7.206431446173402,4.359426509138624,-7.019178257243486,-1.5370745043067369,0.0,-20.0,-20.0,110.0,-4.568891871378464
137,1.37,0.5849504947753978,-1.6831007279001329,7.178537559746533,4.36057831171374,-7.0184655386289965,-1.5465003134986546,0.0,-20.0,-20.0,110.0,-4.5435453606605565
138,1.3800000000000001,0.6002876262265843,-1.682357512653557,7.1506436733196646,4.361729994464103,-7.017752631957774,-1.5559260938167234,0.0,-20.0,-20.0,110.0,-4.518249258601144
139,1.3900000000000001,0.6156247576777707,-1.681614297406981,7.122749786892796,4.362881557358985,-7.01703953724966,-1.5653518452563742,0.0,-20.0,-20.0,110.0,-4.493004108032972
140,1.4000000000000001,0.6309618891289571,-1.6808710821604047,7.0948559004659275,4.364033000367664,-7.016326254524502,-1.5747775678130391,0.0,-20.0,-20.0,110.0,-4.467810458546401
141,1.41,0.6462990205801435,-1.6801278669138282,7.066962014039059,4.365184323459421,-7.01561278380215,-1.5842032614821624,0.0,-20.0,-20.0,110.0,-4.442668866553433
142,1.42,0.66163615203133,-1.6793846516672515,7.0390681276121905,4.366335526603537,-7.014899125102459,-1.5936289262591816,0.0,-20.0,-20.0,110.0,-4.417579895350823
143,1.43,0.6769732834825164,-1.6786414364206745,7.011174241185322,4.367486609769304,-7.01418527844529,-1.6030545621395391,0.0,-20.0,-20.0,110.0,-4.392544115182154
144,1.44,0.6923104149337028,-1.6778982211740976,6.983280354758453,4.368637572926009,-7.01347124385051,-1.612480169118686,0.0,-20.0,-20.0,110.0,-4.36756210329874
145,1.45,0.7076475463848892,-1.6771550059275204,6.955386468331585,4.3697884160429545,-7.012757021337987,-1.6219057471920715,0.0,-20.0,-20.0,110.0,-4.342634444019315
146,1.46,0.7229846778360757,-1.676411790680943,6.927492581904716,4.370939139089437,-7.012042610927597,-1.6313312963551543,0.0,-20.0,-20.0,110.0,-4.317761728788328
147,1.47,0.7383218092872621,-1.6756685754343654,6.899598695477848,4.3720897420347615,-7.011328012639221,-1.6407568166033901,0.0,-20.0,-20.0,110.0,-4.292944556232739
148,1.48,0.7536589407384485,-1.6749253601877876,6.871704809050979,4.373240224848236,-7.010613226492746,-1.6501823079322393,0.0,-20.0,-20.0,110.0,-4.268183532217233
149,1.49,0.768996072189635,-1.6741821449412095,6.843810922624111,4.374390587499174,-7.009898252508061,-1.6596077703371674,0.0,-20.0,-20.0,110.0,-4.2434792698976525
150,1.5,0.7843332036408214,-1.6734389296946313,6.815917036197242,4.375540829956889,-7.009183090705063,-1.6690332038136395,0.0,-20.0,-20.0,110.0,-4.218832389772562
151,1.51,0.7996703350920078,-1.672695714448053,6.788023149770374,4.376690952190703,-7.008467741103652,-1.6784586083571262,0.0,-20.0,-20.0,110.0,-4.194243519732772
152,1.52,0.8150074665431942,-1.6719524992014745,6.760129263343505,4.377840954169938,-7.007752203723733,-1.6878839839631001,0.0,-20.0,-20.0,110.0,-4.1697132951087035
153,1.53,0.8303445979943807,-1.6712092839548958,6.732235376916637,4.378990835863923,-7.007036478585218,-1.6973093306270375,0.0,-20.0,-20.0,110.0,-4.1452423587153735
154,1.54,0.8456817294455671,-1.6704660687083168,6.704341490489768,4.380140597241991,-7.0063205657080205,-1.7067346483444197,0.0,-20.0,-20.0,110.0,-4.1208313608949325
155,1.55,0.8610188608967535,-1.6697228534617377,6.6764476040629,4.381290238273478,-7.005604465112063,-1.7161599371107306,0.0,-20.0,-20.0,110.0,-4.096480959556473
156,1.56,0.8763559923479399,-1.6689796382151583,6.648553717636031,4.382439758927722,-7.004888176817271,-1.7255851969214588,0.0,-20.0,-20.0,110.0,-4.072191820213044
157,1.57,0.8916931237991264,-1.6682364229685789,6.620659831209163,4.3835891591740594,-7.004171700843558,-1.735010427772089,0.0,-20.0,-20.0,110.0,-4.047964616015583
158,1.58,0.9070302552503128,-1.6674932077219993,6.592765944782294,4.384738438981856,-7.00345503721089,-1.744435629658125,0.0,-20.0,-20.0,110.0,-4.023800027783635
159,1.59,0.9223673867014992,-1.6667499924754194,6.564872058355426,4.385887598320453,-7.002738185939195,-1.7538608025750577,0.0,-20.0,-20.0,110.0,-3.9996987440326603
160,1.6,0.9377045181526856,-1.6660067772288394,6.536978171928557,4.387036637159207,-7.002021147048415,-1.7632859465183846,0.0,-20.0,-20.0,110.0,-3.9756614609976766
161,1.61,0.953041649603872,-1.665263561982259,6.509084285501689,4.388185555467478,-7.001303920558502,-1.7727110614836072,0.0,-20.0,-20.0,110.0,-3.9516888826530594
162,1.62,0.9683787810550585,-1.6645203467356786,6.48119039907482,4.389334353214632,-7.000586506489413,-1.782136147466229,0.0,-20.0,-20.0,110.0,-3.927781720728261
163,1.6300000000000001,0.9837159125062449,-1.663777131489098,6.453296512647952,4.390483030370031,-6.999868904861108,-1.7915612044617604,0.0,-20.0,-20.0,110.0,-3.903940694719194
164,1.6400000000000001,0.9990530439574313,-1.6630339162425172,6.425402626221083,4.391631586903052,-6.99915111569355,-1.8009862324657133,0.0,-20.0,-20.0,110.0,-3.8801665318950844
165,1.6500000000000001,1.0143901754086178,-1.6622907009959362,6.3975087397942145,4.392780022783069,-6.998433139006714,-1.8104112314736016,0.0,-20.0,-20.0,110.0,-3.856459967300491
166,1.6600000000000001,1.0297273068598043,-1.661547485749355,6.369614853367346,4.39392833797946,-6.997714974820574,-1.819836201480943,0.0,-20.0,-20.0,110.0,-3.832821743752248
167,1.67,1.0450644383109908,-1.6608042705027737,6.3417209669404775,4.395076532461612,-6.996996623155107,-1.8292611424832619,0.0,-20.0,-20.0,110.0,-3.8092526118310803
168,1.68,1.0604015697621774,-1.660061055256192,6.313827080513609,4.396224606198909,-6.996278084030302,-1.8386860544760817,0.0,-20.0,-20.0,110.0,-3.7857533298675614
169,1.69,1.075738701213364,-1.6593178400096102,6.2859331940867404,4.397372559160744,-6.995559357466148,-1.8481109374549316,0.0,-20.0,-20.0,110.0,-3.762324663922168
170,1.7,1.0910758326645504,-1.6585746247630282,6.258039307659872,4.398520391316511,-6.99484044348264,-1.8575357914153412,0.0,-20.0,-20.0,110.0,-3.7389673877591107
171,1.71,1.106412964115737,-1.6578314095164461,6.230145421233003,4.399668102635612,-6.9941213420997785,-1.8669606163528445,0.0,-20.0,-20.0,110.0,-3.7156822828136207
172,1.72,1.1217500955669235,-1.6570881942698639,6.202251534806135,4.400815693087449,-6.99340205333757,-1.8763854122629822,0.0,-20.0,-20.0,110.0,-3.6924701381523843
173,1.73,1.13708722701811,-1.6563449790232814,6.174357648379266,4.401963162641431,-6.992682577216023,-1.8858101791412938,0.0,-20.0,-20.0,110.0,-3.6693317504267626
174,1.74,1.1524243584692966,-1.6556017637766987,6.146463761952398,4.403110511266967,-6.991962913755154,-1.8952349169833207,0.0,-20.0,-20.0,110.0,-3.646267923818507
175,1.75,1.1677614899204831,-1.6548585485301157,6.118569875525529,4.404257738933474,-6.991243062974983,-1.9046596257846067,0.0,-20.0,-20.0,110.0,-3.623279469977545
176,1.76,1.1830986213716697,-1.6541153332835326,6.090675989098661,4.405404845610371,-6.990523024895538,-1.9140843055407033,0.0,-20.0,-20.0,110.0,-3.6003672079515123
177,1.77,1.1984357528228562,-1.6533721180369494,6.062782102671792,4.40655183126708,-6.989802799536845,-1.9235089562471663,0.0,-20.0,-20.0,110.0,-3.577531964106636
178,1.78,1.2137728842740427,-1.652628902790366,6.034888216244924,4.40769869587303,-6.9890823869189385,-1.9329335778995522,0.0,-20.0,-20.0,110.0,-3.5547745720395936
179,1.79,1.2291100157252293,-1.6518856875437824,6.006994329818055,4.408845439397651,-6.988361787061864,-1.94235817049342,0.0,-20.0,-20.0,110.0,-3.5320958724799083
180,1.8,1.2444471471764158,-1.6511424722971986,5.979100443391187,4.409992061810379,-6.987640999985661,-1.9517827340243343,0.0,-20.0,-20.0,110.0,-3.5094967131825023
181,1.81,1.2597842786276023,-1.6503992570506145,5.951206556964318,4.411138563080653,-6.986920025710383,-1.961207268487859,0.0,-20.0,-20.0,110.0,-3.486977948809964
182,1.82,1.2751214100787889,-1.6496560418040302,5.92331267053745,4.412284943177918,-6.9861988642560835,-1.9706317738795611,0.0,-20.0,-20.0,110.0,-3.4645404408040865
183,1.83,1.2904585415299754,-1.6489128265574458,5.895418784110581,4.413431202071621,-6.985477515642826,-1.9800562501950123,0.0,-20.0,-20.0,110.0,-3.4421850572462387
184,1.84,1.305795672981162,-1.6481696113108613,5.867524897683713,4.414577339731212,-6.9847559798906715,-1.9894806974297934,0.0,-20.0,-20.0,110.0,-3.4199126727060802
185,1.85,1.3211328044323485,-1.6474263960642765,5.839631011256844,4.415723356126144,-6.984034257019692,-1.9989051155794777,0.0,-20.0,-20.0,110.0,-3.3977241680781627
186,1.86,1.336469935883535,-1.6466831808176916,5.811737124829976,4.41686925122588,-6.9833123470499645,-2.008329504639649,0.0,-20.0,-20.0,110.0,-3.37562043040594
187,1.87,1.3518070673347216,-1.6459399655711064,5.783843238403107,4.418015024999884,-6.9825902500015635,-2.017753864605895,0.0,-20.0,-20.0,110.0,-3.353602352692654
188,1.8800000000000001,1.367144198785908,-1.645196750324521,5.755949351976239,4.4191606774176195,-6.981867965894578,-2.027178195473807,0.0,-20.0,-20.0,110.0,-3.331670833698597
189,1.8900000000000001,1.3824813302370946,-1.6444535350779355,5.72805546554937,4.420306208448562,-6.981145494749097,-2.0366024972389765,0.0,-20.0,-20.0,110.0,-3.309826777724247
190,1.9000000000000001,1.3978184616882812,-1.6437103198313499,5.7001615791225015,4.421451618062184,-6.980422836585216,-2.0460267698969994,0.0,-20.0,-20.0,110.0,-3.2880710943786995
191,1.9100000000000001,1.4131555931394677,-1.642967104584764,5.672267692695633,4.422596906227966,-6.979699991423032,-2.0554510134434705,0.0,-20.0,-20.0,110.0,-3.266404698332882
192,1.92,1.4284927245906542,-1.642223889338178,5.6443738062687645,4.42374207291538,-6.978976959282637,-2.0648752278739857,0.0,-20.0,-20.0,110.0,-3.244828509056968
193,1.93,1.4438298560418408,-1.6414806740915917,5.616479919841896,4.424887118093933,-6.978253740184171,-2.0742994131841557,0.0,-20.0,-20.0,110.0,-3.223343450541432
194,1.94,1.4591669874930273,-1.6407374588450052,5.5885860334150275,4.426032041733107,-6.977530334147735,-2.0837235693695852,0.0,-20.0,-20.0,110.0,-3.201950451001162
195,1.95,1.4745041189442138,-1.6399942435984185,5.560692146988159,4.427176843802398,-6.976806741193446,-2.0931476964258873,0.0,-20.0,-20.0,110.0,-3.180650442562032
196,1.96,1.4898412503954004,-1.6392510283518316,5.53279826056129,4.428321524271303,-6.976082961341432,-2.1025717943486764,0.0,-20.0,-20.0,110.0,-3.1594443609293363
197,1.97,1.505178381846587,-1.6385078131052446,5.504904374134422,4.429466083109327,-6.975358994611817,-2.1119958631335694,0.0,-20.0,-20.0,110.0,-3.138333145037471
198,1.98,1.5205155132977735,-1.6377645978586575,5.477010487707553,4.430610520285977,-6.974634841024741,-2.121419902776186,0.0,-20.0,-20.0,110.0,-3.117317736680259
199,1.99,1.53585264474896,-1.63702138261207,5.449116601280685,4.431754835770762,-6.97391050060034,-2.1308439132721517,0.0,-20.0,-20.0,110.0,-3.09639908012124
200,2.0,1.5511897762001465,-1.6362781673654825,5.421222714853816,4.432899029533202,-6.973185973358761,-2.140267894617094,0.0,-20.0,-20.0,110.0,-3.07557812168337
201,2.0100000000000002,1.566526907651333,-1.6355349521188947,5.393328828426948,4.4340431015428114,-6.972461259320151,-2.1496918468066437,0.0,-20.0,-20.0,110.0,-3.0548558093173965
202,2.02,1.5818640391025196,-1.6347917368723066,5.365434942000079,4.435187051769116,-6.971736358504667,-2.1591157698364336,0.0,-20.0,-20.0,110.0,-3.0342330921483387
203,2.0300000000000002,1.5972011705537061,-1.6340485216257183,5.337541055573211,4.436330880181646,-6.971011270932465,-2.168539663702102,0.0,-20.0,-20.0,110.0,-3.013710919999362
204,2.04,1.6125383020048927,-1.63330530637913,5.309647169146342,4.437474586749927,-6.970285996623715,-2.1779635283992866,0.0,-20.0,-20.0,110.0,-2.9932902428924066
205,2.05,1.6278754334560792,-1.6325620911325416,5.281753282719474,4.438618171443497,-6.96956053559858,-2.187387363923629,0.0,-20.0,-20.0,110.0,-2.972972010524932
206,2.06,1.6432125649072657,-1.6318188758859529,5.253859396292605,4.439761634231896,-6.968834887877238,-2.1968111702707764,0.0,-20.0,-20.0,110.0,-2.952757171722066
207,2.07,1.6585496963584523,-1.631075660639364,5.225965509865737,4.440904975084663,-6.968109053479867,-2.20623494743638,0.0,-20.0,-20.0,110.0,-2.9326466738635317
208,2.08,1.6738868278096388,-1.6303324453927748,5.198071623438868,4.442048193971351,-6.9673830324266515,-2.21565869541609,0.0,-20.0,-20.0,110.0,-2.912641462284672
209,2.09,1.6892239592608254,-1.6295892301461854,5.170177737012,4.443191290861509,-6.966656824737781,-2.2250824142055667,0.0,-20.0,-20.0,110.0,-2.8927424796509054
210,2.1,1.704561090712012,-1.628846014899596,5.142283850585131,4.4443342657246925,-6.965930430433447,-2.234506103800467,0.0,-20.0,-20.0,110.0,-2.872950665304968
211,2.11,1.7198982221631984,-1.6281027996530064,5.114389964158263,4.445477118530459,-6.96520384953385,-2.243929764196453,0.0,-20.0,-20.0,110.0,-2.853266954586276
212,2.12,1.735235353614385,-1.6273595844064166,5.086496077731394,4.446619849248372,-6.964477082059195,-2.2533533953891904,0.0,-20.0,-20.0,110.0,-2.8336922781217573
213,2.13,1.7505724850655715,-1.6266163691598265,5.058602191304526,4.447762457848002,-6.963750128029691,-2.2627769973743495,0.0,-20.0,-20.0,110.0,-2.814227561087517
214,2.14,1.765909616516758,-1.6258731539132363,5.030708304877657,4.44890494429892,-6.963022987465549,-2.2722005701475987,0.0,-20.0,-20.0,110.0,-2.7948737224407334
215,2.15,1.7812467479679446,-1.6251299386666458,5.002814418450789,4.450047308570697,-6.962295660386991,-2.2816241137046176,0.0,-20.0,-20.0,110.0,-2.7756316741211133
216,2.16,1.7965838794191311,-1.624386723420055,4.97492053202392,4.451189550632916,-6.9615681468142405,-2.291047628041082,0.0,-20.0,-20.0,110.0,-2.756502320221345
217,2.17,1.8119210108703176,-1.6236435081734644,4.9470266455970515,4.452331670455161,-6.9608404467675244,-2.3004711131526716,0.0,-20.0,-20.0,110.0,-2.7374865561259782
218,2.18,1.8272581423215042,-1.6229002929268734,4.919132759170183,4.453473668007016,-6.960112560267078,-2.3098945690350727,0.0,-20.0,-20.0,110.0,-2.7185852676180997
219,2.19,1.8425952737726907,-1.6221570776802823,4.8912388727433145,4.4546155432580745,-6.959384487333138,-2.3193179956839725,0.0,-20.0,-20.0,110.0,-2.699799329953329
220,2.2,1.8579324052238773,-1.621413862433691,4.863344986316446,4.455757296177933,-6.9586562279859505,-2.3287413930950587,0.0,-20.0,-20.0,110.0,-2.6811296069005883
221,2.21,1.8732695366750638,-1.6206706471870993,4.835451099889577,4.456898926736187,-6.957927782245763,-2.338164761264029,0.0,-20.0,-20.0,110.0,-2.6625769497491247
222,2.22,1.8886066681262503,-1.6199274319405075,4.807557213462709,4.458040434902444,-6.957199150132828,-2.3475881001865786,0.0,-20.0,-20.0,110.0,-2.64414219628136
223,2.23,1.9039437995774369,-1.6191842166939157,4.77966332703584,4.459181820646311,-6.956470331667406,-2.3570114098584094,0.0,-20.0,-20.0,110.0,-2.6258261697111327
224,2.24,1.9192809310286234,-1.6184410014473236,4.751769440608972,4.460323083937397,-6.9557413268697585,-2.366434690275226,0.0,-20.0,-20.0,110.0,-2.607629677586891
225,2.25,1.93461806247981,-1.6176977862007313,4.723875554182103,4.461464224745319,-6.955012135760153,-2.3758579414327343,0.0,-20.0,-20.0,110.0,-2.5895535106595355
226,2.2600000000000002,1.9499551939309965,-1.6169545709541389,4.695981667755235,4.462605243039696,-6.954282758358865,-2.385281163326646,0.0,-20.0,-20.0,110.0,-2.571598441714569
227,2.27,1.965292325382183,-1.6162113557075461,4.668087781328366,4.463746138790151,-6.9535531946861715,-2.394704355952673,0.0,-20.0,-20.0,110.0,-2.5537652243682447
228,2.2800000000000002,1.9806294568333696,-1.6154681404609532,4.640193894901498,4.464886911966315,-6.952823444762355,-2.4041275193065377,0.0,-20.0,-20.0,110.0,-2.5360545918275803
229,2.29,1.995966588284556,-1.61472492521436,4.612300008474629,4.466027562537817,-6.952093508607705,-2.413550653383959,0.0,-20.0,-20.0,110.0,-2.5184672556139387
230,2.3000000000000003,2.0113037197357424,-1.613981709967767,4.584406122047761,4.467168090474294,-6.951363386242514,-2.4229737581806603,0.0,-20.0,-20.0,110.0,-2.5010039042501866
231,2.31,2.026640851186929,-1.6132384947211735,4.556512235620892,4.468308495745382,-6.950633077687076,-2.4323968336923696,0.0,-20.0,-20.0,110.0,-2.4836652019112617
232,2.32,2.0419779826381155,-1.61249527947458,4.528618349194024,4.469448778320729,-6.9499025829617,-2.441819879914814,0.0,-20.0,-20.0,110.0,-2.466451787038215
233,2.33,2.057315114089302,-1.6117520642279861,4.500724462767155,4.470588938169981,-6.94917190208669,-2.451242896843725,0.0,-20.0,-20.0,110.0,-2.4493642709157744
234,2.34,2.0726522455404885,-1.611008848981392,4.472830576340287,4.47172897526279,-6.948441035082358,-2.46066588447484,0.0,-20.0,-20.0,110.0,-2.432403236213549
235,2.35,2.087989376991675,-1.6102656337347978,4.444936689913418,4.472868889568811,-6.947709981969025,-2.470088842803897,0.0,-20.0,-20.0,110.0,-2.415569235491106
236,2.36,2.1033265084428616,-1.6095224184882033,4.41704280348655,4.474008681057705,-6.946978742767012,-2.479511771826637,0.0,-20.0,-20.0,110.0,-2.3988627896671932
237,2.37,2.118663639894048,-1.6087792032416088,4.389148917059681,4.4751483496991336,-6.946247317496646,-2.4889346715388094,0.0,-20.0,-20.0,110.0,-2.3822843864534526
238,2.38,2.1340007713452347,-1.6080359879950141,4.361255030632813,4.476287895462768,-6.945515706178261,-2.498357541936166,0.0,-20.0,-20.0,110.0,-2.3658344787530985
239,2.39,2.1493379027964212,-1.6072927727484192,4.333361144205944,4.477427318318279,-6.944783908832192,-2.507780383014458,0.0,-20.0,-20.0,110.0,-2.349513483025076
240,2.4,2.1646750342476078,-1.606549557501824,4.305467257779076,4.478566618235341,-6.9440519254787825,-2.5172031947694413,0.0,-20.0,-20.0,110.0,-2.333321777614297
241,2.41,2.1800121656987943,-1.6058063422552287,4.277573371352207,4.479705795183636,-6.943319756138381,-2.5266259771968738,0.0,-20.0,-20.0,110.0,-2.3172597010487372
242,2.42,2.195349297149981,-1.605063127008633,4.2496794849253385,4.48084484913285,-6.942587400831336,-2.536048730292518,0.0,-20.0,-20.0,110.0,-2.301327550304098
243,2.43,2.2106864286011674,-1.6043199117620375,4.22178559849847,4.481983780052666,-6.941854859578008,-2.5454714540521413,0.0,-20.0,-20.0,110.0,-2.285525579037041
244,2.44,2.226023560052354,-1.6035766965154417,4.1938917120716015,4.483122587912778,-6.941122132398757,-2.5548941484715075,0.0,-20.0,-20.0,110.0,-2.2698539957879404
245,2.45,2.2413606915035404,-1.6028334812688456,4.165997825644733,4.484261272682879,-6.940389219313951,-2.564316813546387,0.0,-20.0,-20.0,110.0,-2.254312962154292
246,2.46,2.256697822954727,-1.6020902660222494,4.1381039392178645,4.485399834332675,-6.939656120343963,-2.5737394492725576,0.0,-20.0,-20.0,110.0,-2.238902590935988
247,2.47,2.2720349544059135,-1.6013470507756529,4.110210052790996,4.4865382728318695,-6.9389228355091666,-2.583162055645798,0.0,-20.0,-20.0,110.0,-2.2236229442537905
248,2.48,2.2873720858571,-1.6006038355290562,4.082316166364127,4.487676588150167,-6.938189364829947,-2.5925846326618918,0.0,-20.0,-20.0,110.0,-2.2084740316424365
249,2.49,2.3027092173082866,-1.5998606202824592,4.054422279937259,4.488814780257284,-6.937455708326689,-2.602007180316622,0.0,-20.0,-20.0,110.0,-2.193455808119907
250,2.5,2.318046348759473,-1.5991174050358623,4.02652839351039,4.489952849122935,-6.936721866019785,-2.611429698605774,0.0,-20.0,-20.0,110.0,-2.178568172234593
251,2.5100000000000002,2.3333834802106597,-1.5983741897892652,3.998634507083522,4.491090794716841,-6.9359878379296305,-2.6208521875251423,0.0,-20.0,-20.0,110.0,-2.1638109640920002
252,2.52,2.348720611661846,-1.5976309745426678,3.9707406206566533,4.492228617008723,-6.935253624076626,-2.630274647070524,0.0,-20.0,-20.0,110.0,-2.1491839633630208
253,2.5300000000000002,2.3640577431130327,-1.5968877592960702,3.942846734229785,4.493366315968312,-6.93451922448118,-2.6396970772377126,0.0,-20.0,-20.0,110.0,-2.1346868872756852
254,2.54,2.3793948745642193,-1.5961445440494724,3.9149528478029163,4.494503891565339,-6.933784639163703,-2.6491194780225076,0.0,-20.0,-20.0,110.0,-2.120319388592547
255,2.5500000000000003,2.394732006015406,-1.5954013288028743,3.887058961376048,4.495641343769533,-6.933049868144595,-2.6585418494207116,0.0,-20.0,-20.0,110.0,-2.106081053575903
256,2.56,2.4100691374665923,-1.594658113556276,3.8591650749491793,4.496778672550653,-6.932314911444309,-2.6679641914281413,0.0,-20.0,-20.0,110.0,-2.0919713999432172
257,2.57,2.425406268917779,-1.5939148983096778,3.8312711885223107,4.4979158778784365,-6.931579769083255,-2.6773865040406015,0.0,-20.0,-20.0,110.0,-2.0779898748151804
258,2.58,2.4407434003689654,-1.5931716830630793,3.8033773020954422,4.4990529597226265,-6.930844441081865,-2.6868087872539053,0.0,-20.0,-20.0,110.0,-2.0641358526589495
259,2.59,2.456080531820152,-1.5924284678164806,3.7754834156685737,4.500189918052981,-6.930108927460572,-2.6962310410638692,0.0,-20.0,-20.0,110.0,-2.0504086332292357
260,2.6,2.4714176632713385,-1.5916852525698817,3.747589529241705,4.501326752839254,-6.929373228239819,-2.705653265466316,0.0,-20.0,-20.0,110.0,-2.0368074395099893
261,2.61,2.486754794722525,-1.5909420373232825,3.7196956428148367,4.502463464051206,-6.928637343440052,-2.715075460457064,0.0,-20.0,-20.0,110.0,-2.0233314156595745
262,2.62,2.5020919261737116,-1.5901988220766832,3.691801756387968,4.503600051658602,-6.927901273081721,-2.724497626031941,0.0,-20.0,-20.0,110.0,-2.009979624962275
263,2.63,2.517429057624898,-1.5894556068300838,3.6639078699611,4.50473651563121,-6.927165017185282,-2.7339197621867743,0.0,-20.0,-20.0,110.0,-1.9967510477892785
264,2.64,2.5327661890760846,-1.5887123915834842,3.636013983534232,4.505872855938807,-6.926428575771194,-2.7433418689174025,0.0,-20.0,-20.0,110.0,-1.983644579572167
265,2.65,2.548103320527271,-1.5879691763368844,3.608120097107364,4.507009072551167,-6.925691948859923,-2.7527639462196607,0.0,-20.0,-20.0,110.0,-1.9706590287921006
266,2.66,2.5634404519784577,-1.5872259610902844,3.580226210680496,4.50814516543807,-6.92495513647194,-2.7621859940893856,0.0,-20.0,-20.0,110.0,-1.957793114987978
267,2.67,2.5787775834296442,-1.586482745843684,3.5523323242536278,4.509281134569304,-6.92421813862772,-2.7716080125224214,0.0,-20.0,-20.0,110.0,-1.9450454667868007
268,2.68,2.594114714880831,-1.5857395305970836,3.5244384378267597,4.510416979914657,-6.923480955347742,-2.7810300015146163,0.0,-20.0,-20.0,110.0,-1.9324146199596544
269,2.69,2.6094518463320173,-1.584996315350483,3.4965445513998916,4.511552701443921,-6.9227435866524925,-2.790451961061821,0.0,-20.0,-20.0,110.0,-1.9198990155066604
270,2.7,2.624788977783204,-1.5842531001038822,3.4686506649730235,4.5126882991268955,-6.922006032562458,-2.799873891159886,0.0,-20.0,-20.0,110.0,-1.9074969977742948
271,2.71,2.6401261092343904,-1.5835098848572813,3.4407567785461555,4.513823772933379,-6.921268293098138,-2.809295791804667,0.0,-20.0,-20.0,110.0,-1.895206812608538
272,2.72,2.655463240685577,-1.5827666696106801,3.4128628921192874,4.514959122833178,-6.92053036828003,-2.8187176629920243,0.0,-20.0,-20.0,110.0,-1.883026605547261
273,2.73,2.6708003721367635,-1.5820234543640788,3.3849690056924193,4.516094348796102,-6.919792258128638,-2.8281395047178206,0.0,-20.0,-20.0,110.0,-1.8709544200553014
274,2.74,2.68613750358795,-1.5812802391174772,3.3570751192655512,4.517229450791968,-6.919053962664472,-2.8375613169779195,0.0,-20.0,-20.0,110.0,-1.85898819580564
275,2.75,2.7014746350391365,-1.5805370238708754,3.329181232838683,4.51836442879059,-6.918315481908045,-2.84698309976819,0.0,-20.0,-20.0,110.0,-1.8471257670100365
276,2.7600000000000002,2.716811766490323,-1.5797938086242735,3.301287346411815,4.519499282761787,-6.917576815879879,-2.856404853084508,0.0,-20.0,-20.0,110.0,-1.8353648608025208
277,2.77,2.7321488979415096,-1.5790505933776715,3.273393459984947,4.520634012675392,-6.9168379646004965,-2.865826576922745,0.0,-20.0,-20.0,110.0,-1.8396984488939532
278,2.7800000000000002,2.747486029392696,-1.5783073781310692,3.245499573558079,4.521768618501228,-6.916098928090428,-2.8752482712787755,0.0,-20.0,-20.0,110.0,-1.856030571765297
279,2.79,2.7628231608438827,-1.5775641628844668,3.217605687131211,4.52290310020913,-6.915359706370206,-2.884669936148483,0.0,-20.0,-20.0,110.0,-1.8724652788596143
280,2.8000000000000003,2.7781602922950692,-1.576820947637864,3.189711800704343,4.524037457768939,-6.91462029946037,-2.8940915715277544,0.0,-20.0,-20.0,110.0,-1.8890052822469723
281,2.81,2.7934974237462558,-1.5760777323912611,3.1618179142774747,4.525171691150495,-6.913880707381464,-2.903513177412477,0.0,-20.0,-20.0,110.0,-1.9056531824585408
282,2.82,2.8088345551974423,-1.575334517144658,3.1339240278506066,4.526305800323643,-6.9131409301540385,-2.912934753798542,0.0,-20.0,-20.0,110.0,-1.9224114683095817
283,2.83,2.824171686648629,-1.5745913018980549,3.1060301414237386,4.527439785258234,-6.912400967798645,-2.922356300681846,0.0,-20.0,-20.0,110.0,-1.9392825167970997
284,2.84,2.8395088180998154,-1.5738480866514515,3.0781362549968705,4.528573645924122,-6.911660820335843,-2.9317778180582823,0.0,-20.0,-20.0,110.0,-1.9562685930748467
285,2.85,2.854845949551002,-1.573104871404848,3.0502423685700024,4.529707382291165,-6.910920487786193,-2.9411993059237562,0.0,-20.0,-20.0,110.0,-1.9733718505082338
286,2.86,2.8701830810021884,-1.572361656158244,3.0223484821431343,4.530840994329226,-6.910179970170267,-2.9506207642741686,0.0,-20.0,-20.0,110.0,-1.9905943308115477
287,2.87,2.885520212453375,-1.57161844091164,2.9944545957162663,4.531974482008168,-6.909439267508637,-2.960042193105428,0.0,-20.0,-20.0,110.0,-2.0079379642696344
288,2.88,2.9008573439045615,-1.5708752256650358,2.966560709289398,4.533107845297867,-6.908698379821882,-2.9694635924134443,0.0,-20.0,-20.0,110.0,-2.025404570046044
289,2.89,2.916194475355748,-1.5701320104184313,2.93866682286253,4.534241084168182,-6.907957307130568,-2.978884962194127,0.0,-20.0,-20.0,110.0,-2.0429958565794175
290,2.9,2.9315316068069346,-1.5693887951718268,2.910772936435662,4.535374198589017,-6.9072160494553145,-2.988306302443406,0.0,-20.0,-20.0,110.0,-2.060713422069594
291,2.91,2.946868738258121,-1.5686455799252221,2.882879050008794,4.53650718853024,-6.9064746068166984,-2.997727613157196,0.0,-20.0,-20.0,110.0,-2.0785587550548636
292,2.92,2.9622058697093077,-1.5679023646786172,2.854985163581926,4.5376400539617405,-6.905732979235318,-3.007148894331422,0.0,-20.0,-20.0,110.0,-2.0965332350812833
293,2.93,2.977543001160494,-1.567159149432012,2.827091277155058,4.538772794853406,-6.904991166731777,-3.0165701459620116,0.0,-20.0,-20.0,110.0,-2.1146381334649678
294,2.94,2.9928801326116807,-1.5664159341854067,2.7991973907281897,4.539905411175134,-6.904249169326679,-3.0259913680448918,0.0,-20.0,-20.0,110.0,-2.132874614147859
295,2.95,3.0082172640628673,-1.5656727189388011,2.7713035043013217,4.5410379028968215,-6.90350698704064,-3.035412560575999,0.0,-20.0,-20.0,110.0,-2.1512437346472337
296,2.96,3.023554395514054,-1.5649295036921955,2.7434096178744536,4.542170269988374,-6.902764619894276,-3.0448337235512657,0.0,-20.0,-20.0,110.0,-2.169746447099016
297,2.97,3.0388915269652403,-1.5641862884455897,2.7155157314475855,4.543302512419697,-6.90202206790821,-3.0542548569666335,0.0,-20.0,-20.0,110.0,-2.1883835993945326
298,2.98,3.054228658416427,-1.5634430731989837,2.6876218450207174,4.544434630160701,-6.901279331103068,-3.063675960818044,0.0,-20.0,-20.0,110.0,-2.2071559364102376
299,2.99,3.0695657898676134,-1.5626998579523774,2.6597279585938494,4.545566623181301,-6.900536409499482,-3.0730970351014464,0.0,-20.0,-20.0,110.0,-2.2260641013295372
300,3.0,3.0849029213188,-1.561956642705771,2.6318340721669813,4.5466984914514175,-6.8997933031180905,-3.0825180798127896,0.0,-20.0,-20.0,110.0,-2.245108637055586
301,3.0100000000000002,3.1002400527699865,-1.5612134274591642,2.603940185740113,4.547830234940974,-6.899050011979532,-3.0919390949480294,0.0,-20.0,-20.0,110.0,-2.2642899877136893
302,3.02,3.115577184221173,-1.5604702122125573,2.576046299313245,4.548961853619896,-6.898306536104455,-3.1013600805031216,0.0,-20.0,-20.0,110.0,-2.283608500241619
303,3.0300000000000002,3.1309143156723596,-1.5597269969659504,2.548152412886377,4.550093347458118,-6.897562875513512,-3.110781036474023,0.0,-20.0,-20.0,110.0,-2.3030644260658955
304,3.04,3.146251447123546,-1.5589837817193433,2.520258526459509,4.551224716425573,-6.896819030227357,-3.120201962856699,0.0,-20.0,-20.0,110.0,-2.3226579228618163
305,3.0500000000000003,3.1615885785747326,-1.558240566472736,2.492364640032641,4.552355960492203,-6.896075000266653,-3.1296228596471147,0.0,-20.0,-20.0,110.0,-2.3423890563947567
306,3.06,3.176925710025919,-1.5574973512261283,2.464470753605773,4.553487079627949,-6.895330785652066,-3.1390437268412406,0.0,-20.0,-20.0,110.0,-2.3622578024399976
307,3.0700000000000003,3.1922628414771057,-1.5567541359795205,2.4365768671789048,4.554618073802762,-6.894586386404265,-3.14846456443505,0.0,-20.0,-20.0,110.0,-2.3822640487781204
308,3.08,3.2075999729282922,-1.5560109207329125,2.4086829807520367,4.555748942986589,-6.8938418025439265,-3.1578853724245173,0.0,-20.0,-20.0,110.0,-2.402407597262695
309,3.09,3.222937104379479,-1.5552677054863042,2.3807890943251686,4.55687968714939,-6.893097034091735,-3.167306150805618,0.0,-20.0,-20.0,110.0,-2.4226881659569135
310,3.1,3.2382742358306653,-1.554524490239696,2.3528952078983005,4.558010306261125,-6.892352081068372,-3.176726899574339,0.0,-20.0,-20.0,110.0,-2.443105391335419
311,3.11,3.253611367281852,-1.5537812749930875,2.3250013214714325,4.559140800291756,-6.891606943494531,-3.1861476187266624,0.0,-20.0,-20.0,110.0,-2.4636588305475366
312,3.12,3.2689484987330384,-1.5530380597464788,2.2971074350445644,4.560271169211251,-6.890861621390902,-3.1955683082585806,0.0,-20.0,-20.0,110.0,-2.4843479637378665
313,3.13,3.284285630184225,-1.5522948444998699,2.2692135486176963,4.561401412989584,-6.890116114778191,-3.20498896816608,0.0,-20.0,-20.0,110.0,-2.5051721964200238
314,3.14,3.2996227616354115,-1.5515516292532607,2.2413196621908282,4.56253153159673,-6.889370423677103,-3.2144095984451577,0.0,-20.0,-20.0,110.0,-2.526130861899174
315,3.15,3.314959893086598,-1.5508084140066514,2.21342577576396,4.563661525002672,-6.8886245481083455,-3.223830199091817,0.0,-20.0,-20.0,110.0,-2.5472232237389116
316,3.16,3.3302970245377845,-1.550065198760042,2.185531889337092,4.564791393177384,-6.887878488092619,-3.2332507701020488,0.0,-20.0,-20.0,110.0,-2.5684484782678174
317,3.17,3.345634155988971,-1.5493219835134324,2.157638002910224,4.565921136090871,-6.887132243650673,-3.2426713114718724,0.0,-20.0,-20.0,110.0,-2.5898057571210615
318,3.18,3.3609712874401576,-1.5485787682668226,2.129744116483356,4.567050753713121,-6.886385814803219,-3.252091823197287,0.0,-20.0,-20.0,110.0,-2.611294129812243
319,3.19,3.376308418891344,-1.5478355530202126,2.101850230056488,4.568180246014127,-6.885639201570984,-3.261512305274306,0.0,-20.0,-20.0,110.0,-2.632912606330619
320,3.2,3.3916455503425307,-1.5470923377736023,2.07395634362962,4.569309612963891,-6.884892403974705,-3.2709327576989446,0.0,-20.0,-20.0,110.0,-2.654660139758856
321,3.21,3.406982681793717,-1.5463491225269919,2.0460624572027517,4.570438854532419,-6.884145422035117,-3.280353180467223,0.0,-20.0,-20.0,110.0,-2.6765356289064104
322,3.22,3.4223198132449038,-1.5456059072803812,2.0181685707758836,4.571567970689718,-6.88339825577297,-3.28977357357516,0.0,-20.0,-20.0,110.0,-2.6985379209536124
323,3.23,3.4376569446960903,-1.5448626920337705,1.9902746843490156,4.572696961405803,-6.882650905209009,-3.2991939370187815,0.0,-20.0,-20.0,110.0,-2.72066581410158
324,3.24,3.452994076147277,-1.5441194767871596,1.9623807979221475,4.57382582665069,-6.881903370363989,-3.3086142707941133,0.0,-20.0,-20.0,110.0,-2.742918060223103
325,3.25,3.4683312075984634,-1.5433762615405484,1.9344869114952794,4.5749545663944,-6.881155651258666,-3.3180345748971853,0.0,-20.0,-20.0,110.0,-2.7652933675096794
326,3.2600000000000002,3.48366833904965,-1.542633046293937,1.9065930250684113,4.576083180606962,-6.880407747913809,-3.3274548493240337,0.0,-20.0,-20.0,110.0,-2.7877904031100096
327,3.27,3.4990054705008364,-1.5418898310473255,1.8786991386415433,4.5772116692584035,-6.879659660350184,-3.336875094070697,0.0,-20.0,-20.0,110.0,-2.810407795755254
328,3.2800000000000002,3.514342601952023,-1.5411466158007137,1.8508052522146752,4.578340032318759,-6.8789113885885635,-3.346295309133221,0.0,-20.0,-20.0,110.0,-2.833144138366535
329,3.29,3.5296797334032095,-1.5404034005541019,1.822911365787807,4.579468269758063,-6.878162932649727,-3.3557154945076455,0.0,-20.0,-20.0,110.0,-2.855997990640271
330,3.3000000000000003,3.545016864854396,-1.5396601853074898,1.795017479360939,4.580596381546363,-6.877414292554454,-3.365135650190015,0.0,-20.0,-20.0,110.0,-2.8789678816070277
331,3.31,3.5603539963055826,-1.5389169700608776,1.767123592934071,4.581724367653699,-6.876665468323538,-3.374555776176382,0.0,-20.0,-20.0,110.0,-2.9020523121597384
332,3.3200000000000003,3.575691127756769,-1.538173754814265,1.7392297065072029,4.582852228050124,-6.875916459977767,-3.383975872462798,0.0,-20.0,-20.0,110.0,-2.925249757547343
333,3.33,3.5910282592079557,-1.5374305395676524,1.7113358200803348,4.583979962705691,-6.875167267537944,-3.39339593904532,0.0,-20.0,-20.0,110.0,-2.948558669829986
334,3.34,3.606365390659142,-1.5366873243210395,1.6834419336534667,4.585107571590461,-6.8744178910248674,-3.402815975920011,0.0,-20.0,-20.0,110.0,-2.9719774802921792
335,3.35,3.6217025221103287,-1.5359441090744264,1.6555480472265987,4.586235054674494,-6.873668330459345,-3.412235983082935,0.0,-20.0,-20.0,110.0,-2.9955046018104556
336,3.36,3.6370396535615153,-1.5352008938278132,1.6276541607997308,4.587362411927855,-6.872918585862188,-3.421655960530163,0.0,-20.0,-20.0,110.0,-3.019138431172305
337,3.37,3.652376785012702,-1.5344576785811999,1.599760274372863,4.588489643320619,-6.8721686572542175,-3.431075908257758,0.0,-20.0,-20.0,110.0,-3.0428773513433343
338,3.38,3.6677139164638883,-1.5337144633345863,1.571866387945995,4.589616748822857,-6.871418544656254,-3.4404958262617957,0.0,-20.0,-20.0,110.0,-3.066719733679828
339,3.39,3.683051047915075,-1.5329712480879725,1.5439725015191272,4.590743728404649,-6.870668248089121,-3.4499157145383497,0.0,-20.0,-20.0,110.0,-3.0906639400841245
340,3.4,3.6983881793662614,-1.5322280328413584,1.5160786150922594,4.591870582036077,-6.869917767573654,-3.459335573083502,0.0,-20.0,-20.0,110.0,-3.1147083251003993
341,3.41,3.713725310817448,-1.5314848175947442,1.4881847286653915,4.592997309687231,-6.86916710313069,-3.4687554018933344,0.0,-20.0,-20.0,110.0,-3.1388512379487143
342,3.42,3.7290624422686345,-1.5307416023481297,1.4602908422385237,4.594123911328199,-6.868416254781065,-3.4781752009639364,0.0,-20.0,-20.0,110.0,-3.163091024495375
343,3.43,3.744399573719821,-1.5299983871015153,1.4323969558116558,4.595250386929079,-6.867665222545633,-3.4875949702913975,0.0,-20.0,-20.0,110.0,-3.187426029157916
344,3.44,3.7597367051710076,-1.5292551718549006,1.404503069384788,4.596376736459967,-6.866914006445238,-3.4970147098718094,0.0,-20.0,-20.0,110.0,-3.2118545967431906
345,3.45,3.775073836622194,-1.5285119566082856,1.3766091829579201,4.597502959890967,-6.866162606500742,-3.5064344197012645,0.0,-20.0,-20.0,110.0,-3.2363750742173303
346,3.46,3.7904109680733806,-1.5277687413616705,1.3487152965310523,4.5986290571921895,-6.865411022733002,-3.515854099775864,0.0,-20.0,-20.0,110.0,-3.260985812406504
347,3.47,3.805748099524567,-1.5270255261150552,1.3208214101041844,4.5997550283337425,-6.864659255162884,-3.525273750091714,0.0,-20.0,-20.0,110.0,-3.2856851676276655
348,3.48,3.8210852309757537,-1.5262823108684396,1.2929275236773166,4.600880873285743,-6.86390730381126,-3.534693370644921,0.0,-20.0,-20.0,110.0,-3.310471503248663
349,3.49,3.8364223624269402,-1.525539095621824,1.2650336372504487,4.602006592018313,-6.863155168699003,-3.5441129614315923,0.0,-20.0,-20.0,110.0,-3.335343191177278
350,3.5,3.8517594938781268,-1.5247958803752082,1.2371397508235809,4.6031321845015745,-6.862402849846997,-3.553532522447841,0.0,-20.0,-20.0,110.0,-3.3602986132790438
351,3.5100000000000002,3.8670966253293133,-1.5240526651285922,1.209245864396713,4.604257650705657,-6.861650347276123,-3.5629520536897865,0.0,-20.0,-20.0,110.0,-3.385336162723719
352,3.52,3.8824337567805,-1.523309449881976,1.1813519779698451,4.605382990600691,-6.860897661007275,-3.5723715551535418,0.0,-20.0,-20.0,110.0,-3.410454245260689
353,3.5300000000000002,3.8977708882316864,-1.5225662346353595,1.1534580915429773,4.606508204156812,-6.8601447910613444,-3.5817910268352304,0.0,-20.0,-20.0,110.0,-3.4356512804235573
354,3.54,3.913108019682873,-1.5218230193887428,1.1255642051161094,4.6076332913441655,-6.859391737459234,-3.5912104687309783,0.0,-20.0,-20.0,110.0,-3.460925702664485
355,3.5500000000000003,3.9284451511340595,-1.5210798041421258,1.0976703186892416,4.608758252132891,-6.858638500221844,-3.6006298808369164,0.0,-20.0,-20.0,110.0,-3.4862759624189383
356,3.56,3.943782282585246,-1.520336588895509,1.0697764322623737,4.609883086493138,-6.857885079370086,-3.610049263149179,0.0,-20.0,-20.0,110.0,-3.5117005271016404
357,3.5700000000000003,3.9591194140364325,-1.5195933736488918,1.0418825458355059,4.6110077943950625,-6.857131474924876,-3.6194686156639,0.0,-20.0,-20.0,110.0,-3.5371978820347567
358,3.58,3.974456545487619,-1.5188501584022744,1.013988659408638,4.612132375808818,-6.85637768690713,-3.6288879383772183,0.0,-20.0,-20.0,110.0,-3.562766531309338
359,3.59,3.9897936769388056,-1.5181069431556569,0.9860947729817702,4.613256830704565,-6.855623715337772,-3.6383072312852724,0.0,-20.0,-20.0,110.0,-3.5861995100965927
360,3.6,4.005130808389992,-1.517363727909039,0.9582008865549023,4.614381159052471,-6.854869560237732,-3.6477264943842065,0.0,-20.0,-20.0,110.0,-3.6075280938850502
361,3.61,4.020467939841178,-1.516620512662421,0.9303070001280345,4.615505360822706,-6.854115221627944,-3.657145727670174,0.0,-20.0,-20.0,110.0,-3.628984243833099
362,3.62,4.035805071292365,-1.5158772974158028,0.9024131137011666,4.616629435985441,-6.853360699529346,-3.6665649311393276,0.0,-20.0,-20.0,110.0,-3.65056570657058
363,3.63,4.051142202743551,-1.5151340821691845,0.8745192272742988,4.617753384510856,-6.8526059939628805,-3.6759841047878177,0.0,-20.0,-20.0,110.0,-3.6722702624817143
364,3.64,4.066479334194738,-1.514390866922566,0.8466253408474309,4.61887720636913,-6.851851104949495,-3.6854032486118053,0.0,-20.0,-20.0,110.0,-3.69409572603451
365,3.65,4.081816465645924,-1.5136476516759474,0.818731454420563,4.6200009015304495,-6.851096032510147,-3.69482236260745,0.0,-20.0,-20.0,110.0,-3.716039946056329
366,3.66,4.097153597097111,-1.5129044364293285,0.7908375679936952,4.6211244699650065,-6.850340776665789,-3.7042414467709177,0.0,-20.0,-20.0,110.0,-3.7381008059573415
367,3.67,4.1124907285482974,-1.5121612211827093,0.7629436815668273,4.622247911642992,-6.849585337437384,-3.713660501098377,0.0,-20.0,-20.0,110.0,-3.760276223903733
368,3.68,4.127827859999484,-1.51141800593609,0.7350497951399595,4.623371226534607,-6.848829714845901,-3.7230795255859994,0.0,-20.0,-20.0,110.0,-3.782564152942545
369,3.69,4.1431649914506705,-1.5106747906894706,0.7071559087130916,4.62449441461005,-6.848073908912312,-3.7324985202299596,0.0,-20.0,-20.0,110.0,-3.8049625810800163
370,3.7,4.158502122901857,-1.509931575442851,0.6792620222862238,4.6256174758395305,-6.8473179196575975,-3.7419174850264323,0.0,-20.0,-20.0,110.0,-3.8274695313153893
371,3.71,4.173839254353044,-1.5091883601962313,0.651368135859356,4.626740410193259,-6.846561747102732,-3.7513364199716017,0.0,-20.0,-20.0,110.0,-3.8500830616321178
372,3.72,4.18917638580423,-1.5084451449496112,0.6234742494324883,4.62786321764144,-6.8458053912686925,-3.7607553250616426,0.0,-20.0,-20.0,110.0,-3.8728012649484076
373,3.73,4.204513517255417,-1.507701929702991,0.5955803630056206,4.628985898154309,-6.845048852176499,-3.7701742002927636,0.0,-20.0,-20.0,110.0,-3.8956222690290727
374,3.74,4.219850648706603,-1.5069587144563705,0.5676864765787528,4.6301084517020845,-6.844292129847133,-3.779593045661146,0.0,-20.0,-20.0,110.0,-3.9185442363606504
375,3.75,4.23518778015779,-1.5062154992097498,0.5397925901518851,4.631230878254989,-6.843535224301596,-3.7890118611629826,0.0,-20.0,-20.0,110.0,-3.941565363991708
376,3.7600000000000002,4.250524911608976,-1.5054722839631292,0.5118987037250173,4.632353177783258,-6.842778135560894,-3.7984306467944764,0.0,-20.0,-20.0,110.0,-3.964683883340276
377,3.77,4.265862043060163,-1.5047290687165082,0.4840048172981496,4.633475350257121,-6.842020863646038,-3.8078494025518257,0.0,-20.0,-20.0,110.0,-3.835956818145587
378,3.7800000000000002,4.279696557107561,-1.5048966285928902,0.4696443837360221,4.812077714491685,-6.5400898399774885,-3.7352617581582748,0.0,-20.0,-20.0,110.0,-3.288939218204627
379,3.79,4.29180586952211,-1.5061542720751817,0.47115242656739587,5.110968825851746,-5.767500250428695,-3.716450037375851,0.0,-20.0,-20.0,110.0,-3.625489345546697
380,3.8000000000000003,4.303823978302799,-1.5075675131391428,0.47635017198278023,5.365488958514918,-4.647040474338835,-3.7214626654677923,0.0,-20.0,-20.0,110.0,-3.7523112744805376
381,3.81,4.315934375654665,-1.5089734618715507,0.4823195728056837,5.521190882607154,-3.3057333323736837,-3.7652691778870877,0.0,-20.0,-20.0,110.0,-3.7977073965625086
382,3.8200000000000003,4.328154449948203,-1.5103143105245145,0.4879746148071356,5.645177159252901,-1.8833755430288996,-4.022439367509565,0.0,-20.0,-20.0,110.0,-3.8111807059273715
383,3.83,4.340380215434089,-1.5116458843518281,0.49348980707090984,5.753123730124432,-0.4595533240489768,-4.277965561535787,0.0,-20.0,-20.0,110.0,-3.8268197838819584
384,3.84,4.3526008781084276,-1.5129753765590834,0.4989478467153805,5.845144296850241,0.9653242196892273,-4.530305219410022,0.0,-20.0,-20.0,110.0,-3.837995474560136
385,3.85,4.36482112901584,-1.5143001327506658,0.5043598079360079,5.921390585432003,2.3911157294933045,-4.780060108816177,0.0,-20.0,-20.0,110.0,-3.8494202649823563
386,3.86,4.377039851550665,-1.5156199947258209,0.5097257311585331,5.981963331959908,3.817695385088259,-5.027908755924626,0.0,-20.0,-20.0,110.0,-3.861094333340959
387,3.87,4.389255931803328,-1.516934805374055,0.5150456841966722,6.026913542831253,5.244940765635775,-5.274519221894158,0.0,-20.0,-20.0,110.0,-3.8730153750660707
388,3.88,4.40146825781847,-1.5182444103816743,0.5203197619950327,6.056247231935153,6.672728657542233,-5.520530149092962,0.0,-20.0,-20.0,110.0,-3.8851807147077553
389,3.89,4.413675719874709,-1.5195486588332996,0.525548086523258,6.0699291120980465,8.100933978788273,-5.766554496104797,0.0,-20.0,-20.0,110.0,-3.897587862944435
390,3.9,4.425877211385645,-1.5208474032481905,0.5307308066634822,6.067884651171694,9.52943005381274,-6.01318932636565,0.0,-20.0,-20.0,110.0,-3.910234634096035
391,3.91,4.438071623435638,-1.5221404983488256,0.5358680992888871,6.050001632998288,10.95808541221663,-6.261015838406193,0.0,-20.0,-20.0,110.0,-3.923116917228396
392,3.92,4.450257862245636,-1.5234278056860535,0.5409601663209381,6.016133160887258,12.386764367157722,-6.510606239302382,0.0,-20.0,-20.0,110.0,-3.936234185073736
393,3.93,4.462434825171924,-1.5247091880168515,0.5460072385724264,5.966089912486653,13.815335972944624,-6.7625621366037,0.0,-20.0,-20.0,110.0,-3.9495851566813855
394,3.94,4.474601426607108,-1.52598451422004,0.551009571459945,5.89963854745286,15.243666317809588,-7.017506006515904,0.0,-20.0,-20.0,110.0,-3.963167703856507
395,3.95,4.486756582721846,-1.527253655425136,0.5559674476670448,5.816499904041875,16.67161875540981,-7.276083463978172,0.0,-20.0,-20.0,110.0,-3.976979676993626
396,3.96,4.498899216255976,-1.5285164862957208,0.5608811762839371,5.716346846155366,18.099053458452968,-7.538966000449758,0.0,-20.0,-20.0,110.0,-3.991018785355973
397,3.97,4.511028257279381,-1.5297728851279675,0.5657510926071505,5.598801714728767,19.525826794626028,-7.806854304672954,0.0,-20.0,-20.0,110.0,-4.005282562807498
398,3.98,4.5231426439567715,-1.5310227339417228,0.5705775579023001,5.463433483449217,20.95179062009663,-8.080481492179068,0.0,-20.0,-20.0,110.0,-4.019768379187534
399,3.99,4.535241323094409,-1.5322659186186116,0.5753609592095499,5.3097549299302935,22.37679138797267,-8.360616479623955,0.0,-20.0,-20.0,110.0,-4.0344734265392015
400,4.0,4.547323250787849,-1.5335023290654637,0.5801017090952756,5.137218282842863,23.80066944629528,-8.648070494009493,0.0,-20.0,-20.0,110.0,-4.0493948045504276
401,4.01,4.559387392995226,-1.5347318592977233,0.5848002454233217,4.945210042371471,25.22325829913282,-8.943703936341842,0.0,-20.0,-20.0,110.0,-4.0645295391696425
402,4.0200000000000005,4.5714327262211585,-1.5359544074301152,0.5894570310845343,4.733045260611488,26.644383686405863,-9.248433272134603,0.0,-20.0,-20.0,110.0,-4.0798745328166905
403,4.03,4.583458238119288,-1.5371698757314805,0.5940725537242106,4.499961080486881,28.06386252744034,-9.56323844967179,0.0,-20.0,-20.0,110.0,-4.095426564075547
404,4.04,4.595462928095092,-1.5383781706767576,0.5986473254528237,4.24510940422978,29.481501727558904,-9.889171052491335,0.0,-20.0,-20.0,110.0,-4.111182286506198
405,4.05,4.60744580790049,-1.539579202998836,0.6031818825422094,3.9675485611773267,30.897096832175365,-10.227363355723751,0.0,-20.0,-20.0,110.0,-4.127138228961144
406,4.0600000000000005,4.619405902220372,-1.540772887739372,0.6076767851074482,3.666233826017836,32.31043050717702,-10.579038459215676,0.0,-20.0,-20.0,110.0,-4.143290796870519
407,4.07,4.631342249250972,-1.5419591442979792,0.6121326167746677,3.3400066154454926,33.72127081893146,-10.945521684777244,0.0,-20.0,-20.0,110.0,-4.159636274170798
408,4.08,4.643253901269982,-1.5431378964793934,0.6165499843349698,2.9875821636116604,35.12936928140831,-11.32825344706822,0.0,-20.0,-20.0,110.0,-4.176170825661697
409,4.09,4.655139925198171,-1.5443090725383377,0.6209295173846776,2.60753544426037,36.5344586312769,-11.72880383673518,0.0,-20.0,-20.0,110.0,-4.192890499644203
410,4.1,4.666999403152326,-1.545472605221899,0.6252718679520958,2.1982850691480484,37.93625028411139,-12.148889190594739,0.0,-20.0,-20.0,110.0,-4.20979123074296
411,4.11,4.67883143298921,-1.5466284318093062,0.6295777101109836,1.7580748472672054,39.334431415673315,-12.590390967500417,0.0,-20.0,-20.0,110.0,-4.226868842854309
412,4.12,4.690635128840242,-1.547776494149034,0.6338477395809555,1.2849526364516808,40.72866160126486,-13.055377300791745,0.0,-20.0,-20.0,110.0,-4.244119052189138
413,4.13,4.7024096216366,-1.5489167386931997,0.638082673315038,0.776746057063831,42.11856893288975,-13.546127659746082,0.0,-20.0,-20.0,110.0,-4.26153747039769
414,4.14,4.714154059624393,-1.5500491165292294,0.6422832490746251,0.23103456563472624,43.503745517874655,-14.065161124092631,0.0,-20.0,-20.0,110.0,-4.279119607773282
415,4.15,4.725867608869615,-1.5511735834087768,0.6464502249920857,-0.3548826963036594,44.88374224302397,-14.615268858155247,0.0,-20.0,-20.0,110.0,-4.296860876535722
416,4.16,4.737549453752551,-1.552290099773885,0.650584379121285,-0.9840239568683138,46.25806266451577,-15.199551464993757,0.0,-20.0,-20.0,110.0,-4.314756594195688
417,4.17,4.749198797451327,-1.5533986307803784,0.6546865089762869,-1.659767555565133,47.626155854641716,-15.82146200573338,0.0,-20.0,-20.0,110.0,-4.33280198700017
418,4.18,4.7608148624143425,-1.554499146318468,0.6587574310585165,-2.3859012700730062,48.98740800102398,-16.484855583498273,0.0,-20.0,-20.0,110.0,-4.350992193457783
419,4.19,4.772396890821262,-1.5555916210305643,0.6627979803726611,-3.166679245837949,50.341132510785215,-17.19404651105675,0.0,-20.0,-20.0,110.0,-4.369322267941512
420,4.2,4.783944145032323,-1.5566760343262758,0.6668090099315996,-4.0068876636788495,51.686558319806785,-17.953874198605444,0.0,-20.0,-20.0,110.0,-4.387787184365912
421,4.21,4.79545590802568,-1.5577523703945944,0.6707913902506522,-4.911920381481853,53.02281604405603,-18.769778998887848,0.0,-20.0,-20.0,110.0,-4.406381839935361
422,4.22,4.806931483822516,-1.5588206182132478,0.6747460088314533,-5.887865846065025,54.34892153437534,-19.647889306749715,0.0,-20.0,-20.0,110.0,-4.425101058959893
423,4.23,4.8183701978996964,-1.5598807715552194,0.6786737696357519,-6.94160655017838,55.66375630676133,-20.595121189029584,0.0,-20.0,-20.0,110.0,-4.443939596735197
424,4.24,4.829771397589683,-1.5609328289924276,0.6825755925494508,-8.080932142358492,56.96604421647663,-21.61929165335871,0.0,-20.0,-20.0,110.0,-4.462892143483334
425,4.25,4.841134452467511,-1.5619767938965634,0.6864524128372046,-9.314666881034386,58.25432362751403,-22.729246248051737,0.0,-20.0,-20.0,110.0,-4.4819533283509285
426,4.26,4.852458754724556,-1.5630126744370834,0.6903051805878988,-10.652811298691766,59.52691420349856,-23.935000859616828,0.0,-20.0,-20.0,110.0,-4.501117723461375
427,4.2700000000000005,4.8637437195289195,-1.564040483576359,0.6941348601513382,-12.106696462177428,60.781877322648725,-25.247896094631518,0.0,-20.0,-20.0,110.0,-4.520379848017915
428,4.28,4.874988785372168,-1.565060239061987,0.697942429566481,-13.689146714578662,62.016969019019946,-26.68076013203172,0.0,-20.0,-20.0,110.0,-4.539734172454085
429,4.29,4.886193414402256,-1.5660719634162623,0.7017288799815544,-15.414642727113192,63.22958431361334,-28.248071874815146,0.0,-20.0,-20.0,110.0,-4.559175122628293
430,4.3,4.8973570927424195,-1.5670756839228215,0.7054952150663988,-17.29947032192174,64.41669188923515,-29.966109862573685,0.0,-20.0,-20.0,110.0,-4.578697084059037
431,4.3100000000000005,4.908479330795857,-1.5680714326104637,0.7092424504173864,-19.361830841985615,65.57475839379516,-31.853062721560615,0.0,-20.0,-20.0,110.0,-4.598294406197362
432,4.32,4.919559663536017,-1.5690592462341586,0.7129716129552697,-21.621874615517523,66.69966240536597,-33.92906270008845,0.0,-20.0,-20.0,110.0,-4.617961406733017
433,4.33,4.9305976507823095,-1.5700391662532525,0.7166837403163142,-24.101599043362665,67.78659952672399,-36.21608381820953,0.0,-20.0,-20.0,110.0,-4.637692375930757
434,4.34,4.941592877461092,-1.571011238806885,0.7203798802370782,-26.824526333920645,68.82998257521582,-38.73761965657495,0.0,-20.0,-20.0,110.0,-4.657481580993225
435,4.3500000000000005,4.952544953851773,-1.5719755146866332,0.7240610899332046,-29.815044035479342,69.82334487426708,-41.518023934720986,0.0,-20.0,-20.0,110.0,-4.677323270446718
436,4.36,4.963453515817873,-1.572932049306395,0.7277284354725913,-33.0972595612517,70.75926072682331,-44.58136507440731,0.0,-20.0,-20.0,110.0,-4.697211678546139
437,4.37,4.97431822502293,-1.5738809026695337,0.7313829911433135,-36.69320105905692,71.62930550702733,-47.949627100259285,0.0,-20.0,-20.0,110.0,-4.7171410296953935
438,4.38,4.9851387691310975,-1.5748221393333015,0.7350258388166728,-40.620216727640624,72.42408791011435,-51.64010897999938,0.0,-20.0,-20.0,110.0,-4.73710554287946
439,4.39,4.995914861992327,-1.5757558283705617,0.7386580673057487,-44.88752262164222,73.13339653800918,-55.66197244654845,0.0,-20.0,-20.0,110.0,-4.757099436104175
440,4.4,5.006646243812035,-1.5766820433288362,0.7422807717198356,-49.492070382264295,73.74650722214666,-60.01210973930721,0.0,-20.0,-20.0,110.0,-4.777116930840043
441,4.41,5.017332681305134,-1.577600862186697,0.7458950528151459,-54.4142719945664,74.25268825793341,-64.67086836578201,0.0,-20.0,-20.0,110.0,-4.7971522564659335
442,4.42,5.027973967834344,-1.578512367307533,0.7495020163421653,-59.61456844874698,74.64190901107983,-69.59861976114709,0.0,-20.0,-20.0,110.0,-4.817199654708876
443,4.43,5.038569923532713,-1.5794166453907155,0.7531027723900469,-65.0321657634457,74.90569946345632,-74.73449530399299,0.0,-20.0,-20.0,110.0,-4.837253384075847
444,4.44,5.049120395410266,-1.5803137874201938,0.7566984347284327,-70.5871730928822,75.03803531913013,-79.99852441028534,0.0,-20.0,-20.0,110.0,-4.8573077242736
445,4.45,5.0596252574447025,-1.5812038886105506,0.7602901201470931,-76.18662196021667,75.03606622362496,-85.29765374811959,0.0,-20.0,-20.0,110.0,-4.877356980612461
446,4.46,5.070084410656125,-1.5820870483505478,0.7638789477937761,-81.73354562340397,74.90050320578206,-90.53482657973797,0.0,-20.0,-20.0,110.0,-4.897395488390021
447,4.47,5.080497783165722,-1.582963370144199,0.7674660385106573,-87.13705580415588,74.63555576562165,-95.61905946161188,0.0,-20.0,-20.0,110.0,-4.917417617250692
448,4.48,5.090865330238382,-1.5838329615494002,0.7710525141697867,-92.32091608029795,74.24843514787035,-100.47401560306399,0.0,-20.0,-20.0,110.0,-4.937417775516969
449,4.49,5.101187034309225,-1.5846959341141598,0.7746394970079234,-97.22876545774156,73.74855873351922,-105.04322839983494,0.0,-20.0,-20.0,110.0,-4.957390414488397
450,4.5,5.111462904994006,-1.5855524033104589,0.7782281089611557,-101.82546566257791,73.14664699439875,-109.29144868328765,0.0,-20.0,-20.0,110.0,-4.97733003270408
451,4.51,5.121692979083425,-1.5864024884657897,0.7818194709996976,-106.09526697295891,72.45388622324396,-113.20281050510188,0.0,-20.0,-20.0,110.0,-4.997231180164708
452,4.5200000000000005,5.131877320521306,-1.5872463126924035,0.78541470246326,-110.03809676224327,71.6812650576437,-116.77711962912888,0.0,-20.0,-20.0,110.0,-5.017088462510013
453,4.53,5.142016020366687,-1.5880840028143175,0.7890149203973865,-113.665247567811,70.83912069876595,-120.02554154500646,0.0,-20.0,-20.0,110.0,-5.036896545147638
454,4.54,5.15210919673983,-1.5889156892921203,0.7926212388911515,-116.99535751025192,69.93687838759934,-122.96658182844573,0.0,-20.0,-20.0,110.0,-5.056650157329384
455,4.55,5.162156994752188,-1.589741506145621,0.7962347684166098,-120.0511325135969,68.9829419797016,-125.62280829907154,0.0,-20.0,-20.0,110.0,-5.0763440961708906
456,4.5600000000000005,5.172159586420365,-1.590561590874387,0.7998566151703906,-122.85692317066649,67.9846884742761,-128.0184278201191,0.0,-20.0,-20.0,110.0,-5.095973230610817
457,4.57,5.18211717056413,-1.5913760843762212,0.803487880417828,-125.43707689195132,66.94852576442413,-130.1776383786398,0.0,-20.0,-20.0,110.0,-5.115532505305616
458,4.58,5.192029972688531,-1.592185130863622,0.807129659840014,-127.8149083136655,65.87998321452487,-132.1235994221151,0.0,-20.0,-20.0,110.0,-5.1350169444561375
459,4.59,5.201898244850198,-1.5929888777782786,0.8107830428841618,-130.01212214447997,64.78381467511508,-133.87785463125988,0.0,-20.0,-20.0,110.0,-5.154421655562257
460,4.6000000000000005,5.21172226550789,-1.5937874757036534,0.8144491121176677,-132.04854587331963,63.664101492370555,-135.4600645516968,0.0,-20.0,-20.0,110.0,-5.173741833101889
461,4.61,5.2215023393574,-1.5945810782756982,0.8181289425862491,-133.94206246252628,62.52434869143009,-136.88793920912312,0.0,-20.0,-20.0,110.0,-5.192972762130756
462,4.62,5.231238797150897,-1.595369842091764,0.8218236011765443,-135.70866414878526,61.367571170631926,-138.1772918307181,0.0,-20.0,-20.0,110.0,-5.212109821799437
463,4.63,5.240931995500822,-1.5961539266177525,0.8255341459835488,-137.3625736199697,60.19636895581791,-139.3421599413217,0.0,-20.0,-20.0,110.0,-5.231148488784268
464,4.64,5.250582316668451,-1.5969334940935687,0.8292616256832648,-138.91639754842143,59.01299179979407,-140.39495881531735,0.0,-20.0,-20.0,110.0,-5.250084340628751
465,4.65,5.260190168337248,-1.5977087094369276,0.8330070789109348,-140.38129062665894,57.81939402979654,-141.34664543065884,0.0,-20.0,-20.0,110.0,-5.268913058992334
466,4.66,5.269755983371147,-1.5984797401455733,0.8367715336452288,-141.76711714288203,56.617280793604586,-142.20687996290246,0.0,-20.0,-20.0,110.0,-5.287630432803414
467,4.67,5.2792802195579105,-1.5992467561979686,0.8405560065987494,-143.08260294051098,55.4081468943436,-142.98417766401934,0.0,-20.0,-20.0,110.0,-5.3062323613136275
468,4.68,5.288763359337692,-1.600009929952514,0.8443615026152173,-144.3354742812299,54.19330933521376,-143.68604764604433,0.0,-20.0,-20.0,110.0,-5.324714857050573
469,4.69,5.29820590951701,-1.600769436045355,0.8481890140736928,-145.53258237898257,52.9739345778131,-144.31911733765125,0.0,-20.0,-20.0,110.0,-5.343074048666254
470,4.7,5.307608400968246,-1.6015254512868404,0.8520395203001896,-146.68001368885112,51.75106138503262,-144.8892426982859,0.0,-20.0,-20.0,110.0,-5.361306183678674
471,4.71,5.316971388314894,-1.6022781545566886,0.8559139869870256,-147.78318675729003,50.5256199895626,-145.4016049970953,0.0,-20.0,-20.0,110.0,-5.379407631104124
472,4.72,5.326295449602719,-1.6030277266979303,0.8598133656202582,-148.8469367931125,49.29844821044627,-145.86079531688623,0.0,-20.0,-20.0,110.0,-5.3973748839778874
473,4.73,5.3355811859570315,-1.6037743504096849,0.8637385929155438,-149.8755892481131,48.07030503615693,-146.2708880729091,0.0,-20.0,-20.0,110.0,-5.415204561761181
474,4.74,5.344829221226276,-1.6045182101388373,0.8676905902627516,-150.87302369586547,46.841882103813326,-146.63550483600147,0.0,-20.0,-20.0,110.0,-5.432893412632325
475,4.75,5.354040201612146,-1.605259491970678,0.8716702631796683,-151.8427292259349,45.61381342941328,-146.95786967841428,0.0,-20.0,-20.0,110.0,-5.450438315660292
476,4.76,5.363214795286452,-1.6059983835185723,0.8756785007751096,-152.78785246479092,44.38668368178605,-147.2408571547853,0.0,-20.0,-20.0,110.0,-5.467836282858881
477,4.7700000000000005,5.372353691994951,-1.6067350738127237,0.8797161752217628,-153.7112392158629,43.16103524157127,-147.48703391198492,0.0,-20.0,-20.0,110.0,-5.485084461119946
478,4.78,5.381457602648399,-1.6074697531880953,0.883784141239071,-154.61547059206177,41.937374244251764,-147.6986948025503,0.0,-20.0,-20.0,110.0,-5.5021801340242344
479,4.79,5.390527258901045,-1.6082026131715608,0.8878832355864641,-155.50289440153796,40.71617577155905,-147.87789426398604,0.0,-20.0,-20.0,110.0,-5.519120723528566
480,4.8,5.399563412716829,-1.608933846368346,0.8920142765672399,-156.37565244480476,39.497888327115064,-148.02647362369754,0.0,-20.0,-20.0,110.0,-5.5359037915281215
481,4.8100000000000005,5.408566835923539,-1.6096636463478324,0.8961780635433867,-157.2357042898642,38.282937708841565,-148.14608489796075,0.0,-20.0,-20.0,110.0,-5.552527041292888
482,4.82,5.417538319755186,-1.6103922075287882,0.9003753764616371,-158.08484801165855,37.0717303715306,-148.23821157316115,0.0,-20.0,-20.0,110.0,-5.568988318777286
483,4.83,5.426478674382882,-1.6111197250640978,0.904606975391033,-158.92473831240275,35.86465635724627,-148.30418678791577,0.0,-20.0,-20.0,110.0,-5.585285613802271
484,4.84,5.435388728434485,-1.6118463947250528,0.9088736000722761,-159.75690237919116,34.66209185829122,-148.34520927468537,0.0,-20.0,-20.0,110.0,-5.601417061109196
485,4.8500000000000005,5.4442693285032915,-1.6125724127852785,0.9131759694791315,-160.58275378364388,33.46440146680366,-148.36235736802254,0.0,-20.0,-20.0,110.0,-5.617380941284924
486,4.86,5.453121338646099,-1.6132979759043626,0.9175147813921432,-161.40360468420928,32.27194015623343,-148.35660134262085,0.0,-20.0,-20.0,110.0,-5.633175681557764
487,4.87,5.461945639870892,-1.6140232810112545,0.9218907119849169,-162.22067655405843,31.085055032638007,-148.32881430683074,0.0,-20.0,-20.0,110.0,-5.648799856463885
488,4.88,5.470743129614492,-1.6147485251875047,0.9263044154232122,-163.03510962539247,29.904086887665347,-148.27978184537395,0.0,-20.0,-20.0,110.0,-5.664252188384011
489,4.89,5.479514721210461,-1.6154739055504135,0.9307565234770835,-163.8479712136215,28.72937158002621,-148.21021057781593,0.0,-20.0,-20.0,110.0,-5.679531547950255
490,4.9,5.48826134334758,-1.61619961913616,0.9352476451463005,-164.66026306156297,27.561241268022155,-148.1207357762362,0.0,-20.0,-20.0,110.0,-5.694636954323062
491,4.91,5.496983939519224,-1.6169258627829781,0.9397783662992681,-165.4729278239364,26.400025512138264,-148.0119281658599,0.0,-20.0,-20.0,110.0,-5.70956757533832
492,4.92,5.505683467463959,-1.6176528330144486,0.9443492493256618,-166.28685479548295,25.24605226371198,-147.88430001565936,0.0,-20.0,-20.0,110.0,-5.72432272752477
493,4.93,5.514360898597693,-1.6183807259229812,0.9489608328029835,-167.10288497156583,24.099648753152707,-147.7383106116522,0.0,-20.0,-20.0,110.0,-5.738901875991969
494,4.94,5.5230172174377214,-1.6191097370535485,0.9536136311772359,-167.92181551773436,22.961142289030516,-147.57437119343757,0.0,-20.0,-20.0,110.0,-5.753304634189051
495,4.95,5.531653421018993,-1.6198400612877466,0.9583081344579039,-168.74440371414644,21.83086097751145,-147.39284942410006,0.0,-20.0,-20.0,110.0,-5.767530763534709
496,4.96,5.540281132648057,-1.6205709888306274,0.9630206071774594,-169.57136339211857,20.70912662632084,-147.19407512298324,84.61321258544922,-20.0,-20.0,109.99965476989746,-5.797795442509545
497,4.97,5.548940710382156,-1.6212987624803732,0.9676558844431672,-170.4033542061461,19.596240373567884,-146.97834656740562,331.0784912109375,-20.0,-18.530325889587402,109.99830436706543,-5.8578626904538025
498,4.98,5.5576852103782555,-1.622017076073856,0.972075375764203,-171.24099229651992,18.492492879977583,-146.74593110100537,559.9232788085938,-20.0,-16.737433671951294,109.99602127075195,-5.911504621253207
499,4.99,5.566556881433502,-1.6227188682384373,0.9761485550428041,-172.08486713668077,17.398183101905914,-146.4970646927518,770.15625,-20.0,-15.1188325881958,109.99288082122803,-5.958199352914126
500,5.0,5.575587931431776,-1.623396529064627,0.9797538979463807,-172.9355433505366,16.313620628459507,-146.23195488543533,961.6530151367188,-20.0,-13.653556108474731,109.98895931243896,-5.997609991384602
501,5.01,5.584801283204868,-1.6240420506741131,0.9827792665886823,-173.793562825565,15.239126726059693,-145.95078383025333,1134.8795166015625,-20.0,-12.31760025024414,109.98433208465576,-6.029529042166069
502,5.0200000000000005,5.594211422580346,-1.6246471586538922,0.9851219722147044,-174.6594469152716,14.175034253615461,-145.65371129681776,1290.6527099609375,-20.0,-11.08675241470337,109.97906970977783,-6.0538287722496795
503,5.03,5.603825272719617,-1.6252034251284908,0.98668861945478,-175.53369821975272,13.12168732162056,-145.3408775099073,1430.005859375,-20.0,-9.938309788703918,109.97323894500732,-6.07043000512781
504,5.04,5.613643052890806,-1.6257023651649847,0.9873948102785043,-176.41680203609315,12.079440507092185,-145.01240583784772,1554.0550537109375,-20.0,-8.85211169719696,109.96690273284912,-6.07927010487653
505,5.05,5.623659095770477,-1.6261355185721855,0.9871647657222504,-177.30922743021247,11.04865783692816,-144.66840531871728,1663.9432373046875,-20.0,-7.81124472618103,109.9601182937622,-6.0802862816678145
506,5.0600000000000005,5.633862611127455,-1.6264945187604452,0.9859308996731658,-178.21142789879744,10.029711792525818,-144.30897302241166,1760.7928466796875,-20.0,-6.802874207496643,109.9529390335083,-6.073401292296744
507,5.07,5.644238389708286,-1.6267711504439883,0.9836333712414563,-179.12384163450847,9.0229825632986,-143.9341962690122,1845.6785888671875,-20.0,-5.819054841995239,109.94541358947754,-6.058515732789574
508,5.08,5.65476744502516,-1.6269573984461296,0.9802196413253417,179.95310852966284,8.028857630662632,-143.54415474925014,1919.5849609375,-20.0,-4.85768735408783,109.9375867843628,-6.035500761414115
509,5.09,5.665427594829571,-1.6270454895988178,0.9756440503761766,179.0190153344732,7.047731464942696,-143.13892258288897,1983.407470703125,-20.0,-3.92270028591156,109.92949962615967,-6.02093699997354
510,5.1000000000000005,5.676193987017431,-1.627027929400464,0.9698674264891862,178.0734875144468,6.080005640554002,-142.718570323459,2037.935302734375,-20.0,-3.023708462715149,109.92119026184082,-6.103191744457256
511,5.11,5.687039575874568,-1.6268975348154815,0.96285672952473,177.1161501240453,5.126088046300026,-142.28316691938957,2083.8623046875,-20.0,-2.174670249223709,109.91269302368164,-6.180349830817478
512,5.12,5.697935555306237,-1.626647463658095,0.9545847253276458,176.14664495650914,4.186391343246026,-141.83278156024224,2121.8056640625,-20.0,-1.391785889863968,109.9040412902832,-6.252196887476849
513,5.13,5.70885175471764,-1.626271241422151,0.9450296901742911,175.1646311201709,3.261330730166873,-141.3674853684678,2152.295654296875,-20.0,-0.6912119686603546,109.89526557922363,-6.318598694825275
514,5.14,5.719757002567947,-1.625762785776755,0.934175140149767,174.1697858564099,2.351322294418671,-140.88735317164208,2175.810302734375,-20.0,-0.08711174130439758,109.8863935470581,-6.379496436302317
515,5.15,5.730619462243169,-1.625116429691865,0.9220095866233449,173.16180555735343,1.4567834576939978,-140.39246522319365,2192.74267578125,-20.0,0.4096035659313202,109.8774528503418,-6.4348887501014636
516,5.16,5.741407018218261,-1.624327061050708,0.9085273834582128,172.14040708848077,0.5781297903689023,-139.8829084256211,2200.0,-20.0,0.7917384803295135,109.86848258972168,-6.4840832797593215
517,5.17,5.7520876537444705,-1.623390196507635,0.8937289276529796,171.1053285785896,-0.2842239031046515,-139.35877834689313,2200.0,-20.0,1.0570220649242401,109.85951232910156,-6.527596916641417
518,5.18,5.762629524488873,-1.62230168825183,0.8776176451963619,170.05633094260074,-1.1298639416674559,-138.8201810503225,2200.0,-20.0,1.2072376906871796,109.85054206848145,-6.567058559868777
519,5.19,5.77300088246351,-1.6210574862965625,0.8601977348987198,168.99319909635736,-1.9583757059464275,-138.2672350622624,2200.0,-20.0,1.248435229063034,109.84157180786133,-6.602641305356929
520,5.2,5.783170532712594,-1.6196539708699986,0.8414768341076071,167.91574199627814,-2.7693441097134412,-137.7000731787001,2191.278076171875,-20.0,1.1943392455577848,109.83263683319092,-6.6326852451153435
521,5.21,5.793108299142646,-1.6180881871916581,0.8214677002711538,166.82379307827938,-3.5623545274903754,-137.11884420400784,2176.9453125,-20.0,1.0701899230480194,109.82376003265381,-6.657966214634092
522,5.22,5.802784954028084,-1.6163576224956977,0.8001860973376834,165.7172118990258,-4.33699386907471,-136.5237146589846,2160.60400390625,-20.0,0.9100465476512909,109.81494998931885,-6.679402947952341
523,5.23,5.812172039217504,-1.614460013471216,0.7776491353285683,164.59588566189979,-5.092851633765356,-135.91487045779093,2143.96240234375,-20.0,0.7545165717601775,109.80620765686035,-6.697543134992328
524,5.24,5.8212416659636155,-1.6123932114541097,0.7538742127636089,163.45973055966036,-5.829520818755701,-135.29251862631577,2128.725341796875,-20.0,0.6467895209789276,109.79752826690674,-6.7129301023649415
525,5.25,5.829966242774385,-1.6101550489660605,0.7288780720283353,162.3086930970754,-6.546597928747783,-134.65688931593328,2116.30517578125,-20.0,0.6274263560771942,109.7888994216919,-6.726034577536015
526,5.26,5.838318186722573,-1.6077432306884898,0.7026761199365664,161.14275138787633,-7.243682874891732,-134.00823782023608,2107.6064453125,-20.0,0.730079859495163,109.78030586242676,-6.737204785631204
527,5.2700000000000005,5.846269678637775,-1.6051552661468433,0.6752821001085891,159.96191634840645,-7.920379325836203,-133.34684645344393,2102.931884765625,-20.0,0.9792236983776093,109.77173137664795,-6.746644441499288
528,5.28,5.853792506499093,-1.6023884502059302,0.6467081173206736,158.76623276432875,-8.576295898430207,-132.67302623731277,2102.04052734375,-20.0,1.3896028697490692,109.7631607055664,-6.7544261012114735
529,5.29,5.8608580145263005,-1.599439886400724,0.6169649398921226,157.55578016930997,-9.211047672005034,-131.98711835579837,2104.298828125,-20.0,1.9666855037212372,109.7545804977417,-6.760525733314957
530,5.3,5.867437151114089,-1.5963065412448694,0.5860624717802113,156.33067358552483,-9.824257256869835,-131.2894957550429,2108.86181640625,-20.0,2.7068728208541866,109.74598121643066,-6.764864077011692
531,5.3100000000000005,5.87350059019085,-1.5929853143613282,0.5540102808508299,155.0910641136179,-10.415555947183268,-130.58056460432795,2114.855712890625,-20.0,3.5968118906021114,109.73735809326172,-6.767348733785624
532,5.32,5.879018893700385,-1.5894731109594904,0.5208180936250661,153.83713938046327,-10.984584885242365,-129.86076560864657,2121.493896484375,-20.0,4.61232602596283,109.7287073135376,-6.767901552682755
533,5.33,5.883962684644945,-1.5857669066289384,0.48649620038451397,152.5691238130712,-11.530996741016311,-129.130574963813,2128.15771484375,-20.0,5.717868208885193,109.72002983093262,-6.76647750166169
534,5.34,5.888302810430093,-1.581863799799885,0.45105575238457624,151.28727873073115,-12.054457717096417,-128.39050494743202,2134.38916015625,-20.0,6.867019534111023,109.7113265991211,-6.763064813721266
535,5.3500000000000005,5.892010491727239,-1.577761052850246,0.41450896752549593,149.99190224665801,-12.554649807261189,-127.64110410719242,2139.8515625,-20.0,8.005442023277283,109.7026014328003,-6.757677834457446
536,5.36,5.895057463330026,-1.5734561259089062,0.37686927557529476,148.68332897394976,-13.031273232864883,-126.88295702071717,2144.265380859375,-20.0,9.07569706439972,109.69385814666748,-6.750344986185116
537,5.37,5.897416110947897,-1.5689467058623405,0.3381514221755164,147.36192952974994,-13.484048964848705,-126.11668362436244,2147.408203125,-20.0,10.023572444915771,109.68510246276855,-6.741108805196731
538,5.38,5.899059597609196,-1.5642307295428404,0.2983715299952546,146.02810982250395,-13.912721218639371,-125.34293813870175,2149.126953125,-20.0,10.804141759872437,109.6763391494751,-6.774006175271835
539,5.39,5.906765873385606,-1.5612799205198524,0.2716898074274918,144.24425354049836,-16.23195641896701,-126.46817461195832,2200.0,-20.0,13.204270601272583,109.66736888885498,-7.433473832693837
540,5.4,5.921681114041862,-1.5603886543059093,0.26063694301470425,141.77329829891278,-19.370435701026953,-127.64354110162196,2200.0,-20.0,20.0,109.65839862823486,-7.219961900663239
541,5.41,5.937896506653386,-1.5598051889361735,0.25280774821510876,138.30607383055715,-21.90632767591262,-127.18640008366602,2200.0,-20.0,20.0,109.64942836761475,-7.121536919005826
542,5.42,5.953599029737408,-1.5590210067523367,0.24519706297294694,134.42722562528655,-24.155197608057986,-126.04123942474553,2200.0,-20.0,20.0,109.64045810699463,-7.10147499215217
543,5.43,5.968389405742142,-1.5580075659109767,0.23656903300103505,130.44443484195307,-26.357991431686237,-124.67025791847325,2200.0,-20.0,20.0,109.63148784637451,-7.082165268660725
544,5.44,5.982386929059972,-1.556800403295312,0.22726877697838535,126.33901010123932,-28.49654878442511,-123.06103893718092,2200.0,-20.0,20.0,109.6225175857544,-7.054935973041328
545,5.45,5.995586022741228,-1.5553981630263916,0.2174671125465363,122.09279277886266,-30.551138564245576,-121.20157446253889,2200.0,-20.0,20.0,109.61354732513428,-7.0207494356343645
546,5.46,6.007952693090033,-1.5537956326978093,0.20722487393966793,117.68904523316972,-32.50041634341538,-119.08109430447251,2200.0,-20.0,20.0,109.60457706451416,-6.979957638649783
547,5.47,6.019457326786413,-1.5519886503630889,0.19660522044342155,113.1136518364198,-34.321440520069274,-116.69124853986706,2200.0,-20.0,20.0,109.59560680389404,-6.932923683483578
548,5.48,6.030074846358516,-1.5499741264927986,0.18567330387279965,108.35664067162024,-35.989830820962716,-114.02761773098172,2200.0,-20.0,20.0,109.58663654327393,-6.880019255977158
549,5.49,6.0397848416992845,-1.5477500602732837,0.17449592559979293,103.41397796526796,-37.48012139286721,-111.0915018930241,2200.0,-20.0,20.0,109.57766628265381,-6.821622327375044
550,5.5,6.048571676996554,-1.5453155498671072,0.16314118492534338,98.28949150451345,-38.76635804925397,-107.89184386306232,2200.0,-20.0,20.0,109.56869602203369,-6.758115374077423
551,5.51,6.056255509186435,-1.5411583502235877,0.15350069348230108,94.72243561647684,-51.964875143235474,-105.95778296321087,2200.0,-20.0,20.0,109.55972576141357,-8.631978029993272
552,5.5200000000000005,6.059855246581203,-1.5401631765496715,0.14840906132802748,94.58313848926602,-62.39834767984056,-106.8922472108125,2200.0,20.0,20.0,109.55075550079346,-5.625329456250276
553,5.53,6.0628362391366455,-1.538500032919798,0.14469450756297178,97.09478285641815,-60.61357694100239,-110.82670875921528,2200.0,-20.0,20.0,109.54178524017334,-6.469067076746752
554,5.54,6.063177441460136,-1.5376118589150543,0.14347057343228442,99.5215115615443,-55.38949265125989,-114.60817745897245,2200.0,-20.0,20.0,109.53281497955322,-6.393086912645531
555,5.55,6.062342175760949,-1.5363747199835223,0.1421813563228889,101.3966904659351,-49.95728784408884,-117.64353384306885,2200.0,-20.0,20.0,109.5238447189331,-6.373092456252422
556,5.5600000000000005,6.060430713913859,-1.5347243330544817,0.14067277088617036,102.95487834684664,-44.46515809485851,-120.16543817222781,2200.0,-20.0,20.0,109.51487445831299,-6.348029073931651
557,5.57,6.057430587853163,-1.532655422728734,0.13897554107377516,104.32478971430027,-38.92776579024142,-122.29110703182222,2200.0,-20.0,20.0,109.50590419769287,-6.321022131950931
558,5.58,6.053364739310796,-1.5301299084347215,0.13705130233304982,105.5910901384288,-33.3571882300645,-124.09070778460621,2200.0,-20.0,20.0,109.49693393707275,-6.345422114271409
559,5.59,6.049476291311937,-1.527258574349197,0.13763475560854738,106.90159726529846,-33.96816981054824,-127.1707240017591,2200.0,-20.0,20.0,109.48796367645264,-6.31534056916192
560,5.6000000000000005,6.044367479869348,-1.5239555154696403,0.14037989127629302,108.11481768195213,-38.234430548327616,-131.1060642766884,2200.0,-20.0,20.0,109.47899341583252,-6.559303328294764
561,5.61,6.0385431598514465,-1.520126549016931,0.1436341005876613,109.41336920122315,-43.48600251215137,-135.41198139622298,2200.0,-19.96343374252319,20.0,109.4700231552124,-6.504705154928889
562,5.62,6.0316761288976615,-1.5156517648192813,0.1467004019128166,111.07941231840854,-48.84814261744127,-140.07864135798957,2200.0,-16.800694465637207,20.0,109.46105289459229,-6.400781986540949
563,5.63,6.023777487514145,-1.5104815545061139,0.1493804307238243,113.33781337816272,-54.168643058701626,-145.28330884350524,2200.0,-17.440485954284668,20.0,109.45208263397217,-6.31754018279522
564,5.64,6.014877459343452,-1.504583607560529,0.1517648697707951,116.47851944898504,-59.41647016840433,-151.31882083292385,2200.0,-16.070425510406494,20.0,109.44311237335205,-6.234156885232481
565,5.65,6.005229396041597,-1.4980184161183174,0.1537660389851748,118.93640463285833,-62.51831129236187,-156.38883710062905,2200.0,-12.602026462554932,20.0,109.43414211273193,-5.520359067813516
566,5.66,5.99454386741607,-1.490619412464671,0.15552509938960848,118.44671456605963,-62.050578179120855,-158.0843880640019,2200.0,-20.0,20.0,109.42517185211182,-5.467123340416517
567,5.67,5.983171295490695,-1.4824857853613644,0.15691009944909914,116.99395228891643,-60.34800276119361,-158.67466826709853,2200.0,-20.0,20.0,109.4162015914917,-5.355136061499424
568,5.68,5.970931862573276,-1.473492282315373,0.15801188659068163,115.67424271082095,-58.631786800825815,-159.3993541087023,2200.0,-20.0,20.0,109.40723133087158,-5.323114402875653
569,5.69,5.95785136481912,-1.4635987912320798,0.1588339691209724,114.46772167286679,-56.90430551176731,-160.23921211853107,2200.0,-20.0,20.0,109.39826107025146,-5.268025508962634
570,5.7,5.94397381598729,-1.4527763088320118,0.15937197452263754,113.35810961124223,-55.167569849625856,-161.17860329758608,2200.0,-20.0,20.0,109.38929080963135,-5.213409951780344
571,5.71,5.929336988962292,-1.4409938114277563,0.15962552255091922,112.33193464239703,-53.423314547956366,-162.20470881236017,2200.0,-20.0,20.0,109.38032054901123,-5.159344932438472
572,5.72,5.913979805950733,-1.4282217313176337,0.15959465360639205,111.37796516837554,-51.67305728392133,-163.30696209928018,2200.0,-20.0,20.0,109.37135028839111,-5.105911752740866
573,5.73,5.897942279857444,-1.4144320015567202,0.1592798287141776,110.48676853967288,-49.918143341881596,-164.47660794060425,2200.0,-14.601359367370604,20.0,109.362380027771,-5.053197159511406
574,5.74,5.88126545427905,-1.3995980990189398,0.15868192900011965,109.65036030998854,-48.159777281972794,-165.70636442637513,2200.0,-8.31121027469635,20.0,109.35340976715088,-5.001294283142831
575,5.75,5.8639913429897135,-1.3836950869842584,0.15780225504701628,108.86191726252252,-46.39904551736671,-166.9901656598016,2200.0,-2.113056778907776,20.0,109.34443950653076,-4.950304843098812
576,5.76,5.8461628695370305,-1.3666996574328367,0.15664252671609394,108.11553193828274,-44.636933446377796,-168.32295529500414,2200.0,3.946759104728699,20.0,109.33546924591064,-4.900340647903451
577,5.7700000000000005,5.827823805910877,-1.3485901743365412,0.15520488142525482,107.40600608139225,-42.87435781220158,-169.70049248067775,2200.0,9.821197390556335,20.0,109.32649898529053,-4.851495926621819
578,5.78,5.809018710699512,-1.3293467017412732,0.15349187670396455,106.72883175898909,-41.11220945302591,-171.11918991021045,2200.0,15.497334003448486,20.0,109.31752872467041,-4.803876832854638
579,5.79,5.789792860137131,-1.308951027007556,0.15150648683033255,106.08013201014977,-39.351334774675465,-172.57599067315527,2200.0,20.0,20.0,109.3085584640503,-4.757575326227012
580,5.8,5.770192176941575,-1.2873866854981637,0.14925209862775932,105.45652192072396,-37.592540674590545,-174.06830029598765,2200.0,20.0,20.0,109.29958820343018,-4.712702353078094
581,5.8100000000000005,5.7502631595759865,-1.2646389817419483,0.1467325072148152,104.85502716630039,-35.836602481419746,-175.59392766603793,2200.0,20.0,20.0,109.29061794281006,-4.669374541144583
582,5.82,5.730052811958699,-1.2406950118049245,0.1439519117829579,104.27302731751175,-34.0842669012515,-177.15103106276163,2200.0,20.0,20.0,109.28164768218994,-4.627712517597798
583,5.83,5.709625917316685,-1.2170214438968787,0.14084462236999173,105.07939071805022,-32.36205002282139,-178.74657233058076,2200.0,20.0,20.0,109.27267742156982,-4.665430113511483
584,5.84,5.689022747068734,-1.191743675705271,0.13965929771106467,106.29863092524548,-33.78365964979687,179.785738409642,2200.0,20.0,20.0,109.2637071609497,-6.093090561405546
585,5.8500000000000005,5.668291885383831,-1.1674384351134168,0.14365776028589805,106.88789316196831,-36.67146103498586,178.40363322342267,2200.0,17.85219430923462,20.0,109.25473690032959,-4.799272857319836
586,5.86,5.647346751057081,-1.1412373936841185,0.14550869226139782,107.56823696102539,-39.54991266407671,176.94176086756647,2200.0,20.0,20.0,109.24576663970947,-4.743280227193477
587,5.87,5.626208028987341,-1.1137157889871625,0.1470401801905453,108.3543880627463,-42.41711593049355,175.38443934293974,2200.0,20.0,20.0,109.23679637908936,-4.687713119904791
588,5.88,5.604883574507576,-1.0848724126534726,0.14825259620292047,109.26481334301673,-45.27070802807572,173.71232118149706,2200.0,20.0,20.0,109.22782611846924,-4.632665872237935
589,5.89,5.583381262443991,-1.0547060990620052,0.14914632286943114,110.32285042218265,-48.1077107992777,171.901251697191,2200.0,20.0,20.0,109.21885585784912,-4.5782375309570975
590,5.9,5.561708986970177,-1.0232157257387466,0.1497217524904501,111.55827145181816,-50.92431692262151,169.920697211947,2200.0,20.0,20.0,109.209885597229,-4.524531788050456
591,5.91,5.539874661377984,-0.9904002137775887,0.14997928632879154,113.0094569921397,-53.715584256720234,167.7315644768883,2200.0,20.0,20.0,109.20091533660889,-4.471656954946339
592,5.92,5.517886217794863,-0.9562585282604629,0.1499193338758188,114.72643838099363,-56.47499212869324,165.28315257345,2200.0,20.0,20.0,109.19194507598877,-4.419725938494052
593,5.93,5.495751606852381,-0.9207896786747543,0.14954231214857308,116.77516990868712,-59.19378682421953,162.5088757064974,2200.0,20.0,20.0,109.18297481536865,-4.370241618045811
594,5.94,5.473527568011633,-0.8841180700407864,0.14881394298562806,113.9762568462547,-54.59689199233101,165.53346684698656,2200.0,20.0,20.0,109.17400455474854,-4.038908232176154
595,5.95,5.451254090176756,-0.8463092473597402,0.14770299092144934,111.90621015743108,-49.926247313571785,167.8790213011519,2200.0,20.0,20.0,109.16503429412842,-4.6346928937102385
596,5.96,5.428826580055094,-0.8070845018843867,0.14629421377752877,110.34336376596409,-45.20673084315119,169.76318033207008,2200.0,20.0,20.0,109.1560640335083,-4.611308428189746
597,5.97,5.40629494714374,-0.7665375156026561,0.14455045025538735,109.153499882423,-40.45380425626639,171.3249227888089,2200.0,20.0,20.0,109.14709377288818,-4.687626217303305
598,5.98,5.383647407537299,-0.7253774484866515,0.1452143369984565,107.91305649578261,-44.421170131385836,170.9324101182833,2200.0,20.0,20.0,109.13812351226807,-4.030499413400083
599,5.99,5.360849731632016,-0.6837099875568888,0.15003024190335396,106.5831839091054,-48.43733415595403,170.8436075774745,2200.0,20.0,20.0,109.12915325164795,-4.564793944403849
600,6.0,5.338011667348933,-0.6404025439511568,0.15238170134899448,105.11746077902488,-52.478561001836276,171.03824396561765,2200.0,20.0,20.0,109.12018299102783,-4.525265501648728
601,6.01,5.315143394806852,-0.5958716468677804,0.15449886232184712,101.33729813747682,-49.147345478233945,174.25961665306735,2200.0,20.0,20.0,109.11121273040771,-5.575402584039036
602,6.0200000000000005,5.292219520290266,-0.5507016583438753,0.1565421072068288,97.23667395952343,-38.178809262338575,178.09940184136667,0.0,20.0,20.0,109.11121273040771,-5.357790492489843
603,6.03,5.269700557477989,-0.5062794726382543,0.1591446830586648,96.70184038302168,-33.957879263516105,179.71400414815528,0.0,20.0,16.962928771972656,109.11121273040771,-4.816953254799195
604,6.04,5.247423471109191,-0.46231587811493347,0.1620715240700984,98.59926962160685,-34.74499396470091,-179.524746214842,0.0,20.0,20.0,109.11121273040771,-3.764476208707462
605,6.05,5.225094846691972,-0.418017369862628,0.1649696969074311,100.77661947409382,-36.04320269421741,-178.95298395274904,2200.0,20.0,20.0,109.1022424697876,-4.304467625749275
606,6.0600000000000005,5.2026015405000585,-0.3725537588669269,0.16766611507767423,103.02741411676506,-37.34749958658832,-178.4994408514671,2200.0,20.0,20.0,109.09327220916748,-4.275546453719834
607,6.07,5.179911206879937,-0.32591196062582056,0.1701450435431223,105.35863613417781,-38.65221256550829,-178.1700930354486,2200.0,20.0,20.0,109.08430194854736,-4.245229633256758
608,6.08,5.156982647010389,-0.2781062922561025,0.1723729074850011,107.77769505968547,-39.95128322886458,-177.97121539863187,2200.0,20.0,20.0,109.07533168792725,-4.213602015950697
609,6.09,5.133775157626523,-0.22915346031164183,0.17431664697494317,110.29235374960551,-41.238231769971506,-177.9093191012723,2200.0,20.0,20.0,109.06636142730713,-4.180747405891589
610,6.1000000000000005,5.110248614459253,-0.17907252593864556,0.17594378450620773,112.91060660898302,-42.50612323699284,-177.9910455829169,2200.0,20.0,20.0,109.05739116668701,-4.146744884440176
611,6.11,5.086363554762595,-0.12788486416081396,0.17722249218476313,115.64051762533806,-43.74753536458881,-178.2230136196487,2200.0,20.0,20.0,109.0484209060669,-4.111680504257845
612,6.12,5.062081257602296,-0.07561412085648958,0.17812165499380328,118.48998254404522,-44.954534985632876,-178.61159837085867,2200.0,20.0,20.0,109.03945064544678,-4.07562395209318
613,6.13,5.03736382397752,-0.022286162168451595,0.17861093621913704,121.46644014775357,-46.118666064680525,-179.16264620423092,2200.0,20.0,20.0,109.03048038482666,-4.038650797105061
614,6.140000000000001,5.012364252124529,0.031423229190563895,0.18842069324797156,123.63262793745592,-50.54974524419141,179.8317442439962,2200.0,20.0,20.0,109.02151012420654,-4.941375288145013
615,6.15,4.986826012383227,0.08636673848244586,0.19296336679764256,125.80363246395285,-58.22787854508542,177.788712504171,2200.0,15.627293586730959,20.0,109.01253986358643,-5.068447267566263
616,6.16,4.9608615614699385,0.1419054900524546,0.20204306662700225,129.87496314603973,-65.7787727920273,174.22201230166064,2200.0,20.0,20.0,109.00356960296631,-5.005019327432441
617,6.17,4.934345637079143,0.1983446311740774,0.21083547466013242,138.02998955792438,-73.02470485240003,166.9253600361061,2200.0,20.0,20.0,108.99459934234619,-4.940368794135667
618,6.18,4.9072377741879,0.25567313427418265,0.2193908583363658,157.3438939042385,-79.36335043486213,148.80860939586202,2200.0,20.0,20.0,108.98562908172607,-4.875774907548776
619,6.19,4.879499635435522,0.3138768057264489,0.2277603447023913,-156.03710676215638,-82.26493028771286,103.71744922786696,2200.0,20.0,20.0,108.97665882110596,-4.812596772599069
620,6.2,4.851095147933041,0.3729383344001519,0.23599573709359917,-112.76949486481479,-78.79495233592753,62.30636798968099,2200.0,20.0,20.0,108.96768856048584,-4.752235518152502
621,6.21,4.821990631824138,0.43283735201241974,0.24414932922258994,-95.17697850622143,-72.486758208165,46.90264969561659,2200.0,20.0,20.0,108.95871829986572,-4.6960948699677445
622,6.22,4.79215492013509,0.49355050486745944,0.2522737174300039,-87.09451853980953,-65.52947042387262,41.350052779798496,2200.0,20.0,20.0,108.9497480392456,-4.645540815432709
623,6.23,4.761559469535428,0.555051536545711,0.26042161183583384,-82.41796816114257,-58.434577218323476,39.558233200225416,2200.0,20.0,20.0,108.94077777862549,-4.601861543252361
624,6.24,4.730178461689491,0.6173113810895611,0.2686456471022531,-79.21008584022073,-51.361153156091426,39.60862379640158,2200.0,20.0,20.0,108.93180751800537,-4.566228951241497
625,6.25,4.697988894888753,0.6802982662742433,0.27699819349536686,-76.70949875878766,-44.381714207752076,40.76329322871664,2200.0,20.0,20.0,108.92283725738525,-4.539663003432624
626,6.26,4.664970665864757,0.7439778268980088,0.28553116869630335,-74.55840907312749,-37.54149663682048,42.692510391923534,2200.0,20.0,20.0,108.91386699676514,-4.523000839022382
627,6.2700000000000005,4.631106639137386,0.8083132264213414,0.294295852779129,-72.56369772517904,-30.87605328612899,45.23555829989664,2200.0,20.0,20.0,108.90489673614502,-4.516864802894455
628,6.28,4.596382707708691,0.8732652917613111,0.303342703284321,-70.60862653625497,-24.417741662864454,48.311956822395686,2200.0,20.0,20.0,108.8959264755249,-4.521653668065715
629,6.29,4.560787844607772,0.938792649266619,0.3127211744454668,-68.61563098349897,-18.19848791878701,51.88336079937783,2200.0,20.0,20.0,108.88695621490479,-4.537519829346791
630,6.3,4.524314142228728,1.0048518727763787,0.3224795394143525,-66.5292665908747,-12.251027145201007,55.93499254446869,2200.0,20.0,20.0,108.87798595428467,-4.564363957968293
631,6.3100000000000005,4.486956841327374,1.0713976374595378,0.3326647168510351,-64.30821483009689,-6.609332651226394,60.46530692611136,2200.0,20.0,20.0,108.86901569366455,-4.601836043563705
632,6.32,4.448714347585263,1.1383828817538766,0.34332210279419445,-61.921926153025986,-1.3084474185208466,65.47923431557572,2200.0,20.0,20.0,108.86004543304443,-4.649343963944942
633,6.33,4.409588236774312,1.205758975719349,0.3544954082093253,-59.34996169649146,3.616268842831399,70.98289893669276,2200.0,20.0,20.0,108.85107517242432,-4.706069161781203
634,6.34,4.36958324871312,1.273475895053778,0.36622650269158735,-56.58304290279143,8.130542704178463,76.97885876820924,2200.0,20.0,20.0,108.8421049118042,-4.770989044021125
635,6.3500000000000005,4.3287072703936325,1.341482400044314,0.3785552651675558,-53.62509229859548,12.203308012793055,83.461579736358,2200.0,5.722857713699341,20.0,108.83313465118408,-4.842909786226389
636,6.36,4.286971311874819,1.4097262184337653,0.39151943932458944,-50.49544737753711,15.809531262338412,90.41338618606146,2200.0,-11.390447616577148,20.0,108.82416439056396,-4.920507167186663
637,6.37,4.2443894775717474,1.4781542298432653,0.4051544853309847,-47.230283696415285,18.933518481880967,97.80148242985908,2200.0,-20.0,20.0,108.81519412994385,-5.002337422322154
638,6.38,4.20097892122567,1.5467126577770367,0.4194934553566727,-43.882670988492436,21.572279520061517,105.57668281962403,2200.0,-20.0,20.0,108.80622386932373,-5.0868663007171095
639,6.390000000000001,4.156759776039822,1.6153472701823923,0.4345669038799732,-40.52007796455792,23.73868213978897,113.6750126228615,2200.0,-20.0,20.0,108.79725360870361,-5.172565488996838
640,6.4,4.111755075346227,1.6840035775731383,0.4504027802396086,-37.21857419512248,25.463291848207504,122.02220721412615,2200.0,-20.0,20.0,108.7882833480835,-5.2579382794704586
641,6.41,4.06599066277128,1.7526270296424915,0.4670263384543469,-34.05481080199822,26.79439114564952,130.54040734350582,2200.0,-20.0,20.0,108.77931308746338,-5.341557164677095
642,6.42,4.019495101974486,1.82116320949869,0.48446004712991797,-31.09727483239616,27.795985536614015,139.1555948361544,2200.0,-20.0,20.0,108.77034282684326,-5.4221032771041
643,6.43,3.972299576667615,1.8895580275147401,0.5027235083367971,-28.398595094328602,28.544042403560397,147.80403124463007,2200.0,-20.0,20.0,108.76137256622314,-5.498404128919771
644,6.44,3.9244377807034483,1.9577579140848904,0.5218333868056156,-25.990279340433727,29.121593847526825,156.4364065059042,2200.0,-20.0,20.0,108.75240230560303,-5.569467061671058
645,6.45,3.8759457987203514,2.0257100105500947,0.541803349853799,-23.880398222198078,29.613475720294886,165.01930887533615,2200.0,-20.0,20.0,108.74343204498291,-5.634507184400595
646,6.46,3.8268619779378303,2.093362357570212,0.5626440181787833,-22.053874436068206,30.101365627656023,173.53450610171888,2200.0,-20.0,20.0,108.7344617843628,-5.692968891512145
647,6.47,3.7772267916827387,2.1606640802512684,0.5843629275838549,-20.474534114708156,30.65953247147069,-178.02297773362866,2200.0,-20.0,20.0,108.72549152374268,-5.7445403022774855
648,6.48,3.7270826951969966,2.227565569360192,0.606964501696944,-19.087989604787055,31.35145142455298,-169.64696097725061,2200.0,-20.0,20.0,108.71652126312256,-5.789160202050006
649,6.49,3.6764739739968517,2.2940186580217765,0.6304500356694587,-17.82459764265527,32.22725503542005,-161.32161042717635,2200.0,-20.0,8.621373772621155,108.70755100250244,-5.82701457817557
650,6.5,3.625446584525,2.3599767915355465,0.6548176934680167,-16.6019837181339,33.32191250685685,-153.02196098014005,2200.0,-20.0,-5.199479460716247,108.69858074188232,-5.858525413357329
651,6.51,3.5740479915233054,2.4253951889658873,0.6800625254043486,-15.326870367141039,34.65405428607517,-144.7133888049891,2200.0,-20.0,-18.15784454345703,108.6896104812622,-5.884365899972406
652,6.5200000000000005,3.52232697655308,2.490230989718306,0.7061764713320497,-13.896002515015086,36.2247071670031,-136.34989733861252,2200.0,-20.0,-20.0,108.68064022064209,-5.905342818989543
653,6.53,3.4703334987282117,2.5544434343037294,0.7331483919240033,-12.196446256409345,38.01628730811846,-127.87193659700958,2200.0,-20.0,-20.0,108.67166996002197,-5.922589962353051
654,6.54,3.4181184754699925,2.617993985611689,0.7609640641198818,-10.10551185145312,39.990811690755535,-119.20444026885976,2200.0,-20.0,-20.0,108.66269969940186,-5.937247025163947
655,6.55,3.365733623308872,2.680846481259061,0.7896062400569053,-7.491512239379115,42.088365050044644,-110.25624467508575,2200.0,-20.0,-20.0,108.65372943878174,-5.950585594550835
656,6.5600000000000005,3.313251810572216,2.743135862857149,0.8188753563030005,-4.217141815917711,44.22479336559369,-100.92268259005644,1409.5576171875,-20.0,-20.0,108.64798164367676,-5.8143062951960145
657,6.57,3.260747074615828,2.805215278415815,0.8483661140641219,-0.14881175881548198,46.28935968922489,-91.09488070679338,463.73297119140625,-20.0,-20.0,108.64609050750732,-5.65876642890596
658,6.58,3.2082432928127256,2.8673928446392973,0.8777653015576243,4.823460459745467,48.1436999909703,-80.68036985046699,0.0,-20.0,-20.0,108.64609050750732,-5.608126252302139
659,6.59,3.155730864961147,2.929778783159867,0.9069787340956343,10.751273342314986,49.62439343804787,-69.63888798319313,0.0,-20.0,-20.0,108.64609050750732,-5.655426408512063
660,6.6000000000000005,3.1031950497204552,2.992379410087258,0.9360148467414541,17.580818506856847,50.55324055787219,-58.0305140033643,0.0,-20.0,-20.0,108.64609050750732,-5.70916654236233
661,6.61,3.050622432317984,3.055199709842166,0.9648822292178498,25.112870739510136,50.758711177469635,-46.05689239723565,0.0,-20.0,-20.0,108.64609050750732,-5.770447985550128
662,6.62,2.9979997289347486,3.1182438827283763,0.9935900728924119,33.00539721891311,50.10619896372117,-34.05990776600312,0.0,-20.0,-20.0,108.64609050750732,-5.840195464169
663,6.63,2.9453138341002885,3.1815153299494,1.022148137984188,40.84303200269819,48.525518173159874,-22.453455146880046,0.0,-20.0,-20.0,108.64609050750732,-5.9211944261506435
664,6.640000000000001,2.8925518674503286,3.24501664147544,1.0505667187410894,48.24816119197269,46.020838573423404,-11.613542854343207,0.0,-20.0,-20.0,108.64609050750732,-6.012460550329009
665,6.65,2.839701219681109,3.308749586803752,1.0788566067118643,54.96891339414707,42.65807081423012,-1.791446837957091,0.0,-20.0,-20.0,108.64609050750732,-6.113653295170598
666,6.66,2.78674959753689,3.37271510864557,1.107029052243454,60.901837795264036,38.53915613858755,6.907824730552727,0.0,-20.0,-20.0,108.64609050750732,-6.224785638606316
667,6.67,2.7336850676703204,3.4369133195624824,1.135095724341071,66.06109616400651,33.777195458716086,14.493515736547575,0.0,-20.0,-20.0,108.64609050750732,-6.345628079453017
668,6.68,2.6804960995462705,3.501343501924204,1.1630686695229098,70.53063312553118,28.480133409174037,21.039927360945043,0.0,6.377447247505188,-20.0,108.64609050750732,-6.475720529756615
669,6.69,2.6271716075090774,3.566004113046354,1.190960276297408,74.42482834186546,22.74323628283384,26.645419688139516,0.0,20.0,-20.0,108.64609050750732,-6.614418592991344
670,6.7,2.573700984499088,3.630892778378787,1.2187831993143945,77.86478232969205,16.647826525486586,31.406472341256162,0.0,20.0,-20.0,108.64609050750732,-6.760775059631257
671,6.71,2.5200741475705732,3.6960063160983596,1.24655035733142,80.9676949728572,10.262759636111692,35.40415475571463,0.0,20.0,-20.0,108.64609050750732,-6.913765296977024
672,6.72,2.4662815719557827,3.7613407427074654,1.2742748641632822,83.84461528896406,3.6470238555127326,38.6977327856268,0.0,20.0,-20.0,108.64609050750732,-7.072214962226008
673,6.73,2.4123143224103987,3.826891284910025,1.301969986079642,86.60312494509007,-3.1472242343146726,41.32127344173291,0.0,20.0,-20.0,108.64609050750732,-7.234848180443322
674,6.74,2.358164086609579,3.892652397666565,1.3296490930298346,89.35324125205489,-10.071424656918497,43.280446589534534,0.0,20.0,-20.0,108.64609050750732,-7.4003261746049205
675,6.75,2.3038232048440053,3.958617784270247,1.35732561138219,92.21626843095754,-17.077056044988257,44.54743882044041,0.0,20.0,-20.0,108.64609050750732,-7.5672891077997395
676,6.76,2.2492846968899816,4.024780418349961,1.385012976341314,95.33754395056324,-24.111217866462656,45.051929562540266,0.0,20.0,0.18191978335380554,108.64609050750732,-7.734394453267528
677,6.7700000000000005,2.19454228623473,4.091132568478766,1.4127245830847996,98.90528430038127,-31.11035819597479,44.665501489198014,0.0,20.0,13.588367700576782,108.64609050750732,-7.900349251719506
678,6.78,2.139590426608877,4.157665830068242,1.4404737405376236,103.17907274893855,-37.99048848044394,43.17582535280691,0.0,20.0,20.0,108.64609050750732,-8.063974326122285
679,6.79,2.0844243195017373,4.224371152656442,1.4682736254249775,108.5319757574867,-44.630785171193985,40.24662100872462,0.0,20.0,20.0,108.64609050750732,-8.224225035891669
680,6.8,2.0290399262108094,4.291238867221707,1.496137231061477,115.50375985865391,-50.84496066646986,35.36605821497881,0.0,20.0,20.0,108.64609050750732,-8.380182529130105
681,6.8100000000000005,1.97343398788285,4.358258726379407,1.5240773228493545,124.82675125738064,-56.3351559117362,27.8220794627054,0.0,20.0,20.0,108.64609050750732,-8.531110280139822
682,6.82,1.9176040360414672,4.425419939935814,1.552106393084352,137.2625998884097,-60.63642162993733,16.866447912267958,0.0,20.0,20.0,108.64609050750732,-8.676464621393437
683,6.83,1.861548401182678,4.492711213118794,1.5802366163553143,152.90228597513462,-63.12499489806093,2.415231962644904,0.0,20.0,20.0,108.64609050750732,-8.815902554842582
684,6.84,1.8052662186793351,4.560120786800371,1.608479806053483,170.08467747079857,-63.257636686642954,-13.869554435813365,0.0,20.0,20.0,108.64609050750732,-8.949283533982028
685,6.8500000000000005,1.7487574318497787,4.627636479427761,1.6368473721879813,-174.15509475575118,-60.98598467864422,-29.028413789306338,0.0,20.0,20.0,108.64609050750732,-9.07666468235771
686,6.86,1.6920227921553466,4.695245730481213,1.665350280655006,-161.7393793539258,-56.79799052584273,-41.15100413590515,0.0,20.0,20.0,108.64609050750732,-9.198289565150734
687,6.87,1.635063856518096,4.762935645290636,1.6939990141017305,-152.76308382497925,-51.32058152583371,-50.161766014751684,0.0,20.0,20.0,108.64609050750732,-9.314570925234632
688,6.88,1.5778829817656488,4.830693041045562,1.7228035345207997,-146.51601286568422,-45.041489590423566,-56.79866720938068,0.0,20.0,20.0,108.64609050750732,-9.426068024647154
689,6.890000000000001,1.5208049345688395,4.898435547519055,1.7515234231005905,-142.27257821737115,-38.279298006517564,-61.82514650539626,1321.7625732421875,20.0,20.0,108.64070129394531,-9.78800919235516
690,6.9,1.4643584989515845,4.966064542174303,1.7797323566295358,-139.50449598401207,-31.236427790891412,-65.81947744401198,2200.0,20.0,20.0,108.6317310333252,-10.051730872605857
691,6.91,1.408738656442507,5.0335889952749255,1.8072310942783152,-137.8678871819443,-24.04785541423844,-69.19026826362257,2200.0,20.0,20.0,108.62276077270508,-10.137108210913286
692,6.92,1.3539235358855188,5.101065574143389,1.8339887833768118,-137.15268200704327,-16.81219166786086,-72.23065452742547,2200.0,20.0,20.0,108.61379051208496,-10.220892849447107
693,6.93,1.299888859795861,5.168548764396135,1.8599785431694569,-137.24196799292056,-9.610529144427304,-75.16343439685515,2200.0,20.0,20.0,108.60482025146484,-10.304169760014178
694,6.94,1.2466075655849165,5.236093033769714,1.8851762459368648,-138.0857595791072,-2.5186505524287517,-78.17246487616863,2200.0,20.0,20.0,108.59584999084473,-10.38797189584773
695,6.95,1.1940499030801057,5.303752637977004,1.909560604034543,-139.68532731853858,4.383977081484912,-81.42363437123622,2200.0,20.0,20.0,108.58687973022461,-10.47324759865402
696,6.96,1.142183541688852,5.371581427353762,1.9331132468074712,-142.08348905044406,11.006424361075771,-85.07831461156486,2200.0,20.0,20.0,108.57790946960449,-10.560831525306336
697,6.97,1.0909736868218858,5.439632654981387,1.9558187870919181,-145.35634542478792,17.23876559504232,-89.29990776772395,2200.0,20.0,20.0,108.56893920898438,-10.651420057546668
698,6.98,1.040383205153887,5.507958786966378,1.9776648770534668,-149.60097243369077,22.944844057739154,-94.25119333052935,2200.0,20.0,20.0,108.55996894836426,-10.745552003354158
699,6.99,0.9903727582640005,5.576611315548487,1.9986422531495545,-154.9116175999132,27.95697848502797,-100.07695905504777,2200.0,20.0,20.0,108.55099868774414,-10.843595216740619
700,7.0,0.9409009441658754,5.645640575698239,2.0187447700451573,-161.33619534586538,32.07680091786408,-106.86489091048587,2200.0,20.0,20.0,108.54202842712402,-10.945739559607722
701,7.01,0.8919244462068749,5.715095565850563,2.03796942335112,-168.81170947428117,35.0892062179615,-114.58407859215303,2200.0,20.0,20.0,108.5330581665039,-11.051996411534242
702,7.0200000000000005,0.8433981887890363,5.785023773405151,2.056316361095751,-177.09989513163768,36.79574400765155,-123.02288923568338,2200.0,20.0,20.0,108.52408790588379,-11.162204708176718
703,7.03,0.7952754993401775,5.855471005605924,2.0737888838815155,174.2251367633513,37.06365580078823,-131.77829193578452,2200.0,20.0,20.0,108.51511764526367,-11.276043263874852
704,7.04,0.7475082759421264,5.926481226391961,2.0903934337198065,165.69188953810973,35.86867150899598,-140.34219972694444,2200.0,20.0,20.0,108.50614738464355,-11.393048916693445
705,7.05,0.7000471600043159,5.998096399790546,2.1061395715777755,157.77931519295893,33.30331973535629,-148.25476678779438,2200.0,20.0,20.0,108.49717712402344,-11.51263983190192
706,7.0600000000000005,0.652841713354827,6.070356340399725,2.1210399437119483,150.79728947776258,29.544479879108337,-155.2249634318167,2200.0,20.0,20.0,108.48820686340332,-11.634143119802
707,7.07,0.6058405991073091,6.143298571483057,2.135110236903695,144.86432505805334,24.803122629888694,-161.15394204433022,2200.0,20.0,20.0,108.4792366027832,-11.75682577209667
708,7.08,0.558991765650952,6.216958191173231,2.1483691227515296,139.95899555655203,19.28336006592491,-166.0848434215857,2200.0,20.0,20.0,108.47026634216309,-11.879927803015072
709,7.09,0.5122426331017627,6.291367747253843,2.1608381912145522,135.98812547536866,13.161231394281826,-170.13614685883354,2200.0,20.0,20.0,108.46129608154297,-12.002696401332354
710,7.1000000000000005,0.46554028154673194,6.366557120960062,2.172541873640029,132.838092342177,6.579364977375374,-173.45244901773992,2200.0,20.0,20.0,108.45232582092285,-12.124419860207302
711,7.11,0.4188316404079875,6.4425534202090375,2.1835073555461135,130.40397869370332,-0.3499986898740087,-176.17830158406238,2200.0,20.0,20.0,108.44335556030273,-12.24446005490484
712,7.12,0.3720636782516808,6.5193808826398385,2.193764479467885,128.60339414450888,-7.5390673130803165,-178.44890857190646,2200.0,20.0,20.0,108.43438529968262,-12.362282284034825
713,7.13,0.32518359218601456,6.597060789199762,2.2033456387628907,127.38283561859804,-14.91832189337436,179.60907888352298,2200.0,20.0,18.507466316223145,108.4254150390625,-12.477483572623463
714,7.140000000000001,0.278138997571551,6.675611384533416,2.2122856606312813,126.72243411631271,-22.43099681556246,177.87050945313922,2200.0,20.0,7.4718862771987915,108.41644477844238,-12.589811502315774
715,7.15,0.23087811509202066,6.7550478084724865,2.2206216897017548,126.6437753057703,-30.02812667728472,176.19894991457238,2200.0,20.0,-4.467090964317322,108.40747451782227,-12.699185857315703
716,7.16,0.18334996638582232,6.835382025942671,2.228393056244176,127.22610307165628,-37.66363496721927,174.42522946391216,2200.0,20.0,-17.07899808883667,108.39850425720215,-12.805739717836266
717,7.17,0.13551004979440498,6.916608106222757,2.2356492447421688,128.64129180995977,-45.28775939588561,172.30766490569664,2143.67822265625,20.0,-20.0,108.38976383209229,-12.897238758460956
718,7.18,0.08742663875597048,6.99845700661731,2.242571204413439,131.23102814057384,-52.83598305922837,169.45104004483085,1148.2738037109375,20.0,-20.0,108.38508224487305,-12.77772593294008
719,7.19,0.03931961937219002,7.080371541802776,2.249457189612974,135.68748811057418,-60.2046881443368,165.12270199751336,0.0,20.0,-20.0,108.38508224487305,-12.599231649874028
720,7.2,-0.008671060109021486,7.162052365291071,2.256446243122183,143.50130421620526,-67.18821103751218,157.8021992671523,0.0,20.0,-20.0,108.38508224487305,-12.646353580128773
721,7.21,-0.05653157462604802,7.243500231589933,2.263523398864814,158.01738769163728,-73.28835021030035,144.12370940489618,0.0,20.0,-20.0,108.38508224487305,-12.69042779712534
722,7.22,-0.10425098795893509,7.3247170752663555,2.2706760064491203,-175.12438870563378,-77.20458669295246,118.43414396098507,0.0,18.610727787017822,-20.0,108.38508224487305,-12.732561193501132
723,7.23,-0.1518188706130659,7.405705659443212,2.2778911443822514,-140.02110308681,-76.88384072005748,84.82412749938685,0.0,13.003809452056883,-20.0,108.38508224487305,-12.773943504299716
724,7.24,-0.1992253371038537,7.486469566005587,2.2851556663440533,-115.068476003554,-72.6321132523884,61.68905297755614,0.0,12.712609767913818,-20.0,108.38508224487305,-12.815812357456062
725,7.25,-0.2464610811120393,7.567013182960021,2.2924562482416135,-101.40011753429376,-66.56723256514616,50.16793227460557,0.0,18.914268016815186,-20.0,108.38508224487305,-12.859416087639998
726,7.26,-0.2935174095148721,7.647341688316899,2.29977943623412,-93.47285889658254,-59.83346807700365,44.72852608742886,0.0,20.0,-20.0,108.38508224487305,-12.90597294031872
727,7.2700000000000005,-0.3403862737823906,7.7274610313598675,2.307111695271491,-88.30658990134829,-52.86381594742347,42.40713236568379,0.0,20.0,-20.0,108.38508224487305,-12.956632600071122
728,7.28,-0.38706029823179255,7.807377911637949,2.314439457367712,-84.55829848789206,-45.84143419993301,41.882691141229515,0.0,20.0,-20.0,108.38508224487305,-13.012440283700647
729,7.29,-0.4335328066037707,7.887099754890017,2.321749170250415,-81.5769693093299,-38.86085368432473,42.53181934533012,0.0,20.0,-20.0,108.38508224487305,-13.074301947550367
730,7.3,-0.4797978460816345,7.9666346863705515,2.329027346012183,-79.01328635714873,-31.98169107818632,44.038660817363116,0.0,20.0,-20.0,108.38508224487305,-13.14295361919755
731,7.3100000000000005,-0.5258502086717763,8.045991501681147,2.336260609528919,-76.66063200475153,-25.248894164518692,46.23595749615376,0.0,20.0,-20.0,108.38508224487305,-13.218935798995593
732,7.32,-0.5716854498944979,8.12517963520438,2.343435746466925,-74.38518593779814,-18.701452095191993,49.035016782782826,0.0,20.0,-20.0,108.38508224487305,-13.302573750463441
733,7.33,-0.617299904728763,8.20420912624994,2.3505397507049492,-72.09274179980886,-12.37659835634342,52.392003327961575,0.0,20.0,-20.0,108.38508224487305,-13.393964352972715
734,7.34,-0.6626907007235533,8.28309058306284,2.357559871044758,-69.71209825961958,-6.3120014889675335,56.2901419757322,0.0,20.0,-20.0,108.38508224487305,-13.492970266319917
735,7.3500000000000005,-0.7078557684453004,8.361835144638114,2.3644836567986496,-67.18674209188562,-0.5468854227161495,60.72918533472728,0.0,20.0,-20.0,108.38508224487305,-13.599220042360189
736,7.36,-0.7527938487048275,8.440454440916335,2.371299002703491,-64.47123481002805,4.877605767181437,65.71811633987174,0.0,20.0,-20.0,108.38508224487305,-13.712118267486957
737,7.37,-0.7975044971773518,8.518960550969613,2.377994192221964,-61.53069272969282,9.918761623389923,71.2690261920046,0.0,20.0,-20.0,108.38508224487305,-13.830860481977956
738,7.38,-0.8419880859934736,8.597365959663938,2.3845579395925838,-58.342562561401245,14.533487466560493,77.39108530792079,0.0,20.0,-20.0,108.38508224487305,-13.954455723212659
739,7.390000000000001,-0.8862458024018648,8.675683512860347,2.3909794303312006,-54.900086678801266,18.6804840800566,84.08419894402735,0.0,20.0,-20.0,108.38508224487305,-14.08175512888139
740,7.4,-0.9302796445068521,8.753926371321285,2.397248360039331,-51.21661888314069,22.32353690598968,91.33260932429411,0.0,20.0,-20.0,108.38508224487305,-14.211485773811205
741,7.41,-0.9740924140970706,8.832107963487207,2.403354971380307,-47.32944394561948,25.43582233890669,99.0994467241085,0.0,20.0,-20.0,108.38508224487305,-14.342288713343944
742,7.42,-1.0176877065910899,8.910241937292525,2.409290089091336,-43.30126101592696,28.004776558350088,107.32385584215439,0.0,20.0,-20.0,108.38508224487305,-14.472760067758186
743,7.43,-1.061069898135863,8.988342111193642,2.4150451529064885,-39.21748909617464,30.03664062420017,115.9224043802053,0.0,20.0,-20.0,108.38508224487305,-14.601493879095441
744,7.44,-1.104244129902771,9.06642242458027,2.4206122482736543,-35.17848363781411,31.559509505832835,124.79560299289341,0.0,20.0,-19.66139793395996,108.38508224487305,-14.727125399082476
745,7.45,-1.1472162896216298,9.144496887714949,2.425984134763815,-31.28755317768662,32.62382748022307,133.83860800927758,0.0,20.0,-15.914032459259031,108.38508224487305,-14.84837342253126
746,7.46,-1.1899929904300377,9.222579531361033,2.4311542720854824,-27.63749150047641,33.29987726399698,142.95339130703525,0.0,20.0,-12.64927625656128,108.38508224487305,-14.96408048953166
747,7.47,-1.2325815472883304,9.300684357245359,2.436116843348804,-24.29904106741769,33.672672608131336,152.05900216624013,0.0,20.0,-9.377877116203308,108.38508224487305,-15.073250095395466
748,7.48,-1.2749899503735376,9.37882528616618,2.4408667763740195,-21.313794561213843,33.8353488974339,161.09749463347097,0.0,20.0,-5.3619807958602905,108.38508224487305,-15.175077515330814
749,7.49,-1.3172268367229543,9.457016109808354,2.4453997614913554,-18.69217073284603,33.88233339676526,170.03500334815197,0.0,20.0,0.20800158381462097,108.38508224487305,-15.268977636493778
750,7.5,-1.3593014592009014,9.53527044071713,2.4497122672481964,-16.415433263230728,33.90328618884417,178.85914442812427,0.0,20.0,7.638283371925353,108.38508224487305,-15.354604645224285
751,7.51,-1.4012236541810752,9.61360166211052,2.4538015522635765,-14.440017679274307,33.97828490233086,-172.4254006768188,0.0,20.0,16.695642471313477,108.38508224487305,-15.431857021049613
752,7.5200000000000005,-1.443003805113009,9.6920228823473,2.457665676060687,-12.702504664984632,34.1743162287912,-163.8013092095903,0.0,20.0,20.0,108.38508224487305,-15.500892492080688
753,7.53,-1.4846528045545455,9.770546885049235,2.4613035061899473,-11.124211470187989,34.54285608809562,-155.2419898749313,0.0,20.0,20.0,108.38508224487305,-15.562123423695674
754,7.54,-1.5261820163225779,9.849186085266721,2.464714721653131,-9.614938559157373,35.11824312392513,-146.7134962206206,0.0,20.0,20.0,108.38508224487305,-15.616204517531642
755,7.55,-1.5676032344639395,9.927952484457583,2.467899814241723,-8.075813111699494,35.916568938721156,-138.17508233283542,0.0,20.0,20.0,108.38508224487305,-15.664015424529756
756,7.5600000000000005,-1.6089286409559582,10.00685762733284,2.4708600867431008,-6.401422024695624,36.93485425537125,-129.5788371311127,0.0,20.0,20.0,108.38508224487305,-15.70663570307585
757,7.57,-1.6501707619678019,10.085912560398782,2.4735976482721704,-4.4816341872703775,38.15032456043211,-120.86908532501359,0.0,20.0,20.0,108.38508224487305,-15.745314076559987
758,7.58,-1.691342422893964,10.16512779231473,2.476115406709647,-2.203779566966821,39.519658719678695,-111.98249500163196,0.0,20.0,20.0,108.38508224487305,-15.781432619298217
759,7.59,-1.7325147464206412,10.244311242265205,2.4786657477445213,0.5436320343284774,40.978113719842085,-102.85017348674407,1041.9820556640625,20.0,20.0,108.38083362579346,-16.017507401974825
760,7.6000000000000005,-1.7737939181941602,10.323025079790577,2.481766566807521,3.864230617164449,42.438955516290555,-93.40346828867227,2200.0,20.0,20.0,108.37186336517334,-16.264766429585976
761,7.61,-1.8151928840462477,10.401010683751636,2.485673806499659,7.8424332381111395,43.79393342687244,-83.58532644674618,2200.0,20.0,20.0,108.36289310455322,-16.277760994811743
762,7.62,-1.8566558540933091,10.478235087952214,2.4903635107979465,12.525655032085071,44.91562566018233,-73.36847000178325,2200.0,20.0,20.0,108.3539228439331,-16.289647235563947
763,7.63,-1.8981298241995392,10.554669914042249,2.4958096649391717,17.901324220490046,45.663563441892194,-62.779074314157334,2200.0,20.0,20.0,108.34495258331299,-16.301917231894695
764,7.640000000000001,-1.9395617341329694,10.630289624866164,2.5019835641610886,23.875714226278507,45.895921580162884,-51.91901600793376,2200.0,20.0,20.0,108.33598232269287,-16.315958330869364
765,7.65,-1.9808986575484064,10.705071615800556,2.508853916200693,30.2674024195301,45.486377950840655,-40.97364676908489,2200.0,20.0,20.0,108.32701206207275,-16.333015610423647
766,7.66,-2.0220879917234043,10.778996295506692,2.516386952946744,36.827987521030686,44.34238512538415,-30.19235400431906,2200.0,20.0,20.0,108.31804180145264,-16.354159879978216
767,7.67,-2.0630776455852673,10.852047156941413,2.524546550286143,43.289836608964855,42.41822031820572,-19.842087378502107,2200.0,20.0,20.0,108.30907154083252,-16.380259733230286
768,7.68,-2.103816227773176,10.924210834544759,2.5332943577246554,49.421879998831876,39.71726952224566,-10.15279512537371,2200.0,20.0,20.0,108.3001012802124,-16.41196138740605
769,7.69,-2.144253229262277,10.995477152679175,2.542589934913272,55.06814541075408,36.28331690146534,-1.2800972690872592,2200.0,13.138563632965088,20.0,108.29113101959229,-16.449677307500384
770,7.7,-2.184339207898959,11.06583915569078,2.5523908888477598,60.15700249307344,32.18598108886623,6.70256309541173,2200.0,-20.0,20.0,108.28216075897217,-16.493565723867576
771,7.71,-2.224025969220199,11.135293176565515,2.5626530416206244,64.68753742091472,27.506005252282236,13.788747654904466,2200.0,-20.0,20.0,108.27319049835205,-16.54359638000877
772,7.72,-2.263266760774678,11.203838823318192,2.5733305331184155,68.70590535344283,22.324530918042033,20.01445429366409,2200.0,-20.0,20.0,108.26422023773193,-16.599534425795788
773,7.73,-2.3020164421699945,11.271478981291892,2.584376008926662,72.28412116669584,16.717301522352976,25.435264740218237,2200.0,-20.0,15.527451038360596,108.25524997711182,-16.660834257937523
774,7.74,-2.340231645305218,11.338219802472446,2.5957407804503716,75.50596271792307,10.752397451841066,30.10972845020955,2200.0,-20.0,8.934981226921082,108.2462797164917,-16.726797169373928
775,7.75,-2.3778709249977728,11.404070669344414,2.607375010564784,78.45956115595665,4.490132976233036,34.08857781111043,2200.0,-20.0,0.3377680480480194,108.23730945587158,-16.79657876768508
776,7.76,-2.4148949107970528,11.469044167949669,2.6192278926766543,81.2352265446242,-2.0157900949532355,37.407797993589305,2200.0,-20.0,-6.921977996826172,108.22833919525146,-16.869215933836042
777,7.7700000000000005,-2.4512664588787576,11.53315605622899,2.6312478322207826,83.92723229738645,-8.716409471163301,40.08335232633316,2200.0,-20.0,-14.606460332870483,108.21936893463135,-16.94364059197701
778,7.78,-2.486950774254192,11.596425209579923,2.643382636508636,86.63908241303756,-15.565084630632867,42.10531208669296,2200.0,-20.0,-20.0,108.21039867401123,-17.018734557707905
779,7.79,-2.521915523098281,11.658873544384534,2.6555797073290366,89.49285678799158,-22.514438329422568,43.42960505486743,2200.0,-20.0,-20.0,108.20142841339111,-17.09336780167473
780,7.8,-2.5561309401237136,11.720525932280141,2.6677862355735216,92.6443786331298,-29.511980651144828,43.9646677157164,2200.0,-20.0,-20.0,108.192458152771,-17.166445884066736
781,7.8100000000000005,-2.5895699277935753,11.781410106541607,2.6799493931042626,96.30800735182459,-36.49332175223575,43.548477424095225,2200.0,-20.0,-20.0,108.18348789215088,-17.236945118798054
782,7.82,-2.6222081523753507,11.841556564114878,2.692016522870874,100.79785995830589,-43.370550010197,41.90896973540922,2200.0,-20.0,-20.0,108.17451763153076,-17.303945143923055
783,7.83,-2.6540241316092206,11.90099845847655,2.7039353282314873,106.59530106034336,-50.01092012391469,38.59792132816384,2200.0,-20.0,-20.0,108.16554737091064,-17.36665939812456
784,7.84,-2.684999312719059,11.95977148278972,2.7156540609047015,114.44589232318474,-56.19663966414754,32.8950886552063,2200.0,-20.0,-20.0,108.15657711029053,-17.42446084360176
785,7.8500000000000005,-2.7151181399305893,12.017913743463506,2.7271217069443656,125.42203478598728,-61.553317903134975,23.746376012126614,2200.0,-20.0,-20.0,108.14760684967041,-17.476902105159436
786,7.86,-2.7443681110554756,12.075465624555155,2.7382881700465656,140.60010295288149,-65.46072267640346,10.087247835831178,2200.0,-20.0,-20.0,108.1386365890503,-17.523729286668644
787,7.87,-2.7727398229307902,12.132469643600672,2.749104451501785,159.59091050655567,-67.10597199479562,-7.687444030681405,2200.0,-20.0,-20.0,108.12966632843018,-17.564889007088144
788,7.88,-2.800227005614114,12.188970299500049,2.759522826130091,178.96594776283004,-65.98189729443112,-26.1496561293685,2200.0,-20.0,-20.0,108.12069606781006,-17.60052846747323
789,7.890000000000001,-2.826826545282529,12.245013913084417,2.76949701356332,-165.2106590895482,-62.40775522882094,-41.370332048392996,2200.0,-20.0,-20.0,108.11172580718994,-17.630988615900385
790,7.9,-2.8525384958067277,12.300648460987844,2.778982344260765,-153.96015792560925,-57.17281005948667,-52.341897384293596,2200.0,-20.0,-20.0,108.10275554656982,-17.656790717820314
791,7.91,-2.877366078990355,12.355923403447997,2.7879359196652045,-146.3695561402277,-50.949910024927256,-59.99870644657441,2200.0,-20.0,-20.0,108.0937852859497,-17.67861686206494
792,7.92,-2.90131567348828,12.410889506669001,2.7963167659267203,-141.3322426750453,-44.160191934972595,-65.47764168824715,2200.0,-20.0,-20.0,108.08481502532959,-17.697285133724733
793,7.930000000000001,-2.924396792447614,12.465598660393747,2.804085980644457,-138.06096488203718,-37.05085095353177,-69.60683213315295,2200.0,-20.0,-20.0,108.07584476470947,-17.713720365085038
794,7.94,-2.946622050007843,12.520103691234294,2.811206872071295,-136.06485763920838,-29.773577469706456,-72.93089592106449,2200.0,-20.0,-20.0,108.06687450408936,-17.728921640360582
795,7.95,-2.9680071169040416,12.57445817343526,2.8176450910386155,-135.0515517981925,-22.431001555922848,-75.8118095517797,2200.0,-20.0,-20.0,108.05790424346924,-17.74392794224325
796,7.96,-2.9885706646767707,12.62871623460227,2.8233687525664,-134.85514557414623,-15.102058906854086,-78.50471648703414,2200.0,-20.0,-20.0,108.04893398284912,-17.759778766781192
797,7.97,-3.0083342987078736,12.68293236268711,2.8283485506375947,-135.39309868324392,-7.856586188493592,-81.205641209159,2200.0,-20.0,-20.0,108.039963722229,-17.77748446740044
798,7.98,-3.0274155168025136,12.737156310837824,2.832653393962064,-136.6419798161455,-0.7648759774002709,-84.08091343498484,1773.010009765625,-20.0,-20.0,108.03273391723633,-17.718744531416647
799,7.99,-3.046086529369091,12.79141244256399,2.8365276386183544,-138.62389419867864,6.094799453634503,-87.28559208272536,1033.2174072265625,-20.0,-20.0,108.02852058410645,-17.61016378245023
800,8.0,-3.0646649733370674,12.84568049212687,2.8403015779148135,-141.39780902311085,12.629146850052251,-90.97438284754885,304.5115051269531,-20.0,-20.0,108.02727890014648,-17.51493935715818
801,8.01,-3.0833590114773424,12.899918822763306,2.844217990297033,-145.0507601476361,18.72277511737493,-95.30515455049428,0.0,-20.0,-20.0,108.02727890014648,-17.50982618499714
802,8.02,-3.1022202089002735,12.954099684221429,2.8483530246772664,-149.68288763248825,24.231703648390713,-100.43186199369828,0.0,-20.0,-20.0,108.02727890014648,-17.567811914615604
803,8.03,-3.1212385560722717,13.008208735703555,2.8527099671780034,-155.37846125251951,28.979879705856032,-106.48072704446118,0.0,-20.0,-20.0,108.02727890014648,-17.628130608576072
804,8.040000000000001,-3.1403404316103045,13.062273824978641,2.8571910880905156,-162.15593877186848,32.76372619063506,-113.50388013237763,401.14898681640625,-20.0,-19.44579839706421,108.02564334869385,-17.769357930456952
805,8.05,-3.1593811150668025,13.1163874479264,2.8615689017785844,-169.90140335278792,35.37198986604002,-121.4153440840524,913.9053955078125,-20.0,-18.419699668884277,108.02191734313965,-17.934574280093194
806,8.06,-3.178239409064027,13.170665076895862,2.86561782161385,-178.31655506278457,36.624991679654165,-129.94085920596515,1300.05419921875,-20.0,-16.774818897247314,108.01661682128906,-18.07765677099541
807,8.07,-3.196848508739662,13.225214093124865,2.8691732254165188,173.06421526263048,36.42383876625684,-138.6363934657384,1571.7164306640625,-20.0,-12.207295894622803,108.01020812988281,-18.201735743406957
808,8.08,-3.2151596604832045,13.280162259169181,2.8720695308248074,164.7618465794711,34.78377903533367,-147.00138212244477,1972.8038330078125,-20.0,-2.090131789445877,108.00216388702393,-18.35623367640962
809,8.09,-3.233145354737867,13.335643336271207,2.874156226788206,157.20369365488767,31.828572494054967,-154.6288168882072,2200.0,-20.0,9.024044871330261,107.99319362640381,-18.480302220162045
810,8.1,-3.2508311976601307,13.39173507812852,2.875386730924015,150.63478430920284,27.750044359713627,-161.2951309420151,2200.0,-20.0,14.94858980178833,107.98422336578369,-18.56187839249743
811,8.11,-3.268268150874155,13.448477648467689,2.8757741793731095,145.1242548599549,22.759263211146042,-166.95493660602148,2200.0,-20.0,17.019351720809937,107.97525310516357,-18.645550500156943
812,8.120000000000001,-3.2855075715259456,13.505908383377424,2.875334631033419,140.62600491749333,17.05200007435321,-171.68199141526475,2200.0,-20.0,20.0,107.96628284454346,-18.730493727501564
813,8.13,-3.302601510649937,13.564062169269574,2.8740871144551665,137.04219108185217,10.793632416696454,-175.60786904999065,2200.0,-19.00604009628296,20.0,107.95731258392334,-18.81588593506846
814,8.14,-3.3196025293771414,13.622971312386259,2.872053565635774,134.2667477789332,4.117240344064601,-178.8814400854089,2200.0,-16.47559881210327,20.0,107.94834232330322,-18.900954811112918
815,8.15,-3.3365635116892616,13.68266542081609,2.8692587496133273,132.2090943513268,-2.8720185480595735,178.35042583331358,2200.0,-14.588232040405273,20.0,107.9393720626831,-18.985012277186804
816,8.16,-3.353537475745568,13.743171297204146,2.8657301709152248,130.80569044567014,-10.090624592794887,175.94764426646466,2200.0,-12.047784328460692,20.0,107.93040180206299,-19.067483821443897
817,8.17,-3.370577384481702,13.804512842546783,2.8614979739031488,130.02672872373395,-17.47042303806323,173.77278149228204,2200.0,-7.540947794914245,20.0,107.92143154144287,-19.14793503698774
818,8.18,-3.3877359562438922,13.866710971231324,2.8565948332982516,129.88349712845852,-24.95277305906881,171.68038585221697,2200.0,-0.27381598949432373,20.0,107.91246128082275,-19.226092725596857
819,8.19,-3.4050654760445167,13.929783539171536,2.8510558357671436,130.4415013661288,-32.48267097535711,169.49872965385504,2200.0,7.986037135124207,20.0,107.90349102020264,-19.3018643060507
820,8.2,-3.422617612637633,13.993745279598949,2.8449183465786834,131.84654539295045,-40.00155398177541,166.9986934999618,2200.0,15.667517185211182,20.0,107.89452075958252,-19.375310235201678
821,8.21,-3.440443223049059,14.058607764696886,2.838221888129784,134.3778019507252,-47.43627726701678,163.8364813616849,2200.0,20.0,20.0,107.8855504989624,-19.44670600824826
822,8.22,-3.458592176878813,14.124379362016635,2.8310079889357773,138.556881042585,-54.67802353682296,159.44096046248748,2200.0,20.0,20.0,107.87658023834229,-19.516503150182952
823,8.23,-3.477113175801281,14.191065208383977,2.823320038456948,145.37241336008714,-61.535673430352055,152.78624801079212,2200.0,20.0,20.0,107.86760997772217,-19.58531980688009
824,8.24,-3.496053580766963,14.258667191069769,2.8152031314225945,156.67911135241488,-67.62513571013463,141.99049740419622,2200.0,20.0,20.0,107.85863971710205,-19.65392287423148
825,8.25,-3.5154592438552106,14.327183940917264,2.8067039059858185,175.28309674630648,-72.1374377531221,124.22897423455501,2200.0,20.0,20.0,107.84966945648193,-19.723203602843572
826,8.26,-3.5353743456681155,14.396610836865793,2.7978703763394672,-158.52498664287305,-73.72862318073037,99.19979202235153,2200.0,20.0,20.0,107.84069919586182,-19.794148139415885
827,8.27,-3.5558412387057663,14.466940021828131,2.788751760477002,-133.08714018395185,-71.66861517932293,75.24028568398164,2200.0,20.0,20.0,107.8317289352417,-19.86780381420638
828,8.28,-3.5769002972603094,14.538160430047101,2.779398303700213,-115.46225226346307,-66.9694448601845,59.41075153122253,2200.0,20.0,20.0,107.82275867462158,-19.945242343678363
829,8.290000000000001,-3.598589774364624,14.610257825937502,2.7698610985032537,-104.41777227920436,-60.93988878334049,50.48586312187256,2200.0,20.0,20.0,107.81378841400146,-20.027521168089724
830,8.3,-3.620945666300259,14.68321485430244,2.7601919014883105,-97.21339946427098,-54.3063545803303,45.738310088932245,2200.0,20.0,20.0,107.80481815338135,-20.11564419727804
831,8.31,-3.644001585131545,14.757011101730408,2.750442947980444,-92.14441659735809,-47.41067068724604,43.48226241225304,2200.0,20.0,20.0,107.79584789276123,-20.210523271925265
832,8.32,-3.6677886396988644,14.83162316892923,2.740666765011737,-88.29093933322117,-40.42459723886769,42.822905826475264,2200.0,20.0,20.0,107.78687763214111,-20.312941645290636
833,8.33,-3.692335325475181,14.907024753721846,2.730915983344339,-85.14303320333968,-33.446411857180806,43.28197099054053,2200.0,20.0,20.0,107.777907371521,-20.42352074236705
834,8.34,-3.7176674236632383,14.983186744403561,2.721243149201683,-82.39874104811926,-26.541156962209314,44.59625553133336,2200.0,20.0,20.0,107.76893711090088,-20.542691358750332
835,8.35,-3.743807909883188,15.0600773231337,2.7117005363774593,-79.86515696569934,-19.75846457564702,46.61920253593848,2200.0,20.0,20.0,107.75996685028076,-20.670670324515044
836,8.36,-3.770776872770232,15.137662079004375,2.7023399593915207,-77.40887802225367,-13.141206311531791,49.27174352273654,2200.0,20.0,20.0,107.75099658966064,-20.80744348550634
837,8.370000000000001,-3.798591442769022,15.215904130396307,2.6932125883595854,-74.93008605664511,-6.730116818500266,52.516452806375106,2200.0,20.0,20.0,107.74202632904053,-20.95275565259118
838,8.38,-3.8272657313766234,15.294764256197936,2.68436876623863,-72.3485634109841,-0.5664881227744863,56.34298743157463,2200.0,20.0,20.0,107.73305606842041,-21.106107945759415
839,8.39,-3.8568107810496213,15.37420103543081,2.675857829101996,-69.59630426821228,5.30619569669119,60.75897270453095,2200.0,20.0,20.0,107.7240858078003,-21.266762721923335
840,8.4,-3.8872345259538648,15.454170994792346,2.667727930087622,-66.61432203083777,10.84137255766101,65.78322576978883,2200.0,20.0,20.0,107.71511554718018,-21.433756030505414
841,8.41,-3.9185417636978115,15.534628763596901,2.6600258676495763,-63.35267394017912,15.989260555440639,71.43945114663946,2200.0,20.0,20.0,107.70614528656006,-21.605917297346924
842,8.42,-3.950734138152495,15.615527235567734,2.652796918727394,-59.77337619773596,20.697659783484525,77.74919588367428,2200.0,20.0,20.0,107.69717502593994,-21.781895702996856
843,8.43,-3.9838101334228564,15.696817736906015,2.6460846774296987,-55.855983164523494,24.91402921341285,84.72342033835751,2200.0,20.0,20.0,107.68820476531982,-21.960192503632726
844,8.44,-4.017765078946725,15.7784502000532,2.639930899866465,-51.60512728743817,28.589180616854218,92.35287340745025,2200.0,15.627145767211916,20.0,107.6792345046997,-22.139198990714398
845,8.45,-4.052591165018328,15.860373342555025,2.6343753556696377,-47.05822809994011,31.682712344505685,100.59873926794813,2200.0,-0.8955830335617064,20.0,107.67026424407959,-22.31724232476777
846,8.46,-4.088277464807759,15.942534852444101,2.629455685331269,-42.29012933259928,34.169777860925656,109.38651907202838,2200.0,-15.62680721282959,20.0,107.66129398345947,-22.492637230238856
847,8.47,-4.12480998592075,16.024881562870437,2.625207260368598,-37.41124386452318,36.04774399358595,118.60642315238596,2200.0,-20.0,20.0,107.65232372283936,-22.6636567007333
848,8.48,-4.162171708096441,16.107359671498596,2.62166309061198,-32.557184357176766,37.3412384103271,128.1229095568372,2200.0,-20.0,20.0,107.64335346221924,-22.828668357855015
849,8.49,-4.200342653623708,16.189914923260066,2.618853706078023,-27.870050070371732,38.10350920976831,137.79229521361745,2200.0,-20.0,20.0,107.63438320159912,-22.98617586409173
850,8.5,-4.239299958728864,16.272492810826193,2.6168070539847084,-23.476758823300315,38.41311551700997,147.48307274674514,2200.0,-20.0,20.0,107.625412940979,-23.13482705622717
851,8.51,-4.279017949886342,16.355038765336552,2.615548395219975,-19.471377154794094,38.3666705328854,157.0922319769714,2200.0,-20.0,20.0,107.61644268035889,-23.273451375076146
852,8.52,-4.319468232732479,16.437498349626786,2.6151002121439832,-15.905974278886285,38.06964743170339,166.5531913881077,2200.0,-20.0,20.0,107.60747241973877,-23.401093815945305
853,8.53,-4.360619792734081,16.519817451114953,2.615482127657995,-12.790347641626878,37.62741342590728,175.83506261261985,2200.0,-20.0,20.0,107.59850215911865,-23.517041640544182
854,8.540000000000001,-4.402439106013932,16.60194247356624,2.6167108352481674,-10.097826529223994,37.13793586422157,-175.06384431132895,2200.0,-20.0,20.0,107.58953189849854,-23.620843587387345
855,8.55,-4.444890259206693,16.683820526926343,2.618800039591826,-7.77356425157179,36.686622050917634,-166.12455299616843,2200.0,-20.0,20.0,107.58056163787842,-23.71232114675402
856,8.56,-4.487935077742475,16.76539961460372,2.6217604077161396,-5.742655073361276,36.34305091983594,-157.3152092840662,2200.0,-20.0,20.0,107.5715913772583,-23.791571879620193
857,8.57,-4.531533262055132,16.846628817553885,2.6255995307658098,-3.9168013668762325,36.159072569245176,-148.59678709752885,2200.0,-20.0,20.0,107.56262111663818,-23.85896471427993
858,8.58,-4.575642531302423,16.92745847452243,2.630321896489141,-2.1993166017220998,36.167768015941576,-139.92651651872328,2200.0,-20.0,16.868224143981934,107.55365085601807,-23.91512708101004
859,8.59,-4.6202187744839005,17.0078403576069,2.635928872706744,-0.4888072107642752,36.382910825740844,-131.2595041533044,2200.0,-20.0,3.1791549921035767,107.54468059539795,-23.96092236086837
860,8.6,-4.665216208618096,17.08772784115006,2.6424187033559545,1.3179226079642616,36.79876251685465,-122.54932365217178,2200.0,-20.0,-11.618819236755371,107.53571033477783,-23.997423786916894
861,8.61,-4.710587539249176,17.16707606958936,2.6497865135602163,3.3231507224889905,37.39010187101472,-113.74836207562495,2200.0,-20.0,-20.0,107.52674007415771,-24.025904444257616
862,8.620000000000001,-4.756284132662877,17.24584211912111,2.658024305563154,5.624959609952928,38.11199628813515,-104.80884534508264,2200.0,-20.0,-20.0,107.5177698135376,-24.047788829230093
863,8.63,-4.802256191975591,17.323985147560585,2.667120974917528,8.312384502563066,38.89991298112682,-95.68607921228437,2200.0,-20.0,-20.0,107.50879955291748,-24.064568852617164
864,8.64,-4.848452933069186,17.401466540654567,2.677062348146958,11.458563551329116,39.67086946951254,-86.34422618768896,2200.0,-20.0,-20.0,107.49982929229736,-24.077798597230455
865,8.65,-4.89479535859157,17.478383401722677,2.6876786994926536,15.111244483115264,40.32564978080941,-76.76528419935502,1545.7388916015625,-20.0,-20.0,107.49352645874023,-23.96633670042292
866,8.66,-4.941186435264698,17.555040364980574,2.6985883272981903,19.281338457420333,40.75306475130911,-66.96064165405234,608.1553344726562,-20.0,-20.0,107.49104690551758,-23.812429808634228
867,8.67,-4.987573670681884,17.631760408475728,2.7094366278221496,23.93219416517347,40.837049739730396,-56.982527530389206,0.0,-20.0,-20.0,107.49104690551758,-23.738233328644977
868,8.68,-5.033954753004706,17.708681128225198,2.7200924227948073,28.974107167215447,40.46646710858378,-46.93055674141772,0.0,-20.0,-20.0,107.49104690551758,-23.792351367742228
869,8.69,-5.0803447469977385,17.785809850302297,2.7305634802588488,34.26923920417768,39.546367963480336,-36.94794722461562,0.0,-20.0,-20.0,107.49104690551758,-23.85424580292118
870,8.700000000000001,-5.126757068175683,17.863152338893315,2.740857682692586,39.64958176079147,38.008299818377104,-27.20474807968557,0.0,-20.0,-20.0,107.49104690551758,-23.92481155818415
871,8.71,-5.173205053058176,17.94071359812481,2.7509835407522467,44.94441810818219,35.81663366613418,-17.87163663215093,0.0,-20.0,-20.0,107.49104690551758,-24.004722711714543
872,8.72,-5.21970191146572,18.01849785452528,2.7609501632435247,50.00792094449011,32.96890242227797,-9.093556913857153,0.0,-5.732373595237731,-20.0,107.49104690551758,-24.094416912276213
873,8.73,-5.2662606783832695,18.096508544231202,2.770767227938258,54.737519924301914,29.4905418710565,-0.9725458725862423,0.0,14.40187931060791,-20.0,107.49104690551758,-24.19410300704906
874,8.74,-5.312894173805363,18.17474829139147,2.7804449345934152,59.07907325402662,25.4266444049877,6.436146203952626,0.0,20.0,-20.0,107.49104690551758,-24.303681894514185
875,8.75,-5.3596149501430554,18.253218909947755,2.789993984059334,63.02146371247358,20.833334947506334,13.117336237754262,0.0,20.0,-20.0,107.49104690551758,-24.422845187003386
876,8.76,-5.406435248442804,18.331921393450465,2.7994255334271427,66.58607791441528,15.770656661457942,19.083901419279,0.0,20.0,-20.0,107.49104690551758,-24.551050495125157
877,8.77,-5.453366957032821,18.410855911241608,2.808751157744642,69.81600099119429,10.297799648548612,24.3641005976093,0.0,20.0,-20.0,107.49104690551758,-24.687540819433774
878,8.78,-5.500421569031485,18.490021807234896,2.8179828077465587,72.76771022384814,4.470533530086544,28.990760226418676,0.0,20.0,-20.0,107.49104690551758,-24.831365460430646
879,8.790000000000001,-5.5476101411396055,18.569417602552313,2.8271327676079694,75.50620743417306,-1.659726545999027,32.99287673449691,0.0,20.0,-20.0,107.49104690551758,-24.981412868478248
880,8.8,-5.594943254304765,18.649041000876828,2.836213611379979,78.10357681888293,-8.04572699021507,36.38895486870031,0.0,20.0,-20.0,107.49104690551758,-25.136446118925274
881,8.81,-5.642430976117522,18.72888889665087,2.8452381583501403,80.64084591139584,-14.643391709593716,39.1808247473222,0.0,20.0,-20.0,107.49104690551758,-25.29514123996421
882,8.82,-5.690082825038418,18.80895738612615,2.85421942750747,83.21349456459323,-21.41015260352293,41.34627055394119,0.0,20.0,-20.0,107.49104690551758,-25.456127379862657
883,8.83,-5.73790773675665,18.889241781060377,2.863170591296616,85.94196375921184,-28.30241457913263,42.828110126409086,0.0,20.0,-8.786513209342957,107.49104690551758,-25.618026751101652
884,8.84,-5.785914032755406,18.96973662507646,2.8721049286327673,88.99038231701383,-35.27154255365278,43.51582690722904,0.0,20.0,5.454091429710388,107.49104690551758,-25.779492428280086
885,8.85,-5.834109387980755,19.050435715690917,2.881035778542963,92.60034803144372,-42.256957451510544,43.21249583032518,0.0,20.0,13.641395568847656,107.49104690551758,-25.939262880137807
886,8.86,-5.882500810554619,19.131332119649702,2.889976488419182,97.15382066517576,-49.17315200457345,41.57268538336142,0.0,20.0,18.80377769470215,107.49104690551758,-26.09615158203722
887,8.870000000000001,-5.931094603836749,19.21241821020628,2.898940377959273,103.29218071787618,-55.882846857667495,37.98414485547958,0.0,20.0,20.0,107.49104690551758,-26.249172262505905
888,8.88,-5.97989635995955,19.293685678708734,2.907940678325317,112.12752602627255,-62.13841248516749,31.35714182061483,0.0,20.0,20.0,107.49104690551758,-26.397449257589997
889,8.89,-6.028910930029789,19.37512557368222,2.916990491895987,125.47238387308144,-67.45755592221087,19.895229427452346,0.0,20.0,20.0,107.49104690551758,-26.540305502413997
890,8.9,-6.078142409009514,19.456728330721248,2.926102744808762,145.19329285104803,-70.94122887576232,1.74196277976834,0.0,20.0,20.0,107.49104690551758,-26.67726316973188
891,8.91,-6.127594121283718,19.53848380634351,2.9352901410143604,169.4410699451339,-71.44688154173191,-21.24926455870582,0.0,20.0,20.0,107.49104690551758,-26.808049854746212
892,8.92,-6.177268608879985,19.620381313988847,2.9445651170948928,-169.03380021831828,-68.71630907869579,-41.8307181278696,0.0,20.0,20.0,107.49104690551758,-26.932598217244195
893,8.93,-6.227167622443496,19.70240966198202,2.9539397980400484,-154.20888365301818,-63.720582606505246,-56.03294929532963,0.0,20.0,20.0,107.49104690551758,-27.051038975241223
894,8.94,-6.277292115016771,19.784557193304448,2.9634259541400176,-144.85204107334658,-57.4854374469904,-65.10316930506833,0.0,20.0,20.0,107.49104690551758,-27.163687501684638
895,8.950000000000001,-6.327642238652083,19.86681182702453,2.973034959146232,-138.97531382269335,-50.60558060924239,-71.05230638946352,0.0,20.0,20.0,107.49104690551758,-27.27102452990417
896,8.96,-6.377894552536724,19.949035352808618,2.9825791893402123,-135.2801134463718,-43.38643814277677,-75.21126512232439,1277.758056640625,20.0,20.0,107.48583698272705,-27.59846925717075
897,8.97,-6.4274968441903955,20.03102684974862,2.991703958528565,-133.03363185776487,-35.994059843611716,-78.35632223923363,2200.0,20.0,20.0,107.47686672210693,-27.83071328941913
898,8.98,-6.476225086875189,20.112747617587136,3.000225687268955,-131.82929771884935,-28.5305574975946,-80.95093722921878,2200.0,20.0,20.0,107.46789646148682,-27.87721580412375
899,8.99,-6.524091345855382,20.194252524343863,3.008105715117486,-131.44328361832052,-21.069010763235593,-83.2924196129898,2200.0,20.0,20.0,107.4589262008667,-27.92349089257103
900,9.0,-6.571110686925419,20.275594874676607,3.0153093404757643,-131.75963117010326,-13.670812674562749,-85.59082208781741,2200.0,20.0,20.0,107.44995594024658,-27.970603822852215
901,9.01,-6.617301186201027,20.356828558516742,3.0218042781569867,-132.73176401267963,-6.395693573720421,-88.01216445410414,2200.0,20.0,20.0,107.44098567962646,-28.01958584288738
902,9.02,-6.662683864988061,20.438007859781642,3.0275607751536544,-134.36267350285098,0.6911993439414108,-90.70339998372312,2200.0,20.0,20.0,107.43201541900635,-28.07140033887261
903,9.03,-6.707282614123368,20.519187263712677,3.032551717410687,-136.69435874529827,7.513094659319784,-93.80740595639483,2200.0,20.0,20.0,107.42304515838623,-28.126911747623467
904,9.040000000000001,-6.751124108063243,20.600421263518214,3.0367527272116703,-139.80071338203342,13.975300010005133,-97.47104918574526,2200.0,20.0,20.0,107.41407489776611,-28.186858284440493
905,9.05,-6.794237709034247,20.68176416700329,3.040142250819211,-143.77869293857395,19.95867722108262,-101.84572417728505,2200.0,20.0,20.0,107.405104637146,-28.251829414298236
906,9.06,-6.8366553615992744,20.763269903867123,3.0427016360457504,-148.73136680923045,25.313911600353922,-107.07640757558752,2200.0,20.0,20.0,107.39613437652588,-28.322248829176274
907,9.07,-6.878411478028009,20.84499183434641,3.044415199468073,-154.73495184514402,29.85959450191919,-113.27268096195921,2200.0,20.0,20.0,107.38716411590576,-28.398363503971428
908,9.08,-6.91954281489498,20.92698255987655,3.045270283036787,-161.7845138166457,33.3898807334321,-120.45719064153673,2200.0,20.0,20.0,107.37819385528564,-28.48023919361392
909,9.09,-6.960088341359995,21.009293736434792,3.045257299870921,-169.72769961878276,35.69882725242686,-128.50137770379285,2200.0,20.0,20.0,107.36922359466553,-28.567762511894472
910,9.1,-7.000089099614969,21.091975891218826,3.044369769067274,-178.22458405634112,36.62319523693734,-137.08685878707803,2200.0,20.0,20.0,107.36025333404541,-28.660649505253467
911,9.11,-7.039588058007916,21.175078243302064,3.042604339394081,173.21290873273617,36.09022827852714,-145.74611691141826,2200.0,20.0,20.0,107.3512830734253,-28.758460410187787
912,9.120000000000001,-7.078629957379328,21.258648528892376,3.0399608017788267,165.09344910246978,34.14302446031156,-153.99120960414854,2200.0,20.0,20.0,107.34231281280518,-28.86062006829945
913,9.13,-7.1172611511683,21.342732831805034,3.0364420905404534,157.80513139271028,30.925337561825042,-161.45609821456245,2200.0,20.0,20.0,107.33334255218506,-28.96644327583743
914,9.14,-7.155529439865699,21.427375419742766,3.0320542733567453,151.5498144998977,26.63696850645513,-167.96359729422753,2200.0,20.0,20.0,107.32437229156494,-29.075164171439624
915,9.15,-7.193483900409412,21.512618586956407,3.0268065299981024,146.36676029505423,21.48756444104402,-173.50330400643378,2200.0,20.0,20.0,107.31540203094482,-29.18596862252821
916,9.16,-7.231174711132382,21.598502503838457,3.0207111198992824,142.1970210601606,15.667095359137303,-178.16925392013417,2200.0,20.0,20.0,107.3064317703247,-29.298028462597205
917,9.17,-7.268652972887722,21.6850650739794,3.0137833386807733,138.94301634295286,9.334451862414483,177.8968464030888,2200.0,20.0,20.0,107.29746150970459,-29.41053636198396
918,9.18,-7.305970526986828,21.7723417991922,3.0060414637712682,136.50722578896765,2.617576170529037,174.5402820936,2200.0,20.0,20.0,107.28849124908447,-29.522740086278958
919,9.19,-7.3431797706602095,21.86036565323842,2.997506689563067,134.81294675747975,-4.381282882479774,171.60809419456731,2200.0,20.0,20.0,107.27952098846436,-29.633976040304063
920,9.200000000000001,-7.380333470279323,21.94916696245678,2.9882030514132394,133.8150410725521,-11.578881304517562,168.95063708853286,2200.0,20.0,20.0,107.27055072784424,-29.7436956160122
921,9.21,-7.417484574159344,22.038773298581837,2.978157342418197,133.50765972481446,-18.904243040751705,166.41466566525105,2200.0,20.0,20.0,107.26158046722412,-29.851492500396997
922,9.22,-7.454686023661632,22.129209380850487,2.967399014921859,133.9343039515241,-26.29193255187365,163.8294069854272,2200.0,20.0,20.0,107.252610206604,-29.95712299534679
923,9.23,-7.491990565188788,22.22049698803244,2.9559600759627673,135.2055502729773,-33.67442531733155,160.98371105599165,2200.0,20.0,9.262110590934753,107.24363994598389,-30.060523769137877
924,9.24,-7.529450562501961,22.31265487808628,2.943874974739245,137.5318712799001,-40.97163443485514,157.5883255086479,2200.0,20.0,-8.212479948997498,107.23466968536377,-30.161828536708086
925,9.25,-7.567117800995784,22.405698697606194,2.931180488178085,141.2835688921984,-48.07370564118029,153.21185017712617,2200.0,20.0,-20.0,107.22569942474365,-30.261380953804338
926,9.26,-7.605037016585701,22.499620827334574,2.917927847946168,147.0947205305799,-54.80831861695915,147.17340664081445,2122.193115234375,20.0,-20.0,107.21704626083374,-30.342517946504767
927,9.27,-7.643115769448743,22.59404017997745,2.904375958147922,156.00469980079177,-60.877276383561366,138.3986105880152,698.6088256835938,20.0,-20.0,107.21419763565063,-30.124483849733085
928,9.28,-7.681172414307603,22.688409180485117,2.890850359526151,169.43832220369214,-65.74806993221762,125.43728182991842,0.0,15.197868347167967,-20.0,107.21419763565063,-30.03366664640973
929,9.290000000000001,-7.719126492657265,22.78254504533055,2.87743973271122,-171.84940605893573,-68.58021248333542,107.5171446574423,0.0,4.164530634880066,-20.0,107.21419763565063,-30.079884601355538
930,9.3,-7.756964678543827,22.876447556430218,2.8641307237563987,-150.45620919441942,-68.5650468199977,87.22579530010462,0.0,0.06489455699920654,-20.0,107.21419763565063,-30.124479153788066
931,9.31,-7.794675575440655,22.97011766468321,2.850911144536817,-131.67369102263558,-65.7382684937785,69.85124099974475,0.0,3.691107630729675,-20.0,107.21419763565063,-30.168592344036206
932,9.32,-7.832248236678505,23.063557153023012,2.837768484474934,-117.93585071517181,-60.94766023732413,57.83003458264257,0.0,12.941055297851562,-20.0,107.21419763565063,-30.21341276969675
933,9.33,-7.8696722313418475,23.1567686175172,2.8246899667661074,-108.40849278614405,-55.03486445385417,50.33658003610621,0.0,20.0,-20.0,107.21419763565063,-30.26006846818481
934,9.34,-7.906937634003954,23.249755480136923,2.8116625751073654,-101.65448900740378,-48.524454802889046,45.94850826666127,0.0,20.0,-20.0,107.21419763565063,-30.309718682370395
935,9.35,-7.9440351007380645,23.342521957413428,2.7986731165049425,-96.62459024434645,-41.70799013529339,43.63783298393693,0.0,20.0,-20.0,107.21419763565063,-30.36340393551269
936,9.36,-7.980955883333695,23.435073054614076,2.785708260145843,-92.66075800126781,-34.752018432568484,42.774859440639304,0.0,20.0,-20.0,107.21419763565063,-30.422062988365667
937,9.370000000000001,-8.017691865067905,23.527414545685122,2.772754586929627,-89.35350869837472,-27.75985411648164,42.98633253824775,0.0,20.0,-20.0,107.21419763565063,-30.486488038713993
938,9.38,-8.05423558961803,23.61955295266679,2.759798637497849,-86.43770502951827,-20.802715506857503,44.05224860476322,0.0,20.0,-20.0,107.21419763565063,-30.55729710742732
939,9.39,-8.090580287614152,23.711495522428816,2.7468269603052744,-83.73101638678426,-13.93562531346506,45.84552108960551,0.0,20.0,-20.0,107.21419763565063,-30.63491133005517
940,9.4,-8.12671990077249,23.803250200805433,2.7338261596436824,-81.09869222827491,-7.206043663862801,48.29806049266843,0.0,20.0,-20.0,107.21419763565063,-30.719538105051306
941,9.41,-8.162649103510669,23.894825604227684,2.7207829434627446,-78.43308218258824,-0.6589770046464777,51.38151865595661,0.0,20.0,-20.0,107.21419763565063,-30.81116081336116
942,9.42,-8.198363321957961,23.986230988957693,2.7076841708233634,-75.64150984430377,5.659682315918477,55.0959411957342,0.0,20.0,-20.0,107.21419763565063,-30.909535573594574
943,9.43,-8.233858750286647,24.0774762180364,2.694516898815167,-72.63928085985215,11.700771369147139,59.462444818190555,0.0,20.0,-20.0,107.21419763565063,-31.014195243906613
944,9.44,-8.269132364302784,24.16857172606371,2.681268428770102,-69.34645671540707,17.410110897097653,64.51742560437215,0.0,20.0,-20.0,107.21419763565063,-31.124460633896593
945,9.450000000000001,-8.304181932246234,24.25952848193743,2.6679263516061127,-65.68818801550512,22.727421605416325,70.3063532909853,0.0,20.0,-20.0,107.21419763565063,-31.23945864871991
946,9.46,-8.33900602276071,24.350357949684167,2.654478592138004,-61.59915525070055,27.58623752787261,76.8753685612703,0.0,20.0,-20.0,107.21419763565063,-31.358146857891654
947,9.47,-8.373604010005323,24.44107204752236,2.640913452196561,-57.03292726545749,31.915472362111466,84.25914015856897,0.0,20.0,-20.0,107.21419763565063,-31.4793437686324
948,9.48,-8.407976075889433,24.531683105303536,2.627219652401526,-51.97635106133947,35.64353829389841,92.46441758686204,0.0,20.0,-20.0,107.21419763565063,-31.601763894405632
949,9.49,-8.442123209424299,24.622203820467515,2.613386372443183,-46.466769292963356,38.705813828325915,101.45119577153625,0.0,20.0,-18.813135623931885,107.21419763565063,-31.724056506789374
950,9.5,-8.476047203187687,24.71264721266269,2.5994032897348616,-40.60592859383269,41.05539199839609,111.11743898376606,0.0,20.0,-14.48215961456299,107.21419763565063,-31.844846916174664
951,9.51,-8.509750646892059,24.803026577276185,2.5852606162824974,-34.561099589786544,42.6752204329794,121.2967155850193,0.0,20.0,-10.275938510894775,107.21419763565063,-31.962779214745247
952,9.52,-8.543236918112768,24.89335543803352,2.5709491336286585,-28.545784413602902,43.587696887447265,131.77628309118865,0.0,20.0,-6.000668406486511,107.21419763565063,-32.07655899551054
953,9.53,-8.576510170213414,24.98364749875863,2.5564602257670357,-22.78206765880845,43.857313886920664,142.33351635589509,0.0,20.0,-1.1914224922657013,107.21419763565063,-32.18499451372995
954,9.540000000000001,-8.609575317494905,25.07391659461621,2.5417859099460203,-17.458553844419356,43.58438978743803,152.7767169355655,0.0,20.0,4.338982701301575,107.21419763565063,-32.28703562934694
955,9.55,-8.642438018822116,25.16417664227097,2.5269188642404687,-12.701016102593082,42.89202167529796,162.97318554045358,0.0,20.0,10.888783931732178,107.21419763565063,-32.38180189631418
956,9.56,-8.675104655289388,25.254441590586428,2.511852455436669,-8.564009273637913,41.91104600676636,172.8563685731249,0.0,20.0,18.800468444824215,107.21419763565063,-32.46862149748636
957,9.57,-8.707582308659637,25.34472536973903,2.4965807619624107,-5.039758726676504,40.76727988080758,-177.58414783275757,0.0,20.0,20.0,107.21419763565063,-32.547049141880855
958,9.58,-8.739878736014667,25.435041842672273,2.481098594624986,-2.0749334458654247,39.57293965788702,-168.32028422592612,0.0,20.0,20.0,107.21419763565063,-32.61688292826974
959,9.59,-8.77200234181471,25.525404755295728,2.4654015155564566,0.412624589926416,38.42198529398986,-159.3026811458284,0.0,20.0,20.0,107.21419763565063,-32.67817527069918
960,9.6,-8.803962147972111,25.61582768741325,2.4494858539711495,2.5209795600920164,37.38817303799088,-150.47357709931293,0.0,20.0,20.0,107.21419763565063,-32.731234046864465
961,9.61,-8.835767761684647,25.706324004203733,2.4333487192404393,4.3554889016999745,36.524593573609124,-141.77475415988508,0.0,20.0,20.0,107.21419763565063,-32.77661624997482
962,9.620000000000001,-8.867429341136877,25.796906808462513,2.4169880112122355,6.023490316132792,35.86386082549234,-133.15153285095383,0.0,20.0,20.0,107.21419763565063,-32.815114284935454
963,9.63,-8.899085950473678,25.887482962622904,2.400630472968831,7.630875177603658,35.41844690183872,-124.55421575684674,903.476318359375,20.0,20.0,107.21051359176636,-33.043349257626474
964,9.64,-8.931014408582797,25.977800102184265,2.384788977024808,9.279588921283992,35.18117443880877,-115.93825037341144,2035.5758056640625,20.0,20.0,107.20221376419067,-33.3271614136436
965,9.65,-8.963354604787401,26.067659141914024,2.369789334416206,11.065442039229412,35.12597399447856,-107.26412638321602,2200.0,20.0,20.0,107.19324350357056,-33.411557087528195
966,9.66,-8.996078804830804,26.15699099952095,2.355668973870762,13.075299081502624,35.20868227627477,-98.49791170969839,2200.0,20.0,20.0,107.18427324295044,-33.456152981409495
967,9.67,-9.02913830863637,26.245751843065033,2.342420442471621,15.383195565245831,35.368135301541905,-89.61311741672282,2200.0,20.0,20.0,107.17530298233032,-33.49527032897045
968,9.68,-9.062483583903989,26.333900235856703,2.330033174035837,18.045408542085294,35.5280343445999,-80.59423454578335,2200.0,20.0,20.0,107.1663327217102,-33.53040787547251
969,9.69,-9.09606406365648,26.42139693866295,2.3184935509985083,21.09460693637133,35.59986690776496,-71.44185088383158,2200.0,20.0,20.0,107.15736246109009,-33.56308043397785
970,9.700000000000001,-9.12982832633657,26.508205049528744,2.3077849529131123,24.533881800410978,35.48721912789322,-62.17851769887696,2200.0,20.0,20.0,107.14839220046997,-33.59477332923772
971,9.71,-9.163724278705235,26.594290135222124,2.297887815593016,28.332304539190492,35.091661298760926,-52.85362472538325,2200.0,20.0,20.0,107.13942193984985,-33.62689964664368
972,9.72,-9.19769934301151,26.679620354308447,2.2887796997201018,32.424275996289204,34.31996919698575,-43.54487108808408,2200.0,20.0,20.0,107.13045167922974,-33.66075628318475
973,9.73,-9.231700641950141,26.764166571250787,2.28043537020185,36.714720672987205,33.09178694287502,-34.354193233819885,2200.0,20.0,20.0,107.12148141860962,-33.69748961839037
974,9.74,-9.265675189080525,26.84790245835551,2.2728268872072728,41.09049312444055,31.346295873140868,-25.397594424757532,2200.0,20.0,20.0,107.1125111579895,-33.73806411093982
975,9.75,-9.29957007738757,26.93080458931947,2.2659237052562826,45.43584197217661,29.046371026392716,-16.790949466395364,2200.0,20.0,20.0,107.10354089736938,-33.783237875276534
976,9.76,-9.333332668266559,27.01285252199673,2.2596927819577797,49.647832570241114,26.17929441958079,-8.635846116641158,2200.0,20.0,20.0,107.09457063674927,-33.833545441738
977,9.77,-9.3669107811115,27.094028870124703,2.254098693490309,53.64762258248366,22.75417728809756,-1.009555262323736,2200.0,4.6207088232040405,20.0,107.08560037612915,-33.88927788037449
978,9.78,-9.400252877957008,27.174319362823617,2.249103756190916,57.38566894246947,18.79723654436226,6.03867196323551,2200.0,-20.0,20.0,107.07663011550903,-33.950491602072645
979,9.790000000000001,-9.433308257301226,27.253712936557513,2.244668164488569,60.84129998661944,14.346021502962385,12.485686721856084,2200.0,-20.0,20.0,107.06765985488892,-34.01703121651967
980,9.8,-9.46602724754516,27.332201754699007,2.240750086518334,64.01785427487621,9.444264153528087,18.328589490010227,2200.0,-20.0,20.0,107.0586895942688,-34.08855289975437
981,9.81,-9.498361388440866,27.40978123304261,2.2373058323430404,66.93700414944087,4.138040483913904,23.577299147378177,2200.0,-20.0,20.0,107.04971933364868,-34.164410375342335
982,9.82,-9.53026360135444,27.486450054659585,2.23429000513178,69.6341283113196,-1.52682812912872,28.247302271023422,2200.0,-20.0,20.0,107.04074907302856,-34.24381236739677
983,9.83,-9.561688352154976,27.56221015650035,2.231655676624689,72.15535584060677,-7.506272521819391,32.35305294281052,2200.0,-20.0,20.0,107.03177881240845,-34.3258259770935
984,9.84,-9.592591811782599,27.637066720584713,2.2293545568323103,74.55681389737525,-13.758518267566862,35.9017942196002,2200.0,-20.0,18.20409059524536,107.02280855178833,-34.40940766224136
985,9.85,-9.622932012443522,27.711028157425066,2.2273371669479887,76.90664263428333,-20.243848829663055,38.88699822514316,2200.0,-20.0,11.794577836990356,107.01383829116821,-34.4934401664002
986,9.86,-9.65266899855201,27.784106080028245,2.2255530160111996,79.29076970328576,-26.92364201443297,41.279908984043324,2200.0,-20.0,2.462370842695236,107.0048680305481,-34.57677304172936
987,9.870000000000001,-9.681764972056866,27.856315268696946,2.223950781560207,81.82462796146355,-33.75851032591515,43.0164587832077,2200.0,-20.0,-7.939319014549255,106.99589776992798,-34.65826317184476
988,9.88,-9.710184433199466,27.92767362180192,2.2224784920995333,84.67564789653743,-40.70493208873921,43.97425472093476,2200.0,-20.0,-16.095993518829346,106.98692750930786,-34.736783388265486
989,9.89,-9.737894286002778,27.998202098622365,2.2210837253528526,88.10805340554323,-47.7087975941534,43.92750685614908,2200.0,-20.0,-20.0,106.97795724868774,-34.811336075429715
990,9.9,-9.764863956998765,28.067924620954674,2.2197137880806097,92.5767211966404,-54.691852199593555,42.453297343356844,2200.0,-20.0,-20.0,106.96898698806763,-34.88094621793093
991,9.91,-9.791065476757264,28.136868002393886,2.2183159256165705,98.9369181874574,-61.51974713207635,38.722084260484806,2200.0,-20.0,-20.0,106.96001672744751,-34.94486944241054
992,9.92,-9.81647358744573,28.205061842354404,2.2168375029029415,108.9193903584844,-67.91778467414213,31.02295687757903,2200.0,-20.0,-20.0,106.95104646682739,-35.00250914913346
993,9.93,-9.841065835071232,28.272538427513634,2.2152261927001384,125.94202277009278,-73.24036743059777,15.952189171515267,2200.0,-20.0,-20.0,106.94207620620728,-35.05345285023756
994,9.94,-9.864822652980894,28.339332619378993,2.2134301617084815,153.60251094412507,-76.04610423430002,-10.079348149795694,2200.0,-20.0,-20.0,106.93310594558716,-35.097484807008456
995,9.950000000000001,-9.887727433849868,28.405481730961167,2.21139825498899,-175.5758067897667,-74.76772823957822,-39.592088855941896,2200.0,-20.0,-20.0,106.92413568496704,-35.1345913206575
996,9.96,-9.909766590251683,28.47102539379246,2.209080177958584,-154.5600141220004,-70.12880638122822,-59.621957359923954,2200.0,-20.0,-20.0,106.91516542434692,-35.16495883234459
997,9.97,-9.930929604011807,28.536005416267397,2.206426675277623,-142.72405581186777,-63.83912936613878,-70.80440023336601,2200.0,-20.0,-20.0,106.9061951637268,-35.18896500953238
998,9.98,-9.951209064448978,28.600465634065145,2.2033897059992555,-135.96742627679257,-56.82154945779229,-77.2564358328717,2200.0,-20.0,-20.0,106.89722490310669,-35.20716324424485
999,9.99,-9.970600695518781,28.664451753290102,2.199922614369036,-131.96790556235572,-49.46253563469697,-81.32498694986539,2200.0,-20.0,-20.0,106.88825464248657,-35.22026119539683
1000,10.0,-9.989103371815851,28.72801118691274,2.195980295671392,-129.6094842790012,-41.939629183249195,-84.16043629524088,2200.0,-20.0,-20.0,106.87928438186646,-35.22909419557854
1001,10.01,-10.006719123375882,28.791192885085884,2.1915193565272597,-128.33992439629165,-34.34998195656728,-86.36106041604454,2200.0,-20.0,-20.0,106.87031412124634,-35.23459450215823
1002,10.02,-10.023453129238327,28.854047159930325,2.1864982690612718,-127.87531489906345,-26.758199682786366,-88.2711041468773,2200.0,-20.0,-20.0,106.86134386062622,-35.23775749909371
1003,10.03,-10.039313699771876,28.916625505411123,2.180877518378793,-128.07114335250242,-19.216386560336275,-90.11309899028521,2200.0,-20.0,-20.0,106.8523736000061,-35.23960604696941
1004,10.040000000000001,-10.054312247814522,28.978980412952104,2.1746197428213994,-128.8637312531798,-11.774188433566211,-92.05065970016467,2200.0,-20.0,-20.0,106.84340333938599,-35.2411542331161
1005,10.05,-10.0684632487292,29.041165183456748,2.1676898665011572,-130.242570416811,-4.485178047355219,-94.22114862598131,2200.0,-20.0,-20.0,106.83443307876587,-35.24337179246513
1006,10.06,-10.081784189607863,29.103233736359705,2.1600552235436457,-132.2369814164321,2.5878571333549254,-96.7542991507497,2200.0,-20.0,-20.0,106.82546281814575,-35.24714940704252
1007,10.07,-10.09429550668892,29.165240416817696,2.1516856740431036,-134.90923414961657,9.36753811931291,-99.78324770287122,2200.0,-20.0,-20.0,106.81649255752563,-35.25327327006669
1008,10.08,-10.106020514597722,29.227239800570803,2.14255370980007,-138.34909877147277,15.755947845709713,-103.44964307247018,2200.0,-20.0,-20.0,106.80752229690552,-35.26238718839524
1009,10.09,-10.116985322105577,29.28928649920813,2.132634552978039,-142.66475776824257,21.628343100872012,-107.90106713911145,2200.0,-20.0,-20.0,106.7985520362854,-35.27498485938117
1010,10.1,-10.127218741021288,29.35143496418289,2.121906243086129,-147.96326536292207,26.82801489331714,-113.27569086534692,2200.0,-20.0,-20.0,106.78958177566528,-35.29138620244965
1011,10.11,-10.136752184143512,29.413739291880283,2.1103497148109716,-154.312497458292,31.166040496549748,-119.66704781758268,2200.0,-20.0,-20.0,106.78061151504517,-35.31173000391761
1012,10.120000000000001,-10.145619553956333,29.476253029907806,2.097948865282374,-161.68115254961822,34.432471685058545,-127.06603487810978,2200.0,-20.0,-20.0,106.77164125442505,-35.33597161898758
1013,10.13,-10.153857122330084,29.53902898540638,2.084690610766712,-169.87243557773334,36.42588351451406,-135.29610327394144,2200.0,-20.0,-20.0,106.76267099380493,-35.36388752001569
1014,10.14,-10.161503401637827,29.602119036061726,2.0705649326609965,-178.4977874168991,37.00027663064068,-143.98821737097742,2200.0,-20.0,-14.969308376312258,106.75370073318481,-35.3950864557886
1015,10.15,-10.168599007529645,29.665573944673042,2.0555649121630166,172.95814495979613,36.11105590848357,-152.64693231602288,2200.0,-20.0,-7.068026661872864,106.7447304725647,-35.429026512692886
1016,10.16,-10.175186512940718,29.72944317914219,2.0396867515962454,164.99329158312608,33.83141495934533,-160.79572269648804,2200.0,-20.0,0.11928483843803407,106.73576021194458,-35.55718103129211
1017,10.17,-10.181310291690306,29.79377474052617,2.0229297814750433,157.95612567417203,30.327074027955863,-168.11025054603013,2200.0,-20.0,10.826666355133057,106.72678995132446,-35.69934330331078
1018,10.18,-10.187016358468611,29.858614999352326,2.005296445364116,152.00415548403058,25.80768121319829,-174.46126451578525,2200.0,-20.0,20.0,106.71781969070435,-35.84298276531388
1019,10.19,-10.192352190266766,29.92400853623423,1.986792302961503,147.145075559086,20.48292382747825,-179.87523537997666,2200.0,-20.0,20.0,106.70884943008423,-35.98721610952776
1020,10.200000000000001,-10.19736656778467,29.98999797910298,1.9674260086230737,143.30512146068608,14.537872137796285,175.5315242518876,2200.0,-20.0,20.0,106.69987916946411,-36.131174123109076
1021,10.21,-10.20210940002994,30.056623852434225,1.94720928639477,140.38507641279773,8.1255082670875,171.60536126615943,2200.0,-20.0,20.0,106.690908908844,-36.27401537757447
1022,10.22,-10.206631551492329,30.123924427797128,1.926156893748567,138.2943418495874,1.369104095170275,168.18432939942096,2200.0,-20.0,20.0,106.68193864822388,-36.41496044739872
1023,10.23,-10.210984662581629,30.191935585791917,1.904286569488537,136.96873474591058,-5.631458481058025,165.10854960920804,2200.0,-16.034531593322754,20.0,106.67296838760376,-36.55332190623178
1024,10.24,-10.215220966921944,30.260690687344518,1.8816189700057036,136.380229638431,-12.792401946130173,162.21863896497806,2200.0,-7.913239002227783,20.0,106.66399812698364,-36.68853107323769
1025,10.25,-10.21939310627747,30.3302204551536,1.8581775941094494,136.5451741265552,-20.038681408332188,159.34630237727893,2200.0,1.131885051727295,20.0,106.65502786636353,-36.820159833264626
1026,10.26,-10.223553941785571,30.400552869359768,1.8339886979976558,137.53593114306724,-27.296181783969455,156.29795729300423,2200.0,16.32338047027588,20.0,106.64605760574341,-36.94795363118005
1027,10.27,-10.2277563757235,30.47171306350705,1.8090811891078582,139.50067570388742,-34.48204485082202,152.82967251758072,2200.0,20.0,20.0,106.63708734512329,-37.07176709522504
1028,10.28,-10.232053140364938,30.54372326014585,1.7834865426190003,142.6973383331836,-41.49074528332072,148.60871702077523,2200.0,20.0,20.0,106.62811708450317,-37.19167836924253
1029,10.290000000000001,-10.236496622368115,30.61660269068067,1.7572386758167693,147.54560857046988,-48.17130405767142,143.15751575733563,2200.0,20.0,20.0,106.61914682388306,-37.30794436905929
1030,10.3,-10.241138672342057,30.690367531420065,1.7303738311033023,154.68698174950984,-54.288569265134086,135.7902984888918,2200.0,20.0,20.0,106.61017656326294,-37.4209891069884
1031,10.31,-10.246030423699265,30.76503084249722,1.7029304473729143,164.96977949470875,-59.46384137430974,125.62555568454692,2200.0,20.0,20.0,106.60120630264282,-37.53138946960637
1032,10.32,-10.251222112729605,30.840602518420432,1.6749490240686065,179.0616729520422,-63.12378932823889,111.97165151603176,2200.0,20.0,20.0,106.5922360420227,-37.639858101577765
1033,10.33,-10.25676290198039,30.917089250129305,1.6464719772808254,-163.6961730383818,-64.59848184839755,95.47133704985171,2200.0,20.0,20.0,106.58326578140259,-37.74721958060102
1034,10.34,-10.262700707373599,30.994494499367818,1.6175434886772302,-146.10056601513855,-63.53021423671709,78.91229438227562,2200.0,20.0,20.0,106.57429552078247,-37.85438241019065
1035,10.35,-10.269082029793543,31.072818485367893,1.5882093479041273,-131.15181916452016,-60.21311360763222,65.29209797061834,2200.0,20.0,20.0,106.56532526016235,-37.962307144400576
1036,10.36,-10.275951791723289,31.152058183651782,1.5585167892530096,-119.78787179426716,-55.31580793436263,55.55206775579597,2200.0,20.0,20.0,106.55635499954224,-38.07197182944524
1037,10.370000000000001,-10.283353179483296,31.23220733666342,1.5285143233125658,-111.42318524763147,-49.441246620754114,49.11617801929074,2200.0,20.0,20.0,106.54738473892212,-38.1843358484283
1038,10.38,-10.291327491586157,31.313256475960717,1.498251564277125,-105.17443690025361,-42.99287321874012,45.117039115268014,2200.0,20.0,20.0,106.538414478302,-38.300303380732934
1039,10.39,-10.299913993702368,31.39519295575133,1.4677790535415378,-100.33592562674448,-36.21850975467182,42.87187721190252,2200.0,20.0,20.0,106.52944421768188,-38.42068773027999
1040,10.4,-10.309149780721183,31.478000997594616,1.4371480801935732,-96.41957177206787,-29.27220777057272,41.923422898088056,2200.0,20.0,20.0,106.52047395706177,-38.54617776116054
1041,10.41,-10.319069646379122,31.56166174610524,1.4064104990147783,-93.09506773915359,-22.25537799591959,41.981306903306475,2200.0,20.0,20.0,106.51150369644165,-38.677307614518774
1042,10.42,-10.329705960911276,31.6461533354811,1.3756185466107536,-90.13275580369627,-15.240433061320342,42.86659170523331,2200.0,20.0,20.0,106.50253343582153,-38.814430775982096
1043,10.43,-10.341088557156999,31.7314509666478,1.3448246563042592,-87.36425010378808,-8.284234417352428,44.474507404412265,2200.0,20.0,20.0,106.49356317520142,-38.95769942524687
1044,10.44,-10.353244625523114,31.817526994773267,1.314081272434929,-84.65705093293015,-1.4361069887142082,46.75166563483356,2200.0,20.0,20.0,106.4845929145813,-39.107049833128286
1045,10.450000000000001,-10.366198618176611,31.904351026865015,1.2834406647158314,-81.89809392015357,5.256955159890491,49.68263948494914,2200.0,20.0,20.0,106.47562265396118,-39.262194381193346
1046,10.46,-10.37997216280621,31.991890029122242,1.252954743299604,-78.98278705041152,11.746487179676253,53.28221590484398,2200.0,20.0,20.0,106.46665239334106,-39.4226205700302
1047,10.47,-10.394583986258962,32.080108443677084,1.2226748752058374,-75.80766320530226,17.979405040466233,57.590794291538096,2200.0,20.0,20.0,106.45768213272095,-39.587597160022916
1048,10.48,-10.410049848324244,32.16896831432297,1.1926517027573593,-72.26606010404227,23.895152254030467,62.67089602725518,2200.0,20.0,20.0,106.44871187210083,-39.75618736020351
1049,10.49,-10.426382485903089,32.25842942079402,1.1629349646663405,-68.24746738851535,29.42311716716588,68.60257863887769,2200.0,20.0,20.0,106.43974161148071,-39.92726875323913
1050,10.5,-10.443591567765502,32.34844942112656,1.1335733204018912,-63.64254487759199,34.48073031773536,75.47480026435746,2200.0,20.0,20.0,106.4307713508606,-40.099559425680226
1051,10.51,-10.4616836600623,32.43898400160287,1.1046141784590433,-58.357122326078176,38.97331553067873,83.3688341623888,2200.0,20.0,20.0,106.42180109024048,-40.27164956902011
1052,10.52,-10.480662202721081,32.52998703374777,1.0761035291347776,-52.33853713795008,42.79765233106231,92.33000015760642,2200.0,20.0,20.0,106.41283082962036,-40.44203763586619
1053,10.53,-10.500527496764816,32.62141073786291,1.0480857824549594,-45.613628534596685,45.85183486183303,102.32814539449025,2200.0,15.073952674865723,20.0,106.40386056900024,-40.609170544151176
1054,10.540000000000001,-10.52127670233112,32.7132058525405,1.0206036117255712,-38.3266163795957,48.05304985189062,113.21846893473759,2200.0,3.5660648345947266,20.0,106.39489030838013,-40.77148734223756
1055,10.55,-10.542903847364325,32.805321809610945,0.993697802940039,-30.750788527851014,49.36071543944122,124.72862653173077,2200.0,-7.265698313713073,20.0,106.38592004776001,-40.92639366286941
1056,10.56,-10.565399854952325,32.89770690785361,0.9674071108255375,-23.248124896083905,49.79605084536983,136.49780748385768,2200.0,-16.970927715301514,20.0,106.37694978713989,-41.0699156156251
1057,10.57,-10.588752577270553,32.99030853413777,0.9417681566194462,-16.182606249705703,49.44668575552376,148.1624694855449,2200.0,-20.0,20.0,106.36797952651978,-41.20422839743501
1058,10.58,-10.612946871732214,33.083073295386875,0.9168152854910246,-9.831346061957463,48.45220152686172,159.44393417691143,2200.0,-20.0,20.0,106.35900926589966,-41.3279616376093
1059,10.59,-10.637964613020046,33.1759472789403,0.892580474251686,-4.340756350711595,46.977956812846706,170.19147025945648,2200.0,-20.0,20.0,106.35003900527954,-41.44018503339359
1060,10.6,-10.663784772366455,33.268876203963046,0.8690932000227813,0.2648278975991532,45.189750749987084,-179.62780635851016,2200.0,-20.0,20.0,106.34106874465942,-41.54011337157278
1061,10.61,-10.690383472460796,33.36180561529118,0.8463803269456152,4.04615582952326,43.236969231690786,-169.9672141022057,2200.0,-20.0,20.0,106.3320984840393,-41.62719747064376
1062,10.620000000000001,-10.7177340705588,33.45468107441724,0.824466008716074,7.110410615060537,41.244824423269186,-160.74022215132183,2200.0,-20.0,20.0,106.32312822341919,-41.70114452973763
1063,10.63,-10.745807253854906,33.54744835058092,0.8033716029250385,9.583465017430974,39.31265223915318,-151.84893509405572,2200.0,-20.0,20.0,106.31415796279907,-41.76192850462629
1064,10.64,-10.774571144931054,33.64005361113418,0.7831155960525319,11.594019600299127,37.515064673487565,-143.2002407168155,2200.0,-20.0,20.0,106.30518770217896,-41.80979275866839
1065,10.65,-10.80399141591887,33.73244361024176,0.7637135384830551,13.266093802552396,35.90391035944207,-134.71303125328006,2200.0,-20.0,20.0,106.29621744155884,-41.84524405581069
1066,10.66,-10.834031410938707,33.82456587546196,0.7451779895962549,14.716116962663364,34.510102714101066,-126.32017727645268,2200.0,-20.0,20.0,106.28724718093872,-41.8690392712745
1067,10.67,-10.864652276505675,33.91636889156384,0.7275184731415811,16.051985836470696,33.34506278260211,-117.96789870394616,2200.0,-20.0,17.68385648727417,106.2782769203186,-41.88216492019632
1068,10.68,-10.895813099593493,34.00780228088404,0.710741443097331,17.372562096171677,32.40186447367068,-109.61417658921047,2200.0,-20.0,8.78359854221344,106.26930665969849,-41.885809836754646
1069,10.69,-10.927471052600286,34.09881697973304,0.6948502601011203,18.766848248241445,31.65630433991701,-101.22718219064164,2200.0,-20.0,-1.3437457382678986,106.26033639907837,-41.88133410806171
1070,10.700000000000001,-10.959581543602805,34.18936540994265,0.6798451749692658,20.312521820614464,31.068166317820484,-92.78430968192073,2200.0,-20.0,-13.039367198944092,106.25136613845825,-41.87023967844292
1071,10.71,-10.992098368534945,34.279401664060586,0.6657233109718533,22.073772202751908,30.582759466831117,-84.27205055520977,2200.0,-20.0,-20.0,106.24239587783813,-41.85413686261184
1072,10.72,-11.024973875516647,34.36888164996058,0.6524786517803649,24.098328703230013,30.13271794186781,-75.68725094378235,2200.0,-20.0,-20.0,106.23342561721802,-41.8346771055852
1073,10.73,-11.058159138993052,34.45776325470181,0.6401020711185089,26.414294871911284,29.64086695279144,-67.03915563793677,2200.0,-20.0,-20.0,106.2244553565979,-41.81349849551782
1074,10.74,-11.091544661712373,34.54617338884906,0.6283659149026585,29.027232170016546,29.0239406874423,-58.35174700056223,1307.3538818359375,-19.98059749603271,-20.0,106.21912479400635,-41.64511863873654
1075,10.75,-11.12498623289752,34.63441715359828,0.6168423735898119,31.91861619284568,28.197314005036063,-49.66535831720128,456.71435546875,-13.94742488861084,-20.0,106.21726274490356,-41.51994851954138
1076,10.76,-11.15840947943152,34.72274835305204,0.6052205575489539,35.04674335221199,27.0804166756871,-41.03645565522687,0.0,-6.187310814857483,-20.0,106.21726274490356,-41.497281638367
1077,10.77,-11.191804583962657,34.81126625556122,0.5933979342165456,38.35045421582048,25.602006564883364,-32.53489301549943,0.0,5.118194222450256,-20.0,106.21726274490356,-41.57423478133275
1078,10.78,-11.225185948697657,34.899979149725326,0.581380784000028,41.755662946892016,23.70463290909478,-24.23849422945115,0.0,19.52735662460327,-20.0,106.21726274490356,-41.66022972385449
1079,10.790000000000001,-11.258566814910782,34.98889395047877,0.5691757909701274,45.18380742971942,21.347736058165523,-16.225841185040355,0.0,20.0,-20.0,106.21726274490356,-41.75595193208801
1080,10.8,-11.29196046013216,35.07801682619158,0.5567902635034689,48.56065058644791,18.508897748755842,-8.568770201708906,0.0,20.0,-20.0,106.21726274490356,-41.86157201662829
1081,10.81,-11.325380089118683,35.167353240114885,0.5442321744009324,51.82362352807621,15.182847523197118,-1.3261325339567982,0.0,20.0,-20.0,106.21726274490356,-41.97722461265171
1082,10.82,-11.35883882382708,35.25690789631194,0.5315100964616265,54.926331226347145,11.378988334068683,5.459523815580008,0.0,20.0,-20.0,106.21726274490356,-42.102732867049966
1083,10.83,-11.392349649163135,35.34668472956029,0.518633179183023,57.840052950187584,7.118052114100827,11.762246873454412,0.0,20.0,-20.0,106.21726274490356,-42.2376704273446
1084,10.84,-11.425925366983488,35.43668689173502,0.5056111167054604,60.55288282320898,2.428566455059491,17.57052653288837,0.0,20.0,-20.0,106.21726274490356,-42.381377376248736
1085,10.85,-11.459578550966507,35.526916740878214,0.4924541138206127,63.06755344059765,-2.656326359644533,22.88359473515468,0.0,20.0,-20.0,106.21726274490356,-42.53298209805319
1086,10.86,-11.493321502323065,35.617375832927294,0.4791728500489267,65.39899841099388,-8.10140144209297,27.70700966743299,0.0,20.0,-20.0,106.21726274490356,-42.691428440268446
1087,10.870000000000001,-11.527166206516025,35.70806491629853,0.4657784421263334,67.57251405797375,-13.871147166560544,32.04800715509107,0.0,20.0,-20.0,106.21726274490356,-42.855508146709994
1088,10.88,-11.561124291058745,35.79898392923874,0.45228240484839194,69.62320650876099,-19.930864118084553,35.91064320604882,0.0,20.0,-20.0,106.21726274490356,-43.02389708479388
1089,10.89,-11.595206984573503,35.89013200003967,0.4386966105236818,71.5974467279774,-26.247149992454155,39.29021958090626,0.0,20.0,-20.0,106.21726274490356,-43.19519446579092
1090,10.9,-11.629425077253886,35.981507450104864,0.4250332471680011,73.5575088765416,-32.787821305041824,42.165731865980845,0.0,20.0,-20.0,106.21726274490356,-43.367963766284916
1091,10.91,-11.663788882926108,36.07310779980969,0.41130477557180195,75.59186705833751,-39.52120736301192,44.487644667397646,0.0,20.0,-14.912180900573729,106.21726274490356,-43.54077375681774
1092,10.92,-11.698308202979513,36.16492977700709,0.39752388529712973,77.83697963259416,-46.414477661875125,46.1549144400507,0.0,20.0,-2.3346151411533356,106.21726274490356,-43.7122373380434
1093,10.93,-11.732992291894814,36.256969328427914,0.38370344934379014,80.52558394176121,-53.429963973684664,46.96601249804355,0.0,20.0,6.446235775947571,106.21726274490356,-43.881047534297316
1094,10.94,-11.767849822165886,36.34922163641643,0.3698564815570965,84.10491209057483,-60.5163386928652,46.50035819635513,0.0,20.0,11.439995765686035,106.21726274490356,-44.046032956852684
1095,10.950000000000001,-11.80288885640841,36.44168113332628,0.35599608862113924,89.57087864711676,-67.58334260750429,43.783954964140975,0.0,20.0,14.949001073837278,106.21726274490356,-44.20616898572523
1096,10.96,-11.838116820440565,36.53434151993973,0.34213542302325833,99.60443751855458,-74.40993307252369,36.15293835379517,0.0,20.0,19.24619197845459,106.21726274490356,-44.36059352305786
1097,10.97,-11.873540474330973,36.62719578992509,0.3282876379829358,122.87989194780992,-80.20351251067078,14.94518623799472,0.0,20.0,20.0,106.21726274490356,-44.5086428435404
1098,10.98,-11.909165889267836,36.7202362540774,0.314465841207879,172.7936559772466,-81.91285909686673,-33.22857809335801,0.0,20.0,20.0,106.21726274490356,-44.64986133382296
1099,10.99,-11.944998426296655,36.813454567274064,0.30068304851179334,-149.8999141760976,-77.56695073984909,-69.12085565749425,0.0,20.0,20.0,106.21726274490356,-44.784006214803185
1100,11.0,-11.981042717463422,36.906841757854245,0.2869521380070043,-135.14919750472666,-70.87260222406748,-82.78708140049059,0.0,20.0,20.0,106.21726274490356,-44.91104633551945
1101,11.01,-12.017302649521223,37.000388259192064,0.2732858047790469,-128.50554781947514,-63.529819816625924,-88.68596969867879,0.0,20.0,20.0,106.21726274490356,-45.03115413441708
1102,11.02,-12.053781350251784,37.09408394336912,0.25969651618351497,-125.07074949250936,-55.948671576944584,-91.73290027826893,0.0,20.0,20.0,106.21726274490356,-45.14469113844252
1103,11.03,-12.090244402154815,37.18777736847124,0.2460959135796913,-123.23264059284901,-48.265839393641066,-93.56554373602091,938.4191284179688,20.0,20.0,106.21343660354614,-45.42357522884438
1104,11.040000000000001,-12.126136193580434,37.281153335413386,0.2322326305186514,-122.35125917800251,-40.546753202817875,-94.85933866273277,2200.0,20.0,20.0,106.20446634292603,-45.74408966698876
1105,11.05,-12.161135635560012,37.3740675063996,0.21792573956591255,-122.13873013239053,-32.83426286158027,-95.94958699176209,2200.0,20.0,20.0,106.19549608230591,-45.81147443725502
1106,11.06,-12.19524213744307,37.46657053947189,0.203128288184482,-122.46059224636967,-25.164377531378975,-97.03291295923796,2200.0,20.0,20.0,106.18652582168579,-45.73389854021317
1107,11.07,-12.226138398681083,37.55718157050992,0.19260099497791164,-133.1061930879787,-47.05823380305923,-75.81756067472543,2200.0,20.0,20.0,106.17755556106567,-52.464189193698246
1108,11.08,-12.252915557600858,37.64557158680001,0.18829120781430425,161.48668507807452,-64.40357885507484,1.6295960724974834,2200.0,20.0,20.0,106.16858530044556,-52.098834925229205
1109,11.09,-12.278536747996204,37.73361369989981,0.18423982242871728,114.82858440892684,-34.99420995419478,57.81080842291087,2200.0,20.0,20.0,106.15961503982544,-51.76279761607431
1110,11.1,-12.303684487035287,37.82161823075174,0.17919600886650117,106.14551449032743,5.931116239247485,75.7389050918822,2200.0,20.0,20.0,106.15064477920532,-51.65701123046265
1111,11.11,-12.328080130895614,37.909413251248324,0.17377843291332012,108.32263015915488,48.619957395053575,89.2916956822946,2200.0,20.0,20.0,106.1416745185852,-51.604886101640794
1112,11.120000000000001,-12.344392660401331,37.98938454132474,0.18380664913179687,151.69751890209224,78.588862633795,139.12489342776976,2200.0,20.0,20.0,106.13270425796509,-48.11256104416221
1113,11.13,-12.363645700531077,38.07322731389999,0.18505225604635062,-122.93017284072432,69.70810188776568,-130.3700731977813,2200.0,20.0,20.0,106.12373399734497,-98.43438998017481
